accident_severity,vehicle_reference,vehicle_type,towing_and_articulation,vehicle_manoeuvre,vehicle_location-restricted_lane,junction_location,skidding_and_overturning,hit_object_in_carriageway,vehicle_leaving_carriageway,hit_object_off_carriageway,1st_point_of_impact,was_vehicle_left_hand_drive?,journey_purpose_of_driver,sex_of_driver,age_of_driver,age_band_of_driver,engine_capacity_(cc),propulsion_code,age_of_vehicle,driver_home_area_type,NUmber_of_Casualities_unique_to_accident_index,No_of_Vehicles_involved_unique_to_accident_index,location_easting_osgr,location_northing_osgr,police_force,number_of_vehicles,number_of_casualties,day_of_week,local_authority_(district),1st_road_class,1st_road_number,road_type,speed_limit,junction_detail,junction_control,2nd_road_class,2nd_road_number,pedestrian_crossing-human_control,pedestrian_crossing-physical_facilities,light_conditions,weather_conditions,road_surface_conditions,special_conditions_at_site,carriageway_hazards,urban_or_rural_area,did_police_officer_attend_scene_of_accident,casualty_reference,casualty_class,sex_of_casualty,age_of_casualty,age_band_of_casualty,casualty_severity,pedestrian_location,pedestrian_movement,car_passenger,bus_or_coach_passenger,pedestrian_road_maintenance_worker,casualty_type,casualty_home_area_type,casualty_imd_decile
3,3,9,0,18,0,0,0,0,0,0,2,1,6,2,33,6,1398,1,8,1,3,4,261441,671165,97,4,3,4,920,3,803,6,30,0,4,6,0,0,0,1,1,1,0,0,1,1,2,1,2,33,6,3,0,0,0,0,0,9,1,5
3,1,9,0,16,0,0,1,0,1,0,1,1,2,2,31,6,1586,1,8,2,1,1,534621,154903,45,1,1,4,516,3,22,3,50,0,4,6,0,0,0,1,2,2,0,0,2,1,1,1,2,31,6,3,0,0,0,0,0,9,2,4
3,1,9,0,4,0,8,0,0,0,0,2,1,6,1,60,9,2231,2,2,1,3,2,547040,168480,1,2,3,1,19,3,224,6,30,6,2,5,0,0,5,1,1,1,0,0,1,1,3,2,2,42,7,3,0,0,1,0,0,9,1,9
2,3,9,0,16,0,0,0,0,0,0,1,1,2,2,27,6,1248,1,5,2,2,3,456095,409384,14,3,2,2,211,3,19,6,60,0,4,6,0,0,0,1,1,2,0,0,2,1,1,1,1,33,6,3,0,0,0,0,0,9,1,5
3,2,5,0,18,0,1,0,0,0,0,4,1,6,1,58,9,899,1,16,1,1,2,535380,193910,1,2,1,4,32,4,137,6,30,3,4,5,0,0,0,4,1,1,0,0,1,1,1,1,1,58,9,3,0,0,0,0,0,5,1,3
3,1,9,0,3,0,0,0,0,0,0,2,1,6,2,28,6,1968,2,11,1,2,2,437476,387138,14,2,2,4,215,6,0,6,20,0,4,6,0,0,0,5,1,1,0,0,1,2,2,2,2,5,1,3,0,0,2,0,0,9,1,2
3,1,9,0,8,0,1,0,0,0,0,2,1,2,2,49,8,1149,1,7,1,1,2,429788,411815,14,2,1,6,210,1,1,7,70,1,4,3,637,0,0,1,1,1,0,0,2,2,1,1,2,49,8,3,0,0,0,0,0,9,1,5
3,1,9,0,9,0,8,0,0,0,0,3,1,6,2,72,10,1769,1,11,1,1,2,527830,184540,1,2,1,3,2,6,0,6,30,6,4,6,0,0,0,1,1,1,0,0,1,2,1,1,2,72,10,3,0,0,0,0,0,9,1,6
3,2,9,0,4,0,1,0,0,0,0,2,1,6,1,21,5,1560,2,5,2,1,2,305063,666708,95,2,1,1,940,6,0,3,30,1,4,6,0,0,1,1,4,1,0,0,1,1,1,1,1,33,6,3,0,0,0,0,0,9,1,5
3,2,9,0,9,0,8,0,0,0,0,3,1,6,1,37,7,998,1,6,1,1,2,541050,168180,1,2,1,3,19,3,21,6,30,6,2,4,265,0,5,1,1,1,0,0,1,1,1,1,1,33,6,3,0,0,0,0,0,9,1,5
3,1,4,0,18,0,0,0,0,3,10,1,1,6,1,28,6,499,1,18,1,1,2,408799,288817,20,2,1,1,300,6,0,1,40,0,4,6,0,0,0,4,1,1,0,0,1,1,1,1,1,28,6,3,0,0,0,0,0,4,1,1
2,2,9,0,2,0,1,0,0,0,0,1,1,6,3,38,7,1896,2,10,1,1,2,407577,95107,55,2,1,6,640,6,0,6,30,6,4,6,0,0,0,1,1,1,0,0,1,1,1,1,1,33,6,3,0,0,0,0,0,9,1,5
3,1,9,0,7,0,8,0,4,3,1,1,1,6,1,53,8,1951,2,14,1,3,5,457254,402872,14,5,3,7,211,6,0,2,30,3,4,6,0,0,0,1,1,1,0,0,1,1,1,1,1,53,8,3,0,0,0,0,0,9,1,1
3,1,9,0,5,0,8,0,0,0,0,1,1,6,2,45,7,1598,1,13,1,4,2,413900,435356,13,2,4,4,200,6,0,6,30,3,4,6,0,0,0,1,1,1,0,0,1,1,1,1,2,45,7,3,0,0,0,0,0,9,1,2
3,2,19,0,11,0,0,0,0,0,0,4,1,6,1,38,7,1598,7,13,1,1,2,536470,184890,1,2,1,5,4,3,12,3,50,0,4,6,0,0,0,4,1,1,0,0,1,2,1,1,1,33,6,3,0,0,0,0,0,9,1,5
3,1,9,0,9,0,5,0,0,0,0,1,1,6,1,18,4,999,1,13,1,1,2,455135,360420,31,2,1,7,344,3,6191,6,30,3,4,6,0,0,8,1,1,1,0,0,1,2,1,1,1,33,6,3,0,0,0,0,0,9,1,5
3,1,9,0,18,0,8,0,0,0,0,1,1,6,2,48,8,1242,1,16,1,1,2,526320,171820,1,2,1,5,10,4,235,1,30,1,4,5,0,0,0,1,1,1,0,0,1,1,1,1,1,33,6,3,0,0,0,0,0,9,1,5
3,1,11,0,7,0,8,0,0,0,0,4,1,1,1,31,6,9360,2,2,1,4,1,523650,183120,1,1,4,4,28,5,0,6,30,6,4,6,0,0,4,4,1,1,0,2,1,1,2,2,2,22,5,3,0,0,0,4,0,11,1,3
3,1,9,0,9,0,6,0,0,0,0,1,1,1,2,56,9,1248,1,8,1,2,2,391668,332260,21,2,2,4,255,3,51,6,60,3,4,6,166,0,0,1,2,2,0,0,1,2,1,1,2,56,9,3,0,0,0,0,0,9,1,7
3,1,9,0,16,0,0,0,4,0,0,3,1,6,2,93,11,1560,2,7,2,2,3,345700,478890,3,3,2,6,65,4,5282,6,30,0,4,6,0,0,0,1,1,1,0,0,2,1,1,1,2,93,11,3,0,0,0,0,0,9,2,10
3,1,9,0,5,9,2,0,0,0,0,1,1,6,1,85,11,1242,1,4,1,1,2,561285,99015,47,2,1,2,551,6,0,2,30,3,4,6,0,0,0,1,1,1,0,0,1,1,1,1,1,33,6,3,0,0,0,0,0,9,1,5
3,1,5,0,18,0,0,1,0,0,0,1,1,6,1,59,9,1598,1,8,1,1,2,312490,300490,63,2,1,7,753,6,0,6,60,0,4,6,0,0,0,1,2,2,7,0,2,1,1,1,1,59,9,3,0,0,0,0,0,5,1,5
3,3,19,0,3,0,0,0,0,0,0,2,1,2,1,49,8,1998,2,14,1,2,3,508852,160201,45,3,2,6,510,3,3,3,70,0,4,6,0,0,0,1,1,1,0,0,2,1,1,1,1,33,6,3,0,0,0,0,0,9,1,5
3,2,9,0,4,0,8,0,0,0,0,2,1,6,1,50,8,1968,2,6,1,3,3,547510,167970,1,3,3,5,19,4,258,6,30,3,4,6,0,0,0,1,1,1,0,0,1,1,3,2,1,16,4,3,0,0,2,0,0,9,1,1
3,1,9,0,4,0,1,0,0,0,0,1,1,6,1,38,7,1364,2,6,1,2,3,411470,286930,20,3,2,7,300,4,4128,3,30,1,4,6,0,0,0,1,1,1,0,0,1,2,1,1,1,33,6,3,0,0,0,0,0,9,1,5
2,2,90,0,18,0,0,0,0,0,0,1,1,6,3,38,7,1598,1,8,1,2,2,409524,295505,20,2,2,2,300,6,0,6,40,0,4,6,0,0,0,4,1,1,0,0,1,1,1,1,1,33,6,3,0,0,0,0,0,9,1,5
3,1,9,0,5,0,0,0,4,0,0,1,1,6,1,79,11,2496,1,10,1,1,2,422342,433468,13,2,1,2,204,6,0,6,30,0,4,6,0,0,0,4,1,1,0,0,1,1,1,1,1,33,6,3,0,0,0,0,0,9,1,5
2,2,1,0,18,0,0,0,4,0,0,1,1,6,1,72,10,1598,1,8,1,1,2,408553,93508,55,2,1,1,640,6,0,6,30,0,4,6,0,0,0,1,1,1,0,0,1,1,1,1,1,72,10,2,0,0,0,0,0,1,1,6
3,1,9,0,18,0,8,0,0,0,0,1,1,6,1,81,11,1589,1,16,1,1,2,484999,150354,44,2,1,2,499,3,325,6,40,3,2,6,0,0,0,1,1,1,0,0,2,1,1,1,1,33,6,3,0,0,0,0,0,9,1,5
3,1,9,0,18,0,0,5,0,2,0,1,1,6,1,19,4,1587,1,13,1,1,1,359720,310540,22,1,1,6,284,3,5,3,70,0,4,6,0,0,0,1,1,1,0,0,2,1,1,1,1,19,4,3,0,0,0,0,0,9,1,4
3,1,9,0,18,0,0,0,0,0,0,1,1,6,2,27,6,1248,2,11,1,1,2,435450,333830,30,2,1,5,323,6,0,6,30,0,4,6,0,0,0,1,1,1,0,0,1,2,1,1,2,27,6,3,0,0,0,0,0,9,1,5
3,2,9,0,18,0,0,0,0,0,0,1,1,6,2,28,6,1124,1,13,1,1,2,525678,152572,45,2,1,6,513,1,25,3,30,0,4,6,0,0,0,1,2,2,0,0,2,1,1,1,2,28,6,3,0,0,0,0,0,9,1,5
3,1,8,0,18,0,0,0,0,0,0,1,1,1,1,50,8,2499,2,6,1,1,1,529540,182510,1,1,1,4,2,5,0,6,30,0,4,6,0,0,5,1,2,2,0,0,1,1,1,3,1,27,6,3,4,4,0,0,2,0,1,4
3,1,9,0,17,0,0,0,0,0,0,3,1,6,1,38,7,1598,1,8,1,1,2,424612,573616,10,2,1,4,148,4,1321,6,40,0,4,6,0,0,0,1,1,1,0,0,2,1,1,1,1,38,7,3,0,0,0,0,0,9,1,3
3,3,8,0,3,0,1,0,0,0,0,3,1,1,1,30,6,1910,2,8,1,2,3,485678,238839,43,3,2,3,479,6,9097,3,30,6,2,6,8206,0,0,4,1,1,0,0,1,1,2,1,1,30,6,3,0,0,0,0,0,8,1,4
3,1,9,0,18,0,0,0,0,0,0,1,1,2,2,42,7,1461,2,3,1,1,3,444732,523150,17,3,1,6,245,3,19,3,70,0,4,6,0,0,0,1,1,1,0,0,2,1,1,1,2,42,7,3,0,0,0,0,0,9,1,5
2,1,9,0,18,0,8,0,0,0,0,1,1,6,2,24,5,3200,2,10,1,1,2,539590,170770,1,2,1,6,19,6,0,6,30,6,4,6,0,0,0,1,1,1,0,0,1,1,1,1,1,33,6,3,0,0,0,0,0,9,1,5
3,2,11,0,7,0,1,0,0,0,0,0,1,1,1,66,10,9000,2,16,1,1,2,601848,224261,42,2,1,1,455,6,0,1,30,1,4,6,0,0,0,1,1,1,0,0,1,1,1,1,1,33,6,3,0,0,0,0,0,9,1,5
3,2,10,0,18,0,0,0,0,0,0,3,1,1,2,58,9,2198,2,3,2,2,2,530871,152682,45,2,2,6,516,1,23,3,70,0,4,6,0,0,0,6,2,2,0,0,2,1,2,1,2,58,9,3,0,0,0,0,0,10,2,6
3,3,9,0,18,0,0,0,0,0,0,2,1,1,2,23,5,1598,1,8,1,1,3,486660,207597,43,3,1,4,476,3,413,6,60,0,4,6,0,0,0,1,1,1,0,0,2,1,1,1,1,33,6,3,0,0,0,0,0,9,1,5
3,1,8,0,18,0,0,0,0,0,0,4,1,6,3,38,7,1598,1,8,1,1,1,437740,373660,30,1,1,7,322,6,0,6,30,0,4,6,0,0,0,1,9,1,0,0,1,2,1,3,2,41,7,3,9,5,0,0,0,0,1,2
3,1,9,0,13,0,0,1,7,1,0,1,1,6,1,46,8,1896,2,13,1,1,5,533738,202593,41,5,1,2,430,4,156,6,30,0,4,6,0,0,0,4,1,1,0,0,1,1,1,1,1,46,8,3,0,0,0,0,0,9,1,4
3,2,9,0,18,0,8,0,0,0,0,4,1,6,1,45,7,1689,2,11,1,1,2,543190,182730,1,2,1,3,17,6,0,6,30,6,4,6,0,0,0,1,1,1,0,0,1,1,1,1,1,45,7,3,0,0,0,0,0,9,1,1
2,1,9,0,9,0,8,0,0,0,0,1,1,2,1,59,9,1598,1,8,1,1,2,475553,261073,34,2,1,4,384,6,8374,6,30,3,4,6,8467,0,0,1,1,1,0,0,1,1,1,1,1,33,6,3,0,0,0,0,0,9,1,5
3,3,9,0,4,0,1,0,0,0,0,2,1,6,1,42,7,1595,1,13,2,3,3,393170,267210,22,3,3,7,277,3,38,6,40,1,4,6,0,0,0,1,1,1,0,0,2,2,1,1,1,33,6,3,0,0,0,0,0,9,1,5
3,1,1,0,16,0,8,0,0,0,0,1,1,2,1,33,6,1598,1,8,1,1,2,538980,184260,1,2,1,2,17,3,112,6,30,6,2,3,112,0,5,1,1,1,0,0,1,2,1,1,1,33,6,3,0,0,0,0,0,1,1,3
3,2,9,0,18,0,0,0,0,0,0,1,1,6,2,50,8,1598,1,8,1,2,2,479712,262617,34,2,2,4,384,6,8026,6,30,0,4,6,0,0,0,1,1,1,0,0,1,1,1,2,2,24,5,3,0,0,1,0,0,9,1,5
3,2,9,0,18,0,8,0,0,0,0,3,1,6,2,58,9,1360,1,11,1,1,2,464886,106040,44,2,1,4,498,6,0,6,20,6,4,6,0,0,0,1,1,1,0,0,1,1,1,1,1,33,6,3,0,0,0,0,0,9,1,5
3,2,9,0,18,0,8,0,0,0,0,1,1,6,3,38,7,1598,1,8,1,1,2,527980,183820,1,2,1,5,2,5,0,6,30,3,4,6,0,0,0,1,1,1,0,0,1,1,1,1,1,33,6,3,0,0,0,0,0,9,1,5
2,1,9,0,17,0,0,0,0,7,4,1,1,6,1,76,11,1591,1,1,1,1,1,414441,97518,55,1,1,5,641,5,137,6,60,0,4,6,0,0,0,1,1,2,0,0,2,1,1,2,2,79,11,2,0,0,1,0,0,9,1,10
2,2,9,0,18,0,1,0,0,1,0,3,1,6,1,51,8,1598,1,8,1,1,2,274116,194880,62,2,1,7,745,6,0,6,30,6,4,6,0,0,0,4,1,2,0,0,1,1,3,2,2,47,8,2,0,0,1,0,0,9,1,5
3,2,11,0,13,0,0,0,0,0,0,4,1,1,3,38,7,1598,1,8,1,1,2,538700,177850,1,2,1,7,6,3,206,6,30,0,4,6,0,0,0,1,1,1,0,0,1,1,1,1,1,33,6,3,0,0,0,0,0,9,1,5
2,2,1,0,18,0,8,1,0,0,0,3,1,6,2,23,5,1598,1,8,2,1,2,340760,366733,7,2,1,5,130,3,5268,1,30,1,2,3,56,0,4,4,1,2,1,0,1,1,1,1,2,23,5,2,0,0,0,0,0,1,2,9
3,1,9,0,17,0,8,0,0,0,0,4,1,6,2,43,7,1339,1,4,1,1,2,521140,193190,1,2,1,5,30,3,5109,6,30,3,4,6,0,0,0,1,1,1,0,0,1,1,1,1,2,43,7,3,0,0,0,0,0,9,1,5
3,2,1,0,4,0,1,1,0,0,0,1,1,1,1,24,5,1598,1,8,3,1,2,256868,668784,97,2,1,5,926,3,81,6,30,3,3,6,0,0,0,1,1,2,0,0,1,1,1,1,1,24,5,3,0,0,0,0,0,1,3,5
3,1,9,0,5,0,6,0,0,0,0,1,1,6,1,75,10,1598,1,8,1,1,2,282732,182504,62,2,1,2,740,4,4281,6,30,3,4,6,0,0,0,1,1,1,0,0,1,1,3,2,2,73,10,3,0,0,1,0,0,9,1,5
3,1,9,0,11,0,1,0,0,0,0,0,1,6,3,38,7,1598,1,8,1,1,2,358450,424730,4,2,1,3,73,1,61,7,70,5,4,1,65,0,0,4,2,2,0,0,2,1,1,1,1,33,6,3,0,0,0,0,0,9,1,5
3,1,9,0,5,0,6,0,0,0,0,1,1,6,3,38,7,1598,1,8,1,1,2,478558,170242,43,2,1,4,475,3,329,6,40,8,4,6,0,0,0,1,1,1,0,0,1,2,1,1,1,33,6,3,0,0,0,0,0,9,1,5
3,3,9,0,10,0,1,0,0,0,0,2,1,6,1,43,7,1598,1,8,1,3,3,409893,311428,21,3,3,6,252,3,51,6,60,8,4,6,0,0,0,1,1,1,0,0,2,1,3,1,1,43,7,3,0,0,0,0,0,9,1,9
3,1,9,0,18,0,0,0,0,0,0,0,1,1,1,36,7,1582,2,2,1,1,2,345488,386656,5,2,1,5,90,6,0,6,60,0,4,6,0,0,0,1,1,1,0,0,2,1,1,1,1,33,6,3,0,0,0,0,0,9,1,5
3,1,8,0,18,0,4,1,9,3,1,1,1,1,1,38,7,1997,2,9,1,6,1,415166,297985,23,1,6,7,290,3,38,3,70,1,2,1,6,0,0,4,1,1,0,0,2,1,6,2,2,20,4,3,0,0,2,0,0,8,1,5
3,1,9,0,3,0,8,0,0,0,0,2,1,6,2,37,7,1968,2,3,1,1,2,531250,167760,1,2,1,6,20,3,23,1,30,1,4,3,23,0,1,4,1,1,0,0,1,1,1,1,1,33,6,3,0,0,0,0,0,9,1,5
3,1,8,0,18,0,8,0,0,0,0,1,1,1,1,54,8,1598,1,8,2,1,2,526660,178400,1,2,1,5,12,5,0,6,30,3,4,6,0,0,0,4,1,1,0,0,1,1,1,1,1,33,6,3,0,0,0,0,0,9,1,5
3,2,9,0,2,0,0,0,0,0,0,2,1,6,3,38,7,1598,1,9,1,1,2,488319,408554,16,2,1,4,232,4,1450,6,30,0,4,6,0,0,0,1,1,1,0,0,1,1,1,1,1,33,6,3,0,0,0,0,0,9,1,5
3,1,9,0,16,0,0,2,0,7,9,1,1,6,2,25,5,1149,1,14,1,1,1,467825,206016,43,1,1,1,484,6,232,6,60,0,4,6,0,0,0,1,1,2,0,0,2,1,1,1,2,25,5,3,0,0,0,0,0,9,1,5
3,2,9,0,17,0,8,0,0,0,0,1,1,6,1,38,7,1599,1,12,1,1,2,553350,190540,1,2,1,4,15,3,12,1,30,1,4,5,0,0,0,1,1,1,0,0,1,2,1,1,1,33,6,3,0,0,0,0,0,9,1,5
3,1,9,0,18,0,0,5,0,1,0,1,1,6,2,18,4,1598,1,8,2,2,1,464971,250237,34,1,2,3,385,5,2,6,60,0,4,6,0,0,0,1,1,1,0,0,2,1,1,1,2,18,4,3,0,0,0,0,0,9,2,10
3,1,9,0,18,0,0,0,0,0,0,4,1,6,1,72,10,1198,1,2,1,1,1,614920,157800,46,1,1,3,531,6,3107,6,20,0,4,6,0,0,0,1,1,2,0,0,1,1,1,3,1,34,6,3,9,7,0,0,0,0,3,5
3,1,9,0,2,0,0,0,0,0,0,1,1,6,1,25,5,1998,2,7,1,2,2,408421,283967,20,2,2,2,300,6,0,6,30,0,4,6,0,0,0,1,1,1,0,0,1,2,1,1,1,25,5,3,0,0,0,0,0,9,1,2
3,1,9,0,2,0,1,0,0,0,0,3,1,6,2,44,7,1198,1,1,1,1,2,533280,180720,48,2,1,2,570,5,0,6,30,3,2,5,0,0,5,1,1,1,0,0,1,1,1,1,1,33,6,3,0,0,0,0,0,9,1,5
3,1,9,0,18,0,0,1,0,2,6,1,1,6,2,30,6,1461,2,6,1,2,2,382150,411310,6,2,2,7,101,1,66,3,70,0,4,6,0,0,0,1,2,2,0,0,1,1,1,1,2,30,6,3,0,0,0,0,0,9,1,8
3,1,9,0,9,0,2,0,0,0,0,3,1,2,1,19,4,1360,1,14,1,2,2,526050,148701,45,2,2,3,513,6,1298,6,30,3,4,3,2044,0,0,1,2,2,0,0,1,1,1,1,1,19,4,3,0,0,0,0,0,9,1,10
3,1,9,0,16,0,0,5,0,1,4,1,1,6,1,24,5,1299,1,13,1,3,1,498392,487668,12,1,3,6,186,5,71,6,60,0,4,6,0,0,0,6,1,2,0,0,2,1,1,1,1,24,5,3,0,0,0,0,0,9,1,6
3,2,9,0,2,0,1,0,0,0,0,2,1,6,2,26,6,1497,8,8,1,1,2,536130,175720,1,2,1,3,7,5,0,6,30,3,4,6,0,0,0,1,1,1,0,0,1,1,1,1,1,33,6,3,0,0,0,0,0,9,1,5
3,1,9,0,16,0,0,2,0,8,10,1,1,6,1,18,4,1388,1,11,1,1,1,421324,258302,23,1,1,5,293,6,0,6,60,0,4,6,0,0,0,6,8,2,0,0,2,1,1,2,2,19,4,3,0,0,1,0,0,9,3,7
2,1,3,0,17,0,0,0,0,2,10,1,1,6,1,15,3,1598,1,8,1,2,1,388460,447460,4,1,2,3,77,6,0,6,30,0,4,6,0,0,0,6,1,1,0,0,1,1,1,1,1,15,3,2,0,0,0,0,0,3,1,8
3,2,9,0,18,0,8,0,0,7,11,3,1,6,1,70,10,2231,2,9,3,3,2,448300,476486,12,2,3,2,181,3,19,6,60,6,4,5,99,0,0,1,1,2,0,0,2,1,2,2,2,68,10,3,0,0,1,0,0,9,3,8
3,3,9,0,2,0,8,0,0,0,0,3,1,6,2,30,6,1229,1,2,1,1,3,359420,406050,6,3,1,7,114,6,0,6,30,3,4,6,0,0,0,1,1,1,0,0,1,1,1,1,1,33,6,3,0,0,0,0,0,9,1,5
2,1,9,0,18,0,2,0,0,0,0,1,1,6,1,42,7,2300,1,18,1,2,1,432380,278950,20,1,2,7,302,4,4101,6,30,3,4,6,0,0,4,4,2,2,0,0,1,1,1,3,2,72,10,2,2,1,0,0,0,0,1,5
3,1,9,0,18,0,1,1,0,1,1,1,1,6,2,43,7,1587,1,19,2,3,1,265782,100383,50,1,3,4,589,3,3072,6,30,3,4,3,3072,0,0,1,5,2,0,0,2,1,1,1,2,43,7,3,0,0,0,0,0,9,2,4
3,1,9,0,18,0,0,0,0,0,0,4,1,6,1,38,7,1598,1,8,1,2,1,474512,249741,34,1,2,7,385,6,4120,6,30,0,4,6,0,0,0,1,1,1,0,0,2,1,2,3,2,16,4,3,5,1,0,0,0,0,1,7
3,2,9,0,3,0,1,0,0,0,0,3,1,6,1,69,10,1560,2,4,1,4,3,638750,167020,46,3,4,4,541,3,255,6,30,8,4,6,0,0,0,4,1,1,0,0,1,1,3,2,2,9,2,3,0,0,1,0,0,9,1,4
3,1,9,0,14,0,0,0,0,0,0,1,1,6,1,26,6,1229,1,1,1,1,2,569815,207205,42,2,1,1,454,6,0,6,30,0,4,6,0,0,0,1,1,1,0,0,1,1,1,2,1,3,1,3,0,0,1,0,0,9,1,5
3,1,3,0,18,0,3,0,0,0,0,3,1,6,3,38,7,1598,1,8,1,1,2,433769,563507,10,2,1,6,149,3,194,1,30,1,2,3,19,0,0,1,1,1,0,0,2,1,1,1,1,33,6,3,0,0,0,0,0,9,1,5
3,1,9,0,5,0,3,1,10,1,0,3,1,2,2,32,6,1587,1,16,1,1,1,635460,165030,46,1,1,3,541,3,299,1,50,1,2,6,0,0,0,1,2,2,0,0,2,1,1,1,2,32,6,3,0,0,0,0,0,9,1,4
2,1,19,0,18,0,8,0,0,0,0,3,1,6,2,59,9,1598,1,8,3,1,2,429985,107596,44,2,1,4,496,3,337,6,30,6,4,3,35,0,0,6,1,1,0,0,2,1,1,1,1,33,6,3,0,0,0,0,0,9,1,5
3,1,9,0,7,0,8,0,0,0,0,3,1,6,1,18,4,2967,2,1,1,1,2,425998,97840,44,2,1,1,496,6,0,6,30,8,4,6,0,0,0,1,1,1,0,0,2,2,1,1,1,33,6,3,0,0,0,0,0,9,1,5
3,1,9,0,4,0,0,0,0,0,0,2,1,6,2,45,7,1968,2,2,3,1,2,341014,153981,52,2,1,3,607,3,38,6,50,0,4,6,0,0,0,1,1,1,0,0,2,1,1,1,1,33,6,3,0,0,0,0,0,9,1,5
3,2,9,0,9,0,1,0,0,0,0,2,1,6,1,36,7,1598,1,6,1,1,2,487861,411193,16,2,1,4,232,6,0,6,40,3,4,6,0,0,4,1,1,1,0,0,1,1,1,1,1,36,7,3,0,0,0,0,0,9,1,6
3,1,9,0,4,0,1,0,0,0,0,1,1,6,1,43,7,1598,1,12,1,3,2,435602,396223,14,2,3,7,215,3,6135,6,30,1,4,3,629,0,0,4,1,1,0,0,1,1,2,2,1,17,4,3,0,0,1,0,0,9,1,3
2,1,11,0,18,0,2,0,0,0,0,1,1,1,1,56,9,6700,2,5,1,1,1,346139,731039,93,1,1,2,918,3,930,6,30,6,2,5,235,0,5,1,1,1,0,0,1,1,1,3,2,19,4,2,1,1,0,0,0,0,1,5
3,2,9,0,5,0,0,0,0,0,0,2,1,6,1,65,9,1747,1,12,1,2,4,512682,198090,41,4,2,6,33,3,4008,3,40,0,4,6,0,0,0,1,1,1,0,0,2,1,1,1,1,65,9,3,0,0,0,0,0,9,1,7
2,2,3,0,18,0,1,0,0,0,0,1,1,6,1,19,4,1598,1,8,1,2,2,435359,396447,14,2,2,1,215,6,0,6,30,3,4,6,0,0,0,4,1,1,0,0,1,1,2,2,1,17,4,3,0,0,0,0,0,3,1,1
1,2,3,0,17,0,0,0,0,0,0,3,1,6,1,25,5,1598,1,8,1,1,4,322784,178477,62,4,1,2,741,6,0,6,40,0,4,6,0,0,0,1,1,1,0,0,1,1,2,1,1,25,5,1,0,0,0,0,0,3,1,5
3,2,1,0,13,0,1,0,0,0,0,3,1,1,1,31,6,1598,1,8,1,1,2,530200,179230,1,2,1,3,1,3,3212,6,30,3,4,6,0,0,1,1,1,1,0,0,1,1,1,1,1,31,6,3,0,0,0,0,0,1,1,2
3,1,9,0,18,0,0,0,0,0,0,1,1,6,1,25,5,1596,1,2,1,4,1,407956,284676,20,1,4,1,300,6,0,6,30,0,4,6,0,0,0,4,1,1,0,0,1,2,4,3,2,25,5,3,6,9,0,0,0,0,1,10
3,3,9,0,2,0,0,0,0,0,0,3,1,6,1,45,7,1968,2,11,1,1,6,466139,99134,44,6,1,6,498,6,0,2,20,0,4,6,0,0,0,4,2,2,0,0,1,1,1,1,1,33,6,3,0,0,0,0,0,9,1,5
3,1,9,0,9,0,4,0,0,0,0,4,1,6,1,62,9,1968,2,4,3,2,3,455142,420098,12,3,2,4,187,6,343,6,60,3,4,6,1355,0,0,1,1,1,0,0,2,1,1,1,1,33,6,3,0,0,0,0,0,9,1,5
3,1,9,0,9,0,8,0,0,0,0,1,1,6,2,44,7,1896,2,10,1,1,4,507872,221575,40,4,1,7,421,6,0,6,20,3,4,6,0,0,0,1,1,1,0,0,1,1,1,1,1,33,6,3,0,0,0,0,0,9,1,5
2,1,9,0,7,9,8,0,0,0,0,1,1,6,1,73,10,2500,1,16,1,1,1,439686,114329,44,1,1,7,500,6,0,6,30,8,4,6,0,0,0,4,1,2,0,0,1,1,1,3,1,36,7,2,6,9,0,0,0,0,1,3
3,1,9,0,18,0,2,0,0,0,0,1,1,2,1,39,7,1956,2,5,1,2,2,467275,135420,44,2,2,6,497,3,31,6,30,3,4,6,0,0,0,1,1,2,0,0,2,1,1,1,1,39,7,3,0,0,0,0,0,9,1,10
3,1,11,0,18,0,8,0,0,0,0,4,1,1,1,49,8,4500,2,3,1,2,2,537090,187640,1,2,2,7,13,3,104,3,30,3,4,5,0,0,0,1,1,1,0,0,1,1,1,1,1,49,8,3,0,0,0,0,0,11,1,5
3,1,9,0,18,0,8,0,0,0,0,2,1,6,2,41,7,1598,1,10,1,2,2,439081,389141,14,2,2,4,215,3,6102,6,40,3,2,6,0,0,0,1,1,1,0,0,1,2,2,2,2,1,1,3,0,0,1,0,0,9,1,5
2,1,9,0,16,0,0,0,0,0,0,1,1,6,1,81,11,1588,1,16,1,5,2,385648,453470,12,2,5,6,180,3,682,6,60,0,4,6,0,0,0,1,1,1,0,0,2,1,1,1,1,81,11,2,0,0,0,0,0,9,1,4
3,6,9,0,2,0,0,0,0,0,0,4,1,6,2,38,7,1149,1,16,1,1,6,408880,283950,20,6,1,1,300,6,0,2,30,0,4,6,0,0,0,1,1,1,0,0,1,1,1,1,1,33,6,3,0,0,0,0,0,9,1,5
3,2,9,0,2,0,0,0,0,0,0,3,1,6,1,24,5,1598,1,8,1,1,2,321630,470180,3,2,1,2,61,6,0,6,30,0,4,6,0,0,0,4,1,1,0,2,1,1,1,1,1,33,6,3,0,0,0,0,0,9,1,5
3,1,9,0,16,0,0,1,7,6,0,3,1,1,1,19,4,1598,1,8,1,1,2,436560,275320,20,2,1,4,302,6,0,3,40,0,4,6,0,0,0,1,1,2,0,0,1,1,1,1,1,33,6,3,0,0,0,0,0,9,1,5