accident_severity,vehicle_reference,vehicle_type,towing_and_articulation,vehicle_manoeuvre,vehicle_location-restricted_lane,junction_location,skidding_and_overturning,hit_object_in_carriageway,vehicle_leaving_carriageway,hit_object_off_carriageway,1st_point_of_impact,was_vehicle_left_hand_drive?,journey_purpose_of_driver,sex_of_driver,age_of_driver,age_band_of_driver,engine_capacity_(cc),propulsion_code,age_of_vehicle,driver_home_area_type,NUmber_of_Casualities_unique_to_accident_index,No_of_Vehicles_involved_unique_to_accident_index,location_easting_osgr,location_northing_osgr,police_force,number_of_vehicles,number_of_casualties,day_of_week,local_authority_(district),1st_road_class,1st_road_number,road_type,speed_limit,junction_detail,junction_control,2nd_road_class,2nd_road_number,pedestrian_crossing-human_control,pedestrian_crossing-physical_facilities,light_conditions,weather_conditions,road_surface_conditions,special_conditions_at_site,carriageway_hazards,urban_or_rural_area,did_police_officer_attend_scene_of_accident,casualty_reference,casualty_class,sex_of_casualty,age_of_casualty,age_band_of_casualty,casualty_severity,pedestrian_location,pedestrian_movement,car_passenger,bus_or_coach_passenger,pedestrian_road_maintenance_worker,casualty_type,casualty_home_area_type,casualty_imd_decile
2,1,9,0,16,0,0,0,0,1,2,1,1,6,1,77,11,1598,1,8,1,3,1,406491,89724,55,1,3,3,643,6,0,6,30,0,4,6,0,0,0,4,1,1,0,0,2,1,3,1,1,77,11,3,0,0,0,0,0,9,1,10
3,2,9,0,3,0,1,0,0,0,0,2,1,6,2,24,5,1598,1,8,1,1,3,333068,350457,60,3,1,6,725,3,5152,6,30,9,4,6,0,0,5,1,1,1,0,0,1,2,1,1,2,24,5,3,0,0,0,0,0,9,1,5
3,1,9,0,5,0,1,0,0,0,0,4,1,1,1,38,7,1598,2,8,1,1,2,545410,185170,1,2,1,2,16,3,124,6,30,8,4,6,0,0,0,1,1,1,0,0,1,1,1,1,1,33,6,3,0,0,0,0,0,9,1,5
3,1,9,0,18,0,0,0,0,0,0,1,1,6,1,24,5,1910,2,9,1,1,1,617380,161170,46,1,1,5,531,3,291,6,40,0,4,6,0,0,0,1,1,1,0,0,2,1,1,3,2,66,10,3,5,3,0,0,0,0,2,4
3,1,1,0,18,0,0,0,0,0,0,1,1,6,1,11,3,1598,1,8,1,1,2,531310,182880,1,2,1,7,3,6,0,6,30,0,4,6,0,0,0,1,1,1,0,0,1,1,1,1,1,11,3,3,0,0,0,0,0,1,1,5
3,2,9,0,18,0,1,0,0,0,0,1,1,6,1,53,8,1598,1,8,1,1,2,307815,373020,60,2,1,2,723,6,0,6,30,8,4,6,0,0,0,1,1,1,0,0,2,2,1,1,1,53,8,3,0,0,0,0,0,9,1,5
3,1,9,0,3,0,0,0,0,0,0,2,1,6,2,40,7,3456,8,5,3,1,3,516529,467176,16,3,1,6,231,3,165,6,40,0,4,6,0,0,0,1,1,2,4,0,2,1,1,1,1,33,6,3,0,0,0,0,0,9,1,5
2,1,9,0,7,0,8,0,0,0,0,4,1,6,2,43,7,1968,2,3,1,1,2,416409,93300,55,2,1,2,641,3,35,1,40,1,4,4,3347,0,0,1,4,1,0,0,2,2,1,1,1,33,6,3,0,0,0,0,0,9,1,5
3,2,9,0,18,0,2,0,0,0,0,1,1,6,1,38,7,1896,2,7,1,1,2,515100,191540,1,2,1,7,29,3,410,6,30,1,4,3,409,0,4,1,9,1,0,0,1,2,1,1,1,33,6,3,0,0,0,0,0,9,1,5
3,1,9,0,18,0,8,0,0,0,0,1,1,6,1,27,6,1598,1,7,1,1,2,519820,175330,1,2,1,5,24,3,205,3,30,6,1,3,205,0,4,1,1,1,1,0,1,1,1,1,1,27,6,3,0,0,0,0,0,9,1,9
3,1,9,0,18,0,1,0,0,0,0,4,1,6,1,18,4,1248,2,5,1,1,1,338102,700549,94,1,1,7,925,6,0,2,20,3,4,6,0,0,0,1,2,2,0,0,1,1,1,3,2,64,9,3,9,6,0,0,0,0,1,5
3,2,9,0,18,0,1,0,4,0,0,1,1,2,1,36,7,1560,2,1,3,1,3,287078,663587,97,3,1,5,932,4,7066,6,60,3,4,4,7057,0,0,1,1,2,0,0,2,1,1,1,1,36,7,3,0,0,0,0,0,9,3,5
3,1,9,0,18,0,0,2,0,5,6,3,1,6,1,38,7,1598,1,8,1,4,2,399340,272870,22,2,4,7,270,1,42,3,70,0,4,6,0,0,0,1,1,2,0,0,1,1,3,2,2,29,6,3,0,0,1,0,0,9,1,2
2,1,9,0,18,0,0,2,0,1,11,1,1,6,1,23,5,1598,1,8,1,1,1,231912,385192,60,1,1,1,720,3,5026,6,60,0,4,6,0,0,0,6,1,1,0,0,2,1,1,2,2,20,4,2,0,0,1,0,0,9,1,5
3,1,9,0,18,0,0,5,0,0,0,4,1,1,2,20,4,1242,1,1,1,1,1,417373,260530,23,1,1,6,293,3,3400,6,50,0,4,6,0,0,0,1,1,2,7,0,2,1,1,1,2,20,4,3,0,0,0,0,0,9,1,3
3,1,16,0,18,0,0,0,0,0,0,3,1,6,2,44,7,1598,1,8,1,1,2,397820,270180,22,2,1,1,270,6,0,6,30,0,4,6,0,0,0,1,1,1,0,0,1,2,1,1,2,44,7,3,0,0,0,0,0,16,1,1
3,2,9,0,18,0,0,0,4,0,0,1,1,6,3,38,7,1582,2,3,1,1,3,533980,195830,1,3,1,6,32,6,0,6,30,0,4,6,0,0,0,4,1,1,0,0,1,1,1,1,1,33,6,3,0,0,0,0,0,9,1,5
3,2,9,0,18,0,1,0,0,0,0,1,1,6,2,26,6,2198,1,14,1,7,2,332561,700789,94,2,7,7,925,3,911,6,60,3,4,6,0,0,0,7,1,2,0,0,2,1,6,2,1,31,6,3,0,0,2,0,0,9,1,5
3,1,11,0,18,0,0,0,0,2,4,1,1,1,1,55,8,1598,1,8,1,1,2,531490,178120,1,2,1,1,9,3,3,6,30,0,4,6,0,0,0,4,1,1,0,0,1,1,1,2,1,64,9,3,0,0,0,4,0,11,1,3
3,1,4,0,16,0,0,1,0,0,0,3,1,6,1,22,5,1598,1,8,1,2,2,373380,292260,22,2,2,1,286,3,458,6,60,0,4,6,0,0,0,1,1,1,0,0,2,1,1,1,1,22,5,3,0,0,0,0,0,4,1,6
3,2,9,0,18,0,0,0,0,0,0,3,1,5,1,64,9,1896,2,9,1,3,3,384010,344777,21,3,3,5,253,6,69,6,30,0,4,6,0,0,8,1,1,1,0,0,1,1,1,1,1,33,6,3,0,0,0,0,0,9,1,5
3,1,9,0,3,0,1,0,0,0,0,1,1,1,1,22,5,1598,1,8,3,1,2,501039,150943,45,2,1,5,511,3,25,1,30,1,4,3,3100,0,0,4,1,1,0,0,2,1,1,1,1,22,5,3,0,0,0,0,0,9,3,8
3,2,1,0,18,0,8,0,0,0,0,1,1,6,1,33,6,1598,1,8,1,1,2,380790,398580,6,2,1,4,107,5,0,6,30,3,4,6,0,1,0,1,1,1,0,0,1,1,1,1,1,33,6,3,0,0,0,0,0,1,1,3
3,2,9,0,4,0,0,0,0,0,0,2,1,6,1,64,9,998,1,7,1,2,3,440660,355120,30,3,2,5,320,3,61,6,30,0,4,6,0,0,0,1,8,1,0,0,1,1,2,1,1,64,9,3,0,0,0,0,0,9,1,7
3,1,9,0,1,0,0,0,0,0,0,2,1,6,3,38,7,1797,8,5,1,1,2,617390,168190,46,2,1,2,531,4,2205,6,30,0,4,6,0,0,0,1,1,2,0,0,1,2,1,1,1,33,6,3,0,0,0,0,0,9,1,5
3,2,9,0,3,0,4,0,0,0,0,2,1,6,2,45,7,998,1,5,1,1,2,402956,91503,55,2,1,3,643,3,35,6,30,1,2,6,0,0,4,1,1,1,0,0,1,2,1,1,2,45,7,3,0,0,0,0,0,9,1,4
3,2,1,0,17,0,0,1,0,0,0,0,1,1,1,16,4,1598,1,8,1,1,2,359966,390433,7,2,1,4,128,6,0,6,30,0,4,6,0,0,0,1,4,2,0,0,1,1,1,1,1,16,4,3,0,0,0,0,0,1,1,1
3,2,9,0,3,0,0,0,0,0,0,2,1,6,2,31,6,1108,1,6,1,3,3,502664,173287,45,3,3,7,40,1,25,3,40,0,4,6,0,0,0,1,1,1,0,0,2,1,2,1,2,31,6,3,0,0,0,0,0,9,1,4
3,2,1,0,18,0,8,0,0,0,0,1,1,4,1,14,3,1598,1,8,1,1,2,449734,518169,17,2,1,6,243,6,0,6,30,3,4,6,0,0,0,1,1,2,0,0,1,1,1,1,1,14,3,3,0,0,0,0,0,1,1,4
1,1,9,0,13,0,0,1,0,1,4,3,1,6,1,21,5,1360,1,8,1,5,1,424535,428612,13,1,5,7,204,3,62,6,40,0,4,6,0,0,0,1,1,1,0,0,1,1,2,2,1,14,3,1,0,0,2,0,0,9,1,7
2,2,9,0,3,0,1,0,0,1,7,3,1,6,1,78,11,1686,2,3,1,4,2,280494,688935,96,2,4,7,939,3,872,1,70,5,4,1,9,0,0,1,1,1,0,0,2,1,4,2,2,75,10,3,0,0,1,0,0,9,1,6
3,1,9,0,18,0,8,1,0,0,0,1,1,6,1,26,6,1390,1,7,3,2,3,595353,307177,36,3,2,4,400,3,1075,6,30,3,4,6,0,0,0,1,2,2,0,0,2,1,1,1,1,33,6,3,0,0,0,0,0,9,1,5
3,2,3,0,18,0,3,0,0,0,0,1,1,6,1,18,4,1598,1,8,1,1,2,332716,160909,52,2,1,2,605,3,370,1,30,1,4,4,3440,0,0,1,1,1,0,0,1,1,1,1,1,18,4,3,0,0,0,0,0,3,1,1
3,2,5,0,16,0,0,0,0,0,0,1,1,6,2,38,7,1598,1,8,1,1,2,368217,759773,93,2,1,6,912,6,0,6,60,0,4,6,0,0,0,1,1,1,0,0,2,1,1,1,2,33,6,3,0,0,0,0,0,5,1,5
3,2,3,0,17,0,8,0,0,0,0,3,1,6,1,45,7,125,1,1,1,1,2,520480,182900,1,2,1,3,27,4,4492,6,30,3,4,6,0,0,0,1,1,1,0,0,1,1,1,1,1,45,7,3,0,0,0,0,0,3,1,4
3,2,9,0,18,0,0,0,0,0,0,1,1,6,3,38,7,1598,1,8,1,1,2,521583,148914,45,2,1,2,512,5,57,6,30,0,4,6,0,0,0,4,1,1,0,0,2,2,1,1,1,33,6,3,0,0,0,0,0,9,1,5
2,2,21,1,18,0,0,0,0,0,0,2,1,1,1,62,9,12740,2,2,1,1,2,462545,209504,43,2,1,5,484,1,40,3,70,0,4,6,0,0,0,6,1,1,0,0,2,1,1,1,1,33,6,3,0,0,0,0,0,9,1,5
3,1,3,0,18,0,8,0,0,0,0,1,1,6,1,54,8,1598,1,8,1,1,2,540340,172890,1,2,1,4,7,3,2212,6,30,3,4,6,0,0,0,4,1,1,0,0,1,1,1,1,1,54,8,3,0,0,0,0,0,3,1,7
3,2,9,0,2,0,0,0,0,0,0,3,1,6,3,38,7,1598,1,8,1,1,2,267223,199948,62,2,1,4,745,6,0,6,30,0,4,6,0,0,0,1,1,1,0,0,1,1,1,1,1,33,6,3,0,0,0,0,0,9,1,5
3,2,5,0,18,0,0,1,0,1,0,1,1,1,1,29,6,649,1,5,1,1,2,457353,379409,31,2,1,6,341,3,57,3,70,0,4,6,0,0,0,4,1,2,0,0,2,2,1,1,1,29,6,3,0,0,0,0,0,5,1,8
3,2,9,0,18,0,8,0,0,0,0,1,1,6,1,48,8,998,1,8,1,2,2,388950,397180,6,2,2,6,102,5,0,6,30,6,4,6,0,0,0,1,1,1,0,0,1,1,2,2,2,83,11,3,0,0,1,0,0,9,1,1
3,2,3,0,7,0,6,0,0,0,0,1,1,6,1,26,6,124,1,6,1,1,2,359350,172523,52,2,1,2,601,6,0,6,20,8,4,6,0,0,0,1,1,1,0,0,1,1,1,1,1,26,6,3,0,0,0,0,0,3,1,1
3,2,1,0,18,0,8,0,0,0,0,1,1,2,2,23,5,1598,1,8,1,1,2,532970,180950,48,2,1,4,570,5,0,6,30,3,2,3,10,0,5,4,1,1,0,0,1,1,1,1,2,23,5,3,0,0,0,0,0,1,1,2
2,2,9,0,18,0,0,0,0,0,0,1,1,6,1,61,9,1560,2,6,1,1,2,258334,72982,50,2,1,1,589,4,3212,6,40,0,4,6,0,0,0,1,1,1,0,2,2,1,1,1,1,33,6,3,0,0,0,0,0,9,1,5
3,1,9,0,7,0,4,0,0,0,0,3,1,2,1,50,8,1679,1,15,1,1,2,652416,308345,36,2,1,5,402,5,619,1,30,1,4,6,0,0,0,1,1,1,0,0,1,1,1,1,1,50,8,3,0,0,0,0,0,9,1,3
3,2,9,0,18,0,8,1,0,0,0,1,1,6,2,27,6,1596,1,7,1,3,2,421242,598317,10,2,3,7,139,5,358,6,60,3,4,6,0,0,0,1,1,1,0,0,2,1,3,2,2,29,6,3,0,0,1,0,0,9,1,5
2,2,5,0,13,5,7,0,0,0,0,4,1,6,1,58,9,805,1,14,1,1,2,462041,205061,43,2,1,5,484,3,418,6,50,5,4,3,40,0,0,1,1,1,0,0,2,1,1,1,1,58,9,2,0,0,0,0,0,5,1,9
2,1,9,0,18,0,2,0,0,0,0,4,1,6,2,48,8,1299,1,14,1,1,2,458730,340451,31,2,1,7,346,4,686,6,30,3,4,6,0,0,0,1,2,2,0,0,1,1,1,3,1,69,10,2,5,2,0,0,0,0,1,3
3,1,9,0,18,0,8,0,0,0,0,1,1,3,2,52,8,1360,1,9,1,1,1,378070,389510,6,1,1,6,112,4,5165,6,30,3,4,6,0,0,0,1,1,2,0,0,1,1,1,3,2,11,3,3,5,3,0,0,0,0,1,2
3,2,9,0,18,0,8,0,0,0,0,1,1,6,1,55,8,1769,1,13,1,1,2,443430,346230,30,2,1,4,320,6,0,6,30,8,4,6,0,0,0,1,1,1,0,0,1,1,1,1,1,33,6,3,0,0,0,0,0,9,1,5
3,1,19,0,9,0,1,0,0,0,0,1,1,1,1,38,7,1399,2,7,1,1,2,427786,436379,13,2,1,2,204,6,0,6,30,3,4,3,660,0,0,1,1,1,0,0,1,2,1,1,1,33,6,3,0,0,0,0,0,9,1,5
2,1,9,0,18,0,0,1,4,0,0,1,1,6,1,41,7,1984,1,13,1,1,4,254505,662913,97,4,1,6,926,6,0,6,30,0,4,6,0,0,0,4,1,2,0,0,1,1,1,1,1,41,7,2,0,0,0,0,0,9,1,5
3,1,90,0,4,0,1,1,0,0,0,1,1,1,1,28,6,2686,2,9,1,1,3,574025,165781,46,3,1,4,544,4,2097,6,30,3,4,6,0,0,0,1,1,2,0,0,1,1,1,1,1,33,6,3,0,0,0,0,0,9,1,5
2,3,9,0,2,0,0,0,4,0,0,1,1,6,2,29,6,1598,1,6,1,1,4,532380,192800,1,4,1,6,32,3,111,6,30,0,4,6,0,0,0,1,1,1,0,0,1,1,1,1,1,33,6,3,0,0,0,0,0,9,1,5
3,1,9,0,4,0,0,0,0,0,0,2,1,6,1,28,6,1598,2,3,1,3,2,535910,209078,41,2,3,3,430,3,10,7,70,0,4,6,0,0,0,1,1,1,0,0,2,1,1,1,1,28,6,3,0,0,0,0,0,9,1,1
3,1,9,0,9,0,6,0,0,0,0,1,1,6,1,58,9,1796,1,12,1,1,2,416850,289030,20,2,1,2,306,4,4114,6,30,3,4,6,0,0,0,4,1,1,0,0,1,1,1,1,1,33,6,3,0,0,0,0,0,9,1,5
3,1,9,0,18,0,0,0,0,0,0,1,1,6,2,78,11,1599,1,6,1,1,2,254221,656226,97,2,1,6,922,6,0,6,30,0,4,6,0,0,0,1,1,1,0,0,1,1,1,1,2,78,11,3,0,0,0,0,0,9,1,5
3,1,1,0,14,0,0,0,0,0,0,4,1,6,1,41,7,1598,1,8,1,1,2,403910,267370,22,2,1,7,274,6,0,6,30,0,4,6,0,0,0,1,1,1,0,0,1,2,1,1,1,41,7,3,0,0,0,0,0,1,1,2
3,2,9,0,4,0,4,0,0,0,0,2,1,6,1,35,6,1388,1,15,1,2,2,389605,344472,21,2,2,7,257,3,5007,1,30,1,4,3,50,0,0,1,1,1,0,0,1,2,1,1,1,35,6,3,0,0,0,0,0,9,1,1
3,3,11,0,18,0,8,0,0,0,0,1,1,1,1,51,8,9200,2,3,3,1,3,378180,430290,4,3,1,4,75,3,56,3,70,5,4,4,6232,0,7,4,1,1,0,0,2,1,1,1,1,33,6,3,0,0,0,0,0,9,1,5
3,1,9,0,3,0,1,0,0,0,0,2,1,6,1,35,6,1598,1,8,1,1,2,534440,177800,1,2,1,5,8,3,2,3,30,3,2,4,216,0,5,1,1,1,0,0,1,1,1,1,1,35,6,3,0,0,0,0,0,9,1,7
3,2,9,0,18,0,1,0,0,1,11,1,1,6,2,41,7,998,1,13,1,1,2,318341,699747,93,2,1,7,934,4,920,6,60,8,4,6,0,0,0,1,1,1,0,0,2,1,1,1,1,33,6,3,0,0,0,0,0,9,1,5
3,1,9,0,18,0,0,0,0,0,0,1,1,6,2,52,8,1229,1,5,2,2,2,300042,668285,95,2,2,1,940,3,779,6,60,0,4,6,0,0,0,4,1,2,0,0,2,1,1,1,2,52,8,3,0,0,0,0,0,9,2,5
3,1,19,0,13,0,0,2,0,1,10,4,1,1,1,18,4,1298,1,14,3,1,2,416610,623832,10,2,1,3,139,3,1,3,70,0,4,6,0,0,0,1,1,4,5,0,2,1,1,2,2,15,3,3,0,0,0,0,0,19,2,5
3,1,9,0,18,0,1,1,0,0,0,1,1,6,1,21,5,1117,1,26,1,3,2,444513,391717,14,2,3,7,213,3,6021,6,40,3,4,6,0,0,8,1,1,1,0,0,1,1,1,1,1,21,5,3,0,0,0,0,0,9,1,10
3,1,9,0,14,0,8,0,0,0,0,1,1,6,1,63,9,998,1,10,1,3,2,502240,221961,40,2,3,3,424,3,505,6,30,3,4,6,0,0,0,1,1,1,0,0,1,1,3,2,1,24,5,3,0,0,1,0,0,9,1,3
3,1,9,0,14,0,1,0,0,0,0,1,1,6,1,40,7,1956,2,3,1,1,1,390160,346724,21,1,1,7,257,6,0,6,30,3,4,6,0,0,0,1,1,1,0,0,1,1,1,3,2,62,9,3,5,2,0,0,0,0,1,6
3,2,9,0,3,0,1,0,0,0,0,2,1,6,2,47,8,1598,1,8,1,3,2,426665,603543,10,2,3,5,139,3,1068,6,30,8,4,6,0,0,0,1,1,1,4,0,2,1,2,2,2,10,2,3,0,0,1,0,0,9,1,5
3,3,21,0,4,0,0,0,0,0,0,2,1,1,1,49,8,1598,1,8,1,1,3,357040,425550,4,3,1,3,83,1,6,3,70,0,4,6,0,0,0,4,3,3,0,0,1,1,1,1,1,33,6,3,0,0,0,0,0,9,1,5
3,1,9,0,9,0,5,0,0,0,0,1,1,6,2,43,7,1329,1,8,3,1,1,556280,139600,46,1,1,3,543,6,4301,6,30,6,4,6,0,0,0,4,2,2,0,0,2,1,1,3,2,22,5,3,5,4,0,0,0,0,1,5
3,1,19,0,18,0,0,0,0,1,0,1,1,2,1,49,8,1598,1,8,2,1,1,425407,455723,12,1,1,6,182,5,241,6,60,0,4,6,0,0,0,6,1,2,0,0,2,1,1,1,1,49,8,3,0,0,0,0,0,19,2,10
3,2,1,0,18,0,8,0,0,0,0,1,1,6,1,38,7,1598,1,8,1,1,2,529120,174290,1,2,1,3,9,3,205,6,30,3,4,6,0,0,0,4,1,2,0,0,1,1,1,1,1,38,7,3,0,0,0,0,0,1,1,9
3,1,9,0,9,0,8,0,0,0,0,4,1,6,1,22,5,998,1,8,1,1,2,532770,170040,1,2,1,4,20,3,215,6,30,3,4,6,0,0,1,4,1,1,0,0,1,1,1,1,1,33,6,3,0,0,0,0,0,9,1,5
3,1,9,0,4,0,0,0,0,0,0,1,1,3,2,38,7,1968,2,5,3,2,3,466872,235215,43,3,2,4,476,3,422,6,60,0,4,6,0,0,0,1,2,2,0,0,2,1,1,1,1,33,6,3,0,0,0,0,0,9,1,5
3,1,9,0,16,0,0,0,0,1,4,1,1,6,2,33,6,1781,1,12,1,4,1,462787,302412,33,1,4,7,364,5,1777,6,60,0,4,6,0,0,0,6,1,1,0,0,2,1,1,1,2,33,6,3,0,0,0,0,0,9,1,1
3,2,9,0,6,0,6,0,0,0,0,1,1,1,1,23,5,1598,1,8,1,1,2,606930,124930,46,2,1,3,539,4,2071,6,30,9,4,6,0,0,4,1,2,2,0,0,2,1,1,1,1,33,6,3,0,0,0,0,0,9,1,5
3,1,9,0,9,0,8,0,0,0,0,4,1,6,2,26,6,1598,1,5,1,1,2,546250,174590,1,2,1,4,18,5,0,6,30,3,4,6,0,0,0,1,1,1,0,0,1,1,1,1,1,33,6,3,0,0,0,0,0,9,1,5
3,1,9,0,7,0,4,0,0,0,0,1,1,1,1,61,9,1910,2,7,1,1,2,528682,409872,16,2,1,2,233,6,0,6,30,2,4,6,0,0,0,4,1,2,0,0,1,1,1,1,1,33,6,3,0,0,0,0,0,9,1,5
3,2,9,0,3,0,0,0,0,0,0,2,1,6,2,48,8,1587,1,11,1,2,3,355010,424600,4,3,2,6,83,4,5254,6,60,0,4,6,0,0,0,1,1,1,0,0,2,1,2,1,2,48,8,3,0,0,0,0,0,9,1,6
3,1,9,0,4,0,0,0,0,0,0,1,1,2,2,22,5,1149,1,13,1,1,3,425800,285609,23,3,1,6,290,1,6,3,70,0,4,6,0,0,0,1,1,1,0,0,2,1,1,1,1,33,6,3,0,0,0,0,0,9,1,5
3,2,19,0,9,0,8,0,0,0,0,1,1,1,1,42,7,1997,2,11,1,1,2,525750,176940,1,2,1,5,11,3,308,6,30,6,4,6,0,0,0,1,1,1,0,0,1,1,1,1,1,33,6,3,0,0,0,0,0,9,1,5
3,1,9,0,7,0,6,0,0,0,0,1,1,6,2,19,4,1242,1,8,1,1,2,388200,255400,22,2,1,1,276,6,0,6,30,3,4,6,0,0,0,1,2,2,0,0,1,2,1,1,1,33,6,3,0,0,0,0,0,9,1,5
3,1,9,0,9,0,1,0,0,0,0,1,1,6,1,25,5,1598,1,8,1,1,2,511988,105772,47,2,1,5,564,3,27,6,40,3,4,6,0,0,0,1,1,1,0,0,1,1,1,1,1,33,6,3,0,0,0,0,0,9,1,5
3,1,9,0,18,0,0,0,0,0,0,1,1,1,1,27,6,1598,1,8,3,1,2,329470,199833,61,2,1,3,734,3,4042,3,70,0,4,6,0,0,0,1,2,2,0,0,1,1,1,1,1,27,6,3,0,0,0,0,0,9,3,5
1,22,9,0,18,0,0,0,0,0,0,2,1,6,1,40,7,1598,1,8,1,36,37,455113,220016,43,37,36,7,481,1,40,3,70,0,4,6,0,0,0,1,7,2,0,3,2,1,30,2,2,6,2,3,0,0,2,0,0,9,1,9
3,1,1,0,18,4,8,0,0,0,0,3,1,6,1,19,4,1598,1,8,1,1,2,528230,182190,1,2,1,3,1,6,0,6,30,6,2,6,0,0,0,1,1,1,0,0,1,2,1,1,1,19,4,3,0,0,0,0,0,1,1,2
3,2,9,0,18,0,0,0,0,0,0,1,1,6,3,38,7,1461,2,11,1,1,3,405500,289060,20,3,1,5,300,3,41,6,30,0,4,6,0,0,0,1,1,1,0,0,1,2,1,1,1,33,6,3,0,0,0,0,0,9,1,5
3,1,19,0,13,0,8,0,0,0,0,1,1,1,1,54,8,1598,1,8,1,1,2,536320,190770,1,2,1,4,13,4,179,6,30,2,4,6,0,0,1,1,4,1,0,0,1,1,1,1,1,33,6,3,0,0,0,0,0,9,1,5
3,2,9,0,18,0,0,0,0,0,0,1,1,3,2,40,7,1598,1,12,1,3,2,410750,286100,20,2,3,2,300,6,0,6,30,0,4,6,0,0,0,1,1,1,0,0,1,1,2,2,1,15,3,3,0,0,1,0,0,9,1,1
3,1,9,0,9,0,6,0,0,0,0,1,1,6,1,28,6,1598,1,8,1,1,2,424330,563657,10,2,1,1,147,3,695,6,30,3,2,3,695,0,5,1,1,1,0,0,1,1,1,1,1,33,6,3,0,0,0,0,0,9,1,5
3,1,9,0,11,0,8,0,0,0,0,3,1,6,1,38,7,1587,1,8,1,1,2,538580,173670,1,2,1,3,7,3,205,6,30,3,4,6,0,0,0,4,2,2,0,0,1,2,1,1,1,33,6,3,0,0,0,0,0,9,1,5
3,2,9,0,18,0,0,0,0,0,0,1,1,6,1,18,4,1086,1,11,1,4,3,330948,391106,5,3,4,6,95,4,5145,6,30,0,4,6,0,0,0,1,1,1,0,0,1,1,1,1,1,18,4,3,0,0,0,0,0,9,1,1
3,2,9,0,18,0,8,0,0,0,0,1,1,6,1,21,5,1499,2,8,1,1,2,338611,365110,7,2,1,2,130,3,5104,6,30,6,2,6,0,0,5,4,1,1,0,0,1,1,1,1,1,33,6,3,0,0,0,0,0,9,1,5
3,2,20,0,18,0,2,0,0,0,0,3,1,6,1,38,7,1598,1,8,1,1,2,391320,299850,20,2,1,2,309,3,449,1,40,1,4,6,0,0,0,1,9,1,0,0,1,2,1,1,1,33,6,3,0,0,0,0,0,9,1,5
1,2,21,1,18,0,8,0,0,0,0,1,1,1,1,64,9,6370,2,9,1,3,2,369120,236170,22,2,3,6,285,3,449,6,60,9,4,6,0,0,0,1,1,1,0,0,2,1,2,1,1,64,9,3,0,0,0,0,0,21,1,1
3,1,9,0,18,0,8,0,10,1,2,4,1,6,2,19,4,1598,1,8,1,1,1,539720,168080,1,1,1,2,19,4,228,6,30,3,4,6,0,0,0,4,1,1,0,0,1,1,1,1,2,19,4,3,0,0,0,0,0,9,1,9
3,2,9,0,18,0,8,0,0,0,0,4,1,6,1,18,4,998,1,8,2,1,2,375160,387110,6,2,1,7,112,4,5160,6,40,6,2,3,56,0,0,1,1,1,0,0,1,1,1,1,1,18,4,3,0,0,0,0,0,9,2,9
3,1,22,0,18,0,8,0,0,0,0,0,1,6,1,64,9,1598,1,8,1,1,2,508592,221485,40,2,1,3,421,6,0,6,20,3,4,3,505,0,0,1,1,1,0,0,1,1,1,1,1,64,9,3,0,0,0,0,0,22,1,1
3,2,19,0,15,0,1,0,0,0,0,4,1,6,1,38,7,1560,2,1,1,1,2,513090,195811,41,2,1,7,33,6,9,6,30,3,4,6,65,0,0,1,1,1,0,0,1,2,1,1,1,33,6,3,0,0,0,0,0,9,1,5
3,2,9,0,9,0,2,0,0,0,0,2,1,6,2,31,6,1598,1,8,1,1,2,296204,357725,60,2,1,1,723,4,4501,6,60,3,4,4,4501,0,0,1,1,1,0,0,2,1,1,1,1,33,6,3,0,0,0,0,0,9,1,5
3,1,19,0,7,0,8,0,0,0,0,4,1,6,1,50,8,1587,1,6,1,1,2,531900,180260,1,2,1,4,8,3,3200,6,30,6,2,3,3200,0,5,4,1,1,0,0,1,1,1,1,1,33,6,3,0,0,0,0,0,9,1,5
2,1,9,0,16,0,1,1,10,8,0,1,1,6,1,24,5,1199,1,11,3,6,3,465656,352118,31,3,6,2,345,4,6386,6,60,8,4,6,0,0,0,1,1,2,0,0,2,1,1,1,1,24,5,2,0,0,0,0,0,9,3,7
3,1,9,0,18,0,3,1,4,1,7,1,1,2,1,42,7,1598,1,16,1,1,2,556890,175360,46,2,1,7,532,3,206,1,40,1,4,6,0,0,0,1,2,2,0,0,1,1,1,1,1,33,6,3,0,0,0,0,0,9,1,5
2,2,9,0,18,0,8,0,0,0,0,3,1,6,2,35,6,1598,1,8,1,1,2,449412,515272,17,2,1,6,243,3,174,3,40,3,4,4,1365,0,0,1,1,1,0,0,1,1,1,2,2,2,1,2,0,0,2,0,0,9,1,1
3,2,19,0,18,0,8,0,0,0,0,1,1,1,1,34,6,1598,2,1,2,1,2,386491,174733,54,2,1,2,635,3,420,6,60,6,4,5,86,0,0,1,1,1,0,0,2,1,1,1,1,33,6,3,0,0,0,0,0,9,1,5
3,1,19,0,13,0,0,0,0,0,0,4,1,6,1,51,8,1686,2,11,1,1,2,410411,98417,55,2,1,5,641,6,0,6,20,0,4,6,0,0,0,1,1,1,0,0,2,1,1,1,1,33,6,3,0,0,0,0,0,9,1,5
3,1,9,0,18,0,0,0,0,0,0,1,1,6,1,39,7,1998,2,7,1,2,2,335110,379469,5,2,2,6,95,6,0,6,30,0,4,6,0,0,0,4,1,1,0,0,1,1,2,2,2,35,6,3,0,0,1,0,0,9,1,2