accident_severity,vehicle_reference,vehicle_type,towing_and_articulation,vehicle_manoeuvre,vehicle_location-restricted_lane,junction_location,skidding_and_overturning,hit_object_in_carriageway,vehicle_leaving_carriageway,hit_object_off_carriageway,1st_point_of_impact,was_vehicle_left_hand_drive?,journey_purpose_of_driver,sex_of_driver,age_of_driver,age_band_of_driver,engine_capacity_(cc),propulsion_code,age_of_vehicle,driver_home_area_type,NUmber_of_Casualities_unique_to_accident_index,No_of_Vehicles_involved_unique_to_accident_index,location_easting_osgr,location_northing_osgr,police_force,number_of_vehicles,number_of_casualties,day_of_week,local_authority_(district),1st_road_class,1st_road_number,road_type,speed_limit,junction_detail,junction_control,2nd_road_class,2nd_road_number,pedestrian_crossing-human_control,pedestrian_crossing-physical_facilities,light_conditions,weather_conditions,road_surface_conditions,special_conditions_at_site,carriageway_hazards,urban_or_rural_area,did_police_officer_attend_scene_of_accident,casualty_reference,casualty_class,sex_of_casualty,age_of_casualty,age_band_of_casualty,casualty_severity,pedestrian_location,pedestrian_movement,car_passenger,bus_or_coach_passenger,pedestrian_road_maintenance_worker,casualty_type,casualty_home_area_type,casualty_imd_decile
3,1,9,0,16,0,1,1,0,0,0,1,1,6,1,22,5,1598,1,8,1,1,1,336682,348491,60,1,1,7,725,6,0,6,60,3,4,6,0,0,0,1,8,2,0,0,2,1,1,2,2,24,5,3,0,0,1,0,0,9,1,5
3,2,1,0,18,0,2,0,0,0,0,3,1,6,2,41,7,1598,1,8,1,1,2,534590,179490,1,2,1,6,8,3,200,3,30,3,4,6,0,0,0,1,1,1,0,0,1,1,1,1,2,41,7,3,0,0,0,0,0,1,1,2
3,2,9,0,3,0,0,0,0,0,0,2,1,6,2,46,8,1598,2,2,3,2,3,434221,454058,12,3,2,6,182,3,661,6,60,0,4,6,0,0,0,6,1,2,0,0,2,1,1,2,2,48,8,3,0,0,1,0,0,9,3,8
2,1,9,0,16,0,0,1,0,1,7,1,1,6,1,23,5,1896,2,9,1,2,1,508505,472031,16,1,2,2,231,6,0,6,30,0,4,6,0,0,0,1,1,2,0,0,2,1,2,1,1,23,5,3,0,0,0,0,0,9,1,1
3,2,9,0,18,0,8,0,0,0,0,1,1,1,2,42,7,1197,1,5,1,1,2,463443,323302,33,2,1,1,362,3,6006,6,60,8,4,6,6,0,0,1,1,1,0,0,2,1,1,1,2,42,7,3,0,0,0,0,0,9,1,2
3,2,9,0,18,0,0,0,0,0,0,2,1,6,2,57,9,998,1,9,1,1,5,439767,550485,10,5,1,6,150,3,19,3,70,0,4,6,0,0,0,4,1,2,0,0,2,2,1,1,2,57,9,3,0,0,0,0,0,9,1,5
3,2,9,0,14,0,6,0,0,0,0,4,1,6,1,50,8,1598,1,8,1,1,2,377440,821695,92,2,1,7,911,6,0,6,30,9,4,6,0,0,0,1,1,1,0,0,1,2,1,3,2,20,4,3,10,9,0,0,0,0,3,5
2,2,9,0,2,0,1,0,0,0,0,2,1,6,3,38,7,1598,1,8,1,1,2,544310,196517,42,2,1,1,456,6,0,2,30,3,4,6,0,0,0,4,1,1,0,0,1,1,1,1,1,33,6,3,0,0,0,0,0,9,1,5
3,1,9,0,18,0,0,0,0,0,0,1,1,6,2,64,9,1341,1,10,1,1,1,363668,189964,52,1,1,2,612,4,4061,6,30,0,4,6,0,0,1,1,1,1,0,0,1,1,1,3,1,61,9,3,1,1,0,0,0,0,1,4
3,1,9,0,1,0,0,0,0,0,0,2,1,6,1,47,8,1796,1,17,1,1,1,335839,390841,5,1,1,5,91,3,57,6,30,0,4,6,0,0,5,1,1,2,0,0,1,2,1,3,2,84,11,3,10,1,0,0,0,0,1,1
3,4,9,0,18,0,0,1,0,0,0,1,1,2,1,68,10,1998,1,16,1,2,4,469598,200753,43,4,2,6,484,1,40,3,70,0,4,6,0,0,0,1,1,1,0,0,2,1,1,1,1,33,6,3,0,0,0,0,0,9,1,5
3,1,9,0,18,0,8,5,0,1,10,1,1,6,1,47,8,998,1,11,1,2,3,347778,112299,52,3,2,6,610,3,30,6,60,3,4,6,0,0,0,1,2,2,0,0,2,1,1,1,1,47,8,3,0,0,0,0,0,9,1,10
2,2,1,0,18,0,0,0,0,0,0,1,1,6,1,20,4,1598,1,8,1,2,2,531110,183660,1,2,2,7,3,5,0,6,20,0,4,6,0,0,8,4,1,2,0,0,1,1,1,1,1,20,4,2,0,0,0,0,0,1,1,8
3,2,9,0,18,0,8,0,10,3,10,1,1,6,1,24,5,1598,1,6,1,1,2,521970,179460,1,2,1,2,11,6,0,6,30,6,4,6,0,0,0,1,2,2,0,0,1,1,1,1,1,33,6,3,0,0,0,0,0,9,1,5
3,2,9,0,18,0,0,0,0,0,0,1,1,2,2,46,8,1998,1,8,1,1,3,573813,164909,46,3,1,6,544,1,2,3,70,0,4,6,0,0,0,1,5,2,0,0,2,1,1,1,1,33,6,3,0,0,0,0,0,9,1,5
3,2,9,0,18,0,0,0,4,2,7,4,1,6,2,84,11,1086,1,10,3,1,2,168194,42442,50,2,1,1,596,3,30,3,70,0,4,6,0,0,0,1,1,1,0,0,2,1,1,1,2,84,11,3,0,0,0,0,0,9,3,6
3,1,9,0,18,0,1,0,0,0,0,1,1,6,3,38,7,1598,1,8,1,1,1,455851,341131,31,1,1,7,346,6,0,6,30,3,4,6,0,0,1,4,1,1,0,0,1,2,1,3,2,43,7,3,3,3,0,0,0,0,1,2
3,1,9,0,17,0,0,2,0,1,0,1,1,6,1,20,4,1896,2,14,1,2,1,464618,108463,44,1,2,2,502,6,0,6,60,0,4,6,0,0,0,1,1,1,0,0,2,1,1,1,1,20,4,3,0,0,0,0,0,9,1,1
3,1,2,0,18,0,0,0,0,0,0,1,1,5,1,23,5,49,1,8,1,2,2,396801,309458,21,2,2,6,250,6,53,6,30,0,4,6,0,0,0,1,1,1,0,0,2,2,1,1,1,23,5,3,0,0,0,0,0,2,1,5
3,2,9,0,18,0,8,0,0,0,0,3,1,6,1,19,4,1598,1,8,1,2,2,328121,215235,61,2,2,6,732,3,40,6,60,8,4,6,0,0,0,1,2,2,0,0,2,1,2,1,1,19,4,3,0,0,0,0,0,9,1,5
3,1,1,0,18,0,8,0,0,0,0,4,1,6,1,48,8,1598,1,8,1,1,2,524740,184510,1,2,1,4,28,3,5,6,30,6,2,4,520,0,5,1,1,2,0,0,1,1,1,1,1,48,8,3,0,0,0,0,0,1,1,10
3,1,9,0,18,0,8,0,0,0,0,4,1,6,2,26,6,1299,1,12,1,2,2,404600,287180,20,2,2,6,300,4,4126,6,30,3,4,6,0,0,4,4,1,1,0,0,1,1,1,1,2,26,6,3,0,0,0,0,0,9,1,2
3,2,11,0,18,0,1,0,0,0,0,1,1,6,1,31,6,4500,2,3,1,1,2,583698,111608,47,2,1,1,552,3,259,6,30,3,4,6,0,0,0,1,1,1,0,0,1,2,1,1,1,31,6,3,0,0,0,0,0,11,1,1
3,1,9,0,18,0,0,0,0,0,0,1,1,6,1,56,9,1598,1,8,2,1,2,495019,388160,32,2,1,5,356,4,1398,6,50,0,4,6,0,0,0,7,2,2,0,0,2,1,1,1,1,33,6,3,0,0,0,0,0,9,1,5
3,1,9,0,16,0,8,0,0,0,0,2,1,6,1,41,7,1389,1,12,1,1,2,407113,428420,13,2,1,6,202,3,629,6,30,3,4,6,0,0,0,1,1,1,0,0,1,2,1,2,1,10,2,3,0,0,1,0,0,9,1,2
3,1,1,0,9,0,8,0,0,0,0,3,1,6,1,22,5,1598,1,8,1,1,2,374410,396960,6,2,1,5,107,3,57,3,50,8,4,6,0,0,0,1,1,1,0,0,2,1,1,1,1,22,5,3,0,0,0,0,0,1,1,6
3,2,21,1,18,0,0,0,0,0,0,2,1,1,1,50,8,10518,2,8,1,2,2,342661,364606,7,2,2,5,130,3,55,3,70,0,4,6,0,0,0,1,1,1,0,0,1,2,1,1,1,33,6,3,0,0,0,0,0,9,1,5
3,1,9,0,18,0,4,0,0,0,0,1,1,6,2,24,5,1199,1,11,1,1,2,508529,224297,40,2,1,4,421,3,6,1,30,1,4,6,0,0,4,4,4,2,0,0,1,2,1,1,1,33,6,3,0,0,0,0,0,9,1,5
2,2,9,0,13,0,0,0,0,0,0,1,1,6,1,26,6,1984,1,4,3,1,2,381827,150695,52,2,1,5,606,3,36,6,60,0,4,6,0,0,0,6,1,1,0,0,2,1,1,1,1,33,6,3,0,0,0,0,0,9,1,5
2,2,1,0,18,4,8,0,0,0,0,1,1,6,1,28,6,1598,1,8,1,1,2,503438,427373,16,2,1,2,231,6,0,3,30,3,4,3,1105,0,0,1,1,1,0,0,1,2,1,1,1,28,6,2,0,0,0,0,0,1,1,2
3,1,9,0,18,0,4,0,0,0,0,1,1,6,1,26,6,1596,1,10,1,2,2,524993,135485,47,2,2,3,560,6,0,1,30,2,4,6,0,0,0,1,1,1,0,0,1,1,1,1,1,26,6,3,0,0,0,0,0,9,1,4
3,2,11,0,18,0,4,0,0,0,0,0,1,1,1,57,9,9360,2,7,2,1,3,557902,179151,42,3,1,4,462,3,1306,1,40,1,4,4,186,0,0,1,1,1,0,0,2,1,1,2,2,17,4,3,0,0,0,4,0,11,1,8
3,2,5,0,18,0,8,1,0,1,4,1,1,6,1,55,8,847,1,1,1,1,2,513291,197529,41,2,1,7,33,4,462,6,30,3,4,6,449,0,8,1,1,1,0,0,1,1,1,1,1,55,8,3,0,0,0,0,0,5,1,5
3,1,9,0,9,0,6,1,0,0,0,1,1,6,2,34,6,1896,2,10,3,4,2,342670,266700,22,2,4,7,285,3,4110,6,60,3,4,6,0,0,0,1,2,2,0,0,2,1,2,2,2,20,4,3,0,0,1,0,0,9,3,5
3,2,11,0,9,0,8,0,0,0,0,4,1,1,1,59,9,7300,2,13,1,1,2,383189,354021,21,2,1,2,253,6,32,6,30,6,4,6,32,0,0,1,1,1,0,0,1,1,1,2,2,54,8,3,0,0,0,4,0,11,1,5
3,1,9,0,18,0,3,0,11,0,10,1,1,6,1,20,4,1598,1,8,1,1,1,544653,210356,42,1,1,1,457,3,1019,1,40,1,4,6,0,0,0,7,1,1,0,2,2,1,1,1,1,20,4,3,0,0,0,0,0,9,1,5
3,1,9,0,4,0,0,1,0,0,0,1,1,6,1,55,8,1995,2,12,3,2,2,419226,181289,54,2,2,1,633,3,419,3,70,0,4,6,0,0,0,1,2,2,0,0,2,1,1,1,1,33,6,3,0,0,0,0,0,9,1,5
3,2,1,0,18,0,1,0,0,0,0,3,1,6,1,57,9,1598,1,8,1,1,2,445384,425592,13,2,1,2,206,6,0,6,30,3,4,6,0,0,0,1,1,1,0,0,1,2,1,1,1,57,9,3,0,0,0,0,0,1,1,2
2,2,9,0,18,0,0,0,0,0,0,1,1,2,2,48,8,1596,1,3,1,2,2,547673,220703,41,2,2,2,432,4,1004,6,30,0,4,6,0,0,0,1,1,1,0,0,1,1,2,1,2,48,8,3,0,0,0,0,0,9,1,9
3,1,9,0,2,0,0,0,0,0,0,4,1,6,1,38,7,1598,1,8,1,1,2,527490,179370,1,2,1,2,12,3,4,6,30,0,4,6,0,0,0,4,1,1,0,0,1,1,1,1,1,33,6,3,0,0,0,0,0,9,1,5
3,2,9,0,5,0,2,0,0,0,0,3,1,6,1,38,7,1598,1,8,1,1,2,530940,190520,1,2,1,3,31,3,105,6,30,6,4,6,0,0,0,1,2,2,0,0,1,1,1,1,1,33,6,3,0,0,0,0,0,9,1,5
3,1,9,0,9,0,6,0,0,0,0,0,1,1,1,56,9,1598,1,8,2,1,2,575821,168591,46,2,1,7,544,3,231,3,40,7,4,6,0,0,0,1,1,1,0,0,1,1,1,1,1,33,6,3,0,0,0,0,0,9,1,5
1,2,21,4,2,6,0,0,0,0,0,2,1,1,1,44,7,1598,1,8,1,3,2,445180,142178,44,2,3,1,501,3,303,3,70,0,4,6,0,0,0,1,1,1,0,0,2,1,3,2,1,44,7,3,0,0,0,0,0,21,1,5
3,1,9,0,18,0,1,0,0,0,0,1,1,2,2,18,4,1598,1,8,1,1,2,194800,215020,63,2,1,2,752,3,487,6,30,1,4,3,487,0,0,1,1,1,0,0,1,2,1,1,1,33,6,3,0,0,0,0,0,9,1,5
3,2,3,0,14,0,1,0,0,0,0,1,1,6,1,49,8,1598,1,8,1,1,2,379010,396000,6,2,1,5,112,3,5181,6,30,3,4,6,0,0,0,4,2,2,0,0,1,1,1,1,1,49,8,3,0,0,0,0,0,3,1,4
3,2,17,0,18,0,0,0,0,0,0,2,1,6,3,38,7,1598,1,8,1,1,2,589080,137070,46,2,1,3,530,3,28,3,60,0,4,6,0,0,0,1,1,1,0,0,2,1,1,1,1,33,6,3,0,0,0,0,0,9,1,5
3,1,9,0,18,0,8,0,0,0,0,1,1,6,1,26,6,2143,2,4,1,2,2,539690,171180,1,2,2,6,7,6,0,6,30,6,4,6,0,0,0,4,1,2,0,0,1,1,1,1,1,26,6,3,0,0,0,0,0,9,1,7
3,1,8,0,9,0,5,0,0,0,0,1,1,1,1,40,7,1598,2,4,1,1,3,430216,434924,13,3,1,2,204,6,0,6,30,3,4,6,0,0,0,1,1,1,0,0,1,1,1,1,1,33,6,3,0,0,0,0,0,9,1,5
3,1,5,0,13,0,0,0,0,0,0,1,1,6,1,47,8,1255,1,4,1,1,2,519420,188800,1,2,1,5,28,3,4006,6,30,0,4,6,0,0,4,1,1,2,0,0,1,1,1,1,1,47,8,3,0,0,0,0,0,5,1,8
3,2,9,0,2,0,1,0,0,0,0,2,1,6,1,34,6,1896,2,11,3,3,2,330810,439810,4,2,3,6,71,3,584,6,30,3,2,6,0,0,5,1,5,2,0,0,1,1,2,1,1,34,6,3,0,0,0,0,0,9,3,5
3,1,19,0,4,0,0,0,0,0,0,1,1,1,1,25,5,1995,2,8,1,2,3,614787,241015,37,3,2,4,410,3,14,3,70,0,4,6,0,0,0,1,1,1,0,0,2,1,1,1,1,33,6,3,0,0,0,0,0,9,1,5
3,2,9,0,18,0,0,0,0,4,6,4,1,6,1,19,4,1796,1,9,1,1,2,555030,171980,46,2,1,3,532,3,2,3,70,0,4,6,0,0,0,1,4,1,0,0,2,1,1,1,1,19,4,3,0,0,0,0,0,9,1,3
3,2,9,0,18,0,1,0,0,0,0,3,1,6,1,34,6,1598,1,8,1,2,2,264155,192876,62,2,2,3,745,3,4118,6,30,6,4,6,0,0,0,1,1,1,0,0,1,1,3,2,2,32,6,3,0,0,1,0,0,9,1,5
3,2,5,0,9,0,8,0,0,0,0,1,1,2,1,32,6,1598,1,8,1,1,2,517940,172390,1,2,1,3,24,3,307,6,20,3,4,6,0,0,0,1,1,1,0,0,1,1,1,1,1,32,6,3,0,0,0,0,0,5,1,7
3,2,9,0,10,0,1,0,0,0,0,2,1,6,1,24,5,1560,2,7,1,2,2,397470,293070,20,2,2,1,305,6,0,6,30,6,4,6,0,0,0,1,1,1,0,0,1,1,2,1,1,24,5,3,0,0,0,0,0,9,1,8
3,1,9,0,9,0,6,0,0,0,0,3,1,6,1,71,10,1582,2,3,1,1,2,449121,360890,31,2,1,7,340,4,6014,6,30,8,4,6,0,0,0,4,1,1,0,0,1,1,1,1,1,33,6,3,0,0,0,0,0,9,1,5
3,2,9,0,18,0,1,0,0,0,0,4,1,6,2,75,10,1598,1,8,1,1,2,315258,376209,60,2,1,6,724,6,0,6,40,8,4,6,0,0,0,1,1,1,0,0,2,1,1,1,2,75,10,3,0,0,0,0,0,9,1,5
3,1,9,0,3,0,0,0,0,0,0,2,1,6,1,54,8,2902,2,10,1,2,3,538120,180590,1,3,2,7,5,3,1261,7,40,0,4,6,0,0,0,4,1,1,0,0,1,1,1,1,1,54,8,3,0,0,0,0,0,9,1,8
3,2,1,0,18,0,8,0,0,0,0,4,1,6,1,49,8,1598,1,8,1,1,2,434220,370460,30,2,1,6,327,3,619,6,40,3,4,5,275,0,0,1,1,1,0,0,2,1,1,1,1,49,8,3,0,0,0,0,0,1,1,2
3,1,3,0,4,9,4,2,0,0,0,4,1,2,1,28,6,1598,1,8,1,1,2,257837,661712,97,2,1,7,926,6,0,1,30,1,4,6,0,0,0,1,1,2,0,0,1,1,1,1,1,28,6,3,0,0,0,0,0,3,2,5
3,1,9,0,18,0,0,0,0,0,0,4,1,2,1,48,8,1598,1,8,1,1,1,427022,574021,10,1,1,7,148,4,1505,6,30,0,4,6,0,0,0,4,2,2,0,0,1,2,1,3,1,18,4,3,5,1,0,0,0,0,1,3
3,1,9,0,13,0,0,0,0,7,0,1,1,6,1,44,7,1997,2,1,1,5,2,267912,703852,96,2,5,1,939,3,84,6,60,0,4,6,0,0,0,1,1,1,0,0,2,1,2,2,2,14,3,3,0,0,2,0,0,9,1,5
3,1,9,0,9,0,6,0,0,0,0,2,1,2,1,70,10,2999,2,16,3,1,2,274411,105922,50,2,1,3,586,3,377,6,60,8,4,6,0,0,0,6,1,1,0,0,2,1,1,1,1,33,6,3,0,0,0,0,0,9,1,5
3,1,9,0,18,0,8,0,0,0,0,3,1,6,1,43,7,2685,2,12,1,1,2,462701,303957,33,2,1,4,364,6,685,6,30,3,4,6,1918,0,4,1,1,1,0,0,1,1,1,1,1,43,7,3,0,0,0,0,0,9,1,2
3,2,8,0,7,0,1,0,0,0,0,0,1,6,3,38,7,1598,1,8,1,1,2,430065,433775,13,2,1,7,204,6,0,6,30,6,2,6,0,0,5,4,1,1,0,0,1,1,1,1,1,33,6,3,0,0,0,0,0,9,1,5
3,1,9,0,18,0,8,0,0,0,0,1,1,6,3,38,7,1968,2,5,1,2,2,507202,222266,40,2,2,5,421,6,0,6,30,6,4,6,0,0,5,4,1,1,0,0,1,1,1,1,1,33,6,3,0,0,0,0,0,9,1,5
3,1,9,0,18,0,1,0,0,0,0,1,1,6,2,52,8,1995,2,14,2,2,3,351690,422070,4,3,2,1,83,4,5248,6,30,3,4,6,0,0,0,4,2,2,0,0,1,1,1,1,2,52,8,3,0,0,0,0,0,9,2,4
3,1,9,0,5,0,4,0,0,0,0,1,1,2,1,26,6,1390,1,13,1,1,2,347640,405810,4,2,1,4,84,4,5312,1,30,1,4,6,0,0,0,1,1,1,0,0,2,1,1,1,1,33,6,3,0,0,0,0,0,9,1,5
3,1,21,1,7,0,5,0,0,0,0,4,1,1,1,55,8,10837,2,2,2,1,2,531380,183430,1,2,1,4,3,4,515,6,20,3,2,6,0,0,5,4,1,1,0,0,1,1,1,1,1,33,6,3,0,0,0,0,0,9,1,5
3,1,9,0,18,0,1,0,0,0,0,1,1,6,2,33,6,1968,2,2,1,1,2,451232,277674,23,2,1,3,292,6,0,1,60,1,4,3,426,0,0,1,1,1,0,0,2,1,1,1,1,33,6,3,0,0,0,0,0,9,1,5
3,2,9,0,18,0,8,0,0,0,0,4,1,2,1,27,6,1598,1,8,1,2,2,436504,390190,14,2,2,6,215,3,6135,6,30,6,2,3,6102,0,0,1,1,2,0,0,1,1,1,1,1,27,6,3,0,0,0,0,0,9,1,1
3,1,9,0,16,0,0,1,0,2,0,1,1,6,1,33,6,1896,2,9,1,5,3,448681,320765,33,3,5,2,362,5,3212,6,40,0,4,6,0,0,0,1,2,2,0,3,2,1,1,1,1,33,6,3,0,0,0,0,0,9,1,5
3,1,9,0,3,0,1,0,0,0,0,2,1,6,1,34,6,1590,1,10,1,2,2,511730,181990,1,2,2,6,26,3,312,3,50,1,4,5,0,0,0,4,2,2,0,0,1,2,2,2,2,21,5,3,0,0,1,0,0,9,1,10
3,2,8,0,2,0,2,0,0,0,0,3,1,1,1,30,6,1896,2,7,1,1,2,412273,435100,13,2,1,4,200,6,0,6,30,9,4,6,0,0,0,1,1,1,0,0,1,1,1,2,2,31,6,3,0,0,2,0,0,8,1,1
3,2,9,0,6,0,0,0,0,0,0,1,1,1,1,20,4,1598,1,8,3,1,2,449857,245750,62,2,1,7,742,3,470,6,60,0,4,6,0,0,0,1,5,2,0,0,2,1,1,1,1,33,6,3,0,0,0,0,0,9,1,5
2,2,1,0,15,1,0,0,0,0,0,1,1,2,1,29,6,1598,1,8,1,1,2,531670,181480,48,2,1,4,570,3,40,6,20,0,4,6,0,0,0,4,1,1,0,0,1,1,1,1,1,29,6,2,0,0,0,0,0,1,1,2
3,2,9,0,18,0,4,0,0,0,0,3,1,6,2,41,7,1598,1,4,1,1,3,426128,437195,13,3,1,5,204,6,0,1,30,2,4,6,0,0,0,4,1,2,0,0,1,1,1,1,2,41,7,3,0,0,0,0,0,9,1,2
3,1,19,0,17,0,0,0,0,1,4,1,1,2,1,29,6,1870,2,16,1,1,1,395355,178878,54,1,1,4,635,4,4069,6,50,0,4,6,0,0,0,1,5,2,0,0,2,2,1,1,1,29,6,3,0,0,0,0,0,19,1,3
2,1,9,0,18,0,8,0,0,0,0,1,1,6,1,28,6,1598,1,13,1,1,1,487482,157813,45,1,1,6,515,6,3435,6,30,3,4,6,0,0,0,1,1,1,0,0,1,1,1,3,1,24,5,2,5,1,0,0,0,0,1,10
2,1,9,0,5,9,1,0,0,0,0,0,1,6,1,67,10,999,1,2,2,1,1,355520,412880,4,1,1,4,73,6,0,6,20,9,4,3,49,0,0,1,1,1,0,0,2,1,1,2,2,83,11,2,0,0,1,0,0,9,3,8
2,1,21,0,9,0,8,0,0,0,0,1,1,1,1,30,6,8970,2,9,1,2,2,336566,399481,5,2,2,5,93,3,5207,3,40,7,2,3,5036,0,5,1,1,1,0,0,1,1,1,1,1,33,6,3,0,0,0,0,0,9,1,5
3,1,9,0,18,0,2,0,0,0,0,1,1,6,3,38,7,1998,1,9,1,1,1,539620,174680,1,1,1,4,7,6,0,6,30,6,4,6,0,0,0,1,1,1,0,0,1,2,1,3,2,42,7,3,5,1,0,0,2,0,1,5
3,2,9,0,18,0,8,1,10,7,1,4,1,6,1,23,5,1910,2,8,1,2,2,424456,560557,10,2,2,5,146,6,4125,6,30,6,4,6,4125,0,0,1,1,1,0,0,1,1,1,1,1,23,5,3,0,0,0,0,0,9,1,6
2,1,9,0,18,0,7,0,0,1,0,1,1,6,1,57,9,1896,2,9,1,2,2,292897,624840,97,2,2,1,938,1,74,7,70,5,4,1,74,0,0,6,1,1,0,0,2,1,1,1,1,33,6,3,0,0,0,0,0,9,1,5
3,4,19,0,4,0,0,0,0,0,0,1,1,6,1,46,8,2402,2,8,1,2,4,549090,191000,1,4,2,4,15,4,174,6,30,0,4,6,0,0,0,1,1,1,0,0,2,1,1,1,1,33,6,3,0,0,0,0,0,9,1,5
3,2,4,0,18,0,8,0,0,0,0,1,1,6,1,43,7,293,1,1,2,1,2,468065,248224,34,2,1,1,385,5,1,6,60,3,4,6,4908,0,0,1,1,1,0,0,2,3,1,1,1,43,7,3,0,0,0,0,0,4,2,10
3,1,9,0,18,0,1,0,0,0,0,1,1,6,2,35,6,1461,2,5,1,1,2,561516,99828,47,2,1,1,551,6,0,6,30,3,2,3,2021,0,0,1,1,1,0,0,1,2,1,2,2,19,4,3,0,0,1,0,0,9,1,4
3,1,9,0,18,0,0,0,0,0,0,4,1,6,3,38,7,1598,1,8,1,1,1,282005,179805,62,1,1,5,740,3,4229,6,60,0,4,6,0,0,0,6,1,1,0,0,2,1,1,3,1,46,8,3,9,8,0,0,0,0,2,5
3,2,9,0,18,0,8,0,0,1,0,1,1,6,1,24,5,1242,1,8,3,2,2,534517,326174,32,2,2,6,354,3,17,6,60,3,4,5,813,0,0,4,1,1,0,0,2,1,2,1,1,24,5,3,0,0,0,0,0,9,3,3
2,2,1,0,18,0,1,0,0,0,0,1,1,6,1,31,6,1598,1,8,1,1,2,335187,389674,5,2,1,6,91,3,5038,6,30,7,2,6,0,0,0,1,1,1,0,0,1,2,1,1,1,31,6,2,0,0,0,0,0,1,1,3
3,2,9,0,4,0,0,0,0,0,0,2,1,6,1,40,7,1598,1,8,1,1,4,527920,169490,1,4,1,4,22,3,217,6,30,0,4,6,0,0,4,1,1,1,0,0,1,1,1,1,1,33,6,3,0,0,0,0,0,9,1,5
3,1,9,0,16,0,0,2,0,7,9,3,1,1,2,30,6,1781,1,19,2,1,1,380811,118349,55,1,1,4,642,5,14,6,60,0,4,6,0,0,0,1,2,2,0,0,2,1,1,1,2,30,6,3,0,0,0,0,0,9,2,6
3,1,2,0,18,0,0,1,0,0,0,1,1,6,1,16,4,49,1,11,1,1,2,455704,346169,31,2,1,5,346,6,0,6,30,0,4,6,0,0,0,4,1,1,0,0,1,1,1,1,1,16,4,3,0,0,0,0,0,2,1,2
2,2,9,0,9,0,8,0,0,0,0,4,1,6,3,38,7,1598,1,8,1,1,2,541320,184820,1,2,1,6,17,4,109,6,30,6,4,6,0,0,1,4,1,1,0,0,1,2,1,1,1,33,6,3,0,0,0,0,0,9,1,5
3,2,8,0,18,0,1,0,0,0,0,1,1,1,1,34,6,1598,2,1,1,2,2,258095,661639,97,2,2,1,926,4,768,6,30,6,4,6,0,0,0,1,1,1,0,0,1,1,1,2,2,62,9,3,0,0,2,0,0,8,1,5
2,1,9,0,18,0,2,0,0,0,0,1,1,2,1,52,8,1499,1,1,1,1,1,340695,730382,93,1,1,2,918,3,92,3,30,3,4,6,0,0,4,1,1,2,0,0,1,1,1,3,2,26,6,2,1,1,0,0,0,0,1,5
3,2,9,0,18,0,8,0,0,0,0,1,1,6,2,34,6,1124,1,11,1,1,2,405620,292990,20,2,1,1,300,3,34,3,30,6,2,6,0,0,5,1,1,1,0,0,1,1,1,1,1,33,6,3,0,0,0,0,0,9,1,5
3,1,9,0,18,0,1,0,0,5,1,4,1,6,1,56,9,2099,1,12,1,2,2,334795,391156,5,2,2,2,91,3,59,3,30,6,2,3,5053,0,1,1,1,1,0,0,1,1,1,1,1,56,9,3,0,0,0,0,0,9,1,1
3,3,9,0,4,0,0,0,0,0,0,2,1,6,1,38,7,2171,1,10,1,4,5,504460,177660,1,5,4,4,26,1,25,3,70,0,4,6,0,0,0,1,1,1,0,0,2,1,1,1,1,38,7,3,0,0,0,0,0,9,1,6
3,2,9,0,18,0,0,0,0,0,0,2,1,2,1,35,6,1388,1,7,1,1,2,515220,294540,35,2,1,4,394,3,1139,3,70,0,4,6,0,0,0,1,1,1,4,0,2,2,1,1,1,35,6,3,0,0,0,0,0,9,1,6
3,2,9,0,18,0,8,0,0,0,0,1,1,6,1,70,10,1598,1,8,2,1,2,501388,151734,45,2,1,4,511,3,3100,1,30,1,4,6,0,0,4,4,2,2,0,0,1,2,1,2,2,66,10,3,0,0,1,0,0,9,2,7
3,2,9,0,4,0,8,0,0,0,0,2,1,6,2,30,6,1598,1,5,1,2,2,537190,163870,1,2,2,5,20,3,2022,1,30,1,4,5,0,0,0,4,2,2,0,0,2,1,1,2,2,12,3,3,0,0,1,0,0,9,1,2
3,1,9,0,18,0,0,0,0,2,11,1,1,6,2,47,8,1995,1,12,3,1,1,225826,675431,97,1,1,6,928,3,78,6,30,0,4,6,0,0,0,4,2,2,0,0,1,1,1,1,2,47,8,3,0,0,0,0,0,9,3,5
3,2,9,0,18,0,0,0,0,0,0,0,1,6,2,39,7,1598,1,5,1,1,2,351670,559110,3,2,1,4,62,3,69,6,60,0,4,6,0,0,0,1,4,2,0,0,2,1,1,1,2,39,7,3,0,0,0,0,0,9,1,5
3,1,9,0,13,0,8,0,0,0,0,4,1,6,2,54,8,1798,1,1,2,1,2,532080,203254,41,2,1,2,430,6,200,6,30,3,4,6,260,0,0,1,1,1,0,0,1,1,1,1,1,33,6,3,0,0,0,0,0,9,1,5
3,1,9,0,13,0,1,0,0,0,0,1,1,6,1,19,4,1398,1,1,1,2,2,573757,109352,47,2,2,1,555,3,269,6,30,3,4,6,0,0,0,4,1,1,0,0,1,1,1,2,2,19,4,3,0,0,1,0,0,9,1,2
3,1,9,0,9,0,8,0,0,0,0,1,1,6,1,23,5,1896,2,9,1,1,2,535180,186680,1,2,1,7,4,6,0,6,30,3,4,6,0,0,0,4,2,2,0,0,1,1,1,1,1,33,6,3,0,0,0,0,0,9,1,5