accident_severity,vehicle_reference,vehicle_type,towing_and_articulation,vehicle_manoeuvre,vehicle_location-restricted_lane,junction_location,skidding_and_overturning,hit_object_in_carriageway,vehicle_leaving_carriageway,hit_object_off_carriageway,1st_point_of_impact,was_vehicle_left_hand_drive?,journey_purpose_of_driver,sex_of_driver,age_of_driver,age_band_of_driver,engine_capacity_(cc),propulsion_code,age_of_vehicle,driver_home_area_type,NUmber_of_Casualities_unique_to_accident_index,No_of_Vehicles_involved_unique_to_accident_index,location_easting_osgr,location_northing_osgr,police_force,number_of_vehicles,number_of_casualties,day_of_week,local_authority_(district),1st_road_class,1st_road_number,road_type,speed_limit,junction_detail,junction_control,2nd_road_class,2nd_road_number,pedestrian_crossing-human_control,pedestrian_crossing-physical_facilities,light_conditions,weather_conditions,road_surface_conditions,special_conditions_at_site,carriageway_hazards,urban_or_rural_area,did_police_officer_attend_scene_of_accident,casualty_reference,casualty_class,sex_of_casualty,age_of_casualty,age_band_of_casualty,casualty_severity,pedestrian_location,pedestrian_movement,car_passenger,bus_or_coach_passenger,pedestrian_road_maintenance_worker,casualty_type,casualty_home_area_type,casualty_imd_decile
3,1,19,0,17,0,0,0,0,1,3,4,1,1,1,36,7,2461,2,6,1,1,1,539059,147327,45,1,1,5,516,6,419,6,40,0,4,6,0,0,0,1,1,1,0,0,2,1,1,1,1,36,7,3,0,0,0,0,0,19,1,2
3,1,9,0,5,0,0,0,0,0,0,1,1,2,2,48,8,1685,2,2,3,1,2,577841,166893,46,2,1,3,544,3,2,3,30,0,4,6,0,0,5,4,1,1,0,0,1,1,1,1,1,33,6,3,0,0,0,0,0,9,1,5
3,1,9,0,5,0,0,0,0,0,0,4,1,6,1,25,5,1596,1,9,1,1,3,334373,665626,95,3,1,5,929,6,0,6,30,0,4,6,0,0,5,1,1,1,0,0,1,1,1,2,2,25,5,3,0,0,1,0,0,9,1,5
3,1,9,0,18,0,0,0,0,1,7,1,1,1,2,39,7,1598,1,12,1,1,1,431012,432318,13,1,1,2,204,3,653,3,30,0,4,6,0,0,0,1,1,2,0,0,1,1,1,1,2,39,7,3,0,0,0,0,0,9,1,5
3,3,9,0,18,0,0,0,0,0,0,1,1,6,1,22,5,1248,1,8,1,1,4,443708,389314,14,4,1,4,213,1,1,3,70,0,4,6,0,0,0,6,1,2,0,0,2,1,1,1,1,22,5,3,0,0,0,0,0,9,1,6
3,1,9,0,17,0,0,1,0,0,0,1,1,6,2,22,5,1149,1,3,1,1,2,231491,684185,97,2,1,4,913,3,818,6,60,0,4,6,0,0,0,1,2,2,0,0,2,1,1,1,1,33,6,3,0,0,0,0,0,9,1,5
3,1,9,0,18,0,0,5,0,7,11,1,1,6,1,70,10,1596,1,5,1,2,1,400464,355421,21,1,2,2,256,3,523,6,50,0,4,6,0,0,0,1,1,1,0,0,2,1,1,2,2,71,10,3,0,0,2,0,0,9,1,5
3,1,9,0,18,0,0,0,0,0,9,1,1,6,1,19,4,1364,1,9,1,2,1,429012,398294,14,1,2,2,215,3,6102,6,60,0,4,6,0,0,0,7,1,1,0,0,2,1,1,3,2,17,4,3,10,9,0,0,0,0,1,1
2,1,9,0,18,0,1,1,10,7,4,4,1,6,1,26,6,1797,1,16,1,5,5,393620,398700,6,5,5,6,110,3,627,6,30,6,2,3,627,0,5,1,1,1,0,0,1,1,1,1,1,26,6,2,0,0,0,0,0,9,1,1
3,2,9,0,18,0,0,0,0,0,0,1,1,2,2,45,7,1910,2,10,1,2,2,461047,397996,14,2,2,2,211,6,0,6,20,0,4,6,0,0,0,1,1,2,0,0,1,1,1,1,2,45,7,3,0,0,0,0,0,9,1,8
2,2,9,0,4,0,0,0,0,0,0,1,1,6,1,54,8,1598,1,14,1,8,6,377207,354122,7,6,8,7,129,1,6,3,70,0,4,6,0,0,0,1,2,2,0,0,2,1,3,2,1,40,7,3,0,0,1,0,0,9,1,2
3,2,9,0,18,0,1,0,7,0,0,2,1,1,2,42,7,1769,1,10,1,1,2,578399,190602,42,2,1,5,453,3,127,3,60,3,4,6,0,0,0,1,1,1,0,0,2,2,1,1,2,42,7,3,0,0,0,0,0,9,1,3
3,2,9,0,4,0,8,0,0,0,0,1,1,6,1,72,10,1796,1,4,1,1,2,288846,57015,50,2,1,4,587,3,379,6,30,3,4,3,3022,0,0,1,1,1,0,0,1,1,1,1,1,33,6,3,0,0,0,0,0,9,1,5
3,1,9,0,12,0,1,0,0,0,0,3,1,6,1,38,7,1598,1,8,1,1,2,458999,224316,43,2,1,4,481,3,4421,6,50,1,4,3,4095,0,0,1,1,1,0,0,2,2,1,1,1,33,6,3,0,0,0,0,0,9,1,5
3,3,9,0,18,0,0,0,11,0,0,0,1,6,2,41,7,1598,1,8,2,1,3,550901,237014,42,3,1,2,463,1,11,3,70,0,4,6,0,0,0,1,2,2,0,2,2,1,1,1,1,33,6,3,0,0,0,0,0,9,1,5
3,1,9,0,18,0,0,0,0,0,0,1,1,2,1,22,5,973,1,13,1,1,2,480532,170539,43,2,1,6,475,2,329,3,70,0,4,6,0,0,0,1,1,1,0,0,2,1,1,1,1,33,6,3,0,0,0,0,0,9,1,5
3,2,9,0,3,0,8,0,0,0,0,1,1,6,2,39,7,1388,1,14,1,2,3,335873,398717,5,3,2,4,93,3,5036,3,40,6,2,6,0,0,0,1,1,1,0,0,1,1,1,1,2,39,7,3,0,0,0,0,0,9,1,3
3,1,9,0,5,0,0,0,0,0,0,1,1,6,1,36,7,1995,2,13,1,2,2,415875,430927,13,2,2,7,200,6,0,3,30,0,4,6,0,0,0,4,1,1,0,0,1,1,1,2,1,36,7,3,0,0,1,0,0,9,1,5
3,1,9,0,16,0,0,0,0,1,0,1,1,2,2,24,5,998,1,10,1,1,1,366875,384930,7,1,1,5,128,3,50,6,60,0,4,6,0,0,0,6,1,2,0,0,2,1,1,1,2,24,5,3,0,0,0,0,0,9,1,7
3,1,9,0,18,0,3,0,10,1,2,4,1,6,1,24,5,1998,1,11,1,2,2,383170,251600,22,2,2,7,273,3,449,6,30,1,4,4,4224,0,0,4,1,1,0,0,2,1,2,2,1,43,7,3,0,0,1,0,0,9,1,2
3,1,9,0,7,0,1,0,0,0,0,4,1,6,2,50,8,1560,2,9,3,2,2,282334,667423,97,2,2,3,932,3,89,6,60,7,4,3,825,0,0,4,5,2,0,0,2,1,1,1,1,33,6,3,0,0,0,0,0,9,1,5
3,3,9,0,18,0,0,0,0,0,0,2,1,2,1,56,9,1398,1,4,1,1,3,375310,397740,6,3,1,2,107,1,60,3,70,0,4,6,0,0,0,4,1,1,0,0,1,1,1,1,1,33,6,3,0,0,0,0,0,9,1,5
3,1,9,0,17,0,0,0,10,1,2,1,1,6,1,69,10,1229,1,9,1,1,1,410540,299010,20,1,1,5,300,3,454,6,30,0,4,6,0,0,0,1,1,1,0,0,1,1,1,2,2,66,10,3,0,0,1,0,0,9,1,9
3,1,98,0,13,0,1,0,0,0,0,1,1,6,1,38,7,2499,2,1,1,1,2,488553,199776,43,2,1,2,478,6,15,6,40,8,4,6,495,0,0,1,1,1,0,0,2,2,1,1,1,33,6,3,0,0,0,0,0,9,1,5
3,1,9,0,4,0,1,0,0,0,0,1,1,6,1,76,11,1461,2,10,1,1,3,577160,168450,46,3,1,6,544,6,0,6,30,3,2,6,0,0,4,1,1,1,0,0,1,1,1,1,1,33,6,3,0,0,0,0,0,9,1,5
2,1,19,0,18,0,0,1,10,1,9,1,1,1,1,36,7,2148,2,8,1,1,1,479747,360171,31,1,1,7,345,3,1,3,70,0,4,6,0,0,0,1,1,1,0,0,2,1,1,1,1,36,7,2,0,0,0,0,0,19,1,5
3,4,9,0,11,0,1,0,0,0,0,0,1,6,3,38,7,1598,1,8,1,1,4,459118,302699,33,4,1,4,364,3,5199,3,30,3,2,5,1559,0,5,1,1,1,0,0,1,1,1,1,1,33,6,3,0,0,0,0,0,9,1,5
3,1,9,0,18,0,8,0,0,0,0,1,1,6,1,38,7,1598,1,8,1,1,2,547530,174360,1,2,1,3,18,3,2,6,30,3,4,6,0,0,0,1,1,1,0,0,1,1,1,1,1,33,6,3,0,0,0,0,0,9,1,5
3,2,19,0,18,0,8,0,0,0,0,3,1,1,1,52,8,1753,2,4,1,2,2,390310,284260,20,2,2,4,303,3,491,2,30,8,4,6,0,0,0,1,1,1,0,0,1,2,1,1,1,52,8,3,0,0,0,0,0,19,1,10
3,2,19,0,2,0,0,0,0,0,0,2,1,6,1,63,9,2198,2,7,1,2,2,422919,304577,21,2,2,2,258,6,14,6,30,0,4,6,0,0,0,1,1,1,0,0,2,1,2,1,1,63,9,3,0,0,0,0,0,19,1,10
3,2,1,0,9,0,5,0,0,0,0,1,1,6,1,14,3,1598,1,8,1,1,2,380920,272410,22,2,1,6,278,6,0,6,30,3,4,6,0,0,0,1,1,1,0,0,1,1,1,1,1,14,3,3,0,0,0,0,0,1,1,5
3,4,9,0,4,0,0,0,0,0,0,2,1,6,1,49,8,1598,1,8,1,6,4,509660,207110,41,4,6,6,434,1,1,3,70,0,4,6,0,0,0,1,1,1,0,0,2,1,5,1,1,49,8,3,0,0,0,0,0,9,1,1
3,1,21,0,18,0,0,0,0,0,0,3,2,6,3,38,7,1598,1,8,1,1,2,465934,260118,34,2,1,6,385,1,1,3,50,0,4,6,0,0,0,1,1,1,0,0,2,1,1,1,1,33,6,3,0,0,0,0,0,9,1,5
3,1,9,0,4,0,0,0,0,0,0,2,1,1,2,24,5,1197,1,1,1,1,2,512580,177450,1,2,1,6,25,5,0,6,20,0,4,6,0,0,0,1,1,1,0,0,1,2,1,1,2,24,5,3,0,0,0,0,0,9,1,5
3,2,9,0,18,0,0,0,0,0,0,1,1,6,2,75,10,1086,1,12,1,1,2,350700,239160,22,2,1,5,285,3,465,6,30,0,4,6,0,0,0,4,1,1,0,0,1,2,1,1,1,33,6,3,0,0,0,0,0,9,1,5
3,2,9,0,4,0,0,0,0,0,0,2,1,6,2,60,9,1598,1,3,1,1,2,644971,317669,36,2,1,2,402,5,640,6,30,0,4,6,0,0,0,1,1,1,0,0,2,1,1,1,2,60,9,3,0,0,0,0,0,9,1,5
3,1,9,0,16,0,2,0,0,0,0,3,1,6,1,53,8,1598,1,8,1,2,2,510750,172850,1,2,2,7,25,6,0,6,30,3,4,6,0,0,0,4,1,2,0,0,1,1,1,1,1,33,6,3,0,0,0,0,0,9,1,5
3,2,9,0,2,0,0,0,0,0,0,3,1,6,3,38,7,1598,1,8,1,2,8,622740,136820,46,8,2,7,539,3,259,6,30,0,4,6,0,0,0,1,1,1,0,0,1,1,1,1,1,33,6,3,0,0,0,0,0,9,1,5
3,1,4,0,18,0,0,0,0,0,0,1,1,6,1,57,9,279,1,7,1,1,1,525810,175830,1,1,1,7,11,3,217,6,30,0,4,6,0,0,0,1,1,1,0,0,1,1,1,3,1,76,11,3,5,1,0,0,2,0,1,5
3,3,9,0,18,0,0,0,0,0,0,2,1,6,1,57,9,1968,2,8,1,1,3,413569,417105,13,3,1,3,203,3,640,6,30,0,4,6,0,0,0,4,5,2,0,0,1,1,1,1,1,33,6,3,0,0,0,0,0,9,1,5
3,1,3,0,4,0,0,0,0,0,0,1,1,1,1,26,6,125,1,6,1,2,1,513950,171370,1,1,2,1,24,6,0,6,30,0,4,6,0,0,0,4,1,1,0,0,1,1,1,1,1,26,6,3,0,0,0,0,0,3,1,2
3,1,9,0,7,0,8,0,0,0,0,4,1,6,1,24,5,2967,2,8,1,1,2,523820,177330,1,2,1,3,11,3,219,6,30,3,4,6,0,0,0,1,2,2,0,0,1,1,1,1,1,33,6,3,0,0,0,0,0,9,1,5
3,1,9,0,17,0,0,0,0,7,9,1,1,6,1,18,4,1199,1,11,2,3,1,635597,287544,37,1,3,3,416,3,144,6,60,0,4,6,0,0,0,6,1,2,0,0,2,1,1,1,1,18,4,3,0,0,0,0,0,9,2,7
3,1,9,0,1,0,1,0,0,0,0,2,1,6,1,27,6,1397,1,14,1,1,2,403400,243320,22,2,1,4,277,6,0,6,30,9,4,3,4184,0,0,1,1,1,0,0,2,1,1,1,1,33,6,3,0,0,0,0,0,9,1,5
3,2,9,0,2,0,0,0,0,0,0,1,1,6,1,23,5,1598,1,9,1,1,2,557771,178010,42,2,1,3,462,6,0,6,30,0,4,6,0,0,0,4,1,1,0,0,1,1,1,2,2,18,4,3,0,0,1,0,0,9,1,4
2,1,9,0,18,0,0,0,0,0,0,3,1,1,2,31,6,1895,1,15,1,1,1,448344,271335,23,1,1,4,292,4,4429,6,30,0,4,6,0,0,8,1,1,1,0,0,2,1,1,3,2,64,9,2,8,3,0,0,0,0,2,9
3,1,9,0,10,0,1,0,0,0,0,1,1,1,1,32,6,1968,2,2,1,1,2,630300,145730,46,2,1,3,533,6,3041,3,30,3,4,6,0,0,0,1,1,2,0,0,1,2,1,1,1,33,6,3,0,0,0,0,0,9,1,5
3,1,9,0,2,0,8,0,0,3,11,1,1,6,1,63,9,1997,2,6,1,2,1,451934,335967,31,1,2,2,342,4,6464,6,30,6,4,6,0,0,8,1,1,2,0,0,1,1,2,3,2,6,2,3,6,9,0,0,0,0,1,8
3,2,1,0,18,9,1,0,0,0,0,4,1,6,1,41,7,1598,1,8,1,1,2,499383,179235,43,2,1,3,473,3,4,6,30,3,4,6,7302,0,0,4,1,1,0,0,1,1,1,1,1,41,7,3,0,0,0,0,0,1,1,3
3,1,9,0,18,0,0,0,0,0,0,4,1,6,3,38,7,1598,1,8,1,1,1,419054,433950,13,1,1,3,200,6,0,6,30,0,4,6,0,0,4,1,1,2,0,0,1,2,1,3,1,27,6,3,1,9,0,0,0,0,1,7
3,2,19,0,18,0,0,0,0,0,0,1,1,6,1,59,9,2287,2,8,1,2,2,579364,114837,47,2,2,3,555,3,21,6,50,0,4,6,0,0,0,1,1,1,0,0,2,1,2,1,1,59,9,3,0,0,0,0,0,19,1,4
3,1,9,0,18,0,0,0,0,0,0,1,1,6,1,90,11,1599,1,15,1,1,2,530936,405102,16,2,1,6,233,3,1031,6,60,0,4,6,0,0,0,1,1,1,0,0,1,1,1,1,1,33,6,3,0,0,0,0,0,9,1,5
2,1,19,0,18,0,0,0,0,0,0,3,1,1,1,26,6,2151,2,11,1,1,1,509700,180760,1,1,1,2,26,6,0,6,20,0,4,6,0,0,0,1,1,1,0,0,1,1,1,3,1,6,2,2,5,4,0,0,2,0,1,3
3,3,8,0,3,0,1,0,0,0,0,2,1,1,1,49,8,1896,2,7,1,2,3,449358,531087,17,3,2,1,240,6,0,6,30,3,2,6,0,0,5,1,1,1,0,0,1,1,1,1,1,33,6,3,0,0,0,0,0,9,1,5
3,2,9,0,13,0,0,0,0,0,0,0,1,6,3,38,7,1598,1,8,1,1,2,323190,108922,50,2,1,6,580,3,303,6,30,0,4,6,0,0,0,1,2,2,0,0,2,1,1,1,1,33,6,3,0,0,0,0,0,9,1,5
3,2,9,0,9,0,1,0,0,0,0,3,1,6,2,42,7,1229,1,10,1,1,2,638820,167690,46,2,1,4,541,6,4122,6,30,6,4,6,0,0,0,1,1,1,0,0,1,1,1,1,1,33,6,3,0,0,0,0,0,9,1,5
3,1,9,0,18,0,8,0,0,0,0,1,1,6,1,69,10,1591,1,4,1,1,1,538950,194500,1,1,1,3,13,3,1069,6,30,3,4,6,0,0,1,1,1,1,0,0,1,1,1,1,1,69,10,3,0,0,0,0,0,9,1,4
3,3,9,0,4,0,0,0,0,0,0,0,1,6,1,25,5,1598,1,8,1,2,3,501235,484118,12,3,2,6,186,6,522,6,30,0,4,6,0,0,0,5,1,1,0,0,2,1,1,1,1,33,6,3,0,0,0,0,0,9,1,5
3,2,9,0,4,0,0,0,0,0,0,2,1,6,2,47,8,1995,2,3,1,1,2,505612,195099,41,2,1,3,436,3,404,6,40,0,4,6,0,0,4,1,2,2,0,0,2,1,1,1,2,47,8,3,0,0,0,0,0,9,1,10
3,2,20,0,5,0,1,0,0,0,0,0,1,1,1,29,6,5193,2,2,1,2,3,457008,402126,14,3,2,3,211,6,0,6,20,3,2,3,630,0,0,1,1,1,0,0,1,1,1,1,1,33,6,3,0,0,0,0,0,9,1,5
3,1,11,0,18,0,0,0,0,0,0,4,1,1,1,38,7,4500,2,6,1,1,2,537080,168680,1,2,1,7,19,5,0,6,30,0,4,6,0,0,0,1,1,1,0,0,1,1,1,1,1,33,6,3,0,0,0,0,0,11,1,2
3,1,19,0,18,0,8,0,0,0,0,3,1,6,1,26,6,1461,2,1,1,2,2,525570,182120,1,2,2,2,1,5,0,6,30,3,4,6,0,0,0,1,1,1,0,0,1,2,2,2,2,27,6,3,0,0,0,0,0,19,1,5
2,2,9,0,17,0,0,0,0,0,0,3,1,6,2,43,7,1499,2,1,3,3,2,376912,159532,52,2,3,2,611,4,3110,6,50,0,4,6,0,0,0,6,2,2,0,0,2,1,2,2,2,20,4,2,0,0,2,0,0,9,3,7
3,2,9,0,11,0,0,0,0,0,0,1,1,1,1,30,6,1968,2,2,2,2,6,455120,397306,14,6,2,2,211,1,18,3,70,0,4,6,0,0,0,1,2,2,0,0,2,1,1,1,1,30,6,3,0,0,0,0,0,9,2,9
3,2,9,0,18,0,8,5,10,1,1,3,1,6,1,30,6,5204,1,6,1,1,2,431756,266082,23,2,1,6,294,4,4087,6,30,6,2,4,4099,0,5,4,1,1,0,0,1,1,1,1,1,30,6,3,0,0,0,0,0,9,1,7
3,1,11,0,4,0,0,0,0,0,0,0,1,1,1,46,8,4760,2,4,1,1,1,430303,435997,13,1,1,4,204,3,61,3,40,0,4,6,0,0,0,1,1,1,0,0,1,2,1,2,2,40,7,3,0,0,0,4,0,11,1,2
3,1,9,0,9,0,8,0,0,0,0,1,1,6,2,33,6,1796,2,1,1,1,2,366597,360545,7,2,1,2,129,4,5074,6,30,8,4,6,0,0,0,6,9,1,0,0,2,2,1,1,1,33,6,3,0,0,0,0,0,9,1,5
3,2,9,0,16,0,0,0,0,0,0,1,1,6,1,61,9,1968,2,1,3,4,3,342690,331380,22,3,4,6,286,3,528,6,60,0,4,6,0,0,0,1,1,1,0,0,2,1,2,1,1,61,9,3,0,0,0,0,0,9,3,5
3,2,8,0,18,0,1,0,4,0,0,3,1,1,3,38,7,1598,1,8,1,1,2,466229,100757,44,2,1,5,498,6,0,6,30,3,4,6,0,0,0,1,1,1,0,0,1,2,1,3,2,29,6,3,9,9,0,0,0,0,1,3
3,1,9,0,18,0,1,0,0,0,0,1,1,1,1,22,5,1598,1,8,1,1,1,454818,405922,14,1,1,4,211,6,0,6,30,3,4,6,0,0,0,1,1,1,0,0,1,1,1,3,2,11,3,3,5,1,0,0,0,0,1,1
3,1,20,4,18,0,0,0,0,0,0,1,1,1,1,34,6,1598,1,8,1,1,1,518288,197732,41,1,1,7,33,5,85,6,30,0,4,6,0,0,1,4,1,1,0,0,1,1,1,3,1,64,9,3,1,1,0,0,0,0,1,5
3,1,9,0,18,0,8,0,0,0,0,3,1,2,1,37,7,1998,1,21,1,1,2,409507,91908,55,2,1,4,640,3,338,1,40,1,4,3,35,0,0,4,1,2,0,0,1,1,1,1,1,33,6,3,0,0,0,0,0,9,1,5
3,2,9,0,18,0,8,0,0,0,0,1,1,6,2,32,6,1910,2,9,2,3,2,408518,549008,11,2,3,2,169,3,692,6,30,3,4,6,0,0,0,1,1,1,0,0,2,1,2,1,2,32,6,3,0,0,0,0,0,9,2,2
3,2,19,0,4,0,0,0,0,0,0,1,1,6,1,30,6,1995,2,7,1,2,2,524340,189290,1,2,2,5,30,3,1,3,50,0,4,6,0,0,5,1,1,1,0,0,1,1,1,1,1,33,6,3,0,0,0,0,0,9,1,5
3,1,9,0,7,0,7,0,0,0,0,3,1,6,1,38,7,2616,1,11,1,1,2,472655,172224,43,2,1,3,472,6,7201,6,30,8,4,6,7201,0,0,1,1,1,0,0,1,1,1,1,1,33,6,3,0,0,0,0,0,9,1,5
3,2,9,0,18,0,0,0,0,0,0,3,1,6,1,75,10,1796,1,5,1,2,2,543610,159420,1,2,2,1,19,6,0,6,30,0,4,6,0,0,0,1,1,1,0,0,2,1,1,1,1,33,6,3,0,0,0,0,0,9,1,5
3,2,1,0,18,0,8,0,0,0,0,1,1,6,2,46,8,1598,1,8,1,1,2,514390,182230,1,2,1,5,27,3,4127,6,30,6,2,4,455,0,5,1,1,1,0,0,1,1,1,1,2,46,8,3,0,0,0,0,0,1,1,2
3,2,98,0,4,0,1,0,0,0,0,1,1,2,1,44,7,1598,1,8,1,1,2,502612,436717,16,2,1,4,231,3,164,6,40,3,2,3,1079,0,0,1,1,1,0,0,2,2,1,1,1,33,6,3,0,0,0,0,0,9,1,5
3,1,9,0,11,0,0,1,0,0,0,1,1,6,2,18,4,1149,1,11,2,2,1,440170,332140,30,1,2,2,328,3,6,3,70,0,4,6,0,0,0,1,2,2,0,0,2,1,1,1,2,18,4,3,0,0,0,0,0,9,2,10
3,1,9,0,1,9,1,0,0,0,0,3,1,1,1,30,6,1598,1,8,3,1,2,610554,231738,42,2,1,5,461,6,0,6,30,3,4,6,0,0,0,1,1,1,0,0,2,1,1,1,1,33,6,3,0,0,0,0,0,9,1,5
3,1,8,0,18,0,0,0,0,0,0,1,1,6,1,38,7,1896,2,6,1,1,2,430407,433467,13,2,1,6,204,6,0,6,30,0,4,6,0,0,0,4,2,2,0,0,1,2,1,1,1,33,6,3,0,0,0,0,0,9,1,5
3,1,9,0,18,0,3,0,9,0,1,1,1,6,2,44,7,1796,1,8,2,3,2,523880,274370,35,2,3,7,393,3,141,1,50,1,4,5,115,0,0,1,1,1,0,0,2,1,1,1,2,44,7,3,0,0,0,0,0,9,2,3
2,3,19,0,3,0,0,0,0,0,0,2,1,1,1,53,8,2998,2,7,1,3,6,574097,203264,42,6,3,4,454,3,130,3,70,0,4,6,0,0,0,1,1,2,0,0,2,1,1,1,1,33,6,3,0,0,0,0,0,9,1,5
3,1,1,0,18,0,1,0,0,0,0,1,1,6,1,21,5,1598,1,8,1,1,2,527575,135005,47,2,1,1,560,6,0,6,30,3,4,6,0,0,0,4,1,4,0,0,1,1,1,1,1,21,5,3,0,0,0,0,0,1,1,3
3,2,9,0,16,0,0,0,0,0,0,2,1,6,2,49,8,1998,2,5,1,3,2,424666,561292,10,2,3,3,146,6,4125,6,30,0,4,6,0,0,0,1,1,1,0,0,1,1,2,2,2,45,7,3,0,0,2,0,0,9,1,1
3,1,3,0,14,0,8,0,0,0,0,4,1,1,1,58,9,125,1,4,1,1,2,509900,178980,1,2,1,3,26,3,312,6,30,3,4,3,312,0,4,1,1,1,0,0,1,1,1,1,1,58,9,3,0,0,0,0,0,3,1,5
3,2,19,0,3,0,1,0,0,0,0,2,1,6,2,51,8,2148,2,11,1,1,2,519090,188750,1,2,1,1,28,3,4006,6,30,1,4,3,4140,0,0,4,1,1,0,0,1,1,1,1,2,51,8,3,0,0,0,0,0,19,1,4
3,1,9,0,18,9,0,0,0,1,2,4,1,6,1,31,6,1360,1,15,1,1,1,631090,143300,46,1,1,6,533,6,3302,6,30,0,4,6,0,0,8,1,8,2,0,0,1,1,1,2,1,3,1,3,0,0,2,0,0,9,1,4
2,1,9,0,9,0,5,0,0,1,0,4,1,6,1,26,6,998,1,15,3,3,2,349670,460520,4,2,3,6,76,5,477,6,40,3,4,6,0,0,0,1,1,1,0,0,2,1,1,1,1,26,6,2,0,0,0,0,0,9,3,7
2,1,9,0,5,0,4,0,0,0,0,1,1,6,1,17,4,1390,1,10,1,1,2,432867,422153,13,2,1,6,206,3,650,3,30,1,4,3,61,0,0,4,1,1,0,0,1,1,1,1,1,33,6,3,0,0,0,0,0,9,1,5
2,2,3,0,18,0,8,0,0,0,0,1,1,6,1,54,8,124,1,6,1,1,2,616028,316495,36,2,1,5,401,5,261,6,60,3,4,5,262,0,0,6,1,2,0,0,2,1,1,1,1,54,8,2,0,0,0,0,0,3,1,2
3,2,9,0,18,0,8,0,0,0,0,1,1,6,1,38,7,1398,2,13,1,4,2,478990,264055,34,2,4,4,384,3,43,3,50,3,4,6,8179,0,0,1,1,1,0,0,1,1,1,1,1,33,6,3,0,0,0,0,0,9,1,5
3,2,9,0,4,0,0,0,0,0,0,2,1,6,1,33,6,1598,1,8,1,1,2,454529,278930,33,2,1,4,363,1,6,3,70,0,4,6,0,0,0,4,1,1,4,0,2,1,1,1,1,33,6,3,0,0,0,0,0,9,1,10
3,2,9,0,18,0,2,0,0,0,0,1,1,6,1,64,9,1598,1,8,1,2,3,420913,425160,13,3,2,3,203,6,0,6,30,6,4,6,0,0,0,4,1,2,6,2,1,1,2,1,1,64,9,3,0,0,0,0,0,9,1,5
3,2,1,0,18,0,8,0,0,0,0,1,1,2,2,30,6,1598,1,8,1,1,2,537020,182740,1,2,1,4,5,3,11,6,30,8,4,6,0,0,0,4,1,1,0,0,1,1,1,1,2,30,6,3,0,0,0,0,0,1,1,5
3,1,9,0,8,0,1,0,0,0,0,4,1,6,2,47,8,1598,1,8,1,4,3,444928,410962,13,3,4,4,206,6,0,6,30,3,4,6,0,0,1,1,1,1,0,0,1,1,1,1,2,47,8,3,0,0,0,0,0,9,1,1
2,1,11,0,5,0,0,0,0,0,0,0,1,1,1,47,8,7300,2,10,1,1,1,362856,175532,52,1,1,2,601,3,432,6,30,0,4,6,0,0,0,7,1,1,0,0,1,2,1,2,2,35,6,2,0,0,0,1,0,11,1,3
3,1,21,1,18,0,1,1,0,1,0,1,1,1,1,52,8,12777,2,4,1,1,4,287580,824087,91,4,1,2,927,3,9,6,60,5,4,3,938,0,0,1,5,2,0,0,2,1,1,1,1,33,6,3,0,0,0,0,0,9,1,5
3,2,1,0,18,0,0,0,4,0,0,4,1,6,2,33,6,1598,1,8,1,1,3,451657,204780,43,3,1,3,482,3,4144,6,30,0,4,6,0,0,0,1,1,1,0,0,1,1,1,1,2,33,6,3,0,0,0,0,0,1,1,6
2,1,9,0,18,0,3,0,0,0,0,1,1,2,2,23,5,1242,1,8,1,1,1,429600,514296,11,1,1,2,161,4,6280,1,30,1,4,5,380,0,8,1,1,1,4,0,1,1,1,3,2,76,11,2,5,1,0,0,0,0,1,1
2,1,5,0,17,0,0,0,0,1,0,3,1,6,1,64,9,1450,1,11,3,1,2,354660,454540,4,2,1,6,76,6,0,6,30,0,4,6,0,0,0,1,1,1,0,0,2,1,1,1,1,64,9,2,0,0,0,0,0,5,3,8
3,2,9,0,18,0,0,0,0,0,0,1,1,6,1,35,6,1598,2,4,1,5,2,418380,275410,20,2,5,3,306,6,0,6,30,0,4,6,0,0,0,6,1,1,0,0,2,1,5,2,1,33,6,3,0,0,1,0,0,9,1,5
3,1,9,0,18,0,0,0,0,0,0,1,1,2,1,21,5,1242,1,17,1,1,2,335093,382888,5,2,1,5,95,6,0,6,30,0,4,6,0,0,0,1,1,1,0,0,1,1,1,1,1,33,6,3,0,0,0,0,0,9,1,5
3,2,9,0,9,0,8,0,0,0,0,1,1,6,1,38,7,980,1,13,1,1,2,526250,182620,1,2,1,7,1,3,5,6,30,6,2,5,0,0,5,1,1,1,0,0,1,2,1,1,1,33,6,3,0,0,0,0,0,9,1,5
2,2,9,0,9,0,0,0,0,0,0,4,1,6,1,16,4,1396,1,12,1,1,2,470174,108187,44,2,1,3,495,6,0,6,30,0,4,6,0,0,0,4,1,1,0,0,1,1,1,1,1,33,6,3,0,0,0,0,0,9,1,5
3,2,19,0,5,0,1,0,0,0,0,4,1,6,1,38,7,1598,1,8,1,1,2,529470,175300,1,2,1,2,9,3,3,6,30,6,2,3,2217,0,5,1,1,1,0,0,1,2,1,1,1,33,6,3,0,0,0,0,0,9,1,5