accident_severity,vehicle_reference,vehicle_type,towing_and_articulation,vehicle_manoeuvre,vehicle_location-restricted_lane,junction_location,skidding_and_overturning,hit_object_in_carriageway,vehicle_leaving_carriageway,hit_object_off_carriageway,1st_point_of_impact,was_vehicle_left_hand_drive?,journey_purpose_of_driver,sex_of_driver,age_of_driver,age_band_of_driver,engine_capacity_(cc),propulsion_code,age_of_vehicle,driver_home_area_type,NUmber_of_Casualities_unique_to_accident_index,No_of_Vehicles_involved_unique_to_accident_index,location_easting_osgr,location_northing_osgr,police_force,number_of_vehicles,number_of_casualties,day_of_week,local_authority_(district),1st_road_class,1st_road_number,road_type,speed_limit,junction_detail,junction_control,2nd_road_class,2nd_road_number,pedestrian_crossing-human_control,pedestrian_crossing-physical_facilities,light_conditions,weather_conditions,road_surface_conditions,special_conditions_at_site,carriageway_hazards,urban_or_rural_area,did_police_officer_attend_scene_of_accident,casualty_reference,casualty_class,sex_of_casualty,age_of_casualty,age_band_of_casualty,casualty_severity,pedestrian_location,pedestrian_movement,car_passenger,bus_or_coach_passenger,pedestrian_road_maintenance_worker,casualty_type,casualty_home_area_type,casualty_imd_decile
2,3,9,0,2,0,0,0,0,0,0,3,1,6,2,28,6,1591,1,7,1,1,3,251753,664530,97,3,1,1,926,6,0,6,30,0,4,6,0,0,0,4,1,1,0,0,1,1,1,1,1,33,6,3,0,0,0,0,0,9,1,5
3,1,9,0,7,0,6,0,0,0,0,3,1,6,2,22,5,998,1,3,1,1,2,357081,170856,52,2,1,3,601,3,3029,6,30,3,4,6,0,0,4,4,2,2,0,0,1,2,1,1,2,22,5,3,0,0,0,0,0,9,1,3
3,1,9,0,18,0,0,0,0,7,9,1,1,6,1,19,4,1590,1,18,1,1,1,339706,669059,95,1,1,7,929,6,0,6,60,0,4,6,0,0,0,1,1,1,0,0,2,1,1,2,1,17,4,3,0,0,2,0,0,9,1,5
3,1,9,0,9,0,8,0,0,0,0,1,1,6,1,38,7,1390,1,12,1,1,3,438020,333830,30,3,1,5,323,3,6,6,30,3,4,6,0,0,0,1,1,1,0,0,1,1,1,1,1,33,6,3,0,0,0,0,0,9,1,5
2,2,5,0,11,0,0,0,0,0,0,3,1,1,1,37,7,998,1,7,1,1,2,418690,286760,20,2,1,6,306,3,452,6,30,0,4,6,0,0,5,1,1,1,0,0,1,1,1,1,1,37,7,2,0,0,0,0,0,5,1,3
3,2,9,0,4,0,0,0,0,0,0,2,1,1,1,55,8,1598,1,8,1,4,3,449622,336290,31,3,4,4,342,3,52,6,40,0,4,6,0,0,0,1,2,2,0,0,1,1,2,1,1,55,8,3,0,0,0,0,0,9,1,4
2,1,9,0,18,0,0,0,0,0,0,1,1,6,2,45,7,1968,2,11,1,2,4,301253,142333,52,4,2,2,609,3,39,6,30,0,4,6,0,0,0,1,1,1,0,0,2,1,1,1,2,45,7,2,0,0,0,0,0,9,1,10
3,1,9,0,18,0,0,0,0,0,0,1,1,6,1,24,5,2143,2,3,1,2,2,414710,289140,20,2,2,7,300,6,0,6,30,0,4,6,0,0,0,1,1,1,0,0,1,1,1,1,1,33,6,3,0,0,0,0,0,9,1,5
3,1,9,0,17,0,0,0,0,0,11,1,1,6,1,53,8,1995,2,11,1,3,2,522955,325884,32,2,3,3,354,5,706,6,40,0,4,6,0,0,0,1,1,1,0,0,2,1,1,1,1,53,8,3,0,0,0,0,0,9,1,4
3,2,9,0,18,0,1,0,0,0,0,4,1,6,1,21,5,1364,1,1,1,2,2,430671,570632,10,2,2,1,148,3,186,3,30,1,2,3,19,0,0,1,1,1,0,0,2,1,1,1,1,21,5,3,0,0,0,0,0,9,1,7
3,2,19,0,18,0,8,0,0,0,0,1,1,6,2,30,6,1499,2,8,1,1,2,290807,64545,50,2,1,3,587,6,0,6,30,9,2,6,0,0,0,1,1,1,0,0,1,1,1,1,2,30,6,3,0,0,0,0,0,19,1,1
3,2,9,0,3,0,1,0,0,0,0,2,1,2,2,37,7,1242,1,1,3,1,2,343101,731730,93,2,1,3,918,3,972,3,40,1,4,4,961,0,0,4,2,2,0,0,1,1,1,1,2,37,7,3,0,0,0,0,0,9,3,5
3,1,9,0,9,0,1,0,0,0,0,3,1,6,2,18,4,1242,1,8,1,1,2,576685,164383,46,2,1,1,544,6,0,6,30,3,4,6,0,0,0,1,2,2,0,0,1,1,1,1,1,33,6,3,0,0,0,0,0,9,1,5
3,2,9,0,9,0,8,0,0,0,0,0,1,6,3,38,7,1598,1,8,1,1,2,531210,177270,1,2,1,6,9,3,23,6,30,3,4,6,0,0,4,4,2,2,0,0,1,2,1,1,1,33,6,3,0,0,0,0,0,9,1,5
2,3,9,0,16,0,0,0,0,0,0,1,1,1,1,60,9,2969,2,10,1,3,3,396748,281437,22,3,3,4,270,4,4551,6,30,0,4,6,0,0,0,6,1,2,0,0,2,1,3,2,2,62,9,3,0,0,1,0,0,9,1,10
3,1,19,0,18,0,0,0,0,0,0,1,1,6,1,51,8,1968,2,5,1,1,3,312480,678670,95,3,1,1,923,1,90,3,70,0,4,6,0,0,0,1,1,1,0,0,2,1,1,2,2,49,8,3,0,0,0,0,0,19,1,5
3,1,9,0,5,0,0,0,0,0,0,3,1,1,1,57,9,1198,1,3,3,2,2,576314,165434,46,2,2,5,544,6,0,6,30,0,4,6,0,0,0,4,2,2,0,0,1,1,2,2,2,34,6,3,0,0,1,0,0,9,1,3
3,2,9,0,9,0,1,0,4,0,0,1,1,6,1,18,4,998,1,8,1,1,2,219522,669817,97,2,1,7,928,3,78,6,40,8,4,6,0,0,0,4,5,2,0,0,2,1,1,1,1,33,6,3,0,0,0,0,0,9,1,5
3,1,9,0,16,0,0,1,0,1,10,4,1,6,1,45,7,1598,1,8,1,1,1,523160,298810,35,1,1,4,394,6,0,6,60,0,4,6,0,0,0,6,4,2,0,0,2,1,1,2,1,58,9,3,0,0,1,0,0,9,2,6
3,1,3,0,18,0,8,0,0,0,0,1,1,6,1,34,6,124,1,3,1,1,2,534950,184360,1,2,1,3,4,3,107,6,30,3,4,6,0,0,0,4,1,1,0,0,1,1,1,1,1,34,6,3,0,0,0,0,0,3,1,1
3,1,9,0,17,0,0,1,0,1,1,1,1,1,1,30,6,1598,1,8,1,1,1,503266,238796,40,1,1,7,424,4,530,6,40,0,4,6,0,0,0,1,7,4,0,0,2,1,1,1,1,30,6,3,0,0,0,0,0,9,1,10
3,2,9,0,18,0,0,0,0,0,0,1,1,6,1,80,11,1582,2,3,3,3,2,448893,515161,17,2,3,4,243,3,174,3,50,0,4,6,0,0,0,1,1,1,4,0,1,1,2,1,1,80,11,3,0,0,0,0,0,9,3,2
1,2,9,0,17,0,0,0,0,1,0,1,1,1,1,58,9,1997,2,12,1,6,2,439430,331090,30,2,6,1,328,5,292,6,60,0,4,6,0,0,0,1,2,2,0,0,2,1,4,1,1,58,9,2,0,0,0,0,0,9,1,7
2,1,9,0,18,0,0,0,4,7,4,1,1,6,1,18,4,2494,1,17,1,4,4,410850,281030,20,4,4,2,300,3,34,3,30,0,4,6,0,0,0,4,2,2,0,0,1,1,2,2,2,14,3,2,0,0,2,0,0,9,1,4
3,1,9,0,1,0,6,0,0,0,0,2,1,6,2,35,6,1149,1,3,1,1,2,350662,388107,7,2,1,4,124,6,0,2,30,8,4,6,0,0,0,1,1,1,0,0,1,1,1,1,1,33,6,3,0,0,0,0,0,9,1,5
3,1,9,0,18,0,1,0,0,0,0,1,1,6,2,19,4,1229,1,2,2,5,4,442870,413021,13,4,5,2,206,6,0,6,30,3,2,6,0,0,4,1,1,1,0,0,2,1,1,1,2,19,4,3,0,0,0,0,0,9,2,1
2,1,5,0,18,0,0,0,0,0,0,1,1,1,1,38,7,1598,1,8,1,1,2,527100,173730,1,2,1,4,10,3,214,6,30,0,4,6,0,0,0,1,1,1,0,0,1,1,1,1,1,33,6,2,0,0,0,0,0,5,1,5
2,2,1,0,18,0,8,5,0,0,0,1,1,2,1,48,8,1598,1,8,1,1,2,376003,379042,7,2,1,3,129,4,5085,6,30,3,4,6,0,0,0,1,1,1,0,0,1,1,1,1,1,48,8,2,0,0,0,0,0,1,1,10
2,3,9,0,2,0,0,0,0,0,0,3,1,6,3,38,7,1598,3,1,1,1,3,522870,183520,1,3,1,3,28,5,0,6,30,0,4,6,0,0,0,4,1,2,0,0,1,1,1,1,1,33,6,3,0,0,0,0,0,9,1,5
3,1,9,0,13,0,0,1,0,2,10,4,1,2,1,36,7,1598,1,8,1,2,3,477991,119706,47,3,2,4,559,4,2146,3,60,0,4,6,0,0,0,1,1,1,0,0,2,1,1,1,1,36,7,3,0,0,0,0,0,9,1,8
3,1,5,0,7,0,1,0,0,0,0,4,1,6,1,46,8,1598,1,8,1,1,1,404333,91133,55,1,1,6,643,6,0,6,30,3,4,6,0,0,0,1,1,1,0,0,1,1,1,1,1,46,8,3,0,0,0,0,0,5,1,9
2,2,9,0,7,0,5,0,0,0,0,0,1,1,2,37,7,1598,1,8,1,1,2,452966,204639,43,2,1,5,482,3,4158,6,30,3,2,6,0,0,5,1,1,1,0,0,1,1,1,1,1,33,6,3,0,0,0,0,0,9,1,5
3,3,9,0,9,0,5,0,0,0,0,3,1,3,1,42,7,1248,2,5,1,2,4,422285,563699,10,4,2,3,147,6,1031,6,30,3,4,6,1031,0,1,1,4,2,0,0,1,1,1,1,1,42,7,3,0,0,0,0,0,9,1,3
3,1,11,0,18,0,8,0,0,0,0,0,1,1,1,30,6,9000,2,5,1,14,1,436031,394105,14,1,14,5,215,5,431,6,30,3,4,6,0,0,0,1,1,1,0,0,1,1,4,2,1,12,3,3,0,0,0,4,0,11,1,1
3,1,9,0,18,0,0,0,0,0,0,1,1,1,2,24,5,1598,1,8,1,1,2,531067,152146,45,2,1,6,516,1,23,3,70,0,4,6,0,0,0,1,2,2,0,0,2,1,1,1,2,24,5,3,0,0,0,0,0,9,1,3
2,1,9,4,18,0,0,0,0,7,0,1,1,6,1,61,9,1598,1,8,3,2,3,404722,424103,13,3,2,2,202,3,646,6,40,0,4,6,0,0,0,1,1,1,0,0,1,1,1,1,1,33,6,3,0,0,0,0,0,9,1,5
3,2,9,0,18,0,0,0,0,0,0,4,1,6,1,38,7,1598,1,8,3,1,2,357200,171768,52,2,1,6,601,4,3120,6,30,0,4,6,0,0,0,1,1,1,0,0,1,1,1,1,1,33,6,3,0,0,0,0,0,9,1,5
3,2,1,0,18,0,8,0,0,0,0,1,1,6,1,61,9,1598,1,8,1,1,2,527180,173600,1,2,1,6,10,3,214,6,30,6,4,6,0,0,0,1,1,1,0,0,1,1,1,1,1,61,9,3,0,0,0,0,0,1,1,10
3,1,1,0,18,0,1,0,0,0,0,2,1,2,1,35,6,1598,1,8,1,1,3,531590,181450,48,3,1,5,570,3,201,6,20,3,4,6,0,0,0,1,1,1,4,0,1,1,1,1,1,33,6,3,0,0,0,0,0,9,1,5
3,1,9,0,2,0,0,0,0,0,0,1,1,6,3,38,7,2495,2,20,1,1,2,480261,131339,44,2,1,6,497,3,3,3,70,0,4,6,0,0,0,6,8,4,0,0,2,1,1,1,1,33,6,3,0,0,0,0,0,9,1,5
3,1,9,0,18,0,2,0,0,0,0,1,1,6,3,38,7,1598,1,8,1,1,1,387373,350337,21,1,1,5,257,4,5051,6,30,3,4,6,0,0,0,1,1,1,0,0,1,1,1,3,2,60,9,3,5,9,0,0,0,0,1,1
3,1,9,0,18,0,0,0,0,0,0,2,1,1,1,41,7,998,1,2,1,9,3,375840,396740,6,3,9,7,112,1,60,3,70,0,4,6,0,0,0,1,1,1,4,0,2,1,4,2,2,10,2,3,0,0,2,0,0,9,1,5
2,2,21,1,2,0,0,0,0,0,0,1,1,1,1,47,8,12900,2,4,1,2,2,414430,294370,20,2,2,2,300,6,0,6,30,0,4,6,0,0,0,1,1,1,0,0,1,1,2,1,1,47,8,3,0,0,0,0,0,21,1,8
3,3,9,0,7,0,6,0,0,0,0,3,1,1,1,24,5,1598,1,8,1,5,3,450336,397806,14,3,5,7,211,3,630,6,40,3,4,6,0,0,0,4,1,1,0,0,1,1,5,2,2,4,1,3,0,0,2,0,0,9,2,5
3,1,9,0,18,0,4,5,10,3,4,1,1,6,1,17,4,1248,2,9,2,3,1,456422,381715,31,1,3,5,341,3,57,1,60,1,4,4,6041,0,0,4,1,1,0,0,2,1,2,2,1,17,4,3,0,0,1,0,0,9,1,4
3,1,9,0,7,0,6,0,0,0,0,3,1,6,1,34,6,2967,2,9,1,1,2,410580,287820,20,2,1,2,300,6,0,6,30,8,4,6,0,0,4,1,1,1,0,0,1,1,1,1,1,33,6,3,0,0,0,0,0,9,1,5
2,2,9,0,15,0,8,0,0,0,0,3,1,6,1,30,6,1598,1,8,1,1,2,527070,181670,1,2,1,5,1,3,5,2,30,6,2,3,404,0,5,1,1,2,0,0,1,1,1,1,1,33,6,3,0,0,0,0,0,9,1,5
3,2,9,0,5,0,1,0,0,0,0,2,1,1,2,47,8,1598,1,8,1,5,2,416302,422216,13,2,5,5,202,3,644,3,50,1,4,1,62,0,0,1,1,1,0,0,2,1,3,2,2,44,7,3,0,0,2,0,0,9,1,3
3,1,9,0,18,0,0,0,0,0,0,1,1,6,1,22,5,1582,2,3,1,3,2,531650,174720,1,2,3,1,9,6,0,6,30,0,4,6,0,0,0,1,1,1,0,0,1,1,1,1,1,22,5,3,0,0,0,0,0,9,1,2
3,3,9,0,18,0,1,0,0,0,0,1,1,6,3,38,7,1598,1,8,1,1,3,446128,519910,17,3,1,6,245,3,1046,3,40,1,4,6,0,0,0,1,2,2,0,0,1,2,1,1,1,33,6,3,0,0,0,0,0,9,1,5
3,1,9,0,3,0,1,0,0,0,10,1,1,6,2,22,5,1364,1,8,1,1,2,338140,558350,3,2,1,2,62,3,689,1,60,1,4,6,0,0,0,1,1,1,0,0,2,1,1,1,2,22,5,3,0,0,0,0,0,9,1,9
3,1,9,0,18,0,0,0,0,0,0,1,1,6,1,89,11,1198,1,12,1,1,1,260552,664304,97,1,1,5,926,6,0,6,30,0,4,6,0,0,4,1,2,2,0,0,1,1,1,3,1,43,7,3,5,4,0,0,0,0,1,5
3,2,19,0,18,0,2,0,4,0,0,1,1,6,1,28,6,1995,2,7,1,4,3,527470,192700,1,3,4,5,30,4,550,6,30,3,4,6,0,0,1,1,1,1,0,0,1,1,2,1,1,28,6,3,0,0,0,0,0,19,1,8
3,1,9,0,9,0,8,0,0,0,0,0,1,6,1,29,6,1360,1,5,1,1,1,438263,113695,44,1,1,1,500,6,0,1,30,2,4,6,0,0,0,4,1,1,0,0,1,1,1,2,2,22,5,3,0,0,1,0,0,9,1,5
3,2,21,1,18,0,0,0,0,0,0,3,1,1,1,51,8,1598,1,8,1,1,2,455652,206567,43,2,1,5,482,3,4142,3,50,0,4,6,0,0,0,1,1,1,0,0,2,1,1,1,1,33,6,3,0,0,0,0,0,9,1,5
3,1,9,0,3,0,1,0,0,0,0,2,1,6,1,33,6,1956,2,5,1,1,2,448086,516877,17,2,1,5,243,3,1032,6,30,3,2,6,0,0,0,1,1,1,0,0,1,2,1,1,1,33,6,3,0,0,0,0,0,9,1,5
3,1,9,0,18,0,0,0,0,0,0,1,1,6,1,27,6,1997,2,8,1,1,2,408690,289470,20,2,1,5,300,3,5127,3,30,0,4,6,0,0,0,1,1,1,0,0,1,1,1,1,1,27,6,3,0,0,0,0,0,9,1,1
3,2,9,0,8,0,1,0,0,0,0,2,1,6,2,46,8,1598,1,8,2,3,2,616207,244029,37,2,3,5,412,3,137,3,30,9,4,6,0,0,0,1,1,1,0,0,1,2,3,2,2,16,4,3,0,0,2,0,0,9,1,8
2,1,9,0,18,0,8,0,0,0,0,1,1,6,2,20,4,1242,1,5,1,1,2,534030,170490,1,2,1,7,19,3,214,6,30,3,4,6,0,0,0,1,1,1,0,0,1,1,1,1,1,33,6,3,0,0,0,0,0,9,1,5
3,3,9,0,3,0,7,0,0,0,0,1,1,6,1,44,7,2979,1,3,1,2,3,401650,290120,20,3,2,2,305,1,5,7,70,5,4,1,5,0,0,1,1,1,0,0,1,1,1,1,1,33,6,3,0,0,0,0,0,9,1,5
3,2,9,0,9,0,8,1,0,1,0,1,1,2,1,62,9,1598,1,6,1,2,2,337423,378319,7,2,2,5,130,4,5132,6,60,3,4,6,0,0,0,1,1,1,0,0,2,1,2,1,1,62,9,3,0,0,0,0,0,9,1,9
3,1,8,0,18,0,0,0,0,0,0,1,1,1,1,37,7,1997,2,11,1,1,3,387687,345739,21,3,1,6,257,3,500,3,50,0,4,6,0,0,0,1,1,1,0,0,1,1,1,2,2,32,6,3,0,0,2,0,0,8,1,2
3,1,9,0,3,0,0,0,0,0,0,2,1,6,1,40,7,2143,2,5,1,2,3,529990,178280,1,3,2,7,1,3,202,3,30,0,4,6,0,0,0,4,1,1,0,0,1,1,1,1,1,33,6,3,0,0,0,0,0,9,1,5
3,1,9,0,18,0,8,0,0,1,2,1,1,6,1,37,7,1242,1,7,1,1,2,438684,389755,14,2,1,6,215,3,6178,1,40,1,2,3,6102,0,0,1,1,1,0,0,1,1,1,1,1,37,7,3,0,0,0,0,0,9,1,1
3,2,1,0,18,0,0,0,0,0,0,1,1,2,2,29,6,1598,1,8,1,1,2,494817,367766,32,2,1,4,352,6,0,6,30,0,4,6,0,0,0,4,1,2,0,0,1,2,1,1,2,29,6,3,0,0,0,0,0,1,1,7
2,2,5,0,18,0,8,0,0,0,0,3,1,6,1,62,9,800,1,8,1,3,2,183015,44825,50,2,3,5,596,3,39,1,30,1,2,3,39,2,4,1,1,1,0,0,1,1,2,1,1,62,9,2,0,0,0,0,0,5,1,7
3,1,9,0,18,9,1,0,7,1,11,1,1,6,2,47,8,998,1,9,1,1,1,206093,560461,98,1,1,1,917,3,718,6,30,3,4,5,42,0,8,4,2,2,0,0,1,1,1,1,2,47,8,3,0,0,0,0,0,9,1,5
3,1,1,0,18,0,0,0,0,0,0,1,1,6,1,6,2,1598,1,8,2,1,2,282186,208631,62,2,1,6,743,6,0,6,30,0,4,6,0,0,0,1,1,1,0,0,2,1,1,1,1,6,2,3,0,0,0,0,0,1,2,5
3,2,9,0,3,0,8,1,0,1,10,4,1,6,1,32,6,1896,2,8,1,1,2,389310,413140,6,2,1,7,106,3,6060,3,40,6,2,3,58,0,5,1,5,5,1,0,1,1,1,1,1,32,6,3,0,0,0,0,0,9,1,2
3,1,9,0,4,0,0,0,0,0,0,2,1,6,2,27,6,1995,2,9,1,2,3,495462,148478,45,3,2,4,511,3,31,3,50,0,4,6,0,0,0,7,1,1,0,0,2,1,1,2,2,6,2,3,0,0,2,0,0,9,1,9
3,2,21,0,18,0,8,0,0,0,0,1,1,6,1,34,6,1598,1,8,2,2,2,334291,115371,52,2,2,5,610,3,303,6,60,1,4,3,358,0,0,1,1,1,0,0,2,1,2,1,1,34,6,3,0,0,0,0,0,21,2,7
3,4,9,0,18,0,0,0,0,0,0,3,1,2,1,44,7,2191,2,1,1,3,4,420965,567471,10,4,3,4,147,3,1,3,70,0,4,6,0,0,0,1,1,1,0,0,1,1,3,1,1,44,7,3,0,0,0,0,0,9,1,10
2,1,9,0,9,0,5,0,0,0,0,2,1,6,1,67,10,1490,1,10,1,1,2,292431,55704,50,2,1,3,587,6,0,6,30,3,4,6,0,0,0,1,1,1,0,0,1,1,1,1,1,33,6,3,0,0,0,0,0,9,1,5
3,2,9,0,18,0,0,0,0,1,0,4,1,6,2,44,7,998,1,3,3,1,2,470523,332974,31,2,1,6,347,6,0,6,60,0,4,6,0,0,0,6,1,1,0,0,2,1,1,1,2,44,7,3,0,0,0,0,0,9,3,7
2,2,9,0,18,0,1,1,0,0,0,1,1,6,1,31,6,1598,1,8,1,1,2,242585,639486,97,2,1,6,919,6,0,6,30,6,4,6,0,0,0,4,1,1,0,0,1,1,1,1,1,33,6,3,0,0,0,0,0,9,1,5
3,2,1,0,5,0,1,0,0,0,0,3,1,6,1,75,10,1598,1,8,1,1,2,407416,91826,55,2,1,3,640,6,0,6,30,7,4,6,0,0,0,1,9,1,0,0,1,3,1,1,1,75,10,3,0,0,0,0,0,1,3,7
3,1,9,0,9,0,8,0,0,0,0,1,1,1,2,45,7,1598,2,8,1,1,2,514670,182400,1,2,1,4,27,6,0,6,30,3,4,6,0,0,0,1,1,1,0,0,1,1,1,1,1,33,6,3,0,0,0,0,0,9,1,5
3,1,9,0,12,0,2,0,0,0,0,1,1,6,1,39,7,1497,1,14,1,2,2,406640,287150,20,2,2,3,300,3,4400,3,30,6,2,6,0,0,5,1,1,1,0,0,1,1,1,1,1,39,7,3,0,0,0,0,0,9,1,2
3,2,9,0,18,0,0,0,0,0,0,3,1,6,2,28,6,1198,1,11,2,1,3,311750,674280,95,3,1,7,923,1,9,3,70,0,4,6,0,0,0,6,2,2,0,2,2,1,1,1,1,33,6,3,0,0,0,0,0,9,1,5
3,2,8,0,18,2,0,0,0,1,0,3,1,1,1,30,6,2231,2,7,1,1,2,458586,303911,33,2,1,6,364,3,594,2,30,0,4,6,0,0,0,1,1,1,0,0,1,1,1,3,1,33,6,3,6,9,0,0,0,0,1,8
2,3,1,0,18,0,0,0,0,0,0,1,1,6,1,38,7,1598,1,8,1,2,3,396920,258080,22,3,2,7,277,6,0,6,60,0,4,6,0,0,0,1,1,1,0,0,2,2,1,1,1,33,6,3,0,0,0,0,0,9,1,5
3,1,9,0,18,0,0,0,0,0,0,4,1,6,2,67,10,999,1,7,1,1,1,440389,433345,13,1,1,6,204,6,0,6,30,0,4,6,0,0,1,1,1,1,0,0,1,2,1,3,1,11,3,3,1,1,0,0,0,0,1,9
3,2,19,4,18,0,0,0,4,0,0,1,1,1,1,32,6,2148,2,8,1,1,2,433645,432294,13,2,1,5,204,6,0,6,30,0,4,6,0,0,0,1,1,1,0,0,2,1,1,1,1,33,6,3,0,0,0,0,0,9,1,5
3,1,9,0,9,0,0,0,0,0,0,0,1,6,3,38,7,1598,1,8,1,1,2,401182,286379,20,2,1,1,305,6,0,6,30,0,4,6,0,0,0,1,2,2,0,0,1,2,1,1,1,33,6,3,0,0,0,0,0,9,1,5
3,3,9,0,5,0,1,0,0,0,0,0,1,6,1,38,7,1598,1,8,1,1,3,443821,293674,33,3,1,1,361,6,7601,6,30,3,2,4,4669,0,5,1,1,1,0,0,1,2,1,1,1,33,6,3,0,0,0,0,0,9,1,5
3,1,9,0,1,9,8,0,0,0,0,2,1,6,2,43,7,1242,1,7,1,1,1,576920,154710,46,1,1,5,536,6,3614,6,30,8,4,6,0,0,0,1,1,1,0,0,1,1,1,3,1,11,3,3,6,9,0,0,0,0,1,8
3,1,9,0,18,0,2,0,0,0,0,1,1,2,2,51,8,1596,1,2,1,1,1,549500,190360,1,1,1,2,15,5,0,6,30,3,4,6,0,0,4,1,2,2,0,0,1,1,1,3,1,10,2,3,4,3,0,0,2,0,1,3
3,2,9,0,18,0,0,0,0,0,11,3,1,1,2,42,7,1956,2,2,3,2,2,603997,266027,37,2,2,6,413,5,563,6,60,0,4,6,0,0,0,1,1,1,0,0,2,1,2,1,2,42,7,3,0,0,0,0,0,9,3,6
3,1,9,0,4,0,0,0,0,0,0,1,1,6,3,38,7,1968,2,10,1,2,3,369230,426700,4,3,2,5,70,6,0,6,30,0,4,6,0,0,0,7,1,1,0,0,1,1,1,1,1,33,6,3,0,0,0,0,0,9,1,5
3,2,9,0,18,0,0,2,0,1,1,4,1,6,1,18,4,1199,1,15,1,2,2,552540,172710,46,2,2,7,532,3,2,3,70,0,4,6,0,0,0,4,1,2,0,0,2,1,1,1,1,18,4,3,0,0,0,0,0,9,1,8
3,2,9,0,10,0,8,0,0,0,0,2,1,6,2,30,6,1995,2,11,1,1,2,619372,244047,37,2,1,6,412,6,0,6,30,3,4,6,0,0,0,4,2,2,0,0,1,1,1,1,2,30,6,3,0,0,0,0,0,9,1,9
2,1,9,0,16,0,0,1,0,7,2,1,1,6,2,52,8,1796,1,13,1,3,1,425654,429532,13,1,3,7,204,3,62,6,50,0,4,6,0,0,0,4,1,1,0,0,1,1,3,2,1,33,6,3,0,0,2,0,0,9,1,5
3,1,9,0,18,0,0,0,0,0,0,1,1,6,1,84,11,2435,1,17,1,3,2,628610,330951,36,2,3,5,405,5,636,6,30,0,4,6,0,0,0,1,1,1,0,0,1,1,1,1,1,84,11,3,0,0,0,0,0,9,1,7
3,1,9,0,18,0,8,0,0,0,0,4,1,6,1,28,6,1598,1,8,1,3,2,554230,188050,1,2,3,6,15,6,0,1,30,2,4,6,0,0,0,4,2,2,0,0,1,1,2,1,1,28,6,3,0,0,0,0,0,9,1,8
3,1,9,0,18,0,0,0,0,4,6,3,1,6,1,19,4,998,1,5,1,1,1,392088,320023,21,1,1,3,255,1,6,3,70,0,4,6,0,0,0,1,1,2,0,0,2,1,1,1,1,19,4,3,0,0,0,0,0,9,1,6
3,2,9,0,4,0,1,0,0,0,0,2,1,6,1,41,7,1596,1,9,1,4,2,413873,416889,13,2,4,1,203,3,640,3,30,3,2,6,0,0,4,1,2,2,0,0,1,2,1,1,1,41,7,3,0,0,0,0,0,9,1,2
3,4,9,0,3,0,0,0,0,0,0,2,1,6,2,37,7,1968,2,12,1,6,4,341183,391720,5,4,6,7,91,3,57,3,40,0,4,6,0,0,5,1,4,1,0,0,1,1,6,1,2,37,7,3,0,0,0,0,0,9,1,1
3,2,9,0,18,0,0,1,0,0,0,1,1,6,1,18,4,1598,1,8,3,3,2,464546,398963,14,2,3,4,211,6,0,6,60,0,4,6,0,0,0,1,1,1,0,0,2,1,1,1,1,18,4,3,0,0,0,0,0,9,3,4
3,1,9,0,1,0,1,0,0,0,0,2,1,6,2,38,7,1389,1,19,1,1,2,493624,181519,43,2,1,5,473,6,7302,6,30,8,4,6,0,0,0,1,1,1,0,0,1,1,1,1,1,33,6,3,0,0,0,0,0,9,1,5
3,2,9,0,18,0,8,0,0,0,0,1,1,6,2,46,8,1598,1,8,1,3,2,405020,300350,20,2,3,3,307,6,0,6,30,6,3,6,0,0,0,1,2,2,0,0,1,1,2,1,2,46,8,3,0,0,0,0,0,9,1,4
3,1,9,0,9,0,8,0,0,0,0,4,1,6,1,41,7,1598,1,6,1,1,3,225181,641993,97,3,1,4,931,6,0,6,30,3,4,6,0,0,0,1,2,2,0,0,1,1,1,1,1,33,6,3,0,0,0,0,0,9,1,5
3,1,9,0,13,0,0,1,0,7,2,4,1,6,1,25,5,1360,1,11,1,2,2,456638,381548,31,2,2,2,341,4,6041,6,60,0,4,6,0,0,0,1,1,1,0,0,2,1,1,2,2,36,7,3,0,0,1,0,0,9,1,1
2,2,9,0,18,0,0,0,0,0,0,1,1,6,2,45,7,1796,1,5,1,4,2,360230,214322,53,2,4,7,622,3,4136,6,60,0,4,6,0,0,0,1,2,2,0,0,2,1,3,2,1,6,2,3,0,0,1,0,0,9,1,8
3,3,19,0,10,0,1,0,0,0,0,2,1,1,1,30,6,2402,2,4,1,3,3,582455,214936,42,3,3,2,451,4,1389,6,30,3,4,6,0,0,0,1,1,1,0,0,1,1,3,1,1,30,6,3,0,0,0,0,0,19,1,1
2,2,9,0,17,0,0,0,0,0,0,1,1,6,2,54,8,1348,1,7,1,3,2,422396,572643,10,2,3,7,147,6,1586,6,60,0,4,6,0,0,0,1,1,4,0,0,2,1,2,1,2,54,8,2,0,0,0,0,0,9,1,8
3,2,9,0,18,0,8,0,0,0,0,1,1,6,1,19,4,1596,1,10,1,1,2,518050,180500,1,2,1,7,27,6,0,6,30,6,4,6,0,0,0,1,1,1,0,0,1,1,1,1,1,33,6,3,0,0,0,0,0,9,1,5
3,2,9,0,9,0,8,0,0,0,0,1,1,6,1,39,7,2179,2,4,1,1,2,455404,102809,44,2,1,7,492,6,0,6,30,3,4,6,0,0,8,1,1,1,0,0,1,1,1,1,1,33,6,3,0,0,0,0,0,9,1,5