accident_severity,vehicle_reference,vehicle_type,towing_and_articulation,vehicle_manoeuvre,vehicle_location-restricted_lane,junction_location,skidding_and_overturning,hit_object_in_carriageway,vehicle_leaving_carriageway,hit_object_off_carriageway,1st_point_of_impact,was_vehicle_left_hand_drive?,journey_purpose_of_driver,sex_of_driver,age_of_driver,age_band_of_driver,engine_capacity_(cc),propulsion_code,age_of_vehicle,driver_home_area_type,NUmber_of_Casualities_unique_to_accident_index,No_of_Vehicles_involved_unique_to_accident_index,location_easting_osgr,location_northing_osgr,police_force,number_of_vehicles,number_of_casualties,day_of_week,local_authority_(district),1st_road_class,1st_road_number,road_type,speed_limit,junction_detail,junction_control,2nd_road_class,2nd_road_number,pedestrian_crossing-human_control,pedestrian_crossing-physical_facilities,light_conditions,weather_conditions,road_surface_conditions,special_conditions_at_site,carriageway_hazards,urban_or_rural_area,did_police_officer_attend_scene_of_accident,casualty_reference,casualty_class,sex_of_casualty,age_of_casualty,age_band_of_casualty,casualty_severity,pedestrian_location,pedestrian_movement,car_passenger,bus_or_coach_passenger,pedestrian_road_maintenance_worker,casualty_type,casualty_home_area_type,casualty_imd_decile
3,2,9,0,4,0,0,0,0,0,0,2,1,6,2,27,6,1199,1,11,1,1,4,461129,390638,31,4,1,1,341,2,1,3,70,0,4,6,0,0,0,1,1,1,0,0,2,1,1,1,1,33,6,3,0,0,0,0,0,9,1,5
2,2,4,0,9,0,3,2,0,0,0,1,1,6,1,31,6,1598,1,8,2,1,2,290915,95263,50,2,1,6,581,3,377,1,30,1,4,6,0,0,0,1,1,1,0,0,2,1,1,1,1,31,6,2,0,0,0,0,0,4,2,4
2,2,20,0,17,0,0,1,0,0,0,1,1,1,1,46,8,3920,2,9,1,1,2,375310,257990,22,2,1,2,273,6,0,6,60,0,4,6,0,0,0,1,2,2,0,0,2,1,1,1,1,33,6,3,0,0,0,0,0,9,1,5
3,1,9,0,18,0,1,0,0,0,0,1,1,6,3,38,7,1995,2,10,1,1,2,577240,167841,46,2,1,6,544,5,376,6,30,3,4,6,0,0,0,1,1,1,0,0,1,2,1,1,1,33,6,3,0,0,0,0,0,9,1,5
3,2,9,0,2,0,0,0,0,0,0,3,1,6,1,28,6,1796,7,14,1,1,3,528930,172460,1,3,1,7,10,5,0,6,30,0,4,6,0,0,0,4,1,1,0,0,1,1,1,1,1,33,6,3,0,0,0,0,0,9,1,5
3,2,9,0,4,0,1,0,0,0,0,2,1,2,1,38,7,1598,1,11,1,1,2,455380,300021,33,2,1,7,360,3,563,3,30,1,2,4,4114,0,5,1,1,1,0,0,1,1,1,1,1,33,6,3,0,0,0,0,0,9,1,5
3,1,9,0,18,0,6,0,0,0,0,4,1,6,1,30,6,1998,1,7,1,1,2,418537,93917,55,2,1,4,641,3,35,6,30,9,2,6,0,2,5,4,2,2,0,0,1,1,1,3,1,94,11,3,1,1,0,0,0,0,1,9
3,1,9,0,18,0,0,0,0,0,0,1,1,1,1,22,5,1368,1,1,1,1,2,386376,342652,21,2,1,7,257,3,500,3,50,0,4,6,0,0,0,4,1,1,0,0,2,1,1,1,1,22,5,3,0,0,0,0,0,9,1,9
3,4,9,0,4,0,0,1,10,1,4,2,1,6,1,23,5,1686,2,2,1,1,5,347170,384966,5,5,1,5,90,3,562,3,60,0,4,6,0,0,0,1,1,1,0,0,2,1,1,1,1,33,6,3,0,0,0,0,0,9,1,5
3,1,9,0,7,0,1,0,0,0,0,0,1,2,2,30,6,1598,1,8,1,1,2,386340,413130,6,2,1,4,106,5,0,6,30,3,4,6,0,0,0,1,1,1,0,0,2,2,1,1,1,33,6,3,0,0,0,0,0,9,1,5
2,1,98,0,17,0,0,0,0,0,0,1,1,1,1,51,8,2402,2,8,3,4,2,337166,313740,22,2,4,2,286,4,4393,6,60,0,4,6,0,0,0,1,2,2,0,0,2,1,4,2,1,56,9,3,0,0,0,0,0,98,3,7
3,1,8,0,4,0,0,0,0,0,0,1,1,1,1,29,6,1598,2,3,1,1,2,426487,433099,13,2,1,4,204,4,6154,6,30,0,4,6,0,0,0,1,1,1,0,0,1,2,1,1,1,33,6,3,0,0,0,0,0,9,1,5
3,3,9,0,18,0,0,0,0,0,0,0,1,6,3,38,7,1598,1,8,1,2,3,368052,393430,7,3,2,2,128,1,62,3,70,0,4,6,0,0,0,1,1,1,0,0,2,1,1,1,1,33,6,3,0,0,0,0,0,9,1,5
3,1,9,0,18,0,1,0,0,0,0,1,1,6,1,38,7,1747,1,12,1,1,2,255710,133796,50,2,1,3,582,6,0,6,30,9,4,6,0,0,0,1,1,1,0,0,1,1,1,1,1,33,6,3,0,0,0,0,0,9,1,5
2,2,9,0,9,0,6,0,0,0,0,1,1,6,1,49,8,1390,1,5,1,1,2,582328,186593,42,2,1,6,460,3,13,6,30,3,4,6,0,0,0,1,1,1,0,0,1,1,1,1,1,33,6,3,0,0,0,0,0,9,1,5
3,2,9,0,3,0,8,0,0,0,0,4,1,2,1,32,6,3200,1,9,1,1,4,458283,299487,33,4,1,2,364,4,5366,6,30,3,4,6,207,0,0,1,2,2,0,3,1,1,1,1,1,33,6,3,0,0,0,0,0,9,1,5
3,1,5,0,18,0,1,0,2,0,0,1,1,2,1,51,8,660,1,9,3,1,2,532360,181560,48,2,1,6,570,3,1211,3,50,3,2,5,0,0,5,4,1,1,4,0,1,1,1,1,1,51,8,3,0,0,0,0,0,5,3,7
3,1,8,0,9,0,8,0,0,0,0,3,1,1,1,37,7,1968,2,6,1,2,2,562020,99789,47,2,2,3,551,3,259,6,30,3,4,6,0,0,0,1,1,1,0,0,1,1,1,1,1,37,7,3,0,0,0,0,0,8,1,1
3,2,9,0,3,0,0,0,0,0,0,2,1,6,1,66,10,2996,1,5,1,3,3,509140,168305,45,3,3,7,40,5,231,6,40,0,4,6,0,0,0,1,1,1,0,0,1,1,2,1,1,66,10,3,0,0,0,0,0,9,1,10
3,1,9,0,17,0,0,2,10,7,11,1,1,1,1,23,5,1598,1,8,1,1,2,315836,376852,60,2,1,5,724,3,5026,6,60,0,4,6,0,0,0,1,1,2,0,0,2,1,1,1,1,23,5,3,0,0,0,0,0,9,1,5
3,1,3,0,18,0,1,0,0,0,0,1,1,2,1,38,7,125,1,1,1,1,3,287507,58923,50,3,1,4,587,6,0,6,30,3,4,6,0,0,0,4,1,1,0,0,1,1,1,1,1,38,7,3,0,0,0,0,0,3,1,2
3,1,9,0,14,0,0,0,0,0,0,1,1,6,2,50,8,1796,1,8,1,1,2,438916,114280,44,2,1,4,500,6,0,6,30,0,4,6,0,0,8,1,1,1,0,0,1,1,1,3,2,15,3,3,5,2,0,0,0,0,1,4
3,1,8,0,6,0,0,0,0,0,0,3,1,1,1,33,6,1910,2,7,1,1,2,338595,396596,5,2,1,4,91,6,0,6,40,0,4,6,0,0,0,1,2,2,0,0,1,1,1,2,2,18,4,3,0,0,2,0,0,8,1,2
2,2,9,0,5,0,6,0,0,0,0,1,1,6,2,81,11,999,1,14,3,2,2,366940,245320,22,2,2,6,285,4,4214,6,60,8,4,6,0,0,0,1,1,1,0,0,2,1,2,1,2,81,11,3,0,0,0,0,0,9,3,5
3,3,9,0,2,0,0,0,0,0,0,1,1,6,2,29,6,1598,1,8,1,1,3,560520,171480,46,3,1,5,532,5,272,6,30,0,4,6,0,0,0,6,1,1,0,0,2,1,1,1,1,33,6,3,0,0,0,0,0,9,1,5
3,1,9,0,9,0,5,0,0,0,0,4,1,6,2,59,9,1796,1,17,1,1,2,248059,54198,50,2,1,3,583,6,0,6,30,3,4,6,0,0,0,1,1,1,0,0,1,1,1,1,1,33,6,3,0,0,0,0,0,9,1,5
3,1,1,0,18,9,8,0,0,0,0,1,1,2,1,19,4,1598,1,8,1,1,2,617596,246323,37,2,1,5,412,5,332,6,30,8,4,6,0,0,0,1,2,2,0,0,1,1,1,1,1,19,4,3,0,0,0,0,0,1,1,2
3,1,9,0,18,0,0,0,0,0,0,4,1,6,1,70,10,2401,2,9,1,1,2,474330,320880,33,2,1,3,365,3,606,6,40,0,4,6,0,0,0,1,1,1,0,0,1,1,1,2,2,16,4,3,0,0,1,0,0,9,1,5
2,1,9,0,16,0,0,1,10,7,4,1,1,6,1,22,5,1598,1,5,2,5,1,345390,410510,4,1,5,6,84,6,0,6,60,0,4,6,0,0,0,6,1,2,0,0,2,1,1,1,1,22,5,2,0,0,0,0,0,9,2,9
3,1,9,0,5,0,4,0,0,0,0,1,1,2,1,23,5,1422,2,7,1,1,2,450123,275507,23,2,1,5,292,3,426,1,30,1,4,6,0,0,0,1,1,1,0,0,1,1,1,1,1,33,6,3,0,0,0,0,0,9,1,5
3,1,9,0,9,0,8,0,0,0,0,3,1,6,1,34,6,1796,1,10,1,1,2,579310,164698,46,2,1,5,544,6,0,1,30,1,4,6,0,0,8,1,1,1,0,0,1,1,1,1,1,33,6,3,0,0,0,0,0,9,1,5
3,2,9,0,18,0,8,1,0,0,0,1,1,6,1,60,9,1360,1,12,1,2,2,541868,194021,42,2,2,3,456,6,0,6,30,6,2,6,0,0,5,4,1,1,0,0,1,1,1,1,1,60,9,3,0,0,0,0,0,9,1,4
3,3,19,0,9,0,8,0,0,0,0,3,1,1,1,33,6,1598,2,1,1,2,3,427125,432791,13,3,2,4,204,6,0,6,30,3,4,6,0,1,0,1,1,1,0,0,1,1,1,1,1,33,6,3,0,0,0,0,0,9,1,5
3,2,9,0,18,0,1,0,0,0,0,1,1,2,1,33,6,1598,1,8,1,1,2,575780,161790,46,2,1,6,542,3,2045,6,60,3,4,6,0,0,0,4,4,2,0,0,2,1,1,1,1,33,6,3,0,0,0,0,0,9,1,5
3,1,19,0,16,0,1,0,0,0,0,1,1,6,1,48,8,1560,2,3,1,1,1,531730,165960,1,1,1,4,20,3,236,7,30,3,4,6,0,0,1,4,1,1,0,0,1,1,1,3,1,46,8,3,1,1,0,0,2,0,1,10
3,2,9,0,3,0,1,0,0,0,0,2,1,6,2,72,10,2435,1,13,3,1,3,548716,222017,41,3,1,5,432,4,1004,6,30,3,4,6,901,0,1,1,1,1,0,0,1,1,1,1,1,33,6,3,0,0,0,0,0,9,1,5
3,1,9,0,9,0,8,0,0,1,11,4,1,6,2,27,6,1242,1,8,3,1,2,431913,536043,11,2,1,6,169,4,6291,6,30,8,4,6,0,0,0,1,1,1,0,0,2,1,1,1,2,27,6,3,0,0,0,0,0,9,3,4
3,2,21,0,17,0,0,0,0,0,0,0,1,1,1,60,9,9200,2,4,3,1,2,324990,672910,95,2,1,4,923,6,0,6,30,0,4,6,0,0,0,1,1,1,0,0,1,1,1,1,1,33,6,3,0,0,0,0,0,9,1,5
3,2,9,0,4,0,1,0,0,0,0,2,1,6,2,21,5,2204,2,6,1,1,2,600903,225589,42,2,1,5,455,3,133,6,30,9,4,3,1232,0,1,1,1,1,0,0,1,2,1,1,2,21,5,3,0,0,0,0,0,9,1,6
3,1,1,0,18,0,0,0,0,0,0,2,1,6,1,58,9,1598,1,8,1,1,2,290120,80365,50,2,1,3,585,3,380,3,70,0,4,6,0,0,0,1,1,1,0,0,2,1,1,1,1,58,9,3,0,0,0,0,0,1,1,6
3,1,9,0,16,0,8,0,0,0,0,3,1,6,1,29,6,1598,1,11,1,1,2,623991,306708,36,2,1,2,404,3,1054,3,40,3,2,3,146,0,0,1,9,1,0,0,1,2,1,1,1,29,6,3,0,0,0,0,0,9,1,1
3,1,9,0,9,0,1,1,0,0,0,1,1,1,1,47,8,1598,1,12,1,2,2,392480,397630,6,2,2,5,110,3,6017,6,30,3,2,3,6140,0,5,1,1,3,0,0,1,1,1,1,1,33,6,3,0,0,0,0,0,9,1,5
3,1,3,0,6,0,0,0,0,0,0,3,1,6,1,31,6,1598,1,8,1,1,2,532040,187500,1,2,1,2,4,3,105,6,30,0,4,6,0,0,5,1,1,1,0,0,1,1,1,1,1,31,6,3,0,0,0,0,0,3,1,2
3,2,9,0,18,0,8,0,0,0,0,1,1,6,1,18,4,1598,2,8,1,2,2,527320,181920,1,2,2,3,1,6,0,6,30,6,4,6,0,0,0,1,1,1,0,0,1,1,2,1,1,18,4,3,0,0,0,0,0,9,1,3
3,1,9,0,18,0,0,0,0,0,0,0,1,6,3,38,7,1598,1,8,1,1,1,332210,438780,4,1,1,5,71,3,587,6,30,0,4,6,0,0,0,4,2,2,0,0,1,1,1,3,2,45,7,3,5,3,0,0,0,0,1,5
3,2,9,0,3,0,0,0,0,0,0,2,1,6,1,36,7,1896,2,13,1,1,2,539450,190710,1,2,1,3,13,3,104,6,30,0,4,6,0,0,0,4,5,2,0,0,2,1,1,1,1,36,7,3,0,0,0,0,0,9,1,2
3,2,1,0,18,0,1,0,0,0,0,3,1,2,1,37,7,1598,1,8,1,1,2,286305,190799,62,2,1,4,740,4,4282,6,30,3,4,6,0,0,0,1,2,2,0,0,1,1,2,1,1,37,7,3,0,0,0,0,0,1,1,5
3,1,3,0,18,0,0,0,12,1,11,1,1,2,1,19,4,125,1,1,2,1,1,454644,328579,31,1,1,7,347,6,0,6,40,0,4,6,0,0,0,1,1,1,0,7,2,1,1,1,1,19,4,3,0,0,0,0,0,3,2,7
3,2,9,0,5,0,8,0,0,0,0,4,1,6,3,38,7,1360,1,11,1,1,2,527940,170620,1,2,1,7,10,3,217,6,30,3,4,6,0,0,0,4,2,2,0,0,1,1,1,1,1,33,6,3,0,0,0,0,0,9,1,5
3,3,19,0,4,0,1,0,0,0,0,1,1,6,1,33,6,2198,2,1,1,1,3,436167,427712,13,3,1,3,204,3,642,6,30,1,4,3,639,0,8,1,1,1,0,0,2,2,1,1,1,33,6,3,0,0,0,0,0,9,1,5
1,1,5,0,18,0,0,0,0,0,0,1,1,6,1,75,10,998,1,11,1,1,3,499692,192841,43,3,1,1,478,3,413,6,50,0,4,6,0,0,0,1,1,1,0,0,2,1,1,1,1,75,10,1,0,0,0,0,0,5,1,9
3,1,1,0,18,0,0,0,0,0,0,1,1,4,1,14,3,1598,1,8,1,1,2,616650,167220,46,2,1,6,531,6,3130,6,30,0,4,6,0,0,0,1,1,1,0,0,1,1,1,1,1,14,3,3,0,0,0,0,0,1,1,6
3,1,9,0,17,0,1,2,10,1,0,4,1,6,2,54,8,1896,2,10,3,1,1,415103,494651,12,1,1,5,184,5,34,6,60,3,4,6,104,0,0,6,1,1,4,0,2,1,1,1,2,54,8,3,0,0,0,0,0,9,3,6
3,2,11,0,5,0,8,0,0,0,0,1,1,1,1,55,8,1598,1,8,3,1,2,456765,404009,14,2,1,2,211,3,19,1,40,1,2,3,19,0,0,1,1,1,0,0,2,1,1,1,1,33,6,3,0,0,0,0,0,9,1,5
3,2,9,0,10,0,1,0,0,0,0,2,1,6,1,74,10,1598,1,8,1,3,2,331772,348803,60,2,3,7,725,3,5152,6,30,3,4,6,0,0,0,1,1,1,0,0,1,1,2,2,2,31,6,3,0,0,1,0,0,9,1,5
3,1,9,0,18,0,0,0,0,0,0,4,1,2,2,42,7,1951,2,14,1,1,1,578173,218598,42,1,1,2,451,6,0,6,30,0,4,6,0,0,0,1,1,1,4,0,2,1,1,3,1,26,6,3,10,9,0,0,1,0,1,6
3,2,9,0,3,0,1,0,0,0,0,2,1,6,2,29,6,2143,2,5,1,3,2,591134,186439,42,2,3,2,460,3,1159,3,50,1,4,3,13,0,0,1,1,1,0,0,2,1,2,2,2,91,11,3,0,0,1,0,0,9,1,5
3,1,9,0,17,0,0,0,0,0,0,3,1,2,1,33,6,2204,2,8,1,1,2,336174,164473,52,2,1,5,605,6,0,6,30,0,4,6,0,0,0,1,1,1,0,0,1,2,1,1,1,33,6,3,0,0,0,0,0,9,1,5
3,1,9,0,5,0,0,0,0,0,0,3,1,6,1,75,10,796,1,7,2,1,2,351740,329280,22,2,1,5,286,6,0,6,30,0,4,6,0,0,0,1,1,1,0,0,2,1,1,1,1,33,6,3,0,0,0,0,0,9,1,5
3,2,9,0,5,0,6,0,0,0,0,1,1,6,2,87,11,1198,1,4,1,3,2,540239,141447,45,2,3,5,516,5,90,6,40,6,4,6,0,0,0,1,1,1,0,0,2,1,2,1,2,87,11,3,0,0,0,0,0,9,1,9
3,1,9,0,18,0,8,0,0,0,0,0,1,6,1,28,6,1968,2,3,1,1,2,493327,181475,43,2,1,7,473,6,7302,6,30,3,4,6,7302,0,0,1,1,1,0,0,1,1,1,1,1,33,6,3,0,0,0,0,0,9,1,5
3,2,8,0,18,0,1,0,0,0,0,1,1,1,1,47,8,1598,2,3,1,1,2,524180,194370,1,2,1,5,30,3,5109,6,30,3,4,6,0,0,0,1,1,1,0,0,1,1,1,1,1,33,6,3,0,0,0,0,0,9,1,5
3,1,9,0,5,0,6,0,0,0,0,3,1,3,2,38,7,1395,1,2,1,1,2,351610,428310,4,2,1,5,83,3,59,6,30,3,4,6,0,0,4,4,2,2,0,0,1,1,1,1,1,33,6,3,0,0,0,0,0,9,1,5
3,2,2,0,13,0,0,0,0,0,0,1,1,6,1,19,4,49,1,4,2,1,2,442909,404367,14,2,1,6,210,3,6195,6,60,0,4,6,0,0,0,1,1,1,0,0,2,1,1,1,1,19,4,3,0,0,0,0,0,2,2,3
3,1,9,0,5,0,6,0,0,1,0,3,1,6,2,20,4,1240,1,12,1,1,2,408021,287178,20,2,1,4,300,6,0,6,30,3,4,6,0,0,0,1,1,1,0,0,1,1,1,1,2,20,4,3,0,0,0,0,0,9,1,5
3,1,97,0,9,0,2,0,0,0,0,2,1,6,1,27,6,49,1,13,1,1,2,446265,219593,43,2,1,2,485,3,4260,6,60,3,4,6,0,0,0,4,1,1,0,0,2,1,1,1,1,27,6,3,0,0,0,0,0,97,1,1
3,1,9,0,7,0,6,0,0,0,0,1,1,1,1,38,7,1598,2,3,1,1,1,405660,287600,20,1,1,5,300,6,0,2,30,3,4,3,4540,0,0,1,1,1,0,0,1,2,1,3,2,56,9,3,5,1,0,0,0,0,1,2
3,2,9,0,9,0,8,0,0,0,0,1,1,6,3,38,7,1461,2,8,1,1,2,356340,169365,52,2,1,4,601,3,38,1,40,1,4,6,0,0,8,4,1,2,0,0,1,1,1,1,1,33,6,3,0,0,0,0,0,9,1,5
3,1,9,0,18,0,0,0,0,0,0,1,1,6,1,27,6,1389,1,18,1,2,3,348902,395391,5,3,2,5,92,6,0,6,30,0,4,6,0,0,0,1,1,2,0,0,2,1,1,1,1,27,6,3,0,0,0,0,0,9,1,2
3,1,9,0,17,0,1,0,0,0,0,1,1,6,1,20,4,1199,1,12,1,2,2,458859,341147,31,2,2,5,346,6,0,6,30,3,4,6,0,0,0,1,8,1,0,0,1,1,2,2,1,33,6,3,0,0,2,0,0,9,1,4
3,2,9,0,18,0,1,0,0,0,0,2,1,6,3,38,7,1598,1,8,1,1,2,393248,342465,21,2,1,6,257,6,0,6,30,7,4,6,0,0,4,1,1,1,0,0,1,2,1,1,1,33,6,3,0,0,0,0,0,9,1,5
3,2,9,0,18,0,1,0,0,0,0,3,1,6,1,49,8,1000,1,2,1,1,3,521280,190610,1,3,1,3,30,6,0,6,30,3,4,6,0,0,0,1,9,1,0,0,1,1,1,1,1,33,6,3,0,0,0,0,0,9,1,5
3,1,9,0,4,0,1,0,0,0,0,2,1,6,1,27,6,1956,2,5,1,2,2,531500,191960,1,2,2,6,32,5,0,6,30,2,4,6,0,0,8,1,1,1,0,6,1,1,1,1,1,27,6,3,0,0,0,0,0,9,1,5
3,1,9,0,9,0,8,0,0,0,0,3,1,6,1,34,6,1560,2,8,1,2,2,532270,166880,1,2,2,5,20,3,213,6,30,3,4,6,0,0,0,1,6,3,0,0,1,2,1,2,2,36,7,3,0,0,1,0,0,9,1,2
3,1,9,0,4,0,0,0,0,0,0,2,1,6,1,46,8,1560,2,3,1,3,2,448893,515161,17,2,3,4,243,3,174,3,50,0,4,6,0,0,0,1,1,1,4,0,1,1,1,1,1,46,8,3,0,0,0,0,0,9,1,4
3,2,3,0,18,0,0,1,0,0,0,1,1,2,1,20,4,124,1,1,1,1,2,546907,203562,42,2,1,3,456,4,1393,6,50,0,4,6,0,0,0,1,1,1,0,0,2,1,1,1,1,20,4,3,0,0,0,0,0,3,1,5
3,2,10,0,18,0,8,0,0,0,0,1,1,6,1,52,8,2400,2,11,1,8,2,398363,315260,21,2,8,2,254,5,32,6,60,6,4,5,320,0,0,6,1,1,0,0,2,1,5,2,1,20,4,3,0,0,0,0,0,10,1,8
3,2,3,0,18,0,0,0,0,0,0,1,1,6,1,31,6,398,1,25,1,1,2,542021,206588,42,2,1,2,456,6,0,6,40,0,4,6,0,0,0,1,1,1,0,0,2,2,1,1,1,31,6,3,0,0,0,0,0,3,1,3
3,2,9,0,18,0,0,0,0,0,0,1,1,6,1,25,5,1753,2,6,1,4,5,373797,164081,52,5,4,5,611,6,0,9,30,0,4,6,0,0,0,1,1,1,0,0,1,1,2,2,1,52,8,3,0,0,1,0,0,9,1,8
2,1,8,0,9,0,5,0,0,0,0,1,1,1,1,47,8,1896,2,7,1,1,2,514971,207184,41,2,1,5,434,6,140,6,30,3,4,4,691,0,0,1,1,1,0,0,1,1,1,1,1,33,6,3,0,0,0,0,0,9,1,5
3,1,9,0,17,0,0,0,0,7,11,1,1,6,1,20,4,1686,2,10,1,2,1,468388,365640,31,1,2,2,345,3,616,6,60,0,4,6,0,0,0,1,1,2,0,0,2,1,1,1,1,20,4,3,0,0,0,0,0,9,1,7
3,2,9,0,3,0,1,0,0,0,0,2,1,6,1,56,9,1991,2,7,1,1,2,601052,224711,42,2,1,3,455,3,134,6,30,3,4,6,0,0,0,4,1,1,0,0,1,1,1,1,1,56,9,3,0,0,0,0,0,9,1,5
2,1,9,0,2,6,0,1,0,0,0,2,1,6,2,19,4,1298,1,13,1,2,2,439142,423860,13,2,2,7,206,1,62,3,70,0,4,6,0,0,0,1,1,1,0,0,2,1,2,2,2,19,4,3,0,0,2,0,0,9,1,2
3,2,9,0,18,0,8,0,0,0,0,1,1,6,1,53,8,1598,1,12,3,2,3,415367,145950,54,3,2,6,635,3,345,6,60,6,4,6,0,0,0,1,1,1,0,0,2,1,1,1,1,53,8,3,0,0,0,0,0,9,3,6
3,2,9,0,10,0,1,0,0,0,0,4,1,6,1,25,5,1896,2,15,3,1,2,536000,384747,32,2,1,2,351,3,157,6,60,9,4,6,0,0,0,1,1,1,0,0,2,1,1,1,1,33,6,3,0,0,0,0,0,9,1,5
3,1,9,0,1,0,0,0,0,0,0,2,1,6,3,38,7,1598,1,11,1,1,1,449250,96464,44,1,1,6,505,6,0,6,30,0,4,6,0,0,0,1,2,2,0,0,1,2,1,3,2,54,8,3,6,9,0,0,0,0,1,5
2,2,9,0,18,0,0,1,0,1,11,1,1,6,1,62,9,1590,1,21,3,3,2,228651,609331,97,2,3,7,937,3,77,6,30,0,4,6,0,0,0,1,1,1,0,0,2,1,2,1,1,62,9,3,0,0,0,0,0,9,3,5
3,2,1,0,18,0,2,0,0,0,0,2,1,6,1,53,8,1598,1,8,1,1,2,281950,176937,62,2,1,5,740,3,4106,3,30,1,4,6,0,0,0,1,2,2,0,0,2,1,2,1,1,53,8,3,0,0,0,0,0,1,1,5
3,1,9,0,18,0,1,0,0,0,0,1,1,6,2,41,7,1248,2,7,1,8,2,450681,519962,17,2,8,3,243,6,0,6,30,3,2,6,0,0,5,4,1,1,0,0,2,1,1,1,2,41,7,3,0,0,0,0,0,9,1,3
3,2,5,0,18,0,2,0,0,0,0,1,1,6,1,32,6,499,1,7,1,2,2,537080,187410,1,2,2,7,13,3,1006,6,30,3,4,6,0,0,0,1,1,1,0,0,1,1,1,1,1,32,6,3,0,0,0,0,0,5,1,2
3,2,1,0,18,0,8,0,0,0,0,4,1,6,1,57,9,1598,1,8,1,1,2,415254,94374,55,2,1,3,641,6,0,6,30,8,4,6,0,0,0,1,1,1,0,0,1,2,1,1,1,57,9,3,0,0,0,0,0,1,1,7
3,2,9,0,4,0,8,0,0,0,0,2,1,6,1,68,10,1598,1,8,1,1,3,537760,166230,1,3,1,3,19,5,0,6,30,3,4,6,0,0,0,1,1,1,0,0,1,1,1,1,1,33,6,3,0,0,0,0,0,9,1,5
3,2,9,0,3,0,1,0,0,0,0,2,1,6,2,54,8,998,1,1,1,2,2,408410,280310,20,2,2,2,300,6,0,6,30,2,4,6,0,0,0,4,1,1,0,0,1,2,2,2,2,28,6,3,0,0,1,0,0,9,2,9
2,2,1,0,15,9,0,0,0,0,0,3,1,6,2,51,8,1598,1,8,2,1,2,397202,351531,21,2,1,6,256,3,520,6,30,0,4,6,0,0,0,1,1,1,0,0,2,1,1,1,2,51,8,2,0,0,0,0,0,1,2,9
3,2,9,0,10,0,5,0,0,0,0,1,1,2,1,42,7,1598,2,4,1,1,2,260416,666915,97,2,1,2,926,3,803,3,30,9,2,6,0,0,5,1,2,2,0,0,1,1,1,1,1,42,7,3,0,0,0,0,0,9,1,5
3,1,9,0,18,0,0,0,0,0,0,1,1,6,3,28,6,1399,2,12,3,2,2,454596,433857,12,2,2,6,187,5,314,6,60,0,4,6,0,0,0,6,2,3,0,0,2,1,1,2,2,27,6,3,0,0,1,0,0,9,1,5
3,1,9,0,9,0,8,0,0,0,0,3,1,6,1,39,7,1598,1,10,1,1,2,407600,290220,20,2,1,5,300,4,4140,6,30,8,4,6,0,0,0,1,1,1,0,0,1,1,1,1,1,33,6,3,0,0,0,0,0,9,1,5
3,1,9,0,18,0,1,0,0,0,0,1,1,6,1,47,8,2776,2,9,1,2,2,370490,407730,6,2,2,7,100,3,579,6,30,3,4,6,0,0,0,1,2,2,0,0,1,1,1,1,1,33,6,3,0,0,0,0,0,9,1,5
3,1,4,0,18,2,8,0,0,0,0,3,1,6,1,46,8,499,1,4,1,2,2,510380,181170,1,2,2,5,26,3,4020,3,40,3,4,6,0,0,0,4,1,1,0,0,1,1,1,1,1,46,8,3,0,0,0,0,0,4,1,7
3,2,9,0,18,0,0,0,0,0,0,2,1,6,1,37,7,1868,2,13,1,2,3,522990,181650,1,3,2,2,11,3,219,6,30,0,4,6,0,0,0,1,1,1,0,0,1,1,2,1,1,37,7,3,0,0,0,0,0,9,1,7
3,2,17,0,18,0,0,0,0,0,0,1,1,1,1,60,9,1598,2,4,3,4,2,448527,420050,13,2,4,5,206,6,0,6,30,0,4,6,0,0,0,1,1,1,0,0,2,1,2,1,1,60,9,3,0,0,0,0,0,17,3,7
3,4,9,0,4,0,8,0,0,0,0,0,1,6,3,38,7,1598,1,8,1,3,4,449977,302319,33,4,3,7,361,4,582,6,40,8,4,6,6,0,0,1,1,1,0,0,2,1,1,1,1,33,6,3,0,0,0,0,0,9,1,5
3,1,9,0,18,0,1,0,0,0,0,1,1,2,2,30,6,1598,1,8,1,1,2,330674,364091,60,2,1,4,724,3,55,7,50,1,4,3,550,0,0,1,1,1,0,0,2,2,1,1,1,33,6,3,0,0,0,0,0,9,1,5
3,2,9,0,18,0,0,0,0,0,0,3,1,2,2,47,8,1598,1,8,3,1,2,468677,249713,34,2,1,2,385,3,5,6,60,0,4,6,0,0,0,1,1,1,0,0,2,1,1,1,1,33,6,3,0,0,0,0,0,9,1,5
3,1,9,0,18,0,8,0,0,0,0,4,1,6,1,58,9,1796,1,10,1,3,2,540710,180100,1,2,3,7,17,3,1011,6,30,8,4,6,0,0,0,1,1,1,0,0,1,1,1,1,1,58,9,3,0,0,0,0,0,9,1,8
2,2,5,0,9,0,8,1,0,0,0,1,1,6,1,57,9,680,1,6,1,1,2,427320,570437,10,2,1,6,148,6,2177,1,30,1,4,4,1505,0,4,1,1,1,0,0,1,1,1,1,1,57,9,2,0,0,0,0,0,5,1,8