accident_severity,vehicle_reference,vehicle_type,towing_and_articulation,vehicle_manoeuvre,vehicle_location-restricted_lane,junction_location,skidding_and_overturning,hit_object_in_carriageway,vehicle_leaving_carriageway,hit_object_off_carriageway,1st_point_of_impact,was_vehicle_left_hand_drive?,journey_purpose_of_driver,sex_of_driver,age_of_driver,age_band_of_driver,engine_capacity_(cc),propulsion_code,age_of_vehicle,driver_home_area_type,NUmber_of_Casualities_unique_to_accident_index,No_of_Vehicles_involved_unique_to_accident_index,location_easting_osgr,location_northing_osgr,police_force,number_of_vehicles,number_of_casualties,day_of_week,local_authority_(district),1st_road_class,1st_road_number,road_type,speed_limit,junction_detail,junction_control,2nd_road_class,2nd_road_number,pedestrian_crossing-human_control,pedestrian_crossing-physical_facilities,light_conditions,weather_conditions,road_surface_conditions,special_conditions_at_site,carriageway_hazards,urban_or_rural_area,did_police_officer_attend_scene_of_accident,casualty_reference,casualty_class,sex_of_casualty,age_of_casualty,age_band_of_casualty,casualty_severity,pedestrian_location,pedestrian_movement,car_passenger,bus_or_coach_passenger,pedestrian_road_maintenance_worker,casualty_type,casualty_home_area_type,casualty_imd_decile
3,1,11,0,3,0,1,0,0,0,0,0,1,1,2,39,7,4500,2,8,1,1,1,534940,184650,1,1,1,1,4,3,107,6,30,3,4,5,0,0,0,1,1,1,0,0,1,1,1,2,2,6,2,3,0,0,0,3,0,11,1,2
3,2,9,0,4,0,8,0,0,0,0,2,1,6,2,38,7,1598,1,8,1,1,3,450132,275677,23,3,1,1,292,3,426,6,30,3,4,6,0,0,4,4,2,2,0,0,1,1,1,1,2,38,7,3,0,0,0,0,0,9,1,10
3,2,19,0,18,0,0,0,0,1,7,2,1,6,1,33,6,1399,2,4,1,3,2,509670,211190,41,2,3,3,434,1,1,3,70,0,4,6,0,0,0,4,5,2,0,2,2,1,3,2,2,24,5,3,0,0,1,0,0,19,1,5
3,2,9,0,18,0,8,0,0,0,0,3,1,6,2,25,5,1229,1,4,1,1,2,370394,356006,7,2,1,4,129,3,532,6,30,3,4,6,0,0,0,4,4,1,0,0,1,1,1,1,2,25,5,3,0,0,0,0,0,9,1,9
3,1,9,0,17,0,0,0,0,1,11,1,1,6,1,43,7,1198,1,11,1,1,1,434495,416447,13,1,1,1,206,4,6132,6,60,0,4,6,0,0,0,6,1,1,0,0,2,1,1,1,1,43,7,3,0,0,0,0,0,9,1,2
3,1,9,0,18,0,0,0,0,0,0,1,1,6,2,25,5,1995,2,4,1,1,1,460088,306331,33,1,1,5,364,6,886,6,30,0,4,6,0,0,0,4,1,1,0,0,1,1,1,3,2,44,7,3,5,1,0,0,0,0,1,5
2,2,9,0,3,0,0,0,0,0,0,0,1,2,1,18,4,1149,1,5,3,1,2,428890,264632,23,2,1,2,294,3,425,6,30,0,4,6,0,0,5,4,1,1,0,0,1,1,1,1,1,33,6,3,0,0,0,0,0,9,1,5
3,1,3,0,18,0,0,1,0,0,0,1,1,2,1,17,4,124,1,11,2,1,2,162920,25888,50,2,1,4,596,6,0,6,30,0,4,6,0,0,0,1,1,1,0,0,2,1,1,1,1,17,4,3,0,0,0,0,0,3,2,5
3,1,3,0,18,0,8,2,0,0,0,1,1,6,1,20,4,124,1,6,1,1,2,366450,428540,4,2,1,3,70,3,677,6,30,6,2,6,0,0,0,1,1,2,0,0,1,1,1,1,1,20,4,3,0,0,0,0,0,3,1,4
3,3,9,0,18,0,0,0,0,0,0,2,1,6,1,47,8,1598,1,6,1,2,3,579111,115254,47,3,2,1,555,3,21,6,50,0,4,6,0,0,0,1,1,1,0,0,2,1,2,2,1,43,7,3,0,0,1,0,0,9,1,2
3,1,9,0,10,0,1,0,0,0,0,2,1,6,2,23,5,996,1,4,2,1,2,364010,431060,4,2,1,6,80,6,0,6,30,3,4,3,677,0,4,4,5,2,0,0,2,1,1,1,2,23,5,3,0,0,0,0,0,9,2,9
3,2,1,0,7,0,6,0,0,0,0,1,1,6,2,20,4,1598,1,8,1,1,2,360704,169910,52,2,1,3,601,3,4174,6,30,9,3,6,0,0,0,1,1,1,0,0,1,2,1,1,2,20,4,3,0,0,0,0,0,1,1,5
3,2,9,0,12,0,0,0,0,0,0,1,1,2,1,22,5,1388,1,8,1,1,2,512000,172370,1,2,1,1,25,3,314,6,30,0,4,6,0,0,0,4,1,1,0,0,1,1,1,1,1,33,6,3,0,0,0,0,0,9,1,5
2,1,17,0,7,0,1,1,0,0,10,1,1,1,1,38,7,1598,1,8,3,1,2,271447,53725,50,2,1,3,584,6,0,6,60,8,4,6,0,0,0,1,5,2,7,0,2,1,1,1,1,33,6,2,0,0,0,0,0,17,3,5
3,1,9,0,18,0,8,0,0,0,0,4,1,1,2,34,6,1248,1,3,1,1,1,637130,166740,46,1,1,4,541,3,254,6,30,6,2,6,0,0,5,1,1,1,0,0,1,1,1,3,2,15,3,3,5,1,0,0,0,0,1,1
3,1,9,0,18,0,3,0,0,0,0,1,1,6,1,37,7,1560,2,5,1,1,2,521987,163572,45,2,1,6,38,3,240,1,40,1,4,6,0,0,0,1,1,1,0,0,1,1,1,2,2,26,6,3,0,0,2,0,0,9,1,9
3,2,17,0,18,0,0,0,0,0,0,2,1,1,1,69,10,4400,2,2,3,2,2,561434,293820,36,2,2,5,407,3,10,6,60,0,4,6,0,0,0,1,1,1,0,0,2,1,2,1,1,69,10,3,0,0,0,0,0,17,3,5
3,2,1,0,18,0,0,0,0,1,7,1,1,6,1,53,8,1598,1,8,1,1,2,408655,93768,55,2,1,5,640,6,0,6,30,0,4,6,0,0,4,1,1,1,0,0,1,1,1,1,1,53,8,3,0,0,0,0,0,1,1,6
3,1,9,0,5,0,0,0,0,0,0,1,1,6,2,61,9,1339,1,9,1,1,1,533470,189010,1,1,1,4,31,3,504,6,30,0,4,6,0,0,1,4,2,2,0,0,1,1,1,3,2,24,5,3,1,3,0,0,2,0,1,1
3,2,9,0,2,0,1,0,0,0,0,3,1,6,2,38,7,1149,1,10,1,1,2,526880,177850,1,2,1,4,12,3,3217,6,30,3,4,6,0,0,0,1,1,1,0,0,1,2,1,1,1,33,6,3,0,0,0,0,0,9,1,5
3,3,21,1,2,0,0,0,0,0,0,2,1,1,1,52,8,11705,2,9,2,1,3,351890,310520,22,3,1,3,286,3,5,3,70,0,4,6,0,0,0,1,1,2,0,0,2,1,1,1,1,33,6,3,0,0,0,0,0,9,1,5
3,1,5,0,17,0,0,0,0,0,0,3,1,6,1,59,9,1255,1,8,1,1,1,407490,392520,30,1,1,6,325,3,57,6,50,0,4,6,0,0,0,1,2,2,0,0,2,1,1,1,1,59,9,3,0,0,0,0,0,5,1,5
3,2,9,0,8,0,1,0,0,0,0,2,1,6,1,57,9,1499,2,8,1,2,2,524405,226123,41,2,2,6,435,6,131,3,30,1,4,3,1072,0,7,4,5,2,0,0,2,1,2,2,2,59,9,3,0,0,1,0,0,9,1,1
2,2,9,0,4,0,0,1,0,0,0,2,1,6,1,30,6,1598,1,8,1,2,2,518821,203650,41,2,2,1,434,3,1081,3,70,0,4,6,0,0,0,1,1,1,0,0,2,1,1,1,1,33,6,3,0,0,0,0,0,9,1,5
3,1,8,0,18,0,1,0,0,0,0,1,1,1,1,47,8,1598,1,8,1,1,1,537470,173590,1,1,1,6,7,3,205,6,30,3,4,6,0,0,0,1,1,1,0,0,1,1,1,3,2,10,2,3,5,1,0,0,2,0,1,3
3,1,9,0,5,0,0,0,4,0,0,1,1,6,3,38,7,1796,1,12,1,1,2,370440,313240,22,2,1,6,284,6,0,6,30,0,4,6,0,0,8,1,2,2,0,0,1,1,1,1,1,33,6,3,0,0,0,0,0,9,1,5
2,3,1,0,18,0,1,2,0,0,0,1,1,6,1,39,7,1598,1,8,1,2,3,511499,150023,45,3,2,1,511,5,44,6,30,1,4,5,43,0,0,1,1,1,0,0,2,1,2,1,1,39,7,3,0,0,0,0,0,1,1,10
2,1,1,0,18,0,4,0,0,0,1,1,1,6,1,40,7,1598,1,8,2,1,2,303190,228380,63,2,1,3,753,4,4601,1,40,1,4,3,40,0,0,1,1,1,0,0,2,1,1,1,1,40,7,2,0,0,0,0,0,1,2,5
2,1,9,0,11,0,0,2,10,1,10,1,1,6,1,38,7,1398,2,6,1,2,1,454821,402336,14,1,2,5,211,2,1,3,70,0,4,6,0,0,0,6,1,1,0,0,2,1,1,1,1,38,7,3,0,0,0,0,0,9,1,2
3,2,9,0,18,0,1,0,0,0,0,1,1,6,1,36,7,1390,1,4,1,1,2,534350,181660,1,2,1,5,5,3,11,6,30,3,4,6,0,0,4,4,1,1,0,0,1,1,1,1,1,36,7,3,0,0,0,0,0,9,1,2
3,3,9,0,10,0,8,0,0,0,0,2,1,6,2,34,6,1498,1,14,1,4,4,579631,114430,47,4,4,4,555,3,21,6,50,3,4,6,0,0,0,1,1,1,0,0,2,1,3,1,2,34,6,3,0,0,0,0,0,9,1,8
3,1,9,0,4,0,0,0,4,0,0,1,1,6,1,74,10,1587,1,14,1,1,2,438324,422879,13,2,1,3,206,6,0,6,20,0,4,6,0,0,0,1,1,1,0,0,1,2,1,1,1,33,6,3,0,0,0,0,0,9,1,5
3,2,19,0,18,0,1,1,0,0,0,1,1,6,1,32,6,2402,2,8,1,1,2,465131,100430,44,2,1,3,498,3,2047,6,30,3,4,6,0,0,4,4,1,1,0,0,1,1,1,1,1,33,6,3,0,0,0,0,0,9,1,5
3,1,9,0,7,0,4,0,0,0,0,1,1,6,1,36,7,1995,1,4,1,1,2,512667,196395,41,2,1,5,33,4,462,1,30,1,4,6,1256,0,8,1,1,2,0,0,1,1,1,1,1,33,6,3,0,0,0,0,0,9,1,5
3,2,9,0,3,0,0,0,0,0,0,2,1,3,1,35,6,1560,2,8,1,4,4,485495,188206,43,4,4,5,480,5,100,6,40,0,4,6,0,0,0,1,1,1,0,0,2,1,2,1,1,35,6,3,0,0,0,0,0,9,1,5
3,1,5,0,18,0,0,1,0,0,0,1,1,1,1,25,5,649,1,1,1,1,2,500446,177604,43,2,1,6,474,1,4,3,70,0,4,6,0,0,0,1,1,2,0,0,2,1,1,1,1,25,5,3,0,0,0,0,0,5,1,7
3,1,9,0,9,0,5,0,0,1,1,1,1,6,1,19,4,1390,1,10,1,1,1,620700,136650,46,1,1,1,539,4,2064,6,30,3,4,6,0,0,0,4,5,2,0,0,1,1,1,1,1,19,4,3,0,0,0,0,0,9,1,6
2,1,9,0,18,0,2,0,0,0,0,1,1,6,1,19,4,1124,1,14,1,1,1,525878,106891,47,1,1,4,565,6,0,6,30,3,4,6,0,0,8,1,1,2,0,0,1,1,1,3,1,24,5,2,5,1,0,0,0,0,1,2
3,2,9,0,18,0,0,0,0,0,0,1,1,2,2,23,5,1388,1,10,1,2,3,382941,382541,7,3,2,6,129,3,538,6,50,0,4,6,0,0,0,1,1,1,0,0,2,1,1,1,2,23,5,3,0,0,0,0,0,9,1,6
3,2,9,0,2,0,1,0,0,0,0,1,1,6,2,36,7,1686,2,8,1,1,2,546510,192520,1,2,1,4,14,6,0,6,30,3,4,6,0,0,0,1,1,1,0,0,1,1,1,1,1,33,6,3,0,0,0,0,0,9,1,5
2,2,9,0,2,0,0,0,0,0,0,4,1,6,3,38,7,1998,2,10,1,1,2,337026,376958,7,2,1,6,130,4,5463,6,30,0,4,6,0,0,0,4,1,2,0,0,1,1,1,1,1,33,6,3,0,0,0,0,0,9,1,5
2,2,9,0,9,0,5,0,0,0,0,3,1,6,1,51,8,1995,1,9,1,1,2,349260,460820,4,2,1,4,76,6,0,6,30,3,4,6,0,0,0,1,1,1,0,0,1,1,1,1,1,33,6,3,0,0,0,0,0,9,1,5
3,2,9,0,2,0,0,0,0,0,0,4,1,6,3,38,7,1968,2,2,1,1,5,466952,452524,12,5,1,4,189,5,297,6,30,0,4,6,0,0,0,1,1,1,0,0,2,1,1,1,1,33,6,3,0,0,0,0,0,9,1,5
1,1,9,0,6,0,0,0,0,0,0,0,1,6,1,31,6,1796,1,8,3,2,2,455682,275472,34,2,2,5,381,3,5,6,60,0,4,6,0,0,0,1,1,1,0,0,2,1,1,1,1,31,6,1,0,0,0,0,0,9,3,7
3,2,9,0,18,0,1,0,0,0,0,4,1,2,2,59,9,1995,2,10,3,1,2,583884,248843,37,2,1,5,410,4,1066,6,60,3,4,4,1065,0,0,1,1,1,0,0,2,1,1,1,2,59,9,3,0,0,0,0,0,9,3,6
2,1,20,0,4,0,0,0,0,0,0,2,1,1,1,21,5,1598,1,8,1,1,2,452754,85274,44,2,1,6,505,6,0,6,30,0,4,6,0,0,0,1,1,1,0,0,2,1,1,1,1,33,6,3,0,0,0,0,0,9,1,5
2,2,9,0,8,0,8,0,0,0,0,2,1,6,2,58,9,2400,2,2,3,2,2,465683,255976,34,2,2,4,385,3,5,6,60,3,4,5,54,0,0,1,1,1,0,0,2,1,2,1,2,58,9,3,0,0,0,0,0,9,3,5
3,1,11,0,5,2,0,0,0,0,0,0,1,6,1,33,6,4500,2,4,1,1,1,427182,564870,10,1,1,4,147,4,1312,6,30,0,4,6,0,0,5,4,1,1,0,0,1,2,1,2,1,64,9,3,0,0,0,1,0,11,1,1
2,1,9,0,16,0,0,5,0,0,4,1,1,6,1,71,10,1598,1,8,1,1,1,499043,198196,43,1,1,1,478,6,408,6,30,0,4,6,0,0,0,1,1,1,0,0,1,1,1,1,1,71,10,2,0,0,0,0,0,9,1,6
3,1,9,0,18,0,0,0,0,0,0,1,1,6,2,60,9,4556,1,15,1,1,3,350890,441260,4,3,1,2,85,3,6,6,60,0,4,6,0,0,0,1,1,1,0,0,2,1,1,1,1,33,6,3,0,0,0,0,0,9,1,5
3,1,9,0,18,0,1,2,4,0,0,1,1,6,1,24,5,1598,1,8,1,2,4,524853,225845,41,4,2,7,435,6,356,6,30,6,4,6,356,0,0,5,1,1,0,0,1,1,2,2,1,23,5,3,0,0,2,0,0,9,1,4
3,2,20,0,4,0,0,2,0,1,0,3,1,1,1,25,5,3900,2,13,1,2,2,507224,158274,45,2,2,4,511,3,3,3,70,0,4,6,0,0,0,1,1,1,0,0,2,1,1,1,1,25,5,3,0,0,0,0,0,20,1,3
3,1,9,0,9,0,6,0,0,1,0,1,1,6,1,47,8,1497,8,10,1,5,2,436505,386458,14,2,5,4,215,3,6135,6,30,3,4,6,0,0,0,4,2,2,0,0,1,1,5,2,2,39,7,3,0,0,2,0,0,9,1,4
3,1,9,0,18,0,0,0,0,1,10,1,1,6,2,77,11,2171,1,12,1,1,1,397467,313794,21,1,1,6,254,3,34,6,30,0,4,6,0,0,0,1,1,1,0,0,1,1,1,1,2,77,11,3,0,0,0,0,0,9,1,6
3,2,9,0,6,0,0,0,0,0,0,1,1,6,3,38,7,1598,1,8,1,1,2,537400,182860,1,2,1,5,5,3,11,6,30,0,4,6,0,0,0,1,1,1,0,0,1,1,1,1,1,33,6,3,0,0,0,0,0,9,1,5
3,2,9,0,7,0,6,0,0,0,0,1,1,6,1,33,6,1198,1,8,3,2,3,370250,354791,7,3,2,6,129,6,0,6,30,3,4,6,0,0,0,1,1,1,0,0,1,1,1,1,1,33,6,3,0,0,0,0,0,9,3,8
3,1,11,0,18,0,1,0,0,0,0,0,1,1,1,36,7,1598,1,8,1,1,2,530520,176500,1,2,1,7,9,3,203,2,30,3,2,3,3,0,5,1,1,1,0,0,1,1,1,2,2,72,10,3,0,0,0,4,0,11,1,5
3,1,9,0,10,0,1,0,0,0,0,2,1,6,2,51,8,1598,1,17,2,2,2,388243,135220,54,2,2,4,635,3,350,6,60,3,4,5,25,0,0,1,1,1,0,0,2,1,1,1,2,51,8,3,0,0,0,0,0,9,2,5
2,3,9,0,3,0,0,0,0,0,0,2,1,2,1,60,9,1296,1,7,1,1,3,416177,132164,54,3,1,5,635,3,30,6,30,0,4,6,0,0,0,1,1,1,0,0,1,1,1,1,1,33,6,3,0,0,0,0,0,9,1,5
3,1,9,0,4,0,2,0,0,0,0,2,1,1,1,52,8,1598,1,8,1,1,2,544200,184810,1,2,1,7,16,3,123,6,30,3,4,6,0,0,1,1,1,1,0,0,1,1,1,2,1,40,7,3,0,0,1,0,0,9,1,5
3,1,9,0,4,0,0,0,0,0,0,2,1,6,3,38,7,1198,1,12,1,1,2,479977,131266,44,2,1,5,497,3,3,3,70,0,4,6,0,0,0,1,1,1,0,0,2,2,1,1,1,33,6,3,0,0,0,0,0,9,1,5
3,2,9,0,18,0,1,0,0,0,0,1,1,6,1,38,7,1997,2,11,1,1,2,401854,297921,20,2,1,1,307,6,0,6,30,3,4,6,0,0,0,4,2,2,0,0,1,2,1,1,1,33,6,3,0,0,0,0,0,9,1,5
3,1,9,0,9,0,5,0,0,0,0,1,1,5,1,34,6,1796,1,15,1,1,2,435090,290643,23,2,1,3,291,6,0,6,30,3,4,6,0,0,0,6,2,2,0,0,1,1,1,1,1,33,6,3,0,0,0,0,0,9,1,5
3,4,9,0,2,0,0,0,0,0,0,3,1,6,1,22,5,1229,1,1,1,3,6,465006,106318,44,6,3,4,498,6,0,6,20,0,4,6,0,0,0,4,1,1,0,0,1,1,3,1,1,22,5,3,0,0,0,0,0,9,1,3
3,2,1,0,18,0,1,0,8,0,0,1,1,6,1,32,6,1598,1,8,1,1,2,538040,186560,1,2,1,6,13,3,112,6,30,6,4,6,0,0,4,4,1,1,0,0,1,1,1,1,1,32,6,3,0,0,0,0,0,1,1,1
3,2,9,0,18,0,1,0,0,0,0,0,1,1,1,24,5,1560,2,2,1,3,2,510191,156091,45,2,3,6,511,5,43,6,30,3,4,6,0,0,0,4,1,1,0,0,2,1,1,1,1,33,6,3,0,0,0,0,0,9,1,5
3,1,1,0,18,0,0,0,0,0,0,2,1,6,2,26,6,1598,1,8,1,1,2,540290,177220,1,2,1,5,6,4,212,6,30,0,4,6,0,0,0,1,1,1,0,0,1,1,1,1,2,26,6,3,0,0,0,0,0,1,1,5
3,1,9,0,13,0,3,1,0,0,0,4,1,6,1,27,6,1975,1,13,1,1,2,250247,62358,50,2,1,1,583,3,386,1,30,1,4,6,0,0,0,1,2,2,0,0,1,1,1,1,1,27,6,3,0,0,0,0,0,9,1,3
3,2,11,0,18,0,0,0,0,0,0,1,1,1,1,47,8,6374,2,3,1,1,2,455044,339250,31,2,1,3,346,3,6200,6,30,0,4,6,0,0,4,1,8,1,0,0,1,1,1,1,1,33,6,3,0,0,0,0,0,9,1,5
3,1,9,0,4,0,0,1,0,0,0,1,1,6,2,29,6,1598,1,8,1,1,3,442420,188650,43,3,1,3,483,3,417,6,50,0,4,6,0,0,0,1,1,2,0,0,2,1,1,1,2,29,6,3,0,0,0,0,0,9,1,9
2,1,8,0,1,0,0,0,0,0,0,2,1,1,1,64,9,1896,2,7,1,1,1,341799,391755,5,1,1,6,91,6,0,6,30,0,4,6,0,0,0,1,1,1,0,0,1,1,1,3,1,87,11,2,5,3,0,0,0,0,1,1
3,2,17,0,9,0,6,0,0,0,0,3,1,1,1,52,8,3387,2,2,3,1,2,445900,92607,44,2,1,7,505,6,0,6,60,8,4,6,0,0,0,1,1,1,0,0,2,1,1,1,1,33,6,3,0,0,0,0,0,9,1,5
3,1,9,0,5,0,6,0,0,0,0,1,1,6,2,85,11,1461,2,10,2,1,2,422653,499592,12,2,1,7,184,3,6136,6,40,3,4,4,6272,0,8,1,1,1,0,0,2,1,2,1,2,85,11,3,0,0,0,0,0,9,2,8
3,2,9,0,18,0,0,0,0,0,0,2,1,6,2,37,7,1598,1,10,2,1,2,381002,350969,21,2,1,2,253,6,16,6,30,0,4,6,0,0,0,1,1,1,0,0,2,2,1,1,2,37,7,3,0,0,0,0,0,9,2,8
3,1,9,0,18,0,0,1,0,5,7,4,1,6,1,47,8,1993,1,10,3,1,1,435015,399954,14,1,1,1,210,1,1,3,70,0,4,6,0,0,0,1,1,2,0,0,2,1,1,1,1,47,8,3,0,0,0,0,0,9,3,4
3,2,3,0,18,0,0,0,0,0,0,1,1,6,1,19,4,125,1,2,2,1,2,419430,302920,21,2,1,4,258,3,5,3,60,0,4,6,0,0,0,1,1,1,0,0,2,2,1,1,1,19,4,3,0,0,0,0,0,3,2,4
1,2,21,1,3,0,0,0,0,0,0,2,2,1,1,56,9,1598,1,8,1,1,2,555900,158110,46,2,1,2,538,1,26,3,70,0,4,6,0,0,0,1,1,1,0,0,2,1,1,1,1,33,6,3,0,0,0,0,0,9,1,5
3,2,9,0,18,0,8,0,0,0,0,0,1,6,2,31,6,1242,1,8,1,1,2,457270,300815,33,2,1,6,364,3,426,6,30,3,2,5,1764,0,5,1,1,1,0,0,1,1,1,1,2,31,6,3,0,0,0,0,0,9,1,5
3,1,9,0,9,0,4,0,0,0,0,3,1,6,2,27,6,1240,1,5,1,2,2,427007,440385,13,2,2,3,204,3,660,6,30,8,4,6,0,0,0,4,1,1,0,0,1,1,1,1,2,27,6,3,0,0,0,0,0,9,1,7
3,1,1,0,18,5,1,0,0,0,0,1,1,2,1,25,5,1598,1,8,1,1,3,258884,665361,97,3,1,6,926,6,0,2,30,7,2,6,0,0,4,1,1,1,0,0,1,1,1,1,1,25,5,3,0,0,0,0,0,1,1,5
2,1,9,0,18,0,1,0,0,1,10,1,1,6,1,20,4,3199,1,15,1,2,2,336970,446190,4,2,2,7,85,4,5377,6,30,3,4,3,588,0,0,4,1,1,0,0,2,1,2,2,1,18,4,2,0,0,2,0,0,9,2,6
3,2,9,0,3,0,2,0,0,0,0,2,1,2,2,57,9,1560,2,1,1,2,3,365190,426020,4,3,2,3,70,3,674,6,30,3,4,6,0,0,0,1,1,1,0,0,1,1,1,1,2,57,9,3,0,0,0,0,0,9,1,7
3,1,9,0,18,0,0,0,0,0,0,1,1,6,1,20,4,1328,1,5,1,1,2,359520,370765,7,2,1,4,130,3,49,6,50,0,4,6,0,0,0,4,1,1,0,0,2,1,1,1,1,33,6,3,0,0,0,0,0,9,1,5
3,2,9,0,4,0,1,0,0,0,0,1,1,1,2,50,8,1984,1,8,3,2,2,532926,345737,32,2,2,6,350,4,1183,6,30,3,4,6,0,0,0,1,1,1,0,0,1,1,1,1,2,50,8,3,0,0,0,0,0,9,1,8
3,1,9,0,9,0,6,0,0,0,0,1,1,6,2,29,6,1951,2,9,1,1,2,456880,342818,31,2,1,5,346,6,0,6,30,3,4,6,0,0,0,1,1,1,0,0,1,1,1,1,1,33,6,3,0,0,0,0,0,9,1,5
2,2,9,0,2,0,8,0,0,0,0,1,1,6,1,55,8,2400,2,6,1,1,2,526570,182850,1,2,1,3,1,4,507,6,30,6,2,5,0,0,5,4,1,1,0,0,1,1,1,1,1,33,6,3,0,0,0,0,0,9,1,5
3,2,1,0,18,0,8,0,0,0,0,4,1,6,1,43,7,1598,1,8,1,1,2,486810,309515,33,2,1,3,368,3,606,1,40,1,4,4,668,0,0,1,1,1,0,0,2,1,1,1,1,43,7,3,0,0,0,0,0,1,1,5
3,2,9,0,10,0,1,0,0,0,0,2,1,1,1,24,5,1598,1,8,1,1,2,577380,146710,46,2,1,6,536,3,229,6,60,8,4,6,0,0,0,1,1,1,0,0,2,1,1,1,1,24,5,3,0,0,0,0,0,9,1,7
3,3,9,0,3,0,2,0,0,0,0,2,1,6,1,47,8,998,1,9,1,2,3,507890,178500,1,3,2,5,26,1,4,3,70,5,4,6,0,0,0,1,1,1,0,0,1,1,1,2,2,37,7,3,0,0,2,0,0,9,1,5
3,2,1,0,18,0,8,0,0,0,0,1,1,6,1,27,6,1598,1,8,1,1,2,527830,172170,1,2,1,6,10,3,24,6,30,3,4,6,0,0,0,1,1,1,0,0,1,1,1,1,1,27,6,3,0,0,0,0,0,1,1,3
3,2,9,0,4,0,0,0,0,0,0,2,1,6,2,38,7,1598,1,8,1,1,2,461935,432689,12,2,1,4,187,3,19,6,30,0,4,6,0,0,0,1,1,1,0,0,1,2,1,1,1,33,6,3,0,0,0,0,0,9,1,5
3,1,9,0,17,0,0,0,0,1,2,1,1,6,2,69,10,1299,1,16,1,1,1,510006,160808,45,1,1,4,510,6,6887,6,30,0,4,6,0,0,0,1,1,1,0,0,1,1,1,1,2,69,10,3,0,0,0,0,0,9,1,10
3,1,9,0,9,0,8,0,0,0,0,1,1,6,1,37,7,1199,1,14,1,1,2,450971,532224,17,2,1,4,240,3,689,6,30,6,2,6,160,0,5,1,1,1,0,0,1,1,1,1,1,33,6,3,0,0,0,0,0,9,1,5
3,2,9,0,8,0,1,0,0,0,0,1,1,6,1,49,8,1598,1,8,3,1,2,332370,188331,61,2,1,1,732,4,4591,6,30,9,4,4,4,0,0,1,2,2,0,0,1,1,1,1,1,33,6,3,0,0,0,0,0,9,1,5
3,1,9,0,18,0,0,0,0,0,0,1,1,6,1,25,5,1242,1,10,3,1,1,554680,186970,1,1,1,5,15,5,0,6,30,0,4,6,0,0,0,4,1,1,0,0,1,1,1,3,1,73,10,3,5,3,0,0,2,0,1,9
3,1,9,0,18,0,2,0,0,0,0,1,1,6,2,55,8,1587,1,12,1,1,1,456651,344517,31,1,1,1,346,6,0,6,30,6,4,6,0,0,0,1,1,1,0,0,1,1,1,3,1,5,1,3,5,4,0,0,0,0,1,5
3,1,9,0,18,0,0,1,0,0,0,1,1,6,2,30,6,1598,2,1,1,2,2,528810,150135,45,2,2,7,513,3,25,6,30,0,4,6,0,0,0,1,1,1,0,0,2,1,1,1,2,30,6,3,0,0,0,0,0,9,1,8
3,2,19,0,18,0,1,0,0,0,0,4,1,6,1,34,6,1598,1,8,1,2,3,418916,431935,13,3,2,4,200,6,0,6,30,3,4,6,0,0,0,1,1,1,0,0,1,1,1,1,1,33,6,3,0,0,0,0,0,9,1,5
3,1,5,0,18,0,0,0,0,1,4,4,1,6,1,61,9,599,1,17,1,1,1,474339,109673,47,1,1,7,559,6,0,6,60,0,4,6,0,0,0,1,2,2,0,0,2,1,1,1,1,61,9,3,0,0,0,0,0,5,1,7
3,1,9,0,3,0,8,0,0,0,0,2,1,3,2,37,7,4163,2,8,1,1,2,435512,408250,14,2,1,2,210,3,633,6,40,3,4,6,0,0,0,1,1,4,0,0,1,1,1,1,1,33,6,3,0,0,0,0,0,9,1,5
3,2,1,0,5,0,1,0,0,0,0,4,1,6,1,39,7,1598,1,8,1,1,2,458175,454605,12,2,1,1,189,6,3210,6,30,3,4,6,3210,0,0,1,1,1,0,0,1,2,1,1,1,39,7,3,0,0,0,0,0,1,1,10
3,1,9,0,18,0,0,1,10,2,6,1,1,6,1,31,6,1796,1,11,1,1,3,471302,168755,43,3,1,7,472,1,4,3,70,0,4,6,0,0,0,1,1,1,4,0,2,1,1,1,1,31,6,3,0,0,0,0,0,9,1,1
2,2,9,0,9,0,8,0,0,0,0,4,1,6,1,30,6,1598,1,8,2,2,2,546185,211771,42,2,2,3,457,3,414,6,40,3,4,6,0,0,0,4,1,1,0,0,1,1,2,2,1,18,4,2,0,0,1,0,0,9,1,5
3,1,9,0,11,0,3,0,0,0,0,4,1,6,1,46,8,2967,2,2,1,1,2,248177,54637,50,2,1,2,583,3,374,1,30,1,4,6,0,0,0,1,1,2,0,0,1,1,1,1,1,33,6,3,0,0,0,0,0,9,1,5
3,2,9,0,4,0,1,0,0,0,0,2,1,6,2,29,6,1242,1,4,1,2,2,490377,103140,47,2,2,7,559,3,259,6,60,8,4,6,0,0,0,1,5,2,0,0,2,1,2,2,1,29,6,3,0,0,2,0,0,9,1,6
3,2,9,0,18,0,4,0,0,0,0,0,1,1,1,29,6,2993,2,2,1,2,3,335908,394955,5,3,2,6,91,3,5080,7,40,1,4,6,0,0,0,4,1,2,0,0,1,1,1,1,1,33,6,3,0,0,0,0,0,9,1,5
2,1,9,0,18,0,1,5,4,0,0,1,1,6,1,21,5,1199,1,14,1,2,5,558695,108950,47,5,2,4,556,4,2104,6,30,3,4,6,0,0,0,4,1,1,0,0,1,1,2,2,2,19,4,3,0,0,1,0,0,9,1,2