accident_severity,vehicle_reference,vehicle_type,towing_and_articulation,vehicle_manoeuvre,vehicle_location-restricted_lane,junction_location,skidding_and_overturning,hit_object_in_carriageway,vehicle_leaving_carriageway,hit_object_off_carriageway,1st_point_of_impact,was_vehicle_left_hand_drive?,journey_purpose_of_driver,sex_of_driver,age_of_driver,age_band_of_driver,engine_capacity_(cc),propulsion_code,age_of_vehicle,driver_home_area_type,NUmber_of_Casualities_unique_to_accident_index,No_of_Vehicles_involved_unique_to_accident_index,location_easting_osgr,location_northing_osgr,police_force,number_of_vehicles,number_of_casualties,day_of_week,local_authority_(district),1st_road_class,1st_road_number,road_type,speed_limit,junction_detail,junction_control,2nd_road_class,2nd_road_number,pedestrian_crossing-human_control,pedestrian_crossing-physical_facilities,light_conditions,weather_conditions,road_surface_conditions,special_conditions_at_site,carriageway_hazards,urban_or_rural_area,did_police_officer_attend_scene_of_accident,casualty_reference,casualty_class,sex_of_casualty,age_of_casualty,age_band_of_casualty,casualty_severity,pedestrian_location,pedestrian_movement,car_passenger,bus_or_coach_passenger,pedestrian_road_maintenance_worker,casualty_type,casualty_home_area_type,casualty_imd_decile
3,2,1,0,17,0,1,0,0,0,0,4,1,6,1,63,9,1598,1,8,1,1,2,515968,103940,47,2,1,7,564,6,0,6,30,3,4,6,0,0,0,1,2,2,0,0,1,1,1,1,1,63,9,3,0,0,0,0,0,1,1,9
3,2,9,0,18,0,8,0,0,0,0,1,1,2,2,21,5,1229,1,7,1,3,2,398200,299020,20,2,3,1,307,6,0,6,30,3,4,6,0,0,0,1,1,1,0,0,1,1,3,1,2,21,5,3,0,0,0,0,0,9,1,1
3,1,21,1,18,0,6,0,0,0,0,1,1,1,1,36,7,1598,1,8,1,1,3,517048,157600,45,3,1,6,512,1,25,3,70,5,4,1,25,0,0,1,1,1,0,0,2,1,1,1,1,33,6,3,0,0,0,0,0,9,1,5
2,2,9,0,18,0,8,0,0,0,0,3,1,6,2,24,5,1242,1,2,1,4,2,336944,388465,5,2,4,3,91,3,5089,6,30,6,2,4,5175,0,5,4,1,1,0,0,1,1,3,1,2,24,5,3,0,0,0,0,0,9,1,1
3,2,9,0,2,0,1,0,0,0,0,2,1,6,3,38,7,1598,1,8,1,1,2,528520,163610,1,2,1,3,21,4,271,6,30,3,4,6,0,0,0,1,1,1,0,0,1,1,1,1,1,33,6,3,0,0,0,0,0,9,1,5
3,2,1,0,18,0,1,0,0,0,0,1,1,6,1,5,1,1598,1,8,1,1,2,297740,519280,3,2,1,1,63,6,0,6,30,9,4,6,0,0,0,1,1,1,0,0,1,1,1,1,1,5,1,3,0,0,0,0,0,1,1,4
3,1,9,0,18,0,1,0,0,0,0,1,1,1,2,20,4,1198,1,4,1,1,1,513940,172410,1,1,1,2,24,3,305,6,30,6,2,4,358,0,5,1,1,1,0,0,1,1,1,3,1,18,4,3,4,1,0,0,2,0,1,9
3,2,9,0,18,0,0,0,0,0,0,3,1,6,2,64,9,1390,1,5,1,1,2,420355,566807,10,2,1,3,147,5,111,3,30,0,4,6,0,0,0,1,1,2,0,0,1,1,1,1,2,64,9,3,0,0,0,0,0,9,1,8
3,2,19,0,18,0,8,0,0,0,0,1,1,1,1,28,6,2198,2,3,1,1,2,476289,260906,34,2,1,5,384,3,4500,7,30,3,4,6,8467,0,0,1,1,2,0,0,1,1,1,1,1,28,6,3,0,0,0,0,0,19,1,5
3,1,11,0,13,0,0,0,0,7,9,4,1,1,1,22,5,4580,2,8,1,6,2,442913,254630,23,2,6,2,293,3,423,6,50,0,4,6,0,0,0,1,1,1,0,0,2,1,1,1,1,22,5,3,0,0,0,0,0,11,1,10
3,2,9,0,18,0,1,0,0,0,0,1,1,6,2,30,6,1388,1,12,1,3,3,498936,159166,45,3,3,5,518,6,3629,6,30,3,4,6,0,0,0,4,1,1,0,0,1,1,2,1,2,30,6,3,0,0,0,0,0,9,1,3
3,2,9,0,18,0,0,0,0,0,0,2,1,6,1,52,8,1598,1,2,1,4,2,408680,291260,20,2,4,3,300,1,6,3,70,0,4,6,0,0,0,4,1,1,0,0,1,1,2,2,1,15,3,3,0,0,1,0,0,9,1,3
3,2,9,0,18,0,1,0,0,0,0,1,1,6,3,38,7,1598,1,8,1,1,2,546330,183690,1,2,1,6,16,3,123,6,30,1,2,3,13,0,5,4,1,1,0,0,1,2,1,1,1,33,6,3,0,0,0,0,0,9,1,5
3,1,9,0,18,0,8,0,0,0,0,4,1,6,3,38,7,1598,1,8,1,1,1,484787,279601,34,1,1,5,383,3,14,7,70,5,4,3,43,0,0,4,1,2,4,0,2,1,1,3,1,22,5,3,5,1,0,0,1,0,1,1
3,3,9,0,18,0,0,0,0,0,0,2,1,5,1,35,6,2993,2,7,1,1,3,556675,179385,42,3,1,7,462,3,13,3,70,0,4,6,0,0,0,1,2,2,4,0,2,1,1,1,1,33,6,3,0,0,0,0,0,9,1,5
3,1,9,0,17,0,0,2,0,1,11,1,1,6,1,20,4,1596,1,10,3,1,1,519738,445413,16,1,1,7,231,6,0,6,60,0,4,6,0,0,0,1,1,2,0,0,2,1,1,1,1,20,4,3,0,0,0,0,0,9,3,7
3,2,19,0,3,0,1,0,0,0,0,2,1,1,1,55,8,1598,2,8,1,1,2,423191,565989,10,2,1,6,147,3,167,3,40,5,4,3,189,0,0,1,1,1,0,0,1,1,1,1,1,55,8,3,0,0,0,0,0,19,1,8
3,1,9,0,18,0,8,0,0,0,0,1,1,6,2,21,5,1242,1,13,1,1,2,511399,430042,16,2,1,5,228,3,165,6,30,3,4,6,0,0,0,1,1,1,0,0,1,1,1,1,1,33,6,3,0,0,0,0,0,9,1,5
2,1,9,0,12,0,1,0,0,0,0,3,1,6,1,53,8,1796,1,11,1,1,2,384850,388360,6,2,1,5,109,3,560,6,30,3,4,6,0,0,0,1,1,1,0,0,1,2,1,1,1,33,6,3,0,0,0,0,0,9,1,5
3,2,9,0,1,0,0,0,0,0,0,4,1,6,2,74,10,1197,1,1,1,1,3,592240,174880,46,3,1,7,540,5,135,6,30,0,4,6,0,0,0,1,1,1,0,0,1,1,1,1,2,74,10,3,0,0,0,0,0,9,1,7
2,2,1,0,18,0,1,0,0,0,0,2,1,6,1,68,10,1598,1,8,1,1,2,308340,188763,62,2,1,7,744,4,4595,6,30,3,4,6,0,0,0,1,1,1,0,0,1,1,2,1,1,68,10,2,0,0,0,0,0,1,1,5
1,3,21,1,18,0,0,0,0,0,0,3,1,1,1,55,8,12419,2,3,1,4,3,440835,486873,12,3,4,2,181,3,168,6,60,0,4,6,0,0,0,1,1,2,0,0,2,1,1,1,1,33,6,3,0,0,0,0,0,9,1,5
3,2,9,0,18,0,1,0,0,0,0,1,1,6,1,37,7,1896,2,14,1,1,2,516350,297720,35,2,1,5,394,3,1179,1,70,1,4,3,1260,0,0,1,1,1,0,0,2,1,1,1,1,33,6,3,0,0,0,0,0,9,1,5
3,2,9,0,5,0,2,0,0,0,0,3,1,6,2,49,8,1598,2,1,3,1,2,475059,319160,33,2,1,7,365,6,6486,2,30,3,4,6,6486,0,5,4,1,1,0,0,1,2,1,1,1,33,6,3,0,0,0,0,0,9,1,5
3,1,9,0,9,0,6,0,0,0,0,3,1,6,1,68,10,1242,1,1,1,1,2,393980,362314,21,2,1,2,256,3,523,6,40,3,4,5,74,0,0,1,1,1,0,0,2,2,1,1,1,33,6,3,0,0,0,0,0,9,1,5
3,1,9,0,9,0,8,0,0,0,0,4,1,6,1,75,10,1796,1,11,1,1,2,535170,176680,1,2,1,1,8,3,202,6,30,3,4,6,0,0,0,4,1,1,0,0,1,1,1,1,1,33,6,3,0,0,0,0,0,9,1,5
3,1,5,0,18,0,1,1,0,0,0,0,1,2,1,58,9,599,1,14,1,1,2,442220,375870,30,2,1,7,322,5,26,6,60,6,3,5,26,0,0,1,1,1,0,0,2,1,1,1,1,58,9,3,0,0,0,0,0,5,1,10
3,2,9,0,9,0,8,0,0,0,0,1,1,6,1,17,4,1598,1,8,1,1,2,459436,223054,43,2,1,5,481,6,129,1,30,2,4,6,0,0,0,1,1,1,0,0,1,2,1,1,1,17,4,3,0,0,0,0,0,9,1,10
2,3,17,4,18,0,0,0,0,0,0,0,1,6,3,38,7,1598,1,8,1,1,3,326810,310390,63,3,1,2,753,3,458,6,60,0,4,6,0,0,0,1,1,1,0,0,2,1,1,1,1,33,6,3,0,0,0,0,0,9,1,5
3,1,9,0,9,0,5,1,0,7,11,3,1,6,1,31,6,1598,1,8,3,4,2,452313,314521,33,2,4,1,362,5,3209,6,60,8,4,6,6,0,0,1,1,1,0,0,2,1,1,1,1,31,6,3,0,0,0,0,0,9,3,7
2,1,3,0,18,0,0,0,0,0,0,1,1,6,1,31,6,125,1,10,1,1,2,489897,268805,34,2,1,7,386,4,573,6,30,0,4,6,0,0,0,4,1,1,0,0,1,1,1,1,1,31,6,2,0,0,0,0,0,3,1,5
3,1,9,0,18,0,0,1,0,7,9,1,1,6,2,22,5,1229,1,9,1,1,1,467221,421771,16,1,1,2,231,3,614,6,40,0,4,6,0,0,0,1,1,2,0,0,2,1,1,1,2,22,5,3,0,0,0,0,0,9,1,9
3,2,9,0,7,0,5,0,0,0,0,1,1,6,3,38,7,1598,1,8,1,2,2,456003,340414,31,2,2,1,346,6,0,6,30,3,4,6,0,0,0,4,1,1,0,0,1,1,1,1,1,33,6,3,0,0,0,0,0,9,1,5
2,1,9,0,18,0,0,0,0,0,0,1,1,6,3,38,7,1598,1,8,1,1,2,386650,438220,4,2,1,1,77,6,0,6,30,0,4,6,0,0,0,4,9,1,0,0,1,1,1,1,1,33,6,3,0,0,0,0,0,9,1,5
3,1,9,0,18,0,0,0,0,0,0,3,1,6,3,38,7,1598,1,8,1,1,1,474833,259047,34,1,1,4,384,3,5123,6,30,0,4,6,0,0,4,1,1,1,0,0,1,2,1,3,1,10,2,3,1,3,0,0,0,0,1,5
3,1,9,0,4,0,0,0,0,0,0,2,1,6,2,33,6,1910,2,8,1,2,2,444276,119408,44,2,2,1,491,3,335,6,30,0,4,6,0,0,0,1,1,1,0,0,1,2,1,1,2,33,6,3,0,0,0,0,0,9,1,10
3,2,9,0,10,0,1,0,0,0,0,3,1,6,2,52,8,998,1,8,1,1,2,260150,659249,97,2,1,6,926,6,0,6,30,3,4,6,0,0,0,5,4,1,2,0,1,1,1,1,2,52,8,3,0,0,0,0,0,9,1,5
2,1,9,0,18,0,0,0,0,0,0,3,1,2,2,52,8,1686,2,12,1,1,1,435895,532159,11,1,1,4,169,5,26,6,30,0,4,6,0,0,0,1,2,2,0,0,2,1,1,3,2,12,3,2,5,1,0,0,0,0,2,5
2,3,5,0,13,0,0,1,0,0,0,1,1,6,1,64,9,918,1,15,1,1,4,503788,105770,47,4,1,4,558,3,27,3,70,0,4,6,0,0,0,1,1,1,0,0,2,1,1,1,1,64,9,2,0,0,0,0,0,5,1,5
3,1,9,0,9,0,5,0,0,0,0,1,1,2,2,20,4,1242,1,4,2,1,2,610480,129970,46,2,1,4,539,3,259,6,30,8,4,6,0,0,0,1,1,2,0,0,2,1,1,1,1,33,6,3,0,0,0,0,0,9,1,5
3,1,9,0,9,0,8,0,0,0,0,0,1,6,2,70,10,1395,1,8,1,2,2,426284,435583,13,2,2,5,204,4,6157,6,30,6,2,4,6157,2,5,1,5,2,0,0,1,1,1,1,2,70,10,3,0,0,0,0,0,9,1,5
3,2,9,0,5,0,4,0,0,0,0,2,1,2,2,55,8,1399,2,7,1,1,2,333360,441230,4,2,1,5,85,6,0,1,30,1,4,6,0,0,0,1,1,1,0,0,1,1,1,1,2,55,8,3,0,0,0,0,0,9,1,3
2,3,9,0,18,0,1,0,0,0,0,1,1,6,1,20,4,1598,2,4,1,3,3,452287,517118,17,3,3,5,243,4,1380,6,30,3,4,6,0,0,0,1,1,1,0,0,1,1,1,1,1,33,6,3,0,0,0,0,0,9,1,5
2,2,3,0,18,0,0,0,0,0,0,1,1,6,1,47,8,125,1,7,1,1,2,511117,431029,16,2,1,1,228,6,0,6,30,0,4,6,0,0,0,1,1,1,0,0,1,1,1,1,1,47,8,2,0,0,0,0,0,3,1,3
3,2,9,0,4,0,0,0,0,0,0,2,1,6,2,45,7,998,1,6,1,1,2,386907,341977,21,2,1,4,257,6,0,6,30,0,4,6,0,0,0,1,2,2,0,0,1,2,1,1,2,45,7,3,0,0,0,0,0,9,1,10
3,1,9,0,4,0,0,0,0,0,0,3,1,2,2,25,5,1398,1,2,1,3,5,447341,518459,17,5,3,3,243,3,19,3,70,0,4,6,0,0,0,1,1,4,0,0,2,1,3,2,2,1,1,3,0,0,1,0,0,9,1,8
3,1,9,0,18,0,8,0,0,0,0,1,1,2,2,47,8,1590,1,12,3,1,2,370321,91024,55,2,1,4,645,4,3143,6,60,3,4,4,3150,0,0,1,1,1,0,0,2,1,1,1,2,47,8,3,0,0,0,0,0,9,3,7
3,1,9,0,7,0,5,0,10,7,11,1,1,6,1,18,4,1596,1,16,1,1,1,453849,348114,31,1,1,6,340,6,0,6,30,3,4,6,0,0,0,4,2,2,0,0,1,1,1,2,1,18,4,3,0,0,1,0,0,9,1,5
3,1,9,0,18,0,1,0,0,0,0,1,1,6,1,19,4,1598,1,8,1,2,2,188600,207080,63,2,2,1,752,6,0,6,60,9,4,6,0,0,0,1,1,2,0,0,2,1,1,1,1,33,6,3,0,0,0,0,0,9,1,5
3,2,9,0,18,0,8,0,0,0,0,3,1,6,1,42,7,1910,2,10,1,1,2,522450,191360,1,2,1,7,30,5,0,6,30,2,4,5,0,0,1,4,2,2,0,0,1,1,1,1,1,33,6,3,0,0,0,0,0,9,1,5
3,2,9,0,4,0,8,0,0,0,0,2,1,6,1,28,6,1590,1,14,1,7,5,517180,177930,1,5,7,6,25,3,4,3,40,6,2,3,3002,0,0,1,1,1,0,0,1,1,1,1,1,28,6,3,0,0,0,0,0,9,1,3
3,2,4,0,14,0,8,0,0,0,0,1,1,6,1,23,5,124,1,13,1,1,2,411419,91498,55,2,1,3,640,5,309,6,30,6,4,6,0,0,0,1,1,1,0,0,1,1,1,1,1,23,5,3,0,0,0,0,0,4,1,3
3,2,9,0,18,0,2,0,0,0,0,1,1,6,1,40,7,2204,2,7,1,1,2,471125,172597,43,2,1,2,472,3,4,6,30,3,2,6,7201,0,5,1,1,2,0,0,1,1,1,1,1,33,6,3,0,0,0,0,0,9,1,5
3,2,9,0,8,0,1,0,0,0,0,2,1,6,2,46,8,1598,1,8,2,3,2,616207,244029,37,2,3,5,412,3,137,3,30,9,4,6,0,0,0,1,1,1,0,0,1,2,1,1,2,46,8,3,0,0,0,0,0,9,2,9
3,1,90,0,18,0,0,0,0,0,0,1,1,6,1,38,7,1598,1,8,1,1,3,520315,343797,32,3,1,7,353,3,17,6,60,0,4,6,0,0,0,1,9,1,0,0,2,2,1,1,1,33,6,3,0,0,0,0,0,9,1,5
2,2,3,0,18,0,1,0,0,0,0,1,1,6,1,29,6,124,1,4,1,6,2,513336,431212,16,2,6,5,228,6,0,6,30,3,4,6,0,0,0,1,1,1,0,0,1,1,2,1,1,29,6,2,0,0,0,0,0,3,1,3
3,2,9,0,18,0,2,0,0,0,0,1,1,6,1,22,5,1968,2,1,1,1,2,434644,169515,43,2,1,5,471,3,338,6,50,8,4,6,0,0,0,1,9,1,0,0,2,1,1,1,1,22,5,3,0,0,0,0,0,9,1,7
3,3,9,0,18,0,1,0,0,0,0,1,1,6,1,26,6,1596,1,9,1,2,4,488712,180677,43,4,2,5,474,6,7408,6,20,3,4,6,7408,0,1,1,1,1,0,0,1,1,1,1,1,26,6,3,0,0,0,0,0,9,1,3
3,1,9,0,9,0,8,0,0,0,0,1,1,6,2,48,8,1598,1,8,1,1,2,314764,176962,62,2,1,3,741,3,48,1,30,1,4,3,4161,0,0,1,1,1,0,0,1,1,1,1,1,33,6,3,0,0,0,0,0,9,1,5
3,2,9,0,18,0,8,0,0,7,11,4,1,1,2,55,8,2706,1,1,1,1,2,452850,337472,31,2,1,3,342,6,0,6,30,6,4,6,0,0,0,1,2,2,0,0,1,1,1,1,2,55,8,3,0,0,0,0,0,9,1,10
3,2,1,0,18,0,4,0,0,0,0,3,1,2,2,42,7,1598,1,8,1,1,2,343109,368544,7,2,1,5,130,3,56,3,60,1,4,1,53,0,0,1,2,2,0,0,2,2,1,1,2,42,7,3,0,0,0,0,0,1,1,3
3,1,9,0,11,0,0,1,0,0,0,1,1,1,1,40,7,2494,8,8,1,2,2,301123,668736,95,2,2,5,940,1,8,3,70,0,4,6,0,0,0,1,2,2,0,0,1,1,2,2,2,65,9,3,0,0,1,0,0,9,1,5
3,2,9,0,18,0,1,0,0,0,0,1,1,6,2,20,4,1598,1,10,1,2,2,499509,372693,32,2,2,2,352,4,1308,6,30,6,4,6,0,0,5,4,1,2,0,0,1,1,1,1,2,20,4,3,0,0,0,0,0,9,1,6
3,1,9,0,18,0,1,0,0,0,0,1,1,2,1,22,5,1400,1,15,1,1,2,445368,391105,14,2,1,6,213,3,631,3,40,3,4,6,0,0,0,1,1,1,0,0,1,1,1,1,1,22,5,3,0,0,0,0,0,9,1,7
3,1,1,0,18,0,0,0,0,0,0,0,1,6,1,38,7,1598,1,8,1,1,1,478229,234517,43,1,1,7,476,5,16,7,30,0,4,6,0,0,0,1,1,1,0,0,2,1,1,1,1,33,6,3,0,0,0,0,0,1,1,1
3,1,9,0,18,0,1,0,0,0,0,1,1,6,2,25,5,1598,1,8,1,1,2,291977,680494,96,2,1,6,924,3,905,6,30,1,4,3,905,0,0,1,1,1,0,0,1,2,1,1,1,33,6,3,0,0,0,0,0,9,1,5
2,2,5,0,18,0,8,1,0,0,0,1,1,6,1,50,8,650,1,16,1,1,3,394850,397600,6,3,1,4,110,4,6170,6,30,3,4,6,0,0,0,1,1,1,0,0,1,1,1,1,1,50,8,2,0,0,0,0,0,5,1,4
3,1,19,0,3,0,0,0,0,0,0,3,1,2,1,31,6,1968,2,1,1,1,2,420441,429531,13,2,1,5,200,3,650,6,30,0,4,6,0,0,0,1,4,2,0,0,1,1,1,1,1,33,6,3,0,0,0,0,0,9,1,5
3,1,9,0,18,0,3,0,0,0,0,3,1,6,2,20,4,1490,1,8,1,2,2,425516,563645,10,2,2,7,146,5,322,1,30,2,4,6,6032,0,0,4,2,2,4,0,1,1,2,2,2,18,4,3,0,0,1,0,0,9,1,2
3,1,4,0,9,0,1,0,0,0,0,1,1,6,3,38,7,1598,1,8,1,1,2,338095,392081,5,2,1,1,91,6,0,6,30,3,4,4,5189,0,0,1,1,1,0,0,1,1,1,1,1,33,6,3,0,0,0,0,0,9,1,5
3,1,8,0,14,0,1,0,0,0,0,1,1,1,1,65,9,2499,2,3,1,1,2,390520,298150,20,2,1,3,309,6,0,6,30,3,4,6,0,0,0,1,1,1,0,0,1,1,1,1,1,33,6,3,0,0,0,0,0,9,1,5
3,2,9,0,3,0,1,0,0,0,0,2,1,6,2,41,7,1598,1,8,1,2,2,559951,193574,42,2,2,5,452,6,0,6,30,3,4,6,0,0,0,1,1,1,0,0,1,1,1,1,1,33,6,3,0,0,0,0,0,9,1,5
3,1,9,0,18,0,0,1,0,7,11,1,1,6,1,21,5,1598,1,4,1,3,3,471896,102643,44,3,3,1,495,3,3023,6,30,0,4,6,0,0,0,4,1,1,0,0,2,1,1,1,1,21,5,3,0,0,0,0,0,9,1,2
3,1,20,0,4,0,0,0,0,0,0,1,1,1,1,61,9,4462,2,2,2,1,2,487956,178129,43,2,1,6,474,1,4,3,70,0,4,6,0,0,0,1,1,1,0,0,2,1,1,1,1,33,6,3,0,0,0,0,0,9,1,5
3,2,9,0,4,0,0,0,0,0,0,2,1,5,1,64,9,1598,1,8,1,3,4,435150,288010,23,4,3,2,291,3,444,3,60,0,4,6,0,0,0,4,1,2,0,0,2,1,1,1,1,64,9,3,0,0,0,0,0,9,1,7
3,3,20,0,3,0,0,0,0,0,0,1,1,1,1,40,7,1598,1,8,1,4,3,575960,130410,46,3,4,3,543,3,229,6,60,0,4,6,0,0,0,1,1,2,7,0,2,1,3,1,1,40,7,3,0,0,0,0,0,20,1,9
3,2,9,0,3,0,0,0,0,0,0,2,1,1,1,48,8,1598,1,8,1,1,3,311861,170425,62,3,1,4,746,3,4050,6,40,0,4,6,0,0,0,1,8,1,0,0,2,1,1,1,1,33,6,3,0,0,0,0,0,9,1,5
3,1,9,0,17,0,0,1,0,0,0,1,1,6,1,19,4,1199,1,16,1,2,2,438980,378830,30,2,2,2,327,4,6056,6,50,0,4,6,0,0,0,1,1,2,0,0,2,1,1,1,1,19,4,3,0,0,0,0,0,9,1,3
2,1,9,0,18,0,0,0,0,0,0,1,1,2,2,56,9,1598,1,8,3,1,1,384031,88772,55,1,1,3,644,6,0,6,30,0,4,6,0,0,0,1,1,1,0,0,2,1,1,3,1,5,1,2,5,3,0,0,0,0,3,6
3,2,4,0,18,0,8,0,0,0,0,0,1,6,1,47,8,498,1,28,2,1,2,353551,125002,52,2,1,7,610,3,303,1,70,1,2,3,303,0,0,1,1,1,0,0,2,1,1,1,1,47,8,3,0,0,0,0,0,4,2,5
3,2,9,0,9,0,6,0,0,0,0,3,1,6,2,23,5,1896,2,9,1,1,2,386840,438590,4,2,1,3,77,3,56,6,30,1,4,6,0,0,0,1,1,1,0,0,1,1,1,1,2,23,5,3,0,0,0,0,0,9,1,4
3,1,9,0,4,0,0,1,0,0,0,4,1,2,1,43,7,3969,1,29,1,1,2,517770,184610,1,2,1,2,28,6,0,6,20,0,4,6,0,0,0,1,2,2,0,0,1,1,1,1,1,33,6,3,0,0,0,0,0,9,1,5
3,3,9,0,4,0,0,0,0,0,0,2,1,6,2,44,7,898,1,1,3,2,3,499919,373790,32,3,2,5,356,3,158,6,60,0,4,6,0,0,0,1,1,1,0,0,2,1,1,1,1,33,6,3,0,0,0,0,0,9,1,5
3,1,9,0,9,0,8,0,0,0,0,4,1,6,1,21,5,1598,2,1,1,1,2,366880,430060,4,2,1,5,70,3,6119,3,50,6,2,6,0,0,0,4,1,1,0,0,1,1,1,1,1,33,6,3,0,0,0,0,0,9,1,5
3,1,17,2,16,0,0,0,0,0,0,0,1,6,1,38,7,1598,2,2,3,1,3,258634,136482,50,3,1,3,582,3,39,6,30,0,4,6,0,0,0,1,1,1,0,0,2,1,1,1,1,33,6,3,0,0,0,0,0,9,1,5
3,3,9,0,4,0,1,0,0,0,0,2,1,6,1,22,5,998,1,12,1,1,3,534330,182820,1,3,1,4,5,4,118,6,30,3,4,4,108,0,0,1,1,1,0,0,1,1,1,1,1,22,5,3,0,0,0,0,0,9,1,2
3,1,19,0,18,0,1,0,0,0,0,1,1,6,1,38,7,2143,2,3,1,1,2,420079,303517,21,2,1,3,258,3,453,6,30,1,2,3,51,0,0,1,1,1,0,0,1,2,1,1,1,33,6,3,0,0,0,0,0,9,1,5
3,1,9,0,18,0,8,0,0,0,0,1,1,3,2,36,7,1598,1,10,1,2,2,389690,285570,20,2,2,2,303,3,491,3,30,6,2,3,461,0,5,1,1,1,0,0,1,1,1,2,1,10,2,3,0,0,2,0,0,9,1,2
3,1,11,0,4,0,8,0,0,0,0,0,1,6,1,58,9,4500,2,5,1,5,1,548480,175370,1,1,5,2,18,3,207,6,30,3,4,6,0,0,4,1,1,1,0,0,1,1,5,2,2,67,10,3,0,0,0,4,0,11,1,5
3,2,9,0,18,0,8,0,0,0,0,4,1,2,2,25,5,1229,1,1,1,1,2,428607,102677,44,2,1,3,496,6,0,6,40,3,4,6,0,0,0,1,1,1,0,0,2,1,1,1,2,25,5,3,0,0,0,0,0,9,1,6
3,2,9,0,18,0,0,5,0,0,0,1,1,6,1,45,7,1598,1,8,3,1,2,247158,55544,50,2,1,4,583,6,0,6,30,0,4,6,0,0,0,1,1,1,4,0,1,1,1,1,1,45,7,3,0,0,0,0,0,9,3,5
3,1,20,0,18,0,0,0,0,0,0,0,1,6,1,48,8,4462,2,2,1,1,2,292329,63842,50,2,1,4,587,6,0,6,30,0,4,6,0,0,0,1,1,1,0,0,1,2,1,1,1,33,6,3,0,0,0,0,0,9,1,5
3,1,9,0,18,9,2,0,10,1,10,1,1,6,1,37,7,1596,1,10,1,2,1,549040,183580,1,1,2,4,16,3,1306,3,30,6,2,6,0,0,5,1,2,2,0,0,1,1,1,2,2,27,6,3,0,0,1,0,0,9,1,3
3,1,9,0,9,0,6,0,0,0,0,1,1,6,3,35,6,2993,2,7,1,1,2,473844,172841,43,2,1,2,472,3,329,6,30,3,4,6,7201,0,0,1,1,2,0,0,1,2,1,1,1,33,6,3,0,0,0,0,0,9,1,5
3,2,9,0,2,0,0,0,0,0,0,3,1,6,2,38,7,2191,2,8,1,1,2,525900,178760,1,2,1,3,12,6,0,6,30,0,4,6,0,0,0,1,1,1,0,0,1,2,1,1,1,33,6,3,0,0,0,0,0,9,1,5
2,1,9,5,12,0,0,0,0,0,0,1,1,6,3,38,7,1598,1,8,1,1,2,522762,134435,47,2,1,2,562,3,264,3,70,0,4,6,0,0,0,6,9,1,0,0,2,2,1,1,1,33,6,3,0,0,0,0,0,9,1,5
3,1,9,0,18,0,0,0,0,0,0,0,1,6,1,67,10,1956,2,8,2,1,2,427084,574824,10,2,1,3,139,3,189,3,60,0,4,6,0,0,0,4,1,1,0,0,2,1,1,1,1,33,6,3,0,0,0,0,0,9,1,5
3,2,9,0,18,0,8,0,0,0,0,1,1,6,1,38,7,1796,1,15,1,1,2,517200,178910,1,2,1,7,27,4,4491,6,30,3,4,4,452,0,1,4,2,2,0,0,1,2,1,1,1,33,6,3,0,0,0,0,0,9,1,5
3,2,9,0,18,0,8,0,0,0,0,3,1,6,2,40,7,1598,1,8,1,4,2,507117,207057,41,2,4,6,431,6,1108,6,30,3,4,6,752,0,0,1,2,2,0,0,1,1,3,2,2,8,2,3,0,0,2,0,0,9,1,4
3,2,3,0,4,0,1,1,0,0,0,1,1,6,1,23,5,124,1,3,1,2,2,525130,182310,1,2,2,1,1,6,0,6,30,3,4,6,0,0,0,4,1,2,0,0,1,1,2,1,1,23,5,3,0,0,0,0,0,3,1,5
3,1,9,0,17,0,0,0,0,1,11,1,1,2,1,53,8,1596,1,8,1,1,1,332405,666791,95,1,1,2,929,4,6392,6,30,0,4,6,0,0,0,1,2,2,0,0,1,1,1,1,1,53,8,3,0,0,0,0,0,9,1,5
3,2,9,0,7,0,6,0,0,0,0,2,1,6,2,58,9,1200,1,8,1,2,2,422307,304008,21,2,2,6,258,6,17,6,30,3,4,5,372,0,0,1,1,1,0,0,1,2,2,2,1,33,6,3,0,0,1,0,0,9,1,4
3,2,21,0,18,0,1,1,0,0,0,4,1,6,1,52,8,9200,2,4,2,1,2,271238,658811,97,2,1,2,938,1,74,7,70,5,4,1,74,0,0,4,1,1,4,0,2,1,1,1,1,33,6,3,0,0,0,0,0,9,1,5
3,1,9,0,9,0,8,0,0,0,0,1,1,6,2,46,8,1796,1,6,1,1,2,537370,188910,1,2,1,2,13,3,112,6,30,3,4,6,0,0,1,1,1,1,0,0,1,1,1,1,1,33,6,3,0,0,0,0,0,9,1,5
3,1,9,0,18,0,0,0,0,0,0,3,1,6,2,38,7,1399,2,6,1,1,2,415121,285427,20,2,1,4,300,6,0,6,30,0,4,6,0,0,0,1,1,2,0,0,1,1,1,1,1,33,6,3,0,0,0,0,0,9,1,5
3,2,9,0,3,0,0,0,0,0,0,2,1,6,2,68,10,1598,1,2,1,1,3,262231,655718,97,3,1,6,938,6,0,6,40,0,4,6,0,0,0,4,1,2,0,0,2,1,1,1,2,68,10,3,0,0,0,0,0,9,1,5