accident_severity,vehicle_reference,vehicle_type,towing_and_articulation,vehicle_manoeuvre,vehicle_location-restricted_lane,junction_location,skidding_and_overturning,hit_object_in_carriageway,vehicle_leaving_carriageway,hit_object_off_carriageway,1st_point_of_impact,was_vehicle_left_hand_drive?,journey_purpose_of_driver,sex_of_driver,age_of_driver,age_band_of_driver,engine_capacity_(cc),propulsion_code,age_of_vehicle,driver_home_area_type,NUmber_of_Casualities_unique_to_accident_index,No_of_Vehicles_involved_unique_to_accident_index,location_easting_osgr,location_northing_osgr,police_force,number_of_vehicles,number_of_casualties,day_of_week,local_authority_(district),1st_road_class,1st_road_number,road_type,speed_limit,junction_detail,junction_control,2nd_road_class,2nd_road_number,pedestrian_crossing-human_control,pedestrian_crossing-physical_facilities,light_conditions,weather_conditions,road_surface_conditions,special_conditions_at_site,carriageway_hazards,urban_or_rural_area,did_police_officer_attend_scene_of_accident,casualty_reference,casualty_class,sex_of_casualty,age_of_casualty,age_band_of_casualty,casualty_severity,pedestrian_location,pedestrian_movement,car_passenger,bus_or_coach_passenger,pedestrian_road_maintenance_worker,casualty_type,casualty_home_area_type,casualty_imd_decile
3,1,9,0,18,0,8,0,0,0,0,1,1,2,1,59,9,1598,1,2,1,2,2,435890,352160,30,2,2,4,320,3,610,6,40,3,2,5,38,0,0,4,2,2,0,0,2,1,1,1,1,59,9,3,0,0,0,0,0,9,1,8
3,2,9,0,18,0,1,0,0,0,0,2,1,6,1,60,9,1686,2,7,1,2,2,468791,411012,14,2,2,6,211,3,18,6,60,1,4,3,18,0,0,1,1,2,0,0,2,1,2,2,1,5,1,3,0,0,2,0,0,9,1,6
3,1,11,0,5,0,0,0,0,0,0,0,1,1,1,50,8,8268,2,11,1,1,1,551440,188740,1,1,1,4,15,5,0,6,30,0,4,6,0,0,0,1,1,1,0,0,1,1,1,2,1,82,11,3,0,0,0,3,0,11,1,5
2,1,9,0,18,0,0,1,4,0,0,1,1,6,1,28,6,1984,1,8,3,2,4,391939,223296,53,4,2,7,620,5,9042,6,30,0,4,6,0,0,0,1,1,1,0,0,1,1,1,3,1,50,8,2,6,9,0,0,0,0,1,4
3,2,9,0,18,0,8,0,0,0,0,1,1,1,1,31,6,1598,1,8,1,3,2,457624,191290,43,2,3,3,484,3,4130,6,50,3,4,6,0,0,0,1,1,2,0,0,2,1,3,2,1,36,7,3,0,0,1,0,0,9,1,5
3,2,9,0,18,0,8,0,0,0,0,4,1,6,1,18,4,1396,1,11,1,6,3,412961,429055,13,3,6,5,202,4,6147,1,30,1,4,6,0,0,0,1,1,1,0,0,1,1,2,1,1,18,4,3,0,0,0,0,0,9,1,2
3,2,9,0,7,0,1,0,0,0,0,1,1,6,2,38,7,1388,1,5,1,1,2,541830,188310,1,2,1,1,14,3,12,1,30,1,4,3,12,0,7,4,1,1,0,0,1,2,1,1,1,33,6,3,0,0,0,0,0,9,1,5
3,1,9,0,18,0,0,0,0,0,0,1,1,6,1,52,8,1598,1,8,2,1,1,318053,745156,93,1,1,5,934,6,0,6,30,0,4,6,0,0,4,1,2,3,0,0,2,1,1,3,2,13,3,3,1,2,0,0,0,0,2,5
3,1,9,0,17,0,1,0,0,0,0,1,1,6,1,48,8,1871,2,11,3,2,2,297900,519990,3,2,2,3,63,3,595,6,60,9,4,6,0,0,0,1,1,1,0,0,2,2,1,1,1,33,6,3,0,0,0,0,0,9,1,5
2,1,9,0,16,0,0,1,10,7,10,1,1,6,1,22,5,1332,1,16,2,2,1,330150,332350,22,1,2,3,286,4,5069,6,30,0,4,6,0,0,0,1,1,1,0,0,2,1,2,2,2,17,4,3,0,0,1,0,0,9,1,5
3,2,98,0,18,0,0,1,0,0,0,1,1,1,1,59,9,1968,2,2,1,1,2,579348,198252,42,2,1,2,454,6,0,6,60,0,4,6,0,0,0,1,1,2,0,0,2,2,1,1,1,59,9,3,0,0,0,0,0,98,1,2
3,2,9,0,18,0,0,1,0,1,10,3,1,6,2,40,7,1598,1,8,3,2,2,588670,164800,46,2,2,4,540,3,249,3,70,0,4,6,0,0,0,6,1,2,0,0,2,1,1,1,2,40,7,3,0,0,0,0,0,9,3,10
3,1,9,0,18,0,8,0,0,0,0,3,1,2,1,24,5,2987,2,7,1,1,2,512750,198060,41,2,1,6,33,3,41,1,60,1,2,3,4008,0,0,4,1,2,0,0,2,1,1,1,1,33,6,3,0,0,0,0,0,9,1,5
3,1,9,0,18,0,1,0,0,0,0,1,1,6,2,61,9,1997,2,10,3,2,3,398484,308380,21,3,2,1,250,3,34,6,30,1,4,3,5,0,0,4,1,1,0,0,2,1,1,1,1,33,6,3,0,0,0,0,0,9,1,5
3,1,9,0,18,0,3,0,0,0,0,4,1,6,2,17,4,1198,1,5,1,1,2,414889,92125,55,2,1,4,640,5,309,6,30,1,4,6,0,0,0,4,1,1,0,0,1,2,1,1,1,33,6,3,0,0,0,0,0,9,1,5
3,1,8,0,4,0,0,0,0,1,0,3,1,1,1,38,7,2664,2,16,1,4,2,447900,335930,30,2,4,6,324,3,52,3,70,0,4,6,0,0,0,4,1,1,0,0,1,1,2,2,2,33,6,3,0,0,2,0,0,8,1,8
3,2,9,0,18,0,1,0,0,0,0,1,1,6,1,46,8,1798,1,13,1,1,2,431491,264958,23,2,1,5,294,6,0,6,30,3,4,6,0,0,0,1,1,1,0,0,1,1,1,1,1,46,8,3,0,0,0,0,0,9,1,3
3,1,9,0,18,0,8,0,0,0,0,1,1,6,1,21,5,1783,1,12,1,1,2,462412,307051,33,2,1,6,364,3,563,1,40,1,4,6,2879,0,8,4,1,2,0,0,2,1,1,1,1,33,6,3,0,0,0,0,0,9,1,5
3,1,1,0,7,0,2,0,0,0,0,1,1,6,1,37,7,1598,1,8,1,1,2,564516,322008,36,2,1,3,407,6,0,6,30,3,4,6,0,0,0,1,1,1,0,0,1,1,1,1,1,37,7,3,0,0,0,0,0,1,1,3
3,3,9,0,18,0,8,0,0,1,1,1,1,6,1,38,7,1685,2,1,1,2,3,520950,186130,1,3,2,2,28,3,4088,1,30,1,4,3,4088,0,0,4,1,2,0,0,1,1,1,1,1,33,6,3,0,0,0,0,0,9,1,4
3,2,9,0,18,0,8,0,0,0,0,1,1,6,2,31,6,1769,1,14,1,4,2,410803,286578,20,2,4,3,300,6,0,3,30,7,4,6,0,0,0,4,8,2,0,0,1,1,2,1,2,31,6,3,0,0,0,0,0,9,1,5
3,2,9,0,9,0,8,0,0,0,0,1,1,6,1,18,4,998,1,2,1,5,3,412430,295780,20,3,5,2,300,6,0,6,30,3,4,6,0,0,0,1,2,2,0,0,1,1,2,1,1,18,4,3,0,0,0,0,0,9,1,1
3,4,9,0,3,0,0,0,0,0,0,2,1,6,1,22,5,2000,2,10,1,2,4,542080,261330,35,4,2,5,395,3,14,3,70,0,4,6,0,0,0,1,1,1,0,0,2,1,1,1,1,33,6,3,0,0,0,0,0,9,1,5
3,1,9,0,4,0,2,0,0,0,0,1,1,6,2,20,4,1598,1,8,1,1,2,531140,280130,35,2,1,3,393,4,1040,6,30,9,4,6,0,0,0,1,4,1,0,0,2,2,1,1,1,33,6,3,0,0,0,0,0,9,1,5
3,2,1,0,18,0,0,0,0,0,0,2,1,5,1,18,4,1598,1,8,1,1,2,398219,291713,20,2,1,4,305,4,4166,6,30,0,4,6,0,0,1,4,9,1,0,0,1,2,1,1,1,18,4,3,0,0,0,0,0,1,1,3
3,1,9,0,7,0,6,0,0,0,0,1,1,6,3,38,7,1598,1,8,1,1,3,500492,157480,45,3,1,6,518,3,247,9,30,3,4,6,0,0,0,1,1,1,0,0,1,2,1,1,1,33,6,3,0,0,0,0,0,9,1,5
3,1,9,0,9,0,8,0,0,0,0,3,1,6,2,30,6,1388,1,13,1,1,2,459028,90483,44,2,1,5,505,6,0,1,40,1,4,6,0,0,0,6,2,2,0,0,2,1,1,1,2,30,6,3,0,0,0,0,0,9,1,4
3,1,19,0,18,0,0,0,0,0,0,3,1,6,1,27,6,1995,2,3,2,1,2,533840,180620,1,2,1,4,5,3,1203,6,30,0,4,6,0,0,0,4,1,1,0,0,1,1,1,1,1,33,6,3,0,0,0,0,0,9,1,5
3,1,9,0,16,7,0,0,4,7,11,4,1,6,1,36,7,1598,1,11,3,1,2,139592,666290,97,2,1,7,913,3,846,6,40,0,4,6,0,0,0,1,1,1,0,0,2,1,1,1,1,36,7,3,0,0,0,0,0,9,3,5
3,1,9,0,4,0,0,0,0,0,0,2,1,1,1,34,6,1582,2,1,1,1,2,530070,178210,1,2,1,5,1,3,202,6,30,0,4,6,0,0,0,1,1,1,0,0,2,1,1,1,1,34,6,3,0,0,0,0,0,9,1,8
3,1,9,0,18,0,0,0,0,1,4,1,1,6,1,62,9,2479,1,29,1,1,1,532774,218793,41,1,1,5,432,5,16,6,60,0,4,6,0,0,0,1,1,1,0,0,2,1,1,1,1,62,9,3,0,0,0,0,0,9,1,6
3,2,9,0,18,0,0,0,0,0,0,1,1,6,1,60,9,1598,1,13,1,3,2,532470,189170,1,2,3,3,31,6,0,6,30,0,4,6,0,0,0,7,1,1,0,0,1,1,1,1,1,33,6,3,0,0,0,0,0,9,1,5
3,1,11,0,18,0,1,0,0,0,0,4,1,1,1,38,7,6692,2,5,1,1,1,535850,189410,1,1,1,7,13,3,503,6,30,6,2,4,179,0,5,1,1,1,0,0,1,1,1,3,1,33,6,3,10,1,0,0,2,0,1,5
3,1,9,0,18,0,1,0,0,0,0,4,1,6,2,38,7,1598,1,8,1,1,1,535283,202915,41,1,1,3,430,5,54,6,30,3,4,6,309,0,0,1,1,1,0,0,1,2,1,3,2,13,3,3,5,1,0,0,0,0,1,3
3,1,9,0,9,0,8,0,0,0,0,4,1,6,2,30,6,1339,1,10,1,1,2,536720,189710,1,2,1,7,13,3,503,6,30,8,4,6,0,0,0,4,1,1,0,0,1,1,1,1,1,33,6,3,0,0,0,0,0,9,1,5
3,1,98,0,18,0,0,1,0,7,9,1,1,1,1,31,6,1598,1,8,1,1,4,329875,341878,60,4,1,4,725,3,483,6,60,0,4,6,0,0,0,1,1,1,0,0,2,1,1,1,1,33,6,3,0,0,0,0,0,9,1,5
3,1,21,0,18,0,2,0,0,0,0,1,1,1,1,30,6,12777,2,8,1,4,2,527970,181970,1,2,4,5,1,3,501,3,30,3,4,6,0,0,0,1,1,1,0,0,1,1,1,1,1,33,6,3,0,0,0,0,0,9,1,5
2,2,1,0,18,0,8,0,0,0,0,1,1,6,2,41,7,1598,1,8,1,1,2,410164,131402,54,2,1,4,635,3,36,1,30,1,4,5,57,0,0,1,1,2,0,0,2,1,1,1,2,41,7,2,0,0,0,0,0,1,1,7
2,1,9,0,18,0,1,0,0,1,10,1,1,6,1,20,4,3199,1,15,1,2,2,336970,446190,4,2,2,7,85,4,5377,6,30,3,4,3,588,0,0,4,1,1,0,0,2,1,1,1,1,20,4,2,0,0,0,0,0,9,1,7
3,1,9,0,18,0,8,0,0,0,0,1,1,6,2,88,11,1596,1,9,1,1,1,388860,288140,20,1,1,5,303,3,491,6,30,3,4,6,0,0,4,1,1,1,0,0,1,1,1,3,2,63,9,3,4,1,0,0,0,0,1,2
3,1,9,0,16,0,1,0,0,0,0,3,1,6,1,26,6,1956,2,6,1,1,2,241722,662514,97,2,1,2,935,4,787,6,30,3,4,6,0,0,0,1,2,2,0,0,1,1,1,1,1,26,6,3,0,0,0,0,0,9,1,5
3,1,9,0,9,0,6,0,0,0,0,1,1,6,1,63,9,1586,1,1,1,1,2,420894,436914,13,2,1,1,204,3,657,6,30,3,4,6,0,0,0,4,1,1,0,0,1,1,1,1,1,63,9,3,0,0,0,0,0,9,1,1
3,1,9,0,18,0,8,0,0,0,0,1,1,6,2,60,9,1339,1,2,1,1,2,526455,200247,41,2,1,2,33,3,111,1,60,1,2,1,25,0,0,1,1,2,0,0,2,2,1,1,1,33,6,3,0,0,0,0,0,9,1,5
3,1,1,0,18,0,8,0,0,0,0,3,1,2,1,56,9,1598,1,8,1,1,2,524130,178790,1,2,1,3,11,3,315,6,30,3,4,6,0,0,0,1,1,1,0,0,1,2,1,1,1,56,9,3,0,0,0,0,0,1,1,6
3,1,9,0,4,0,0,0,0,0,0,2,1,6,1,62,9,1582,2,2,1,3,3,181560,42592,50,3,3,5,596,3,39,6,50,0,4,6,0,0,0,1,2,2,0,0,2,1,1,1,1,62,9,3,0,0,0,0,0,9,1,3
3,1,9,0,16,0,0,1,0,7,4,1,1,6,2,66,10,1590,1,10,3,2,1,503445,489757,12,1,2,7,186,3,165,6,30,0,4,6,0,0,0,1,1,1,6,0,1,1,2,2,1,70,10,3,0,0,1,0,0,9,3,5
3,1,9,0,10,0,1,0,0,0,0,3,1,6,1,43,7,1896,2,12,1,2,2,367120,428270,4,2,2,3,70,3,677,6,30,3,4,6,0,0,0,4,1,1,0,0,1,1,2,2,1,23,5,3,0,0,1,0,0,9,1,1
3,1,9,0,2,0,8,0,0,0,0,2,1,6,2,19,4,1242,1,10,1,3,2,530734,408972,16,2,3,1,233,6,0,6,20,3,4,6,0,0,0,1,1,1,0,0,1,1,2,2,2,19,4,3,0,0,2,0,0,9,1,8
2,1,9,0,18,0,0,0,0,0,0,2,1,1,1,30,6,1968,2,2,2,2,3,501765,170814,45,3,2,2,514,4,388,6,60,0,4,6,0,0,0,1,1,1,0,0,1,1,1,1,1,33,6,3,0,0,0,0,0,9,1,5
3,2,9,0,3,0,2,0,0,0,0,2,1,6,1,60,9,1595,1,8,1,3,2,425909,565679,10,2,3,1,147,4,1307,6,30,3,2,3,1058,0,5,1,1,1,0,0,1,2,1,1,1,60,9,3,0,0,0,0,0,9,1,5
3,5,9,0,18,0,0,0,0,0,0,2,1,2,1,44,7,1596,1,10,1,2,5,574923,190951,42,5,2,4,450,3,127,3,70,0,4,6,0,0,0,1,1,1,0,0,1,1,1,1,1,33,6,3,0,0,0,0,0,9,1,5
3,2,9,0,9,0,5,0,0,0,0,4,1,6,1,88,11,1598,1,10,1,1,2,511571,200537,41,2,1,3,437,3,405,3,40,3,4,6,455,0,4,1,5,2,0,0,1,1,1,2,2,87,11,3,0,0,1,0,0,9,1,5
3,1,9,0,16,0,0,1,0,0,0,1,1,6,2,42,7,1997,2,10,1,2,2,467104,421489,16,2,2,3,231,3,614,6,60,0,4,6,0,0,0,1,2,2,5,0,2,1,1,1,2,42,7,3,0,0,0,0,0,9,1,5
3,1,9,0,9,0,1,0,0,1,11,1,1,6,1,19,4,1598,1,8,3,3,2,483163,389335,32,2,3,7,356,6,0,2,30,3,4,6,0,0,0,1,1,1,0,0,1,1,1,2,1,17,4,3,0,0,2,0,0,9,1,2
3,2,3,0,18,0,8,0,0,0,0,1,1,6,1,20,4,124,1,2,1,1,2,526120,167190,1,2,1,3,22,5,0,3,30,6,2,3,297,0,5,1,1,1,0,0,1,1,1,1,1,20,4,3,0,0,0,0,0,3,1,5
3,2,9,0,18,0,1,0,0,0,0,0,1,1,1,41,7,1598,1,8,1,1,2,533920,191040,1,2,1,1,31,5,0,6,30,6,2,3,1010,0,5,7,9,1,0,0,1,1,1,1,1,33,6,3,0,0,0,0,0,9,1,5
3,2,4,0,18,0,1,0,0,0,0,2,1,2,1,44,7,249,1,34,3,1,2,444879,458881,12,2,1,6,182,5,278,6,60,3,4,4,6265,0,0,1,1,1,0,0,2,1,1,1,1,44,7,3,0,0,0,0,0,4,3,8
3,1,9,0,18,0,1,0,0,0,0,1,1,1,2,38,7,1248,1,5,1,1,2,619270,166980,46,2,1,6,531,6,3131,6,30,1,4,6,0,0,0,1,1,1,0,0,2,2,1,1,1,33,6,3,0,0,0,0,0,9,1,5
3,2,19,0,9,0,0,0,0,0,0,2,1,2,1,26,6,1896,2,15,3,3,2,486135,391031,32,2,3,1,356,3,631,6,60,0,4,6,0,0,0,1,1,1,0,0,2,1,2,1,1,26,6,3,0,0,0,0,0,19,3,6
3,2,19,0,18,0,8,0,0,7,0,1,1,6,1,18,4,1598,1,8,3,3,2,384944,788700,92,2,3,6,910,4,9077,6,60,6,4,4,979,0,0,6,1,1,0,0,2,1,2,1,1,18,4,3,0,0,0,0,0,19,1,5
3,5,9,0,18,0,0,0,0,0,0,1,1,2,1,65,9,1598,1,2,1,5,5,438070,335800,30,5,5,5,323,3,52,3,70,0,4,6,0,0,0,4,1,1,4,0,2,1,3,1,1,65,9,3,0,0,0,0,0,9,1,9
2,1,3,0,18,0,0,0,10,1,2,4,1,6,1,19,4,124,1,1,1,1,1,452131,190678,43,1,1,6,484,6,189,6,30,0,4,6,0,0,0,4,1,1,0,0,1,1,1,1,1,19,4,2,0,0,0,0,0,3,1,2
3,1,9,0,17,0,0,5,0,1,1,1,1,6,2,53,8,1598,1,10,1,4,1,382060,392990,6,1,4,3,102,3,5145,3,30,0,4,6,0,0,0,1,1,1,0,0,1,1,2,2,2,11,3,3,0,0,1,0,0,9,1,4
2,2,9,0,2,9,2,0,0,0,0,4,1,6,1,28,6,1364,1,11,1,1,3,401060,288470,20,3,1,3,305,6,0,6,30,3,4,6,0,0,0,7,1,2,0,0,1,2,1,1,1,33,6,3,0,0,0,0,0,9,1,5
2,2,9,0,18,0,8,0,0,0,0,3,1,6,2,49,8,1968,2,9,1,2,2,410800,285250,20,2,2,3,300,6,0,6,30,8,4,6,0,0,0,4,1,1,0,0,1,2,2,2,2,27,6,2,0,0,1,0,0,9,1,1
3,2,9,0,9,0,8,0,0,0,0,0,1,6,3,38,7,1598,1,8,1,3,2,532430,164660,1,2,3,3,20,3,235,6,30,8,4,6,0,0,0,1,1,1,0,0,1,1,1,1,1,33,6,3,0,0,0,0,0,9,1,5
3,1,11,0,18,0,0,0,5,0,0,1,1,1,1,31,6,7300,2,14,1,17,1,503351,171169,45,1,17,6,514,3,320,6,30,0,4,6,0,0,0,1,1,1,0,0,1,1,12,2,2,33,6,3,0,0,0,0,0,11,1,5
3,2,9,0,6,0,1,0,0,0,0,3,1,6,1,49,8,1968,2,5,1,1,2,525860,182050,1,2,1,2,1,4,413,6,30,6,4,6,0,0,1,4,1,1,0,0,1,1,1,1,1,33,6,3,0,0,0,0,0,9,1,5
2,1,9,0,18,0,0,0,0,1,5,1,1,6,1,31,6,1798,8,2,1,3,2,459307,304039,33,2,3,1,364,3,6,3,30,0,4,6,0,0,5,1,1,1,0,0,1,1,1,1,1,31,6,3,0,0,0,0,0,9,1,6
3,2,9,0,2,0,0,0,0,0,0,4,1,6,3,38,7,1998,2,9,3,1,2,521569,358188,32,2,1,4,351,6,0,6,30,0,4,6,0,0,0,1,1,1,0,0,2,1,1,1,1,33,6,3,0,0,0,0,0,9,1,5
3,2,9,0,6,0,2,0,0,0,0,3,1,6,2,38,7,1598,1,10,1,1,2,526350,194260,1,2,1,4,30,3,1000,6,30,3,4,6,0,0,0,1,2,2,0,0,1,2,1,1,1,33,6,3,0,0,0,0,0,9,1,5
3,2,19,0,3,0,0,0,0,0,0,2,1,1,1,22,5,2402,2,9,2,1,3,622009,303789,36,3,1,4,406,3,140,6,60,0,4,6,0,0,0,1,1,1,0,0,2,1,1,1,1,33,6,3,0,0,0,0,0,9,1,5
3,2,9,0,18,0,0,0,0,0,0,1,1,6,2,45,7,1197,1,1,1,1,3,444591,525878,17,3,1,5,245,3,19,7,70,0,4,6,0,0,0,1,1,1,0,0,2,1,1,1,2,45,7,3,0,0,0,0,0,9,1,4
3,1,8,0,9,0,8,0,0,0,0,4,1,1,1,33,6,1796,1,8,1,1,2,525857,135053,47,2,1,5,560,6,0,1,30,1,4,6,0,0,0,4,1,1,0,0,1,1,1,1,1,33,6,3,0,0,0,0,0,9,1,5
3,1,9,0,16,0,0,5,0,7,10,0,1,6,1,19,4,1598,1,8,1,1,1,617100,165720,46,1,1,2,531,6,3130,6,40,0,4,6,0,0,0,1,1,2,0,0,2,1,1,1,1,19,4,3,0,0,0,0,0,9,1,5
3,2,9,0,18,0,7,0,0,0,0,1,1,6,1,41,7,3189,1,8,2,3,3,331760,671620,95,3,3,6,923,3,1,3,50,5,4,3,1,0,0,1,5,2,0,0,1,1,3,2,2,5,1,3,0,0,2,0,0,9,2,5
3,2,9,0,3,0,8,0,0,0,0,2,1,1,2,21,5,998,1,3,1,1,2,407770,285070,20,2,1,7,300,3,435,1,30,1,4,3,4540,0,0,1,1,1,0,0,1,2,1,1,2,21,5,3,0,0,0,0,0,9,1,8
3,2,9,0,9,0,5,0,0,0,0,3,1,3,2,60,9,1198,1,3,1,1,2,395760,299300,20,2,1,3,307,6,0,6,30,8,4,4,4484,0,0,1,1,1,0,0,1,1,1,1,1,33,6,3,0,0,0,0,0,9,1,5
3,1,9,0,16,0,0,0,0,0,0,1,1,6,1,34,6,1299,1,8,1,1,2,346731,175181,52,2,1,6,605,6,0,6,60,0,4,6,0,0,0,6,4,2,0,0,1,1,1,1,1,33,6,3,0,0,0,0,0,9,1,5
3,3,9,0,18,0,8,0,10,1,0,4,1,6,2,63,9,1587,1,12,1,2,3,528573,108092,47,3,2,3,565,6,0,1,60,1,4,3,2038,0,0,1,1,1,0,0,2,1,1,1,1,33,6,3,0,0,0,0,0,9,1,5
3,1,11,0,18,0,0,0,0,0,0,0,1,1,1,66,10,6692,2,3,1,3,1,422450,423700,13,1,3,4,203,6,0,6,30,0,4,6,0,0,0,1,1,1,0,0,1,2,2,2,1,78,11,3,0,0,0,4,0,11,1,5
2,2,3,0,3,0,0,0,0,0,0,3,1,6,1,27,6,125,1,6,1,1,3,532850,182520,1,3,1,1,4,3,5201,3,30,0,4,6,0,0,0,4,1,2,0,0,1,1,1,1,1,27,6,2,0,0,0,0,0,3,1,2
3,2,9,0,16,0,0,0,0,0,0,1,1,6,2,54,8,1560,2,2,1,2,2,273572,661184,97,2,2,4,932,6,0,6,30,0,4,6,0,0,0,4,8,3,0,0,1,2,2,1,2,54,8,3,0,0,0,0,0,9,1,5
2,2,9,0,18,0,8,0,0,0,0,4,1,2,2,52,8,998,1,8,1,1,2,397625,92837,55,2,1,4,644,6,0,6,30,3,4,6,0,0,0,1,1,1,0,0,1,1,1,1,1,33,6,3,0,0,0,0,0,9,1,5
2,1,9,0,13,0,1,0,0,0,0,2,1,6,3,38,7,1598,1,8,1,1,2,480176,352817,31,2,1,1,345,5,3,1,30,2,4,5,207,0,0,1,9,1,0,0,1,2,1,1,1,33,6,3,0,0,0,0,0,9,1,5
3,1,11,0,18,0,0,0,0,0,0,4,1,1,1,54,8,4500,2,4,1,1,1,538850,184280,1,1,1,5,17,3,11,6,30,0,4,6,0,0,0,4,1,1,0,0,1,1,1,3,1,23,5,3,5,1,0,0,2,0,1,2
3,2,3,0,13,0,8,0,0,0,0,1,1,6,1,23,5,125,1,5,1,1,2,527750,171130,1,2,1,6,10,3,217,6,30,3,4,3,217,0,0,1,1,1,0,0,1,1,1,1,1,23,5,3,0,0,0,0,0,3,1,2
3,6,9,0,2,0,0,0,0,0,0,1,1,6,3,38,7,1299,1,11,1,3,7,550790,172060,46,7,3,7,532,6,3201,6,30,0,4,6,0,0,0,6,1,1,0,0,1,1,1,1,1,33,6,3,0,0,0,0,0,9,1,5
3,1,8,0,18,0,0,0,0,0,0,4,1,6,3,38,7,1598,1,8,1,1,2,435719,316705,33,2,1,1,366,5,7122,6,30,0,4,6,0,0,4,4,1,1,0,0,1,1,1,3,1,21,5,3,4,2,0,0,0,0,2,8
3,1,3,0,18,0,0,0,0,0,0,1,1,6,2,30,6,49,1,11,1,2,2,526890,177850,1,2,2,1,12,3,3217,6,30,0,4,6,0,0,0,4,1,1,0,0,1,1,2,2,1,34,6,3,0,0,0,0,0,3,1,9
3,2,9,0,18,0,8,0,0,0,0,3,1,6,1,39,7,1598,1,8,1,2,2,382770,394500,6,2,2,3,102,6,0,6,20,3,4,6,0,0,0,4,1,1,0,0,1,1,1,1,1,33,6,3,0,0,0,0,0,9,1,5
2,2,1,0,9,0,8,0,10,1,0,0,1,6,1,27,6,1598,1,8,1,1,2,534493,125793,47,2,1,1,563,6,0,6,30,3,4,6,0,0,0,5,1,1,0,0,1,2,1,1,1,27,6,2,0,0,0,0,0,1,1,10
3,1,4,0,4,0,0,1,0,0,0,3,1,2,1,18,4,125,1,8,2,1,1,416335,255730,23,1,1,4,293,3,46,6,60,0,4,6,0,0,0,1,7,2,0,0,2,1,1,1,1,18,4,3,0,0,0,0,0,4,2,8
3,2,9,0,4,0,1,0,0,0,0,1,1,6,1,45,7,1997,1,2,1,1,2,518880,302430,35,2,1,7,394,6,0,6,30,3,4,6,0,0,0,1,1,1,0,0,1,2,1,1,1,45,7,3,0,0,0,0,0,9,1,5
3,1,9,0,16,0,0,1,0,7,11,1,1,6,1,33,6,1598,1,8,1,2,1,254122,69225,50,1,2,5,589,4,3212,6,40,0,4,6,0,0,0,6,1,1,0,7,2,1,2,2,2,20,4,3,0,0,2,0,0,9,1,2
3,1,9,0,18,0,0,0,0,0,0,1,1,6,1,48,8,1995,2,3,3,1,2,441111,282274,23,2,1,4,292,1,6,3,70,0,4,6,0,0,0,1,1,1,0,0,2,1,1,1,1,33,6,3,0,0,0,0,0,9,1,5
3,2,9,0,9,0,8,0,0,0,0,4,1,6,3,38,7,1598,1,8,1,1,2,530310,179680,1,2,1,2,1,3,3211,3,30,3,2,3,302,0,5,1,1,1,0,0,1,2,1,1,1,33,6,3,0,0,0,0,0,9,1,5
3,2,9,0,18,0,0,0,0,0,0,4,1,1,1,38,7,1598,1,8,1,4,2,565481,200177,42,2,4,6,452,3,12,3,70,0,4,6,0,0,0,1,1,1,0,0,2,1,4,2,1,38,7,3,0,0,2,0,0,9,1,2
3,2,8,0,18,0,1,0,10,1,0,1,1,1,1,60,9,1560,2,3,1,1,2,526522,408341,16,2,1,7,233,4,1212,6,30,3,2,6,0,0,0,1,1,1,0,0,1,2,1,2,2,31,6,3,0,0,2,0,0,8,1,3
3,2,9,0,3,0,0,0,0,0,0,2,1,6,2,37,7,1364,1,2,1,1,2,379330,388870,6,2,1,1,112,3,560,6,40,0,4,6,0,0,0,1,1,1,0,0,1,1,1,1,2,37,7,3,0,0,0,0,0,9,1,4
3,1,19,0,4,0,0,0,0,0,0,1,1,1,1,42,7,2198,2,6,1,2,5,512206,198707,41,5,2,2,437,3,41,3,50,0,4,6,0,0,5,1,1,2,0,0,1,1,1,1,1,33,6,3,0,0,0,0,0,9,1,5
3,2,8,0,18,0,0,0,0,0,0,2,1,1,1,32,6,1956,2,3,1,1,3,428960,329720,30,3,1,6,328,3,38,7,70,0,4,6,0,0,0,4,1,1,0,0,2,1,1,1,1,32,6,3,0,0,0,0,0,8,1,3
3,3,9,0,18,0,0,0,0,0,0,0,1,6,3,38,7,1598,1,8,1,1,3,260510,212480,63,3,1,7,751,6,0,6,30,0,4,6,0,0,0,4,2,2,0,0,1,1,1,1,1,33,6,3,0,0,0,0,0,9,1,5
3,1,9,0,18,0,8,0,0,0,0,1,1,6,2,28,6,1896,2,6,1,1,2,424614,566843,10,2,1,5,147,4,1318,1,50,1,4,3,189,0,0,4,1,1,0,0,1,1,1,1,1,33,6,3,0,0,0,0,0,9,1,5
3,4,9,0,3,0,0,0,0,0,0,2,1,6,1,70,10,2993,2,9,2,1,4,454957,225838,43,4,1,3,481,1,40,3,70,0,4,6,0,0,0,1,1,1,0,0,2,1,1,1,1,33,6,3,0,0,0,0,0,9,1,5
2,1,5,0,13,0,8,0,0,0,0,1,1,6,1,50,8,955,1,10,1,1,1,529880,181130,1,1,1,2,1,3,400,6,30,3,4,6,0,0,0,1,1,2,0,0,1,1,1,3,1,55,8,2,5,1,0,0,2,0,1,8
3,1,9,0,9,0,5,0,0,0,0,1,1,1,1,60,9,1598,1,2,1,2,2,426001,569498,10,2,2,5,148,6,2113,6,30,3,4,6,2113,0,0,1,1,1,0,0,1,1,1,1,1,60,9,3,0,0,0,0,0,9,1,5