accident_severity,vehicle_reference,vehicle_type,towing_and_articulation,vehicle_manoeuvre,vehicle_location-restricted_lane,junction_location,skidding_and_overturning,hit_object_in_carriageway,vehicle_leaving_carriageway,hit_object_off_carriageway,1st_point_of_impact,was_vehicle_left_hand_drive?,journey_purpose_of_driver,sex_of_driver,age_of_driver,age_band_of_driver,engine_capacity_(cc),propulsion_code,age_of_vehicle,driver_home_area_type,NUmber_of_Casualities_unique_to_accident_index,No_of_Vehicles_involved_unique_to_accident_index,location_easting_osgr,location_northing_osgr,police_force,number_of_vehicles,number_of_casualties,day_of_week,local_authority_(district),1st_road_class,1st_road_number,road_type,speed_limit,junction_detail,junction_control,2nd_road_class,2nd_road_number,pedestrian_crossing-human_control,pedestrian_crossing-physical_facilities,light_conditions,weather_conditions,road_surface_conditions,special_conditions_at_site,carriageway_hazards,urban_or_rural_area,did_police_officer_attend_scene_of_accident,casualty_reference,casualty_class,sex_of_casualty,age_of_casualty,age_band_of_casualty,casualty_severity,pedestrian_location,pedestrian_movement,car_passenger,bus_or_coach_passenger,pedestrian_road_maintenance_worker,casualty_type,casualty_home_area_type,casualty_imd_decile
3,2,8,0,18,0,0,0,0,0,0,2,1,1,1,61,9,1598,1,1,1,1,3,527630,181100,1,3,1,5,1,3,5,6,30,0,4,6,0,0,5,1,1,1,0,0,1,1,1,1,1,33,6,3,0,0,0,0,0,9,1,5
2,1,3,0,17,0,0,0,0,1,1,1,1,6,1,24,5,125,1,1,2,1,1,458028,78913,44,1,1,6,505,3,3055,6,40,0,4,6,0,0,0,4,1,2,0,0,2,1,1,1,1,24,5,2,0,0,0,0,0,3,2,3
3,1,90,0,18,0,0,0,0,0,0,4,1,6,1,74,10,1929,2,18,1,1,1,256195,833025,91,1,1,3,927,3,82,6,60,0,4,6,0,0,7,7,1,1,0,0,2,1,1,3,2,42,7,3,5,1,0,0,0,0,3,5
3,1,11,0,5,0,0,0,0,0,0,3,1,1,1,37,7,9600,2,16,1,4,2,416920,432514,13,2,4,4,200,3,650,6,40,0,4,6,0,0,0,1,1,1,0,0,1,1,4,2,2,33,6,3,0,0,0,4,0,11,1,1
3,3,9,0,2,0,0,0,4,0,0,2,1,6,3,38,7,1598,1,8,1,1,4,316340,181233,62,4,1,3,741,6,0,6,30,0,4,6,0,0,0,1,1,1,0,0,1,1,1,1,1,33,6,3,0,0,0,0,0,9,1,5
3,1,9,0,17,0,0,2,0,1,4,1,1,6,1,25,5,2000,1,9,3,1,1,590911,267883,37,1,1,3,413,3,143,6,60,0,4,6,0,0,0,1,1,1,0,0,2,1,1,1,1,25,5,3,0,0,0,0,0,9,3,8
3,1,9,0,13,0,0,0,0,0,0,4,1,6,3,38,7,1398,2,13,1,1,2,538300,183810,1,2,1,3,17,5,0,6,30,0,4,6,0,0,0,1,1,1,0,0,1,2,1,1,1,33,6,3,0,0,0,0,0,9,1,5
2,1,9,0,18,0,8,0,0,0,0,1,1,6,1,19,4,998,1,2,1,3,3,405772,91114,55,3,3,3,643,5,2,6,30,6,4,6,0,0,0,1,1,1,0,0,1,1,1,1,1,19,4,3,0,0,0,0,0,9,1,9
3,1,2,0,9,0,8,1,0,0,0,3,1,6,1,22,5,125,1,2,1,1,1,442498,112153,44,1,1,3,500,6,0,6,30,3,4,6,0,0,0,4,2,2,0,0,1,2,1,1,1,22,5,3,0,0,0,0,0,2,1,2
3,4,9,0,2,0,0,0,0,0,0,2,1,6,3,19,4,1229,1,5,1,1,4,556699,364426,32,4,1,4,351,3,52,6,30,0,4,6,0,0,0,4,1,1,0,0,1,1,1,1,1,33,6,3,0,0,0,0,0,9,1,5
3,1,9,0,7,0,8,0,0,0,0,4,1,6,2,50,8,1339,1,5,1,1,2,517290,182820,1,2,1,1,27,3,40,3,40,3,4,4,456,0,0,1,1,1,0,0,1,1,1,1,2,50,8,3,0,0,0,0,0,9,1,10
3,2,9,0,18,0,8,0,0,0,0,1,1,6,1,73,10,1490,1,6,1,1,2,485530,105799,47,2,1,5,559,4,2178,6,30,3,4,6,0,0,0,1,1,1,0,0,1,1,1,1,1,73,10,3,0,0,0,0,0,9,1,4
3,1,9,0,9,0,8,0,0,0,0,1,1,6,2,30,6,1797,8,3,1,1,2,484391,238063,43,2,1,2,479,6,1098,6,30,3,4,6,1098,0,0,1,1,1,0,0,1,1,1,1,1,33,6,3,0,0,0,0,0,9,1,5
3,3,9,0,18,0,1,1,0,0,0,1,1,2,1,30,6,2926,2,13,1,4,3,352870,429680,4,3,4,2,79,6,0,6,30,3,4,6,0,0,0,4,2,2,0,0,1,1,3,1,1,30,6,3,0,0,0,0,0,9,1,10
3,1,9,0,18,0,0,0,0,0,0,1,1,2,1,42,7,2776,2,9,1,1,5,425592,285608,23,5,1,5,290,1,6,3,70,0,4,6,0,0,0,6,1,1,0,0,2,1,1,1,1,33,6,3,0,0,0,0,0,9,1,5
3,1,5,0,16,0,0,1,0,0,0,1,1,2,1,34,6,1000,1,6,1,1,2,563396,197693,42,2,1,5,452,3,12,3,70,0,4,6,0,0,0,1,1,2,0,0,2,1,1,1,1,34,6,3,0,0,0,0,0,5,1,9
3,2,9,0,9,0,5,0,0,7,0,4,1,6,2,37,7,1197,1,1,1,1,2,518432,207245,41,2,1,7,434,3,1057,6,30,3,4,6,849,0,0,1,1,1,0,0,1,1,1,1,1,33,6,3,0,0,0,0,0,9,1,5
3,1,9,0,9,0,0,0,0,0,0,4,1,2,2,25,5,1299,1,12,1,1,2,331814,382339,5,2,1,6,95,6,0,6,30,0,4,6,0,0,0,1,1,1,0,0,2,1,1,1,1,33,6,3,0,0,0,0,0,9,1,5
3,1,9,0,9,0,6,0,0,0,0,3,1,2,2,19,4,1240,1,12,1,2,2,385626,332792,21,2,2,4,255,5,87,6,60,3,4,6,0,0,0,1,2,2,0,0,2,1,1,1,2,19,4,3,0,0,0,0,0,9,1,10
3,1,5,0,13,0,8,0,0,0,0,4,1,6,1,39,7,1000,1,1,1,1,2,538450,175570,1,2,1,6,7,3,20,6,30,3,4,6,0,0,0,1,1,1,0,0,1,1,1,1,1,39,7,3,0,0,0,0,0,5,1,2
3,1,9,0,18,0,0,0,0,0,0,1,1,1,1,62,9,1598,2,3,1,1,1,568247,196211,42,1,1,5,450,4,1007,6,30,0,4,6,0,0,1,1,1,1,0,0,1,1,1,3,2,13,3,3,1,3,0,0,0,0,1,4
3,2,9,0,3,0,1,0,0,0,0,2,1,6,1,48,8,1587,1,12,1,3,3,580346,187458,42,3,3,4,453,3,13,3,30,1,4,3,129,0,0,4,8,2,0,0,1,1,2,1,1,48,8,3,0,0,0,0,0,9,1,4
3,1,9,0,18,0,1,0,0,0,0,3,1,6,2,55,8,998,1,15,1,5,2,431081,434211,13,2,5,3,204,6,0,2,30,3,4,6,0,0,0,1,1,2,0,0,1,1,2,2,2,26,6,3,0,0,1,0,0,9,1,5
3,2,21,0,18,0,1,0,0,0,0,1,1,1,1,46,8,4461,2,3,1,1,2,559870,141240,46,2,1,3,543,6,4311,6,30,3,4,6,0,0,0,1,1,1,0,0,1,1,1,1,1,33,6,3,0,0,0,0,0,9,1,5
3,1,9,0,18,0,1,0,0,0,0,1,1,6,1,85,11,1229,1,8,2,1,3,385560,252690,22,3,1,2,276,3,38,6,30,3,4,6,0,0,0,1,1,1,0,0,1,1,1,1,1,85,11,3,0,0,0,0,0,9,2,7
3,1,9,0,4,0,0,0,0,0,0,2,1,6,1,39,7,1596,1,9,1,1,2,509046,167694,45,2,1,5,40,3,244,6,30,0,4,6,0,0,0,1,1,1,0,0,1,1,1,1,1,39,7,3,0,0,0,0,0,9,1,8
3,1,9,0,18,0,2,0,0,0,0,4,1,6,2,24,5,1598,1,8,1,1,1,528670,184170,1,1,1,4,2,3,502,6,30,6,4,3,502,1,1,1,1,1,0,0,1,1,1,3,1,31,6,3,4,1,0,0,2,0,1,8
3,2,9,0,4,0,1,0,0,0,0,1,1,6,2,38,7,1598,1,8,1,1,2,539650,175950,1,2,1,7,7,4,212,6,30,3,4,6,0,0,4,1,1,1,0,0,1,2,1,1,1,33,6,3,0,0,0,0,0,9,1,5
2,2,1,0,18,0,8,0,0,0,0,2,1,2,1,56,9,1598,1,8,3,1,2,471733,173937,43,2,1,6,472,3,329,1,30,1,4,4,3345,0,8,1,1,1,0,0,1,1,1,1,1,56,9,2,0,0,0,0,0,1,3,7
3,1,1,0,15,0,1,0,0,0,0,3,1,6,2,38,7,1598,1,8,1,1,2,460831,189497,43,2,1,2,484,6,390,6,30,6,2,6,0,0,0,1,1,1,0,0,1,1,1,1,2,33,6,3,0,0,0,0,0,1,1,5
3,2,9,0,18,0,0,0,0,0,0,3,1,2,1,50,8,1598,1,8,1,2,2,510883,202950,41,2,2,4,434,1,25,3,70,0,4,6,0,0,0,1,1,1,0,0,2,1,1,1,1,50,8,3,0,0,0,0,0,9,1,6
3,2,9,0,2,0,0,0,0,0,0,3,1,6,3,38,7,1997,2,6,1,1,2,581633,109681,47,2,1,4,552,6,0,6,30,0,4,6,0,0,0,1,2,2,0,0,1,1,1,1,1,33,6,3,0,0,0,0,0,9,1,5
3,1,9,0,18,0,4,0,0,0,0,1,1,6,2,40,7,1598,1,8,1,1,2,513776,207820,41,2,1,4,434,3,5183,1,30,1,4,3,62,0,0,1,1,1,0,0,1,2,1,1,1,33,6,3,0,0,0,0,0,9,1,5
3,1,9,0,16,0,0,2,0,7,4,2,1,6,1,23,5,1242,1,4,1,1,1,230510,654350,97,1,1,4,931,3,760,6,60,0,4,6,0,0,0,1,2,2,0,0,2,2,1,2,1,22,5,3,0,0,1,0,0,9,1,5
3,1,3,0,18,0,0,5,10,1,0,4,1,6,1,41,7,1598,1,8,1,1,1,519470,293390,35,1,1,4,393,4,1091,6,40,0,4,6,0,0,0,7,2,2,0,0,2,1,1,1,1,41,7,3,0,0,0,0,0,3,1,5
3,1,9,0,3,0,1,0,0,0,0,2,1,6,2,44,7,1299,1,13,2,1,2,331810,436090,4,2,1,7,71,6,0,6,30,6,2,6,0,0,4,1,1,1,0,0,1,1,1,1,2,44,7,3,0,0,0,0,0,9,2,7
3,2,9,0,3,0,0,0,0,0,0,2,1,6,1,30,6,1339,8,9,1,2,3,505950,179640,1,3,2,2,26,5,0,6,30,0,4,6,0,0,0,4,1,1,0,0,1,1,2,1,1,30,6,3,0,0,0,0,0,9,1,3
3,1,9,0,18,0,0,0,0,0,0,1,1,6,1,33,6,4163,2,7,1,2,3,535270,181250,1,3,2,6,5,3,13,6,30,0,4,6,0,0,0,1,1,1,0,0,1,1,2,1,1,33,6,3,0,0,0,0,0,9,1,2
3,1,9,0,16,0,8,0,0,0,0,1,1,6,1,38,7,1598,1,8,1,1,1,530070,180860,1,1,1,6,1,4,404,6,30,7,2,4,404,0,5,4,1,1,0,0,1,1,1,3,1,70,10,3,1,1,0,0,2,0,2,10
3,1,9,0,6,0,0,0,0,0,0,3,1,6,1,45,7,1498,1,8,1,1,2,564050,174120,46,2,1,5,535,3,226,6,30,0,4,6,0,0,0,1,1,1,0,0,1,1,1,1,1,45,7,3,0,0,0,0,0,9,1,4
3,1,9,0,18,0,0,0,0,0,0,1,1,6,2,76,11,1364,1,1,2,2,2,345820,414260,4,2,2,4,84,3,59,6,50,0,4,6,0,0,0,1,1,1,0,0,2,1,1,1,2,76,11,3,0,0,0,0,0,9,2,7
3,2,9,0,7,0,8,0,0,0,0,3,1,6,1,59,9,1388,1,5,3,1,2,570088,207163,42,2,1,1,454,3,1016,3,30,3,4,6,0,0,5,1,1,1,0,0,1,1,1,1,1,33,6,3,0,0,0,0,0,9,1,5
3,2,9,0,2,0,0,0,0,0,0,1,1,6,3,38,7,1598,1,8,1,1,2,464314,100006,44,2,1,6,498,6,0,6,30,0,4,6,0,0,0,1,1,1,0,0,1,1,1,1,1,33,6,3,0,0,0,0,0,9,1,5
3,1,9,0,18,0,0,0,0,0,0,1,1,6,1,23,5,1242,1,5,1,1,3,615580,158620,46,3,1,6,531,3,28,6,30,0,4,6,0,0,0,1,1,1,0,0,1,1,1,2,1,19,4,3,0,0,1,0,0,9,1,2
1,2,9,0,4,0,0,0,0,2,7,2,1,6,2,32,6,1149,1,2,1,4,3,270915,670242,97,3,4,7,932,1,73,3,70,0,4,6,0,0,0,1,1,1,0,0,2,1,2,1,2,32,6,2,0,0,0,0,0,9,1,5
3,1,9,0,9,0,5,0,0,0,0,4,1,6,2,32,6,1360,1,9,1,1,2,493380,182019,43,2,1,4,473,6,7302,6,30,3,4,6,7302,0,0,4,1,1,0,0,1,1,1,1,1,33,6,3,0,0,0,0,0,9,1,5
3,1,9,0,18,0,0,1,4,1,2,2,1,6,1,23,5,1686,2,11,1,1,2,399490,294480,20,2,1,1,305,6,0,6,30,0,4,6,0,0,0,1,1,1,0,0,1,1,1,1,1,23,5,3,0,0,0,0,0,9,1,2
3,2,9,0,5,0,0,0,0,0,0,2,1,6,1,27,6,1349,1,4,1,2,3,408989,285594,20,3,2,5,300,6,0,3,40,0,4,6,0,0,0,1,1,1,4,2,1,1,1,1,1,27,6,3,0,0,0,0,0,9,1,1
2,1,9,0,7,0,6,0,0,0,0,3,1,6,2,35,6,1598,1,8,1,2,4,429450,532264,11,4,2,6,169,6,0,6,30,3,4,5,26,0,0,1,1,1,0,0,2,1,1,1,2,35,6,2,0,0,0,0,0,9,1,3
3,2,9,0,18,0,8,0,0,1,0,1,1,6,1,33,6,1364,1,10,1,6,2,379720,394410,6,2,6,6,112,3,56,3,40,6,2,3,5145,0,0,1,1,1,0,0,1,1,2,1,1,33,6,3,0,0,0,0,0,9,1,1
3,1,9,0,13,0,3,0,0,7,6,1,1,6,2,29,6,1598,1,8,3,1,2,174758,46908,50,2,1,4,596,3,30,3,70,1,4,6,0,0,0,1,1,2,0,0,2,1,1,1,2,29,6,3,0,0,0,0,0,9,3,3
3,2,21,1,18,0,0,1,0,4,6,3,1,1,1,52,8,10518,2,2,1,1,2,404790,273390,22,2,1,2,270,1,42,3,70,0,4,6,0,0,0,1,2,2,0,0,2,1,1,1,1,33,6,3,0,0,0,0,0,9,1,5
3,1,9,0,18,0,0,0,0,0,0,1,1,6,2,52,8,1598,1,8,1,2,4,330404,150475,52,4,2,6,607,6,0,6,30,0,4,6,0,0,0,1,1,1,0,0,1,1,1,1,1,33,6,3,0,0,0,0,0,9,1,5
3,2,9,0,18,0,8,0,0,0,0,4,1,6,1,35,6,1596,1,5,1,1,2,439846,390792,14,2,1,3,215,3,631,1,30,1,2,3,631,0,0,1,1,1,0,0,1,2,1,1,1,33,6,3,0,0,0,0,0,9,1,5
3,2,9,0,18,0,0,0,0,0,0,2,1,6,1,38,7,1598,1,8,1,1,2,417117,432429,13,2,1,3,200,3,650,3,40,0,4,6,0,0,0,1,5,2,0,0,1,1,1,1,1,33,6,3,0,0,0,0,0,9,1,5
2,2,9,0,18,0,8,1,0,0,0,1,1,6,2,49,8,1360,1,8,1,2,2,442844,294591,33,2,2,7,361,4,4667,6,30,6,2,6,6335,0,5,1,2,2,0,0,1,1,2,1,2,49,8,3,0,0,0,0,0,9,1,10
3,3,20,0,4,0,2,0,0,0,0,0,1,1,1,43,7,1598,1,8,1,1,3,264906,192776,62,3,1,4,745,6,0,6,30,6,4,6,0,0,0,1,1,1,0,0,1,1,1,1,1,33,6,3,0,0,0,0,0,9,1,5
2,1,9,0,9,0,1,0,0,0,0,4,1,6,1,32,6,1598,1,8,1,6,3,338535,390394,5,3,6,7,91,6,0,6,30,3,4,6,0,0,0,1,1,1,0,0,1,1,6,2,2,1,1,2,0,0,2,0,0,9,1,1
2,1,9,0,9,0,6,0,0,0,0,0,1,6,1,20,4,1598,1,8,1,2,2,274593,658096,97,2,2,2,932,3,721,6,30,3,4,6,0,0,0,1,1,2,0,0,1,1,1,1,1,33,6,3,0,0,0,0,0,9,1,5
3,2,9,0,18,0,1,0,0,0,0,1,1,1,2,57,9,1598,1,8,2,2,2,250570,200110,63,2,2,1,751,3,4214,6,30,6,2,4,4304,0,0,1,1,1,0,0,1,1,2,2,1,41,7,3,0,0,1,0,0,9,1,5
2,1,9,0,9,0,6,0,0,0,0,1,1,6,2,32,6,1461,2,3,1,2,3,623167,309523,36,3,2,2,404,5,813,6,20,3,4,6,0,0,0,1,1,1,0,0,1,1,1,1,1,33,6,3,0,0,0,0,0,9,1,5
3,2,9,0,8,0,0,0,0,0,0,2,1,1,1,38,7,2401,2,14,1,1,2,387652,348817,21,2,1,6,257,3,53,9,30,0,4,6,0,0,0,1,8,1,0,0,1,2,1,1,1,38,7,3,0,0,0,0,0,9,1,1
3,1,9,0,18,0,8,0,0,0,0,1,1,6,1,34,6,1598,2,2,1,1,2,481317,263269,34,2,1,5,384,3,4500,1,40,1,4,3,4500,0,0,1,1,1,0,0,1,1,1,1,1,33,6,3,0,0,0,0,0,9,1,5
3,1,9,0,18,0,1,0,0,0,0,1,1,6,1,35,6,1598,1,8,1,2,2,355180,429720,4,2,2,3,79,3,59,6,30,9,4,6,0,0,0,4,1,1,0,0,1,1,2,2,1,33,6,3,0,0,1,0,0,9,1,1
3,1,9,0,12,0,1,0,0,0,0,1,1,6,1,26,6,1497,1,13,1,1,2,531170,182370,1,2,1,1,3,3,201,6,30,6,2,3,401,0,5,1,1,1,0,0,1,1,1,1,1,33,6,3,0,0,0,0,0,9,1,5
3,1,9,0,9,0,5,0,0,0,0,1,1,6,1,32,6,1997,2,12,1,1,2,573890,152040,46,2,1,4,536,5,65,6,50,8,4,6,0,0,0,6,1,1,0,0,2,1,1,1,1,33,6,3,0,0,0,0,0,9,1,5
3,1,9,0,18,0,2,0,0,0,0,4,1,6,1,67,10,1598,1,8,1,1,1,530730,186240,1,1,1,7,3,3,503,2,30,3,4,6,0,0,0,1,1,1,0,0,1,1,1,3,1,60,9,3,5,1,0,0,2,0,1,2
3,1,9,0,18,0,0,0,0,0,0,1,1,6,2,38,7,1598,1,8,1,1,1,404240,288290,20,1,1,4,300,3,4040,6,30,0,4,6,0,0,4,1,9,1,0,0,1,2,1,3,2,49,8,3,1,1,0,0,0,0,1,1
3,1,9,0,16,0,0,2,0,1,11,1,1,2,1,46,8,1590,1,11,1,1,1,380907,378910,7,1,1,4,129,4,5085,6,60,0,4,6,0,0,0,1,1,2,0,0,2,1,1,1,1,46,8,3,0,0,0,0,0,9,1,6
3,1,9,0,18,0,0,0,0,0,0,2,1,6,1,26,6,1341,1,12,1,1,2,502700,150662,45,2,1,4,511,3,25,6,30,0,4,6,0,0,0,1,1,1,0,0,1,1,1,1,1,26,6,3,0,0,0,0,0,9,1,10
3,3,21,1,3,0,1,0,0,0,0,3,1,1,1,45,7,11705,2,7,1,2,3,463217,316574,33,3,2,5,362,3,46,3,70,3,4,5,6202,0,0,1,1,1,0,0,2,1,1,1,1,33,6,3,0,0,0,0,0,9,1,5
3,2,9,0,18,0,8,0,0,0,0,1,1,6,1,38,7,1988,1,11,1,2,3,517370,169860,1,3,2,1,24,3,310,6,30,3,4,6,0,0,4,1,1,1,0,0,1,1,2,2,2,55,8,3,0,0,1,0,0,9,1,6
3,3,9,0,2,0,1,0,0,0,0,3,1,6,1,38,7,1599,1,10,1,1,3,623537,310040,36,3,1,1,404,5,815,6,30,3,4,6,0,0,0,4,8,2,0,0,1,1,1,1,1,33,6,3,0,0,0,0,0,9,1,5
3,2,9,0,18,0,8,0,0,0,0,1,1,6,1,21,5,1598,1,12,1,2,2,357460,431260,4,2,2,6,79,6,0,6,20,9,4,6,0,0,0,1,1,1,0,0,1,1,2,1,1,21,5,3,0,0,0,0,0,9,1,1
3,2,9,0,18,0,1,0,0,0,0,1,1,6,2,17,4,1242,1,1,1,1,2,258147,662734,97,2,1,1,926,6,0,6,30,6,4,6,0,0,0,1,1,1,0,0,1,2,1,1,2,17,4,3,0,0,0,0,0,9,1,5
3,1,11,0,9,0,8,0,0,0,0,0,1,6,2,50,8,6370,2,7,1,2,1,439231,556795,10,1,2,5,150,3,183,6,30,7,2,3,1231,0,4,1,1,1,0,0,1,2,1,2,2,19,4,3,0,0,0,3,0,11,1,10
3,3,9,0,2,0,0,0,0,0,0,2,1,6,3,38,7,1598,1,8,1,1,4,408539,284793,20,4,1,5,300,6,0,6,30,0,4,6,0,0,0,4,1,1,0,0,1,1,1,1,1,33,6,3,0,0,0,0,0,9,1,5
3,1,9,0,3,0,1,0,0,0,0,2,1,6,1,43,7,1798,8,3,3,1,2,442975,520856,17,2,1,5,245,3,177,6,30,6,2,5,141,0,5,1,1,1,0,0,1,1,1,1,1,43,7,3,0,0,0,0,0,9,3,6
3,2,9,0,9,0,8,0,0,0,0,4,1,6,1,38,7,1995,2,2,1,1,2,527160,182840,1,2,1,3,1,3,41,1,30,1,4,3,41,0,1,4,1,1,0,0,1,2,1,1,1,33,6,3,0,0,0,0,0,9,1,5
3,1,3,0,18,0,6,1,0,0,0,1,1,6,1,24,5,1598,1,8,1,1,2,414186,417420,13,2,1,3,203,6,0,6,30,9,4,6,0,0,0,1,1,1,0,0,1,2,1,1,1,24,5,3,0,0,0,0,0,3,1,5
3,2,9,0,18,0,8,0,0,0,0,1,1,6,1,33,6,898,1,1,1,2,2,520650,181480,1,2,2,3,27,3,40,3,40,3,2,3,4000,0,5,1,1,1,0,0,1,1,1,1,1,33,6,3,0,0,0,0,0,9,1,5
3,3,9,0,18,0,8,0,0,0,0,1,1,6,2,45,7,1591,1,3,1,1,3,330680,437980,4,3,1,3,71,3,584,6,30,3,4,6,0,0,1,4,1,1,0,0,1,1,1,1,1,33,6,3,0,0,0,0,0,9,1,5
2,1,9,0,14,0,0,0,0,0,0,3,1,6,2,27,6,1364,1,8,1,1,1,365310,156748,52,1,1,4,611,6,0,6,30,0,4,6,0,0,0,1,1,1,0,0,1,1,1,3,1,45,7,2,5,9,0,0,0,0,1,8
3,1,9,0,1,0,0,0,0,1,10,2,1,1,2,35,6,1582,2,2,1,1,1,349221,397199,5,1,1,1,92,3,580,3,30,0,4,6,0,0,0,4,2,2,0,0,1,1,1,2,1,24,5,3,0,0,1,0,0,9,1,5
3,1,9,0,7,0,5,0,0,0,0,4,1,6,2,46,8,2967,1,16,1,1,2,455437,339562,31,2,1,4,346,3,6200,6,30,3,4,6,0,0,4,1,1,1,0,0,1,1,1,1,1,33,6,3,0,0,0,0,0,9,1,5
3,2,3,0,18,0,0,0,0,0,0,3,1,6,1,55,8,124,1,24,1,1,3,508930,220895,40,3,1,3,421,6,0,6,20,0,4,6,0,0,0,1,1,1,0,0,1,1,1,1,1,55,8,3,0,0,0,0,0,3,1,3
3,1,9,0,16,0,0,2,0,1,9,1,1,2,1,18,4,1124,1,11,3,1,1,465388,223103,43,1,1,5,476,5,1,6,60,0,4,6,0,0,0,6,8,4,0,0,2,1,1,1,1,18,4,3,0,0,0,0,0,9,3,9
3,1,9,0,18,0,8,0,0,0,0,1,1,6,3,38,7,1598,1,8,1,1,1,528840,182200,1,1,1,4,1,3,4201,6,30,6,2,3,501,0,5,1,1,1,0,0,1,1,1,3,1,61,9,3,1,1,0,0,2,0,1,2
3,1,9,0,18,0,0,0,0,7,11,4,1,6,1,18,4,1587,1,8,3,4,1,301773,670432,95,1,4,2,940,6,0,6,60,0,4,6,0,0,0,6,1,1,0,0,2,1,2,2,1,18,4,3,0,0,1,0,0,9,1,5
3,2,1,0,18,0,0,0,0,0,0,3,1,1,1,50,8,1598,1,8,1,1,2,392800,287360,20,2,1,2,303,3,4036,3,40,0,4,6,0,0,0,1,1,1,0,0,1,2,1,1,1,50,8,3,0,0,0,0,0,1,1,10
3,2,9,0,4,0,8,0,0,0,0,2,1,6,1,22,5,1984,1,13,1,3,3,540700,177070,1,3,3,5,6,3,102,1,30,1,4,3,207,0,0,1,1,1,0,0,1,1,1,1,1,22,5,3,0,0,0,0,0,9,1,1
3,1,9,0,18,0,0,0,0,0,0,2,1,6,1,37,7,1968,2,2,1,1,2,456935,341466,31,2,1,5,346,3,60,6,30,0,4,6,0,0,0,4,2,2,0,0,1,1,1,1,1,33,6,3,0,0,0,0,0,9,1,5
3,3,9,0,4,0,1,0,0,0,0,1,1,6,2,68,10,1587,1,10,1,2,3,574905,188262,42,3,2,6,450,4,1464,1,30,1,4,6,0,0,0,1,1,1,0,0,1,1,2,1,2,68,10,3,0,0,0,0,0,9,1,9
3,1,9,0,18,0,0,1,0,1,4,1,1,6,1,19,4,1598,1,8,1,3,1,552337,111200,47,1,3,1,556,6,0,6,60,0,4,6,0,0,0,6,1,2,0,0,2,1,2,2,1,18,4,3,0,0,2,0,0,9,1,2
3,1,9,0,13,0,1,0,10,0,0,4,1,1,1,30,6,1686,2,1,1,1,2,439499,553267,10,2,1,6,150,4,1286,6,30,3,4,6,5087,0,1,1,1,1,0,0,1,1,1,1,1,33,6,3,0,0,0,0,0,9,1,5
2,1,9,0,18,0,0,0,0,0,0,1,1,6,1,38,7,1896,2,19,3,5,2,191232,58509,50,2,5,3,596,6,0,6,30,0,4,6,0,0,0,1,1,1,0,0,2,1,1,1,1,38,7,2,0,0,0,0,0,9,3,4
3,4,9,0,2,0,2,0,4,0,0,1,1,6,3,38,7,1598,1,8,1,1,6,318166,181544,62,6,1,1,741,6,0,6,30,3,4,6,0,0,0,1,5,2,0,0,1,1,1,1,1,33,6,3,0,0,0,0,0,9,1,5
3,1,9,0,17,0,0,0,0,0,0,1,1,6,1,69,10,1798,1,2,1,2,3,625908,284422,36,3,2,1,406,3,143,6,60,0,4,6,0,0,0,1,2,2,0,0,2,1,1,1,1,33,6,3,0,0,0,0,0,9,1,5
3,1,11,0,5,0,2,0,0,0,0,1,1,1,1,55,8,6700,2,3,3,1,1,394180,806127,92,1,1,7,910,6,0,6,20,3,4,6,0,0,0,4,1,2,0,0,1,1,1,3,1,29,6,3,5,3,0,0,0,0,1,5
3,1,9,0,4,0,0,0,0,0,0,1,1,6,2,37,7,1598,1,7,1,1,1,408920,284440,20,1,1,5,300,3,41,6,30,0,4,6,0,0,4,1,1,1,0,0,1,2,1,3,1,47,8,3,1,3,0,0,0,0,1,1
3,3,9,0,16,0,0,1,0,1,4,1,1,6,1,51,8,1995,2,4,1,4,4,549010,223410,41,4,4,7,432,3,120,6,60,0,4,6,0,0,0,1,1,1,0,0,2,1,3,2,1,13,3,3,0,0,1,0,0,9,1,9
3,1,9,0,17,0,8,0,0,0,0,2,1,6,1,23,5,1995,1,8,1,2,2,517630,179730,1,2,2,3,27,4,455,1,30,2,4,6,0,0,0,4,1,1,0,0,1,2,1,1,1,23,5,3,0,0,0,0,0,9,1,6
3,1,19,0,7,0,4,0,0,0,0,3,1,1,1,25,5,1598,2,5,3,1,2,483344,155566,44,2,1,3,494,3,3013,1,50,1,4,6,0,0,0,1,1,2,0,0,2,1,1,1,1,33,6,3,0,0,0,0,0,9,1,5
3,2,9,0,4,0,4,0,0,0,0,1,1,6,1,37,7,1199,1,12,1,1,2,203097,62879,50,2,1,7,596,3,391,1,60,1,4,6,0,0,0,4,1,1,0,0,2,1,1,1,1,37,7,3,0,0,0,0,0,9,1,2
3,1,21,1,18,0,2,5,0,7,0,3,1,1,1,33,6,12777,2,1,1,1,1,413911,562961,10,1,1,3,146,3,695,6,30,1,4,6,0,0,0,4,1,1,0,0,2,1,1,1,1,33,6,3,0,0,0,0,0,21,1,10
3,2,8,0,18,0,0,0,0,0,0,1,1,6,1,49,8,2402,2,11,1,3,2,409620,285060,20,2,3,1,300,4,4145,6,30,0,4,6,0,0,0,1,1,1,0,0,1,1,3,2,1,33,6,3,0,0,2,0,0,8,1,3
3,1,9,0,16,0,0,0,0,7,4,1,1,6,2,62,9,1798,1,3,2,1,1,236252,669027,97,1,1,1,928,3,761,6,30,0,4,6,0,0,0,4,1,1,0,0,2,2,1,1,2,62,9,3,0,0,0,0,0,9,2,5