accident_severity,vehicle_reference,vehicle_type,towing_and_articulation,vehicle_manoeuvre,vehicle_location-restricted_lane,junction_location,skidding_and_overturning,hit_object_in_carriageway,vehicle_leaving_carriageway,hit_object_off_carriageway,1st_point_of_impact,was_vehicle_left_hand_drive?,journey_purpose_of_driver,sex_of_driver,age_of_driver,age_band_of_driver,engine_capacity_(cc),propulsion_code,age_of_vehicle,driver_home_area_type,NUmber_of_Casualities_unique_to_accident_index,No_of_Vehicles_involved_unique_to_accident_index,location_easting_osgr,location_northing_osgr,police_force,number_of_vehicles,number_of_casualties,day_of_week,local_authority_(district),1st_road_class,1st_road_number,road_type,speed_limit,junction_detail,junction_control,2nd_road_class,2nd_road_number,pedestrian_crossing-human_control,pedestrian_crossing-physical_facilities,light_conditions,weather_conditions,road_surface_conditions,special_conditions_at_site,carriageway_hazards,urban_or_rural_area,did_police_officer_attend_scene_of_accident,casualty_reference,casualty_class,sex_of_casualty,age_of_casualty,age_band_of_casualty,casualty_severity,pedestrian_location,pedestrian_movement,car_passenger,bus_or_coach_passenger,pedestrian_road_maintenance_worker,casualty_type,casualty_home_area_type,casualty_imd_decile
3,1,9,0,9,0,2,0,0,0,0,1,1,6,1,38,7,1389,1,19,1,1,2,494133,182667,43,2,1,1,473,6,7301,6,30,3,4,6,7301,0,0,1,1,1,0,0,1,1,1,1,1,33,6,3,0,0,0,0,0,9,1,5
3,2,9,0,17,0,1,0,0,0,0,1,1,6,1,56,9,1968,2,2,1,2,2,449857,245750,21,2,2,7,257,6,0,6,30,6,3,6,0,0,0,4,3,3,0,0,2,2,2,2,2,33,6,3,0,0,2,0,0,9,1,5
3,1,5,0,17,0,0,0,0,1,9,1,1,6,1,39,7,1202,1,8,2,1,1,485197,298940,33,1,1,7,368,4,664,6,60,0,4,6,0,0,0,1,1,1,0,0,2,1,1,1,1,39,7,3,0,0,0,0,0,5,2,6
3,2,9,0,18,0,1,0,0,0,0,1,1,6,1,38,7,1598,1,8,1,1,2,530080,180420,1,2,1,6,1,3,4,6,30,1,2,3,4,0,5,4,1,1,0,0,1,2,1,1,1,33,6,3,0,0,0,0,0,9,1,5
3,2,19,0,18,0,8,0,0,0,0,1,1,6,1,56,9,1461,2,3,2,2,2,349837,635446,95,2,2,6,914,6,0,6,30,6,4,6,0,0,0,1,1,1,0,0,1,1,2,1,1,56,9,3,0,0,0,0,0,19,2,5
3,2,1,0,18,0,1,0,0,0,0,1,1,6,1,44,7,1598,1,8,1,1,2,331464,345730,60,2,1,6,725,3,483,7,60,3,4,4,5426,0,0,1,1,1,0,0,2,1,1,1,1,44,7,3,0,0,0,0,0,1,1,5
3,2,9,0,18,0,8,0,0,0,0,1,1,6,2,38,7,1598,1,8,1,1,2,527770,168980,1,2,1,4,22,3,217,1,30,1,2,3,236,0,5,4,1,2,0,0,1,1,1,1,1,33,6,3,0,0,0,0,0,9,1,5
3,1,9,0,5,0,6,0,0,0,0,3,1,6,1,71,10,2720,2,7,3,3,5,594070,238604,37,5,3,2,410,3,134,6,60,3,4,6,0,0,0,7,1,1,0,0,2,1,1,1,1,71,10,3,0,0,0,0,0,9,3,6
3,3,9,0,3,0,0,0,0,0,0,2,1,6,2,28,6,1240,1,7,1,1,4,319570,670190,95,4,1,3,923,4,701,3,40,0,4,6,0,0,0,1,1,1,4,0,1,1,1,1,1,33,6,3,0,0,0,0,0,9,1,5
3,1,9,0,3,0,1,0,0,0,0,2,1,6,1,33,6,1968,2,10,1,1,2,519480,185020,1,2,1,4,28,6,0,6,30,6,4,6,0,0,0,4,1,1,0,0,1,2,1,1,1,33,6,3,0,0,0,0,0,9,1,6
3,2,19,0,6,0,8,0,0,0,0,1,1,6,1,33,6,1998,1,17,1,1,2,448644,443336,12,2,1,3,187,3,659,6,30,3,4,6,659,0,0,1,1,1,0,0,2,2,1,1,1,33,6,3,0,0,0,0,0,9,1,5
3,2,9,0,9,0,5,0,0,0,0,3,1,6,2,35,6,1699,1,10,1,4,2,481257,353928,31,2,4,5,345,6,0,6,40,8,4,6,0,0,0,4,1,1,0,0,1,1,4,1,2,35,6,3,0,0,0,0,0,9,1,10
3,2,9,0,16,0,0,1,0,0,0,1,1,2,1,30,6,1237,1,27,3,2,2,429451,172307,54,2,2,3,635,5,6,6,60,0,4,6,0,0,0,1,1,1,0,0,2,1,1,1,1,30,6,3,0,0,0,0,0,9,3,10
3,1,9,0,18,0,0,0,0,0,0,4,1,6,2,27,6,1998,8,8,1,1,2,554160,194720,1,2,1,3,15,1,25,3,70,0,4,6,0,0,0,1,2,2,0,0,2,1,1,1,2,27,6,3,0,0,0,0,0,9,1,6
3,2,9,0,18,0,0,0,0,0,0,1,1,6,1,38,7,1598,1,8,1,2,2,533850,186370,1,2,2,4,4,3,10,2,20,0,4,6,0,0,0,1,2,2,0,0,1,1,1,1,1,33,6,3,0,0,0,0,0,9,1,5
3,2,3,0,18,0,2,0,0,0,0,1,1,6,1,52,8,1598,1,8,1,1,2,530230,172560,1,2,1,5,9,3,23,3,30,3,4,6,0,0,0,1,1,1,0,0,1,1,1,1,1,52,8,3,0,0,0,0,0,3,1,5
3,3,9,0,18,0,0,0,0,0,0,1,1,6,1,28,6,1599,1,10,2,1,3,383311,218951,53,3,1,1,623,3,430,6,30,0,4,6,0,0,0,1,1,1,0,0,1,1,1,1,1,33,6,3,0,0,0,0,0,9,1,5
3,1,20,1,18,0,8,0,0,0,0,1,1,1,1,39,7,1598,1,8,3,1,2,457683,233408,34,2,1,5,385,3,43,1,60,1,4,3,43,0,0,1,2,2,0,0,2,1,1,1,1,33,6,3,0,0,0,0,0,9,1,5
2,1,9,0,18,0,0,0,0,1,2,1,1,6,1,27,6,1686,2,13,1,2,1,477384,172254,43,1,2,1,475,6,7515,6,60,0,4,6,0,0,0,1,1,2,0,0,2,1,2,2,2,19,4,3,0,0,1,0,0,9,1,9
3,1,9,0,17,0,8,0,0,0,0,3,1,6,1,24,5,1242,1,12,1,1,2,513570,175460,1,2,1,6,25,3,315,6,30,3,4,6,0,0,0,1,2,2,0,0,1,2,1,1,1,24,5,3,0,0,0,0,0,9,1,4
3,1,8,0,9,0,8,0,0,0,0,1,1,1,1,28,6,1996,2,8,1,1,2,408560,293090,20,2,1,4,300,3,453,3,30,6,2,6,0,0,0,4,2,4,0,0,1,1,1,1,1,33,6,3,0,0,0,0,0,9,1,5
3,1,9,0,9,0,1,0,0,0,0,1,1,6,2,72,10,1796,1,7,1,2,2,501249,151710,45,2,2,6,511,6,4012,6,30,3,4,6,0,0,0,1,1,1,0,0,1,1,1,1,1,33,6,3,0,0,0,0,0,9,1,5
3,1,9,0,17,0,0,0,0,0,0,1,1,1,1,46,8,2792,1,15,1,1,2,572902,167080,46,2,1,6,544,6,0,6,30,0,4,6,0,0,0,1,1,2,0,0,1,1,1,1,1,33,6,3,0,0,0,0,0,9,1,5
3,1,8,0,9,0,6,0,0,0,0,1,1,1,1,55,8,1896,2,6,1,1,2,426351,433095,13,2,1,1,204,4,6154,6,30,3,4,6,0,0,0,1,1,1,0,0,1,1,1,1,1,33,6,3,0,0,0,0,0,9,1,5
2,1,3,0,4,0,1,1,0,3,0,3,1,6,1,17,4,125,1,1,1,1,1,520090,106235,47,1,1,1,557,6,0,6,60,3,4,6,0,0,0,6,1,4,0,0,2,1,1,1,1,17,4,2,0,0,0,0,0,3,1,7
3,2,9,0,18,0,0,0,0,0,0,1,1,1,1,30,6,1995,2,3,1,1,2,375552,364851,7,2,1,2,129,1,6,3,70,0,4,6,0,0,0,1,1,1,0,0,2,1,1,1,1,33,6,3,0,0,0,0,0,9,1,5
3,2,9,0,18,0,1,0,0,0,0,1,1,6,2,53,8,1968,2,7,1,1,2,546950,183060,1,2,1,2,16,5,0,6,30,3,4,6,0,0,0,4,1,1,0,0,2,2,1,1,1,33,6,3,0,0,0,0,0,9,1,5
3,1,9,0,5,0,1,0,0,0,0,1,1,6,1,25,5,1598,1,8,1,1,2,451989,515234,17,2,1,5,243,3,172,6,30,6,2,6,0,0,5,1,1,1,0,0,1,2,1,1,1,33,6,3,0,0,0,0,0,9,1,5
3,1,9,0,17,0,0,2,0,2,10,4,1,6,2,17,4,1461,2,14,1,1,1,396291,166143,54,1,1,6,635,3,3102,6,60,0,4,6,0,0,0,6,8,2,0,0,2,1,1,1,2,17,4,3,0,0,0,0,0,9,1,9
3,2,5,0,18,0,1,0,0,0,0,1,1,6,1,61,9,1598,1,8,1,1,2,502454,426144,16,2,1,4,231,6,0,6,30,6,4,6,0,0,0,1,1,1,0,0,1,1,1,1,1,61,9,3,0,0,0,0,0,5,1,7
3,1,9,0,10,0,1,0,0,0,0,2,1,6,2,32,6,1197,1,8,1,1,2,449946,520516,17,2,1,4,243,3,66,7,30,1,4,6,0,0,0,1,1,1,0,0,2,1,1,1,2,32,6,3,0,0,0,0,0,9,1,4
3,1,9,0,18,0,0,0,0,0,0,3,1,6,3,38,7,1598,1,8,1,1,1,440363,552799,10,1,1,2,150,6,5087,6,30,0,4,6,0,0,0,1,1,1,0,0,1,2,1,3,2,5,1,3,6,9,0,0,0,0,1,5
3,2,1,0,18,0,4,0,0,0,0,2,1,6,2,24,5,1598,1,8,1,1,2,452271,205960,43,2,1,5,482,3,420,1,20,1,4,3,4158,0,0,1,2,2,0,0,1,2,1,1,2,24,5,3,0,0,0,0,0,1,1,5
3,5,9,0,4,0,0,0,0,0,10,2,1,6,1,60,9,1396,1,10,1,12,8,257994,665740,97,8,12,2,926,1,8,3,50,0,4,6,0,0,0,1,1,1,0,0,1,1,5,2,1,39,7,3,0,0,1,0,0,9,1,5
2,1,9,0,18,0,0,2,0,1,9,3,1,2,2,18,4,1240,1,6,3,1,1,466296,203080,43,1,1,7,484,3,40,6,60,0,4,6,0,0,0,1,2,2,0,0,2,1,1,1,2,18,4,2,0,0,0,0,0,9,3,7
3,2,9,0,17,0,8,0,0,0,0,1,1,6,1,46,8,2148,2,6,1,4,2,508160,181600,1,2,4,5,26,4,465,6,30,3,4,6,0,0,0,4,2,2,0,0,1,1,2,1,1,46,8,3,0,0,0,0,0,9,1,4
3,2,9,0,18,0,0,0,0,0,0,2,1,1,1,39,7,1598,1,8,1,1,2,467412,414802,14,2,1,7,211,6,0,6,60,0,4,6,0,0,0,1,1,1,0,0,2,2,1,1,1,33,6,3,0,0,0,0,0,9,1,5
3,1,9,0,18,9,0,0,0,0,0,1,1,6,1,77,11,1596,1,8,1,1,2,499527,149177,45,2,1,3,511,6,4016,6,30,0,4,6,0,0,0,7,1,1,0,0,1,1,1,1,1,77,11,3,0,0,0,0,0,9,1,5
2,1,9,0,18,0,0,5,0,1,4,4,1,6,2,23,5,1229,1,1,1,1,1,450846,413985,13,1,1,3,206,3,1,3,70,0,4,6,0,0,0,1,1,1,0,0,2,1,1,1,2,23,5,2,0,0,0,0,0,9,1,10
3,2,21,0,2,0,0,0,0,0,0,1,1,6,1,30,6,6370,2,15,1,1,2,528080,172410,1,2,1,2,10,3,24,6,30,0,4,6,0,0,0,1,1,1,0,0,1,1,1,1,1,33,6,3,0,0,0,0,0,9,1,5
3,1,9,0,18,0,0,1,0,1,6,1,1,6,2,50,8,1796,1,15,2,1,4,468621,410976,14,4,1,4,211,1,180,3,70,0,4,6,0,0,0,1,1,1,0,2,2,1,1,1,2,50,8,3,0,0,0,0,0,9,2,7
3,1,9,0,18,0,0,0,0,0,0,4,1,6,1,54,8,1910,2,5,1,1,1,531230,189950,1,1,1,4,31,3,105,6,30,0,4,6,0,0,0,1,1,1,0,0,1,1,1,3,2,17,4,3,5,2,0,0,2,0,1,1
1,3,9,0,18,0,0,0,0,0,0,1,1,6,1,31,6,1598,1,8,2,5,3,353440,114976,52,3,5,6,610,3,3088,6,60,0,4,6,0,0,0,6,1,1,0,0,2,1,3,1,1,31,6,3,0,0,0,0,0,9,2,6
3,1,3,0,5,0,4,0,0,0,0,0,1,6,1,45,7,124,1,6,1,1,2,331000,436550,4,2,1,4,71,3,586,1,30,1,4,6,0,0,8,1,4,2,0,0,1,1,1,1,1,45,7,3,0,0,0,0,0,3,1,2
3,2,9,0,4,0,0,0,0,0,0,0,1,2,2,23,5,1598,2,1,1,1,2,250104,662875,97,2,1,2,935,6,0,6,30,0,4,6,0,0,5,1,1,1,0,0,1,1,1,1,2,23,5,3,0,0,0,0,0,9,1,5
3,1,9,0,5,0,1,0,0,0,0,1,1,2,2,39,7,1796,1,8,1,1,2,244603,58181,50,2,1,5,583,6,0,6,30,3,4,6,0,0,0,1,1,1,0,0,1,1,1,1,1,33,6,3,0,0,0,0,0,9,1,5
3,1,9,0,9,0,5,0,0,0,0,4,1,1,2,26,6,1360,1,12,1,1,2,431475,265741,23,2,1,6,294,3,452,6,30,3,4,6,0,0,0,1,1,1,0,0,1,1,1,1,1,33,6,3,0,0,0,0,0,9,1,5
1,1,21,0,6,0,8,0,0,0,0,3,1,1,1,51,8,1598,1,8,1,1,2,427529,426263,13,2,1,3,204,3,650,3,40,9,4,3,650,0,0,1,1,2,0,0,2,1,1,1,1,33,6,3,0,0,0,0,0,9,1,5
3,1,9,0,18,0,8,0,0,0,0,1,1,6,1,23,5,1686,2,12,1,1,1,416458,432940,13,1,1,4,200,6,0,3,30,6,2,6,0,0,4,1,1,1,0,0,1,1,1,3,2,17,4,3,1,1,0,0,0,0,1,1
3,2,9,0,4,0,4,0,0,0,0,2,1,6,1,49,8,1598,1,12,1,1,2,534940,212910,41,2,1,7,432,3,414,3,70,1,2,3,414,0,0,1,1,1,0,0,2,1,1,2,2,73,10,3,0,0,2,0,0,9,1,9
1,1,9,0,18,0,0,0,0,0,0,1,1,6,1,51,8,1598,1,8,1,1,1,540130,189530,1,1,1,6,14,3,1199,6,30,0,4,6,0,0,8,4,1,1,0,0,1,1,1,3,1,68,10,1,5,3,0,0,2,0,1,8
2,1,9,0,13,0,0,2,0,1,4,1,2,6,2,35,6,1598,1,8,3,2,1,503100,305240,35,1,2,2,394,3,1,3,70,0,4,6,0,0,0,1,5,2,0,0,2,1,2,2,2,65,9,2,0,0,1,0,0,9,1,5
2,1,9,0,16,0,0,1,0,1,1,2,1,2,2,23,5,1598,1,8,3,1,1,297060,228590,63,1,1,6,753,3,40,6,60,0,4,6,0,0,0,1,8,4,0,0,2,1,1,1,2,23,5,2,0,0,0,0,0,9,3,5
3,1,9,0,18,0,3,0,0,8,10,1,1,6,1,37,7,1997,2,15,1,1,1,630310,144380,46,1,1,1,533,6,3041,1,30,1,4,6,0,0,4,1,5,2,6,0,1,1,1,1,1,37,7,3,0,0,0,0,0,9,1,2
3,2,9,0,4,0,1,0,0,0,0,2,1,6,1,66,10,1200,1,2,1,3,3,437384,554972,10,3,3,1,150,3,690,3,30,3,2,4,1405,0,5,1,1,1,0,0,1,1,2,1,1,66,10,3,0,0,0,0,0,9,1,9
3,2,9,0,3,0,0,0,0,0,0,2,1,2,1,42,7,998,1,4,1,2,3,422580,565599,10,3,2,3,147,6,1217,6,30,0,4,6,0,0,0,1,1,4,0,0,1,1,2,1,1,42,7,3,0,0,0,0,0,9,1,8
3,1,9,0,18,0,2,0,0,0,0,1,1,6,2,38,7,1598,1,8,1,1,2,627466,308747,36,2,1,2,401,3,1042,6,30,1,4,3,1242,0,8,4,1,1,0,0,1,2,1,3,1,27,6,3,9,5,0,0,0,0,3,8
3,2,3,0,14,0,0,0,0,0,0,1,1,6,2,40,7,1598,1,8,1,1,2,515370,176420,1,2,1,4,25,3,315,3,30,0,4,6,0,0,0,1,2,2,0,0,1,1,1,1,2,40,7,3,0,0,0,0,0,3,1,8
3,1,9,0,9,0,8,0,0,0,0,4,1,6,1,45,7,1229,1,1,1,2,3,547010,170220,1,3,2,3,19,3,224,6,30,3,4,6,0,0,4,1,1,1,0,0,2,1,1,1,1,45,7,3,0,0,0,0,0,9,1,6
3,1,9,0,18,0,0,0,0,0,0,1,1,6,1,42,7,1598,1,12,1,4,2,408680,291260,20,2,4,3,300,1,6,3,70,0,4,6,0,0,0,4,1,1,0,0,1,1,1,1,1,33,6,3,0,0,0,0,0,9,1,5
3,3,9,0,18,0,0,0,11,0,0,1,1,1,2,29,6,1968,2,2,1,1,3,445170,368980,30,3,1,5,327,1,1,3,70,0,4,6,0,0,0,1,1,1,4,2,2,1,1,1,1,33,6,3,0,0,0,0,0,9,1,5
3,1,9,0,1,0,0,0,0,0,0,2,1,6,1,16,4,1598,1,8,1,1,2,317386,176174,62,2,1,6,741,6,0,6,30,0,4,6,0,0,0,1,1,1,0,0,1,1,1,1,1,33,6,3,0,0,0,0,0,9,1,5
3,2,9,0,3,0,1,0,0,0,0,2,1,6,1,71,10,2354,1,8,1,2,3,368891,371530,7,3,2,6,130,3,530,6,60,6,4,6,0,0,0,1,1,1,0,0,2,1,1,1,1,33,6,3,0,0,0,0,0,9,1,5
3,1,9,0,18,0,0,2,0,1,9,4,1,6,1,73,10,1598,1,8,1,1,1,331942,196678,61,1,1,6,732,6,0,6,60,0,4,6,0,0,0,1,1,4,0,0,2,1,1,1,1,73,10,3,0,0,0,0,0,9,1,5
3,1,9,0,4,0,4,0,0,0,0,2,1,6,2,34,6,1995,2,4,1,1,2,499408,158096,45,2,1,5,518,6,7309,1,30,1,4,5,142,0,0,1,2,2,0,0,1,1,1,1,2,34,6,3,0,0,0,0,0,9,1,5
2,1,5,0,18,0,0,1,0,0,0,1,1,6,1,28,6,1402,1,12,1,2,1,408130,290690,20,1,2,3,300,3,4040,6,30,0,4,6,0,0,0,4,4,1,0,0,1,1,1,1,1,28,6,3,0,0,0,0,0,5,1,1
3,1,8,0,18,0,8,0,0,0,0,4,1,1,1,51,8,1791,8,4,1,1,2,551860,189440,1,2,1,7,15,3,118,6,30,3,4,6,0,0,0,1,1,2,0,0,1,2,1,1,1,51,8,3,0,0,0,0,0,8,1,2
3,1,8,0,5,0,8,0,0,0,0,3,1,1,1,37,7,1968,2,8,1,1,1,530620,180830,1,1,1,6,1,3,4,3,30,3,2,3,301,0,5,4,1,1,0,0,1,1,1,3,1,68,10,3,1,3,0,0,2,0,1,3
3,2,1,0,18,0,6,0,0,0,0,1,1,6,1,20,4,1598,1,8,1,1,2,462045,308928,33,2,1,3,362,6,3111,6,30,3,4,6,3174,0,0,1,1,1,0,0,1,2,1,1,1,20,4,3,0,0,0,0,0,1,1,5
3,2,1,0,18,0,8,0,0,0,0,1,1,2,1,40,7,1598,1,8,1,1,2,425822,559843,10,2,1,4,146,3,167,6,30,3,4,6,0,0,0,1,1,1,0,0,1,1,1,1,1,33,6,3,0,0,0,0,0,9,1,5
3,2,3,0,18,0,8,0,0,0,0,1,1,1,1,25,5,125,1,5,1,1,2,534210,181580,1,2,1,5,5,3,11,6,30,3,4,5,0,0,4,1,1,1,0,0,1,1,1,1,1,25,5,3,0,0,0,0,0,3,1,3
3,2,9,0,18,0,2,0,0,0,0,4,1,6,2,32,6,1200,1,2,1,2,2,378580,401970,6,2,2,4,107,3,666,6,30,9,4,6,0,0,0,1,1,1,0,0,1,1,1,1,2,32,6,3,0,0,0,0,0,9,1,1
3,2,9,0,18,0,1,0,0,0,0,1,1,1,1,52,8,1598,2,2,1,1,2,536450,149365,45,2,1,4,516,3,22,6,50,6,4,6,0,0,0,1,1,1,0,0,2,1,1,1,1,33,6,3,0,0,0,0,0,9,1,5
3,2,9,0,2,0,0,0,0,0,0,2,1,6,1,51,8,1995,2,12,1,1,2,437638,545415,11,2,1,1,169,3,182,6,30,0,4,6,0,0,0,4,1,1,0,0,1,1,1,1,1,33,6,3,0,0,0,0,0,9,1,5
3,2,9,0,3,0,0,0,0,0,0,2,1,6,2,31,6,1598,1,8,1,1,5,501653,186689,43,5,1,4,477,1,25,3,70,0,4,6,0,0,0,4,1,1,0,0,2,1,1,1,2,31,6,3,0,0,0,0,0,9,1,6
3,1,9,0,18,0,0,0,0,0,0,2,1,1,1,34,6,1968,2,4,1,3,2,407699,417063,13,2,3,6,203,1,62,3,70,0,4,6,0,0,0,1,1,1,0,0,2,1,2,2,2,53,8,3,0,0,2,0,0,9,1,7
3,1,9,0,4,0,0,0,0,0,0,1,1,6,1,46,8,1598,1,8,3,2,4,415930,277430,20,4,2,6,306,1,42,3,40,0,4,6,0,0,0,1,1,1,0,0,2,1,1,1,1,46,8,3,0,0,0,0,0,9,3,8
3,1,8,0,17,0,2,0,0,0,0,1,1,1,1,34,6,1598,2,1,1,1,1,622780,136260,46,1,1,4,539,3,2033,2,30,3,4,6,0,0,8,1,1,1,0,0,1,1,1,3,1,76,11,3,5,3,0,0,0,0,1,2
3,1,10,0,18,0,0,0,0,0,0,1,1,1,1,66,10,2198,2,1,3,2,3,311150,485660,3,3,2,2,63,3,595,6,60,0,4,6,0,0,0,1,1,1,0,0,2,1,1,1,1,66,10,3,0,0,0,0,0,10,3,4
3,1,9,0,9,0,8,0,0,0,0,3,1,6,1,53,8,1598,1,8,1,2,2,429833,108966,44,2,2,7,496,3,337,6,60,3,4,6,0,0,0,1,1,1,0,0,2,1,1,1,1,53,8,3,0,0,0,0,0,9,1,5
3,1,9,0,4,0,0,0,0,0,0,1,1,6,1,27,6,1598,1,12,1,6,3,535860,163680,1,3,6,7,20,3,212,6,30,0,4,6,0,0,0,1,1,1,0,0,1,1,3,2,2,33,6,3,0,0,2,0,0,9,1,5
3,1,1,0,16,0,0,0,0,0,0,3,1,6,1,28,6,1598,1,8,1,1,2,366680,294680,22,2,1,5,286,3,458,6,60,0,4,6,0,0,0,1,1,1,0,0,2,2,1,1,1,28,6,3,0,0,0,0,0,1,1,4
2,2,1,0,18,0,8,0,0,0,0,2,1,6,1,55,8,1598,1,8,1,1,2,434287,132551,44,2,1,5,501,6,0,6,30,3,4,6,0,0,0,1,1,1,0,0,2,2,1,1,1,55,8,2,0,0,0,0,0,1,1,7
3,2,9,0,7,0,6,0,0,0,0,3,1,6,1,25,5,1753,2,12,1,2,2,604425,295742,36,2,2,7,400,4,1077,6,30,3,4,3,11,0,0,1,1,1,0,0,1,1,2,2,2,24,5,3,0,0,1,0,0,9,1,9
3,1,8,0,9,0,8,0,0,0,0,1,1,1,1,37,7,1798,8,8,1,1,1,524650,180590,1,1,1,4,12,4,450,6,30,3,4,6,0,0,0,4,1,1,0,0,1,1,1,3,2,27,6,3,5,1,0,0,2,0,1,6
3,2,9,0,5,0,8,0,0,0,0,3,1,6,1,75,10,3456,8,3,1,1,2,443988,122056,44,2,1,7,491,6,0,6,30,6,4,6,0,0,0,1,1,1,0,0,1,1,1,1,1,75,10,3,0,0,0,0,0,9,1,10
3,2,5,0,4,0,0,0,0,0,0,2,1,6,1,26,6,998,1,10,1,1,2,531230,178420,1,2,1,6,9,3,23,6,30,0,4,6,0,0,0,1,1,1,0,0,1,1,1,1,1,33,6,3,0,0,0,0,0,9,1,5
3,2,9,0,18,0,0,0,0,0,0,0,1,6,2,34,6,1598,1,8,1,4,2,315389,209632,61,2,4,3,730,6,0,6,30,0,4,6,0,0,0,6,1,1,0,0,2,1,4,2,1,27,6,3,0,0,2,0,0,9,1,5
3,2,9,0,2,0,0,0,0,0,0,2,1,6,3,38,7,1997,2,10,1,1,4,459304,345712,31,4,1,5,343,6,0,6,30,0,4,6,0,0,0,4,1,2,0,0,1,1,1,1,1,33,6,3,0,0,0,0,0,9,1,5
3,2,9,0,18,0,1,0,0,0,0,4,1,6,1,54,8,1689,2,11,1,1,2,532730,181630,48,2,1,6,570,3,501,6,30,3,4,6,0,0,0,1,1,1,0,0,1,1,1,1,1,33,6,3,0,0,0,0,0,9,1,5
3,2,9,0,16,0,1,0,0,0,0,1,1,6,1,18,4,1597,1,18,2,3,2,509153,114637,47,2,3,5,562,6,0,6,30,3,4,6,0,0,0,1,2,2,0,0,2,1,3,2,1,17,4,3,0,0,1,0,0,9,2,4
3,2,9,0,13,0,0,0,0,0,0,0,1,6,1,44,7,1598,1,8,1,1,2,353450,226150,22,2,1,2,285,3,49,6,60,0,4,6,0,0,0,1,2,2,0,0,2,2,1,1,1,33,6,3,0,0,0,0,0,9,1,5
2,2,8,0,9,0,6,0,0,0,0,3,1,1,1,56,9,1598,1,8,2,1,2,424134,149528,54,2,1,2,635,3,3026,6,30,3,4,6,0,0,0,4,1,1,0,0,2,1,1,1,1,56,9,2,0,0,0,0,0,8,2,8
3,2,9,0,18,0,0,0,0,0,0,2,1,6,1,54,8,2496,2,13,3,1,2,509439,160618,45,2,1,6,510,3,3,6,30,0,4,6,0,0,0,1,1,1,0,0,2,1,1,1,1,33,6,3,0,0,0,0,0,9,1,5
3,2,9,0,3,0,1,0,0,0,0,2,1,2,1,33,6,2179,2,4,1,1,3,371619,354294,7,3,1,3,129,3,532,6,30,3,4,6,0,0,0,1,2,2,0,0,1,1,1,1,1,33,6,3,0,0,0,0,0,9,1,5
3,2,3,0,13,0,0,0,0,0,0,1,1,6,1,29,6,1598,1,8,1,1,2,531350,186890,1,2,1,3,3,3,1201,6,30,0,4,6,0,0,0,1,1,1,0,0,1,1,1,1,1,29,6,3,0,0,0,0,0,3,1,1
3,2,9,0,18,0,0,0,0,0,0,4,1,6,1,35,6,1560,2,9,1,1,2,335834,152631,52,2,1,7,607,1,5,3,70,0,4,6,0,0,0,1,1,1,0,0,2,1,1,1,1,33,6,3,0,0,0,0,0,9,1,5
3,2,3,0,5,0,8,0,0,0,0,4,1,1,1,32,6,125,1,6,1,1,2,530080,181300,1,2,1,2,2,3,40,2,30,6,2,3,401,0,5,1,1,1,0,0,1,1,1,1,1,32,6,3,0,0,0,0,0,3,1,1
3,1,9,0,18,0,7,0,0,0,0,1,1,5,1,63,9,2967,1,11,1,1,2,403834,273773,22,2,1,5,270,1,42,7,70,5,4,1,42,0,0,4,2,2,0,0,2,1,1,1,1,33,6,3,0,0,0,0,0,9,1,5
3,1,9,0,9,0,6,0,0,0,0,3,1,6,1,37,7,1598,1,8,1,1,2,578768,108831,47,2,1,3,552,3,259,6,30,3,4,6,0,0,0,4,1,1,0,0,1,1,1,1,1,33,6,3,0,0,0,0,0,9,1,5
2,1,9,0,7,0,8,0,0,0,0,1,1,6,2,17,4,1598,1,8,2,1,2,290342,191732,62,2,1,5,740,3,4064,6,30,3,4,6,0,0,0,1,1,1,0,0,2,1,1,1,1,33,6,3,0,0,0,0,0,9,1,5
3,1,9,0,4,0,0,0,0,0,0,1,1,1,1,45,7,2179,2,3,1,3,2,386556,257247,22,2,3,7,276,4,4550,6,30,0,4,6,0,0,8,1,1,1,0,0,1,1,1,1,1,33,6,3,0,0,0,0,0,9,1,5
3,2,1,0,18,0,8,0,0,0,0,3,1,1,1,34,6,1598,1,8,3,1,2,432060,435967,13,2,1,5,204,6,0,3,30,3,4,6,0,0,5,1,1,1,0,0,1,1,1,1,1,34,6,3,0,0,0,0,0,1,3,8
2,1,9,0,18,0,1,0,0,0,0,1,1,6,1,20,4,1388,1,11,2,1,2,354676,177895,52,2,1,3,601,4,4057,6,60,3,4,6,0,0,0,6,2,2,0,0,2,1,1,1,1,33,6,3,0,0,0,0,0,9,1,5
3,1,9,0,17,0,0,1,0,7,11,1,1,6,1,28,6,1796,1,10,1,1,1,560764,303136,36,1,1,2,407,6,0,2,30,0,4,6,0,0,0,4,2,2,0,0,1,1,1,1,1,28,6,3,0,0,0,0,0,9,1,1
2,1,9,0,14,0,8,0,0,0,0,4,1,6,1,38,7,1598,1,8,1,1,1,486966,276953,34,1,1,5,383,6,7034,6,30,3,4,6,7003,0,0,1,1,1,0,0,1,2,1,3,2,11,3,2,5,1,0,0,0,0,1,1
3,1,9,0,17,0,0,1,0,1,11,1,1,6,1,21,5,1598,1,8,1,1,1,240428,393563,60,1,1,7,720,3,5025,6,60,0,4,6,0,0,0,1,2,2,0,0,2,1,1,1,1,21,5,3,0,0,0,0,0,9,1,5