accident_severity,vehicle_reference,vehicle_type,towing_and_articulation,vehicle_manoeuvre,vehicle_location-restricted_lane,junction_location,skidding_and_overturning,hit_object_in_carriageway,vehicle_leaving_carriageway,hit_object_off_carriageway,1st_point_of_impact,was_vehicle_left_hand_drive?,journey_purpose_of_driver,sex_of_driver,age_of_driver,age_band_of_driver,engine_capacity_(cc),propulsion_code,age_of_vehicle,driver_home_area_type,NUmber_of_Casualities_unique_to_accident_index,No_of_Vehicles_involved_unique_to_accident_index,location_easting_osgr,location_northing_osgr,police_force,number_of_vehicles,number_of_casualties,day_of_week,local_authority_(district),1st_road_class,1st_road_number,road_type,speed_limit,junction_detail,junction_control,2nd_road_class,2nd_road_number,pedestrian_crossing-human_control,pedestrian_crossing-physical_facilities,light_conditions,weather_conditions,road_surface_conditions,special_conditions_at_site,carriageway_hazards,urban_or_rural_area,did_police_officer_attend_scene_of_accident,casualty_reference,casualty_class,sex_of_casualty,age_of_casualty,age_band_of_casualty,casualty_severity,pedestrian_location,pedestrian_movement,car_passenger,bus_or_coach_passenger,pedestrian_road_maintenance_worker,casualty_type,casualty_home_area_type,casualty_imd_decile
2,1,3,0,18,0,1,0,0,0,0,1,1,6,1,18,4,125,1,4,1,1,2,169657,42161,50,2,1,4,596,4,3300,6,30,3,4,6,0,0,0,1,1,1,0,0,1,2,1,1,1,18,4,2,0,0,0,0,0,3,1,4
2,2,9,0,3,0,0,0,0,0,0,2,1,6,1,51,8,1796,1,6,1,4,3,468587,249352,34,3,4,2,385,3,43,3,70,0,4,6,0,0,0,1,1,1,0,0,2,1,2,1,1,51,8,2,0,0,0,0,0,9,1,5
3,1,8,0,16,0,0,0,0,0,0,0,1,1,1,38,7,1598,1,8,1,1,1,350930,380380,7,1,1,1,124,6,0,6,30,0,4,6,0,0,0,7,7,1,0,0,1,2,1,2,1,26,6,3,0,0,2,0,0,8,1,1
3,2,9,0,13,0,1,0,0,0,0,1,1,6,1,54,8,2995,1,1,1,1,2,430580,328540,30,2,1,5,328,3,5132,6,50,8,4,6,0,0,0,6,1,1,0,0,2,1,1,1,1,33,6,3,0,0,0,0,0,9,1,5
3,2,3,0,18,0,0,0,0,1,4,2,1,6,1,29,6,125,1,8,1,1,2,466045,314801,33,2,1,1,362,3,607,6,50,0,4,6,0,0,0,6,7,1,0,0,2,1,1,1,1,29,6,3,0,0,0,0,0,3,1,8
3,2,9,0,17,0,8,0,0,0,0,3,1,6,1,52,8,1998,1,16,1,3,2,438650,370540,30,2,3,3,322,3,61,1,30,1,2,3,61,0,5,1,1,1,0,0,1,1,3,1,1,52,8,3,0,0,0,0,0,9,1,7
3,1,9,0,9,0,5,0,0,0,0,1,1,2,2,24,5,1390,1,6,1,1,3,519936,159814,45,3,1,5,38,3,24,6,30,3,4,6,0,0,0,1,2,2,0,0,1,1,1,1,2,24,5,3,0,0,0,0,0,9,1,9
3,1,9,0,9,0,8,0,0,0,0,3,1,1,1,45,7,1598,1,8,1,1,2,531100,165020,1,2,1,4,20,3,23,6,30,3,4,6,0,0,0,1,1,2,0,0,1,1,1,1,1,33,6,3,0,0,0,0,0,9,1,5
3,1,9,0,7,0,6,1,0,0,0,1,1,6,2,29,6,1198,1,10,1,4,2,460665,451309,12,2,4,7,189,6,0,6,30,3,4,6,0,0,8,1,2,2,0,0,1,1,1,1,1,33,6,3,0,0,0,0,0,9,1,5
3,1,8,0,18,0,0,0,10,7,2,1,1,6,1,46,8,2148,2,7,1,2,2,525820,174630,1,2,2,1,10,3,3,2,30,0,4,6,0,0,0,4,1,1,0,0,1,1,1,1,1,46,8,3,0,0,0,0,0,8,1,2
3,2,9,0,18,0,1,0,0,0,0,4,1,6,1,41,7,2616,1,12,1,1,2,462192,189054,43,2,1,7,484,3,4074,1,30,1,4,3,4130,0,0,4,1,1,0,0,2,1,1,1,1,33,6,3,0,0,0,0,0,9,1,5
3,1,9,0,12,0,0,0,0,0,0,3,1,6,2,18,4,998,1,3,1,2,3,459418,402784,14,3,2,1,211,3,638,3,40,0,4,6,0,0,0,4,5,2,0,0,2,2,1,1,2,18,4,3,0,0,0,0,0,9,1,3
3,1,9,0,18,0,1,0,0,0,0,1,1,2,1,50,8,1794,1,15,1,2,2,426728,557561,10,2,2,6,146,3,167,3,60,1,4,3,167,0,0,1,1,1,0,0,2,2,1,1,1,50,8,3,0,0,0,0,0,9,1,9
3,2,9,0,2,0,0,0,0,0,0,2,1,6,3,38,7,2982,2,12,1,1,3,414649,435783,13,3,1,1,200,6,0,6,30,0,4,6,0,0,0,1,1,1,0,0,1,1,1,1,1,33,6,3,0,0,0,0,0,9,1,5
3,1,9,0,9,0,6,0,0,0,0,1,1,6,1,17,4,999,1,14,1,3,2,398706,567501,10,2,3,2,139,3,68,6,60,3,4,6,8174,0,0,6,2,2,0,0,2,1,1,2,2,16,4,3,0,0,2,0,0,9,1,2
3,1,19,0,9,0,1,0,0,0,0,1,1,1,1,30,6,2461,2,5,1,1,3,334244,390505,5,3,1,3,91,3,57,2,30,3,4,6,0,0,0,1,1,1,0,0,1,1,1,1,1,33,6,3,0,0,0,0,0,9,1,5
2,1,9,0,17,0,0,0,0,0,0,1,1,6,2,72,10,1248,1,8,3,3,2,420770,350250,30,2,3,5,329,4,5035,6,30,0,4,6,0,0,0,1,2,2,0,0,2,1,1,1,2,72,10,2,0,0,0,0,0,9,3,5
3,2,9,0,18,0,0,0,0,0,0,1,1,6,2,28,6,1995,2,3,1,1,2,357648,398049,5,2,1,2,92,1,6,3,70,0,4,6,0,0,0,1,1,1,0,0,2,2,1,1,2,28,6,3,0,0,0,0,0,9,1,9
3,1,9,0,18,0,0,5,4,0,0,1,1,6,1,76,11,1560,2,1,1,4,3,559210,141420,46,3,4,3,543,5,389,2,30,0,4,6,0,0,0,1,1,1,0,0,1,1,1,1,1,76,11,3,0,0,0,0,0,9,1,2
2,1,9,0,18,0,8,0,0,1,0,3,1,6,2,34,6,1968,2,8,2,1,2,472697,152896,44,2,1,4,494,3,287,1,30,1,4,3,387,0,0,6,1,1,0,0,2,1,1,2,2,20,4,2,0,0,1,0,0,9,2,6
3,2,9,0,18,0,0,0,0,0,0,1,1,6,1,30,6,1598,1,8,3,1,3,652036,306083,36,3,1,2,402,3,12,3,50,0,4,6,0,0,0,4,1,1,0,0,1,1,1,2,2,35,6,3,0,0,1,0,0,9,3,5
3,2,5,0,18,0,0,5,0,0,0,1,1,6,1,30,6,599,1,10,1,2,2,387490,421660,4,2,2,6,82,3,6066,6,30,0,4,6,0,0,0,4,1,2,0,0,1,1,2,1,1,30,6,3,0,0,0,0,0,5,1,3
3,1,9,0,6,0,0,0,0,0,0,3,1,2,1,53,8,1560,2,5,1,1,2,431261,435015,13,2,1,5,204,3,58,6,30,0,4,6,0,0,0,1,1,1,0,0,1,1,1,1,1,33,6,3,0,0,0,0,0,9,1,5
3,4,9,0,4,0,0,0,0,0,0,2,1,6,2,73,10,998,1,2,1,4,4,436167,427561,13,4,4,7,204,3,642,6,40,0,4,6,0,0,0,1,2,2,0,6,2,1,1,1,1,33,6,3,0,0,0,0,0,9,1,5
3,2,21,1,2,0,2,0,0,0,0,3,1,1,1,46,8,12900,2,7,1,1,2,453151,345608,31,2,1,4,346,6,0,6,30,3,4,6,0,0,0,1,1,1,0,0,1,1,1,1,1,33,6,3,0,0,0,0,0,9,1,5
3,1,9,0,4,0,0,0,0,0,0,0,1,6,1,45,7,1995,2,8,1,1,2,528720,175580,1,2,1,2,9,6,0,6,30,0,4,6,0,0,0,1,1,1,0,0,1,1,1,1,1,33,6,3,0,0,0,0,0,9,1,5
3,2,11,0,18,2,2,1,0,1,0,0,1,1,1,32,6,1598,1,8,3,1,2,432552,433803,13,2,1,7,204,3,64,3,40,5,2,6,0,0,4,1,1,1,0,0,1,1,1,2,2,84,11,3,0,0,0,4,0,11,1,5
3,1,9,0,12,0,0,0,0,0,0,1,1,6,2,52,8,1598,1,8,1,1,2,330439,366906,60,2,1,6,724,3,494,3,50,0,4,6,0,0,0,1,1,1,0,0,2,1,1,1,1,33,6,3,0,0,0,0,0,9,1,5
3,2,3,0,18,0,8,0,0,0,0,1,1,2,1,22,5,124,1,2,2,1,2,478914,176083,43,2,1,5,475,3,3032,6,30,8,4,6,0,0,0,1,1,1,0,0,2,1,1,1,1,22,5,3,0,0,0,0,0,3,2,10
3,1,90,0,16,0,0,0,0,0,0,4,1,6,3,38,7,1598,1,8,1,1,1,486038,396272,32,1,1,5,356,3,159,6,60,0,4,6,0,0,0,1,2,2,0,0,2,1,1,3,1,26,6,3,8,7,0,0,0,0,2,10
3,1,9,0,18,0,1,0,0,0,0,2,1,6,1,58,9,1598,1,8,1,1,2,335220,393386,5,2,1,1,91,6,0,6,30,3,2,6,0,0,1,1,1,1,0,6,1,1,1,1,1,58,9,3,0,0,0,0,0,9,1,2
3,2,9,0,17,0,8,0,0,1,2,1,1,6,2,31,6,1598,1,8,3,1,2,315295,170934,62,2,1,1,741,3,4055,6,30,3,4,6,0,0,0,1,1,1,0,0,2,1,1,1,2,31,6,3,0,0,0,0,0,9,3,5
3,1,8,0,5,0,0,0,0,0,0,0,1,1,1,38,7,1598,1,8,1,1,1,561910,179314,42,1,1,7,462,6,0,6,30,0,4,6,0,0,0,4,1,1,0,0,1,2,1,2,2,49,8,3,0,0,2,0,0,8,1,3
3,1,9,0,14,0,0,0,0,0,0,1,1,6,1,67,10,1560,2,7,1,1,2,420596,440653,13,2,1,6,204,6,0,6,30,0,4,6,0,0,0,1,1,1,0,0,1,1,1,1,1,33,6,3,0,0,0,0,0,9,1,5
3,1,9,0,18,0,0,0,0,0,0,1,1,6,1,22,5,1968,2,6,1,1,2,393940,295140,20,2,1,7,309,3,463,3,50,0,4,6,0,0,0,1,1,1,0,0,1,2,1,1,1,22,5,3,0,0,0,0,0,9,1,1
3,1,9,0,11,0,0,1,0,0,0,2,1,6,3,38,7,1598,1,8,1,1,2,530212,139110,47,2,1,5,560,1,23,3,70,0,4,6,0,0,0,6,1,1,0,0,2,1,1,1,1,33,6,3,0,0,0,0,0,9,1,5
3,1,9,0,18,0,8,0,0,0,0,0,1,6,3,38,7,1598,1,8,1,1,2,461153,331261,31,2,1,4,347,6,0,6,30,3,4,6,0,0,0,1,1,1,0,0,2,2,1,1,1,33,6,3,0,0,0,0,0,9,1,5
3,1,9,0,18,0,0,0,0,0,0,4,1,6,1,32,6,1388,1,4,1,1,1,529590,175380,1,1,1,4,9,3,3,6,30,0,4,6,0,0,4,1,1,2,0,0,1,1,1,3,2,51,8,3,4,2,0,0,2,0,1,2
3,1,11,0,9,0,8,0,0,0,0,3,1,1,1,28,6,7300,2,9,1,2,2,534670,178260,1,2,2,5,8,3,2208,6,30,3,4,4,204,0,0,1,1,1,0,0,1,1,2,2,2,13,3,3,0,0,0,4,0,11,1,2
3,2,9,0,4,0,0,0,0,0,0,2,1,6,1,89,11,1398,1,2,1,2,3,517095,468263,16,3,2,5,231,3,165,6,30,0,4,6,0,0,0,1,1,1,0,0,1,1,1,2,2,81,11,3,0,0,2,0,0,9,1,3
3,1,9,0,18,0,1,0,0,0,0,1,1,6,2,76,11,1198,1,8,2,3,3,339894,366329,7,3,3,5,130,3,548,6,30,6,2,6,0,0,0,1,1,1,0,0,1,1,1,1,2,76,11,3,0,0,0,0,0,9,2,10
3,2,9,0,18,0,8,0,0,0,0,1,1,6,3,38,7,1598,1,8,1,1,2,545210,179710,1,2,1,5,6,3,2016,3,30,8,4,6,0,0,0,1,1,2,0,0,1,2,1,1,1,33,6,3,0,0,0,0,0,9,1,5
3,3,9,0,4,0,1,0,0,0,0,1,1,6,1,30,6,1896,2,6,1,2,3,390880,194873,53,3,2,6,621,3,433,6,60,3,4,5,272,0,0,1,1,1,0,0,2,1,1,1,1,30,6,3,0,0,0,0,0,9,1,7
2,1,9,0,18,0,0,0,0,0,0,1,1,6,2,65,9,1197,1,8,3,3,2,631170,312797,36,2,3,6,401,5,284,6,60,0,4,6,0,0,0,1,2,2,0,0,2,1,3,1,2,65,9,3,0,0,0,0,0,9,3,6
2,2,9,0,18,0,0,0,0,0,0,1,1,6,2,47,8,1299,1,10,1,3,2,430900,333400,30,2,3,6,323,6,0,6,60,0,4,6,0,0,0,1,8,1,0,0,2,1,2,1,2,47,8,3,0,0,0,0,0,9,1,5
3,1,9,0,18,0,2,0,0,0,0,1,1,6,2,44,7,1086,1,11,1,1,1,437255,387247,14,1,1,5,215,6,0,6,20,3,4,6,0,0,0,1,1,1,0,0,1,1,1,3,2,31,6,3,5,1,0,0,0,0,1,1
3,1,9,0,6,0,0,0,0,0,0,1,1,6,1,33,6,3246,1,13,1,1,2,536310,182440,1,2,1,1,5,3,11,6,30,0,4,6,0,0,0,4,1,1,0,0,1,1,1,1,1,33,6,3,0,0,0,0,0,9,1,5
3,2,11,0,16,0,0,0,0,0,0,0,1,1,3,45,7,12000,2,11,1,1,2,399264,253343,22,2,1,4,277,6,0,6,30,0,4,6,0,0,0,1,1,2,0,0,2,2,1,1,1,33,6,3,0,0,0,0,0,9,1,5
3,1,9,0,5,0,6,0,0,0,0,1,1,6,1,38,7,1910,2,7,1,1,2,460970,304922,33,2,1,6,364,6,526,6,30,3,4,6,528,0,0,1,2,2,0,0,1,1,1,1,1,33,6,3,0,0,0,0,0,9,1,5
3,2,8,0,18,0,8,0,0,0,0,1,1,1,1,65,9,1968,2,7,1,2,2,454175,305690,33,2,2,3,360,6,3202,6,30,8,4,6,6,0,0,1,2,2,0,0,1,1,2,2,1,84,11,3,0,0,1,0,0,8,1,5
3,2,9,0,4,0,1,0,0,0,0,2,1,6,1,42,7,1599,1,10,1,1,2,338930,559630,3,2,1,4,62,3,689,6,60,9,2,6,0,0,0,4,6,3,0,0,1,1,1,1,1,42,7,3,0,0,0,0,0,9,1,4
3,1,9,0,5,0,0,0,0,0,0,0,1,6,1,55,8,1299,1,12,1,1,2,259191,669404,97,2,1,2,926,6,0,6,30,0,4,6,0,0,0,1,1,1,0,0,1,2,1,1,1,33,6,3,0,0,0,0,0,9,1,5
3,1,11,0,5,0,1,0,0,0,0,0,1,1,1,55,8,7300,2,13,1,1,1,513160,184400,1,1,1,6,27,3,312,6,30,3,4,6,0,0,0,1,2,2,0,0,1,1,1,2,1,88,11,3,0,0,0,3,0,11,1,5
3,1,9,0,18,0,8,0,0,0,0,1,1,6,2,38,7,1995,2,10,1,1,2,534790,184150,1,2,1,6,4,6,0,6,30,6,4,6,0,0,0,1,1,1,0,0,1,1,1,1,1,33,6,3,0,0,0,0,0,9,1,5
3,1,10,0,18,0,0,0,0,0,0,1,1,6,1,25,5,1598,1,8,1,1,2,341700,480520,3,2,1,4,65,6,0,6,30,0,4,6,0,0,0,1,2,2,0,0,2,1,1,1,1,33,6,3,0,0,0,0,0,9,1,5
3,2,9,0,18,0,0,0,10,0,0,3,1,6,2,51,8,1598,1,8,1,1,2,518540,228480,41,2,1,3,433,4,656,6,30,0,4,6,0,0,0,4,1,1,0,0,2,1,1,1,2,51,8,3,0,0,0,0,0,9,1,6
3,1,9,0,9,0,8,0,0,0,0,3,1,6,1,34,6,2616,1,8,1,1,2,538440,173660,1,2,1,6,7,3,205,6,30,8,4,6,0,0,4,1,1,1,0,0,1,1,1,1,1,33,6,3,0,0,0,0,0,9,1,5
3,2,1,0,18,0,8,0,0,0,0,1,1,6,1,60,9,1598,1,8,1,1,2,374602,370254,7,2,1,7,129,3,50,6,50,6,4,5,322,0,0,1,1,1,0,0,2,1,1,1,1,60,9,3,0,0,0,0,0,1,1,4
3,2,1,0,18,4,1,0,0,0,0,1,1,2,2,21,5,1598,1,8,1,1,2,456857,452107,12,2,1,4,189,5,413,6,30,3,4,6,2510,0,0,1,1,1,0,0,1,2,1,1,2,21,5,3,0,0,0,0,0,1,1,9
3,1,19,0,12,0,0,0,0,0,0,3,1,6,1,54,8,1598,1,8,3,2,2,296611,91722,50,2,2,6,581,6,0,6,30,0,4,6,0,0,0,1,1,1,0,0,2,2,1,1,1,33,6,3,0,0,0,0,0,9,1,5
3,1,9,0,4,0,0,0,0,0,0,3,1,2,1,36,7,1686,2,8,1,1,1,562510,174020,46,1,1,1,535,4,2175,6,30,0,4,6,0,0,0,5,1,1,0,0,1,1,1,3,1,2,1,3,10,9,0,0,0,0,1,1
3,1,3,0,18,0,1,1,0,0,0,1,1,6,1,17,4,125,1,1,2,1,2,461825,448045,12,2,1,6,189,3,64,3,70,9,4,3,19,0,0,1,1,2,0,0,2,1,1,1,1,17,4,3,0,0,0,0,0,3,2,6
3,2,9,0,9,0,4,0,0,0,0,1,1,6,1,35,6,1390,1,9,1,2,2,375810,428320,4,2,2,6,75,6,0,1,30,1,4,6,0,0,0,1,9,1,0,0,1,1,2,2,1,27,6,3,0,0,1,0,0,9,2,2
3,2,9,0,3,0,4,0,0,0,0,2,1,6,3,38,7,1598,1,8,1,3,2,563813,189382,42,2,3,7,452,3,127,3,30,1,4,3,128,0,0,1,1,1,0,0,2,2,1,1,1,33,6,3,0,0,0,0,0,9,1,5
3,1,9,0,16,0,0,1,0,1,10,4,1,6,1,20,4,1995,2,14,2,2,1,502576,116735,47,1,2,5,562,3,29,6,30,0,4,6,0,0,0,6,1,2,0,0,2,1,1,1,1,20,4,3,0,0,0,0,0,9,2,5
3,2,3,0,18,0,0,0,0,0,0,1,1,6,1,18,4,125,1,8,2,1,2,357994,188836,52,2,1,2,612,4,4461,6,60,0,4,6,0,0,0,1,1,1,0,0,2,1,1,1,1,18,4,3,0,0,0,0,0,3,2,5
3,1,9,0,9,0,8,0,0,0,0,1,1,6,3,38,7,1598,1,8,1,1,2,484182,164173,43,2,1,1,470,4,3348,1,30,2,4,6,7003,0,0,4,1,2,0,0,1,1,1,1,1,33,6,3,0,0,0,0,0,9,1,5
3,1,9,0,18,0,8,0,0,0,0,0,1,6,3,38,7,1598,1,8,1,1,2,436574,566888,10,2,1,1,149,3,1018,6,30,7,2,3,183,0,4,1,1,1,0,0,1,1,1,1,1,33,6,3,0,0,0,0,0,9,1,5
3,1,9,0,4,0,8,0,0,0,0,2,1,6,1,43,7,1598,1,8,1,1,2,536500,175890,1,2,1,4,7,4,218,6,30,2,4,4,2142,0,0,1,2,2,0,0,1,2,1,1,1,43,7,3,0,0,0,0,0,9,1,2
2,1,9,0,18,0,0,0,0,0,0,1,1,6,1,55,8,1598,1,8,1,1,1,383723,218356,53,1,1,2,623,3,430,3,30,0,4,6,0,0,4,4,1,1,0,0,1,1,1,3,1,73,10,2,1,1,0,0,0,0,1,4
3,2,1,0,18,0,0,0,0,1,11,3,1,6,1,61,9,1598,1,8,1,1,2,351706,192344,61,2,1,6,732,3,48,6,40,0,4,6,0,0,0,1,2,2,0,0,2,1,1,1,1,61,9,3,0,0,0,0,0,1,1,5
3,1,9,0,9,0,8,0,0,0,0,3,1,6,2,28,6,1896,2,12,1,1,2,315180,672770,95,2,1,7,923,6,0,6,60,8,4,6,0,0,0,1,1,1,0,0,2,1,1,1,1,33,6,3,0,0,0,0,0,9,1,5
3,1,19,0,4,0,0,0,0,0,0,1,1,6,3,38,7,1598,2,8,1,1,2,439673,557337,10,2,1,1,150,3,1018,3,30,0,4,6,0,0,0,4,4,2,0,0,1,2,1,1,1,33,6,3,0,0,0,0,0,9,1,5
3,1,9,0,18,0,1,1,0,0,0,1,1,6,1,38,7,1994,1,21,1,1,2,431940,282380,20,2,1,5,302,6,0,6,30,3,4,6,0,0,0,1,1,1,0,0,1,1,1,1,1,33,6,3,0,0,0,0,0,9,1,5
3,2,9,0,7,0,8,0,0,0,0,3,1,6,1,46,8,1598,1,8,1,2,2,545240,164140,1,2,2,2,19,4,2158,1,30,1,4,5,0,0,0,1,1,1,0,0,1,1,2,1,1,46,8,3,0,0,0,0,0,9,1,7
3,3,9,0,2,0,2,0,4,0,0,2,1,6,2,63,9,1390,1,3,1,1,3,487282,154192,44,3,1,5,499,6,0,6,30,1,4,6,0,0,0,1,2,2,0,0,1,1,1,1,1,33,6,3,0,0,0,0,0,9,1,5
3,1,9,0,18,0,0,2,10,7,4,1,1,6,1,18,4,2198,1,13,1,1,1,341300,375236,7,1,1,1,130,5,0,6,30,0,4,6,0,0,0,4,1,1,0,0,1,1,1,1,1,18,4,3,0,0,0,0,0,9,1,2
3,2,9,0,18,0,8,1,0,1,0,4,1,6,2,27,6,1598,1,8,1,1,2,570225,189900,42,2,1,3,450,6,0,6,40,1,4,6,0,0,0,4,1,1,0,0,1,1,1,1,2,27,6,3,0,0,0,0,0,9,1,2
2,2,9,0,18,0,8,0,0,0,0,3,1,1,1,60,9,1598,1,8,1,1,2,472572,153066,44,2,1,3,494,1,3,3,70,1,4,3,287,0,0,1,1,1,0,0,2,1,1,1,1,33,6,3,0,0,0,0,0,9,1,5
3,1,9,0,7,0,8,0,0,0,0,1,1,1,2,62,9,1246,1,8,3,1,1,279701,691379,96,1,1,5,939,6,0,6,30,6,2,3,9,0,5,1,1,1,0,0,1,2,1,3,1,42,7,3,4,1,0,0,0,0,1,5
2,1,9,0,1,9,8,0,0,0,0,2,1,6,2,47,8,1598,1,7,3,1,1,486365,219615,43,1,1,4,476,6,1501,6,30,8,4,6,1501,0,0,7,1,1,0,0,2,1,1,3,2,70,10,2,6,9,0,0,0,0,3,6
3,2,19,0,9,0,1,0,0,0,0,3,1,6,3,38,7,1598,1,8,1,1,2,519970,190650,1,2,1,1,30,3,5,6,30,3,4,6,0,0,8,1,1,1,0,0,1,1,1,1,1,33,6,3,0,0,0,0,0,9,1,5
3,3,9,0,2,0,2,0,0,0,0,2,1,6,3,38,7,1598,2,4,1,2,3,535939,201782,41,3,2,6,430,4,176,6,30,3,4,6,137,0,0,5,1,2,0,0,1,1,1,1,1,33,6,3,0,0,0,0,0,9,1,5
3,2,9,0,18,0,8,0,0,0,0,1,1,6,3,38,7,1598,1,8,1,1,2,528675,409432,16,2,1,5,233,6,0,1,30,1,4,6,0,0,0,4,1,1,0,0,1,2,1,1,1,33,6,3,0,0,0,0,0,9,1,5
3,1,5,0,13,0,8,0,0,0,0,1,1,6,1,23,5,675,1,3,1,1,2,474341,260281,34,2,1,5,384,6,8391,6,30,9,4,5,0,0,0,1,1,1,0,0,1,1,1,1,1,23,5,3,0,0,0,0,0,5,1,1
2,2,1,0,18,0,1,0,0,0,0,3,1,1,1,37,7,1598,1,8,1,1,2,497267,179128,43,2,1,2,473,3,332,6,30,3,2,6,7302,0,5,1,1,1,0,0,1,2,1,1,1,37,7,2,0,0,0,0,0,1,1,4
3,2,9,0,10,0,1,0,0,0,0,2,1,2,2,39,7,1598,1,8,1,1,2,387990,254970,22,2,1,5,276,4,4638,6,30,1,4,4,4636,0,0,1,1,1,0,0,2,2,1,1,2,39,7,3,0,0,0,0,0,9,1,9
3,2,1,0,18,0,0,0,0,0,0,4,1,6,1,52,8,1598,1,8,1,1,2,391170,301650,20,2,1,2,309,3,449,3,40,0,4,6,0,0,0,4,1,2,0,0,1,1,1,1,1,52,8,3,0,0,0,0,0,1,1,9
3,2,21,1,18,0,8,0,0,0,0,1,1,1,1,48,8,1598,1,8,1,1,2,416576,430299,13,2,1,5,200,3,6177,1,30,1,2,3,6036,0,0,1,1,2,0,0,1,1,1,1,1,33,6,3,0,0,0,0,0,9,1,5
3,1,19,0,1,0,0,0,0,0,0,2,1,6,1,38,7,1598,1,8,1,1,1,458452,455250,12,1,1,4,189,6,2741,6,30,0,4,6,0,0,0,1,1,1,0,0,1,1,1,3,1,15,3,3,10,9,0,0,0,0,1,3
3,1,9,0,11,0,0,0,0,0,0,3,1,1,1,29,6,1582,2,2,1,1,1,517340,180620,1,1,1,7,27,3,4020,6,30,0,4,6,0,0,0,4,1,2,0,0,1,1,1,3,1,38,7,3,5,3,0,0,2,0,1,5
3,1,21,1,9,0,8,5,0,1,0,4,1,1,1,50,8,12580,2,10,1,1,1,396388,340548,21,1,1,6,256,3,50,1,60,1,4,3,521,0,0,1,1,2,0,0,2,2,1,1,1,50,8,3,0,0,0,0,0,21,1,8
3,1,9,0,12,0,8,0,0,0,0,3,1,6,1,36,7,1995,2,11,1,1,2,508054,226420,40,2,1,1,421,3,6,1,40,1,4,6,0,0,8,1,1,1,0,0,1,1,1,1,1,33,6,3,0,0,0,0,0,9,1,5
3,1,21,1,18,0,1,5,0,1,9,4,1,1,1,61,9,12777,2,5,1,1,1,530659,340901,32,1,1,5,350,4,1391,6,40,3,4,6,0,0,0,1,1,1,0,0,2,1,1,1,1,61,9,3,0,0,0,0,0,21,1,6
3,2,9,0,18,0,1,0,0,0,0,3,1,6,1,87,11,1598,1,8,2,2,2,305640,261370,63,2,2,5,753,6,0,6,30,3,4,6,0,0,0,1,2,2,0,0,2,1,1,1,1,87,11,3,0,0,0,0,0,9,2,5
3,1,2,0,17,0,0,0,0,1,10,1,1,6,1,44,7,1598,1,8,1,1,1,320240,670790,95,1,1,3,923,6,0,6,30,0,4,6,0,0,0,1,1,1,0,0,1,1,1,1,1,44,7,3,0,0,0,0,0,2,1,5
3,1,5,0,17,0,0,0,0,0,0,1,1,5,1,43,7,1164,1,9,1,1,2,394788,359848,21,2,1,2,256,3,523,6,60,0,4,6,0,0,0,1,1,1,0,0,2,2,1,1,1,43,7,3,0,0,0,0,0,5,1,7
3,1,9,0,9,0,6,0,0,0,0,3,1,6,2,84,11,1339,1,10,3,1,2,205218,760942,91,2,1,5,927,3,82,6,60,8,4,6,0,0,0,1,1,1,0,0,2,1,1,1,2,84,11,3,0,0,0,0,0,9,3,5
3,1,9,0,5,0,0,0,0,0,0,0,1,1,1,91,11,1299,1,14,1,1,2,376890,388770,6,2,1,4,112,6,0,6,30,0,4,6,0,0,0,1,1,1,0,0,1,1,1,1,1,91,11,3,0,0,0,0,0,9,1,9
3,2,9,0,2,0,0,0,0,0,0,3,1,6,1,71,10,2231,2,6,1,1,2,447880,168623,43,2,1,3,471,6,7144,6,30,0,4,6,0,0,0,6,1,2,0,0,1,1,1,1,1,33,6,3,0,0,0,0,0,9,1,5
3,1,9,0,18,0,0,0,0,0,0,1,1,6,1,19,4,1598,1,8,1,5,3,586045,309872,36,3,5,7,400,3,47,6,60,0,4,6,0,0,0,1,1,1,0,0,2,1,2,2,2,19,4,3,0,0,1,0,0,9,1,5
3,3,9,0,18,0,1,0,0,0,0,4,1,6,1,52,8,1968,2,1,3,1,3,254627,621902,97,3,1,6,919,4,7036,6,30,3,4,6,0,0,0,1,5,2,0,0,2,2,1,1,1,33,6,3,0,0,0,0,0,9,1,5
1,2,9,0,18,0,8,0,0,1,4,3,1,2,1,59,9,1686,2,12,3,2,3,368893,371534,7,3,2,2,130,3,530,6,60,6,4,6,0,0,0,1,1,2,0,0,2,1,1,1,1,59,9,1,0,0,0,0,0,9,3,9
2,3,9,0,18,0,0,0,0,0,0,1,1,6,1,34,6,2143,2,5,1,1,3,430526,454016,12,3,1,1,182,3,61,6,30,0,4,6,0,0,0,1,2,2,0,0,1,1,1,1,1,33,6,3,0,0,0,0,0,9,1,5
1,1,19,0,18,0,0,0,0,0,0,1,1,2,1,33,6,2402,2,12,1,1,1,548266,386737,32,1,1,6,351,3,1031,6,50,0,4,6,0,0,0,4,1,1,0,0,2,1,1,3,1,14,3,1,9,8,0,0,0,0,3,6
2,1,9,0,11,0,0,0,0,0,0,0,1,6,1,55,8,1997,2,7,1,1,2,557590,258670,35,2,1,7,391,3,11,3,70,0,4,6,0,0,0,1,1,1,0,0,2,1,1,1,1,33,6,3,0,0,0,0,0,9,1,5