accident_severity,vehicle_reference,vehicle_type,towing_and_articulation,vehicle_manoeuvre,vehicle_location-restricted_lane,junction_location,skidding_and_overturning,hit_object_in_carriageway,vehicle_leaving_carriageway,hit_object_off_carriageway,1st_point_of_impact,was_vehicle_left_hand_drive?,journey_purpose_of_driver,sex_of_driver,age_of_driver,age_band_of_driver,engine_capacity_(cc),propulsion_code,age_of_vehicle,driver_home_area_type,NUmber_of_Casualities_unique_to_accident_index,No_of_Vehicles_involved_unique_to_accident_index,location_easting_osgr,location_northing_osgr,police_force,number_of_vehicles,number_of_casualties,day_of_week,local_authority_(district),1st_road_class,1st_road_number,road_type,speed_limit,junction_detail,junction_control,2nd_road_class,2nd_road_number,pedestrian_crossing-human_control,pedestrian_crossing-physical_facilities,light_conditions,weather_conditions,road_surface_conditions,special_conditions_at_site,carriageway_hazards,urban_or_rural_area,did_police_officer_attend_scene_of_accident,casualty_reference,casualty_class,sex_of_casualty,age_of_casualty,age_band_of_casualty,casualty_severity,pedestrian_location,pedestrian_movement,car_passenger,bus_or_coach_passenger,pedestrian_road_maintenance_worker,casualty_type,casualty_home_area_type,casualty_imd_decile
2,4,9,0,2,0,0,0,0,0,0,2,1,6,3,38,7,1299,1,13,1,5,4,333356,384105,5,4,5,5,95,4,5136,6,30,0,4,6,0,0,4,1,1,1,0,0,1,1,4,2,2,88,11,3,0,0,1,0,0,9,1,5
3,1,9,0,18,0,0,0,0,7,4,1,1,6,2,69,10,3456,8,8,1,1,1,233734,700780,97,1,1,3,913,3,82,6,60,0,4,6,0,0,0,6,1,1,0,0,2,1,1,1,2,69,10,3,0,0,0,0,0,9,1,5
3,1,9,0,2,0,0,0,0,0,0,0,1,6,2,38,7,2790,1,8,1,1,1,517760,294730,35,1,1,1,394,6,0,6,30,0,4,6,0,0,0,1,1,1,0,0,2,1,1,3,2,37,7,3,6,5,0,0,0,0,3,4
3,2,9,0,3,0,1,0,0,0,0,2,1,6,2,60,9,1988,1,15,1,3,2,455158,345107,31,2,3,4,346,3,611,6,40,3,2,6,0,0,5,1,1,1,0,0,1,1,1,1,2,60,9,3,0,0,0,0,0,9,1,4
3,2,9,0,18,0,4,0,0,0,0,3,1,6,1,38,7,1598,1,8,1,1,2,388903,144816,54,2,1,3,635,5,10,1,30,2,4,6,0,0,0,4,1,1,0,0,2,2,1,1,1,33,6,3,0,0,0,0,0,9,1,5
3,2,9,0,9,0,6,0,0,0,0,1,1,6,2,28,6,1988,1,14,1,1,3,496301,180216,43,3,1,5,473,3,4,6,30,3,4,6,7302,0,0,4,2,2,0,0,1,1,1,1,1,33,6,3,0,0,0,0,0,9,1,5
3,1,9,0,6,6,0,0,0,0,0,1,1,6,1,77,11,1598,2,3,3,1,2,643436,290979,37,2,1,6,416,3,146,6,60,0,4,6,0,0,0,1,1,1,0,0,2,1,1,1,1,33,6,3,0,0,0,0,0,9,1,5
3,3,5,0,5,0,0,1,0,0,0,1,1,1,1,43,7,599,1,8,1,1,3,505034,428718,16,3,1,5,228,4,1231,3,30,0,4,6,0,0,0,1,1,1,0,0,1,1,1,1,1,43,7,3,0,0,0,0,0,5,1,7
3,1,9,0,18,0,0,2,0,1,4,4,1,6,1,34,6,1796,1,12,1,2,1,473129,121347,44,1,2,6,497,3,3,3,70,0,4,6,0,0,0,1,1,1,0,0,2,1,1,2,1,29,6,3,0,0,1,0,0,9,1,5
2,1,9,0,18,0,0,0,0,0,0,1,1,2,1,43,7,1998,1,9,1,1,2,468468,152237,44,2,1,2,490,1,3,3,70,0,4,6,0,0,0,1,1,1,0,0,2,1,1,1,1,43,7,2,0,0,0,0,0,9,1,6
3,1,8,0,3,0,8,0,0,0,0,4,1,1,1,42,7,2499,2,4,1,1,2,529010,181210,1,2,1,6,1,3,4201,6,30,6,2,3,40,0,5,1,1,1,0,0,1,1,1,1,1,33,6,3,0,0,0,0,0,9,1,5
3,1,9,0,18,0,1,0,0,1,0,1,1,6,3,21,5,1598,1,8,1,1,2,487986,410565,16,2,1,6,232,3,18,6,40,3,4,6,0,0,8,4,1,2,0,0,2,1,1,1,1,33,6,3,0,0,0,0,0,9,1,5
3,1,3,0,4,0,4,1,0,0,0,0,1,6,1,28,6,125,1,8,1,1,2,407295,93817,55,2,1,3,643,3,3049,6,30,1,4,5,0,0,0,1,8,2,0,0,1,1,1,1,1,28,6,3,0,0,0,0,0,3,1,5
3,2,4,0,18,0,0,0,0,0,0,2,1,2,1,41,7,244,1,9,1,1,2,531182,151922,45,2,1,2,516,1,23,3,70,0,4,6,0,0,0,1,1,1,0,0,2,1,1,1,1,41,7,3,0,0,0,0,0,4,1,8
2,1,19,0,18,0,0,1,0,7,0,4,1,1,1,54,8,1598,1,8,1,4,2,490983,333592,32,2,4,2,355,5,424,6,60,0,4,6,0,0,0,1,2,2,0,0,2,1,1,1,1,54,8,3,0,0,0,0,0,19,1,3
2,1,9,0,9,0,1,0,0,0,0,3,1,2,1,50,8,1598,1,2,1,1,2,529500,184610,1,2,1,6,2,3,503,6,30,3,4,6,0,0,4,4,1,1,0,0,1,1,1,1,1,33,6,3,0,0,0,0,0,9,1,5
3,1,9,0,18,0,0,1,11,0,0,1,1,6,1,56,9,1598,1,8,3,1,5,246452,672573,97,5,1,6,916,3,898,3,50,0,4,6,0,0,0,4,3,4,0,3,1,2,1,1,1,33,6,3,0,0,0,0,0,9,1,5
3,2,9,0,18,0,8,0,0,0,0,1,1,6,1,28,6,1968,2,8,1,2,2,336392,390485,5,2,2,3,91,3,5047,3,30,6,2,6,0,0,0,4,1,1,0,0,1,1,2,1,1,28,6,3,0,0,0,0,0,9,1,5
3,2,9,0,18,0,1,0,0,0,0,3,1,6,1,17,4,1598,1,8,2,2,2,621090,136570,46,2,2,1,539,3,2034,6,30,6,4,6,0,0,0,4,1,2,0,0,1,1,1,1,1,17,4,3,0,0,0,0,0,9,2,7
3,1,9,0,9,0,8,0,0,0,0,1,1,6,1,48,8,1598,1,8,1,1,2,530540,186690,1,2,1,1,3,5,0,6,30,6,4,6,0,0,0,4,1,1,0,0,1,1,1,1,1,33,6,3,0,0,0,0,0,9,1,5
3,1,9,0,4,0,2,0,0,0,0,2,1,6,1,38,7,1598,1,8,1,1,2,543920,178930,1,2,1,6,6,3,206,6,30,3,4,6,0,0,0,1,1,1,0,0,1,1,1,1,1,38,7,3,0,0,0,0,0,9,1,3
3,2,9,0,18,0,8,0,0,0,0,4,1,6,2,33,6,1364,1,6,1,1,2,371130,425310,4,2,1,1,70,6,0,6,40,3,4,6,0,0,0,4,1,1,0,0,2,1,1,1,1,33,6,3,0,0,0,0,0,9,1,5
3,2,1,0,16,0,0,0,8,0,0,1,1,6,1,57,9,1598,1,8,1,1,2,384680,256280,22,2,1,3,276,6,0,6,30,0,4,6,0,0,0,1,1,1,0,0,1,1,1,1,1,57,9,3,0,0,0,0,0,1,1,9
3,1,9,0,5,8,6,0,0,0,0,1,1,6,2,19,4,1388,1,11,1,4,2,487219,512061,12,2,4,3,186,3,174,6,60,3,4,6,0,0,0,6,1,2,0,0,2,1,3,2,1,22,5,3,0,0,1,0,0,9,1,8
3,2,9,0,18,0,0,0,0,0,0,1,1,1,2,45,7,1968,2,5,1,3,3,434131,572873,10,3,3,2,148,3,1148,6,30,0,4,6,0,0,0,1,1,1,0,0,1,1,2,1,2,45,7,3,0,0,0,0,0,9,1,10
3,1,9,0,16,0,0,1,0,0,0,1,1,2,1,49,8,1910,2,9,3,1,2,352367,354534,7,2,1,2,129,5,515,6,60,0,4,6,0,0,0,1,2,2,0,0,2,1,1,1,1,33,6,3,0,0,0,0,0,9,1,5
3,2,9,0,4,0,0,0,0,0,0,1,1,6,1,33,6,1753,2,8,1,2,2,531820,188340,1,2,2,4,31,3,105,6,30,0,4,6,0,0,4,1,1,1,0,0,1,1,1,1,1,33,6,3,0,0,0,0,0,9,1,5
3,3,9,0,4,0,0,0,0,0,0,1,1,6,1,39,7,1396,1,11,1,5,3,443017,388980,14,3,5,7,213,3,630,3,70,0,4,6,0,0,0,4,1,2,0,0,2,1,5,2,2,37,7,3,0,0,1,0,0,9,1,3
3,2,9,0,17,0,4,0,0,0,0,1,1,6,1,23,5,1896,2,9,1,1,2,408650,286110,20,2,1,1,300,3,45,1,30,1,4,3,4540,0,0,1,1,1,0,0,1,1,1,1,1,33,6,3,0,0,0,0,0,9,1,5
3,1,9,0,18,0,3,0,0,0,0,4,1,6,1,21,5,1797,8,6,1,1,1,533490,178450,1,1,1,5,8,3,2,6,30,3,4,6,0,0,0,4,1,1,0,0,1,1,1,3,2,29,6,3,5,1,0,0,2,0,1,5
2,2,4,0,18,0,1,1,0,0,0,1,1,1,1,21,5,498,1,19,1,1,2,551682,239440,42,2,1,3,463,4,1383,6,30,3,4,6,0,0,0,1,4,2,0,0,2,1,1,1,1,21,5,2,0,0,0,0,0,4,1,5
3,1,8,0,18,0,0,1,0,0,0,4,1,1,1,49,8,1896,2,10,1,1,3,523476,223252,41,3,1,4,435,3,1072,3,40,0,4,6,0,0,0,4,1,1,0,0,1,1,1,2,2,22,5,3,0,0,1,0,0,8,1,1
3,1,9,0,3,0,1,0,0,0,0,4,1,1,1,28,6,2268,2,2,1,1,2,384559,204679,53,2,1,7,624,5,267,6,30,3,4,6,7573,0,0,4,1,1,0,0,1,1,1,2,1,29,6,3,0,0,1,0,0,9,1,1
2,1,9,0,18,0,0,0,0,0,0,1,1,6,1,28,6,1388,1,18,1,1,1,442587,113786,44,1,1,1,500,6,0,6,30,0,4,6,0,0,0,4,1,1,0,0,1,1,1,3,2,20,4,2,5,4,0,0,0,0,1,4
2,1,9,0,9,0,8,0,0,0,0,4,1,6,1,41,7,1895,1,16,1,1,2,247262,59772,50,2,1,5,583,6,0,6,30,3,4,6,0,0,8,4,1,1,0,0,1,1,1,1,1,33,6,3,0,0,0,0,0,9,1,5
1,1,9,0,17,0,0,1,0,7,0,4,1,6,1,22,5,1896,2,10,3,8,2,446576,272914,23,2,8,1,292,4,4642,6,40,0,4,6,0,0,0,1,1,2,0,0,2,1,3,2,2,5,1,1,0,0,2,0,0,9,3,9
3,2,9,0,7,0,1,0,0,1,10,2,1,6,2,52,8,1339,1,9,1,2,2,495573,427128,16,2,2,1,231,3,63,6,60,3,4,6,0,0,0,1,1,1,0,0,2,1,1,1,2,52,8,3,0,0,0,0,0,9,1,4
3,1,9,0,18,0,4,5,0,1,0,1,1,6,1,35,6,1461,2,5,1,1,1,245181,641667,97,1,1,5,919,3,77,1,60,1,4,4,7038,0,0,4,1,1,4,0,2,1,1,1,1,35,6,3,0,0,0,0,0,9,1,5
3,1,9,0,18,0,0,1,0,0,0,1,1,3,1,28,6,1998,2,9,1,1,2,583779,216403,42,2,1,2,451,3,12,3,70,0,4,6,0,0,0,1,1,1,0,0,2,1,1,1,1,33,6,3,0,0,0,0,0,9,1,5
3,1,11,0,4,0,1,0,0,0,0,0,1,1,2,40,7,1598,1,8,1,1,1,529390,171820,1,1,1,6,10,3,214,6,30,3,4,6,0,0,0,1,1,1,0,0,1,1,1,2,2,60,9,3,0,0,0,3,0,11,1,5
3,2,9,0,3,0,7,0,0,0,0,2,1,6,1,48,8,2480,1,17,1,2,2,551220,220917,42,2,2,7,463,1,11,7,70,5,4,6,0,0,0,1,1,1,0,0,2,1,2,1,1,48,8,3,0,0,0,0,0,9,1,10
2,1,9,0,9,0,6,0,0,0,0,1,1,2,2,54,8,1398,1,1,1,1,1,430670,334160,30,1,1,6,323,6,0,6,30,3,4,6,0,0,0,1,1,1,0,0,1,1,1,3,2,40,7,2,5,1,0,0,0,0,1,5
3,1,5,0,16,0,0,0,0,7,9,0,1,6,1,48,8,1157,1,14,1,1,1,465922,443387,12,1,1,6,189,5,303,6,60,0,4,6,0,0,0,1,1,1,0,0,2,1,1,1,1,48,8,3,0,0,0,0,0,5,1,4
3,1,19,0,18,0,8,0,0,0,0,3,1,1,1,23,5,1997,2,7,1,1,2,527340,182620,1,2,1,3,1,3,41,6,30,9,2,6,0,0,5,1,2,2,0,0,1,1,1,1,1,23,5,3,0,0,0,0,0,19,1,3
1,1,9,0,18,0,8,0,0,0,0,1,1,6,2,97,11,1296,1,20,1,2,2,516560,300050,35,2,2,3,394,3,47,3,70,5,4,3,47,0,0,1,1,1,0,0,1,1,1,1,2,97,11,1,0,0,0,0,0,9,1,3
2,2,9,0,2,9,2,0,0,0,0,1,1,6,1,58,9,1229,1,2,1,1,5,289583,680229,96,5,1,1,924,3,904,6,30,3,4,6,0,0,0,4,1,1,0,0,1,1,1,1,1,33,6,3,0,0,0,0,0,9,1,5
3,2,8,0,10,0,1,0,0,0,0,2,1,6,1,57,9,1910,2,7,1,1,2,388380,396150,6,2,1,4,102,5,0,6,30,6,2,3,57,0,5,1,2,2,0,0,1,2,1,1,1,57,9,3,0,0,0,0,0,8,1,6
2,1,9,0,18,0,0,0,0,7,0,1,1,6,1,65,9,1799,1,4,1,1,2,490060,266539,34,2,1,1,386,3,509,6,40,0,4,6,0,0,0,4,1,1,0,0,2,1,1,2,2,64,9,2,0,0,2,0,0,9,1,5
3,1,9,0,9,0,6,0,0,3,0,3,1,6,1,86,11,998,1,20,1,1,2,251387,66043,50,2,1,6,589,3,386,6,60,3,4,6,0,1,0,1,1,1,0,0,2,1,1,1,1,86,11,3,0,0,0,0,0,9,1,9
3,3,9,0,3,0,0,0,0,0,0,2,1,6,1,33,6,1968,2,6,1,2,3,377890,350870,21,3,2,1,253,1,6,3,70,0,4,6,0,0,0,1,2,2,0,0,2,1,1,1,1,33,6,3,0,0,0,0,0,9,1,5
2,2,9,0,9,0,8,1,0,0,0,3,1,6,1,82,11,1339,1,3,1,1,2,329434,406591,5,2,1,2,93,6,0,6,30,3,4,6,0,0,0,4,1,1,0,0,1,1,1,1,1,82,11,2,0,0,0,0,0,9,1,7
3,2,8,0,18,0,1,0,0,0,0,1,1,1,1,48,8,2402,2,10,1,1,2,529980,182300,1,2,1,1,2,5,0,6,30,6,2,3,4200,0,5,1,1,1,0,0,1,1,1,1,1,33,6,3,0,0,0,0,0,9,1,5
3,2,5,0,13,0,0,0,0,0,0,1,1,6,1,44,7,599,1,12,1,1,2,523540,181010,1,2,1,5,11,3,3220,3,50,0,4,6,0,0,0,4,1,1,0,0,1,1,1,1,1,44,7,3,0,0,0,0,0,5,1,8
3,2,9,0,3,0,1,0,0,0,0,2,1,6,1,38,7,1596,1,5,1,1,3,535470,173030,1,3,1,2,7,3,205,6,30,3,2,4,227,0,5,4,2,2,0,0,1,2,1,1,1,33,6,3,0,0,0,0,0,9,1,5
3,1,9,0,9,0,2,0,0,0,0,1,1,6,1,26,6,1595,1,9,1,2,1,540730,178260,1,1,2,5,6,6,0,6,30,3,4,6,0,0,0,1,1,1,0,0,1,1,2,3,2,6,2,3,5,3,0,0,2,0,1,5
3,1,9,0,18,0,0,0,0,1,4,4,1,6,1,35,6,1560,2,8,1,1,1,580695,278861,37,1,1,3,411,3,11,3,70,0,4,6,0,0,0,1,4,2,0,0,2,1,1,1,1,35,6,3,0,0,0,0,0,9,1,4
3,2,9,0,18,0,1,5,0,0,0,2,1,2,1,28,6,1149,1,10,1,2,2,431360,561277,10,2,2,5,149,3,184,3,70,5,4,3,194,0,0,1,1,1,0,0,2,1,1,1,1,28,6,3,0,0,0,0,0,9,1,2
3,2,9,0,18,0,1,0,0,0,0,1,1,6,2,43,7,1997,2,11,2,2,2,442680,370730,30,2,2,4,327,3,632,6,40,1,4,3,632,0,0,4,1,1,0,0,2,1,1,1,1,33,6,3,0,0,0,0,0,9,1,5
3,1,11,0,17,0,0,0,0,0,0,1,1,1,1,39,7,1598,2,13,1,1,1,587608,190776,42,1,1,3,459,6,0,6,30,0,4,6,0,0,0,1,1,1,0,0,1,1,1,3,2,52,8,3,6,9,0,0,0,0,1,2
3,1,9,0,18,0,0,0,0,0,0,1,1,6,3,38,7,1598,1,8,1,1,1,531190,176210,1,1,1,4,9,3,23,6,30,0,4,6,0,0,0,4,1,1,0,0,1,1,1,3,1,56,9,3,5,1,0,0,2,0,1,2
2,2,9,0,18,0,0,1,0,1,0,1,1,2,2,48,8,1206,1,2,1,3,5,251524,652568,97,5,3,2,922,1,77,3,70,0,4,6,0,0,0,6,6,3,0,0,2,1,1,1,2,48,8,2,0,0,0,0,0,9,1,5
3,2,9,0,7,0,8,0,0,0,0,1,1,6,2,27,6,1560,2,5,1,1,2,412484,283931,20,2,1,4,300,4,4146,6,30,9,4,6,0,0,0,4,1,1,0,0,1,2,1,1,2,27,6,3,0,0,0,0,0,9,1,3
3,2,9,0,4,0,1,0,0,0,0,2,1,6,2,24,5,1598,1,8,1,3,4,301675,191537,62,4,3,6,744,3,4058,6,30,3,4,6,0,0,0,1,1,1,0,0,2,1,2,1,2,24,5,3,0,0,0,0,0,9,1,5
3,1,9,0,9,0,6,0,0,0,0,1,1,6,1,76,11,1968,2,2,1,2,2,438731,261992,23,2,2,4,293,3,425,6,60,3,4,4,4452,0,0,1,1,1,0,0,2,1,2,2,2,76,11,3,0,0,2,0,0,9,1,7
3,2,9,0,17,0,0,0,0,0,0,1,1,2,2,21,5,1242,1,15,1,1,2,203219,66950,50,2,1,6,596,6,0,6,60,0,4,6,0,0,0,1,1,1,0,0,2,1,1,1,1,33,6,3,0,0,0,0,0,9,1,5
3,1,9,0,18,0,0,0,0,0,0,3,1,6,1,49,8,1753,2,15,1,1,1,430147,431774,13,1,1,1,204,6,0,9,30,0,4,6,0,0,0,1,1,1,0,0,1,1,1,3,1,8,2,3,10,4,0,0,0,0,1,1
3,1,9,0,9,0,4,0,0,0,0,3,1,6,1,28,6,1598,1,8,1,2,2,507225,427388,16,2,2,6,228,3,1166,1,30,1,4,6,0,0,0,4,1,1,0,0,1,2,1,1,1,33,6,3,0,0,0,0,0,9,1,5
3,1,9,0,13,0,1,1,0,1,1,1,1,2,1,57,9,1598,1,8,1,3,2,345825,341276,60,2,3,6,725,3,525,6,60,6,4,6,0,0,0,1,1,1,0,0,2,1,1,1,1,57,9,3,0,0,0,0,0,9,1,5
2,1,9,0,4,0,1,0,0,0,0,2,1,6,2,71,10,1339,8,9,2,1,2,403240,92680,55,2,1,3,643,4,3068,6,30,3,4,6,0,0,0,1,1,1,0,0,1,1,1,1,1,33,6,3,0,0,0,0,0,9,1,5
3,1,1,0,18,0,8,0,0,0,0,3,1,6,1,30,6,1598,1,8,1,1,1,532150,181230,48,1,1,5,570,5,0,6,20,6,2,5,0,0,5,4,1,1,0,0,1,2,1,3,1,10,2,3,1,3,0,0,0,0,1,3
3,3,9,0,3,0,0,0,0,0,0,2,1,2,2,38,7,999,1,1,1,1,3,425391,563012,10,3,1,3,146,6,4228,6,30,0,4,6,0,0,1,1,1,1,0,0,1,1,1,1,1,33,6,3,0,0,0,0,0,9,1,5
3,1,19,0,18,0,0,0,0,1,7,3,1,6,1,42,7,2198,2,2,1,2,1,262934,666568,97,1,2,6,926,1,8,3,60,0,4,6,0,0,0,1,1,1,0,0,1,1,1,2,2,67,10,3,0,0,1,0,0,19,1,5
3,1,9,0,1,0,5,0,0,0,0,2,1,6,3,38,7,1360,1,13,1,1,1,337070,391276,5,1,1,2,91,6,0,6,20,3,4,6,0,0,0,1,1,1,0,0,1,2,1,3,2,42,7,3,5,1,0,0,0,0,1,1
3,1,1,0,13,0,8,0,0,0,0,1,1,6,1,40,7,1598,1,8,1,1,2,532730,185170,1,2,1,2,3,3,105,6,30,3,4,6,0,0,0,1,1,1,0,0,1,1,1,1,1,40,7,3,0,0,0,0,0,1,1,3
3,1,3,0,7,0,2,0,0,0,0,3,1,2,1,32,6,124,1,8,1,1,2,504982,250150,40,2,1,6,420,3,600,2,30,3,4,6,0,0,0,1,1,1,0,0,1,1,1,1,1,32,6,3,0,0,0,0,0,3,1,3
3,1,9,0,4,0,0,0,0,0,0,1,1,6,1,37,7,1348,1,13,1,1,3,460125,305141,33,3,1,1,364,3,47,6,30,0,4,6,0,0,0,1,1,1,0,0,1,1,1,2,1,10,2,3,0,0,2,0,0,9,1,2
2,1,9,0,13,0,0,0,0,1,10,1,1,5,1,22,5,2993,2,5,1,2,2,371289,313546,22,2,2,7,284,3,4640,6,60,0,4,6,0,0,0,4,2,2,0,0,2,1,1,1,1,33,6,3,0,0,0,0,0,9,1,5
3,2,9,0,5,0,1,0,0,0,0,1,2,6,1,51,8,1298,1,10,3,3,2,500117,387792,32,2,3,4,356,5,224,6,30,3,4,5,235,0,0,1,1,1,0,0,2,1,3,2,2,69,10,3,0,0,1,0,0,9,3,3
3,1,9,0,18,0,0,1,0,1,9,1,1,6,2,45,7,4196,1,8,1,1,1,450284,337458,31,1,1,1,342,3,52,3,70,0,4,6,0,0,0,1,2,2,0,0,1,1,1,1,2,45,7,3,0,0,0,0,0,9,1,9
3,1,1,0,18,0,0,0,0,0,0,3,1,6,1,26,6,1598,1,8,1,1,2,527670,195840,1,2,1,1,30,6,0,6,30,0,4,6,0,0,0,1,9,1,0,0,1,2,1,1,1,26,6,3,0,0,0,0,0,1,1,5
3,2,3,0,18,0,0,0,0,0,0,1,1,1,1,23,5,125,1,11,1,1,2,519480,192020,1,2,1,6,30,3,5100,6,30,0,4,6,0,0,0,1,1,1,0,0,1,1,1,1,1,23,5,3,0,0,0,0,0,3,1,9
3,1,9,0,7,0,8,0,0,0,0,3,1,1,2,59,9,1242,1,3,1,1,3,426614,551573,11,3,1,3,169,6,0,6,30,3,4,6,0,0,0,1,2,2,0,0,1,1,1,1,1,33,6,3,0,0,0,0,0,9,1,5
3,1,1,0,4,0,0,0,0,0,0,0,1,6,1,41,7,1598,1,8,1,1,1,521470,167850,1,1,1,6,23,3,2043,6,30,0,4,6,0,0,0,1,1,1,0,0,1,1,1,1,1,41,7,3,0,0,0,0,0,1,1,8
3,3,9,0,18,0,0,0,0,2,0,3,1,6,1,37,7,1753,2,9,1,3,3,521210,207860,41,3,3,5,438,3,1001,6,50,0,4,6,0,0,0,4,1,1,0,0,1,1,3,2,1,24,5,3,0,0,1,0,0,9,2,9
3,1,3,0,18,0,0,0,0,0,0,1,1,2,1,49,8,124,1,9,1,1,2,507932,225562,40,2,1,7,421,6,0,6,30,0,4,6,0,0,0,1,1,1,0,2,1,1,1,1,1,49,8,3,0,0,0,0,0,3,1,3
3,2,9,0,4,0,0,0,0,0,0,2,1,6,2,39,7,1364,1,11,1,1,3,528320,184330,1,3,1,4,2,3,502,6,30,0,4,6,0,0,0,1,1,1,0,0,1,1,1,1,2,39,7,3,0,0,0,0,0,9,1,5
3,7,9,0,4,0,0,0,0,0,0,2,1,6,2,69,10,1598,1,8,1,4,7,454772,397093,14,7,4,6,211,1,18,3,70,0,4,6,0,0,0,1,2,2,0,0,2,1,1,1,1,33,6,3,0,0,0,0,0,9,1,5
2,2,9,0,14,0,8,0,0,0,0,1,1,6,1,54,8,1769,1,12,1,1,3,530630,172230,1,3,1,3,9,5,0,6,30,3,4,6,0,0,0,4,1,1,0,0,1,1,1,1,1,33,6,3,0,0,0,0,0,9,1,5
3,1,1,0,18,0,8,0,0,0,0,1,1,6,1,31,6,1598,1,8,1,1,2,528710,179310,1,2,1,1,1,3,302,6,30,6,2,3,3217,0,5,4,1,1,0,0,1,1,1,1,1,31,6,3,0,0,0,0,0,1,1,8
3,2,11,0,3,0,1,0,0,0,0,0,1,1,1,30,6,1598,1,8,1,1,3,580277,109130,47,3,1,2,552,3,2102,6,30,3,4,6,0,0,4,1,4,1,0,0,1,2,1,1,1,33,6,3,0,0,0,0,0,9,1,5
3,2,9,0,18,0,0,0,0,0,0,1,1,6,1,45,7,2429,1,9,1,1,3,581829,212978,42,3,1,4,451,3,12,3,70,0,4,6,0,0,0,7,5,2,0,0,2,1,1,1,1,33,6,3,0,0,0,0,0,9,1,5
3,2,1,0,18,0,3,0,0,0,0,4,1,2,1,32,6,1598,1,8,1,1,2,368310,313450,22,2,1,2,284,6,0,6,30,1,4,6,0,0,0,4,2,2,0,0,2,2,1,1,1,32,6,3,0,0,0,0,0,1,1,5
2,2,1,0,9,0,8,0,0,0,0,2,1,2,2,43,7,1598,1,8,2,1,2,451532,191153,43,2,1,2,484,3,4130,1,50,1,4,6,0,0,0,4,1,2,0,0,2,1,1,1,2,43,7,2,0,0,0,0,0,1,2,7
3,2,9,0,4,0,0,0,0,0,0,2,1,6,1,36,7,1598,1,8,1,4,2,556966,192427,42,2,4,3,452,3,1023,6,30,0,4,6,0,0,0,1,1,2,0,0,2,2,3,2,1,4,1,3,0,0,2,0,0,9,1,6
3,1,9,0,18,0,0,0,0,0,0,2,1,6,1,83,11,996,1,1,3,4,3,262987,867593,91,3,4,6,927,3,9,6,60,0,4,6,0,0,0,1,1,1,4,0,2,1,1,2,2,82,11,3,0,0,1,0,0,9,3,5
3,2,9,0,18,0,8,0,0,0,0,4,1,1,2,20,4,1229,1,11,1,1,2,447450,327515,33,2,1,4,366,3,453,1,50,1,2,3,453,0,0,1,1,1,0,0,2,1,1,1,2,20,4,3,0,0,0,0,0,9,1,10
3,1,9,0,12,0,1,0,0,0,0,3,1,2,2,37,7,1461,2,5,1,1,2,443642,116137,44,2,1,5,500,3,35,6,30,3,2,3,27,0,0,1,1,1,0,0,1,1,1,1,1,33,6,3,0,0,0,0,0,9,1,5
3,1,9,0,5,0,1,0,0,0,0,1,1,6,2,21,5,1198,1,5,1,1,2,323360,672680,95,2,1,4,923,6,0,6,30,3,4,6,0,0,0,1,2,2,0,0,1,1,1,1,1,33,6,3,0,0,0,0,0,9,1,5
3,2,9,0,18,0,0,0,0,0,0,3,1,6,2,42,7,1598,1,8,1,4,2,279556,380240,60,2,4,1,721,3,470,6,60,0,4,6,0,0,0,4,2,2,0,0,2,1,3,2,2,8,2,3,0,0,2,0,0,9,1,5
3,2,9,0,18,0,8,1,0,0,0,1,1,2,1,31,6,1896,2,14,1,3,2,372440,315660,22,2,3,6,284,3,518,6,60,3,4,6,0,0,0,6,1,1,0,0,2,1,1,1,1,31,6,3,0,0,0,0,0,9,1,8
3,2,9,0,3,0,0,0,0,0,0,2,1,3,1,39,7,3301,1,12,1,1,4,508248,168609,45,4,1,5,40,6,6263,6,30,0,4,6,0,0,0,1,1,2,0,0,2,1,1,1,1,39,7,3,0,0,0,0,0,9,1,9
2,3,9,0,2,0,8,0,0,0,0,3,1,6,2,55,8,1242,1,9,1,1,4,382400,275240,22,4,1,3,278,3,451,6,30,3,4,6,0,0,0,1,1,1,0,0,1,2,1,1,1,33,6,3,0,0,0,0,0,9,1,5
3,1,3,0,18,0,0,0,0,0,0,1,1,6,1,19,4,124,1,1,1,2,1,532990,167770,1,1,2,6,20,6,0,6,30,0,4,6,0,0,0,4,1,1,0,0,1,2,1,1,1,19,4,3,0,0,0,0,0,3,1,4
3,2,9,0,10,0,1,0,0,0,0,2,1,1,2,45,7,1796,1,13,2,1,2,202103,54581,50,2,1,6,596,6,0,6,30,3,4,6,0,0,0,1,1,1,0,0,2,2,1,1,2,45,7,3,0,0,0,0,0,9,2,3
3,1,9,0,10,0,8,0,0,0,0,4,1,6,1,26,6,1242,1,11,1,2,2,529150,185860,1,2,2,6,3,3,400,6,20,7,2,5,0,0,5,4,4,1,0,0,1,1,2,2,2,29,6,3,0,0,2,0,0,9,1,3
1,1,8,0,2,0,0,0,0,0,0,0,1,1,1,53,8,2664,2,15,1,1,2,259430,667132,97,2,1,4,926,6,0,6,30,0,4,6,0,0,0,1,1,1,0,0,1,1,1,1,1,33,6,3,0,0,0,0,0,9,1,5
3,1,9,0,18,0,8,0,0,7,9,1,1,6,2,30,6,1598,1,8,1,1,2,507587,219882,40,2,1,5,424,5,219,6,60,3,4,5,216,0,0,1,1,2,0,0,2,1,1,1,1,33,6,3,0,0,0,0,0,9,1,5