accident_severity,vehicle_reference,vehicle_type,towing_and_articulation,vehicle_manoeuvre,vehicle_location-restricted_lane,junction_location,skidding_and_overturning,hit_object_in_carriageway,vehicle_leaving_carriageway,hit_object_off_carriageway,1st_point_of_impact,was_vehicle_left_hand_drive?,journey_purpose_of_driver,sex_of_driver,age_of_driver,age_band_of_driver,engine_capacity_(cc),propulsion_code,age_of_vehicle,driver_home_area_type,NUmber_of_Casualities_unique_to_accident_index,No_of_Vehicles_involved_unique_to_accident_index,location_easting_osgr,location_northing_osgr,police_force,number_of_vehicles,number_of_casualties,day_of_week,local_authority_(district),1st_road_class,1st_road_number,road_type,speed_limit,junction_detail,junction_control,2nd_road_class,2nd_road_number,pedestrian_crossing-human_control,pedestrian_crossing-physical_facilities,light_conditions,weather_conditions,road_surface_conditions,special_conditions_at_site,carriageway_hazards,urban_or_rural_area,did_police_officer_attend_scene_of_accident,casualty_reference,casualty_class,sex_of_casualty,age_of_casualty,age_band_of_casualty,casualty_severity,pedestrian_location,pedestrian_movement,car_passenger,bus_or_coach_passenger,pedestrian_road_maintenance_worker,casualty_type,casualty_home_area_type,casualty_imd_decile
3,2,9,0,9,0,2,0,0,0,0,1,1,6,3,38,7,1598,1,8,1,1,2,517120,186290,1,2,1,5,28,6,0,6,30,3,4,6,0,0,0,4,1,1,0,0,1,1,1,1,1,33,6,3,0,0,0,0,0,9,1,5
3,1,1,0,18,4,8,0,0,0,0,4,1,2,2,33,6,1598,1,8,1,1,2,518650,167560,1,2,1,5,23,5,0,6,30,3,4,6,0,0,0,1,2,2,0,0,1,2,1,1,2,33,6,3,0,0,0,0,0,1,1,7
3,2,9,0,18,0,8,0,0,0,0,3,1,2,1,55,8,998,1,10,1,1,2,259714,664992,97,2,1,7,926,3,8,6,30,6,2,6,0,0,4,1,1,1,0,0,1,1,1,2,2,54,8,3,0,0,1,0,0,9,1,5
3,2,9,0,18,0,0,0,0,0,0,2,1,6,1,31,6,1498,1,10,2,2,3,433499,563381,10,3,2,5,149,3,194,3,70,0,4,6,0,0,0,1,1,2,0,0,1,1,2,1,1,31,6,3,0,0,0,0,0,9,2,2
3,1,3,0,18,0,8,2,0,0,0,3,1,2,1,23,5,49,1,8,1,1,1,358037,390801,7,1,1,2,128,6,0,6,30,1,4,6,0,0,8,1,2,2,0,0,1,1,1,1,1,23,5,3,0,0,0,0,0,3,1,8
3,2,9,0,18,0,8,1,0,0,0,4,1,6,2,45,7,1560,2,1,1,1,3,594690,174230,46,3,1,5,540,5,135,6,30,3,4,6,0,0,0,1,1,1,0,0,1,2,1,1,2,45,7,3,0,0,0,0,0,9,1,1
3,1,9,0,18,0,1,0,0,0,0,1,1,2,1,47,8,1753,2,6,1,1,2,441695,292067,33,2,1,3,361,3,5,6,40,1,4,6,7401,0,0,1,1,1,0,0,2,1,1,1,1,47,8,3,0,0,0,0,0,9,1,3
3,2,9,0,18,0,2,0,0,1,0,3,1,6,2,64,9,1364,1,8,1,2,2,514000,188460,1,2,2,4,29,3,404,6,30,8,4,6,0,0,0,1,1,1,0,0,1,1,2,2,2,47,8,3,0,0,1,0,0,9,1,5
3,3,9,0,18,0,8,0,0,0,0,1,1,6,3,38,7,1598,1,8,1,2,3,328713,184919,61,3,2,2,733,6,0,1,30,1,4,6,0,0,0,1,1,1,0,0,2,2,1,1,1,33,6,3,0,0,0,0,0,9,1,5
3,2,9,0,3,0,0,0,0,0,0,1,1,2,1,63,9,1560,2,1,1,2,2,503220,167791,45,2,2,3,514,1,3,3,70,0,4,6,0,0,0,6,1,1,0,0,2,1,2,1,1,63,9,3,0,0,0,0,0,9,1,9
3,1,9,0,17,0,0,1,0,1,7,1,1,6,1,18,4,1796,1,10,1,6,1,461322,409514,14,1,6,2,211,6,0,6,30,0,4,6,0,0,0,6,2,2,0,0,2,1,6,2,1,16,4,3,0,0,2,0,0,9,1,9
2,1,1,0,18,0,8,0,0,0,0,2,1,6,1,42,7,1598,1,8,1,1,2,431357,410079,14,2,1,1,210,4,6131,6,30,3,4,6,0,0,0,1,1,1,0,0,1,1,1,1,1,42,7,2,0,0,0,0,0,1,1,4
3,1,9,0,16,0,0,0,0,0,0,1,1,6,2,44,7,1598,1,14,1,1,2,516430,185830,1,2,1,5,28,6,0,6,30,0,4,6,0,0,0,1,1,1,0,0,1,1,1,1,1,33,6,3,0,0,0,0,0,9,1,5
3,2,9,0,18,0,1,0,0,0,0,1,1,6,2,47,8,1323,1,15,3,1,2,419610,349070,30,2,1,4,329,4,5035,6,50,8,4,6,0,0,0,6,1,1,0,0,2,1,1,1,2,47,8,3,0,0,0,0,0,9,3,5
3,2,11,0,18,0,1,0,0,0,0,1,1,1,1,59,9,1598,1,8,1,3,4,532560,176510,1,4,3,7,8,3,215,2,30,3,2,4,239,0,5,4,1,1,0,0,1,1,2,1,1,59,9,3,0,0,0,0,0,11,1,4
3,2,9,0,18,0,0,0,0,0,0,1,1,6,3,38,7,1598,1,8,1,1,2,457921,403263,14,2,1,5,211,6,0,2,30,0,4,6,0,0,0,1,1,1,0,0,1,2,1,1,1,33,6,3,0,0,0,0,0,9,1,5
2,1,9,0,18,0,0,0,0,0,0,4,1,6,2,47,8,1560,2,2,3,1,1,368320,520870,3,1,1,5,64,4,6542,6,30,0,4,6,0,0,0,1,1,1,0,0,2,1,1,3,2,12,3,2,5,9,0,0,0,0,3,8
3,1,9,0,11,0,1,0,0,0,0,4,1,6,2,26,6,1360,1,11,1,1,2,486551,192815,43,2,1,4,480,3,40,1,30,1,4,3,40,1,0,4,1,1,0,0,1,1,1,1,1,33,6,3,0,0,0,0,0,9,1,5
3,3,20,0,18,0,1,0,0,0,0,2,1,1,1,68,10,1598,1,8,1,3,5,514774,113490,47,5,3,2,562,3,283,6,60,3,4,6,0,0,0,1,2,2,0,0,2,1,2,1,1,68,10,3,0,0,0,0,0,20,1,9
3,2,9,0,18,0,1,0,0,0,0,1,1,6,2,20,4,1598,1,10,1,2,2,499509,372693,32,2,2,2,352,4,1308,6,30,6,4,6,0,0,5,4,1,2,0,0,1,1,2,2,2,18,4,3,0,0,2,0,0,9,1,6
3,3,19,0,3,0,8,0,0,0,0,2,1,6,1,57,9,2402,2,8,2,1,3,296564,91619,50,3,1,2,581,6,0,1,30,1,2,6,0,0,0,1,1,1,0,0,1,1,1,1,1,33,6,3,0,0,0,0,0,9,1,5
3,1,9,0,13,0,8,0,0,0,0,3,1,2,1,37,7,1598,1,8,2,1,2,311220,494160,3,2,1,3,63,3,595,6,60,9,4,6,0,0,0,1,1,1,0,0,2,1,1,1,1,37,7,3,0,0,0,0,0,9,2,3
2,1,9,0,18,0,2,0,0,0,0,4,1,1,2,61,9,998,1,1,1,1,1,402140,279840,20,1,1,6,300,4,4121,6,30,6,2,6,0,0,5,1,1,1,0,0,1,1,1,3,2,20,4,2,1,1,0,0,0,0,1,3
2,2,3,0,18,0,8,1,0,0,0,1,1,6,2,18,4,124,1,2,1,1,2,417025,187746,54,2,1,2,633,4,4006,6,30,3,4,6,0,0,4,4,1,1,0,0,1,1,1,1,2,18,4,2,0,0,0,0,0,3,1,8
2,1,9,0,18,0,0,0,0,0,0,3,1,3,2,44,7,1560,2,1,1,1,1,282092,656089,97,1,1,4,932,6,0,6,30,0,4,6,0,0,0,1,1,2,0,0,1,1,1,3,1,5,1,2,5,4,0,0,0,0,1,5
3,2,1,0,14,0,0,0,0,0,0,1,1,6,2,24,5,1598,1,8,1,1,2,532510,184470,1,2,1,4,3,3,104,6,30,0,4,6,0,0,0,1,1,1,0,0,1,1,1,1,2,24,5,3,0,0,0,0,0,1,1,2
3,1,9,0,7,0,6,0,0,0,0,1,1,6,1,24,5,1753,2,15,1,1,2,422708,420427,13,2,1,6,203,3,644,6,30,8,4,6,0,0,0,1,1,1,0,0,1,2,1,1,1,33,6,3,0,0,0,0,0,9,1,5
3,2,1,0,18,0,1,0,0,0,0,1,1,6,1,42,7,1598,1,8,1,1,2,450421,532893,17,2,1,7,240,6,0,6,30,3,4,6,0,0,0,1,1,1,0,0,1,1,1,1,1,42,7,3,0,0,0,0,0,1,1,5
3,1,9,0,18,0,1,0,10,1,1,1,1,6,1,38,7,1499,2,8,1,1,2,531440,186760,1,2,1,7,3,3,503,6,20,3,2,3,1201,0,5,4,1,1,0,0,1,1,1,1,1,33,6,3,0,0,0,0,0,9,1,5
3,3,9,0,4,0,1,0,0,0,0,1,1,2,2,23,5,1598,1,13,1,2,3,514668,158564,45,3,2,6,512,3,245,6,40,8,4,6,0,0,0,1,1,1,0,0,2,1,2,2,1,56,9,3,0,0,1,0,0,9,1,2
3,2,16,0,18,0,0,0,0,0,0,0,1,1,2,20,4,1598,1,8,1,1,2,380463,376397,7,2,1,4,129,5,424,6,60,0,4,6,0,0,0,1,1,1,0,0,2,2,1,1,2,20,4,3,0,0,0,0,0,16,1,10
3,1,9,0,18,0,2,0,0,0,0,1,1,6,1,34,6,1896,2,14,1,1,1,401060,299300,20,1,1,7,307,4,4210,6,30,3,4,6,0,0,0,1,1,1,0,0,1,1,1,3,2,21,5,3,5,1,0,0,0,0,1,2
3,2,9,0,9,0,8,0,0,0,0,4,1,6,1,32,6,1390,1,14,1,1,2,525600,165500,1,2,1,5,21,6,0,6,30,3,4,4,279,0,0,1,1,1,0,0,1,1,1,1,1,32,6,3,0,0,0,0,0,9,1,9
3,3,9,0,18,0,0,0,0,0,0,2,1,1,1,45,7,998,1,2,1,1,3,394050,412700,6,3,1,3,106,1,62,3,70,0,4,6,0,0,0,1,1,2,0,0,2,1,1,1,1,33,6,3,0,0,0,0,0,9,1,5
3,2,9,0,18,0,8,0,0,0,0,4,1,6,2,20,4,1596,1,10,1,2,2,440286,114191,44,2,2,4,500,6,0,6,30,3,4,6,0,0,0,4,1,1,0,0,1,1,1,1,2,20,4,3,0,0,0,0,0,9,1,6
3,1,9,0,18,0,0,0,0,0,0,4,1,6,3,38,7,1598,1,8,1,1,1,448728,519744,17,1,1,6,243,6,0,6,30,0,4,6,0,0,0,1,1,1,0,0,1,1,1,3,2,9,2,3,5,2,0,0,0,0,1,1
3,1,9,0,18,0,1,0,0,0,0,1,1,6,1,38,7,1998,2,12,1,2,2,521080,299220,35,2,2,4,394,6,0,6,30,8,4,6,0,0,0,1,1,1,0,0,1,1,1,1,1,38,7,3,0,0,0,0,0,9,1,1
3,2,9,0,7,0,5,0,0,0,0,2,1,6,1,56,9,1149,1,4,1,1,2,347600,461550,4,2,1,5,76,3,6,6,30,3,4,6,0,0,0,1,1,1,0,0,1,1,1,1,1,33,6,3,0,0,0,0,0,9,1,5
3,2,9,0,18,0,4,0,0,0,0,1,1,6,2,29,6,1598,1,4,1,1,2,404143,94049,55,2,1,3,643,4,3068,6,30,1,4,5,0,0,0,4,1,1,0,0,1,1,1,1,1,33,6,3,0,0,0,0,0,9,1,5
3,1,9,0,5,0,2,0,0,0,0,1,1,6,2,31,6,1560,2,3,1,1,2,575760,155540,46,2,1,3,536,3,20,2,30,9,2,3,229,0,5,1,1,1,0,0,1,1,1,1,1,33,6,3,0,0,0,0,0,9,1,5
3,1,5,0,18,0,0,1,0,0,0,4,1,6,1,32,6,1598,1,8,1,2,1,312215,346473,60,1,2,7,723,3,5104,6,50,0,4,6,0,0,0,1,5,2,6,0,2,1,2,2,2,33,6,3,0,0,0,0,0,5,1,5
3,1,8,0,18,0,8,0,0,0,0,1,1,6,1,63,9,2402,2,9,1,1,1,526980,182970,1,1,1,3,1,3,41,6,30,6,4,6,0,0,1,4,5,2,0,0,1,1,1,3,2,26,6,3,1,1,0,0,2,0,1,6
2,1,9,0,18,0,0,0,10,5,6,1,1,6,2,19,4,1299,1,8,1,2,1,554260,180290,1,1,2,2,15,3,13,3,70,0,4,6,0,0,0,1,1,1,0,0,2,1,1,1,2,19,4,3,0,0,0,0,0,9,1,2
3,1,1,0,18,0,8,0,0,0,0,4,1,6,1,46,8,1598,1,8,1,1,2,528320,183740,1,2,1,6,2,5,0,6,30,3,4,6,0,0,0,1,1,1,0,0,1,2,1,1,1,46,8,3,0,0,0,0,0,1,1,1
3,1,9,0,18,0,0,0,0,1,0,0,1,6,1,26,6,1598,2,1,1,1,1,599365,268033,37,1,1,6,413,6,0,6,60,0,4,6,0,0,0,1,1,1,0,0,2,1,1,1,1,26,6,3,0,0,0,0,0,9,1,9
3,1,9,0,9,0,6,0,0,0,0,1,1,6,1,38,7,1796,1,7,1,1,2,406860,291050,20,2,1,7,300,3,453,6,30,5,4,3,34,0,0,1,1,1,0,0,1,2,1,1,1,33,6,3,0,0,0,0,0,9,1,5
3,2,3,0,15,0,1,0,0,0,0,3,1,6,2,23,5,124,1,8,1,1,2,635840,167740,46,2,1,5,541,6,4152,6,30,3,4,6,0,0,0,1,1,1,0,0,2,1,1,1,2,23,5,3,0,0,0,0,0,3,1,1
2,1,9,0,12,0,0,0,0,0,0,3,1,6,2,26,6,1587,1,15,3,5,3,383567,95232,55,3,5,2,644,3,35,3,70,0,4,6,0,0,0,6,4,2,0,0,2,1,2,2,2,33,6,2,0,0,2,0,0,9,1,7
3,1,3,0,18,0,8,0,0,1,0,3,1,2,1,43,7,124,1,2,1,1,2,512540,182780,1,2,1,6,27,4,455,6,30,3,2,6,0,0,5,4,1,1,0,0,1,1,1,1,1,43,7,3,0,0,0,0,0,3,1,5
3,1,9,0,17,0,0,1,0,1,4,3,1,2,2,20,4,998,1,8,3,1,1,541180,284350,35,1,1,3,392,3,142,6,60,0,4,6,0,0,0,6,1,2,0,0,2,1,1,1,2,20,4,3,0,0,0,0,0,9,3,4
3,2,9,0,18,0,4,0,0,0,0,2,1,3,2,37,7,1388,1,9,1,3,2,450844,275102,23,2,3,6,292,4,5414,6,30,1,4,6,0,0,4,1,1,1,0,0,1,2,2,2,1,6,2,3,0,0,2,0,0,9,1,6
3,2,9,0,13,0,0,0,0,0,0,4,1,6,3,38,7,1598,1,8,1,1,2,525162,224575,41,2,1,5,435,6,26,6,30,0,4,6,0,0,0,4,1,1,0,0,1,1,1,1,1,33,6,3,0,0,0,0,0,9,1,5
2,1,9,0,9,0,6,0,0,0,0,3,1,2,2,36,7,1956,2,1,2,1,2,372202,91439,55,2,1,5,645,5,80,6,60,6,4,6,0,0,0,1,1,1,0,0,2,1,1,1,1,33,6,3,0,0,0,0,0,9,1,5
3,2,1,0,18,0,8,0,0,0,0,1,1,6,1,37,7,1598,1,8,1,1,2,523100,175500,1,2,1,1,10,6,0,6,30,7,4,6,0,0,0,4,1,2,0,0,1,1,1,1,1,37,7,3,0,0,0,0,0,1,1,6
3,1,9,0,18,0,8,0,0,0,0,1,1,6,1,19,4,1598,1,8,1,1,2,546680,176350,1,2,1,7,18,3,209,6,30,6,4,6,0,0,0,1,1,1,0,0,1,1,1,1,1,19,4,3,0,0,0,0,0,9,1,8
3,4,9,0,4,0,0,0,0,0,0,2,1,2,1,24,5,1360,1,9,1,6,5,501648,188237,43,5,6,2,477,1,25,3,70,0,4,6,0,0,0,1,1,2,0,0,2,1,6,2,1,29,6,3,0,0,1,0,0,9,1,7
3,2,9,0,18,0,8,0,0,0,0,1,1,6,1,63,9,2777,2,7,1,2,2,381993,353927,21,2,2,5,253,3,5011,6,60,3,4,6,29,0,0,1,5,2,0,0,2,2,1,1,1,63,9,3,0,0,0,0,0,9,1,8
2,1,9,0,18,0,0,0,0,0,0,1,1,6,3,38,7,1598,1,8,1,1,1,532650,187840,1,1,1,6,4,3,503,3,30,0,4,6,0,0,0,4,1,1,0,0,1,1,1,3,1,25,5,2,10,9,0,0,2,0,1,3
2,2,9,0,18,0,0,0,0,0,0,1,1,6,1,37,7,1796,1,22,1,5,2,494402,263331,40,2,5,1,420,5,12,6,60,0,4,6,0,0,0,1,1,1,0,0,2,1,4,2,1,22,5,3,0,0,2,0,0,9,1,6
3,2,19,0,18,0,8,0,0,0,0,1,1,1,1,59,9,2402,2,13,2,1,2,523353,229053,41,2,1,1,433,4,197,6,50,8,4,6,0,0,0,1,1,1,0,0,2,1,1,1,1,33,6,3,0,0,0,0,0,9,1,5
2,2,9,0,18,0,2,0,0,0,0,1,1,6,1,68,10,998,1,3,1,1,2,341690,461780,4,2,1,4,76,3,589,6,30,9,4,6,0,0,4,1,2,2,0,0,1,1,1,1,1,68,10,2,0,0,0,0,0,9,1,6
3,2,9,0,18,0,1,0,0,0,0,2,1,6,2,40,7,1686,2,4,3,1,3,403955,202938,53,3,1,2,621,3,429,6,40,6,4,3,429,0,0,1,2,2,0,0,2,1,1,2,2,70,10,3,0,0,1,0,0,9,2,7
3,3,9,0,9,0,5,0,0,0,0,0,1,6,3,38,7,1598,1,8,1,2,3,375540,336986,21,3,2,7,253,3,53,6,60,3,4,6,69,0,0,1,1,2,0,0,2,1,1,1,1,33,6,3,0,0,0,0,0,9,1,5
3,2,9,0,3,0,1,0,0,0,0,2,1,2,1,63,9,996,1,2,3,1,2,304011,700386,93,2,1,4,934,4,9097,6,30,3,4,3,977,0,0,1,1,1,0,0,2,1,1,2,2,57,9,3,0,0,1,0,0,9,3,5
2,2,1,0,18,0,8,0,0,0,0,4,1,6,1,59,9,1598,1,8,1,1,2,335070,418248,5,2,1,4,93,6,0,1,30,1,4,4,5280,0,0,1,1,1,0,0,1,1,1,1,1,59,9,2,0,0,0,0,0,1,1,2
1,1,3,0,17,0,0,5,0,1,2,1,1,6,1,20,4,125,1,6,1,1,1,381332,354480,7,1,1,7,129,3,5011,6,60,0,4,6,0,0,0,1,1,1,0,0,2,1,1,1,1,20,4,1,0,0,0,0,0,3,1,8
3,1,9,0,18,0,0,0,0,0,0,1,1,1,1,28,6,1998,2,8,1,2,2,505772,248758,40,2,2,5,420,6,0,6,30,0,4,6,0,0,0,1,1,1,0,0,1,1,1,1,1,28,6,3,0,0,0,0,0,9,1,1
3,2,1,0,18,0,1,0,0,0,0,3,1,6,2,33,6,1598,1,8,1,1,2,527239,409542,16,2,1,2,233,3,1136,6,30,6,2,3,16,0,4,1,1,1,0,0,1,2,1,1,2,33,6,3,0,0,0,0,0,1,1,2
3,1,3,0,18,0,8,0,0,0,0,1,1,6,1,28,6,124,1,8,1,2,2,529360,183890,1,2,2,5,2,3,5202,6,30,6,4,5,0,0,1,1,1,1,0,0,1,1,1,1,1,28,6,3,0,0,0,0,0,3,1,2
3,1,11,0,18,0,0,0,0,0,0,3,1,1,1,22,5,9000,2,1,1,1,1,545430,258590,35,1,1,7,390,5,292,6,20,0,4,6,0,0,4,1,8,2,0,0,1,1,1,3,1,41,7,3,1,1,0,0,0,0,1,5
3,2,8,0,18,0,8,0,0,0,0,1,1,1,1,28,6,1598,2,4,1,1,2,464293,105563,44,2,1,2,498,3,27,3,30,6,2,1,27,0,0,4,1,2,0,0,1,1,1,1,1,28,6,3,0,0,0,0,0,8,1,3
3,2,19,0,4,0,0,0,0,0,0,2,1,6,1,52,8,2198,2,7,1,3,2,482494,158987,44,2,3,5,494,3,30,6,60,0,4,6,0,0,0,1,2,2,0,0,2,1,2,1,1,52,8,3,0,0,0,0,0,19,1,8
3,2,9,0,16,0,5,0,0,2,7,1,1,2,1,32,6,999,1,8,1,1,2,520757,106460,47,2,1,2,557,3,27,7,60,5,4,3,283,0,0,1,4,2,0,0,2,1,1,1,1,32,6,3,0,0,0,0,0,9,1,4
3,2,9,0,18,0,8,0,0,0,0,1,1,6,2,48,8,1870,2,12,2,2,2,495186,426765,16,2,2,2,231,6,0,6,30,3,4,6,0,0,0,1,1,1,0,0,1,1,2,1,2,48,8,3,0,0,0,0,0,9,2,10
3,1,19,0,18,0,0,0,0,0,0,4,1,6,1,38,7,1598,1,8,1,1,1,548370,164190,1,1,1,6,19,5,0,6,30,0,4,6,0,0,0,1,1,1,0,0,2,2,1,3,2,19,4,3,9,8,0,0,2,0,1,2
2,1,9,0,18,0,1,0,0,0,0,1,1,2,2,23,5,1242,1,6,3,1,1,425268,545473,11,1,1,1,169,4,6532,6,60,3,4,6,0,0,0,6,1,1,0,0,2,1,1,3,1,34,6,2,8,8,0,0,0,0,2,5
3,2,9,0,18,0,1,0,0,0,0,1,1,2,2,31,6,1598,1,8,1,1,3,390090,398120,6,3,1,2,110,3,662,3,30,3,3,6,0,0,0,1,1,2,0,0,1,1,1,1,1,33,6,3,0,0,0,0,0,9,1,5
3,1,9,0,18,0,8,0,0,0,0,4,1,6,2,29,6,1498,1,7,1,1,3,544550,186090,1,3,1,5,14,6,0,1,30,2,4,6,0,0,0,1,1,1,0,0,1,2,1,1,2,29,6,3,0,0,0,0,0,9,1,4
3,1,9,0,9,0,1,0,0,0,0,1,1,6,1,22,5,1598,1,8,3,1,2,533811,343189,32,2,1,6,350,5,764,6,30,3,4,6,0,0,0,1,1,1,0,0,1,1,1,1,1,33,6,3,0,0,0,0,0,9,1,5
3,1,9,0,18,0,0,0,0,0,0,1,1,6,1,53,8,1598,1,13,1,1,1,414671,432565,13,1,1,3,200,6,0,6,30,0,4,6,0,0,0,1,1,1,0,0,1,1,1,3,1,5,1,3,5,2,0,0,0,0,1,3
2,2,1,0,18,0,1,0,0,0,0,1,1,2,1,47,8,1598,1,8,1,1,2,503016,171329,45,2,1,3,514,4,3376,6,30,8,4,6,0,0,0,1,1,1,0,0,1,2,1,1,1,47,8,2,0,0,0,0,0,1,1,9
2,2,1,0,18,0,8,0,0,0,0,4,1,6,2,32,6,1598,1,8,1,1,2,292105,63502,50,2,1,2,587,3,379,6,30,6,2,6,0,0,5,1,1,1,0,0,1,1,1,1,2,32,6,2,0,0,0,0,0,1,1,5
3,1,9,0,1,0,0,0,0,0,0,3,1,6,1,48,8,2993,2,2,3,1,1,637136,308765,36,1,1,5,401,6,0,6,60,0,4,6,0,0,0,5,1,1,0,0,2,1,1,3,2,43,7,3,9,9,0,0,0,0,3,5
3,1,9,0,18,0,0,0,0,0,0,4,1,6,3,38,7,1596,1,13,1,1,1,407049,423756,13,1,1,5,202,6,0,6,30,0,4,6,0,0,0,1,1,1,0,0,1,2,1,3,2,30,6,3,9,8,0,0,0,0,1,4
2,1,9,0,1,0,1,0,0,0,0,2,1,6,1,72,10,1956,2,2,1,1,1,399800,302150,20,1,1,7,307,3,34,6,30,3,4,6,0,0,0,1,1,1,0,0,1,1,1,3,2,90,11,2,5,1,0,0,0,0,1,2
3,3,5,0,17,0,0,0,0,0,0,1,1,6,1,40,7,599,1,13,1,2,3,371120,267620,22,3,2,1,273,3,443,6,60,0,4,6,0,0,0,1,1,1,0,0,2,1,1,1,1,33,6,3,0,0,0,0,0,9,1,5
1,1,9,0,16,0,0,2,0,1,3,1,1,6,1,20,4,1598,1,8,2,5,1,304422,206293,62,1,5,1,742,6,0,6,30,0,4,6,0,0,0,4,1,1,0,0,1,1,4,2,1,20,4,1,0,0,2,0,0,9,1,5
3,1,9,0,18,0,0,1,0,0,0,4,1,1,2,44,7,2231,2,2,1,1,1,623401,312154,36,1,1,2,401,5,252,6,30,0,4,6,0,0,0,1,1,1,0,0,1,1,1,3,1,5,1,3,5,1,0,0,0,0,1,7
3,2,9,0,16,0,0,0,0,0,0,1,1,6,2,51,8,1998,2,4,1,2,2,332133,667127,95,2,2,6,929,4,6392,6,30,0,4,6,0,0,0,1,2,2,0,0,2,1,1,1,1,33,6,3,0,0,0,0,0,9,1,5
3,3,11,0,18,0,0,0,0,1,11,1,1,6,1,24,5,1598,1,8,1,2,3,456214,378005,31,3,2,4,341,3,60,6,60,0,4,6,0,0,0,1,1,1,0,0,2,1,1,1,1,33,6,3,0,0,0,0,0,9,1,5
3,1,9,0,9,0,2,0,0,0,0,3,1,6,2,21,5,1388,1,3,1,2,2,272157,665009,97,2,2,5,932,6,0,6,30,3,4,6,0,0,0,1,1,2,0,0,2,1,1,1,1,33,6,3,0,0,0,0,0,9,1,5
3,1,9,0,18,0,4,0,0,0,0,0,1,6,1,43,7,1968,2,10,1,1,2,486173,238337,43,2,1,2,479,6,1069,6,30,1,4,6,1069,0,0,1,1,2,0,0,1,1,1,1,1,33,6,3,0,0,0,0,0,9,1,5
3,1,9,0,9,0,1,0,0,0,0,4,1,2,2,18,4,1229,1,7,1,1,2,290866,73133,50,2,1,7,585,3,381,6,30,9,4,6,0,0,0,1,1,1,0,0,2,1,1,1,1,33,6,3,0,0,0,0,0,9,1,5
3,2,9,0,18,0,8,0,0,0,0,4,1,2,1,49,8,1598,1,8,2,1,2,410009,435577,13,2,1,5,200,4,6144,6,40,3,4,6,0,0,0,1,1,1,3,0,2,1,1,1,1,49,8,3,0,0,0,0,0,9,2,6
3,2,19,0,2,0,0,0,0,1,0,2,1,1,1,38,7,1598,1,8,3,1,4,438677,473708,12,4,1,3,182,3,168,3,70,0,4,6,0,0,0,5,1,1,0,0,2,1,1,1,1,33,6,3,0,0,0,0,0,9,1,5
3,1,9,0,18,0,1,1,0,0,0,1,1,6,2,23,5,1360,1,16,1,1,2,573486,189199,42,2,1,6,450,6,0,2,30,3,4,6,0,0,1,1,1,1,0,0,1,2,1,1,2,23,5,3,0,0,0,0,0,9,1,1
3,2,21,0,18,0,0,0,0,0,0,0,1,1,3,38,7,1598,1,8,1,1,2,521475,431761,16,2,1,7,231,6,0,6,60,0,4,6,0,0,0,1,4,1,0,0,2,2,1,1,1,33,6,3,0,0,0,0,0,9,1,5
3,2,19,0,18,0,1,0,0,0,0,1,1,1,1,46,8,1598,1,8,1,1,2,368320,403630,6,2,1,5,114,3,579,6,30,6,2,6,0,0,5,7,4,1,0,0,1,1,1,1,1,33,6,3,0,0,0,0,0,9,1,5
3,3,9,0,18,7,0,0,0,0,0,2,1,6,2,34,6,1598,1,9,1,2,4,339342,153307,52,4,2,1,607,3,38,6,50,0,4,6,0,0,0,1,1,1,0,7,2,1,1,1,1,33,6,3,0,0,0,0,0,9,1,5
3,1,9,0,5,0,1,0,0,0,0,4,1,6,1,74,10,1198,1,1,1,1,2,262582,665550,97,2,1,4,926,3,80,6,30,9,2,6,0,0,5,1,1,1,0,0,1,1,1,2,2,71,10,3,0,0,1,0,0,9,1,5
3,1,21,0,7,0,8,0,0,0,0,4,1,6,1,30,6,11967,2,2,1,1,2,530310,179670,1,2,1,3,1,3,3211,3,30,3,2,3,302,0,5,1,1,1,0,0,1,1,1,1,1,33,6,3,0,0,0,0,0,9,1,5
3,1,10,0,18,0,4,0,0,0,0,2,1,6,1,68,10,2402,2,8,1,1,2,580031,198128,42,2,1,7,454,4,1012,1,60,1,4,4,1418,0,0,1,1,1,0,0,2,1,1,1,1,68,10,3,0,0,0,0,0,10,1,10
3,1,9,0,9,0,1,0,0,0,0,1,1,6,2,29,6,1598,1,8,1,2,2,315981,176420,62,2,2,4,741,3,4161,6,30,6,2,6,0,0,5,1,1,1,0,0,1,1,1,1,2,29,6,3,0,0,0,0,0,9,1,5
2,2,5,0,17,0,8,0,0,0,0,1,1,6,1,40,7,649,1,4,1,1,2,392450,404530,6,2,1,2,104,3,627,1,30,1,2,5,0,0,5,1,1,1,0,0,1,1,1,1,1,40,7,2,0,0,0,0,0,5,1,1
3,1,9,0,18,0,8,0,0,0,0,3,1,6,1,24,5,1242,1,2,1,4,2,582351,186685,42,2,4,4,460,6,0,6,30,6,4,6,0,0,0,1,1,1,0,0,1,1,4,2,2,24,5,3,0,0,2,0,0,9,1,8
2,1,9,0,18,0,0,1,10,0,0,1,1,6,1,30,6,1598,1,8,1,1,1,318768,174347,62,1,1,1,741,3,4232,3,50,0,4,6,0,0,0,4,1,1,0,0,1,1,1,1,1,30,6,2,0,0,0,0,0,9,1,5
3,1,9,0,5,0,6,0,0,0,0,1,1,6,1,39,7,2792,1,22,3,2,3,372380,279510,22,3,2,5,286,4,4194,6,60,8,4,6,0,0,0,1,1,2,0,0,2,1,1,1,1,33,6,3,0,0,0,0,0,9,1,5