accident_severity,vehicle_reference,vehicle_type,towing_and_articulation,vehicle_manoeuvre,vehicle_location-restricted_lane,junction_location,skidding_and_overturning,hit_object_in_carriageway,vehicle_leaving_carriageway,hit_object_off_carriageway,1st_point_of_impact,was_vehicle_left_hand_drive?,journey_purpose_of_driver,sex_of_driver,age_of_driver,age_band_of_driver,engine_capacity_(cc),propulsion_code,age_of_vehicle,driver_home_area_type,NUmber_of_Casualities_unique_to_accident_index,No_of_Vehicles_involved_unique_to_accident_index,location_easting_osgr,location_northing_osgr,police_force,number_of_vehicles,number_of_casualties,day_of_week,local_authority_(district),1st_road_class,1st_road_number,road_type,speed_limit,junction_detail,junction_control,2nd_road_class,2nd_road_number,pedestrian_crossing-human_control,pedestrian_crossing-physical_facilities,light_conditions,weather_conditions,road_surface_conditions,special_conditions_at_site,carriageway_hazards,urban_or_rural_area,did_police_officer_attend_scene_of_accident,casualty_reference,casualty_class,sex_of_casualty,age_of_casualty,age_band_of_casualty,casualty_severity,pedestrian_location,pedestrian_movement,car_passenger,bus_or_coach_passenger,pedestrian_road_maintenance_worker,casualty_type,casualty_home_area_type,casualty_imd_decile
3,2,9,0,18,0,1,0,0,0,0,1,1,6,2,35,6,1587,1,10,1,2,2,339300,555300,3,2,2,7,62,4,5299,6,30,6,4,6,0,0,4,1,1,1,0,0,1,1,2,2,2,7,2,3,0,0,2,0,0,9,1,4
3,1,9,0,9,0,8,0,0,0,0,3,1,3,2,40,7,1686,2,7,1,1,2,413899,434618,13,2,1,3,200,6,0,6,30,3,4,6,0,0,0,1,1,1,0,0,1,1,1,1,2,40,7,3,0,0,0,0,0,9,1,2
3,2,9,0,18,0,0,0,0,0,0,3,1,6,2,50,8,1598,1,8,3,1,2,206850,199210,63,2,1,1,752,6,0,6,60,0,4,6,0,0,0,1,1,1,0,0,2,1,1,1,2,50,8,3,0,0,0,0,0,9,3,5
3,1,9,0,16,0,0,2,10,0,0,3,1,6,1,18,4,1198,1,12,2,2,2,420792,144668,54,2,2,5,635,5,11,6,60,0,4,6,0,0,0,1,1,1,0,0,2,1,1,1,1,18,4,3,0,0,0,0,0,9,2,7
3,1,1,0,18,0,6,0,0,0,0,1,1,2,2,22,5,1598,1,8,2,2,2,443013,481989,12,2,2,6,181,6,1920,6,30,8,4,6,0,0,0,1,1,1,0,0,2,1,1,1,2,22,5,3,0,0,0,0,0,1,2,5
3,1,9,0,18,0,1,0,0,0,0,1,1,6,2,73,10,1364,1,8,1,2,3,401407,309961,21,3,2,1,250,3,5190,6,30,3,4,6,24,0,0,1,1,1,0,0,1,2,1,1,2,73,10,3,0,0,0,0,0,9,1,8
3,1,8,0,17,0,8,0,0,0,0,0,1,1,1,40,7,1598,1,8,1,2,1,306410,383124,60,1,2,3,723,4,5120,6,30,3,4,6,0,0,4,1,1,1,0,0,1,2,2,2,2,49,8,3,0,0,2,0,0,8,1,5
3,2,9,0,3,0,4,0,0,0,0,2,1,6,2,58,9,1229,1,6,1,2,2,294664,665541,95,2,2,6,940,3,706,1,60,1,4,4,8084,0,8,1,1,1,0,0,2,1,2,1,2,58,9,3,0,0,0,0,0,9,1,5
2,2,5,0,18,0,1,0,0,0,0,1,1,6,1,33,6,675,1,8,1,1,2,434921,457592,12,2,1,7,182,3,6055,6,30,8,4,6,0,0,0,1,1,1,0,0,1,1,1,1,1,33,6,2,0,0,0,0,0,5,1,5
3,2,9,0,18,0,0,0,0,0,0,2,1,2,1,27,6,1360,1,4,1,1,2,530973,143812,45,2,1,3,516,1,23,3,70,0,4,6,0,0,0,4,2,2,0,0,2,1,1,1,1,33,6,3,0,0,0,0,0,9,1,5
2,2,3,0,18,0,1,0,0,0,0,1,1,1,1,17,4,125,1,8,2,2,3,544470,261420,35,3,2,6,395,5,286,6,30,3,4,6,0,0,0,1,2,2,0,0,1,2,2,1,1,17,4,3,0,0,0,0,0,3,2,9
3,1,9,0,18,0,0,0,0,0,0,1,1,6,1,24,5,1364,1,7,1,1,2,545900,188930,1,2,1,6,14,3,12,3,40,0,4,6,0,0,0,4,2,2,0,0,1,1,1,1,1,24,5,3,0,0,0,0,0,9,1,3
3,1,9,0,18,0,8,0,0,0,0,1,1,6,2,23,5,1229,1,5,1,1,2,506818,222623,40,2,1,5,421,3,505,6,30,6,4,6,0,0,4,1,1,1,0,0,1,1,1,1,1,33,6,3,0,0,0,0,0,9,1,5
3,2,3,0,18,0,1,0,0,0,0,4,1,6,1,21,5,125,1,1,1,1,2,574840,155270,46,2,1,7,536,3,26,6,30,3,4,6,0,0,0,1,1,1,0,0,1,1,1,1,1,21,5,3,0,0,0,0,0,3,1,3
3,1,9,0,3,0,1,0,0,0,0,2,1,6,2,45,7,1598,1,8,1,1,2,532410,171600,1,2,1,5,9,6,0,6,30,3,4,6,0,0,0,1,1,1,0,0,1,1,1,1,2,45,7,3,0,0,0,0,0,9,1,3
3,2,9,0,3,0,1,0,0,0,0,2,1,6,2,28,6,1596,1,14,1,4,3,248594,58896,50,3,4,3,583,3,386,3,40,5,4,6,0,0,0,1,1,1,0,0,1,1,3,2,2,33,6,3,0,0,2,0,0,9,1,6
2,6,21,1,18,0,0,0,0,0,0,0,1,6,1,40,7,1598,1,8,1,3,6,613410,136760,46,6,3,1,539,3,20,6,60,0,4,6,0,0,0,1,1,1,0,0,2,1,1,1,1,33,6,3,0,0,0,0,0,9,1,5
3,2,9,0,5,0,1,0,0,0,0,4,1,6,1,83,11,1598,1,8,1,3,2,313482,176000,62,2,3,6,741,3,48,3,30,6,2,6,0,0,0,4,5,2,0,0,1,1,3,2,2,74,10,3,0,0,1,0,0,9,1,5
3,1,9,0,3,0,8,0,0,0,0,2,1,6,2,42,7,1587,1,12,1,2,3,539420,190380,1,3,2,7,13,3,406,1,30,1,2,3,104,0,0,1,1,1,0,0,2,1,1,1,1,33,6,3,0,0,0,0,0,9,1,5
3,2,1,0,18,0,8,0,0,0,0,0,1,2,1,54,8,1598,1,8,1,1,2,334840,433770,4,2,1,3,71,6,0,6,30,3,4,6,0,0,0,1,1,1,0,0,1,1,1,1,1,54,8,3,0,0,0,0,0,1,1,3
2,1,5,0,9,0,6,0,0,0,0,4,1,6,1,62,9,899,1,12,1,1,1,449757,275127,23,1,1,7,292,3,428,6,30,3,2,6,0,0,5,1,1,1,0,0,1,1,1,1,1,62,9,2,0,0,0,0,0,5,1,5
3,1,9,0,3,0,1,0,0,0,0,2,1,6,1,22,5,1240,1,12,1,1,3,428940,429856,13,3,1,4,204,3,653,6,30,3,2,6,0,0,5,1,1,1,0,0,1,1,1,1,1,33,6,3,0,0,0,0,0,9,1,5
3,5,9,0,18,0,1,0,0,0,0,4,1,6,1,55,8,1968,2,7,1,2,6,383830,395710,6,6,2,2,102,3,5103,3,30,3,4,6,0,0,0,4,1,2,0,0,1,1,2,2,1,25,5,3,0,0,1,0,0,9,1,2
3,1,9,0,3,0,1,0,0,0,0,2,1,6,2,50,8,1598,1,8,1,1,2,521590,190160,1,2,1,7,30,6,0,6,30,3,4,6,0,0,1,1,1,1,0,0,1,1,1,1,2,50,8,3,0,0,0,0,0,9,1,8
3,2,9,0,4,0,1,0,0,0,0,1,1,6,1,38,7,1364,1,7,1,1,2,532060,174060,1,2,1,7,9,3,215,6,30,3,2,3,2199,0,5,1,1,1,0,0,1,1,1,1,1,33,6,3,0,0,0,0,0,9,1,5
3,1,9,0,18,0,0,0,0,0,0,1,1,2,1,56,9,1995,2,3,2,2,2,390415,206186,53,2,2,1,624,5,200,6,30,0,4,6,0,0,0,1,5,4,0,0,2,1,2,1,1,56,9,3,0,0,0,0,0,9,2,10
3,2,9,0,18,0,0,0,0,0,0,1,1,6,2,33,6,1968,2,7,1,2,2,530370,185890,1,2,2,5,3,3,503,2,30,0,4,6,0,0,0,1,1,1,0,0,1,1,2,1,2,33,6,3,0,0,0,0,0,9,1,1
3,1,9,0,7,0,3,0,0,0,0,4,1,6,2,50,8,1242,1,6,1,1,2,582092,215437,42,2,1,5,451,4,1018,1,30,1,4,6,0,2,1,1,1,1,0,0,1,1,1,1,1,33,6,3,0,0,0,0,0,9,1,5
2,1,2,0,18,0,1,0,0,0,0,1,1,6,1,35,6,1598,1,8,3,1,2,173552,41395,50,2,1,2,596,6,0,6,30,9,4,6,0,0,0,1,1,1,0,0,2,1,1,1,1,35,6,2,0,0,0,0,0,2,3,4
3,1,9,0,4,0,0,0,0,0,0,1,1,6,1,33,6,1390,1,12,1,2,2,390142,344211,21,2,2,6,257,3,5007,3,30,0,4,6,0,0,5,4,2,2,0,0,1,2,1,1,1,33,6,3,0,0,0,0,0,9,1,5
3,2,9,0,18,0,0,0,0,0,0,1,1,2,2,40,7,1560,2,5,1,2,2,419259,299157,21,2,2,5,252,3,4091,6,50,0,4,6,0,0,0,1,1,1,0,0,2,1,1,1,2,40,7,3,0,0,0,0,0,9,1,7
2,2,1,0,18,0,0,0,10,1,10,4,1,6,1,28,6,1598,1,8,1,1,2,528480,179630,1,2,1,1,1,3,302,6,30,0,4,6,0,0,0,4,5,2,0,0,1,1,1,1,1,28,6,2,0,0,0,0,0,1,1,2
3,4,9,0,18,0,0,0,0,0,0,2,1,6,1,28,6,1598,1,8,1,8,4,346242,397045,5,4,8,7,92,3,580,3,60,0,4,6,0,0,0,1,1,1,0,0,2,1,8,2,2,33,6,3,0,0,1,0,0,9,1,1
3,3,9,0,18,0,0,0,0,0,0,1,1,6,1,26,6,1598,1,8,1,1,3,550787,221553,41,3,1,4,432,3,1250,6,30,0,4,6,0,0,8,1,1,1,0,0,1,1,1,1,1,33,6,3,0,0,0,0,0,9,1,5
3,2,9,0,3,0,1,0,0,0,0,2,1,5,1,57,9,1198,1,1,1,2,4,396966,309019,21,4,2,7,250,3,5,6,50,3,4,6,0,0,0,1,1,1,0,0,1,1,1,2,1,26,6,3,0,0,2,0,0,9,1,4
3,2,9,0,18,0,8,1,0,0,0,1,1,6,1,20,4,1275,1,22,1,3,2,634180,166310,46,2,3,6,541,4,2050,6,40,3,3,6,0,0,0,1,1,1,0,0,2,1,2,1,1,20,4,3,0,0,0,0,0,9,1,3
3,1,19,0,18,0,8,0,0,0,0,1,1,6,1,55,8,2198,2,2,1,1,2,551100,182790,1,2,1,3,15,3,1306,3,30,3,4,6,0,0,0,1,1,1,0,0,1,1,1,1,1,33,6,3,0,0,0,0,0,9,1,5
3,2,9,0,17,0,8,0,0,0,0,4,1,6,1,27,6,1461,2,1,1,3,2,336548,388613,5,2,3,4,91,4,5174,6,30,1,4,4,5175,0,0,1,1,1,0,0,1,1,2,2,2,23,5,3,0,0,2,0,0,9,1,1
3,1,8,0,18,0,1,0,0,0,0,1,1,2,1,24,5,1400,1,10,1,1,3,414120,293200,20,3,1,2,300,6,0,6,30,3,4,6,0,0,0,1,1,1,0,0,1,1,1,1,1,33,6,3,0,0,0,0,0,9,1,5
3,2,9,0,4,0,1,0,0,0,0,0,1,6,1,43,7,1198,1,5,1,1,2,330804,377874,7,2,1,1,130,3,540,6,40,3,4,6,0,0,0,1,1,1,0,0,2,1,1,1,1,33,6,3,0,0,0,0,0,9,1,5
3,2,9,4,17,0,8,0,0,0,0,3,1,2,2,51,8,1598,1,8,3,2,2,481379,169692,43,2,2,6,475,6,7515,6,30,3,4,6,7515,0,0,1,1,1,0,0,1,1,2,1,2,51,8,3,0,0,0,0,0,9,3,8
3,1,9,0,18,0,0,0,0,0,0,1,1,6,2,73,10,698,1,8,1,1,1,408790,93558,55,1,1,3,640,6,0,6,30,0,4,6,0,0,0,4,5,2,0,0,1,1,1,3,2,4,1,3,5,3,0,0,0,0,1,1
3,1,9,0,3,0,0,0,0,0,0,1,1,6,1,49,8,1984,1,7,3,1,2,342110,275450,22,2,1,6,285,3,4113,6,60,0,4,6,0,0,0,1,1,4,0,0,2,2,1,1,1,49,8,3,0,0,0,0,0,9,3,5
3,1,5,0,18,0,1,0,0,0,0,1,1,2,1,28,6,125,1,11,1,1,2,535010,181280,1,2,1,6,5,3,13,6,30,3,4,6,0,0,0,1,1,1,0,0,1,1,1,1,1,28,6,3,0,0,0,0,0,5,1,3
3,1,9,0,18,0,0,0,0,0,0,0,1,6,3,40,7,1598,1,8,1,1,1,260534,666283,97,1,1,4,926,6,0,6,30,0,4,6,0,0,0,1,1,1,0,0,1,2,1,3,2,42,7,3,5,1,0,0,0,0,1,5
3,2,19,0,4,0,0,0,0,0,0,1,1,6,1,41,7,1870,2,12,1,1,2,434648,437187,13,2,1,6,204,6,0,6,30,0,4,6,0,0,0,1,1,1,0,0,1,1,1,1,1,33,6,3,0,0,0,0,0,9,1,5
3,2,9,0,4,0,0,0,0,0,0,2,1,4,2,28,6,1598,1,12,3,4,2,436074,282065,20,2,4,2,302,6,0,6,30,0,4,6,0,0,0,1,8,2,0,0,1,2,1,1,2,28,6,3,0,0,0,0,0,9,3,4
2,1,9,0,18,0,1,0,0,0,0,1,1,6,1,32,6,2597,1,12,1,1,1,540310,183220,1,1,1,4,17,3,112,6,30,3,2,3,114,0,5,1,1,1,0,0,1,1,1,3,1,21,5,2,1,3,0,0,2,0,1,2
3,2,3,0,18,0,8,0,0,0,0,1,1,2,1,21,5,125,1,1,1,1,2,377880,397450,6,2,1,5,112,4,5214,6,30,3,4,5,0,0,0,1,1,1,0,0,1,1,1,1,1,21,5,3,0,0,0,0,0,3,1,5
3,3,9,0,2,0,2,0,0,0,0,3,1,6,2,39,7,1997,2,8,1,1,4,404320,394220,30,4,1,4,325,3,57,6,30,3,4,6,0,0,0,1,1,1,0,0,1,1,1,1,1,33,6,3,0,0,0,0,0,9,1,5
3,2,9,0,18,0,1,0,0,0,0,1,1,6,1,20,4,1396,1,10,1,3,2,432910,423746,13,2,3,7,206,3,61,6,30,3,4,6,0,0,0,4,1,1,0,0,1,2,3,1,1,20,4,3,0,0,0,0,0,9,1,1
3,1,9,0,9,0,2,0,0,0,0,1,1,1,1,47,8,1598,1,8,1,1,2,407370,281750,20,2,1,3,300,3,435,6,30,3,4,6,0,0,4,1,1,2,0,0,1,1,1,1,1,33,6,3,0,0,0,0,0,9,1,5
2,1,9,0,17,0,0,0,0,0,0,3,1,6,1,20,4,1598,1,8,1,4,2,296473,377194,60,2,4,1,721,3,547,6,60,0,4,6,0,0,0,1,5,2,0,0,2,1,4,2,2,21,5,3,0,0,1,0,0,9,1,5
3,1,9,0,18,0,0,0,0,1,7,1,1,6,1,47,8,3248,1,14,1,1,1,486937,212881,43,1,1,4,476,3,41,3,70,0,4,6,0,0,0,1,1,1,0,0,2,1,1,1,1,47,8,3,0,0,0,0,0,9,1,8
3,2,9,0,18,0,0,0,0,0,0,1,1,6,1,59,9,1968,2,2,1,3,3,352870,478250,3,3,3,2,65,1,6,3,70,0,4,6,0,0,0,6,3,4,0,0,2,1,3,2,1,38,7,3,0,0,1,0,0,9,1,2
3,2,3,0,18,0,8,0,0,0,0,1,1,6,1,27,6,124,1,9,1,1,2,535400,198130,1,2,1,6,32,3,1010,6,30,8,4,6,0,0,0,1,1,1,0,0,1,1,1,1,1,27,6,3,0,0,0,0,0,3,1,3
3,2,9,0,3,0,2,0,0,0,0,1,1,6,1,65,9,1598,1,2,1,1,2,407040,281630,20,2,1,5,300,6,0,6,30,3,4,6,0,0,0,1,1,1,0,0,1,1,1,2,2,63,9,3,0,0,1,0,0,9,1,3
2,1,4,0,18,0,8,1,0,0,0,4,1,2,1,56,9,124,1,4,1,1,2,508170,209760,41,2,1,5,431,4,487,6,40,3,4,6,1283,0,0,1,1,2,0,0,2,1,1,1,1,56,9,2,0,0,0,0,0,4,1,9
2,1,5,0,18,0,8,0,10,1,1,2,1,6,1,55,8,535,1,22,1,1,1,475723,257993,34,1,1,1,384,3,508,1,60,1,2,3,45,0,0,1,1,1,0,0,2,1,1,1,1,55,8,2,0,0,0,0,0,5,1,8
2,2,9,0,10,0,1,0,0,1,9,2,1,6,1,22,5,995,1,9,3,1,2,532990,304130,35,2,1,5,394,3,47,6,60,8,4,6,0,0,0,6,1,1,0,0,2,1,1,1,1,22,5,2,0,0,0,0,0,9,3,4
3,1,3,0,18,2,0,0,0,0,0,1,1,6,1,36,7,124,1,7,1,1,2,522260,172880,1,2,1,5,10,3,3,3,30,0,4,6,0,0,0,1,1,1,0,0,1,1,1,1,1,36,7,3,0,0,0,0,0,3,1,6
2,2,9,0,17,0,2,0,0,0,0,1,1,6,1,73,10,1997,2,6,1,2,3,534910,198830,1,3,2,7,32,6,0,6,30,3,4,6,0,0,0,1,1,1,0,0,1,1,1,1,1,33,6,3,0,0,0,0,0,9,1,5
3,2,1,0,18,0,6,0,0,0,0,3,1,6,2,22,5,1598,1,8,1,1,2,621689,308887,36,2,1,3,404,6,0,6,30,6,4,6,0,0,0,1,1,1,0,0,1,1,1,1,2,22,5,3,0,0,0,0,0,1,1,7
3,1,9,0,16,0,0,0,0,8,3,1,1,6,2,18,4,1598,1,8,1,1,1,562150,149520,46,1,1,7,542,5,60,6,60,0,4,6,0,0,0,6,1,1,0,0,2,1,1,1,2,18,4,3,0,0,0,0,0,9,1,4
3,1,9,0,18,0,0,0,0,0,0,4,1,2,1,55,8,1299,1,13,3,1,1,515158,131501,47,1,1,5,562,6,0,6,30,0,4,6,0,0,5,1,2,2,0,0,1,1,1,3,1,23,5,3,9,9,0,0,0,0,1,8
3,1,9,0,7,2,5,0,0,0,0,1,1,6,1,41,7,2987,2,8,1,1,2,508162,428678,16,2,1,3,228,3,1105,6,30,3,4,6,0,0,0,1,2,2,0,0,1,1,1,1,1,33,6,3,0,0,0,0,0,9,1,5
2,1,9,0,18,0,0,0,0,0,0,1,1,6,2,65,9,1149,1,14,1,1,2,421554,507214,12,2,1,1,184,3,1,3,70,0,4,6,0,0,0,6,1,1,4,0,2,1,1,1,2,65,9,2,0,0,0,0,0,9,1,1
3,1,9,0,18,0,0,0,0,0,0,4,1,2,2,33,6,1988,1,12,1,3,2,387890,406620,6,2,3,1,106,6,0,6,30,0,4,6,0,0,0,4,1,1,0,0,1,1,2,2,1,6,2,3,0,0,2,0,0,9,1,1
3,2,9,0,18,0,0,0,0,0,0,4,1,2,1,31,6,1986,2,8,1,1,2,432326,531044,11,2,1,1,169,2,1,3,70,0,4,6,0,0,0,6,2,4,0,0,2,1,1,1,1,33,6,3,0,0,0,0,0,9,1,5
3,1,9,0,16,0,0,0,0,1,7,1,1,5,1,26,6,1598,1,8,1,2,2,404584,307138,21,2,2,7,252,1,6,3,70,0,4,6,0,0,0,7,1,1,0,0,2,2,1,2,2,24,5,3,0,0,1,0,0,9,1,2
3,1,3,0,18,0,1,1,0,0,0,1,1,1,2,24,5,124,1,9,1,1,1,441499,137231,44,1,1,2,501,3,30,6,60,3,4,6,0,0,0,1,1,2,0,0,2,1,1,1,2,24,5,3,0,0,0,0,0,3,1,4
3,1,1,0,18,0,8,0,0,0,0,1,1,6,2,41,7,1598,1,8,1,1,2,429256,516409,11,2,1,4,161,6,0,6,30,3,4,3,167,0,0,1,1,1,0,0,1,1,1,1,2,41,7,3,0,0,0,0,0,1,1,1
3,1,9,0,3,0,1,0,0,0,0,4,1,2,1,24,5,1242,1,10,2,1,2,433811,386737,14,2,1,2,215,4,6069,6,30,3,4,6,0,0,0,1,1,1,0,0,1,1,1,1,1,33,6,3,0,0,0,0,0,9,1,5
3,2,9,0,18,0,0,0,12,0,0,2,1,6,1,67,10,1598,1,8,3,1,2,585053,228961,42,2,1,7,451,3,1124,6,30,0,4,6,0,0,0,1,1,1,0,7,2,1,1,2,2,70,10,3,0,0,1,0,0,9,3,6
3,1,9,0,18,0,3,0,0,0,0,1,1,6,2,32,6,1896,2,7,1,2,2,412070,287667,20,2,2,4,300,6,0,1,30,1,4,6,0,0,0,4,1,2,0,0,1,1,1,1,2,32,6,3,0,0,0,0,0,9,1,3
3,2,9,0,4,0,1,0,0,0,0,2,1,6,1,26,6,1149,1,12,2,2,2,537540,194480,1,2,2,7,13,3,1037,6,30,1,4,3,112,0,0,1,1,1,0,0,2,1,1,1,1,26,6,3,0,0,0,0,0,9,2,8
3,2,9,0,7,0,5,0,0,0,0,3,1,2,2,39,7,1124,1,11,1,1,2,421146,562285,10,2,1,5,146,3,1,3,50,5,4,3,1,0,0,1,1,1,0,0,2,2,1,1,2,39,7,3,0,0,0,0,0,9,1,2
3,1,9,0,5,0,8,0,0,0,0,3,1,4,1,57,9,1398,1,5,1,1,2,387784,809492,92,2,1,2,910,6,0,6,60,3,4,6,0,0,0,1,1,1,0,1,2,2,1,1,1,33,6,3,0,0,0,0,0,9,1,5
3,4,9,0,4,0,0,0,0,0,0,1,1,6,1,86,11,2993,2,8,3,1,4,577192,310917,36,4,1,4,400,3,47,6,60,0,4,6,0,0,0,1,1,1,0,0,2,1,1,1,1,33,6,3,0,0,0,0,0,9,1,5
3,1,9,0,9,0,8,0,0,7,4,1,1,2,2,24,5,1598,1,9,1,1,2,514400,188870,1,2,1,5,29,6,0,1,30,2,4,6,0,0,0,1,1,1,0,0,1,1,1,1,2,24,5,3,0,0,0,0,0,9,1,10
3,2,1,0,18,0,1,0,0,1,9,4,1,6,2,65,9,1598,1,8,1,1,2,581810,144930,46,2,1,5,536,5,68,6,60,3,4,6,0,0,0,1,1,1,5,0,2,2,1,1,2,65,9,3,0,0,0,0,0,1,1,10
3,2,1,0,18,0,1,0,0,0,0,4,1,6,1,55,8,1598,1,8,1,1,2,349840,425620,4,2,1,7,83,6,0,6,30,3,4,6,0,0,0,1,1,1,0,0,1,1,1,1,1,55,8,3,0,0,0,0,0,1,1,9
3,2,19,0,13,0,0,0,0,0,0,4,1,1,3,38,7,1598,1,8,1,1,2,332815,140419,52,2,1,3,607,3,39,6,60,0,4,6,0,0,0,1,1,2,0,0,2,1,1,1,1,33,6,3,0,0,0,0,0,9,1,5
3,1,9,0,18,0,0,0,0,0,0,1,1,3,2,46,8,1242,1,7,3,1,1,525950,408313,16,1,1,3,233,6,0,6,30,0,4,6,0,0,0,1,1,1,0,0,1,1,1,3,1,12,3,3,5,1,0,0,0,0,1,1
3,3,9,0,3,0,0,0,0,0,0,2,1,6,2,67,10,2184,2,9,1,4,4,367806,87555,55,4,4,5,645,3,354,6,60,0,4,6,0,0,0,6,1,1,0,0,2,1,1,1,1,33,6,3,0,0,0,0,0,9,1,5
2,2,1,0,16,0,0,1,0,0,0,1,1,6,1,41,7,1598,1,8,1,3,4,350030,448279,4,4,3,1,85,5,0,6,60,0,4,6,0,0,0,1,1,1,0,0,2,1,1,1,1,41,7,2,0,0,0,0,0,1,1,2
3,3,9,0,4,0,0,0,0,0,0,1,1,6,1,62,9,1796,1,10,1,8,5,585190,162550,46,5,8,1,540,1,2,3,70,0,4,6,0,0,0,1,1,1,0,0,2,1,2,1,1,62,9,3,0,0,0,0,0,9,1,10
3,3,19,0,4,0,0,0,0,0,0,2,1,1,1,47,8,2198,2,4,1,1,4,398354,308240,21,4,1,6,250,3,460,6,50,0,4,6,0,0,0,1,1,1,0,0,2,1,1,1,1,33,6,3,0,0,0,0,0,9,1,5
3,1,1,0,3,0,0,0,0,0,0,2,1,2,1,28,6,1598,1,8,1,1,2,533480,182370,1,2,1,5,4,3,10,6,30,0,4,6,0,0,4,4,1,1,0,0,1,2,1,1,1,28,6,3,0,0,0,0,0,1,1,5
3,4,9,0,3,0,0,0,0,0,0,2,1,6,1,61,9,2184,2,1,1,3,4,499863,224051,40,4,3,6,424,3,5,6,60,0,4,6,0,0,0,4,2,2,4,0,2,1,1,1,1,33,6,3,0,0,0,0,0,9,1,5
3,2,3,0,18,0,1,0,0,0,0,0,1,6,1,26,6,124,1,7,2,1,2,151934,39928,50,2,1,3,596,6,0,6,30,9,4,6,0,0,0,4,1,1,0,0,2,1,1,1,1,26,6,3,0,0,0,0,0,3,2,6
3,1,8,0,11,0,2,0,0,0,0,4,1,1,1,33,6,1800,8,5,1,1,2,528990,181310,1,2,1,6,1,3,4201,6,30,6,4,6,0,0,0,1,1,1,0,0,1,1,1,1,1,33,6,3,0,0,0,0,0,9,1,5
2,2,4,0,18,0,8,0,0,1,0,1,1,6,1,44,7,498,1,16,1,1,2,525350,171130,1,2,1,3,22,5,0,6,30,3,3,6,0,0,0,1,9,1,0,0,1,1,1,1,1,44,7,2,0,0,0,0,0,4,1,9
3,2,9,0,13,0,8,0,0,0,0,4,1,6,1,19,4,1560,2,1,1,6,2,408360,292180,20,2,6,2,300,6,0,6,30,8,4,6,0,0,0,1,1,1,0,0,1,1,5,2,1,19,4,3,0,0,2,0,0,9,1,1
3,1,9,0,18,0,8,0,0,0,0,4,1,6,1,26,6,993,1,12,1,1,2,445021,385266,14,2,1,2,213,4,6053,6,30,6,2,6,0,0,0,4,1,2,0,0,1,1,1,1,1,26,6,3,0,0,0,0,0,9,1,8
3,2,9,0,18,0,1,0,0,1,10,1,1,6,1,40,7,1598,1,8,1,2,2,240105,624693,97,2,2,2,937,4,743,6,30,3,4,4,742,0,0,1,1,1,0,0,2,1,1,1,1,40,7,3,0,0,0,0,0,9,1,5
3,1,9,0,18,0,0,2,0,0,0,1,1,1,1,48,8,2496,2,11,1,2,2,618590,153870,46,2,2,6,531,6,431,6,40,0,4,6,0,0,0,1,1,1,0,0,2,1,1,1,1,33,6,3,0,0,0,0,0,9,1,5
3,1,9,0,4,0,0,0,0,0,0,1,1,6,1,38,7,1762,1,17,1,1,3,393806,309166,21,3,1,1,254,1,6,3,70,0,4,6,0,0,0,1,1,1,0,0,2,1,1,1,1,33,6,3,0,0,0,0,0,9,1,5
3,2,9,0,18,0,0,0,0,0,0,0,1,6,3,38,7,1598,1,8,1,1,2,456525,306860,33,2,1,3,364,4,5327,6,30,0,4,6,0,0,0,1,1,1,0,0,1,1,1,1,1,33,6,3,0,0,0,0,0,9,1,5
3,1,9,0,18,0,0,1,0,0,0,1,1,6,2,36,7,1598,1,8,1,1,1,294840,272260,63,1,1,2,753,3,470,6,60,0,4,6,0,0,0,1,1,1,0,0,2,1,1,1,2,36,7,3,0,0,0,0,0,9,1,5
2,2,9,0,7,0,8,0,0,0,0,4,1,6,1,46,8,1995,2,8,1,1,2,511698,200527,41,2,1,2,437,6,509,6,30,3,4,3,412,0,0,4,1,2,0,0,1,1,1,1,1,33,6,3,0,0,0,0,0,9,1,5
3,1,9,0,18,0,8,1,0,0,0,4,1,6,1,21,5,1598,1,14,1,1,2,438433,383910,14,2,1,2,215,3,6102,3,40,6,2,4,6063,0,0,1,1,1,0,0,1,1,1,1,1,21,5,3,0,0,0,0,0,9,1,1
2,1,4,0,16,0,0,1,0,0,0,3,1,6,1,23,5,125,1,1,2,1,2,417687,553111,11,2,1,7,169,6,0,6,60,0,4,6,0,0,0,1,1,1,0,0,2,1,1,1,1,23,5,2,0,0,0,0,0,4,2,2
2,1,9,0,16,0,0,0,0,7,11,1,1,6,1,22,5,1598,1,8,1,1,1,259033,374748,60,1,1,2,720,3,545,6,40,0,4,6,0,0,0,6,2,2,0,0,2,1,1,1,1,22,5,2,0,0,0,0,0,9,1,5
3,1,9,0,18,0,8,0,0,0,0,1,1,6,1,35,6,1248,1,2,1,1,1,521390,180900,1,1,1,1,27,3,40,3,40,6,2,6,0,0,5,4,1,1,0,0,1,1,1,3,1,33,6,3,1,1,0,0,2,0,1,5
3,1,9,0,4,0,0,0,0,0,0,1,1,1,1,49,8,1995,2,3,3,1,3,448308,309069,33,3,1,6,361,1,1,3,70,0,4,6,0,0,0,1,1,1,0,0,2,1,1,1,1,49,8,3,0,0,0,0,0,9,3,8
3,2,21,0,18,0,0,0,0,0,0,1,1,1,1,58,9,12900,2,7,2,4,2,537130,182780,1,2,4,1,5,3,11,3,30,0,4,6,0,0,0,4,7,2,0,0,1,1,1,1,1,33,6,3,0,0,0,0,0,9,1,5