accident_severity,vehicle_reference,vehicle_type,towing_and_articulation,vehicle_manoeuvre,vehicle_location-restricted_lane,junction_location,skidding_and_overturning,hit_object_in_carriageway,vehicle_leaving_carriageway,hit_object_off_carriageway,1st_point_of_impact,was_vehicle_left_hand_drive?,journey_purpose_of_driver,sex_of_driver,age_of_driver,age_band_of_driver,engine_capacity_(cc),propulsion_code,age_of_vehicle,driver_home_area_type,NUmber_of_Casualities_unique_to_accident_index,No_of_Vehicles_involved_unique_to_accident_index,location_easting_osgr,location_northing_osgr,police_force,number_of_vehicles,number_of_casualties,day_of_week,local_authority_(district),1st_road_class,1st_road_number,road_type,speed_limit,junction_detail,junction_control,2nd_road_class,2nd_road_number,pedestrian_crossing-human_control,pedestrian_crossing-physical_facilities,light_conditions,weather_conditions,road_surface_conditions,special_conditions_at_site,carriageway_hazards,urban_or_rural_area,did_police_officer_attend_scene_of_accident,casualty_reference,casualty_class,sex_of_casualty,age_of_casualty,age_band_of_casualty,casualty_severity,pedestrian_location,pedestrian_movement,car_passenger,bus_or_coach_passenger,pedestrian_road_maintenance_worker,casualty_type,casualty_home_area_type,casualty_imd_decile
2,1,9,0,18,0,0,0,0,0,0,1,1,6,2,18,4,1364,1,6,3,3,2,365852,635835,95,2,3,1,914,4,6397,3,60,0,4,6,0,0,0,1,1,1,0,0,2,1,1,1,2,18,4,2,0,0,0,0,0,9,3,5
3,2,9,0,2,0,0,0,0,0,0,4,1,6,2,26,6,1796,2,1,1,1,3,379920,411860,6,3,1,4,101,6,0,6,30,0,4,6,0,0,0,1,1,1,0,0,1,1,1,1,1,33,6,3,0,0,0,0,0,9,1,5
2,1,19,4,14,0,8,0,0,0,0,3,1,6,1,38,7,1753,2,9,1,1,1,487657,182725,43,1,1,2,474,6,7408,6,30,3,4,6,7408,0,0,1,1,1,0,0,1,2,1,3,2,49,8,2,10,8,0,0,0,0,1,10
3,1,9,0,11,0,0,0,0,0,0,4,1,6,2,24,5,1198,1,10,1,1,2,502328,178177,43,2,1,7,473,1,4,3,70,0,4,6,0,0,0,1,1,1,0,0,2,1,1,1,1,33,6,3,0,0,0,0,0,9,1,5
3,1,9,0,3,0,1,0,0,0,0,2,1,6,2,36,7,1796,1,10,2,1,2,459071,307702,33,2,1,7,364,5,1768,6,30,2,4,3,6,0,4,1,1,1,0,0,2,2,1,1,2,36,7,3,0,0,0,0,0,9,2,8
3,2,9,0,3,0,0,0,0,0,0,2,1,6,2,23,5,1229,1,8,1,1,3,507640,184580,1,3,1,4,26,3,437,6,30,0,4,6,0,0,0,1,1,1,0,0,1,1,1,1,2,23,5,3,0,0,0,0,0,9,1,5
3,1,9,0,18,0,8,0,0,0,0,1,1,6,1,62,9,1398,1,13,1,1,1,523200,179990,1,1,1,6,11,3,4020,6,30,6,4,6,0,0,4,4,1,1,0,0,1,1,1,3,1,62,9,3,1,1,0,0,2,0,1,7
3,2,9,0,18,0,8,0,0,1,0,4,1,1,1,49,8,1685,2,3,2,1,2,428818,515609,11,2,1,1,161,5,55,3,30,3,4,6,0,0,0,1,2,2,0,0,1,1,1,1,1,49,8,3,0,0,0,0,0,9,2,7
3,3,9,0,2,0,2,0,0,0,0,3,1,6,3,19,4,1598,2,4,1,1,3,436192,400204,14,3,1,7,210,6,0,6,30,3,4,6,0,0,0,1,1,1,0,0,1,1,1,1,1,33,6,3,0,0,0,0,0,9,1,5
3,1,9,0,7,0,4,0,0,0,0,1,1,6,2,61,9,1598,1,7,3,1,2,456751,298186,33,2,1,3,360,3,426,1,40,1,4,5,4604,0,4,1,1,1,0,0,1,1,1,1,1,33,6,3,0,0,0,0,0,9,1,5
3,1,9,0,9,0,8,0,0,0,0,0,1,1,1,58,9,2143,2,1,1,1,2,408130,289940,20,2,1,6,300,4,4137,6,30,6,4,6,0,0,0,1,1,1,0,0,1,2,1,1,1,33,6,3,0,0,0,0,0,9,1,5
3,1,9,0,18,0,2,0,7,0,1,1,1,6,1,30,6,999,1,6,1,1,1,537473,200516,41,1,1,1,430,3,121,6,40,3,2,6,862,0,5,4,1,1,0,0,1,1,1,1,1,30,6,3,0,0,0,0,0,9,1,5
3,1,9,0,18,0,0,0,0,0,0,2,1,1,1,60,9,1598,1,8,1,1,2,526800,179880,1,2,1,7,1,6,0,6,30,0,4,6,0,0,0,1,1,1,0,0,1,1,1,1,1,33,6,3,0,0,0,0,0,9,1,5
3,1,9,0,9,0,6,0,0,0,0,3,1,6,1,32,6,1798,8,3,1,1,2,530840,185600,1,2,1,4,3,3,1,6,30,3,4,6,0,0,0,1,1,1,0,0,1,1,1,1,1,33,6,3,0,0,0,0,0,9,1,5
3,1,9,0,18,0,8,0,0,0,0,1,1,2,1,44,7,1598,1,9,1,3,2,515900,188140,1,2,3,1,29,3,409,3,30,9,2,5,0,0,5,1,1,1,0,0,1,1,1,1,1,44,7,3,0,0,0,0,0,9,1,3
3,1,9,0,7,0,8,0,0,0,0,1,1,2,2,65,9,1870,2,10,1,1,2,422204,301419,21,2,1,2,258,4,5404,1,40,1,4,4,5440,0,0,1,1,1,0,0,1,2,1,1,1,33,6,3,0,0,0,0,0,9,1,5
3,1,9,0,9,0,6,0,0,0,0,1,1,6,1,19,4,1598,1,8,3,2,2,388727,349214,21,2,2,7,257,3,5272,6,30,6,4,6,0,0,4,1,1,2,0,0,1,3,1,1,1,33,6,3,0,0,0,0,0,9,1,5
3,1,1,0,18,0,8,0,0,0,0,3,1,6,1,36,7,1598,1,8,1,1,2,533560,185640,1,2,1,3,4,3,10,6,30,3,4,6,0,0,1,1,1,2,0,0,1,1,1,1,1,36,7,3,0,0,0,0,0,1,1,2
3,1,9,0,18,0,0,0,0,0,0,3,1,6,1,57,9,1598,1,8,1,1,1,279147,378239,60,1,1,2,721,6,0,6,30,0,4,6,0,0,0,1,1,1,0,0,1,1,1,3,1,5,1,3,5,3,0,0,0,0,1,5
3,4,19,0,3,0,1,0,0,0,0,1,1,2,1,43,7,1560,2,8,1,2,4,435026,568398,10,4,2,5,148,3,193,6,30,3,4,6,2082,0,0,1,1,1,0,0,1,1,1,1,1,33,6,3,0,0,0,0,0,9,1,5
3,1,9,0,16,0,8,1,7,0,0,3,1,6,2,22,5,1388,1,6,1,1,1,432300,425980,13,1,1,1,204,1,62,3,70,9,4,1,1,0,0,1,1,1,0,0,2,1,1,1,2,22,5,3,0,0,0,0,0,9,1,5
3,1,9,0,18,0,0,0,0,0,0,1,1,6,2,26,6,1149,1,4,1,1,2,250615,58234,50,2,1,2,583,6,0,6,30,0,4,6,0,0,0,1,1,1,0,0,2,2,1,1,1,33,6,3,0,0,0,0,0,9,1,5
3,1,9,0,9,9,1,0,0,0,0,3,1,6,3,38,7,1598,1,8,1,1,2,522440,166310,1,2,1,2,21,6,0,6,30,8,4,6,0,0,0,1,1,1,0,0,1,2,1,1,1,33,6,3,0,0,0,0,0,9,1,5
3,1,19,0,1,0,0,0,0,0,0,2,1,1,1,52,8,2402,2,5,1,1,1,338227,397092,5,1,1,3,91,6,0,9,20,0,4,6,0,0,0,1,9,2,0,0,1,1,1,3,1,75,10,3,5,1,0,0,0,0,1,1
3,1,9,0,5,0,1,0,0,0,0,1,1,6,2,23,5,1328,1,7,1,2,2,434885,555212,10,2,2,3,150,3,19,3,70,1,4,3,183,0,0,1,1,1,0,0,2,1,1,1,2,23,5,3,0,0,0,0,0,9,1,4
3,2,4,0,18,0,0,0,0,0,0,1,1,6,1,46,8,1000,1,1,1,1,2,526662,199980,41,2,1,7,33,3,111,6,40,0,4,6,0,0,0,1,1,1,0,0,2,2,1,1,1,46,8,3,0,0,0,0,0,4,1,5
3,1,9,0,14,0,0,0,0,0,0,4,1,6,1,38,7,1995,2,12,1,1,2,479133,240524,43,2,1,6,479,5,140,6,30,0,4,6,0,0,0,1,1,2,0,0,1,3,1,1,1,33,6,3,0,0,0,0,0,9,1,5
3,2,9,0,18,0,8,0,0,0,0,1,1,6,1,47,8,1796,1,8,1,5,2,329230,671900,95,2,5,6,923,6,0,6,30,6,4,6,0,0,0,1,1,1,3,0,1,1,2,1,1,47,8,3,0,0,0,0,0,9,1,5
2,2,9,0,18,0,8,0,0,0,0,4,1,6,2,39,7,1242,1,5,1,2,2,336852,419722,5,2,2,4,93,3,565,1,30,1,4,5,0,0,0,4,4,2,0,0,1,1,1,1,2,39,7,3,0,0,0,0,0,9,1,6
3,1,3,0,18,0,0,1,0,0,0,4,1,6,1,17,4,125,1,7,3,1,1,444860,341660,30,1,1,3,324,3,609,6,40,0,4,6,0,0,0,4,1,1,0,0,1,1,1,1,1,17,4,3,0,0,0,0,0,3,3,7
3,1,9,0,9,0,1,0,0,0,0,1,1,2,1,65,9,1560,2,6,1,1,2,431507,528656,11,2,1,4,169,2,1,1,70,1,4,3,689,0,0,1,1,1,0,0,2,1,1,1,1,33,6,3,0,0,0,0,0,9,1,5
3,2,9,0,18,0,8,0,0,0,0,1,1,6,1,43,7,1910,2,8,1,2,2,510100,178750,1,2,2,7,26,6,0,6,30,3,4,6,0,0,0,1,1,1,0,0,1,1,2,1,1,43,7,3,0,0,0,0,0,9,1,5
3,1,9,0,18,0,0,0,0,0,0,1,1,6,2,38,7,1197,1,1,1,1,2,410880,285080,20,2,1,3,300,3,45,3,40,0,4,6,0,0,0,1,1,1,0,0,1,2,1,1,1,33,6,3,0,0,0,0,0,9,1,5
3,1,9,0,18,0,0,0,0,0,0,1,1,6,2,58,9,999,1,17,1,1,1,476162,182413,43,1,1,2,484,3,4155,6,30,0,4,6,0,0,0,4,2,2,0,0,1,1,1,3,2,49,8,3,5,2,0,0,0,0,1,10
3,1,9,0,18,0,8,0,10,7,0,1,1,6,2,19,4,1900,2,10,1,2,2,421276,564948,10,2,2,7,147,3,186,1,30,1,4,4,1305,0,0,4,1,1,0,0,1,1,1,1,2,19,4,3,0,0,0,0,0,9,1,3
3,1,9,0,1,0,0,0,11,1,2,2,1,6,1,17,4,998,1,2,1,1,1,438250,371980,30,1,1,3,322,6,0,6,30,0,4,6,0,0,0,1,1,1,0,2,1,1,1,1,1,17,4,3,0,0,0,0,0,9,1,5
3,2,9,0,13,0,0,0,0,4,6,2,1,6,2,70,10,1598,1,8,1,2,2,374059,369112,7,2,2,5,129,1,6,3,70,0,4,6,0,0,0,6,1,1,0,0,2,1,2,2,2,68,10,3,0,0,1,0,0,9,1,5
3,1,9,0,18,0,0,2,0,6,6,3,1,6,2,22,5,1598,1,8,1,1,1,449988,337011,31,1,1,1,342,3,52,3,60,0,4,6,0,0,0,4,1,1,0,0,1,1,1,1,2,22,5,3,0,0,0,0,0,9,1,7
3,2,9,0,18,0,1,0,0,0,0,4,1,6,1,45,7,1997,2,13,1,2,2,391922,342367,21,2,2,2,257,6,0,6,30,3,4,6,0,0,0,1,2,2,0,0,1,2,1,1,1,45,7,3,0,0,0,0,0,9,1,3
3,1,8,0,18,0,1,0,10,0,0,1,1,6,1,35,6,1598,1,8,1,1,1,518501,196046,41,1,1,3,33,4,5378,6,30,3,4,6,559,0,0,1,1,1,0,0,1,1,1,2,1,35,6,3,0,0,2,0,0,8,1,4
3,1,9,0,9,0,6,0,0,0,0,1,1,6,1,23,5,1299,1,14,1,1,1,517688,467197,16,1,1,7,231,3,1038,6,30,3,4,6,0,0,0,1,1,1,0,0,1,2,1,3,1,57,9,3,5,3,0,0,0,0,1,3
3,1,9,0,13,0,0,0,0,0,0,4,1,6,3,38,7,1598,1,8,1,1,2,415183,143269,54,2,1,4,635,6,0,6,60,0,4,6,0,0,0,1,1,1,0,0,2,2,1,1,1,33,6,3,0,0,0,0,0,9,1,5
3,1,9,0,7,0,5,0,0,0,0,1,1,6,3,38,7,1598,1,8,1,1,2,356490,426070,4,2,1,5,83,6,0,6,30,9,4,6,0,0,0,1,1,1,0,0,1,1,1,1,1,33,6,3,0,0,0,0,0,9,1,5
3,1,9,0,18,0,3,0,0,0,0,4,1,6,1,20,4,1598,1,8,1,1,2,533715,212306,41,2,1,3,432,3,414,3,40,1,4,3,414,0,4,1,1,1,0,0,2,1,1,1,1,33,6,3,0,0,0,0,0,9,1,5
3,1,9,0,18,0,0,0,0,0,10,1,1,6,2,36,7,1598,1,7,1,1,1,296400,113274,50,1,1,7,586,6,0,6,30,0,4,6,0,0,0,1,1,1,0,0,1,1,1,1,2,36,7,3,0,0,0,0,0,9,1,3
3,2,9,0,10,0,5,0,0,0,0,2,1,6,1,55,8,1998,2,16,1,2,2,503923,170827,45,2,2,6,40,4,376,6,30,3,4,6,0,0,0,7,1,1,0,0,1,1,2,1,1,55,8,3,0,0,0,0,0,9,1,7
3,1,9,0,18,0,1,0,0,0,0,4,1,6,1,52,8,1598,1,8,1,1,1,332398,187735,61,1,1,1,733,6,0,6,30,3,4,6,0,0,0,1,1,1,0,0,1,1,1,3,2,8,2,3,5,1,0,0,0,0,1,5
3,2,9,0,9,0,6,0,0,0,0,1,1,1,2,23,5,1600,1,4,1,2,3,425863,321200,21,3,2,2,251,3,444,6,30,3,4,6,15,1,4,1,1,1,0,0,1,1,1,1,2,23,5,3,0,0,0,0,0,9,1,5
3,1,19,0,7,0,6,0,0,0,0,3,1,6,1,24,5,2198,2,1,2,1,2,399279,309828,21,2,1,5,250,3,5190,6,30,8,4,6,0,0,0,1,1,1,0,0,2,2,1,1,1,33,6,3,0,0,0,0,0,9,1,5
2,1,9,0,16,0,0,1,0,1,4,1,1,6,2,62,9,1390,1,3,1,4,2,515970,162520,45,2,4,5,510,3,3,3,70,0,4,6,0,0,0,1,1,1,0,0,2,1,4,1,2,62,9,3,0,0,0,0,0,9,1,10
2,1,3,0,5,0,1,0,0,0,0,1,1,6,1,19,4,124,1,6,1,1,2,414295,287672,20,2,1,3,300,6,0,3,30,6,2,6,0,0,0,4,2,2,0,0,1,2,1,1,1,19,4,2,0,0,0,0,0,3,1,4
3,1,9,0,18,0,0,1,0,2,9,4,1,6,1,17,4,1598,1,8,2,1,1,350210,455110,4,1,1,4,76,6,0,6,60,0,4,6,0,0,0,1,1,1,0,2,2,1,1,1,1,17,4,3,0,0,0,0,0,9,2,7
3,3,9,0,3,0,0,0,0,0,0,2,1,6,2,43,7,1388,1,6,1,2,3,508280,200120,41,3,2,2,436,3,41,6,40,0,4,6,0,0,0,1,1,1,0,0,2,1,2,2,2,65,9,3,0,0,1,0,0,9,3,10
3,2,9,0,18,0,8,0,0,0,0,1,1,6,1,37,7,2792,1,12,1,3,4,408640,285500,20,4,3,1,300,6,0,6,30,6,4,6,0,0,0,1,1,1,0,0,1,1,2,1,1,37,7,3,0,0,0,0,0,9,1,7
3,1,8,0,18,0,1,0,0,0,0,1,1,1,1,34,6,1997,2,3,1,1,1,533320,179320,1,1,1,6,8,3,100,6,30,6,4,6,0,0,0,1,1,1,0,0,1,1,1,3,2,29,6,3,5,1,0,0,2,0,1,3
3,1,9,0,18,0,3,1,0,1,0,1,1,6,1,27,6,1997,2,13,1,1,1,562275,318397,36,1,1,2,407,3,148,1,30,1,4,3,148,0,0,1,2,2,0,0,2,1,1,2,2,19,4,3,0,0,1,0,0,9,1,1
3,2,9,0,2,0,0,0,0,0,0,2,1,6,3,38,7,1999,1,3,1,1,2,449857,245750,95,2,1,2,923,5,0,6,30,0,4,6,0,0,0,1,1,1,0,0,2,1,1,1,1,33,6,3,0,0,0,0,0,9,1,5
3,1,9,0,18,0,8,0,0,0,0,4,1,1,1,45,7,1896,2,7,1,1,1,257360,662161,97,1,1,2,926,3,77,3,30,6,2,4,768,0,5,1,1,1,0,0,1,1,1,3,2,79,11,3,1,3,0,0,0,0,1,5
3,1,9,0,17,0,2,0,10,1,3,4,1,6,2,35,6,1997,1,11,3,1,1,609366,342885,36,1,1,3,405,3,149,6,20,3,4,6,0,0,0,4,1,2,0,0,2,1,1,1,2,35,6,3,0,0,0,0,0,9,3,4
3,2,9,0,8,0,8,0,0,0,0,3,1,6,2,62,9,1968,2,2,1,2,3,522990,190380,1,3,2,5,30,3,1,3,50,3,4,6,0,0,0,1,1,1,0,0,1,1,1,1,1,33,6,3,0,0,0,0,0,9,1,5
3,3,9,0,18,0,0,0,0,0,0,0,1,2,2,36,7,1598,1,8,1,1,3,316870,194989,61,3,1,2,731,3,472,3,50,0,4,6,0,0,0,1,1,1,0,0,2,1,1,1,2,36,7,3,0,0,0,0,0,9,1,5
3,1,9,0,18,0,0,0,0,0,0,4,1,6,2,83,11,998,1,6,2,1,1,444870,379750,30,1,1,4,327,6,0,6,60,0,4,6,0,0,0,1,1,1,0,0,2,2,1,3,2,27,6,3,9,5,0,0,0,0,1,9
3,1,9,0,5,0,0,5,4,0,0,1,1,6,1,81,11,1800,1,25,1,1,2,520405,161853,45,2,1,5,38,6,2216,6,30,0,4,6,0,0,0,7,1,1,0,0,1,1,1,1,1,81,11,3,0,0,0,0,0,9,1,8
3,2,9,0,1,0,0,0,0,0,0,2,1,6,1,47,8,1248,1,8,1,2,2,405754,95212,55,2,2,4,640,6,0,6,30,0,4,6,0,0,0,4,1,1,0,0,1,1,2,1,1,47,8,3,0,0,0,0,0,9,1,1
3,2,19,3,18,0,0,1,0,0,0,1,1,6,2,38,7,1598,1,8,3,2,2,534157,152717,45,2,2,5,516,1,25,3,60,0,4,6,0,0,0,1,4,1,0,0,2,1,1,1,1,33,6,3,0,0,0,0,0,9,1,5
2,1,5,0,18,0,8,5,0,0,0,1,1,6,1,37,7,649,1,1,1,2,2,374490,400720,6,2,2,4,107,3,575,3,30,1,4,3,572,0,0,1,1,1,0,0,2,1,1,1,1,37,7,2,0,0,0,0,0,5,1,9
3,2,9,0,17,0,0,0,0,0,0,1,1,6,2,55,8,1296,1,9,2,1,2,429782,408014,14,2,1,3,210,3,635,6,60,0,4,6,0,0,0,1,1,1,0,0,2,2,1,1,1,33,6,3,0,0,0,0,0,9,1,5
3,1,9,0,18,0,8,0,0,0,0,4,1,1,1,38,7,1598,1,8,1,2,2,598455,224927,42,2,2,2,455,3,1124,6,30,3,4,6,0,0,0,1,1,1,0,0,1,1,1,1,1,33,6,3,0,0,0,0,0,9,1,5
3,3,9,0,4,0,0,0,0,0,0,2,1,1,1,31,6,2497,1,8,1,2,3,401277,98732,55,3,2,2,643,3,31,6,60,0,4,6,0,0,0,1,1,1,0,0,2,1,1,1,1,33,6,3,0,0,0,0,0,9,1,5
3,1,19,0,9,0,6,0,0,0,0,3,1,6,1,35,6,1995,2,6,3,2,2,449725,294476,33,2,2,2,360,4,581,6,60,8,4,6,6,0,0,6,2,2,0,0,2,1,1,1,1,35,6,3,0,0,0,0,0,19,3,6
3,1,9,0,16,0,0,5,10,0,0,4,1,6,2,18,4,998,1,9,2,1,1,615104,255548,37,1,1,4,413,5,448,6,60,0,4,6,0,0,0,6,1,1,0,0,2,2,1,1,2,18,4,3,0,0,0,0,0,9,2,8
3,1,9,0,18,0,8,0,0,0,0,1,1,6,1,57,9,1461,2,2,2,3,2,332827,135308,52,2,3,7,607,3,372,6,60,3,4,6,0,0,0,1,1,1,0,0,2,1,3,2,2,11,3,3,0,0,2,0,0,9,2,6
3,2,9,0,4,0,0,0,0,0,0,3,1,6,2,40,7,1598,1,8,1,1,2,314797,181245,62,2,1,7,741,3,470,3,40,0,4,6,0,0,0,1,1,1,0,0,1,1,2,1,2,40,7,3,0,0,0,0,0,9,1,5
3,2,9,0,18,0,8,0,0,0,0,2,1,6,2,19,4,1598,2,2,1,1,2,372560,394960,6,2,1,5,107,4,5320,6,30,3,4,6,0,0,0,1,1,2,0,0,1,1,1,1,1,33,6,3,0,0,0,0,0,9,1,5
3,2,9,0,9,0,1,0,0,0,0,2,1,6,1,43,7,1339,1,1,1,2,2,515870,186150,1,2,2,5,28,6,0,6,30,3,4,3,4127,0,0,1,1,1,0,0,1,1,2,2,2,33,6,3,0,0,1,0,0,9,1,5
3,2,9,0,3,0,8,0,0,0,0,2,1,1,2,24,5,1560,2,1,1,1,2,408696,313483,21,2,1,3,252,3,51,6,60,3,4,5,97,0,0,1,9,1,0,0,2,2,1,1,2,24,5,3,0,0,0,0,0,9,1,4
3,2,1,0,16,0,0,0,0,0,0,1,1,2,1,59,9,1598,1,8,1,1,2,323710,668770,95,2,1,2,923,6,0,6,30,0,4,6,0,0,5,1,1,1,0,0,1,1,1,1,1,59,9,3,0,0,0,0,0,1,1,5
2,2,9,0,17,0,0,0,0,0,0,1,1,3,2,42,7,1995,2,11,3,1,2,591934,314268,36,2,1,2,400,5,221,6,60,0,4,6,0,0,0,1,1,1,0,0,2,1,1,1,1,33,6,3,0,0,0,0,0,9,1,5
3,3,9,0,2,0,2,0,0,0,0,2,1,6,3,38,7,1956,2,8,1,1,4,330660,434490,4,4,1,6,71,6,0,6,30,6,4,6,0,0,0,4,1,1,0,0,1,1,1,1,1,33,6,3,0,0,0,0,0,9,1,5
3,2,9,0,18,0,0,0,0,0,0,3,1,6,1,38,7,1598,1,14,1,1,2,489572,201113,43,2,1,5,478,6,60,9,20,0,4,6,0,0,0,1,1,1,0,0,2,2,1,1,1,38,7,3,0,0,0,0,0,9,1,6
3,1,21,0,18,0,0,0,0,0,0,0,1,1,3,38,7,1598,1,8,1,1,3,574413,114680,47,3,1,7,555,4,2095,6,60,0,4,6,0,0,0,1,1,1,0,0,2,1,1,1,1,33,6,3,0,0,0,0,0,9,1,5
3,2,5,0,18,0,8,0,0,0,0,4,1,6,1,20,4,125,1,2,1,1,2,521190,184500,1,2,1,4,28,6,0,6,30,3,4,6,0,0,0,4,1,2,0,0,1,1,1,1,1,20,4,3,0,0,0,0,0,5,1,5
3,1,9,0,18,0,1,0,0,0,0,1,1,6,2,21,5,1599,1,11,1,1,2,631080,165750,46,2,1,1,541,3,299,3,50,1,4,3,299,0,4,4,1,1,0,0,2,1,1,1,1,33,6,3,0,0,0,0,0,9,1,5
3,2,9,0,2,0,0,0,0,0,0,1,1,6,3,38,7,1598,1,8,1,1,2,315073,179796,62,2,1,1,741,6,0,6,30,0,4,6,0,0,0,4,1,2,0,0,1,1,1,1,1,33,6,3,0,0,0,0,0,9,1,5
3,1,11,0,18,0,1,0,0,0,0,1,1,1,1,62,9,1598,1,8,1,1,1,277575,377999,60,1,1,4,721,3,547,6,30,3,4,6,0,0,4,1,2,2,0,0,2,1,1,3,2,11,3,3,4,3,0,0,0,0,1,5
3,2,9,0,4,0,0,0,0,0,0,2,1,6,1,43,7,1995,2,2,1,5,3,443017,388980,14,3,5,7,213,3,630,3,70,0,4,6,0,0,0,4,1,2,0,0,2,1,1,1,1,43,7,3,0,0,0,0,0,9,1,4
2,1,9,0,9,0,8,0,0,0,0,3,1,6,2,49,8,2398,1,17,1,1,2,354070,410600,4,2,1,7,84,3,5209,1,40,1,4,1,6,0,0,1,1,1,0,0,2,1,1,1,1,33,6,3,0,0,0,0,0,9,1,5
3,1,11,0,18,0,2,0,0,0,0,0,1,1,1,52,8,4461,2,2,1,2,1,529950,182710,1,1,2,5,2,3,501,6,30,3,2,5,0,0,5,1,1,1,0,0,1,1,1,2,1,38,7,3,0,0,0,3,0,11,1,2
3,1,9,0,18,0,0,0,0,4,6,2,1,6,1,26,6,1422,2,12,3,1,1,389597,565985,10,1,1,3,139,3,69,3,70,0,4,6,0,0,0,6,5,2,0,0,2,1,1,1,1,26,6,3,0,0,0,0,0,9,3,7
3,2,9,0,3,0,1,0,0,0,0,2,1,6,1,55,8,998,1,1,1,5,4,526490,169890,1,4,5,1,22,3,24,6,30,1,4,6,0,0,0,1,1,1,0,0,1,1,4,1,1,55,8,3,0,0,0,0,0,9,1,6
3,1,9,0,9,5,0,0,0,0,0,3,1,6,2,43,7,1364,1,1,1,1,2,544728,210686,42,2,1,2,457,3,1019,6,30,0,4,6,0,0,0,1,1,1,0,0,2,2,1,1,1,33,6,3,0,0,0,0,0,9,1,5
3,2,19,0,17,0,2,0,0,0,0,3,1,1,1,50,8,3920,2,10,1,1,2,339032,637466,95,2,1,4,914,3,72,6,60,9,4,6,0,0,0,1,1,2,0,0,2,1,1,1,1,50,8,3,0,0,0,0,0,19,1,5
3,2,9,0,18,0,1,0,0,0,0,1,1,6,1,79,11,1598,1,8,2,3,2,415368,271918,23,2,3,1,293,3,3400,6,50,8,4,6,0,0,0,1,1,2,0,0,2,1,3,2,2,79,11,3,0,0,1,0,0,9,2,10
3,1,9,0,18,9,1,0,0,0,0,3,1,6,1,20,4,1999,1,7,2,1,2,499994,441719,16,2,1,6,231,4,1248,6,50,8,4,6,0,0,0,1,1,1,0,0,2,1,1,1,1,33,6,3,0,0,0,0,0,9,1,5
3,1,9,0,9,0,8,0,0,0,0,4,1,6,1,76,11,1968,2,7,1,2,2,625455,306085,36,2,2,7,406,3,146,3,60,6,2,4,1332,0,0,4,1,1,0,0,2,1,1,1,1,76,11,3,0,0,0,0,0,9,1,5
3,1,9,0,11,0,1,0,0,0,0,4,1,6,1,23,5,1461,2,1,1,1,3,383630,398250,6,3,1,6,102,3,56,6,30,6,2,3,34,0,5,1,1,1,0,0,1,1,1,1,1,33,6,3,0,0,0,0,0,9,1,5
3,2,9,4,18,0,1,0,0,0,0,3,1,1,1,29,6,1598,1,8,1,1,2,263580,212590,63,2,1,7,751,6,0,6,30,3,4,6,0,0,0,1,1,1,0,0,1,1,1,1,1,33,6,3,0,0,0,0,0,9,1,5
3,2,19,0,16,0,0,0,0,0,0,1,1,2,1,35,6,2402,2,7,2,1,2,630740,255694,37,2,1,3,415,6,0,6,30,0,4,6,0,0,0,1,1,2,0,0,2,1,1,1,1,33,6,3,0,0,0,0,0,9,1,5
3,3,9,0,18,0,0,0,0,0,0,1,1,6,2,21,5,875,1,4,1,3,3,533820,171500,1,3,3,6,8,3,2199,6,30,0,4,6,0,0,0,1,1,1,0,0,1,1,3,1,2,21,5,3,0,0,0,0,0,9,1,3
2,1,11,0,18,0,1,0,0,0,0,1,1,6,1,54,8,6700,2,6,1,1,1,537110,177690,1,1,1,4,7,3,200,6,30,3,4,3,200,0,4,1,1,1,0,0,1,1,1,3,1,37,7,2,4,1,0,0,2,0,1,5
3,2,9,0,4,0,0,0,0,0,0,2,1,6,2,52,8,1997,2,6,1,1,3,564561,316639,36,3,1,6,407,3,47,6,60,0,4,6,0,0,0,1,1,1,0,0,2,1,1,1,1,33,6,3,0,0,0,0,0,9,1,5
3,3,9,0,5,0,0,0,0,0,0,0,1,6,3,38,7,1598,1,8,1,1,3,300260,528160,3,3,1,3,60,6,0,6,30,0,4,6,0,0,0,1,1,1,0,0,1,1,1,1,1,33,6,3,0,0,0,0,0,9,1,5
3,1,9,0,9,0,5,0,0,0,0,4,1,6,1,73,10,1498,1,14,1,1,2,496897,368662,32,2,1,5,352,3,1434,6,30,8,4,6,0,0,4,4,1,1,0,0,1,1,1,1,1,33,6,3,0,0,0,0,0,9,1,5
2,1,4,0,18,0,0,1,0,4,6,3,1,6,1,19,4,499,1,19,1,1,1,541157,109350,47,1,1,1,554,3,27,3,70,0,4,6,0,0,0,1,1,1,0,0,2,1,1,1,1,19,4,2,0,0,0,0,0,4,1,8
2,1,9,0,7,0,1,0,0,0,0,1,1,6,1,87,11,1198,1,1,1,4,3,419603,445164,13,3,4,6,204,6,0,6,30,3,4,3,659,0,0,1,1,1,0,0,1,1,1,1,1,33,6,3,0,0,0,0,0,9,1,5
3,2,9,0,2,0,0,0,0,0,0,4,1,6,3,38,7,1598,1,8,1,1,5,442283,425586,13,5,1,1,206,6,0,6,30,0,4,6,0,0,0,1,1,1,0,0,1,1,1,1,1,33,6,3,0,0,0,0,0,9,1,5
3,1,9,0,18,0,0,0,0,1,9,1,1,6,2,29,6,1598,1,13,3,1,1,490959,338606,32,1,1,3,355,5,421,6,60,0,4,6,0,0,0,6,9,1,0,0,2,1,1,1,2,29,6,3,0,0,0,0,0,9,3,7