accident_severity,vehicle_reference,vehicle_type,towing_and_articulation,vehicle_manoeuvre,vehicle_location-restricted_lane,junction_location,skidding_and_overturning,hit_object_in_carriageway,vehicle_leaving_carriageway,hit_object_off_carriageway,1st_point_of_impact,was_vehicle_left_hand_drive?,journey_purpose_of_driver,sex_of_driver,age_of_driver,age_band_of_driver,engine_capacity_(cc),propulsion_code,age_of_vehicle,driver_home_area_type,NUmber_of_Casualities_unique_to_accident_index,No_of_Vehicles_involved_unique_to_accident_index,location_easting_osgr,location_northing_osgr,police_force,number_of_vehicles,number_of_casualties,day_of_week,local_authority_(district),1st_road_class,1st_road_number,road_type,speed_limit,junction_detail,junction_control,2nd_road_class,2nd_road_number,pedestrian_crossing-human_control,pedestrian_crossing-physical_facilities,light_conditions,weather_conditions,road_surface_conditions,special_conditions_at_site,carriageway_hazards,urban_or_rural_area,did_police_officer_attend_scene_of_accident,casualty_reference,casualty_class,sex_of_casualty,age_of_casualty,age_band_of_casualty,casualty_severity,pedestrian_location,pedestrian_movement,car_passenger,bus_or_coach_passenger,pedestrian_road_maintenance_worker,casualty_type,casualty_home_area_type,casualty_imd_decile
3,1,9,0,17,0,8,1,0,0,0,1,1,2,1,19,4,1598,1,8,1,3,2,472787,260831,34,2,3,6,384,6,8140,6,30,8,4,6,0,0,0,1,1,2,0,0,1,1,2,1,1,19,4,3,0,0,0,0,0,9,1,9
3,2,9,0,9,0,5,0,7,0,0,4,1,2,1,52,8,1598,1,8,1,1,2,396466,270186,22,2,1,7,270,3,38,6,60,6,2,4,4184,0,5,4,1,2,0,0,1,1,1,1,1,33,6,3,0,0,0,0,0,9,1,5
3,2,9,0,18,0,0,0,0,0,0,2,1,6,2,49,8,1242,1,2,1,1,2,338724,732753,93,2,1,6,918,3,90,3,40,0,4,6,0,0,0,1,1,1,0,0,1,1,1,1,2,49,8,3,0,0,0,0,0,9,1,5
2,3,9,0,4,0,0,1,0,0,0,0,1,6,3,38,7,1598,1,8,1,1,3,461402,301404,33,3,1,5,367,3,6,3,40,0,4,6,0,0,0,1,1,2,0,0,1,1,1,1,1,33,6,3,0,0,0,0,0,9,1,5
3,2,9,0,10,6,8,0,0,0,0,2,1,6,1,65,9,1986,2,7,1,1,3,568605,208435,42,3,1,3,454,6,0,6,30,3,4,6,0,0,0,5,2,2,0,0,1,1,1,1,1,33,6,3,0,0,0,0,0,9,1,5
2,1,9,0,4,0,0,0,0,0,0,4,1,6,2,81,11,1598,1,8,1,1,1,324469,189907,61,1,1,4,731,6,0,6,30,0,4,6,0,0,0,1,1,2,0,0,1,1,1,3,2,71,10,2,5,1,0,0,0,0,1,5
3,1,9,0,9,0,8,0,0,0,0,1,1,2,1,42,7,1910,2,7,1,1,2,436777,393545,14,2,1,3,215,6,0,6,20,3,4,6,0,0,0,4,1,2,0,0,1,1,1,1,1,33,6,3,0,0,0,0,0,9,1,5
3,2,9,0,3,0,2,0,0,0,0,2,1,6,1,52,8,1598,1,8,1,3,3,513076,202833,41,3,3,7,434,1,25,7,70,5,4,1,25,0,0,1,1,1,0,0,2,1,1,1,1,52,8,3,0,0,0,0,0,9,1,4
3,1,9,0,2,0,0,0,0,0,0,3,1,2,2,20,4,1124,1,13,3,1,2,558704,109026,47,2,1,2,556,4,2104,6,30,0,4,6,0,0,0,1,1,1,0,0,1,1,2,1,2,20,4,3,0,0,0,0,0,9,3,8
3,2,8,0,18,0,0,0,0,0,0,1,1,1,1,38,7,1997,2,6,1,2,2,457832,296972,33,2,2,7,360,6,4711,6,60,0,4,6,0,0,0,6,9,1,0,0,2,2,2,2,2,38,7,3,0,0,2,0,0,8,1,5
3,2,9,0,18,0,8,0,0,0,0,2,1,6,1,39,7,1242,1,6,3,1,2,583621,111288,47,2,1,3,552,3,259,6,30,3,4,6,0,0,4,1,1,1,0,0,1,1,1,1,1,33,6,3,0,0,0,0,0,9,1,5
3,2,9,0,18,0,8,0,0,0,0,1,1,2,1,46,8,1198,1,12,1,4,2,406710,267160,22,2,4,5,274,4,4497,6,40,1,4,6,0,0,0,1,1,1,0,0,1,1,2,1,1,46,8,3,0,0,0,0,0,9,1,7
3,1,19,0,18,0,0,0,0,7,2,1,1,1,1,48,8,1598,1,8,1,1,1,409448,551905,11,1,1,7,169,5,131,6,30,0,4,6,0,0,0,4,8,2,0,0,1,1,1,2,1,33,6,3,0,0,0,0,0,19,1,9
3,1,19,0,15,0,1,0,0,0,0,3,1,6,1,60,9,1598,1,8,2,1,2,637050,150390,46,2,1,6,533,3,258,6,30,8,4,6,0,0,0,1,1,1,0,0,1,1,1,1,1,33,6,3,0,0,0,0,0,9,1,5
3,1,9,0,5,9,6,0,0,0,0,1,1,6,1,64,9,1796,1,9,1,1,1,429720,319720,30,1,1,4,328,3,514,6,30,8,4,6,0,0,0,1,1,1,0,0,1,1,1,3,2,83,11,3,6,9,0,0,0,0,1,5
3,1,9,0,9,0,8,0,0,0,0,3,1,6,1,55,8,1598,2,2,1,4,2,486967,237438,43,2,4,3,479,4,4034,3,70,3,4,6,1069,0,0,4,2,2,0,0,2,1,2,2,2,47,8,3,0,0,1,0,0,9,1,9
3,1,9,0,17,0,0,0,0,7,4,1,1,6,1,30,6,1598,1,8,1,2,2,464986,250230,34,2,2,4,385,5,2,6,60,0,4,6,0,0,0,1,1,2,0,0,2,1,1,1,1,30,6,3,0,0,0,0,0,9,1,2
3,2,9,0,17,0,0,0,0,1,10,1,1,6,1,29,6,1198,1,8,2,1,2,412624,634887,10,2,1,5,139,5,59,6,60,0,4,6,0,0,0,1,1,1,0,0,2,1,1,1,1,33,6,3,0,0,0,0,0,9,1,5
3,2,1,0,18,0,8,0,0,0,0,1,1,6,1,27,6,1598,1,8,1,1,2,531290,182540,1,2,1,3,3,3,401,6,20,6,2,4,502,0,0,1,1,1,0,0,1,1,1,1,1,27,6,3,0,0,0,0,0,1,1,2
3,2,9,0,4,0,1,0,0,0,0,4,1,2,2,42,7,1598,1,8,1,1,2,619809,309439,36,2,1,2,404,3,1074,6,30,3,4,6,0,0,0,1,1,1,0,0,1,2,1,1,1,33,6,3,0,0,0,0,0,9,1,5
3,2,9,0,18,0,4,0,0,0,0,3,1,6,1,38,7,1242,1,9,1,1,2,447378,166994,43,2,1,1,471,3,339,1,40,1,2,4,3421,0,4,1,1,1,0,0,1,2,1,1,1,33,6,3,0,0,0,0,0,9,1,5
3,2,9,0,14,0,0,0,4,0,0,4,1,6,2,38,7,1968,2,2,1,1,2,516270,175740,1,2,1,1,25,3,3004,6,30,0,4,6,0,0,0,1,1,1,0,0,1,2,1,1,1,33,6,3,0,0,0,0,0,9,1,5
3,2,5,0,9,0,8,0,0,0,0,0,1,6,1,35,6,748,1,11,1,1,2,559850,169280,46,2,1,7,532,4,260,1,30,2,4,6,0,0,8,1,1,2,0,0,1,1,1,1,1,35,6,3,0,0,0,0,0,5,1,1
3,1,1,0,18,0,1,0,0,0,0,3,1,6,1,13,3,1598,1,8,1,1,2,459108,99423,44,2,1,2,493,6,0,6,30,3,4,6,0,0,0,1,1,1,0,0,1,1,1,1,1,13,3,3,0,0,0,0,0,1,1,3
3,1,9,0,18,0,1,2,4,0,0,1,1,6,1,39,7,1229,1,5,1,1,4,261521,667706,97,4,1,1,926,6,0,7,30,7,4,6,0,0,0,1,1,1,0,0,1,1,1,1,1,39,7,3,0,0,0,0,0,9,1,5
3,2,9,0,18,0,8,0,0,0,0,1,1,6,2,33,6,1242,1,8,1,1,2,451444,318993,33,2,1,2,362,6,7773,6,30,3,4,6,7781,0,8,1,1,2,0,0,1,1,1,1,2,33,6,3,0,0,0,0,0,9,1,4
3,2,9,0,18,0,0,0,0,0,0,0,1,6,2,41,7,998,1,1,1,4,4,427185,590249,10,4,4,6,139,3,1068,6,60,0,4,6,0,0,0,6,1,2,0,0,2,1,1,1,1,33,6,3,0,0,0,0,0,9,1,5
2,1,1,0,18,0,0,1,0,0,11,4,1,6,1,81,11,1598,1,8,1,1,1,420722,425202,13,1,1,2,203,6,0,6,30,0,4,6,0,0,0,1,1,1,5,0,1,1,1,1,1,81,11,2,0,0,0,0,0,1,1,8
3,1,9,0,17,0,0,2,0,1,4,2,1,6,2,30,6,1598,1,11,1,3,1,509989,105775,47,1,3,3,558,3,27,3,70,0,4,6,0,0,0,1,1,1,0,0,2,1,1,1,2,30,6,3,0,0,0,0,0,9,1,2
3,2,9,0,13,0,0,0,0,0,0,2,1,6,1,25,5,1248,2,4,1,2,3,252456,131078,50,3,2,5,582,3,39,6,60,0,4,6,0,0,0,1,1,2,0,0,2,1,2,2,2,19,4,3,0,0,1,0,0,9,1,9
3,2,9,0,18,0,8,0,0,1,0,3,1,6,2,19,4,1242,1,8,2,2,3,486968,237980,43,3,2,3,479,4,4034,3,70,3,4,6,1069,0,0,1,1,1,0,0,2,1,2,2,1,20,4,3,0,0,1,0,0,9,2,9
3,1,9,0,16,0,0,1,0,0,0,1,1,6,1,26,6,1984,1,8,1,1,2,414914,434663,13,2,1,4,200,6,0,6,30,0,4,6,0,0,0,1,1,1,0,0,1,1,1,1,1,33,6,3,0,0,0,0,0,9,1,5
3,1,9,0,14,0,0,0,0,0,0,4,1,6,2,23,5,2979,1,2,1,1,2,532270,190410,1,2,1,2,31,4,155,6,30,0,4,6,0,0,0,4,2,2,0,0,1,1,1,1,2,23,5,3,0,0,0,0,0,9,1,2
3,1,9,0,18,0,0,2,0,1,0,1,1,6,1,33,6,1896,2,17,1,1,1,502638,140457,45,1,1,2,517,3,281,6,30,0,4,6,0,0,0,6,1,2,0,0,2,1,1,1,1,33,6,3,0,0,0,0,0,9,1,6
3,1,9,0,17,0,0,1,0,0,0,3,1,6,1,38,7,2987,2,4,1,3,3,579077,186729,42,3,3,6,453,4,1014,6,30,0,4,6,0,0,0,4,1,1,0,0,1,1,1,1,1,33,6,3,0,0,0,0,0,9,1,5
3,2,9,0,18,0,1,0,0,0,0,1,1,6,1,41,7,1598,1,8,1,2,2,268412,667303,97,2,2,2,926,4,806,6,40,9,4,6,0,0,0,1,1,2,6,0,2,1,1,1,1,41,7,3,0,0,0,0,0,9,1,5
3,2,9,0,4,0,0,0,0,0,0,2,1,2,1,36,7,1685,2,2,1,1,3,353903,397558,5,3,1,4,92,3,580,3,60,0,4,6,0,0,0,1,2,2,0,0,2,1,1,1,1,33,6,3,0,0,0,0,0,9,1,5
2,1,9,0,17,0,0,1,0,0,0,1,1,6,1,23,5,1360,1,10,3,2,2,596070,150010,46,2,2,7,530,3,252,6,60,0,4,6,0,0,0,6,2,2,0,0,2,1,1,1,1,23,5,2,0,0,0,0,0,9,3,7
3,1,20,0,18,0,0,0,0,0,0,0,1,6,3,38,7,1598,1,8,1,1,3,492617,214756,43,3,1,5,476,4,489,6,60,0,4,6,0,0,0,1,1,2,0,0,2,1,1,1,1,33,6,3,0,0,0,0,0,9,1,5
3,2,9,0,18,0,0,0,0,0,0,1,1,6,2,42,7,1997,2,9,3,2,2,251198,77302,50,2,2,5,589,6,0,6,60,0,4,6,0,0,0,1,1,1,0,0,2,1,2,1,2,42,7,3,0,0,0,0,0,9,3,5
3,1,98,1,12,0,0,0,0,0,0,3,1,6,3,38,7,1598,1,8,1,1,2,489010,242987,43,2,1,6,479,3,509,3,70,0,4,6,0,0,0,6,1,1,0,0,2,1,1,1,1,33,6,3,0,0,0,0,0,9,1,5
3,2,9,0,18,0,0,0,0,7,6,3,1,2,2,28,6,1796,1,8,1,1,2,448187,519911,17,2,1,5,243,3,66,3,50,0,4,6,0,0,0,1,1,1,0,0,1,1,1,1,2,28,6,3,0,0,0,0,0,9,1,9
3,1,19,0,1,0,0,0,0,0,0,0,1,1,1,40,7,2198,2,1,1,1,1,258428,665550,97,1,1,5,926,6,0,2,30,0,4,6,0,0,0,1,9,1,0,0,1,2,1,3,1,47,8,3,5,9,0,0,0,0,1,5
3,1,9,0,17,0,4,0,9,0,0,3,1,6,1,39,7,1596,1,8,1,1,1,227922,676282,97,1,1,1,928,3,8,1,30,1,4,3,770,0,0,1,1,1,0,0,1,1,1,1,1,39,7,3,0,0,0,0,0,9,1,5
3,2,9,0,9,0,5,0,0,0,0,1,1,6,2,32,6,2521,1,6,1,4,2,381375,154070,52,2,4,2,606,3,361,6,40,3,4,6,0,0,0,1,2,2,0,0,2,1,4,2,2,4,1,3,0,0,2,0,0,9,1,8
3,1,9,0,4,0,1,1,0,1,11,4,1,6,1,33,6,1598,1,8,1,2,2,424245,324993,21,2,2,7,251,3,511,6,30,8,4,6,0,0,0,1,1,1,0,0,1,2,1,2,1,31,6,3,0,0,1,0,0,9,1,2
3,2,9,0,3,0,1,0,0,0,0,2,1,6,1,46,8,1598,1,3,1,3,3,351391,387316,7,3,3,6,124,5,2012,6,30,3,4,4,5419,0,4,4,1,2,0,0,1,2,3,2,2,20,4,3,0,0,2,0,0,9,1,3
3,1,9,0,18,0,0,0,0,1,4,1,1,2,2,24,5,1242,1,10,1,1,1,302915,673683,95,1,1,5,940,6,0,6,60,0,4,6,0,0,0,6,1,2,0,0,2,1,1,1,2,24,5,3,0,0,0,0,0,9,1,5
3,1,19,0,18,0,1,0,0,0,0,1,1,6,1,27,6,2198,2,4,1,2,3,240501,637179,97,3,2,4,919,3,71,1,70,1,4,4,7064,0,0,1,1,1,0,0,1,1,2,1,1,27,6,3,0,0,0,0,0,19,1,5
3,2,1,0,18,0,1,1,0,0,0,0,1,6,2,50,8,1598,1,8,1,1,2,558567,103099,47,2,1,4,556,3,2270,6,40,3,4,6,0,0,0,1,1,1,0,0,1,1,1,1,2,50,8,3,0,0,0,0,0,1,1,7
3,2,9,0,2,0,0,0,0,0,10,3,1,6,3,38,7,1390,1,2,1,2,3,585648,185712,42,3,2,5,460,6,0,6,30,0,4,6,0,0,0,7,1,1,0,0,1,1,1,1,1,33,6,3,0,0,0,0,0,9,1,5
3,2,9,0,17,0,1,0,0,0,0,1,1,6,1,24,5,1598,1,8,1,1,2,275912,652019,97,2,1,1,938,4,7078,3,30,9,2,4,7019,0,5,1,2,2,0,0,1,1,1,1,1,33,6,3,0,0,0,0,0,9,1,5
2,1,19,0,18,0,0,0,0,0,0,1,2,1,1,61,9,1598,1,8,1,5,2,502518,118754,47,2,5,2,559,3,283,6,60,0,4,6,0,0,0,1,2,2,0,0,2,1,5,2,2,40,7,2,0,0,0,0,0,19,1,4
3,1,21,1,11,0,0,1,0,1,7,1,1,1,1,28,6,12902,2,1,2,1,2,447282,195209,43,2,1,6,483,3,34,3,70,0,4,6,0,0,0,6,1,1,4,2,2,1,1,1,1,33,6,3,0,0,0,0,0,9,1,5
3,2,9,0,18,0,8,0,0,0,0,2,1,6,2,32,6,1598,1,14,1,3,3,501828,369895,32,3,3,4,353,5,113,6,60,6,4,6,0,0,0,1,1,1,0,0,2,1,1,2,1,34,6,3,0,0,1,0,0,9,1,2
3,2,9,0,3,0,1,0,0,0,0,2,1,6,2,46,8,1956,2,1,1,1,2,321586,388817,5,2,1,7,95,3,553,6,30,1,4,6,0,0,0,4,1,1,0,0,1,1,1,1,2,46,8,3,0,0,0,0,0,9,1,1
2,1,5,0,16,0,0,0,0,0,0,3,1,6,1,59,9,1598,1,8,1,1,2,408580,399860,30,2,1,6,325,3,628,6,60,0,4,6,0,0,0,1,2,2,0,0,2,1,1,1,1,59,9,2,0,0,0,0,0,5,1,5
3,2,1,0,18,0,8,0,0,0,0,2,1,6,1,64,9,1598,1,8,1,1,2,373330,402420,6,2,1,3,107,4,5232,1,30,2,4,5,0,0,0,4,1,2,0,0,1,1,1,1,1,64,9,3,0,0,0,0,0,1,1,9
2,2,9,0,17,0,0,0,0,0,0,1,1,3,1,64,9,1598,1,8,1,2,2,483589,305663,33,2,2,6,368,6,9914,6,60,0,4,6,0,0,0,1,8,4,0,0,2,1,2,2,1,14,3,3,0,0,1,0,0,9,2,8
3,1,9,0,7,0,6,1,10,1,11,1,1,6,2,78,11,1596,1,15,1,3,1,509410,434370,16,1,3,4,228,6,0,6,30,3,4,6,0,0,0,1,1,1,0,0,1,1,1,1,2,78,11,3,0,0,0,0,0,9,1,7
2,1,9,0,18,0,8,0,0,0,0,1,1,6,2,20,4,999,1,2,1,3,2,446910,128465,44,2,3,4,502,6,0,6,30,6,4,6,0,0,0,4,2,2,0,0,1,1,2,2,2,19,4,3,0,0,1,0,0,9,1,4
3,1,9,0,16,0,1,1,0,2,1,4,1,6,1,30,6,1796,1,14,2,1,1,323148,685858,94,1,1,3,925,6,0,6,20,3,4,6,0,0,0,4,1,1,0,0,2,1,1,1,1,30,6,3,0,0,0,0,0,9,2,5
3,1,9,0,18,0,3,1,0,0,0,1,1,1,2,20,4,1598,1,11,1,1,2,365792,353541,7,2,1,5,129,4,5334,1,30,1,4,6,0,0,0,1,1,1,0,0,1,1,1,1,2,20,4,3,0,0,0,0,0,9,1,4
3,1,9,0,18,0,0,1,0,1,9,1,1,6,1,23,5,1596,1,12,2,2,1,439500,347760,30,1,2,1,320,4,6179,6,50,0,4,6,0,0,0,1,2,2,0,0,2,1,2,2,1,23,5,3,0,0,1,0,0,9,3,8
3,1,9,0,18,0,0,1,0,0,0,1,1,6,1,76,11,1461,2,1,1,1,2,433903,559175,10,2,1,3,150,3,1290,6,40,0,4,6,0,0,0,1,1,1,0,0,2,1,1,1,1,33,6,3,0,0,0,0,0,9,1,5
3,2,9,0,3,0,1,0,0,0,0,2,1,6,2,49,8,1598,1,8,1,4,2,429169,570102,10,2,4,7,148,4,1505,6,30,3,4,6,2120,0,0,1,1,1,0,0,1,2,3,2,1,9,2,3,0,0,2,0,0,9,1,5
3,2,20,0,18,0,8,0,0,0,0,1,1,1,1,24,5,1598,1,8,3,1,2,626323,317910,36,2,1,3,401,4,1150,6,60,6,4,6,0,0,0,1,1,1,0,0,2,1,1,1,1,24,5,3,0,0,0,0,0,20,3,5
3,2,5,0,18,0,1,0,0,0,0,1,1,6,1,19,4,645,1,3,1,1,2,522440,189670,1,2,1,3,30,5,0,6,30,9,2,3,41,0,0,1,1,2,0,0,1,1,1,1,1,19,4,3,0,0,0,0,0,5,1,2
3,2,1,0,17,0,0,0,0,0,0,1,1,6,1,48,8,1598,1,8,1,1,2,415734,279671,20,2,1,1,306,6,0,3,30,0,4,6,0,0,0,1,1,1,0,0,1,2,1,1,1,48,8,3,0,0,0,0,0,1,1,2
3,1,4,0,18,0,1,0,0,0,0,1,1,6,1,19,4,124,1,12,1,1,2,530360,191500,1,2,1,2,31,6,0,6,30,3,4,6,0,0,0,1,1,1,0,0,1,1,1,1,1,19,4,3,0,0,0,0,0,4,1,6
3,2,9,0,2,0,0,0,0,0,0,2,1,6,2,37,7,1995,2,10,1,1,2,580411,167159,46,2,1,6,544,6,0,6,30,0,4,6,0,0,0,1,8,1,0,0,1,1,1,3,2,37,7,3,10,9,0,0,0,0,1,2
3,1,3,0,18,0,2,0,0,0,0,1,1,6,3,38,7,1598,1,8,1,1,1,533050,178480,1,1,1,5,8,5,0,6,30,3,4,6,0,0,1,7,1,1,0,0,1,2,1,3,2,12,3,3,4,1,0,0,2,0,1,5
3,2,21,1,18,0,0,0,0,0,0,0,1,1,1,66,10,12809,2,2,1,1,2,353860,524410,3,2,1,5,64,1,6,3,70,0,4,6,0,0,0,1,1,1,0,0,2,1,1,1,1,33,6,3,0,0,0,0,0,9,1,5
3,2,9,0,2,0,0,0,0,0,0,1,1,6,2,58,9,1968,2,3,1,1,2,358180,384636,7,2,1,3,124,5,2021,6,30,0,4,6,0,0,0,1,1,1,0,0,1,1,1,1,1,33,6,3,0,0,0,0,0,9,1,5
3,2,9,0,2,0,2,0,0,0,0,0,1,6,2,26,6,2401,2,13,1,1,2,508859,430646,16,2,1,4,228,6,0,6,30,3,4,3,1079,0,0,1,1,1,0,0,1,1,1,1,1,33,6,3,0,0,0,0,0,9,1,5
3,2,9,0,3,0,1,0,0,0,0,2,1,6,2,20,4,1242,1,1,1,1,2,457334,343441,31,2,1,2,346,6,0,1,30,1,4,6,0,0,0,1,1,1,0,0,1,1,1,1,2,20,4,3,0,0,0,0,0,9,1,6
2,1,9,0,18,0,0,0,0,0,0,0,1,6,1,45,7,1598,1,8,2,1,3,348596,168516,52,3,1,3,605,3,370,6,30,0,4,6,0,0,0,1,1,1,0,0,1,1,1,1,1,33,6,3,0,0,0,0,0,9,1,5
3,1,9,0,18,0,6,0,0,0,0,1,1,6,1,38,7,1968,2,7,1,1,2,410640,286170,20,2,1,5,300,6,0,6,30,6,4,6,0,0,0,1,1,1,0,0,1,1,1,1,1,33,6,3,0,0,0,0,0,9,1,5
3,2,9,0,18,0,0,0,0,0,0,1,1,6,1,64,9,1995,2,5,1,3,2,527680,182490,1,2,3,1,1,6,0,6,30,0,4,6,0,0,0,1,1,2,0,0,1,1,3,1,1,64,9,3,0,0,0,0,0,9,1,5
3,1,9,0,16,0,0,1,0,1,10,1,1,6,1,19,4,1360,1,6,1,3,1,346760,524280,3,1,3,5,64,4,5320,6,30,0,4,6,0,0,0,4,1,1,0,0,2,2,2,2,2,16,4,3,0,0,2,0,0,9,1,9
3,1,9,0,9,0,6,0,0,0,0,1,1,2,1,46,8,3999,1,5,2,2,2,493101,139891,45,2,2,5,517,3,286,6,60,6,4,6,0,0,0,1,1,1,0,0,2,1,1,1,1,33,6,3,0,0,0,0,0,9,1,5
3,2,9,0,18,0,0,0,0,0,0,3,1,6,1,70,10,1598,2,4,1,1,2,495058,99749,47,2,1,4,558,6,0,6,30,0,4,6,0,0,0,1,1,1,0,0,1,1,1,1,1,33,6,3,0,0,0,0,0,9,1,5
3,1,9,0,4,0,1,0,0,0,0,3,1,6,1,79,11,998,1,16,1,1,1,433970,337480,30,1,1,3,323,5,362,6,30,3,4,5,1,0,0,1,1,1,0,0,2,2,1,3,2,33,6,3,5,3,0,0,0,0,1,5
3,1,9,0,18,0,0,2,0,7,1,3,1,6,1,18,4,1598,1,8,3,3,1,271487,612247,98,1,3,7,917,3,76,6,60,0,4,6,0,0,0,6,6,3,0,0,2,1,1,1,1,18,4,3,0,0,0,0,0,9,3,5
3,1,9,0,4,0,0,0,0,4,6,1,1,6,1,37,7,1991,2,8,1,1,3,357040,425550,4,3,1,3,83,1,6,3,70,0,4,6,0,0,0,4,3,3,0,0,1,1,1,1,1,33,6,3,0,0,0,0,0,9,1,5
3,1,9,0,9,0,2,0,0,0,0,1,1,3,2,47,8,1910,2,7,1,1,2,573111,109122,47,2,1,2,555,6,0,6,30,8,4,6,0,0,1,1,1,1,0,0,1,1,1,1,1,33,6,3,0,0,0,0,0,9,1,5
3,1,8,0,1,0,0,0,0,0,0,0,1,6,1,47,8,1753,2,5,1,2,1,383310,398170,6,1,2,2,102,6,0,2,30,0,4,6,0,0,0,1,9,2,0,0,1,2,1,3,1,30,6,3,10,9,0,0,0,0,1,7
3,1,9,0,18,0,2,0,0,0,0,1,1,6,1,20,4,1299,1,15,1,1,1,651958,303317,36,1,1,5,402,6,0,6,30,3,4,6,0,1,0,1,1,1,0,0,1,1,1,3,2,10,2,3,5,4,0,0,0,0,1,3
3,2,9,0,18,0,1,0,0,0,0,1,1,6,1,42,7,1995,2,3,1,2,2,381390,277150,22,2,2,3,278,6,0,6,30,3,4,6,0,0,0,1,1,4,0,0,1,1,2,1,1,42,7,3,0,0,0,0,0,9,1,4
3,1,9,0,18,0,0,5,0,0,0,4,1,6,2,73,10,1997,2,9,3,1,2,206550,560699,98,2,1,3,917,4,737,6,30,0,4,6,0,0,0,1,1,1,0,0,1,1,1,1,2,73,10,3,0,0,0,0,0,9,3,5
2,2,21,1,18,0,0,1,0,0,0,3,1,1,1,39,7,10837,2,7,1,4,3,533654,384732,32,3,4,5,351,3,16,6,60,0,4,6,0,0,0,6,1,1,0,0,2,1,1,1,1,33,6,3,0,0,0,0,0,9,1,5
2,1,9,0,18,0,0,0,0,0,0,4,1,6,3,38,7,1598,1,8,1,1,1,456958,340031,31,1,1,1,346,3,6008,6,30,0,4,6,0,0,4,4,1,1,0,0,1,1,1,3,2,18,4,2,2,1,0,0,0,0,1,1
3,1,9,0,18,0,0,0,0,0,0,1,1,6,1,27,6,1398,2,8,1,1,2,456831,351912,31,2,1,3,343,3,60,6,50,0,4,6,0,0,0,1,1,1,0,0,2,1,1,1,1,33,6,3,0,0,0,0,0,9,1,5
3,1,9,0,18,0,8,0,10,1,2,1,1,6,2,82,11,1598,1,8,3,1,2,241630,219710,63,2,1,3,751,3,484,6,30,1,4,4,4300,0,0,1,1,1,0,0,2,1,1,1,2,82,11,3,0,0,0,0,0,9,3,5
3,3,9,0,18,0,0,0,0,0,0,1,1,6,1,30,6,1396,1,16,1,1,4,430493,426488,13,4,1,7,204,1,62,3,70,0,4,6,0,0,0,1,2,5,0,0,2,1,1,1,1,33,6,3,0,0,0,0,0,9,1,5
3,1,9,0,18,0,8,0,0,0,0,1,1,6,2,46,8,1229,1,7,1,2,2,438640,347080,30,2,2,6,320,4,6179,6,40,6,2,5,88,0,5,1,1,1,0,0,2,1,1,1,2,46,8,3,0,0,0,0,0,9,1,6
3,1,9,0,5,0,4,0,0,0,0,1,1,2,2,28,6,1242,1,5,1,1,2,525470,212940,41,2,1,4,438,4,195,6,40,2,4,6,1212,0,7,1,1,2,0,0,1,1,1,1,2,28,6,3,0,0,0,0,0,9,1,6
3,2,1,0,18,0,8,0,0,0,0,1,1,6,2,38,7,1598,1,8,1,1,2,528220,182180,1,2,1,3,1,6,0,6,30,6,2,6,0,0,5,1,1,1,0,0,1,2,1,1,1,33,6,3,0,0,0,0,0,9,1,5
3,2,9,0,18,0,8,0,0,0,0,4,1,6,1,55,8,2204,2,6,1,1,3,542320,170290,1,3,1,6,19,5,0,1,30,1,4,5,0,0,0,1,1,1,0,0,1,1,1,1,1,55,8,3,0,0,0,0,0,9,1,5
3,1,9,0,9,0,6,0,0,0,0,1,1,6,2,38,7,999,1,1,1,2,2,580280,150150,46,2,2,2,536,5,83,6,60,3,4,6,0,0,0,6,5,2,0,0,2,1,1,1,2,38,7,3,0,0,0,0,0,9,1,10
3,1,9,0,2,0,2,0,0,0,0,3,1,3,1,41,7,1968,2,10,1,1,2,444330,383235,14,2,1,5,215,6,0,6,30,3,4,6,0,0,0,1,1,1,0,0,1,1,1,3,1,41,7,3,9,6,0,0,0,0,1,6
3,2,9,0,7,0,5,0,0,0,0,2,1,6,2,35,6,1229,1,2,1,1,2,249792,658875,97,2,1,4,922,4,771,3,30,3,4,6,0,0,0,4,1,2,0,6,1,2,1,1,2,35,6,3,0,0,0,0,0,9,1,5
3,1,9,0,5,0,6,0,0,0,0,3,1,6,2,75,10,996,1,3,1,2,3,368582,90133,55,3,2,5,645,6,0,6,30,3,4,6,0,0,0,1,2,2,0,0,1,1,1,1,1,33,6,3,0,0,0,0,0,9,1,5
3,2,9,0,18,0,8,0,0,0,0,1,1,2,1,57,9,1198,1,12,1,2,2,450697,360523,31,2,2,5,340,3,617,6,30,6,2,4,6014,0,5,4,2,2,0,0,1,1,2,2,2,57,9,3,0,0,1,0,0,9,1,1
3,1,9,0,18,0,2,0,0,0,0,4,1,6,1,38,7,1598,1,8,1,1,1,390543,173373,54,1,1,5,635,4,4528,6,30,2,4,5,170,0,1,4,1,1,0,0,1,2,1,3,1,22,5,3,1,3,0,0,0,0,1,4
3,2,9,0,18,0,8,0,0,0,0,1,1,6,1,38,7,1798,8,8,1,1,2,530980,192090,1,2,1,3,32,3,105,6,30,9,2,3,406,0,5,1,1,1,0,0,1,2,1,1,1,33,6,3,0,0,0,0,0,9,1,5
1,1,9,0,18,0,0,0,0,1,7,1,1,2,1,38,7,1998,1,8,1,1,1,524190,218100,41,1,1,3,433,2,1,3,70,0,4,6,0,0,0,1,1,1,0,0,2,1,1,1,1,38,7,1,0,0,0,0,0,9,1,3