accident_severity,vehicle_reference,vehicle_type,towing_and_articulation,vehicle_manoeuvre,vehicle_location-restricted_lane,junction_location,skidding_and_overturning,hit_object_in_carriageway,vehicle_leaving_carriageway,hit_object_off_carriageway,1st_point_of_impact,was_vehicle_left_hand_drive?,journey_purpose_of_driver,sex_of_driver,age_of_driver,age_band_of_driver,engine_capacity_(cc),propulsion_code,age_of_vehicle,driver_home_area_type,NUmber_of_Casualities_unique_to_accident_index,No_of_Vehicles_involved_unique_to_accident_index,location_easting_osgr,location_northing_osgr,police_force,number_of_vehicles,number_of_casualties,day_of_week,local_authority_(district),1st_road_class,1st_road_number,road_type,speed_limit,junction_detail,junction_control,2nd_road_class,2nd_road_number,pedestrian_crossing-human_control,pedestrian_crossing-physical_facilities,light_conditions,weather_conditions,road_surface_conditions,special_conditions_at_site,carriageway_hazards,urban_or_rural_area,did_police_officer_attend_scene_of_accident,casualty_reference,casualty_class,sex_of_casualty,age_of_casualty,age_band_of_casualty,casualty_severity,pedestrian_location,pedestrian_movement,car_passenger,bus_or_coach_passenger,pedestrian_road_maintenance_worker,casualty_type,casualty_home_area_type,casualty_imd_decile
2,1,9,0,18,0,0,0,0,0,0,1,1,6,1,61,9,1968,2,8,1,1,1,451125,386316,14,1,1,5,213,4,6463,6,40,0,4,6,0,0,0,4,1,2,0,0,2,1,1,3,2,20,4,2,5,2,0,0,0,0,1,9
3,1,9,0,13,0,0,0,0,0,0,1,1,6,1,28,6,1999,1,7,1,3,4,262681,674620,97,4,3,5,920,4,822,6,60,0,4,6,0,0,0,1,1,1,0,0,2,1,2,1,1,28,6,3,0,0,0,0,0,9,1,5
3,2,9,0,18,0,0,0,0,0,0,2,1,1,1,38,7,2494,1,10,1,1,3,599371,227211,42,3,1,4,455,3,134,6,40,0,4,6,0,0,4,1,1,1,0,0,1,2,1,1,1,33,6,3,0,0,0,0,0,9,1,5
3,1,9,0,18,0,0,1,10,8,2,1,1,6,1,25,5,1781,1,14,1,1,1,456494,405357,14,1,1,2,211,3,19,6,30,0,4,6,0,0,0,4,1,1,0,0,2,1,1,1,1,25,5,3,0,0,0,0,0,9,1,2
3,2,9,0,18,0,0,0,0,0,0,4,1,6,2,51,8,1240,1,8,1,2,2,534624,152797,45,2,2,2,516,1,25,3,70,0,4,6,0,0,0,1,1,1,0,0,2,1,1,1,2,51,8,3,0,0,0,0,0,9,1,9
3,2,9,0,18,0,8,0,0,0,0,1,1,6,2,70,10,1275,1,15,1,1,2,420535,305310,21,2,1,6,258,3,513,6,30,3,4,6,11,0,4,1,1,1,0,0,1,2,1,1,1,33,6,3,0,0,0,0,0,9,1,5
3,2,9,0,18,0,8,0,0,0,0,3,1,6,2,30,6,1560,2,4,1,3,2,506181,208042,41,2,3,1,431,6,539,6,30,3,4,6,933,0,0,1,1,1,0,0,1,1,2,1,2,30,6,3,0,0,0,0,0,9,1,5
3,2,1,0,18,0,0,0,0,0,0,4,1,6,1,16,4,1598,1,8,1,1,2,454452,340897,31,2,1,7,346,3,6514,6,40,0,4,6,0,0,4,4,1,1,0,0,1,2,1,1,1,16,4,3,0,0,0,0,0,1,1,1
3,2,4,0,18,0,8,0,0,0,0,1,1,6,1,49,8,1598,1,8,1,1,2,546272,208566,42,2,1,4,457,3,1169,6,40,2,4,6,0,0,0,1,1,1,0,0,1,1,1,1,1,49,8,3,0,0,0,0,0,4,1,5
3,3,9,0,18,0,0,0,0,0,0,1,1,2,1,33,6,1995,2,5,2,1,3,494666,145359,45,3,1,4,511,3,3,3,70,0,4,6,0,0,0,6,2,2,0,0,2,1,1,1,1,33,6,3,0,0,0,0,0,9,1,5
3,1,9,0,4,0,1,0,0,0,0,1,1,6,1,62,9,1598,1,8,2,1,2,652062,305929,36,2,1,2,402,3,12,1,30,1,4,5,631,0,0,1,2,2,0,0,1,1,1,1,1,62,9,3,0,0,0,0,0,9,2,7
3,2,9,0,3,0,0,0,0,0,0,2,1,2,1,31,6,1587,1,13,1,3,3,465596,105142,44,3,3,4,498,3,397,6,30,0,4,6,0,0,0,1,2,2,0,0,2,1,3,2,1,29,6,3,0,0,1,0,0,9,1,1
3,1,9,0,13,0,8,5,0,7,11,1,1,6,1,28,6,1598,1,14,2,2,2,201459,57141,50,2,2,7,596,3,391,6,30,3,4,6,0,0,0,4,1,1,0,0,2,1,1,1,1,28,6,3,0,0,0,0,0,9,2,4
3,2,21,0,18,0,0,0,0,0,0,1,1,1,1,51,8,1598,1,8,1,3,2,458307,399397,14,2,3,4,211,1,18,3,70,0,4,6,0,0,0,1,1,1,0,0,2,1,2,1,1,51,8,3,0,0,0,0,0,21,1,1
3,1,9,0,18,0,1,0,4,0,0,1,1,1,2,35,6,1560,2,1,1,1,2,414746,275515,20,2,1,3,306,3,3400,3,40,3,2,6,0,0,0,1,8,2,0,0,2,2,1,1,2,35,6,3,0,0,0,0,0,9,1,9
3,2,11,0,18,0,0,0,0,0,0,0,1,1,1,31,6,4760,2,2,1,3,2,574277,170134,46,2,3,7,544,3,228,6,30,0,4,6,0,0,1,5,1,1,0,0,1,2,2,2,1,33,6,3,0,0,0,3,0,11,1,3
3,1,9,0,18,0,0,1,0,1,4,1,1,6,1,23,5,1198,1,12,1,1,1,506295,461125,16,1,1,7,231,3,614,6,60,0,4,6,0,0,0,1,1,2,0,0,2,1,1,1,1,23,5,3,0,0,0,0,0,9,1,1
3,1,9,0,18,0,0,0,0,0,0,1,1,6,1,49,8,1598,1,8,3,1,1,216350,246000,63,1,1,6,752,4,4546,6,30,0,4,6,0,0,0,1,2,2,0,0,2,1,1,3,1,9,2,3,8,2,0,0,0,0,3,5
3,2,9,0,17,0,0,0,0,0,0,1,1,6,2,57,9,2199,2,5,1,1,2,459998,309310,33,2,1,6,362,6,3507,6,30,0,4,6,0,0,0,1,1,1,0,0,1,1,1,1,2,57,9,3,0,0,0,0,0,9,1,7
3,2,16,5,18,0,0,0,0,1,11,0,1,6,1,30,6,1598,1,8,1,1,2,523607,205097,41,2,1,7,438,5,58,6,30,0,4,6,0,0,0,1,1,1,0,0,1,1,1,1,1,30,6,3,0,0,0,0,0,16,1,7
2,1,9,0,18,0,0,0,0,0,0,1,1,6,3,38,7,1598,1,8,1,1,1,432723,433867,13,1,1,7,204,3,64,3,40,0,4,6,0,2,4,1,2,2,0,0,1,2,1,3,1,81,11,2,1,1,0,0,0,0,1,1
2,2,9,0,18,0,8,0,0,7,9,4,1,6,2,45,7,1598,1,14,1,4,2,555566,196121,42,2,4,7,452,6,0,6,60,3,4,6,0,0,0,1,1,1,0,0,2,1,4,2,1,17,4,3,0,0,2,0,0,9,1,4
2,1,9,0,18,0,1,0,0,0,0,1,1,6,2,41,7,1598,1,12,1,8,3,423850,456493,12,3,8,6,182,3,59,6,60,3,4,6,2841,0,0,1,1,2,0,0,2,1,6,2,1,49,8,3,0,0,1,0,0,9,1,1
3,2,19,0,10,0,1,0,0,0,0,2,1,6,1,20,4,1399,2,4,3,1,2,426079,456895,12,2,1,4,182,3,59,6,60,6,4,5,257,0,0,1,3,3,0,0,2,1,1,1,1,33,6,3,0,0,0,0,0,9,1,5
3,2,4,0,5,0,1,0,0,0,0,3,1,6,1,50,8,1598,1,8,1,1,2,321093,124345,52,2,1,4,608,6,0,6,30,3,3,3,38,0,0,1,4,1,0,0,1,2,1,1,1,50,8,3,0,0,0,0,0,4,1,5
3,2,9,0,18,0,2,0,0,1,0,4,1,6,1,20,4,1390,1,1,3,1,2,297640,515200,3,2,1,5,63,4,5345,6,30,3,4,6,0,0,0,4,1,1,0,0,2,1,1,1,1,20,4,3,0,0,0,0,0,9,3,9
3,2,9,0,5,0,1,0,0,0,0,2,1,6,2,35,6,1399,2,12,1,2,2,399563,301865,20,2,2,6,307,6,0,6,30,3,4,4,4210,0,0,1,1,1,0,0,1,2,2,2,1,15,3,3,0,0,1,0,0,9,1,1
3,2,9,0,3,0,0,0,0,0,0,2,1,6,2,32,6,1497,1,11,2,1,2,563719,265088,37,2,1,6,411,6,0,6,30,0,4,6,0,0,1,1,1,1,0,0,1,1,1,1,2,32,6,3,0,0,0,0,0,9,2,10
3,2,9,0,2,0,0,0,4,0,0,2,1,6,3,38,7,1598,1,8,1,1,3,531080,193560,1,3,1,4,32,3,111,6,30,0,4,6,0,0,0,1,1,1,0,0,1,1,1,1,1,33,6,3,0,0,0,0,0,9,1,5
3,1,9,0,18,0,0,0,0,0,0,1,1,6,3,38,7,1598,1,8,1,1,1,440434,448154,13,1,1,1,204,6,0,6,30,0,4,6,0,0,0,1,1,1,0,0,1,2,1,3,1,78,11,3,5,9,0,0,0,0,1,4
3,2,1,0,18,0,1,0,0,0,0,1,1,6,1,21,5,1598,1,8,1,1,2,466435,99907,44,2,1,3,498,3,288,6,30,3,4,6,0,0,0,1,1,1,0,0,1,1,1,1,1,21,5,3,0,0,0,0,0,1,1,1
2,1,9,0,18,0,0,0,0,0,0,1,1,6,2,21,5,1598,1,8,1,3,2,500808,221056,40,2,3,7,424,4,4541,6,60,0,4,6,0,0,0,1,1,1,0,0,2,1,2,2,1,19,4,3,0,0,1,0,0,9,1,5
3,2,1,0,18,0,0,0,0,0,0,1,1,6,2,30,6,1598,1,8,1,1,2,254919,672090,97,2,1,2,920,3,808,6,30,0,4,6,0,0,0,1,1,1,0,0,1,2,1,1,2,30,6,3,0,0,0,0,0,1,1,5
3,1,9,0,3,0,1,0,0,0,0,1,1,2,1,53,8,1598,2,2,1,2,2,373880,437320,4,2,2,3,80,3,671,6,60,1,4,3,59,0,0,1,1,1,0,0,2,1,1,1,1,33,6,3,0,0,0,0,0,9,1,5
3,1,9,0,18,0,1,1,0,0,0,3,1,6,2,42,7,1598,1,8,3,1,3,218010,216750,63,3,1,2,752,3,40,6,60,3,4,6,0,0,0,1,1,1,0,0,2,1,1,1,2,42,7,3,0,0,0,0,0,9,3,5
1,1,9,0,18,0,0,0,0,0,0,4,1,6,1,35,6,1598,1,8,1,1,2,464851,366766,31,2,1,6,345,3,614,6,60,0,4,6,0,0,0,1,1,1,0,0,2,1,1,1,1,33,6,3,0,0,0,0,0,9,1,5
2,1,9,0,18,0,1,0,0,0,0,4,1,6,1,38,7,1598,1,8,1,1,1,533830,178420,1,1,1,5,8,4,204,6,30,3,4,6,0,0,0,1,1,1,0,0,1,2,1,3,1,55,8,2,5,1,0,0,2,0,1,2
3,1,11,0,18,0,1,0,0,0,0,1,1,1,1,47,8,6696,2,1,1,2,1,249516,54493,50,1,2,2,583,3,379,6,30,6,4,6,0,0,0,1,1,2,0,0,1,1,2,2,2,57,9,3,0,0,0,4,0,11,1,8
3,2,9,0,18,0,1,0,0,0,0,1,1,6,1,41,7,1587,1,8,1,1,2,413134,435129,13,2,1,2,200,6,0,6,30,3,4,6,0,0,0,1,1,2,0,0,1,1,1,2,2,38,7,3,0,0,1,0,0,9,1,3
3,2,19,0,4,0,0,0,0,0,0,2,1,1,1,51,8,2198,2,1,1,1,3,576217,187691,42,3,1,2,453,3,130,6,50,0,4,6,0,0,0,1,1,1,0,0,2,1,1,1,1,33,6,3,0,0,0,0,0,9,1,5
3,1,9,0,18,0,2,0,0,0,0,1,1,6,1,38,7,1598,1,8,1,1,1,417001,433420,13,1,1,3,200,3,658,6,30,3,4,6,0,0,5,1,1,1,0,0,1,2,1,3,1,11,3,3,1,3,0,0,0,0,1,1
3,1,9,0,7,0,5,0,0,0,0,1,1,6,1,66,10,1598,1,8,1,1,2,384070,397810,6,2,1,7,102,3,5103,6,30,6,4,6,0,0,0,4,1,2,4,0,1,1,1,1,1,33,6,3,0,0,0,0,0,9,1,5
3,1,9,0,18,0,8,0,0,0,0,1,1,6,1,38,7,1598,1,8,1,1,2,507323,223085,40,2,1,4,421,3,5228,6,30,3,4,6,0,0,0,4,1,1,0,0,1,1,1,1,1,33,6,3,0,0,0,0,0,9,1,5
3,2,9,0,18,0,0,0,0,0,0,1,1,6,3,38,7,1598,1,8,1,1,2,442347,393064,14,2,1,4,213,3,630,3,40,0,4,6,0,0,0,1,1,1,0,0,1,2,1,1,1,33,6,3,0,0,0,0,0,9,1,5
2,1,9,0,17,0,8,1,0,0,0,1,1,6,2,18,4,999,1,9,3,3,2,610666,230715,42,2,3,3,461,4,1035,6,60,3,4,6,0,0,0,1,2,2,6,0,2,1,3,1,2,18,4,3,0,0,0,0,0,9,3,6
3,2,19,0,18,0,3,0,0,0,0,4,1,6,3,38,7,1598,1,8,1,1,2,620705,308500,36,2,1,7,404,3,140,1,30,1,4,4,1108,0,0,1,1,1,0,0,1,1,1,1,1,33,6,3,0,0,0,0,0,9,1,5
3,2,90,0,2,0,0,0,0,0,0,0,1,1,1,41,7,1598,1,8,1,1,2,323848,694282,94,2,1,4,925,3,92,3,70,0,4,6,0,0,0,6,1,1,0,0,2,2,1,1,1,33,6,3,0,0,0,0,0,9,1,5
3,1,8,0,18,0,8,0,0,0,0,2,1,6,2,54,8,2664,2,16,1,1,2,529270,163920,1,2,1,6,21,6,0,6,30,3,4,6,0,0,0,4,1,1,0,0,1,1,1,1,2,54,8,3,0,0,0,0,0,8,1,5
3,2,9,0,3,0,1,0,0,0,0,2,1,6,1,35,6,1896,2,15,1,2,2,581421,110492,47,2,2,3,552,3,2101,6,30,3,4,6,0,2,1,1,1,1,0,0,1,2,1,1,1,35,6,3,0,0,0,0,0,9,1,5
3,2,9,0,4,0,0,0,0,0,0,2,1,6,1,30,6,1598,1,3,1,2,3,436127,570194,10,3,2,1,148,3,1058,6,40,0,4,6,0,0,0,1,1,1,0,0,1,2,2,2,2,30,6,3,0,0,2,0,0,9,1,7
3,1,9,0,18,0,1,0,0,0,0,1,1,3,2,38,7,1998,2,7,3,1,4,486021,180403,43,4,1,6,474,6,7408,1,30,2,4,6,7408,0,0,1,1,2,0,0,2,1,1,1,1,33,6,3,0,0,0,0,0,9,1,5
3,3,19,0,2,0,1,0,0,0,0,2,1,6,3,38,7,1560,2,6,1,1,3,493471,99855,47,3,1,4,558,6,0,9,30,3,4,6,0,0,0,1,1,1,0,0,1,1,1,1,1,33,6,3,0,0,0,0,0,9,1,5
3,1,9,0,9,0,8,0,0,0,0,1,1,6,1,79,11,1988,1,10,1,1,2,529128,105008,47,2,1,6,565,6,0,6,20,6,2,4,2185,0,0,1,1,1,0,0,1,1,1,1,1,33,6,3,0,0,0,0,0,9,1,5
3,1,9,0,16,0,0,1,0,0,0,1,1,6,2,35,6,1124,1,13,3,1,2,152290,32471,50,2,1,5,596,6,0,6,60,0,4,6,0,0,0,6,5,2,0,0,2,1,1,1,2,35,6,3,0,0,0,0,0,9,3,4
2,1,9,0,13,0,0,1,0,0,0,1,1,2,1,20,4,1389,1,20,1,2,3,449781,316723,33,3,2,4,362,5,3210,6,60,0,4,6,0,0,0,6,2,2,0,0,2,1,1,1,1,20,4,2,0,0,0,0,0,9,1,9
3,1,9,0,9,0,1,0,0,0,0,1,1,6,3,38,7,1598,1,8,1,1,1,547118,208778,42,1,1,2,457,6,0,6,30,3,4,6,0,0,0,1,1,1,0,0,1,2,1,3,1,10,2,3,10,9,0,0,0,0,1,3
3,1,9,0,7,0,2,0,0,0,0,3,1,6,1,19,4,1598,1,8,1,1,2,388730,393050,6,2,1,7,109,6,0,6,30,3,4,6,0,0,0,1,1,2,0,0,1,1,1,1,1,33,6,3,0,0,0,0,0,9,1,5
3,2,19,0,18,0,1,0,0,0,0,1,1,1,1,38,7,2198,2,4,1,1,2,445023,522586,17,2,1,5,245,3,19,7,70,1,4,3,1027,0,0,1,1,1,0,0,2,2,1,1,1,33,6,3,0,0,0,0,0,9,1,5
3,1,9,0,5,0,6,0,0,0,0,1,1,6,2,40,7,1598,1,8,1,1,2,463139,301089,33,2,1,5,367,6,4225,6,30,3,4,6,4229,0,0,1,1,1,0,0,1,1,1,1,1,33,6,3,0,0,0,0,0,9,1,5
3,1,9,0,7,0,4,0,0,0,0,1,1,6,1,69,10,1587,1,14,1,1,2,435684,565112,10,2,1,3,149,3,194,1,40,1,4,5,402,0,0,1,1,2,0,0,1,1,1,1,1,33,6,3,0,0,0,0,0,9,1,5
2,1,9,0,9,0,8,0,0,0,0,1,1,1,1,50,8,1364,2,3,1,2,4,435277,529978,11,4,2,6,169,3,177,6,60,3,4,4,1278,0,0,1,1,1,0,0,2,1,1,1,1,33,6,3,0,0,0,0,0,9,1,5
3,1,9,0,18,0,0,0,0,0,0,4,1,6,1,45,7,1998,8,8,1,1,2,534260,181460,1,2,1,2,5,6,0,6,30,0,4,6,0,0,0,1,1,1,0,0,1,1,1,1,1,45,7,3,0,0,0,0,0,9,1,1
3,1,8,0,4,0,8,0,0,0,0,2,1,6,1,39,7,1497,8,7,1,1,2,526340,175460,1,2,1,2,10,3,3205,6,30,8,4,6,0,0,0,1,1,1,0,0,1,1,1,1,1,39,7,3,0,0,0,0,0,8,1,4
3,1,9,0,13,0,0,0,0,0,0,1,1,6,1,57,9,2996,1,7,3,1,2,424380,318370,30,2,1,1,328,5,18,6,60,0,4,6,0,0,0,1,1,1,0,0,2,1,1,1,1,33,6,3,0,0,0,0,0,9,1,5
3,2,9,0,18,0,0,0,0,0,0,2,1,6,1,46,8,1598,1,8,1,3,2,513006,198102,41,2,3,5,33,1,1,7,70,0,4,6,0,0,0,4,1,1,0,0,2,1,3,2,2,31,6,3,0,0,2,0,0,9,1,6
3,1,9,0,18,0,8,1,0,1,4,3,1,6,1,83,11,1998,2,10,1,1,2,596357,225525,42,2,1,4,455,3,12,3,70,5,4,6,0,0,0,1,1,1,0,0,2,1,1,1,1,83,11,3,0,0,0,0,0,9,1,8
2,2,2,0,14,0,0,0,0,0,0,2,1,4,1,17,4,49,1,6,1,1,2,347490,462410,4,2,1,4,76,3,589,6,30,0,4,6,0,0,0,1,1,1,0,0,1,1,1,1,1,17,4,2,0,0,0,0,0,2,1,2
3,1,4,0,18,0,1,1,0,0,0,3,1,2,1,38,7,125,1,5,1,1,1,535600,182120,1,1,1,2,5,3,11,6,30,3,4,6,0,0,0,1,1,2,0,0,1,1,1,1,1,38,7,3,0,0,0,0,0,4,1,6
2,1,9,0,17,0,0,5,0,1,7,4,1,6,1,36,7,1598,1,8,2,2,1,289928,183045,62,1,2,6,740,3,4063,3,50,0,4,6,0,0,0,7,1,1,0,0,2,1,2,2,1,22,5,3,0,0,1,0,0,9,2,5
3,1,9,0,17,0,0,0,0,2,4,4,1,6,1,43,7,2495,2,14,1,2,1,426371,478855,12,1,2,6,181,3,6108,6,60,0,4,6,0,0,0,6,1,2,0,0,2,1,2,2,2,15,3,3,0,0,1,0,0,9,1,10
3,2,9,0,18,0,0,0,0,0,0,1,1,6,1,30,6,1910,2,10,1,1,3,397790,292030,20,3,1,4,305,6,0,6,30,0,4,6,0,0,0,1,1,1,0,0,1,1,1,1,1,30,6,3,0,0,0,0,0,9,1,1
3,1,19,0,18,0,0,0,10,0,0,1,1,1,1,48,8,1598,1,8,2,1,2,408376,549189,11,2,1,6,169,6,0,6,30,0,4,6,0,0,0,1,1,1,0,0,2,2,1,1,1,33,6,3,0,0,0,0,0,9,1,5
3,1,9,0,18,0,1,0,0,0,0,1,1,1,1,32,6,1598,2,4,1,1,2,465240,328717,31,2,1,6,347,3,46,1,60,1,4,3,606,0,0,1,1,1,0,0,2,1,1,1,1,33,6,3,0,0,0,0,0,9,1,5
3,1,9,0,18,0,1,0,0,0,0,4,1,6,2,61,9,1598,1,8,1,3,2,255494,370653,60,2,3,4,722,6,0,6,60,9,3,6,0,0,0,7,5,2,0,0,2,1,1,1,2,61,9,3,0,0,0,0,0,9,1,5
3,1,19,0,18,0,0,0,0,0,0,1,1,6,1,33,6,1598,1,8,1,1,4,460885,149712,44,4,1,2,490,3,30,6,40,0,4,6,0,0,0,7,2,2,0,0,1,1,1,1,1,33,6,3,0,0,0,0,0,19,1,10
3,1,9,0,18,0,0,0,10,1,5,1,1,2,1,39,7,3800,1,5,1,1,1,527690,191230,1,1,1,6,30,3,406,3,50,0,4,6,0,0,0,1,2,2,4,0,1,1,1,1,1,39,7,3,0,0,0,0,0,9,1,8
3,2,9,0,18,0,3,1,0,0,0,2,1,2,2,21,5,1299,1,12,1,1,2,447637,299018,33,2,1,3,361,3,47,1,60,1,4,5,5117,0,8,1,1,1,0,0,2,1,1,1,2,21,5,3,0,0,0,0,0,9,1,5
3,1,9,0,9,0,8,0,0,0,0,4,1,6,1,61,9,1997,2,8,1,2,2,544330,186670,1,2,2,1,14,3,118,1,30,1,4,3,118,0,5,4,1,1,0,0,1,2,2,2,2,24,5,3,0,0,1,0,0,9,1,4
3,3,21,0,3,0,0,0,0,0,0,1,1,1,1,50,8,12900,2,5,1,2,3,508467,159863,45,3,2,6,510,3,3,3,70,0,4,6,0,0,0,1,1,1,0,0,2,1,1,1,1,33,6,3,0,0,0,0,0,9,1,5
3,2,1,0,18,0,8,5,0,0,0,1,1,2,1,59,9,1598,1,8,1,1,2,351194,380302,7,2,1,3,124,6,0,6,30,6,4,3,557,0,0,1,1,1,0,0,1,1,1,1,1,59,9,3,0,0,0,0,0,1,1,8
2,1,9,0,16,0,2,1,0,7,0,1,1,6,1,24,5,1389,1,14,3,3,2,422515,322002,21,2,3,1,251,3,5121,1,30,1,4,3,5121,0,0,1,1,2,0,0,1,2,3,2,1,35,6,3,0,0,1,0,0,9,3,7
2,1,3,0,17,0,0,0,0,1,9,1,1,6,1,37,7,124,1,2,1,1,1,262475,139277,50,1,1,7,582,6,0,6,60,0,4,6,0,0,0,6,1,1,0,0,2,1,1,1,1,37,7,2,0,0,0,0,0,3,1,1
2,2,9,0,18,0,8,0,0,2,2,3,1,6,1,45,7,2179,2,3,1,1,2,489687,172558,43,2,1,7,470,3,330,6,30,6,4,4,3022,0,0,4,1,1,0,0,1,1,1,1,1,33,6,3,0,0,0,0,0,9,1,5
1,2,21,1,4,0,8,0,0,1,0,2,1,1,1,32,6,12809,2,3,1,4,4,437116,114699,44,4,4,3,501,1,271,3,70,5,4,1,271,0,0,6,1,1,0,0,1,1,1,1,1,32,6,2,0,0,0,0,0,21,1,5
3,2,9,0,17,0,8,0,0,0,0,1,1,6,2,54,8,1896,2,12,2,3,2,590897,328400,36,2,3,2,405,3,1065,6,40,3,4,5,123,0,0,4,4,2,0,0,2,1,3,1,2,54,8,3,0,0,0,0,0,9,2,7
3,1,3,0,18,0,8,0,0,0,0,1,1,6,1,28,6,1598,1,8,1,1,2,526790,181980,1,2,1,3,1,3,5,6,30,3,4,6,0,0,0,1,1,1,0,0,1,1,1,1,1,28,6,3,0,0,0,0,0,3,1,3
3,1,9,0,18,0,0,0,0,0,0,4,1,6,1,75,10,1339,1,4,1,1,1,458425,223239,43,1,1,2,481,6,129,6,30,0,4,6,0,0,4,1,1,1,0,0,1,1,1,3,2,25,5,3,1,1,0,0,0,0,1,10
2,1,9,0,1,0,0,0,0,0,0,0,1,1,1,55,8,1598,1,8,2,1,1,211560,199850,63,1,1,6,752,6,0,6,30,0,4,6,0,0,0,1,1,1,0,0,2,1,1,3,1,71,10,2,5,1,0,0,0,0,3,5
3,1,9,0,18,0,0,0,0,0,0,1,1,1,1,38,7,1598,1,8,1,4,3,370270,400360,6,3,4,6,114,3,580,3,50,0,4,6,0,0,0,1,1,1,0,0,1,1,1,1,1,33,6,3,0,0,0,0,0,9,1,5
3,1,9,0,1,0,2,0,0,0,0,2,1,6,1,91,11,1349,1,5,2,1,1,457461,317753,33,1,1,5,362,6,6927,6,30,8,4,6,6,0,0,1,1,1,0,0,1,1,1,3,2,53,8,3,9,5,0,0,0,0,1,1
3,1,9,0,17,0,2,0,0,0,0,3,1,6,1,59,9,1598,1,14,1,3,2,439842,286741,23,2,3,6,291,4,4109,6,60,3,4,6,0,0,0,1,2,2,0,0,1,1,1,1,1,59,9,3,0,0,0,0,0,9,1,4
3,1,9,0,14,0,0,0,0,0,0,2,1,6,2,78,11,1242,1,4,1,1,1,333063,667232,95,1,1,6,929,3,6094,6,30,0,4,6,0,0,0,1,1,1,0,0,1,1,1,3,1,89,11,3,5,2,0,0,0,0,1,5
3,1,9,0,18,0,0,0,0,0,0,1,1,2,1,26,6,1598,2,8,3,1,2,317510,672320,95,2,1,5,923,3,720,3,50,0,4,6,0,0,0,1,1,1,0,0,1,1,1,1,1,33,6,3,0,0,0,0,0,9,1,5
3,1,9,0,11,0,1,0,0,0,0,4,1,6,1,28,6,1590,1,13,1,1,2,528780,184290,1,2,1,6,2,3,502,2,30,3,4,3,502,0,0,1,1,1,0,0,1,1,1,1,1,33,6,3,0,0,0,0,0,9,1,5
3,2,19,0,7,0,8,0,0,0,0,4,1,6,3,38,7,1598,1,8,1,1,2,531040,175040,1,2,1,2,9,3,204,6,30,3,4,3,204,0,0,1,1,1,0,0,1,1,1,1,1,33,6,3,0,0,0,0,0,9,1,5
3,1,9,0,9,0,6,0,0,0,0,3,1,6,2,23,5,1598,1,8,1,1,2,324522,181694,62,2,1,2,741,6,0,6,30,3,4,6,0,0,0,1,5,2,0,0,2,1,1,1,1,33,6,3,0,0,0,0,0,9,1,5
2,2,9,0,16,0,0,0,0,0,0,1,1,1,1,53,8,1598,1,8,1,2,2,269752,201205,62,2,2,1,745,4,4291,6,30,0,4,6,0,0,0,4,2,2,0,0,2,1,2,1,1,53,8,2,0,0,0,0,0,9,1,5
1,1,9,0,9,0,8,0,0,0,0,3,1,6,1,79,11,1086,1,8,1,1,3,527373,335094,32,3,1,4,350,3,17,3,60,3,4,4,1397,0,0,1,1,2,0,0,2,1,1,1,1,79,11,1,0,0,0,0,0,9,1,5
3,1,9,0,18,0,2,0,0,0,0,1,1,6,1,57,9,2497,2,17,1,1,1,450137,206220,43,1,1,1,482,3,420,6,30,3,4,6,0,0,5,1,1,1,0,0,1,1,1,3,1,25,5,3,4,1,0,0,0,0,1,5
3,2,9,0,4,0,0,0,0,0,0,2,1,1,1,28,6,1296,1,8,1,1,3,453729,300473,33,3,1,4,360,1,69,3,70,0,4,6,0,0,0,1,1,1,0,0,2,1,1,1,1,28,6,3,0,0,0,0,0,9,1,3
3,2,9,0,9,0,8,0,0,0,0,4,1,6,1,47,8,1596,1,7,1,1,2,530920,186000,1,2,1,1,3,3,103,6,30,6,2,3,503,0,5,4,1,2,0,0,1,1,1,1,1,33,6,3,0,0,0,0,0,9,1,5
3,1,9,0,18,0,1,1,6,2,11,4,1,6,1,19,4,1984,1,5,1,2,1,436048,387905,14,1,2,1,215,3,61,3,30,6,2,4,6073,0,5,4,1,1,0,0,1,1,2,2,1,19,4,3,0,0,1,0,0,9,1,2
2,1,9,0,18,0,0,2,0,4,6,1,1,6,1,31,6,1999,1,8,1,3,2,615549,303326,36,2,3,4,406,3,11,3,70,0,4,6,0,0,0,1,1,1,0,0,2,1,1,1,1,31,6,3,0,0,0,0,0,9,1,3
3,2,9,0,4,0,0,0,0,0,0,2,1,6,1,34,6,1686,2,4,1,2,4,418841,293840,23,4,2,5,290,1,42,3,70,0,4,6,0,0,0,6,2,2,0,0,2,1,1,1,1,33,6,3,0,0,0,0,0,9,1,5
3,2,1,0,18,9,1,0,0,0,0,3,1,6,1,61,9,1598,1,8,1,1,2,614933,244528,37,2,1,4,412,3,1214,3,30,8,4,6,0,0,0,1,1,1,0,0,1,1,1,1,1,61,9,3,0,0,0,0,0,1,1,5
3,1,9,0,18,0,2,0,0,0,0,4,1,6,1,64,9,998,1,3,1,1,1,333670,427520,4,1,1,2,74,6,0,6,30,3,4,6,0,0,8,1,1,1,0,0,1,1,1,3,2,74,10,3,5,1,0,0,0,0,1,9