accident_severity,vehicle_reference,vehicle_type,towing_and_articulation,vehicle_manoeuvre,vehicle_location-restricted_lane,junction_location,skidding_and_overturning,hit_object_in_carriageway,vehicle_leaving_carriageway,hit_object_off_carriageway,1st_point_of_impact,was_vehicle_left_hand_drive?,journey_purpose_of_driver,sex_of_driver,age_of_driver,age_band_of_driver,engine_capacity_(cc),propulsion_code,age_of_vehicle,driver_home_area_type,NUmber_of_Casualities_unique_to_accident_index,No_of_Vehicles_involved_unique_to_accident_index,location_easting_osgr,location_northing_osgr,police_force,number_of_vehicles,number_of_casualties,day_of_week,local_authority_(district),1st_road_class,1st_road_number,road_type,speed_limit,junction_detail,junction_control,2nd_road_class,2nd_road_number,pedestrian_crossing-human_control,pedestrian_crossing-physical_facilities,light_conditions,weather_conditions,road_surface_conditions,special_conditions_at_site,carriageway_hazards,urban_or_rural_area,did_police_officer_attend_scene_of_accident,casualty_reference,casualty_class,sex_of_casualty,age_of_casualty,age_band_of_casualty,casualty_severity,pedestrian_location,pedestrian_movement,car_passenger,bus_or_coach_passenger,pedestrian_road_maintenance_worker,casualty_type,casualty_home_area_type,casualty_imd_decile
3,2,9,0,9,0,6,0,0,0,0,1,1,2,1,51,8,1998,2,9,1,1,2,412156,185018,54,2,1,2,633,6,0,6,30,8,4,6,0,0,0,1,1,2,0,0,1,1,1,1,1,33,6,3,0,0,0,0,0,9,1,5
3,1,5,0,18,0,0,0,0,1,4,1,1,6,1,39,7,645,1,6,3,1,1,380481,89400,55,1,1,3,644,6,0,6,60,0,4,6,0,0,0,1,1,1,0,0,2,2,1,1,1,39,7,3,0,0,0,0,0,5,1,5
2,1,9,0,9,0,8,5,10,0,0,1,1,6,2,19,4,1598,1,8,1,3,1,339955,392989,5,1,3,7,91,6,0,6,30,6,2,6,0,0,4,4,5,3,0,0,1,1,2,2,2,41,7,3,0,0,1,0,0,9,1,4
3,4,9,0,3,0,1,0,0,0,0,2,1,6,2,51,8,2295,1,14,1,3,4,555320,172030,46,4,3,7,532,3,2,7,70,5,4,1,25,0,0,1,1,1,0,0,2,1,1,1,1,33,6,3,0,0,0,0,0,9,1,5
3,2,9,0,3,0,1,0,0,0,0,2,1,6,2,47,8,1910,2,7,1,2,2,413004,184080,54,2,2,1,633,4,4006,6,50,1,4,3,3102,0,0,1,1,1,0,0,1,2,1,1,2,47,8,3,0,0,0,0,0,9,1,7
3,1,9,0,18,0,2,0,0,0,0,3,1,6,1,29,6,1499,1,1,1,1,1,524190,177310,1,1,1,2,11,5,0,6,30,3,4,6,0,0,1,1,9,1,0,0,1,1,1,3,2,28,6,3,1,3,0,0,2,0,1,7
3,1,9,0,5,0,8,0,0,0,0,1,1,2,1,41,7,996,1,2,1,1,2,464705,100891,44,2,1,5,498,3,2030,6,30,1,4,6,0,0,0,4,2,2,0,0,1,1,1,1,1,33,6,3,0,0,0,0,0,9,1,5
3,2,1,0,18,0,8,0,0,0,0,3,1,6,1,37,7,1598,1,8,1,1,2,510230,190150,1,2,1,1,26,4,472,6,30,3,4,6,0,0,0,1,1,1,0,0,1,1,1,1,1,37,7,3,0,0,0,0,0,1,1,10
3,3,9,0,18,0,1,0,0,0,0,1,1,6,1,85,11,998,1,5,2,1,3,327760,860948,92,3,1,3,930,3,96,6,60,1,4,6,0,0,0,1,1,2,0,0,2,1,1,1,1,33,6,3,0,0,0,0,0,9,1,5
3,2,1,0,18,0,3,0,0,0,0,4,1,6,2,38,7,1598,1,8,1,1,2,399470,282470,20,2,1,3,300,6,0,1,30,2,4,6,0,0,0,1,1,1,0,0,1,1,1,1,2,33,6,3,0,0,0,0,0,1,1,8
3,1,9,0,9,0,1,0,0,0,0,1,1,6,2,56,9,1598,1,8,1,2,2,518960,188780,1,2,2,7,28,3,4006,6,30,8,4,6,0,0,4,1,2,2,0,0,1,1,2,2,2,52,8,3,0,0,1,0,0,9,1,7
3,1,9,0,4,0,1,1,0,0,0,1,1,1,1,48,8,1598,1,8,1,1,3,431605,306510,33,3,1,3,361,3,444,6,50,6,4,5,8102,0,0,1,1,1,0,0,2,1,1,1,1,48,8,3,0,0,0,0,0,9,1,8
3,3,19,0,12,0,1,0,0,0,0,0,1,6,3,38,7,1598,1,8,1,5,3,585080,161670,46,3,5,2,536,3,249,3,70,3,4,6,0,0,0,1,1,1,0,0,2,1,1,1,1,33,6,3,0,0,0,0,0,9,1,5
3,2,9,0,18,0,1,0,0,0,0,1,1,6,1,42,7,1910,2,6,1,4,2,530400,170320,1,2,4,6,9,3,23,6,30,3,4,6,0,0,0,4,1,1,0,0,1,1,1,1,1,33,6,3,0,0,0,0,0,9,1,5
3,2,1,0,18,0,3,0,0,0,0,2,1,2,2,23,5,1598,1,8,2,1,2,562687,101041,47,2,1,5,551,3,259,1,30,1,4,3,22,0,0,4,9,2,0,0,1,2,1,1,2,23,5,3,0,0,0,0,0,1,2,4
3,2,1,0,18,0,8,0,0,0,0,1,1,2,1,42,7,1598,1,8,1,1,2,324310,675970,95,2,1,2,923,6,0,6,30,3,2,3,903,0,5,4,1,1,0,0,1,1,1,1,1,42,7,3,0,0,0,0,0,1,1,5
3,1,8,0,5,0,0,0,0,0,0,4,1,1,1,40,7,1598,1,8,1,1,1,457749,317301,33,1,1,2,362,6,5835,6,30,0,4,6,0,0,0,7,9,1,0,0,1,2,1,2,2,25,5,3,0,0,2,0,0,8,2,9
3,1,19,4,18,0,8,0,0,1,11,1,1,6,1,28,6,2402,2,15,3,1,1,524280,319498,32,1,1,7,354,3,1175,1,60,1,4,6,0,0,0,1,1,1,0,0,2,1,1,1,1,28,6,3,0,0,0,0,0,19,3,7
3,2,9,0,4,0,1,0,0,0,0,2,1,6,2,54,8,1598,1,8,1,3,4,259832,318549,60,4,3,2,722,3,496,6,60,8,4,6,0,0,0,1,1,1,0,0,2,1,2,1,2,54,8,3,0,0,0,0,0,9,1,5
3,1,9,0,18,0,0,0,0,0,0,1,1,6,1,64,9,993,1,15,1,1,2,272351,61194,50,2,1,2,584,3,38,3,50,0,4,6,0,0,0,1,1,1,0,0,2,2,1,1,1,33,6,3,0,0,0,0,0,9,1,5
3,2,9,0,18,0,0,0,0,4,0,1,1,1,2,20,4,2402,2,6,2,1,2,348963,310153,22,2,1,7,286,3,5112,3,30,0,4,6,0,0,0,7,5,2,0,0,2,1,1,1,1,33,6,3,0,0,0,0,0,9,1,5
3,2,9,0,3,0,1,0,0,0,0,2,1,6,2,83,11,1398,1,4,1,1,2,291761,679327,96,2,1,6,924,3,803,6,30,3,4,6,0,0,0,1,1,1,0,0,1,1,1,1,1,33,6,3,0,0,0,0,0,9,1,5
3,3,19,0,18,0,2,0,0,0,0,2,1,1,1,31,6,1598,1,8,1,1,5,383520,392820,6,5,1,2,102,3,5103,3,40,3,4,5,0,0,0,4,1,1,0,0,1,1,1,1,1,31,6,3,0,0,0,0,0,19,1,1
3,1,1,0,5,0,8,0,0,0,0,3,1,6,2,83,11,1598,1,8,1,1,2,326640,671360,95,2,1,7,923,5,0,6,20,6,2,6,0,0,5,1,1,2,0,0,1,1,1,1,2,83,11,3,0,0,0,0,0,1,1,5
2,2,9,0,18,0,8,0,0,0,0,1,1,6,1,58,9,1769,1,15,1,1,2,357657,171449,52,2,1,4,601,4,3122,1,20,2,4,6,0,0,1,1,1,1,0,0,1,1,1,1,1,33,6,3,0,0,0,0,0,9,1,5
3,2,9,0,2,0,0,0,0,0,0,3,1,6,1,24,5,1200,1,8,3,1,2,579082,277759,37,2,1,4,411,3,11,3,70,0,4,6,0,0,0,6,1,1,0,0,2,1,1,1,1,33,6,3,0,0,0,0,0,9,1,5
3,1,9,0,18,0,0,0,0,7,0,1,1,6,2,59,9,1598,1,2,1,1,1,522614,156355,45,1,1,7,513,6,1110,6,30,0,4,6,0,0,0,1,1,1,0,0,1,1,1,1,2,59,9,3,0,0,0,0,0,9,1,10
3,2,9,0,16,0,0,0,0,0,0,1,1,6,1,38,7,1596,1,13,1,2,2,389600,300360,20,2,2,1,309,6,0,6,30,0,4,6,0,0,0,1,2,2,0,0,2,1,2,2,1,59,9,3,0,0,1,0,0,9,1,1
1,2,9,0,2,0,2,0,0,0,0,1,1,6,1,47,8,1587,1,13,1,4,2,395780,289490,20,2,4,7,303,6,0,6,30,3,4,6,0,0,0,1,1,2,0,0,1,1,2,2,2,33,6,3,0,0,1,0,0,9,1,5
3,4,9,0,18,0,1,0,0,0,0,1,1,1,1,35,6,1910,2,8,1,3,4,509250,160467,45,4,3,4,510,3,3,3,70,5,4,3,245,0,0,1,1,1,0,0,2,1,3,1,1,35,6,3,0,0,0,0,0,9,1,9
3,2,9,0,3,0,1,0,0,0,0,1,1,6,2,38,7,1598,1,8,1,1,2,532150,178710,1,2,1,2,8,3,215,6,30,6,2,6,0,0,5,1,1,1,0,0,1,1,1,1,2,33,6,3,0,0,0,0,0,9,1,5
3,2,9,0,13,0,0,0,0,0,0,4,1,6,3,38,7,1598,1,8,1,1,2,531370,190530,1,2,1,5,31,3,109,6,30,0,4,6,0,0,0,1,1,1,0,0,1,1,1,1,1,33,6,3,0,0,0,0,0,9,1,5
3,1,1,0,18,0,0,0,4,0,0,1,1,6,1,57,9,1598,1,8,1,1,2,462735,453482,12,2,1,4,189,5,95,6,30,0,4,6,0,0,0,1,1,1,0,0,1,2,1,1,1,57,9,3,0,0,0,0,0,1,1,10
3,2,9,0,18,0,0,0,0,0,0,0,1,1,1,38,7,1968,2,2,1,1,3,615330,155170,46,3,1,1,531,3,2,3,70,0,4,6,0,0,0,6,1,1,0,0,2,1,1,1,1,33,6,3,0,0,0,0,0,9,1,5
3,1,9,0,18,0,0,1,10,8,2,4,1,6,1,23,5,1800,1,15,1,1,1,611520,161830,46,1,1,7,531,3,290,6,40,0,4,6,0,0,0,4,8,4,0,0,2,1,1,1,1,23,5,3,0,0,0,0,0,9,1,2
3,1,9,0,18,0,0,0,0,0,0,1,1,6,1,26,6,1360,1,24,2,1,2,216964,676604,97,2,1,7,913,6,0,6,30,0,4,6,0,0,0,4,2,2,0,0,2,2,1,1,1,26,6,3,0,0,0,0,0,9,2,5
3,1,9,0,18,0,0,0,0,0,0,1,1,6,2,29,6,1995,2,8,1,3,3,336473,404960,5,3,3,6,93,3,5147,6,40,0,4,6,0,0,0,4,1,1,0,0,1,1,1,1,2,29,6,3,0,0,0,0,0,9,1,10
3,1,9,0,5,0,6,0,0,0,0,0,1,6,3,44,7,2926,2,10,3,1,2,389280,263760,22,2,1,2,277,6,0,6,30,9,4,6,0,0,0,1,1,1,0,0,1,2,1,1,1,33,6,3,0,0,0,0,0,9,1,5
3,2,9,0,2,0,1,0,0,0,0,3,1,6,3,38,7,1590,1,11,1,2,2,348950,445760,4,2,2,3,85,6,0,6,30,3,4,6,0,0,0,1,1,1,0,0,2,1,1,1,1,33,6,3,0,0,0,0,0,9,1,5
3,2,9,0,3,0,2,0,0,0,0,2,1,6,1,55,8,1598,1,8,1,2,3,526570,177260,1,3,2,6,12,3,3220,6,30,3,4,5,0,0,0,4,2,2,0,0,1,1,1,1,1,33,6,3,0,0,0,0,0,9,1,5
3,1,1,0,18,0,1,0,0,0,0,1,1,2,1,36,7,1598,1,8,1,2,1,527870,182240,1,1,2,1,1,6,0,6,30,7,4,6,0,0,4,1,1,1,0,0,1,1,2,3,2,72,10,3,1,1,0,0,2,0,1,2
3,2,9,0,18,0,0,0,0,0,0,4,1,6,2,57,9,1398,1,2,1,1,2,483025,214505,43,2,1,6,476,3,4157,6,30,0,4,6,0,0,0,1,1,1,0,0,1,1,1,1,2,57,9,3,0,0,0,0,0,9,1,9
3,2,9,0,7,0,6,0,0,0,0,1,1,6,3,38,7,1598,1,8,1,1,2,510987,198277,41,2,1,5,437,3,412,6,30,6,2,6,512,0,5,1,1,1,0,0,1,2,1,1,1,33,6,3,0,0,0,0,0,9,1,5
2,1,9,0,7,0,5,0,0,0,0,1,1,6,1,19,4,998,1,3,1,1,1,404500,290740,20,1,1,3,300,6,0,6,30,3,4,6,0,0,0,1,1,1,0,0,1,1,1,3,1,12,3,2,5,3,0,0,0,0,1,3
3,1,9,0,18,0,4,0,0,0,0,1,1,6,2,75,10,1598,1,8,2,1,2,561340,159520,46,2,1,1,542,3,20,1,60,1,4,6,0,0,0,1,9,1,0,0,2,2,1,1,1,33,6,3,0,0,0,0,0,9,1,5
3,1,1,0,18,0,6,0,0,0,0,1,1,6,2,10,2,1598,1,8,1,1,2,350200,314290,22,2,1,3,286,6,0,6,30,3,4,3,5191,0,0,1,1,1,0,0,1,1,1,1,2,10,2,3,0,0,0,0,0,1,1,2
3,2,9,0,2,0,0,0,0,0,0,4,1,6,2,61,9,998,1,8,3,1,2,472373,287246,33,2,1,7,363,6,344,6,30,0,4,6,0,0,0,1,1,1,0,0,1,2,1,3,1,61,9,3,9,9,0,0,0,0,3,4
3,1,1,0,18,0,0,0,0,0,0,3,1,2,1,39,7,1598,1,8,1,1,2,537400,182860,1,2,1,5,5,3,11,6,30,0,4,6,0,0,0,1,1,1,0,0,1,1,1,1,1,39,7,3,0,0,0,0,0,1,1,3
3,1,9,0,18,0,8,0,4,0,0,1,1,6,2,47,8,1242,1,9,2,2,3,412495,524223,11,3,2,5,169,5,42,6,30,3,4,6,0,0,0,4,2,2,0,0,2,1,2,2,2,5,1,3,0,0,2,0,0,9,1,4
3,2,9,0,9,0,3,0,0,0,0,1,1,1,1,41,7,998,1,3,1,3,2,355040,425100,4,2,3,6,83,3,582,1,60,1,4,4,5254,0,8,1,1,1,0,0,2,1,2,1,1,41,7,3,0,0,0,0,0,9,1,5
3,2,1,0,18,0,8,0,0,0,0,1,1,6,1,45,7,1598,1,8,2,1,2,461344,516371,17,2,1,4,241,6,0,6,30,3,4,6,0,0,4,1,1,1,0,0,1,1,1,1,1,45,7,3,0,0,0,0,0,1,2,2
3,1,9,0,18,0,1,0,0,0,0,1,1,6,2,38,7,2967,2,1,1,1,1,529300,194250,1,1,1,6,30,6,0,6,30,3,4,6,0,0,0,1,1,1,0,0,1,2,1,3,2,12,3,3,5,1,0,0,2,0,1,7
2,1,19,0,13,0,1,0,0,0,0,1,1,6,1,21,5,1598,1,8,2,1,2,543649,323725,32,2,1,7,354,5,748,6,30,8,4,6,0,0,0,1,1,1,4,0,2,2,1,1,1,33,6,3,0,0,0,0,0,9,1,5
3,3,8,0,4,0,0,0,0,0,0,1,1,1,1,55,8,1598,1,8,1,3,3,517780,178270,1,3,3,7,25,3,4,3,70,0,4,6,0,0,0,1,1,1,0,0,1,1,3,1,1,55,8,3,0,0,0,0,0,8,1,3
3,3,9,0,18,0,8,0,0,0,0,1,1,1,1,36,7,1560,2,3,3,2,3,388426,134098,54,3,2,5,635,3,350,6,60,3,4,3,303,0,0,6,2,2,0,0,2,1,1,1,1,33,6,3,0,0,0,0,0,9,1,5
3,1,8,0,18,0,8,0,0,3,10,4,1,6,1,41,7,1896,2,5,1,1,2,508893,220917,40,2,1,6,421,6,0,6,20,6,4,6,0,0,0,1,1,1,0,0,1,1,1,1,1,33,6,3,0,0,0,0,0,9,1,5
3,2,9,0,18,0,0,0,0,0,0,3,1,6,1,35,6,1753,2,7,1,1,2,442859,511065,17,2,1,5,245,3,67,6,60,0,4,6,0,0,0,1,1,2,0,0,2,2,1,1,1,33,6,3,0,0,0,0,0,9,1,5
3,1,9,0,18,0,1,0,0,0,0,4,2,6,2,30,6,1598,1,8,1,1,1,483419,344900,32,1,1,6,355,5,418,6,30,9,4,6,0,0,0,5,1,1,0,0,2,1,1,3,1,10,2,3,6,9,0,0,0,0,3,7
3,1,19,0,7,0,6,0,0,0,0,0,1,6,1,43,7,2198,2,3,1,1,2,524580,197160,1,2,1,6,30,3,1000,6,30,3,4,6,0,0,0,1,1,1,0,0,1,1,1,1,1,33,6,3,0,0,0,0,0,9,1,5
3,2,9,0,18,0,0,0,0,0,0,3,1,6,2,40,7,1968,2,2,1,1,2,424391,428123,13,2,1,5,204,3,650,3,40,0,4,6,0,0,0,1,1,1,0,0,1,1,1,1,2,40,7,3,0,0,0,0,0,9,1,6
3,2,1,0,18,0,5,0,0,0,0,1,1,6,1,21,5,1598,1,8,1,1,2,402950,284460,20,2,1,2,300,3,4040,1,30,1,4,3,4040,0,0,1,2,2,0,0,1,2,1,1,1,21,5,3,0,0,0,0,0,1,1,1
3,1,9,0,18,0,0,0,0,0,0,0,1,6,3,28,6,1598,1,8,1,2,4,261225,661206,97,4,2,2,938,3,730,3,30,0,4,6,0,0,5,4,5,2,0,0,1,1,1,1,1,33,6,3,0,0,0,0,0,9,1,5
3,2,9,0,9,0,5,0,0,7,10,2,1,6,2,50,8,998,1,1,1,1,2,346481,176742,52,2,1,3,605,6,0,6,30,8,4,6,0,0,0,5,1,1,0,0,1,1,1,1,2,50,8,3,0,0,0,0,0,9,1,9
3,1,2,0,4,0,0,0,0,0,0,3,1,6,1,16,4,50,1,4,1,1,1,228896,682634,97,1,1,4,913,6,0,6,30,0,4,6,0,0,0,4,1,1,0,0,1,1,1,1,1,16,4,3,0,0,0,0,0,2,1,5
2,1,9,0,5,0,0,0,0,7,3,1,1,6,1,74,10,1591,1,3,1,2,1,439740,375360,30,1,2,5,322,6,0,6,30,0,4,6,0,0,0,1,1,1,0,0,1,1,2,2,2,68,10,2,0,0,1,0,0,9,1,3
3,2,1,0,18,0,1,0,0,0,0,0,1,6,1,51,8,1598,1,8,1,1,2,586357,187867,42,2,1,3,460,6,0,6,30,3,4,6,0,0,0,1,1,1,0,0,1,2,1,1,1,51,8,3,0,0,0,0,0,1,1,6
3,1,19,0,18,0,1,0,0,0,0,1,1,1,1,52,8,2148,2,6,2,1,2,575960,147580,46,2,1,2,536,3,229,6,30,3,4,4,2079,0,0,1,1,1,0,0,2,1,1,1,1,33,6,3,0,0,0,0,0,9,1,5
3,2,8,0,18,0,8,0,0,0,0,1,1,1,1,31,6,1896,2,8,1,3,2,406187,441344,13,2,3,4,200,6,0,6,30,3,4,6,0,2,4,1,1,2,0,0,1,1,3,2,2,21,5,3,0,0,2,0,0,8,1,1
3,1,2,0,18,0,0,0,0,0,0,3,1,1,1,20,4,49,1,6,1,1,1,529050,184210,1,1,1,1,2,6,0,6,30,0,4,6,0,0,0,1,1,1,0,0,1,1,1,1,1,20,4,3,0,0,0,0,0,2,1,6
3,2,8,0,18,0,8,0,0,0,0,1,1,1,1,60,9,1797,8,5,1,5,3,526380,178190,1,3,5,1,12,5,0,6,30,6,4,6,0,0,0,4,1,1,0,0,1,1,4,2,2,28,6,3,0,0,2,0,0,8,1,4
3,1,9,0,16,0,5,2,0,4,6,1,1,6,1,42,7,1598,1,8,1,1,1,332225,351147,60,1,1,1,725,3,483,3,70,5,2,3,541,0,0,6,1,1,0,0,1,1,1,1,1,42,7,3,0,0,0,0,0,9,1,5
3,1,8,0,18,0,8,0,0,0,0,4,1,1,1,31,6,1968,2,1,1,1,2,504610,176120,1,2,1,2,57,6,0,1,30,1,4,6,0,0,0,4,1,1,0,0,2,1,1,2,2,28,6,3,0,0,2,0,0,8,1,5
3,2,1,0,18,0,2,0,0,0,0,3,1,6,1,33,6,1598,1,8,1,1,2,533280,181590,48,2,1,2,570,3,10,6,30,3,4,6,0,0,4,1,1,1,0,0,1,1,1,1,1,33,6,3,0,0,0,0,0,1,1,2
3,2,9,0,18,0,5,0,0,0,0,1,1,6,1,47,8,1242,1,12,2,1,2,354398,176758,52,2,1,5,601,3,4,6,30,9,4,3,4,0,0,1,1,1,0,0,2,1,1,1,1,33,6,3,0,0,0,0,0,9,1,5
3,1,9,0,7,0,5,0,0,0,0,4,1,6,3,38,7,1598,1,8,1,1,2,454995,342327,31,2,1,5,346,3,6514,3,40,3,4,6,0,0,4,1,1,1,0,0,1,2,1,1,1,33,6,3,0,0,0,0,0,9,1,5
3,1,9,0,18,0,0,0,0,1,1,1,1,1,1,60,9,1999,1,4,1,2,1,353187,382196,7,1,2,4,124,3,533,7,60,0,4,6,0,0,0,1,1,1,0,0,1,1,2,2,1,37,7,3,0,0,1,0,0,9,1,8
2,2,9,0,3,0,0,0,0,0,0,2,1,6,2,38,7,1461,2,1,1,2,2,570920,206432,42,2,2,5,454,3,1060,3,30,0,4,6,0,0,5,1,1,1,0,0,1,2,1,1,2,38,7,2,0,0,0,0,0,9,1,6
3,1,9,0,7,0,5,0,0,0,0,1,1,6,1,38,7,1390,1,13,1,1,2,410060,300540,20,2,1,1,300,3,4026,6,30,6,2,4,4138,0,0,1,1,1,0,0,1,2,1,1,1,33,6,3,0,0,0,0,0,9,1,5
3,3,9,0,3,0,1,0,0,0,0,1,1,6,1,41,7,2987,2,5,1,2,3,580550,166705,46,3,2,5,544,6,0,6,30,3,4,6,0,0,0,1,1,1,0,0,1,1,1,1,1,33,6,3,0,0,0,0,0,9,1,5
3,3,9,0,18,0,0,0,0,0,0,3,1,6,2,45,7,998,1,17,3,2,3,381765,162705,54,3,2,4,635,3,363,6,40,0,4,6,0,0,0,6,1,1,0,0,2,1,2,1,2,45,7,3,0,0,0,0,0,9,3,8
3,2,9,0,18,0,1,0,0,0,0,0,1,1,1,38,7,2993,2,1,1,2,2,427671,577970,10,2,2,6,139,4,1505,6,40,3,4,6,0,0,0,4,1,1,0,0,2,1,1,1,1,33,6,3,0,0,0,0,0,9,1,5
3,1,9,0,7,0,8,0,7,0,0,1,1,6,1,38,7,1598,1,8,1,3,1,533710,170810,1,1,3,3,8,3,212,6,30,3,4,3,212,0,0,1,1,2,0,0,1,1,3,1,1,33,6,3,0,0,0,0,0,9,1,5
3,2,9,0,18,0,1,1,10,0,0,3,1,6,2,52,8,1349,1,4,1,2,2,279554,651289,97,2,2,5,932,3,71,6,60,9,4,6,0,0,0,1,1,1,0,0,2,1,1,1,2,52,8,3,0,0,0,0,0,9,1,5
3,1,9,0,18,0,2,0,4,0,0,1,1,6,2,66,10,1769,1,10,1,1,2,328990,669010,95,2,1,4,923,3,772,6,30,3,4,6,0,0,8,4,1,1,0,0,1,1,1,1,2,66,10,3,0,0,0,0,0,9,1,5
3,2,9,0,18,0,1,0,0,0,0,1,1,6,1,47,8,2400,2,2,3,3,2,351800,493120,3,2,3,4,65,3,6,6,30,6,4,6,0,0,0,1,1,1,0,0,1,1,3,2,1,48,8,3,0,0,2,0,0,9,1,4
3,2,9,0,18,0,1,0,0,0,0,1,1,6,2,44,7,1910,2,8,1,4,3,337800,389685,5,3,4,2,91,6,0,6,30,6,4,6,0,0,0,1,1,1,0,0,1,1,3,2,1,13,3,3,0,0,1,0,0,9,1,3
3,3,9,0,4,0,0,0,0,0,0,2,1,2,1,19,4,1598,1,8,1,5,4,617324,241239,37,4,5,4,410,3,14,3,70,0,4,6,0,0,0,1,1,1,0,0,2,1,4,2,2,19,4,3,0,0,1,0,0,9,1,3
3,1,9,0,4,0,0,0,0,0,0,2,1,6,2,82,11,1762,1,16,2,1,2,465639,154490,44,2,1,7,490,3,33,3,70,0,4,6,0,0,0,1,1,1,0,0,2,2,1,1,2,82,11,3,0,0,0,0,0,9,2,10
3,2,19,0,18,0,0,0,0,0,0,1,1,6,1,49,8,1360,1,5,1,3,2,481213,213554,43,2,3,7,476,3,418,6,30,0,4,6,0,0,0,1,1,2,0,0,1,1,3,1,1,49,8,3,0,0,0,0,0,19,1,4
3,1,9,0,5,0,1,0,0,3,0,4,1,6,2,37,7,998,1,8,1,2,2,543362,191976,42,2,2,7,456,4,173,6,30,3,4,6,0,0,0,1,1,1,0,0,1,1,1,1,2,37,7,3,0,0,0,0,0,9,1,10
3,1,9,0,18,0,2,0,0,0,0,1,1,6,2,38,7,1598,2,8,1,2,2,290576,65808,50,2,2,4,587,6,0,6,30,3,4,6,0,0,0,1,4,1,0,0,1,1,1,1,2,38,7,3,0,0,0,0,0,9,1,2
2,1,9,0,18,0,1,0,0,0,0,1,1,6,2,38,7,2199,2,5,2,2,3,575970,134730,46,3,2,2,543,3,229,3,40,9,4,6,0,0,0,5,1,1,0,0,2,1,1,1,2,33,6,3,0,0,0,0,0,9,2,9
3,2,9,0,4,0,1,0,0,0,0,2,1,6,1,38,7,1596,1,6,3,1,2,363742,181923,52,2,1,1,612,4,4427,6,40,3,4,6,0,0,0,1,1,1,0,0,2,1,1,2,2,36,7,3,0,0,1,0,0,9,1,5
3,1,9,0,5,0,0,0,0,0,0,1,1,6,1,49,8,1968,2,8,1,2,2,435719,436233,13,2,2,6,204,6,0,6,30,0,4,6,0,0,0,4,1,1,0,0,1,1,1,1,1,49,8,3,0,0,0,0,0,9,1,5
3,2,19,0,3,0,0,0,0,0,0,2,1,1,1,27,6,1560,2,8,1,2,3,619829,304372,36,3,2,3,406,3,47,3,70,0,4,6,0,0,0,1,2,2,0,0,2,1,1,1,1,27,6,3,0,0,0,0,0,19,1,3
3,2,1,0,17,0,8,0,0,0,0,3,1,5,2,30,6,1598,1,8,1,1,2,350623,238207,22,2,1,4,285,6,0,6,30,3,4,6,0,0,0,1,2,2,0,0,1,1,1,1,2,30,6,3,0,0,0,0,0,1,1,7
3,2,9,0,18,0,1,0,0,0,0,1,1,6,1,36,7,1242,1,6,1,1,2,528707,112748,47,2,1,7,563,3,23,3,70,5,4,3,23,0,0,1,1,1,0,0,2,1,1,1,1,36,7,3,0,0,0,0,0,9,1,10
3,1,9,0,14,0,0,0,0,0,0,1,1,1,1,38,7,1560,2,2,1,1,2,508446,166830,45,2,1,6,40,4,375,6,30,0,4,6,0,0,0,1,1,1,0,0,1,1,1,1,1,33,6,3,0,0,0,0,0,9,1,5
3,2,90,0,18,0,0,0,0,0,0,0,1,6,3,1,1,1598,1,8,1,1,2,414398,416471,13,2,1,4,203,6,0,2,20,0,4,6,0,0,0,1,1,1,0,0,1,2,1,1,1,33,6,3,0,0,0,0,0,9,1,5
3,2,9,0,4,0,0,0,0,0,0,2,1,6,1,69,10,1995,2,6,1,1,2,539880,303050,35,2,1,6,392,3,47,6,40,0,4,6,0,0,0,1,1,1,0,0,2,2,1,2,2,21,5,3,0,0,1,0,0,9,3,2
3,2,8,0,7,0,1,0,0,0,0,2,1,1,1,46,8,1587,1,6,1,4,2,404010,282770,20,2,4,7,300,6,0,6,30,3,4,3,4040,0,0,1,1,1,0,0,1,1,2,2,1,35,6,3,0,0,2,0,0,8,1,1
3,3,21,1,3,0,0,0,0,0,0,2,2,1,1,38,7,1598,1,8,1,1,4,476055,254332,34,4,1,6,385,1,1,3,70,0,4,6,0,0,0,1,1,1,0,0,2,1,1,1,1,33,6,3,0,0,0,0,0,9,1,5
3,1,9,0,18,0,4,0,0,0,0,1,1,6,1,19,4,1229,1,7,1,1,2,397883,308989,21,2,1,5,250,6,27,1,30,1,4,6,51,0,8,4,2,2,0,0,1,1,1,1,1,33,6,3,0,0,0,0,0,9,1,5
3,2,9,0,18,0,8,0,0,0,0,1,1,6,1,38,7,1598,1,8,1,1,3,548830,178680,1,3,1,4,18,6,0,6,30,3,4,6,0,0,0,4,2,2,0,0,1,1,1,1,1,33,6,3,0,0,0,0,0,9,1,5
3,1,5,0,18,0,8,0,0,0,0,1,1,6,1,51,8,781,1,15,1,1,2,532210,182860,1,2,1,1,3,3,501,6,30,3,4,3,501,0,0,4,1,1,0,0,1,1,1,1,1,51,8,3,0,0,0,0,0,5,1,5
3,1,9,0,18,0,4,0,0,0,0,1,1,1,1,42,7,1686,2,5,1,1,2,383750,432610,4,2,1,1,72,6,0,1,30,1,4,6,0,0,0,4,1,1,0,0,1,1,1,2,2,22,5,3,0,0,1,0,0,9,1,9
3,2,4,0,4,0,1,0,0,0,0,1,1,6,1,38,7,535,1,16,1,1,2,534050,168450,1,2,1,4,20,3,215,6,30,3,4,6,0,0,0,1,1,1,0,0,1,2,1,1,1,33,6,3,0,0,0,0,0,4,1,4
3,4,21,0,2,0,0,0,0,0,0,0,1,6,3,38,7,8970,2,18,1,3,4,534746,129259,47,4,3,3,563,6,0,6,30,0,4,6,0,0,0,1,1,1,0,0,2,1,1,1,1,33,6,3,0,0,0,0,0,9,1,5