accident_severity,vehicle_reference,vehicle_type,towing_and_articulation,vehicle_manoeuvre,vehicle_location-restricted_lane,junction_location,skidding_and_overturning,hit_object_in_carriageway,vehicle_leaving_carriageway,hit_object_off_carriageway,1st_point_of_impact,was_vehicle_left_hand_drive?,journey_purpose_of_driver,sex_of_driver,age_of_driver,age_band_of_driver,engine_capacity_(cc),propulsion_code,age_of_vehicle,driver_home_area_type,NUmber_of_Casualities_unique_to_accident_index,No_of_Vehicles_involved_unique_to_accident_index,location_easting_osgr,location_northing_osgr,police_force,number_of_vehicles,number_of_casualties,day_of_week,local_authority_(district),1st_road_class,1st_road_number,road_type,speed_limit,junction_detail,junction_control,2nd_road_class,2nd_road_number,pedestrian_crossing-human_control,pedestrian_crossing-physical_facilities,light_conditions,weather_conditions,road_surface_conditions,special_conditions_at_site,carriageway_hazards,urban_or_rural_area,did_police_officer_attend_scene_of_accident,casualty_reference,casualty_class,sex_of_casualty,age_of_casualty,age_band_of_casualty,casualty_severity,pedestrian_location,pedestrian_movement,car_passenger,bus_or_coach_passenger,pedestrian_road_maintenance_worker,casualty_type,casualty_home_area_type,casualty_imd_decile
2,1,5,0,17,0,0,5,0,0,0,1,1,6,1,41,7,675,1,2,1,1,1,221697,110921,50,1,1,7,596,6,0,6,60,0,4,6,0,0,0,1,1,1,0,0,2,1,1,1,1,41,7,2,0,0,0,0,0,5,1,4
3,2,9,0,4,0,1,0,0,0,0,1,1,6,1,38,7,1598,1,8,1,1,2,439045,386619,14,2,1,4,215,3,57,7,50,1,4,3,6102,0,0,1,1,1,0,0,1,2,1,1,1,33,6,3,0,0,0,0,0,9,1,5
3,2,1,0,17,0,8,0,0,0,0,1,1,6,2,41,7,1598,1,8,1,1,2,535070,179530,1,2,1,4,8,3,101,1,30,1,4,3,200,0,0,1,2,2,0,0,1,1,1,1,2,41,7,3,0,0,0,0,0,1,1,3
3,1,9,0,9,0,6,0,0,0,0,1,1,6,1,33,6,1896,2,13,2,1,2,383695,218811,53,2,1,6,623,4,4063,6,30,6,4,6,551,0,0,4,1,1,0,0,1,1,1,1,1,33,6,3,0,0,0,0,0,9,1,5
3,1,9,0,3,0,0,0,0,0,0,2,1,3,2,36,7,1587,1,8,1,3,2,447498,514424,17,2,3,3,243,4,1380,6,50,0,4,6,0,0,0,1,1,4,0,0,2,1,1,1,2,36,7,3,0,0,0,0,0,9,1,8
3,2,1,0,18,0,8,0,0,0,0,1,1,6,1,50,8,1598,1,8,3,1,2,419273,182453,54,2,1,3,633,3,4259,1,40,1,4,3,419,0,0,1,1,1,0,0,2,2,1,1,1,50,8,3,0,0,0,0,0,1,3,7
3,1,9,0,18,0,8,0,11,1,2,1,1,6,1,19,4,1895,1,16,3,1,1,369093,128338,52,1,1,1,610,3,371,1,60,1,4,6,0,0,0,4,1,1,0,2,2,2,1,1,1,19,4,3,0,0,0,0,0,9,3,7
3,1,3,0,7,0,1,1,0,0,0,1,1,6,1,18,4,124,1,16,3,1,2,617826,246115,37,2,1,2,412,6,0,6,40,3,4,3,1214,0,4,1,2,2,0,0,1,1,1,1,1,18,4,3,0,0,0,0,0,3,3,7
3,1,2,0,18,0,1,0,0,0,1,1,1,6,2,51,8,1598,1,8,3,1,2,256965,619945,97,2,1,2,919,4,7083,6,30,9,4,6,0,2,5,1,1,1,0,0,2,1,1,1,2,51,8,3,0,0,0,0,0,2,3,5
1,1,21,1,18,0,0,0,0,0,0,1,1,1,1,41,7,10837,2,2,1,5,4,374650,366078,7,4,5,5,129,1,6,3,70,0,4,6,0,0,0,6,1,1,0,0,2,1,1,1,1,41,7,1,0,0,0,0,0,21,1,5
3,2,9,0,18,0,0,0,0,0,0,1,1,1,1,28,6,1368,1,4,2,1,2,322670,672610,95,2,1,4,923,5,0,6,30,0,4,6,0,0,4,1,1,1,0,0,1,1,1,1,1,33,6,3,0,0,0,0,0,9,1,5
3,1,19,0,5,0,8,0,0,0,0,1,1,6,3,38,7,1598,1,8,1,1,1,435802,389591,14,1,1,6,215,6,0,6,30,3,4,6,0,0,4,1,1,1,0,0,1,1,1,3,2,12,3,3,4,1,0,0,0,0,1,1
2,2,9,0,2,0,2,0,0,0,0,1,1,6,3,38,7,1599,1,10,1,1,2,528384,408224,16,2,1,6,233,6,0,6,30,3,4,6,0,0,0,1,1,2,0,0,1,1,1,1,1,33,6,3,0,0,0,0,0,9,1,5
3,1,9,0,9,0,8,0,0,0,0,4,1,6,2,23,5,1229,1,3,1,1,2,332730,387422,5,2,1,3,95,3,41,3,30,3,2,6,0,0,0,1,1,1,0,0,1,1,1,1,1,33,6,3,0,0,0,0,0,9,1,5
3,1,9,0,3,0,1,0,0,0,0,4,1,6,1,24,5,1124,1,14,1,1,2,182224,43900,50,2,1,7,596,3,39,6,60,2,4,3,39,0,0,4,1,1,0,0,1,1,1,1,1,33,6,3,0,0,0,0,0,9,1,5
3,1,9,0,14,0,0,5,0,0,0,1,1,6,2,66,10,1242,1,2,1,2,3,414441,429708,13,3,2,5,200,6,0,6,30,0,4,6,0,0,0,4,7,2,0,0,1,1,2,2,2,27,6,3,0,0,1,0,0,9,1,5
3,1,8,0,18,0,1,0,0,0,0,1,1,1,1,30,6,2231,2,7,1,1,1,376170,428530,4,1,1,3,75,6,0,6,30,3,4,6,0,0,0,1,1,1,0,0,1,1,1,3,2,71,10,3,5,3,0,0,0,0,1,3
3,1,19,0,18,0,8,0,0,0,0,1,1,1,1,37,7,1560,2,3,1,1,1,474901,260414,34,1,1,5,384,3,5095,6,30,6,2,5,176,0,5,4,1,1,0,0,1,1,1,3,1,44,7,3,5,1,0,0,0,0,1,5
2,1,3,0,18,0,0,0,0,1,0,4,1,2,1,39,7,124,1,8,1,1,1,428302,510549,11,1,1,5,161,3,167,6,60,0,4,6,0,0,0,6,1,1,0,0,2,1,1,1,1,39,7,2,0,0,0,0,0,3,1,3
2,1,9,0,9,0,8,0,0,0,0,4,1,6,1,48,8,1560,2,8,1,1,2,531190,179190,1,2,1,3,9,3,23,6,30,6,2,3,3203,0,5,1,1,1,0,0,1,1,1,1,1,33,6,3,0,0,0,0,0,9,1,5
3,2,3,0,18,0,8,0,0,0,0,1,1,6,1,38,7,125,1,2,1,1,2,525410,172860,1,2,1,2,10,3,218,6,30,3,4,5,0,0,0,1,1,1,0,0,1,1,1,1,1,38,7,3,0,0,0,0,0,3,1,5
3,2,1,0,17,0,1,0,0,0,0,1,1,2,1,24,5,1598,1,8,1,1,2,291994,93958,50,2,1,5,581,6,0,6,20,3,4,6,0,0,0,1,1,1,0,0,1,1,1,1,1,24,5,3,0,0,0,0,0,1,1,6
3,2,20,0,18,0,0,0,0,0,0,3,1,1,2,49,8,1598,1,8,3,1,2,299664,178710,62,2,1,1,746,6,0,6,60,0,4,6,0,0,0,1,1,2,0,0,2,1,1,1,1,33,6,3,0,0,0,0,0,9,1,5
3,3,19,0,4,0,1,5,0,0,0,2,1,1,1,31,6,2402,2,5,1,2,4,454556,287838,33,4,2,5,363,3,426,6,60,6,4,5,6701,0,0,1,4,1,0,0,2,1,1,1,1,33,6,3,0,0,0,0,0,9,1,5
3,2,1,0,18,0,1,0,0,0,0,1,1,6,1,69,10,1598,1,8,1,1,2,424672,567628,10,2,1,2,147,6,1291,6,30,1,4,6,1291,0,0,1,1,2,0,0,1,2,1,1,1,69,10,3,0,0,0,0,0,1,1,10
3,2,3,0,15,0,8,0,0,0,0,1,1,6,1,34,6,125,1,4,1,1,2,530060,181230,1,2,1,2,2,3,401,6,30,3,4,4,404,0,1,1,1,1,0,0,1,1,1,1,1,34,6,3,0,0,0,0,0,3,1,6
3,1,5,0,13,0,8,0,0,0,0,1,1,2,1,60,9,600,1,10,1,1,2,461354,342231,31,2,1,1,343,5,166,6,30,3,4,6,0,0,0,1,1,1,0,0,1,2,1,1,1,60,9,3,0,0,0,0,0,5,1,8
3,1,9,0,18,0,0,0,0,0,0,1,1,6,1,33,6,1598,1,8,1,1,2,315504,194537,61,2,1,7,731,6,0,6,30,0,4,6,0,0,0,4,8,2,0,0,1,1,1,1,1,33,6,3,0,0,0,0,0,9,1,5
3,2,9,0,17,0,1,0,0,0,0,2,1,6,1,48,8,1200,1,1,1,1,3,516120,182420,1,3,1,2,27,4,455,6,30,1,4,4,455,0,0,1,1,1,0,0,1,1,1,1,1,33,6,3,0,0,0,0,0,9,1,5
3,1,9,0,16,0,8,2,7,7,2,3,1,6,1,41,7,1598,1,8,1,1,1,460378,91859,44,1,1,1,505,3,3055,1,30,2,4,4,3330,0,4,4,1,1,0,0,1,1,1,1,1,41,7,3,0,0,0,0,0,9,1,2
3,1,9,0,13,0,0,1,0,1,7,2,1,1,1,36,7,1598,1,8,2,1,2,162445,40257,50,2,1,6,596,3,30,3,30,0,4,6,0,0,0,1,4,2,0,0,2,1,1,1,1,33,6,3,0,0,0,0,0,9,1,5
3,2,19,0,17,0,0,0,0,0,0,3,2,2,1,53,8,2298,2,1,2,2,2,512108,369626,32,2,2,4,356,4,1202,6,30,0,4,6,0,0,0,1,1,1,0,0,2,2,1,1,1,53,8,3,0,0,0,0,0,19,2,4
3,3,90,0,2,0,0,0,0,0,0,2,1,6,3,38,7,2500,2,30,1,1,3,652754,304885,36,3,1,7,402,6,0,6,30,0,4,6,0,0,0,4,2,2,0,0,1,1,1,1,1,33,6,3,0,0,0,0,0,9,1,5
3,1,9,0,18,0,1,0,10,1,0,1,1,6,1,24,5,1598,1,8,1,3,2,529130,183960,1,2,3,1,2,3,400,6,30,3,4,6,0,0,0,4,1,2,0,0,1,1,1,1,1,33,6,3,0,0,0,0,0,9,1,5
3,2,9,0,18,0,8,0,0,0,0,1,1,6,1,29,6,1896,2,14,1,1,3,392850,188706,54,3,1,3,635,4,4014,6,40,3,4,5,68,0,0,1,1,1,0,0,2,1,1,1,1,33,6,3,0,0,0,0,0,9,1,5
3,1,9,0,18,0,0,0,0,0,0,4,1,6,3,38,7,1598,1,8,1,1,1,451510,109739,44,1,1,6,492,3,3051,6,30,0,4,6,0,0,0,4,1,1,0,0,1,2,1,3,2,15,3,3,6,9,0,0,0,0,1,9
2,2,9,0,18,0,0,0,0,0,0,3,1,2,1,45,7,3222,2,12,1,2,2,496158,179246,43,2,2,2,473,3,355,3,60,0,4,6,0,0,0,4,1,4,0,0,2,1,2,1,1,45,7,2,0,0,0,0,0,9,1,5
3,1,90,0,18,0,1,0,0,0,0,1,1,6,1,34,6,1598,1,8,2,1,2,524802,310777,32,2,1,4,354,3,1073,6,50,3,4,4,1166,0,0,7,4,2,0,0,2,1,1,1,1,33,6,3,0,0,0,0,0,9,1,5
3,2,9,0,7,0,8,0,0,0,0,4,1,6,3,38,7,1598,1,8,1,1,2,525860,175740,1,2,1,5,11,3,217,6,30,6,2,5,0,0,5,1,1,1,0,0,1,1,1,1,1,33,6,3,0,0,0,0,0,9,1,5
3,3,9,0,4,0,0,0,0,0,0,2,1,6,1,43,7,2231,2,5,1,1,3,514310,202480,41,3,1,6,434,1,25,3,70,0,4,6,0,0,0,1,1,1,0,0,2,1,1,1,1,33,6,3,0,0,0,0,0,9,1,5
2,1,9,0,18,0,0,0,0,0,0,2,1,6,1,20,4,1598,1,8,1,1,2,369520,165915,52,2,1,5,611,3,4,6,50,0,4,6,0,0,0,4,1,1,0,0,2,2,1,1,1,33,6,3,0,0,0,0,0,9,1,5
3,1,9,0,9,0,6,0,0,0,0,0,1,1,3,38,7,1598,1,8,1,1,5,337585,392161,5,5,1,5,91,6,0,6,30,3,2,3,5049,0,5,1,1,1,0,0,1,1,1,1,1,33,6,3,0,0,0,0,0,9,1,5
3,2,9,0,17,0,0,0,0,0,0,2,1,2,1,42,7,1587,1,14,1,1,2,267726,127640,50,2,1,7,582,6,0,6,60,0,4,6,0,0,0,1,2,2,0,0,2,2,1,1,1,33,6,3,0,0,0,0,0,9,1,5
3,1,11,0,18,0,0,0,0,0,0,0,1,1,1,25,5,5132,2,8,1,1,1,539680,175740,1,1,1,6,7,4,212,6,30,0,4,6,0,0,0,4,1,1,0,0,1,1,1,2,2,88,11,3,0,0,0,3,0,11,1,5
3,1,9,0,13,0,1,0,0,0,0,4,1,1,1,45,7,1997,2,3,1,1,2,562242,101220,47,2,1,4,551,6,0,6,30,3,4,6,0,0,0,1,4,1,0,0,1,1,1,2,2,31,6,3,0,0,1,0,0,9,1,5
3,1,9,0,18,0,0,0,0,0,0,0,1,1,1,33,6,1598,1,10,1,1,2,498817,170605,45,2,1,2,514,6,3116,3,30,0,4,6,0,0,0,1,2,2,0,0,1,1,1,3,1,67,10,3,5,2,0,0,0,0,1,5
3,2,9,0,18,0,1,0,0,0,0,1,1,6,1,39,7,1997,2,5,1,1,2,521810,183390,1,2,1,6,28,3,4000,6,30,9,2,3,404,0,5,1,1,1,0,0,1,1,1,1,1,33,6,3,0,0,0,0,0,9,1,5
1,1,21,0,18,0,0,0,0,0,0,4,1,1,1,49,8,12900,2,3,1,1,1,343228,365231,7,1,1,5,130,3,55,3,70,0,4,6,0,0,0,6,1,2,0,0,2,1,1,3,2,53,8,1,9,5,0,0,0,0,1,8
2,2,3,0,13,0,8,0,0,0,0,4,1,6,1,18,4,125,1,9,1,1,2,397270,290770,20,2,1,5,305,3,457,6,30,3,4,6,0,0,0,1,2,2,0,0,1,1,1,1,1,18,4,2,0,0,0,0,0,3,1,7
3,1,9,0,17,0,0,5,0,1,0,4,1,6,1,18,4,1598,1,8,1,3,1,427471,438609,13,1,3,2,204,3,6120,3,70,0,4,6,0,0,0,4,1,2,0,0,2,1,2,2,1,18,4,3,0,0,1,0,0,9,1,1
3,2,5,0,18,0,8,1,0,0,0,1,1,6,1,24,5,988,1,10,1,1,2,439284,387499,14,2,1,7,215,3,6102,6,30,3,4,6,0,0,0,1,1,1,0,0,1,1,1,1,1,24,5,3,0,0,0,0,0,5,1,7
3,2,9,0,18,0,1,0,0,0,0,1,1,6,2,38,7,1986,2,10,1,1,2,448086,516877,17,2,1,5,243,3,1032,6,30,3,2,6,0,0,0,1,1,1,0,0,1,2,1,1,1,33,6,3,0,0,0,0,0,9,1,5
3,1,9,0,18,0,1,0,0,1,9,1,1,6,1,33,6,1598,1,17,1,2,2,422775,400222,14,2,2,1,210,3,616,6,50,8,4,6,0,0,0,1,1,1,0,0,2,1,1,1,1,33,6,3,0,0,0,0,0,9,1,1
3,1,3,0,4,0,8,0,0,0,0,4,1,6,1,31,6,125,1,6,1,1,2,527080,174980,1,2,1,4,10,3,3,6,30,3,4,6,0,0,0,1,2,2,0,0,1,1,1,1,1,31,6,3,0,0,0,0,0,3,1,7
3,2,9,0,3,0,0,0,0,0,0,1,1,6,2,36,7,1753,2,11,1,1,2,483120,145209,45,2,1,2,517,6,5315,6,30,0,4,6,0,0,0,1,8,2,0,0,1,1,1,1,2,36,7,3,0,0,0,0,0,9,1,7
3,2,1,0,18,0,8,0,0,0,0,2,1,6,1,38,7,1598,1,8,1,1,2,360440,181030,52,2,1,4,612,3,38,3,40,3,2,6,0,0,0,1,1,1,0,0,2,1,1,1,1,38,7,3,0,0,0,0,0,1,1,4
3,1,9,0,16,0,0,1,0,1,0,4,1,6,1,18,4,1242,1,11,1,1,1,626897,238296,37,1,1,3,415,3,14,3,70,0,4,6,0,0,0,1,2,2,0,0,2,1,1,1,1,18,4,3,0,0,0,0,0,9,1,6
2,1,10,0,18,0,0,0,0,0,0,1,2,1,1,28,6,1598,1,8,1,5,2,360599,377580,7,2,5,6,130,3,49,6,60,0,4,6,0,0,0,1,1,2,0,0,2,1,1,1,1,28,6,3,0,0,0,0,0,10,1,5
3,1,9,0,18,0,0,0,0,7,10,3,1,6,1,22,5,1197,1,2,1,2,1,348250,496820,3,1,2,2,65,3,591,6,60,0,4,6,0,0,0,6,5,2,0,0,2,1,1,1,1,22,5,3,0,0,0,0,0,9,1,8
3,1,9,0,18,0,0,0,7,0,0,1,1,6,2,84,11,2495,2,11,1,1,1,421094,429303,13,1,1,6,200,3,650,6,60,0,4,6,0,0,0,1,2,2,0,0,1,1,1,1,2,84,11,3,0,0,0,0,0,9,1,8
3,2,8,0,18,0,1,0,10,7,4,1,1,6,1,43,7,1329,1,3,1,2,2,530820,185950,1,2,2,7,3,3,503,2,30,3,4,6,0,0,4,1,1,1,0,0,1,1,2,2,2,25,5,3,0,0,2,0,0,8,1,5
3,1,9,0,18,0,1,0,0,0,0,3,1,2,2,38,7,1598,1,7,2,1,1,323437,674377,95,1,1,4,923,6,0,6,30,3,4,6,0,0,0,1,1,1,0,0,1,1,1,3,1,42,7,3,5,1,0,0,0,0,1,5
2,1,9,0,1,0,6,0,0,0,0,2,1,2,2,48,8,1229,1,1,1,1,1,399935,653019,10,1,1,6,139,6,107,6,30,8,4,6,0,0,0,5,1,1,0,0,1,1,1,3,2,89,11,2,6,7,0,0,0,0,2,7
3,1,1,0,7,0,8,0,0,0,0,3,1,6,1,38,7,1598,1,8,1,1,2,530290,176210,1,2,1,6,9,3,3,6,30,3,4,6,0,0,0,1,1,1,0,0,1,1,1,1,1,33,6,3,0,0,0,0,0,1,1,5
3,1,5,0,16,0,2,2,0,0,0,4,1,6,1,27,6,599,1,8,1,1,1,504910,370333,32,1,1,5,353,4,1190,6,60,3,4,6,0,0,0,1,1,1,0,0,2,1,1,1,1,27,6,3,0,0,0,0,0,5,1,8
3,3,9,0,3,0,0,0,0,0,0,2,1,6,1,86,11,1598,1,8,2,2,4,249620,200630,63,4,2,7,751,3,484,6,30,0,4,6,0,0,0,1,1,2,0,0,1,1,1,1,1,33,6,3,0,0,0,0,0,9,1,5
3,3,9,0,2,0,0,0,0,0,0,3,1,6,2,43,7,2099,1,13,1,2,3,434870,279370,20,3,2,1,302,4,4110,6,30,0,4,6,0,0,0,4,1,1,0,0,1,1,1,1,1,33,6,3,0,0,0,0,0,9,1,5
3,1,8,0,4,0,1,0,0,0,0,1,1,1,1,52,8,1598,1,8,1,1,1,587339,241748,37,1,1,7,410,6,0,6,30,3,4,6,0,0,0,1,1,1,0,0,1,1,1,3,1,7,2,3,5,2,0,0,0,0,1,3
3,1,9,0,18,0,8,0,0,0,0,1,1,6,1,44,7,2496,1,8,1,1,2,521430,185790,1,2,1,6,28,4,453,1,30,1,4,3,4088,0,8,7,2,2,0,0,1,1,1,1,1,33,6,3,0,0,0,0,0,9,1,5
3,1,9,0,9,0,8,0,0,0,0,1,1,6,1,50,8,1461,2,7,1,1,2,294145,93279,50,2,1,5,581,6,0,6,30,3,4,6,0,0,0,1,1,1,0,0,1,2,1,1,1,33,6,3,0,0,0,0,0,9,1,5
2,2,5,0,14,0,1,0,0,0,0,4,1,2,1,50,8,1198,1,8,1,1,2,505640,164865,45,2,1,4,514,4,3121,6,30,3,4,6,0,0,0,4,1,1,0,0,1,1,1,1,1,50,8,2,0,0,0,0,0,5,1,9
3,3,19,0,18,0,1,0,0,0,0,1,1,6,1,39,7,2143,2,3,1,1,3,519310,179520,1,3,1,6,27,3,4000,6,30,3,4,6,0,0,0,1,1,2,0,0,1,1,1,1,1,33,6,3,0,0,0,0,0,9,1,5
3,1,9,0,18,0,0,0,0,0,0,1,1,6,1,44,7,1560,2,1,1,5,3,433346,564874,10,3,5,4,149,3,19,3,50,0,4,6,0,0,0,4,1,1,0,0,2,2,1,1,1,44,7,3,0,0,0,0,0,9,1,5
3,2,19,0,4,0,0,0,0,5,6,2,1,1,1,41,7,1598,1,8,2,2,2,544110,253240,35,2,2,6,395,1,11,3,70,0,4,6,0,0,0,1,1,1,0,0,2,1,2,1,1,41,7,3,0,0,0,0,0,19,2,9
3,2,9,0,18,0,8,0,0,0,0,1,1,6,2,27,6,1598,1,12,1,3,2,523772,209675,41,2,3,6,438,3,1000,6,40,3,4,3,414,0,0,4,1,1,0,0,2,1,2,1,2,27,6,3,0,0,0,0,0,9,1,5
3,1,20,0,13,0,0,0,0,0,0,4,1,6,3,38,7,1598,1,8,1,1,2,415727,188113,54,2,1,3,633,3,4311,6,30,0,4,6,0,0,0,1,1,1,0,0,1,2,1,1,1,33,6,3,0,0,0,0,0,9,1,5
3,3,9,0,2,0,1,0,0,0,0,0,1,6,2,36,7,1598,1,8,1,2,3,278090,209910,63,3,2,3,753,6,0,6,30,3,4,6,0,0,0,1,1,1,0,0,1,1,1,1,1,33,6,3,0,0,0,0,0,9,1,5
3,1,9,0,18,0,2,0,0,0,0,1,1,6,3,38,7,1598,1,8,1,1,1,406442,286113,20,1,1,4,300,4,4127,6,30,6,4,6,0,0,1,1,9,1,0,0,1,2,1,3,2,21,5,3,2,1,0,0,2,0,1,2
3,1,9,0,18,0,0,0,0,0,0,2,1,6,1,38,7,1956,2,1,2,2,2,501572,170603,45,2,2,1,514,1,25,3,70,0,4,6,0,0,0,4,1,1,0,0,2,1,2,2,2,47,8,3,0,0,1,0,0,9,1,7
3,1,19,0,1,9,8,0,0,0,0,2,1,6,1,24,5,2198,2,9,3,1,1,484373,310972,33,1,1,6,368,5,7316,6,30,8,4,6,6,0,1,4,1,1,0,0,2,1,1,3,1,76,11,3,6,9,0,0,0,0,3,10
3,1,9,0,3,0,0,0,0,0,0,2,1,6,1,38,7,2148,2,9,1,3,2,513840,190770,1,2,3,3,29,5,0,6,30,0,4,6,0,0,1,1,9,2,0,0,1,2,3,2,2,31,6,3,0,0,2,0,0,9,1,5
3,2,9,0,4,0,0,0,0,0,0,2,1,2,2,39,7,1598,1,8,1,1,4,275518,197685,62,4,1,6,743,6,0,6,30,0,4,6,0,0,0,1,1,1,0,0,1,1,2,1,2,39,7,3,0,0,0,0,0,9,1,5
3,1,9,0,7,0,5,0,0,0,0,4,1,6,2,38,7,1598,1,8,1,1,2,413470,291450,20,2,1,7,300,3,452,3,40,8,4,6,0,0,0,1,1,1,0,0,1,1,1,1,1,33,6,3,0,0,0,0,0,9,1,5
3,2,9,0,18,0,8,0,0,0,1,1,1,6,1,24,5,1590,1,13,1,1,2,428323,565670,10,2,1,1,147,3,193,6,30,6,2,5,127,0,4,1,2,2,0,0,1,1,1,1,1,24,5,3,0,0,0,0,0,9,1,5
3,1,1,0,18,4,8,0,0,0,0,1,1,2,1,26,6,1598,1,8,1,1,2,528930,174480,1,2,1,3,9,3,24,6,30,3,4,6,0,0,0,1,2,2,0,0,1,2,1,1,1,26,6,3,0,0,0,0,0,1,1,3
3,3,11,0,3,0,0,0,0,0,0,0,1,1,3,38,7,1598,1,8,1,1,3,454967,303132,33,3,1,2,360,5,4109,6,30,0,4,6,0,0,0,1,1,1,0,0,1,2,1,1,1,33,6,3,0,0,0,0,0,9,1,5
3,2,9,0,18,0,1,0,0,0,0,4,1,6,1,43,7,1598,1,8,1,2,2,356547,367731,7,2,2,7,130,3,54,6,60,6,4,4,5152,0,0,1,1,1,0,0,2,1,1,1,1,33,6,3,0,0,0,0,0,9,1,5
3,2,5,0,13,0,8,0,0,0,0,4,1,6,1,38,7,988,1,12,3,1,2,426021,290695,23,2,1,1,290,4,4114,6,50,8,4,6,0,0,0,1,1,1,0,0,2,1,1,1,1,38,7,3,0,0,0,0,0,5,3,7
3,2,9,0,18,0,2,0,0,0,0,1,1,6,1,45,7,698,1,10,1,1,2,537340,177600,1,2,1,3,7,3,200,6,30,3,2,3,2209,0,5,4,1,1,0,0,1,1,1,1,1,33,6,3,0,0,0,0,0,9,1,5
2,2,9,0,18,0,4,0,0,0,0,1,1,6,2,26,6,1686,2,5,1,2,2,423851,434261,13,2,2,4,204,6,0,6,30,2,4,3,647,0,0,1,1,1,0,0,1,2,2,1,2,26,6,2,0,0,0,0,0,9,1,2
3,1,3,0,14,0,1,0,0,0,0,1,1,6,1,38,7,1598,1,8,1,1,1,531220,177300,1,1,1,4,9,3,23,6,30,3,4,6,0,0,4,1,1,1,0,0,1,1,1,3,1,39,7,3,4,2,0,0,2,0,1,4
3,1,4,0,11,2,0,0,0,0,0,1,1,2,1,39,7,599,1,10,3,2,1,330810,672920,95,1,2,2,923,3,1,6,40,0,4,6,0,0,4,4,1,2,0,0,1,1,2,3,1,31,6,3,4,1,0,0,0,0,1,5
3,2,9,0,18,0,8,1,0,1,0,1,1,6,2,54,8,1360,1,3,1,2,2,504233,219618,40,2,2,4,424,3,5,6,50,8,4,6,0,0,0,1,1,1,0,0,2,1,2,1,2,54,8,3,0,0,0,0,0,9,1,6
3,1,9,0,18,0,0,0,4,0,0,1,1,6,1,77,11,2231,2,9,1,1,5,435824,291662,23,5,1,6,291,6,0,6,30,0,4,6,0,0,0,4,1,1,0,0,1,1,1,1,1,77,11,3,0,0,0,0,0,9,1,4
3,2,3,0,18,0,1,1,0,0,0,1,1,2,1,32,6,124,1,17,1,1,2,497679,180256,43,2,1,3,473,4,416,6,30,3,4,6,7302,0,0,4,1,1,0,0,1,1,1,1,1,32,6,3,0,0,0,0,0,3,1,4
3,2,9,0,2,0,0,0,0,0,0,4,1,6,3,38,7,1386,1,6,1,1,3,429099,558396,10,3,1,6,150,5,500,6,30,0,4,6,0,0,0,1,1,1,0,0,1,1,1,1,1,33,6,3,0,0,0,0,0,9,1,5
3,1,9,0,13,0,0,0,0,0,0,1,1,1,1,38,7,1598,1,8,1,1,2,599552,225207,42,2,1,5,455,6,0,2,20,0,4,6,0,0,0,4,1,1,0,0,1,2,1,1,1,33,6,3,0,0,0,0,0,9,1,5
3,2,9,0,18,0,8,0,0,0,0,1,1,6,1,28,6,1598,1,8,1,2,3,306563,184174,62,3,2,2,744,4,4595,6,30,3,4,6,0,0,0,1,1,1,0,0,2,1,2,1,1,28,6,3,0,0,0,0,0,9,1,5
3,1,9,0,10,0,1,0,0,0,0,2,1,6,1,74,10,1598,1,8,1,1,2,527942,409585,16,2,1,6,233,6,0,6,30,8,4,6,0,0,0,1,1,1,0,0,1,2,1,1,1,74,10,3,0,0,0,0,0,9,1,1
3,1,9,0,18,0,4,1,0,3,4,1,1,6,1,20,4,1242,1,4,1,3,1,534946,212908,41,1,3,2,432,3,414,3,70,1,2,3,414,0,0,4,1,1,0,0,2,1,2,2,1,20,4,3,0,0,1,0,0,9,1,6
3,3,9,0,18,0,0,0,0,0,0,2,1,6,2,37,7,1598,1,8,1,3,4,316168,178287,62,4,3,3,741,3,48,3,40,0,4,6,0,0,7,1,2,2,0,7,2,1,3,1,2,37,7,3,0,0,0,0,0,9,1,5
3,1,9,0,13,0,1,0,0,0,0,4,1,6,1,46,8,2179,2,13,1,1,2,383642,220480,53,2,1,4,623,3,40,6,50,1,4,3,38,0,0,1,1,1,0,0,2,1,1,1,1,33,6,3,0,0,0,0,0,9,1,5
2,2,9,0,17,0,0,1,0,0,0,1,1,6,1,48,8,1598,1,8,2,1,3,434290,239217,43,3,1,4,481,4,4035,6,60,0,4,6,0,0,0,1,7,2,0,0,2,1,1,1,1,33,6,3,0,0,0,0,0,9,1,5
3,2,9,0,18,0,2,0,0,0,0,2,1,6,2,49,8,1598,2,8,1,1,2,635810,166260,46,2,1,2,541,3,256,6,40,3,4,6,0,0,0,1,1,1,0,0,1,1,1,1,2,49,8,3,0,0,0,0,0,9,1,5
3,2,9,0,18,0,8,0,0,0,0,1,1,6,2,22,5,1598,1,1,2,1,2,505221,249118,40,2,1,5,420,3,600,1,30,1,4,3,5140,0,1,1,1,1,0,0,1,1,1,1,1,33,6,3,0,0,0,0,0,9,1,5
3,1,11,0,16,0,0,0,0,0,0,0,1,6,1,37,7,3900,2,12,1,1,1,503936,167294,45,1,1,4,514,4,375,6,30,0,4,6,0,0,0,1,9,1,0,0,1,2,1,2,2,82,11,3,0,0,0,4,0,11,1,7