accident_severity,vehicle_reference,vehicle_type,towing_and_articulation,vehicle_manoeuvre,vehicle_location-restricted_lane,junction_location,skidding_and_overturning,hit_object_in_carriageway,vehicle_leaving_carriageway,hit_object_off_carriageway,1st_point_of_impact,was_vehicle_left_hand_drive?,journey_purpose_of_driver,sex_of_driver,age_of_driver,age_band_of_driver,engine_capacity_(cc),propulsion_code,age_of_vehicle,driver_home_area_type,NUmber_of_Casualities_unique_to_accident_index,No_of_Vehicles_involved_unique_to_accident_index,location_easting_osgr,location_northing_osgr,police_force,number_of_vehicles,number_of_casualties,day_of_week,local_authority_(district),1st_road_class,1st_road_number,road_type,speed_limit,junction_detail,junction_control,2nd_road_class,2nd_road_number,pedestrian_crossing-human_control,pedestrian_crossing-physical_facilities,light_conditions,weather_conditions,road_surface_conditions,special_conditions_at_site,carriageway_hazards,urban_or_rural_area,did_police_officer_attend_scene_of_accident,casualty_reference,casualty_class,sex_of_casualty,age_of_casualty,age_band_of_casualty,casualty_severity,pedestrian_location,pedestrian_movement,car_passenger,bus_or_coach_passenger,pedestrian_road_maintenance_worker,casualty_type,casualty_home_area_type,casualty_imd_decile
3,2,9,0,18,0,8,0,0,0,0,1,1,6,1,38,7,1498,1,9,1,1,2,516680,174480,1,2,1,3,24,3,316,1,30,1,2,3,3004,0,5,4,2,2,0,0,1,2,1,1,1,33,6,3,0,0,0,0,0,9,1,5
3,1,9,0,5,0,8,0,0,0,0,1,1,6,1,38,7,1984,1,12,1,3,2,548960,186960,1,2,3,1,16,3,1112,6,30,3,2,6,0,0,5,1,1,1,0,0,1,1,3,2,1,26,6,3,0,0,1,0,0,9,1,4
3,1,9,0,6,0,0,0,0,0,0,3,1,6,2,55,8,1587,1,11,1,3,2,414451,422909,13,2,3,3,202,6,0,6,30,0,4,6,0,0,0,1,1,1,0,0,1,1,1,1,2,55,8,3,0,0,0,0,0,9,1,10
3,1,9,0,18,0,0,0,0,0,0,4,1,1,1,58,9,1598,1,8,3,1,1,449044,88420,44,1,1,4,505,4,3323,6,30,0,4,6,0,0,0,1,1,1,0,0,1,1,1,3,2,39,7,3,6,9,0,0,0,0,1,5
3,2,9,0,3,0,1,0,0,0,0,2,1,6,2,45,7,1598,1,6,1,3,3,351938,385463,7,3,3,5,124,3,557,3,40,9,2,3,557,0,4,1,1,1,0,0,1,1,2,1,2,45,7,3,0,0,0,0,0,9,1,8
3,1,5,0,16,0,1,0,0,7,1,1,1,6,1,21,5,400,1,22,1,1,1,355440,129032,52,1,1,7,610,3,37,6,60,3,4,6,0,0,0,1,1,2,0,0,2,1,1,1,1,21,5,3,0,0,0,0,0,5,1,6
3,2,9,0,5,0,0,0,0,0,0,1,1,1,1,52,8,1968,2,1,2,1,2,437735,423818,13,2,1,3,206,6,0,6,30,0,4,6,0,0,0,1,1,1,0,0,1,1,1,1,1,33,6,3,0,0,0,0,0,9,1,5
2,1,9,0,9,0,1,0,0,0,0,3,1,6,1,66,10,1598,2,4,2,2,2,366450,143429,52,2,2,3,606,3,361,6,30,9,4,6,0,0,0,1,1,1,0,0,2,1,1,1,1,66,10,3,0,0,0,0,0,9,2,6
3,1,9,0,18,0,0,0,0,0,0,4,1,1,1,31,6,1984,1,3,1,2,2,577516,163105,46,2,2,3,544,6,0,6,40,0,4,6,0,0,0,4,1,1,0,0,2,1,2,2,1,36,7,3,0,0,1,0,0,9,1,7
3,1,9,0,5,0,4,0,0,0,0,4,1,3,2,21,5,1397,1,12,1,1,2,465691,105634,44,2,1,3,498,3,3,6,30,1,4,6,0,0,1,1,1,1,0,0,1,1,1,1,1,33,6,3,0,0,0,0,0,9,1,5
3,1,9,0,17,0,1,0,0,0,0,1,1,6,1,25,5,1587,1,14,1,1,1,446606,400063,14,1,1,4,211,3,6023,6,30,5,4,5,443,0,0,1,1,1,0,0,1,1,1,3,1,46,8,3,5,1,0,0,0,0,1,1
2,1,9,0,18,0,8,0,0,0,0,1,1,6,1,73,10,2987,2,2,1,1,1,518230,165710,1,1,1,7,23,3,243,6,30,3,4,6,0,0,0,4,1,1,0,0,1,1,1,3,1,23,5,2,5,1,0,0,2,0,1,5
3,2,3,0,18,0,8,0,0,0,0,1,1,6,1,23,5,124,1,9,1,1,2,519480,168990,1,2,1,6,23,3,2043,6,30,3,4,6,0,0,0,4,1,1,0,0,1,1,1,1,1,23,5,3,0,0,0,0,0,3,1,4
3,1,9,0,4,0,0,0,0,0,0,2,1,2,1,23,5,1910,2,8,1,3,4,417925,295038,23,4,3,6,290,3,446,6,60,0,4,6,0,0,0,1,1,1,0,0,2,1,1,1,1,23,5,3,0,0,0,0,0,9,1,1
3,1,9,0,9,0,8,0,0,1,0,4,1,6,1,21,5,1360,1,9,3,5,2,332550,433040,4,2,5,4,71,4,5261,6,30,6,2,6,0,0,4,4,1,1,0,0,1,1,4,2,1,21,5,3,0,0,2,0,0,9,1,5
3,2,9,0,17,0,0,0,0,0,0,3,1,2,1,30,6,1598,2,1,2,1,2,235533,59894,50,2,1,2,596,3,38,6,50,0,4,6,0,0,0,1,1,1,0,0,2,1,1,1,1,33,6,3,0,0,0,0,0,9,1,5
3,1,9,0,18,0,8,0,0,0,0,4,1,6,2,25,5,1242,1,7,1,3,2,333867,391045,5,2,3,3,91,3,5036,3,30,6,2,3,565,0,5,1,4,1,0,0,1,1,2,2,2,29,6,3,0,0,1,0,0,9,1,3
3,2,9,0,4,0,1,0,0,0,0,2,1,6,2,35,6,1598,1,8,1,1,2,265251,197365,62,2,1,1,745,4,4489,6,30,6,2,6,0,0,0,1,1,2,0,0,1,1,2,1,2,35,6,3,0,0,0,0,0,9,1,5
3,3,9,0,10,0,1,0,0,0,0,1,1,1,2,33,6,1364,2,8,1,2,3,432587,434442,13,3,2,3,204,6,0,6,30,3,4,6,0,0,0,1,1,1,0,0,1,1,2,1,2,33,6,3,0,0,0,0,0,9,1,5
3,2,9,0,2,0,0,0,0,0,0,1,1,6,1,41,7,1997,2,10,3,2,2,582370,132280,46,2,2,7,543,4,2086,6,60,0,4,6,0,0,0,1,1,2,0,0,2,1,2,1,1,41,7,3,0,0,0,0,0,9,3,7
3,1,9,0,9,0,8,0,0,0,0,4,1,6,1,58,9,1596,1,13,1,1,2,534230,181590,1,2,1,2,5,3,11,6,30,3,4,3,11,0,0,1,1,1,0,0,1,1,1,1,1,33,6,3,0,0,0,0,0,9,1,5
3,1,19,0,18,0,0,0,0,0,0,1,1,6,1,36,7,1598,1,8,1,1,1,545180,178260,1,1,1,6,6,6,0,6,30,0,4,6,0,0,0,1,1,1,0,0,1,1,1,3,1,5,1,3,5,4,0,0,2,0,1,4
2,2,19,4,2,0,0,0,0,0,0,2,1,1,1,54,8,1598,1,8,3,1,2,228020,216410,63,2,1,4,751,4,4299,6,30,0,4,6,0,0,0,1,8,1,0,0,2,1,1,3,1,54,8,2,9,5,0,0,0,0,3,5
3,2,3,0,18,0,7,0,0,0,0,1,1,2,1,17,4,1598,1,8,1,1,2,239920,219600,63,2,1,2,751,4,4312,6,30,9,4,6,0,0,5,1,5,2,0,0,2,2,1,1,1,17,4,3,0,0,0,0,0,3,1,5
3,1,19,0,9,0,6,0,0,0,0,1,1,1,1,31,6,1968,2,1,2,1,2,495715,364386,32,2,1,3,353,5,1,6,60,3,4,6,0,0,0,1,1,1,0,0,2,1,1,1,1,33,6,3,0,0,0,0,0,9,1,5
2,1,1,0,18,4,0,0,0,0,0,3,1,6,2,38,7,1598,1,8,1,1,2,515110,168910,1,2,1,7,24,3,308,6,30,0,4,6,0,0,0,1,1,1,0,0,1,2,1,1,2,38,7,2,0,0,0,0,0,1,1,7
2,1,11,0,18,0,8,0,0,0,0,1,1,1,1,49,8,12816,5,2,1,1,1,428979,514491,11,1,1,2,161,6,0,6,30,3,4,6,0,0,0,1,1,1,0,0,1,1,1,3,1,49,8,2,5,3,0,0,0,0,1,1
3,3,9,0,17,0,0,0,0,0,0,1,1,6,2,45,7,1598,2,2,1,2,3,411834,422423,13,3,2,6,202,3,6025,6,50,0,4,6,0,0,0,1,1,1,0,0,2,1,2,1,2,45,7,3,0,0,0,0,0,9,1,5
3,2,2,0,4,0,1,0,0,0,0,2,1,3,1,16,4,49,1,8,1,1,2,491007,335265,32,2,1,5,355,3,607,6,30,3,4,6,345,0,1,4,8,2,0,0,1,1,1,1,1,33,6,3,0,0,0,0,0,9,1,5
3,2,8,0,4,0,2,0,0,0,0,2,1,1,1,35,6,1997,2,9,1,7,2,424176,324038,21,2,7,7,251,5,358,6,30,6,4,6,5,0,4,4,2,2,0,2,2,2,3,2,1,21,5,3,0,0,2,0,0,8,3,9
3,1,8,0,1,0,0,0,0,0,10,2,1,6,1,30,6,1598,1,8,1,2,1,387650,389640,6,1,2,2,109,6,0,6,30,0,4,6,0,0,0,1,1,1,0,0,1,2,1,2,2,46,8,3,0,0,1,0,0,8,1,8
2,2,9,0,18,0,8,0,0,0,0,1,1,6,1,79,11,1598,1,8,1,3,2,393029,214792,53,2,3,5,621,3,417,6,60,3,4,4,4070,0,0,1,1,2,0,0,2,1,3,2,2,43,7,3,0,0,2,0,0,9,1,5
3,1,9,0,5,0,6,0,0,0,0,1,1,1,1,41,7,1598,1,8,1,2,2,463479,309306,33,2,2,2,362,6,3214,6,30,3,4,6,3214,0,0,1,1,2,0,0,2,1,1,1,1,41,7,3,0,0,0,0,0,9,1,9
2,1,9,0,18,0,2,0,0,0,0,1,1,6,1,31,6,1796,1,7,1,3,4,338325,392415,5,4,3,4,91,4,5189,6,30,3,2,3,5049,0,0,1,1,1,0,0,1,1,2,2,2,1,1,2,0,0,2,0,0,9,1,1
3,2,9,0,4,0,1,0,0,0,0,2,1,5,2,47,8,1968,2,6,1,1,3,426327,324022,21,3,1,4,251,6,12,6,30,3,4,4,5008,0,0,1,1,1,0,0,1,1,1,1,1,33,6,3,0,0,0,0,0,9,1,5
3,1,9,0,18,0,0,0,12,0,0,1,1,6,2,21,5,1598,1,8,1,4,2,613104,227538,42,2,4,6,461,3,120,6,60,0,4,6,0,0,0,6,1,1,0,7,2,1,4,2,2,23,5,3,0,0,1,0,0,9,1,4
3,2,9,0,3,0,1,0,0,0,0,2,1,6,1,72,10,1248,1,5,1,1,3,472108,106187,44,3,1,4,495,6,0,6,30,8,4,6,0,0,0,1,1,1,0,0,1,1,1,1,1,33,6,3,0,0,0,0,0,9,1,5
2,2,19,0,2,0,2,0,0,0,0,2,1,6,3,38,7,2496,2,19,1,1,2,532427,119575,47,2,1,4,563,6,0,6,30,3,4,6,0,0,0,4,1,1,0,0,1,1,1,1,1,33,6,3,0,0,0,0,0,9,1,5
2,1,9,0,18,0,0,0,0,0,0,0,1,6,3,38,7,1598,1,8,1,1,2,314014,181617,62,2,1,6,741,1,4,3,70,0,4,6,0,0,0,1,1,1,0,0,1,1,1,1,1,33,6,3,0,0,0,0,0,9,1,5
2,1,9,0,18,0,2,0,0,0,0,1,1,2,2,28,6,1587,1,12,1,1,1,459050,308638,33,1,1,3,362,3,6,6,40,3,4,6,3422,0,8,4,1,1,0,0,1,1,1,3,1,83,11,2,4,3,0,0,0,0,1,8
2,2,1,0,5,0,8,0,0,0,0,1,1,6,1,28,6,1598,1,8,1,1,2,459237,304260,33,2,1,6,364,3,594,3,30,3,2,6,2830,0,5,4,9,1,0,0,1,2,1,1,1,28,6,2,0,0,0,0,0,1,1,2
3,2,9,0,18,0,8,0,0,0,0,4,1,6,1,38,7,1398,1,12,1,1,2,551700,174610,1,2,1,3,18,3,207,1,30,1,4,5,0,0,0,1,1,1,0,0,1,2,1,1,1,33,6,3,0,0,0,0,0,9,1,5
3,1,9,0,6,0,2,0,0,0,0,3,1,2,1,34,6,1995,2,10,1,1,2,461460,306325,33,2,1,3,364,3,6030,3,30,6,2,6,0,0,5,1,5,2,0,0,2,1,1,1,1,33,6,3,0,0,0,0,0,9,1,5
3,2,9,0,10,0,5,0,0,0,0,2,1,6,2,39,7,1461,2,1,1,2,2,579117,166140,46,2,2,6,544,6,0,6,30,3,4,6,0,0,0,1,1,1,0,0,1,1,1,1,2,39,7,3,0,0,0,0,0,9,1,2
3,1,9,0,5,0,1,0,0,0,0,3,1,1,2,51,8,1560,2,9,3,1,2,163882,40403,50,2,1,5,596,3,3047,6,30,3,4,6,0,0,0,1,1,1,0,0,1,1,1,1,1,33,6,3,0,0,0,0,0,9,1,5
3,2,1,0,18,0,0,0,0,0,0,2,1,6,1,59,9,1598,1,8,1,1,2,424938,563371,10,2,1,3,146,6,4105,6,30,0,4,6,0,0,0,1,1,1,0,0,2,1,1,1,1,59,9,3,0,0,0,0,0,1,1,1
3,1,9,0,4,0,8,0,0,0,0,2,1,6,1,29,6,1797,8,3,1,1,2,531650,181170,48,2,1,7,570,3,201,6,20,6,2,5,0,0,0,1,1,1,0,0,1,1,1,1,1,29,6,3,0,0,0,0,0,9,1,4
3,2,21,1,4,0,0,0,0,0,0,2,1,1,1,52,8,10837,2,2,1,1,2,434999,295829,23,2,1,4,290,3,5,6,40,0,4,6,0,0,0,6,1,2,4,0,2,1,1,1,1,33,6,3,0,0,0,0,0,9,1,5
3,2,1,0,18,0,8,0,0,0,0,1,1,6,2,28,6,1598,1,8,1,1,2,360114,174696,52,2,1,3,601,6,0,1,20,2,4,6,0,0,8,1,2,2,0,0,1,1,1,1,2,28,6,3,0,0,0,0,0,1,1,8
3,1,9,0,18,0,0,0,0,0,0,1,1,3,2,33,6,1240,1,9,3,2,4,570226,164640,46,4,2,4,544,5,490,6,30,0,4,6,0,0,0,1,1,2,0,0,2,1,2,2,2,5,1,3,0,0,1,0,0,9,3,5
3,1,9,0,11,0,8,0,0,0,0,0,1,6,3,38,7,1242,1,2,1,1,2,508301,248545,40,2,1,4,420,3,603,1,60,1,4,3,421,0,0,1,1,1,0,0,2,2,1,1,1,33,6,3,0,0,0,0,0,9,1,5
3,2,19,0,18,0,8,0,0,0,0,1,1,6,1,38,7,2198,2,9,1,1,2,551930,181770,1,2,1,4,15,5,0,6,30,8,4,6,0,0,0,1,1,2,0,0,1,1,1,1,1,33,6,3,0,0,0,0,0,9,1,5
3,1,9,0,3,0,4,0,0,0,0,1,1,6,2,80,11,1364,1,2,1,1,2,429917,455306,12,2,1,7,182,6,508,6,30,1,4,5,241,0,0,1,1,1,0,0,1,2,1,1,1,33,6,3,0,0,0,0,0,9,1,5
3,1,9,0,18,0,0,1,0,1,0,1,1,2,1,32,6,1598,1,8,1,1,1,545398,371603,32,1,1,5,351,5,531,6,60,0,4,6,0,0,0,6,1,4,0,0,2,1,1,1,1,32,6,3,0,0,0,0,0,9,1,1
3,2,9,0,18,0,8,0,0,0,0,1,1,3,2,40,7,1896,2,12,1,1,2,560680,179315,42,2,1,3,462,6,0,6,30,9,4,6,0,0,8,1,1,2,0,0,1,1,1,1,2,40,7,3,0,0,0,0,0,9,1,8
3,1,9,0,18,0,8,0,0,0,0,4,1,6,1,25,5,1349,1,2,1,2,2,318570,674960,95,2,2,4,923,3,90,6,30,1,2,3,902,0,5,1,1,1,0,0,1,1,2,2,2,25,5,3,0,0,1,0,0,9,1,5
3,1,9,0,9,0,6,0,0,0,0,1,1,6,1,59,9,1997,2,1,1,1,2,340333,366995,7,2,1,6,130,3,5116,6,30,3,4,3,540,0,0,1,1,1,0,0,1,1,1,1,1,33,6,3,0,0,0,0,0,9,1,5
2,1,19,0,18,0,0,2,0,8,6,3,1,6,1,49,8,2300,2,11,1,1,1,351160,443940,4,1,1,2,85,1,6,3,70,0,4,6,0,0,0,6,2,2,0,0,2,1,1,1,1,49,8,2,0,0,0,0,0,19,1,1
3,2,9,0,11,0,8,0,0,0,0,2,1,6,1,33,6,1360,1,14,1,1,2,534400,193580,1,2,1,7,32,3,1010,1,30,1,4,3,1010,0,1,1,1,1,0,6,1,1,1,1,1,33,6,3,0,0,0,0,0,9,1,2
3,2,9,0,4,0,0,0,0,0,0,0,1,6,3,38,7,1598,1,8,1,1,2,341014,366629,7,2,1,1,130,6,0,6,20,0,4,6,0,0,0,1,1,1,0,0,1,2,1,1,1,33,6,3,0,0,0,0,0,9,1,5
3,2,9,0,18,0,0,0,0,0,0,1,1,6,1,34,6,998,1,11,1,2,2,422871,422968,13,2,2,1,203,6,0,6,30,0,4,6,0,0,0,4,1,2,0,0,1,1,2,2,1,32,6,3,0,0,1,0,0,9,1,5
3,2,1,0,18,0,1,0,0,0,0,0,1,1,2,50,8,1598,1,8,1,1,2,390918,806021,92,2,1,5,910,6,0,6,30,3,4,6,0,0,0,1,1,1,0,0,1,2,1,1,2,50,8,3,0,0,0,0,0,1,3,5
3,2,9,0,18,0,0,0,0,1,0,1,1,6,1,22,5,3199,1,17,3,1,2,552440,205082,42,2,1,3,456,6,0,6,30,0,4,6,0,0,0,6,1,2,0,0,2,2,1,1,1,33,6,3,0,0,0,0,0,9,1,5
3,2,9,0,18,0,8,0,0,0,0,1,1,6,1,38,7,998,1,11,1,1,2,522710,188900,1,2,1,4,30,6,0,6,30,3,4,3,41,0,0,1,1,1,0,0,1,2,1,1,1,33,6,3,0,0,0,0,0,9,1,5
3,1,19,0,5,8,2,0,0,0,0,3,1,6,1,61,9,1753,2,12,1,1,2,454667,207177,43,2,1,4,482,3,420,6,20,3,4,6,0,0,1,1,1,1,0,0,1,1,1,1,1,33,6,3,0,0,0,0,0,9,1,5
3,2,9,0,7,0,6,0,0,0,0,3,1,6,1,31,6,1497,1,12,1,1,2,442178,395883,14,2,1,2,213,4,6089,6,60,3,4,6,0,0,0,4,1,2,0,0,2,1,1,1,1,33,6,3,0,0,0,0,0,9,1,5
3,2,9,0,3,0,1,0,0,0,0,2,1,6,2,25,5,2688,2,12,1,2,2,632590,159590,46,2,2,6,533,3,256,3,50,1,4,6,0,0,0,1,1,1,0,0,2,2,2,2,1,0,1,3,0,0,2,0,0,9,1,3
3,2,9,0,9,0,8,0,0,0,0,4,1,6,2,23,5,1598,1,8,1,1,2,544490,188130,1,2,1,5,14,5,0,6,30,6,2,3,12,0,5,4,1,1,0,0,1,1,1,1,2,23,5,3,0,0,0,0,0,9,1,3
3,1,11,0,9,0,8,0,0,0,0,1,1,1,1,45,7,9000,2,10,1,5,2,529879,109195,47,2,5,2,565,3,27,1,50,1,4,3,23,0,0,1,1,1,0,0,2,2,1,2,2,24,5,3,0,0,0,4,0,11,1,6
3,3,9,0,2,0,1,0,0,0,0,2,1,6,1,38,7,1968,2,9,1,2,4,563770,173510,46,4,2,6,535,6,3523,6,30,6,4,6,0,0,0,5,1,1,0,0,1,1,1,1,1,33,6,3,0,0,0,0,0,9,1,5
3,1,9,0,5,0,6,0,0,0,0,0,1,6,1,67,10,1396,1,2,1,1,1,545960,202062,42,1,1,7,456,4,1393,1,30,2,4,6,0,0,1,1,1,2,0,0,1,1,1,3,2,72,10,3,4,1,0,0,0,0,1,5
3,3,9,0,5,0,1,0,0,0,0,1,1,2,2,52,8,1461,2,6,2,1,3,440490,354820,30,3,1,3,320,3,38,7,70,1,4,3,61,0,0,1,1,1,0,0,2,1,1,1,1,33,6,3,0,0,0,0,0,9,1,5
3,1,9,0,9,0,0,0,0,0,0,3,1,6,2,80,11,1968,2,8,1,1,2,349200,445010,4,2,1,3,85,4,6430,6,30,0,4,6,0,0,0,1,1,1,0,0,2,1,1,1,1,33,6,3,0,0,0,0,0,9,1,5
3,2,9,0,17,0,0,0,0,0,0,1,1,2,1,59,9,1968,2,6,3,1,2,304200,506270,3,2,1,3,63,6,0,6,40,0,4,6,0,0,0,1,1,2,0,0,2,1,1,1,1,33,6,3,0,0,0,0,0,9,1,5
3,2,1,0,18,5,8,2,0,0,0,1,1,2,1,38,7,1598,1,8,1,1,2,438320,373860,30,2,1,3,322,4,6050,6,30,8,4,6,0,0,0,1,1,1,0,0,1,2,1,1,1,38,7,3,0,0,0,0,0,1,1,3
3,2,9,0,5,0,1,0,0,0,0,2,1,2,2,45,7,1797,8,8,3,1,5,458639,455446,12,5,1,5,189,5,417,3,40,1,4,3,1237,2,4,4,1,2,0,0,1,1,1,1,2,45,7,3,0,0,0,0,0,9,3,7
3,1,9,0,9,0,5,0,0,0,0,4,1,6,2,81,11,1998,1,9,1,5,2,421626,563481,10,2,5,2,147,3,695,3,50,3,2,4,1305,0,4,1,1,2,0,0,1,1,5,2,1,82,11,3,0,0,1,0,0,9,1,1
3,1,9,0,7,0,1,0,0,0,0,4,1,1,2,36,7,1998,2,9,1,1,2,614785,246125,37,2,1,2,412,3,1156,6,30,3,4,6,0,0,0,1,2,2,0,0,1,1,1,2,1,11,3,3,0,0,2,0,0,9,1,9
2,1,9,0,18,0,0,1,0,7,4,3,1,6,1,21,5,1598,1,8,1,2,1,477745,150310,44,1,2,3,494,3,287,6,60,0,4,6,0,0,0,6,1,1,7,0,2,1,1,1,1,21,5,3,0,0,0,0,0,9,1,10
3,1,9,0,5,0,8,0,0,0,1,4,1,6,1,25,5,998,1,13,1,1,3,438507,115388,44,3,1,4,500,3,3057,6,30,3,4,6,0,0,0,4,1,1,0,0,1,1,1,1,1,33,6,3,0,0,0,0,0,9,1,5
3,2,9,0,2,0,0,0,0,0,0,4,1,1,3,38,7,1995,2,1,1,1,2,338086,397162,5,2,1,4,91,6,0,6,20,0,4,6,0,0,0,1,1,1,0,0,1,2,1,1,1,33,6,3,0,0,0,0,0,9,1,5
3,2,1,0,18,0,8,0,0,0,0,1,1,6,2,29,6,1598,1,8,1,1,2,545590,257600,35,2,1,3,390,3,1307,6,30,3,4,6,0,0,4,1,1,1,0,0,1,2,1,1,2,29,6,3,0,0,0,0,0,1,1,8
2,2,9,0,7,0,6,0,0,0,0,1,1,6,2,44,7,1590,1,13,1,1,2,341760,554160,3,2,1,3,62,3,6,2,30,6,2,6,0,0,4,1,1,1,0,0,1,1,1,1,2,44,7,2,0,0,0,0,0,9,1,1
3,2,9,0,2,0,0,0,0,0,0,2,1,6,3,38,7,1796,1,11,1,1,2,544560,183440,1,2,1,6,16,6,0,6,30,0,4,6,0,0,0,1,1,1,0,0,1,1,1,1,1,33,6,3,0,0,0,0,0,9,1,5
2,2,9,0,17,0,0,0,11,0,0,1,1,2,1,47,8,1598,1,8,3,1,2,385704,545719,10,2,1,7,139,5,297,6,60,0,4,6,0,0,0,6,1,1,0,2,2,1,1,1,1,33,6,3,0,0,0,0,0,9,1,5
3,1,9,0,5,0,1,0,0,0,0,1,1,2,2,51,8,1398,2,1,1,1,2,503802,429699,16,2,1,6,231,6,0,6,40,3,4,6,0,0,0,1,1,1,0,0,1,1,1,1,1,33,6,3,0,0,0,0,0,9,1,5
3,2,9,0,18,0,8,0,0,0,0,1,1,3,2,30,6,1399,1,8,2,4,2,549840,186110,1,2,4,3,16,3,1112,6,30,6,4,6,0,0,8,1,1,1,0,0,1,1,2,1,2,30,6,3,0,0,0,0,0,9,2,6
3,1,9,0,4,0,0,0,0,0,0,2,1,6,1,47,8,22311,2,3,1,1,2,543460,185690,1,2,1,4,17,3,406,3,50,0,4,6,0,0,0,1,1,1,0,0,1,1,1,2,2,14,3,3,0,0,2,0,0,9,1,5
3,1,9,0,5,0,1,0,0,0,0,1,1,6,1,17,4,1199,1,14,1,2,2,325600,671530,95,2,2,1,923,6,0,6,30,6,3,6,0,0,0,1,4,1,0,0,1,1,2,2,2,16,4,3,0,0,1,0,0,9,1,5
3,2,9,0,4,0,0,0,0,0,0,2,1,6,2,44,7,1984,1,9,3,2,2,613994,277531,37,2,2,2,413,3,140,6,50,0,4,6,0,0,0,1,1,1,0,0,2,1,2,1,2,44,7,3,0,0,0,0,0,9,3,6
2,1,9,0,18,0,0,0,0,5,6,1,1,6,1,83,11,1598,1,6,1,3,3,424145,263739,23,3,3,1,294,1,40,3,70,0,4,6,0,0,0,1,7,1,0,0,2,1,1,1,1,83,11,2,0,0,0,0,0,9,1,5
3,1,9,0,7,0,8,0,0,0,0,4,1,6,2,42,7,1968,2,11,1,1,2,528910,183860,1,2,1,4,2,3,4201,6,30,6,2,3,502,0,5,1,1,1,0,0,1,1,1,1,1,33,6,3,0,0,0,0,0,9,1,5
3,1,9,0,9,0,8,0,0,0,0,4,1,6,1,64,9,1598,1,15,1,5,2,542630,185860,1,2,5,3,17,3,118,6,30,3,4,6,0,0,4,1,1,1,0,0,1,1,1,1,1,64,9,3,0,0,0,0,0,9,1,3
3,2,19,0,18,0,1,0,0,0,0,0,1,6,3,38,7,1598,1,8,1,1,2,530870,174910,1,2,1,6,9,3,23,6,30,3,4,6,0,0,0,4,1,1,0,0,1,1,1,1,1,33,6,3,0,0,0,0,0,9,1,5
3,2,9,0,18,0,8,0,0,0,0,4,1,6,1,34,6,1461,2,2,1,1,2,318450,671880,95,2,1,2,923,6,0,6,30,1,4,6,0,0,0,1,1,1,0,0,1,1,1,1,1,34,6,3,0,0,0,0,0,9,1,5
3,2,9,0,3,0,1,0,0,0,0,2,1,2,1,41,7,1968,2,6,1,1,2,433076,454516,12,2,1,5,182,6,61,6,30,3,2,3,661,0,0,1,1,4,0,0,1,2,1,1,1,41,7,3,0,0,0,0,0,9,1,10
3,1,9,0,18,0,0,0,0,0,0,1,1,6,1,43,7,1598,1,8,1,1,5,506414,222130,40,5,1,3,421,3,505,6,40,0,4,6,0,0,0,1,1,1,0,0,1,1,1,1,1,33,6,3,0,0,0,0,0,9,1,5
3,2,9,0,3,0,1,0,0,0,0,2,1,6,1,25,5,1997,2,14,1,1,3,627247,304630,36,3,1,2,406,3,146,6,60,3,4,5,188,0,0,1,1,1,0,0,2,1,1,1,1,33,6,3,0,0,0,0,0,9,1,5
3,2,9,0,11,0,0,0,0,2,6,2,1,6,2,63,9,998,1,2,1,2,2,444170,355330,30,2,2,3,321,3,38,3,70,0,4,6,0,0,0,1,1,1,0,0,2,1,2,1,2,63,9,3,0,0,0,0,0,9,1,2
3,1,9,0,3,0,1,0,0,0,0,2,1,6,2,54,8,998,1,2,1,2,2,535886,204862,41,2,2,4,430,3,10,7,70,1,4,3,10,0,0,1,9,1,0,0,2,2,1,1,2,54,8,3,0,0,0,0,0,9,1,9
3,2,9,0,18,0,1,0,0,0,0,1,1,6,2,42,7,1968,2,3,1,1,2,425088,95190,44,2,1,1,496,6,0,6,30,3,4,6,0,0,0,1,1,1,0,0,1,1,1,1,1,33,6,3,0,0,0,0,0,9,1,5
3,1,9,0,4,0,8,0,0,0,0,2,1,6,1,46,8,2987,2,8,1,1,2,555720,175070,46,2,1,3,532,3,282,7,70,5,2,6,0,0,0,4,1,1,0,0,2,1,1,1,1,33,6,3,0,0,0,0,0,9,1,5
2,3,9,0,10,0,8,0,0,0,0,3,1,6,2,55,8,1398,2,13,3,5,3,369380,325980,22,3,5,4,286,3,41,6,60,3,4,3,529,0,0,1,1,1,0,0,2,1,1,1,1,33,6,3,0,0,0,0,0,9,1,5
3,2,8,0,4,0,0,0,0,0,0,1,1,1,1,42,7,1390,1,7,1,3,2,519330,178740,1,2,3,7,25,3,406,6,30,0,4,6,0,0,0,1,1,1,0,0,1,1,2,1,1,42,7,3,0,0,0,0,0,8,1,4
3,2,21,0,13,0,0,0,0,0,0,4,1,1,1,38,7,16400,2,1,3,1,2,529400,177480,1,2,1,3,10,3,3205,6,30,0,4,6,0,0,1,1,1,1,4,2,1,1,1,1,1,33,6,3,0,0,0,0,0,9,1,5
2,2,5,0,17,0,1,2,0,0,0,3,1,6,1,46,8,999,1,4,2,2,4,538590,290250,35,4,2,6,392,5,307,6,60,3,4,6,0,0,0,1,2,2,0,0,2,1,2,1,1,46,8,2,0,0,0,0,0,5,2,7
3,1,9,0,3,0,3,0,0,0,0,1,1,2,2,33,6,1582,2,3,1,2,2,264362,656217,97,2,2,5,938,3,749,1,50,1,2,6,0,0,0,1,1,1,0,0,1,1,2,1,2,33,6,3,0,0,0,0,0,9,1,5