accident_severity,vehicle_reference,vehicle_type,towing_and_articulation,vehicle_manoeuvre,vehicle_location-restricted_lane,junction_location,skidding_and_overturning,hit_object_in_carriageway,vehicle_leaving_carriageway,hit_object_off_carriageway,1st_point_of_impact,was_vehicle_left_hand_drive?,journey_purpose_of_driver,sex_of_driver,age_of_driver,age_band_of_driver,engine_capacity_(cc),propulsion_code,age_of_vehicle,driver_home_area_type,NUmber_of_Casualities_unique_to_accident_index,No_of_Vehicles_involved_unique_to_accident_index,location_easting_osgr,location_northing_osgr,police_force,number_of_vehicles,number_of_casualties,day_of_week,local_authority_(district),1st_road_class,1st_road_number,road_type,speed_limit,junction_detail,junction_control,2nd_road_class,2nd_road_number,pedestrian_crossing-human_control,pedestrian_crossing-physical_facilities,light_conditions,weather_conditions,road_surface_conditions,special_conditions_at_site,carriageway_hazards,urban_or_rural_area,did_police_officer_attend_scene_of_accident,casualty_reference,casualty_class,sex_of_casualty,age_of_casualty,age_band_of_casualty,casualty_severity,pedestrian_location,pedestrian_movement,car_passenger,bus_or_coach_passenger,pedestrian_road_maintenance_worker,casualty_type,casualty_home_area_type,casualty_imd_decile
3,1,9,0,9,0,1,0,0,0,0,1,1,3,2,40,7,1598,1,8,1,4,2,532860,105860,47,2,4,5,565,6,0,6,20,3,4,6,0,0,0,1,1,1,0,0,1,1,3,2,1,10,2,3,0,0,1,0,0,9,1,2
3,1,9,0,3,0,2,0,0,0,0,2,1,1,2,47,8,1598,1,8,1,1,2,460428,305288,33,2,1,7,364,6,1002,6,30,6,2,3,47,0,5,1,1,1,0,0,1,1,1,1,2,47,8,3,0,0,0,0,0,9,1,2
3,1,9,0,18,0,2,0,0,0,0,4,2,6,1,34,6,1598,1,8,1,1,1,539910,174940,1,1,1,5,6,3,20,6,30,3,4,6,0,0,0,1,1,1,0,0,1,1,1,3,2,14,3,3,5,2,0,0,2,0,1,2
3,1,9,0,4,0,8,0,0,0,0,1,1,6,1,28,6,1598,1,8,1,2,4,339315,138101,52,4,2,2,607,3,39,6,50,3,4,6,0,0,0,1,1,1,0,0,2,1,1,1,1,33,6,3,0,0,0,0,0,9,1,5
2,2,9,0,18,0,2,1,7,0,10,1,1,6,1,18,4,1229,1,8,1,1,3,534716,103096,47,3,1,1,565,3,259,6,50,3,4,4,2118,0,0,1,1,1,0,0,2,1,1,2,2,18,4,2,0,0,1,0,0,9,1,4
3,3,9,0,3,0,1,0,0,0,0,1,1,6,2,52,8,1124,1,14,1,1,3,400494,321500,21,3,1,6,255,5,349,6,30,6,4,5,246,0,0,1,1,1,0,0,2,2,1,1,1,33,6,3,0,0,0,0,0,9,1,5
3,1,9,0,4,0,0,0,0,0,0,1,1,6,2,49,8,1275,1,15,1,2,2,248721,72264,50,2,2,2,589,3,386,6,60,0,4,6,0,0,0,1,1,2,0,0,2,1,1,1,2,49,8,3,0,0,0,0,0,9,1,8
2,1,9,0,18,0,0,2,0,2,10,1,1,6,2,31,6,1248,2,5,1,3,1,440236,461164,12,1,3,7,182,2,1,3,70,0,4,6,0,0,0,1,1,1,0,0,2,1,2,2,2,23,5,2,0,0,1,0,0,9,1,5
3,1,9,0,18,0,0,0,0,0,0,1,1,6,1,28,6,1199,1,14,1,5,2,431698,433636,13,2,5,3,204,3,64,3,40,0,4,6,0,0,0,4,1,1,4,0,1,1,2,2,1,9,2,3,0,0,2,0,0,9,1,1
3,1,9,0,10,0,1,0,0,0,0,2,1,6,2,58,9,1796,1,8,2,1,3,479949,214636,43,3,1,7,476,5,171,6,30,3,4,6,2133,0,0,1,8,2,1,0,1,1,1,1,1,33,6,3,0,0,0,0,0,9,1,5
3,2,9,0,9,0,8,0,0,0,0,1,1,6,2,39,7,1598,1,8,3,1,2,524802,310777,32,2,1,4,354,3,1073,6,50,3,4,4,1166,0,0,7,4,2,0,0,2,1,1,1,2,39,7,3,0,0,0,0,0,9,3,5
2,2,1,0,18,0,0,0,0,1,0,2,1,6,1,63,9,1598,1,8,3,1,2,613498,277162,37,2,1,7,413,4,1077,6,60,0,4,6,0,0,0,6,8,1,0,0,2,1,1,1,1,63,9,2,0,0,0,0,0,1,3,6
3,1,9,0,18,0,0,0,4,0,0,3,1,2,1,27,6,1598,1,4,1,1,2,385940,421820,4,2,1,4,82,6,0,6,30,0,4,6,0,0,0,1,1,1,0,0,1,1,1,1,1,27,6,3,0,0,0,0,0,9,1,5
2,1,9,0,1,0,1,0,0,7,0,2,1,6,2,42,7,1108,1,11,1,1,1,328529,389514,5,1,1,6,95,6,0,6,30,3,4,6,0,0,0,1,1,1,0,0,1,1,1,3,1,68,10,2,8,5,0,0,0,0,1,6
3,1,21,1,6,0,0,0,0,0,0,3,1,1,1,57,9,12740,2,4,1,1,2,336749,400069,5,2,1,5,93,3,5758,3,40,0,4,6,0,0,0,1,1,1,0,0,2,1,1,1,1,33,6,3,0,0,0,0,0,9,1,5
3,2,8,0,18,0,8,0,0,1,2,3,1,1,1,34,6,1598,2,2,1,5,2,451179,532629,17,2,5,7,240,3,178,6,30,6,4,6,0,0,4,4,1,1,0,0,1,1,4,2,2,18,4,3,0,0,2,0,0,8,1,9
3,3,9,0,4,0,0,0,0,0,0,2,1,2,2,44,7,1598,1,7,1,2,3,454858,104379,44,3,2,4,492,4,3334,6,40,0,4,6,0,0,0,1,1,1,0,0,2,1,1,1,1,33,6,3,0,0,0,0,0,9,1,5
3,1,1,0,15,0,3,0,0,1,0,4,1,6,2,58,9,1598,1,8,1,1,2,268184,845813,91,2,1,6,927,6,0,6,30,1,4,6,0,0,0,1,1,1,0,0,1,1,1,1,2,58,9,3,0,0,0,0,0,1,1,5
3,2,1,0,7,0,8,0,0,0,0,4,1,2,2,39,7,1598,1,8,1,1,2,409082,92558,55,2,1,3,640,4,3063,1,30,1,4,5,308,0,4,1,1,1,0,0,1,1,1,1,2,39,7,3,0,0,0,0,0,1,1,3
3,1,9,0,18,0,0,0,0,0,0,2,1,6,1,27,6,1598,1,8,1,2,2,356130,116446,52,2,2,2,610,6,0,6,30,0,4,6,0,0,0,1,1,2,0,0,1,1,1,1,1,33,6,3,0,0,0,0,0,9,1,5
2,1,20,1,18,0,8,0,0,0,0,4,1,1,1,52,8,3920,2,11,3,1,2,360265,171800,52,2,1,4,601,6,0,6,20,3,4,6,0,0,0,1,1,2,7,0,1,1,1,1,1,33,6,3,0,0,0,0,0,9,1,5
2,2,1,0,18,0,8,0,0,0,0,4,1,2,2,58,9,1598,1,8,1,1,2,401777,90933,55,2,1,2,643,6,0,6,30,1,4,6,0,0,0,1,1,1,0,0,1,2,1,1,2,58,9,2,0,0,0,0,0,1,1,3
2,1,9,0,3,0,0,0,0,1,0,3,1,1,1,22,5,1596,1,10,1,4,2,469357,111577,44,2,4,7,495,3,3,6,30,0,4,6,0,0,0,1,1,1,0,0,1,1,3,2,2,29,6,3,0,0,2,0,0,9,1,9
3,1,9,0,16,0,0,1,0,8,4,1,1,6,1,33,6,1587,1,16,3,2,2,385446,87494,55,2,2,3,644,3,352,6,60,0,4,6,0,0,0,6,1,1,0,0,2,1,1,1,1,33,6,3,0,0,0,0,0,9,3,5
2,1,9,0,3,0,1,0,0,0,0,2,1,6,1,32,6,2967,2,7,1,2,3,540330,183920,1,3,2,6,17,3,114,6,30,6,2,4,165,0,5,1,1,1,0,0,1,1,1,1,1,32,6,3,0,0,0,0,0,9,1,2
3,1,9,0,18,0,8,0,0,0,0,1,1,6,3,25,5,1596,1,15,1,3,1,328023,136472,52,1,3,4,607,6,0,3,30,3,4,6,0,0,0,4,1,1,0,0,1,2,1,2,1,57,9,3,0,0,1,0,0,9,1,1
3,1,9,0,2,0,0,0,0,0,0,4,1,6,1,51,8,1796,1,11,1,1,2,533950,193530,1,2,1,5,32,6,0,6,20,0,4,6,0,0,0,1,1,1,0,0,1,2,1,1,1,51,8,3,0,0,0,0,0,9,1,1
3,1,9,0,9,0,8,0,0,0,0,1,1,2,1,45,7,2204,2,7,1,1,2,488289,290503,34,2,1,4,380,6,5087,6,30,3,4,6,0,0,0,1,1,1,0,0,1,1,1,1,1,33,6,3,0,0,0,0,0,9,1,5
2,1,2,0,14,0,0,0,0,0,0,1,1,6,2,38,7,1598,1,8,1,1,1,539980,174100,1,1,1,3,7,3,2212,6,30,0,4,6,0,0,0,1,1,1,0,0,1,1,1,3,2,50,8,2,5,2,0,0,2,0,1,5
3,2,9,0,18,0,1,0,0,0,0,2,1,1,1,47,8,1149,1,15,1,2,3,444500,398984,14,3,2,3,213,3,6022,6,30,3,4,6,0,0,0,1,1,1,0,0,1,1,2,2,2,26,6,3,0,0,1,0,0,9,1,2
3,1,9,0,9,0,4,0,0,0,0,1,1,2,1,62,9,1598,2,5,1,2,2,288831,66449,50,2,2,6,587,3,380,1,30,1,4,3,3022,0,0,4,2,2,4,0,2,1,1,1,1,33,6,3,0,0,0,0,0,9,1,5
3,1,9,0,11,0,7,0,0,0,0,2,1,6,3,38,7,1598,1,8,1,1,3,428398,556279,10,3,1,2,146,2,194,3,70,5,4,3,1,0,0,1,1,2,0,0,2,2,1,1,1,33,6,3,0,0,0,0,0,9,1,5
3,1,9,0,18,0,0,0,0,0,0,2,1,6,2,75,10,2494,7,13,3,1,1,517350,148802,45,1,1,7,512,3,24,3,50,0,4,6,0,0,0,6,1,1,0,0,2,2,1,1,2,75,10,3,0,0,0,0,0,9,3,5
3,2,9,0,3,0,0,0,0,0,0,2,1,6,1,44,7,1598,2,2,1,2,2,254448,667073,97,2,2,7,926,3,739,3,40,0,4,6,0,0,4,1,1,1,0,0,1,1,2,1,1,44,7,3,0,0,0,0,0,9,1,5
3,2,1,0,18,0,1,0,0,0,0,4,1,6,1,16,4,1598,1,8,1,1,2,428486,434449,13,2,1,1,204,6,0,6,30,3,4,6,0,0,0,1,1,1,0,0,1,2,1,1,1,16,4,3,0,0,0,0,0,1,1,1
3,1,9,0,18,0,0,0,0,0,0,1,1,6,2,38,7,1329,1,6,1,1,2,435200,336050,30,2,1,4,323,6,0,6,30,0,4,6,0,0,0,1,1,1,0,0,1,2,1,1,1,33,6,3,0,0,0,0,0,9,1,5
3,2,21,4,18,0,0,0,0,0,0,1,1,1,1,50,8,1598,1,8,1,2,2,406766,285267,20,2,2,2,300,3,38,3,30,0,4,6,0,2,4,1,2,2,0,0,1,2,1,1,1,33,6,3,0,0,0,0,0,9,1,5
3,1,9,0,18,0,0,0,0,0,0,1,1,6,1,38,7,1598,1,8,1,1,1,459874,342231,31,1,1,3,343,6,0,6,30,0,4,6,0,0,0,1,1,1,0,0,1,1,1,3,1,41,7,3,9,9,0,0,0,0,1,6
2,2,1,0,18,0,0,0,0,0,0,2,1,6,1,42,7,1598,1,8,1,1,2,563789,312842,36,2,1,3,407,3,10,6,40,0,4,6,0,0,0,1,1,1,0,0,2,1,1,1,1,42,7,2,0,0,0,0,0,1,1,1
2,2,3,0,18,0,8,0,0,0,0,1,1,6,1,23,5,125,1,8,1,1,2,424162,323924,21,2,1,7,251,5,358,6,30,6,4,6,6,0,0,4,2,2,0,0,1,2,1,1,1,23,5,2,0,0,0,0,0,3,1,2
2,1,9,0,16,0,0,0,0,0,0,1,1,6,1,38,7,2179,2,13,1,3,3,577754,192493,42,3,3,7,459,6,0,7,30,0,4,6,0,0,0,1,1,1,0,0,2,1,1,1,1,33,6,3,0,0,0,0,0,9,1,5
3,2,9,0,18,0,8,0,0,0,0,4,1,6,2,25,5,1598,1,2,1,2,2,589642,194257,42,2,2,4,459,6,0,6,60,3,4,6,0,0,0,4,1,1,0,0,2,1,2,1,2,25,5,3,0,0,0,0,0,9,1,10
3,1,9,0,18,0,8,0,0,0,0,3,1,6,1,20,4,2204,2,8,2,1,2,546760,259150,35,2,1,1,390,3,1134,3,30,3,2,6,0,0,8,1,1,1,0,0,1,1,1,1,1,33,6,3,0,0,0,0,0,9,1,5
3,2,9,0,18,0,1,0,0,0,0,1,1,6,1,33,6,1598,1,8,1,1,2,434146,383907,14,2,1,1,215,3,621,6,30,6,2,6,0,0,0,4,1,1,0,0,1,1,1,1,1,33,6,3,0,0,0,0,0,9,1,1
2,2,9,0,13,0,8,0,0,0,0,1,1,6,1,23,5,1149,1,2,2,1,2,524352,410763,16,2,1,6,233,6,0,6,30,3,4,6,0,0,0,1,1,1,0,0,1,2,1,1,1,33,6,3,0,0,0,0,0,9,1,5
3,2,19,0,9,0,0,0,0,0,0,3,1,1,1,38,7,1598,1,8,1,1,2,513900,170800,1,2,1,3,24,3,312,6,30,0,4,6,0,0,0,1,1,1,0,0,1,2,1,1,1,33,6,3,0,0,0,0,0,9,1,5
3,2,9,0,3,0,0,0,0,0,0,1,1,6,1,32,6,1595,2,5,1,2,3,460639,401721,14,3,2,3,211,3,638,6,40,0,4,6,0,0,0,1,1,1,0,0,1,1,2,1,1,32,6,3,0,0,0,0,0,9,1,4
2,2,1,0,18,0,8,0,0,0,0,1,1,6,1,40,7,1598,1,8,1,1,2,441343,521368,17,2,1,4,245,5,143,6,30,3,4,6,0,0,4,4,5,2,0,0,1,1,1,1,1,40,7,2,0,0,0,0,0,1,1,6
3,2,9,0,18,0,0,0,0,0,0,3,1,6,2,49,8,1368,1,5,2,1,2,563304,311177,36,2,1,5,407,5,54,6,60,0,4,6,0,0,0,6,1,2,0,0,2,1,1,1,2,49,8,3,0,0,0,0,0,9,2,6
3,2,9,0,4,0,1,0,0,0,0,2,1,3,2,46,8,1598,1,3,1,2,2,553750,174130,46,2,2,5,532,3,226,6,30,3,4,6,0,0,0,5,2,2,0,0,1,1,1,1,2,46,8,3,0,0,0,0,0,9,1,5
3,2,9,0,14,0,0,1,0,0,0,1,1,1,1,28,6,1598,1,8,1,3,2,422226,259617,23,2,3,6,293,3,46,6,60,0,4,6,0,0,0,1,1,1,0,0,2,1,3,2,1,40,7,3,0,0,1,0,0,9,1,5
3,1,9,0,18,0,0,0,0,0,0,1,1,6,1,31,6,1686,2,2,1,1,2,420903,180822,54,2,1,4,633,1,4,3,70,0,4,6,0,0,0,6,2,2,0,0,2,1,1,1,1,31,6,3,0,0,0,0,0,9,1,7
3,1,3,0,16,0,2,0,0,0,0,1,1,6,1,36,7,124,1,1,1,1,2,525870,168700,1,2,1,2,22,3,24,3,30,1,4,3,297,0,0,1,1,1,0,0,1,1,1,1,1,36,7,3,0,0,0,0,0,3,1,4
3,1,9,0,3,0,1,0,0,0,0,2,1,6,2,21,5,1596,1,9,1,2,2,535606,157106,45,2,2,2,516,6,1359,1,30,1,4,5,72,0,0,7,1,1,0,0,2,2,1,1,2,21,5,3,0,0,0,0,0,9,1,9
2,2,9,0,5,0,4,0,0,0,0,1,1,6,1,55,8,1997,2,6,1,1,3,390412,164084,54,3,1,2,635,3,3102,1,30,2,4,6,0,0,0,1,1,1,0,0,1,1,1,1,1,33,6,3,0,0,0,0,0,9,1,5
3,1,2,0,14,0,8,0,0,0,0,1,1,2,1,19,4,49,1,2,1,1,2,517520,177360,1,2,1,5,25,3,315,6,30,3,4,6,0,0,4,1,1,1,0,0,1,1,1,1,1,19,4,3,0,0,0,0,0,2,1,2
2,2,9,0,3,0,1,0,0,0,0,2,1,6,1,41,7,1986,2,10,1,1,3,389370,283050,20,3,1,3,303,3,451,6,30,3,4,6,0,0,4,4,1,1,0,0,1,2,1,1,1,41,7,2,0,0,0,0,0,9,1,8
3,2,9,0,3,0,1,0,0,0,0,2,1,6,2,36,7,1560,2,7,3,3,2,350368,365280,7,2,3,5,130,3,51,6,60,3,4,5,808,0,0,1,1,1,0,0,2,1,3,2,2,3,1,3,0,0,2,0,0,9,3,7
2,1,9,0,18,0,0,0,0,0,0,1,1,3,1,44,7,1796,1,6,2,1,1,491686,408643,16,1,1,2,232,3,18,3,40,0,4,6,0,0,0,1,1,1,0,0,1,1,1,3,1,23,5,2,5,1,0,0,0,0,1,2
3,1,11,0,4,0,1,0,0,0,0,0,1,1,1,44,7,6692,2,6,1,1,1,532470,164470,1,1,1,5,20,3,235,6,30,6,2,4,275,0,5,1,1,1,0,0,1,2,1,2,2,33,6,3,0,0,0,3,0,11,1,6
3,2,9,0,18,0,0,0,0,0,0,1,1,6,2,29,6,1240,1,9,1,1,2,474775,123252,44,2,1,7,497,6,0,6,20,0,4,6,0,0,1,1,1,1,0,0,1,1,1,1,1,33,6,3,0,0,0,0,0,9,1,5
3,1,9,0,9,0,8,0,0,0,0,1,1,6,2,31,6,2987,2,5,1,1,2,531130,185250,1,2,1,3,3,3,1,6,30,3,4,4,515,0,1,1,1,1,0,0,1,1,1,1,1,33,6,3,0,0,0,0,0,9,1,5
3,2,9,0,18,0,1,0,0,0,0,1,1,2,1,39,7,1596,1,9,1,1,2,520330,190170,1,2,1,7,30,3,5,6,30,3,4,6,0,0,8,1,1,1,0,0,1,1,1,1,1,39,7,3,0,0,0,0,0,9,1,5
2,1,5,0,18,0,8,1,0,1,9,3,1,6,1,49,8,996,1,14,3,1,1,447199,168911,43,1,1,7,471,3,339,1,70,1,4,6,7144,0,0,1,1,1,0,0,2,1,1,1,1,49,8,2,0,0,0,0,0,5,3,8
3,1,9,0,7,0,8,0,0,0,0,3,1,6,1,28,6,1199,1,14,1,1,2,544630,183750,1,2,1,7,16,3,123,1,30,2,4,6,0,0,0,1,1,1,0,0,1,1,1,1,1,28,6,3,0,0,0,0,0,9,1,2
3,2,19,0,5,0,4,0,0,0,0,1,1,1,1,63,9,2143,2,2,1,1,2,447867,311071,33,2,1,6,361,1,1,7,70,1,4,3,50,0,0,1,1,1,0,0,2,1,1,1,1,33,6,3,0,0,0,0,0,9,1,5
3,1,9,0,13,0,0,0,0,0,0,4,1,6,1,38,7,1396,1,13,2,1,2,528420,284810,35,2,1,1,393,4,1040,6,30,0,4,6,0,0,0,1,1,1,0,0,2,2,1,1,1,33,6,3,0,0,0,0,0,9,1,5
3,1,9,0,9,0,8,0,0,0,0,3,1,6,2,33,6,1560,2,2,1,1,1,486291,104693,47,1,1,4,559,6,0,6,30,6,4,6,0,0,0,1,1,1,0,0,1,1,1,3,2,66,10,3,5,3,0,0,0,0,3,8
3,2,9,0,2,6,0,0,0,0,0,2,1,6,3,38,7,1390,1,13,1,1,2,582883,111361,47,2,1,1,552,6,0,6,30,0,4,6,0,0,0,1,1,1,0,0,1,1,1,1,1,33,6,3,0,0,0,0,0,9,1,5
3,3,9,0,16,0,8,0,0,0,0,1,1,1,1,57,9,1598,1,4,1,1,4,518540,182600,1,4,1,5,27,3,40,1,40,1,2,3,406,0,0,1,1,1,0,0,1,1,1,1,1,33,6,3,0,0,0,0,0,9,1,5
3,1,8,0,9,0,6,0,0,0,0,1,1,1,1,38,7,1797,8,4,1,1,2,453102,204304,43,2,1,6,482,3,4158,6,30,7,4,6,0,0,0,4,1,1,0,0,1,1,1,1,1,33,6,3,0,0,0,0,0,9,1,5
2,1,9,0,16,0,1,1,0,7,4,3,1,6,2,51,8,1398,1,15,1,2,2,339266,392395,5,2,2,6,91,6,0,6,40,6,4,3,5058,2,5,1,1,1,0,0,1,1,1,2,1,17,4,3,0,0,1,0,0,9,1,2
3,2,9,0,18,0,8,0,0,0,0,1,1,6,1,38,7,1598,1,8,1,1,2,518240,175380,1,2,1,6,24,3,307,1,40,1,4,3,316,0,0,1,1,1,0,0,1,2,1,1,1,33,6,3,0,0,0,0,0,9,1,5
3,2,9,0,4,0,0,0,0,0,0,1,1,6,1,37,7,1896,2,11,1,1,2,494979,237729,40,2,1,2,424,1,1,3,70,0,4,6,0,0,0,1,7,1,0,0,2,2,1,1,1,33,6,3,0,0,0,0,0,9,1,5
2,1,9,0,18,0,0,0,0,0,0,4,1,6,1,48,8,1956,2,2,1,1,1,507685,225259,40,1,1,4,421,6,0,6,30,0,4,6,0,0,0,1,1,2,0,0,1,1,1,3,1,14,3,2,5,1,0,0,0,0,1,5
2,1,9,0,18,0,0,0,0,0,0,1,1,6,1,31,6,2495,1,21,2,1,2,414969,325951,21,2,1,4,251,3,515,6,50,0,4,6,0,0,0,1,1,1,0,0,2,2,1,1,1,31,6,2,0,0,0,0,0,9,2,7
3,2,1,0,9,0,6,0,0,0,0,1,1,6,1,24,5,1598,1,8,1,1,2,459615,525065,17,2,1,3,241,5,102,6,30,3,4,6,0,0,0,1,1,1,0,0,1,1,1,1,1,24,5,3,0,0,0,0,0,1,1,5
1,2,19,0,18,0,0,0,0,0,0,1,1,1,1,35,6,1248,2,2,1,1,2,509560,184480,1,2,1,5,26,3,40,3,50,0,4,6,0,0,0,4,1,1,0,0,1,1,1,1,1,35,6,1,0,0,0,0,0,19,1,10
3,1,20,0,18,0,2,1,0,0,0,1,1,1,1,52,8,2400,2,10,3,1,4,504781,248710,40,4,1,4,420,3,5141,6,30,3,4,6,0,0,4,1,1,2,0,0,1,1,1,1,1,33,6,3,0,0,0,0,0,9,1,5
3,1,9,0,18,0,1,0,0,0,0,1,1,6,1,60,9,1598,1,8,1,1,2,299601,380659,60,2,1,1,723,3,548,1,30,1,4,4,5118,0,0,1,1,1,0,0,2,1,1,1,1,33,6,3,0,0,0,0,0,9,1,5
3,1,11,0,4,0,0,0,0,1,0,4,1,1,1,38,7,1598,1,8,1,1,1,513660,175440,1,1,1,5,25,3,3005,2,30,0,4,6,0,0,0,1,2,2,0,0,1,2,1,3,2,33,6,3,5,1,0,0,2,0,1,5
3,1,9,0,4,0,0,1,0,0,0,1,1,2,1,39,7,1598,1,11,1,1,2,494879,181402,43,2,1,7,473,6,7302,6,30,0,4,6,0,0,0,1,2,2,0,0,1,1,1,1,1,33,6,3,0,0,0,0,0,9,1,5
2,2,9,0,18,0,0,0,0,7,0,1,1,6,1,23,5,1896,2,13,1,4,2,470394,430108,12,2,4,1,187,3,63,6,60,0,4,6,0,0,0,1,1,1,0,0,2,1,2,1,1,23,5,2,0,0,0,0,0,9,1,1
3,2,9,0,18,0,0,0,0,0,0,1,1,6,2,30,6,1598,1,7,1,2,5,531071,152136,45,5,2,4,516,1,23,3,70,0,4,6,0,0,0,1,1,1,0,0,2,1,2,1,2,30,6,3,0,0,0,0,0,9,1,9
3,1,9,0,5,9,0,0,10,7,10,1,1,6,2,39,7,1490,1,10,1,1,1,548910,185430,1,1,1,7,16,6,0,6,30,0,4,6,0,0,0,1,1,2,0,0,1,1,1,1,2,39,7,3,0,0,0,0,0,9,1,2
3,2,9,0,18,0,8,0,0,0,0,3,1,6,2,34,6,1598,1,8,1,3,2,457010,341158,31,2,3,7,346,3,60,6,30,6,2,5,180,0,5,4,1,1,0,0,1,1,2,1,2,34,6,3,0,0,0,0,0,9,1,5
3,2,9,0,18,0,0,0,0,0,0,1,1,6,2,27,6,1000,1,8,1,2,4,327670,675050,95,4,2,1,923,6,0,6,30,0,4,6,0,0,0,4,1,1,0,0,1,1,1,2,1,9,2,3,0,0,2,0,0,9,1,5
3,1,9,0,2,9,1,0,0,0,0,3,1,1,2,31,6,599,1,12,1,1,2,434390,337260,30,2,1,6,323,6,0,6,30,3,4,5,1,0,0,1,1,1,0,0,1,1,1,1,1,33,6,3,0,0,0,0,0,9,1,5
3,2,9,0,2,0,0,0,4,0,0,2,1,6,2,24,5,1229,1,2,1,2,3,427861,435837,13,3,2,1,204,6,0,6,30,0,4,6,0,0,0,1,1,1,0,0,1,1,1,1,2,24,5,3,0,0,0,0,0,9,1,9
3,1,9,0,7,0,7,0,0,0,0,1,1,3,2,43,7,1390,1,11,1,1,2,500967,150967,45,2,1,6,511,3,25,1,30,1,1,3,3100,2,8,1,1,1,0,0,2,1,1,1,1,33,6,3,0,0,0,0,0,9,1,5
3,2,9,0,18,0,0,0,0,0,0,3,1,6,1,49,8,1598,1,8,1,1,2,390829,238632,53,2,1,4,625,1,5,7,60,0,4,6,0,0,0,1,1,1,0,0,2,2,1,1,1,49,8,3,0,0,0,0,0,9,1,2
3,1,1,0,18,0,8,0,0,0,0,1,1,6,1,33,6,1598,1,8,1,1,1,527570,171670,1,1,1,5,10,3,24,6,30,3,4,6,0,0,4,4,1,1,0,0,1,1,1,3,1,14,3,3,4,3,0,0,2,0,1,2
1,1,20,0,5,0,1,0,0,0,0,3,1,1,1,49,8,10837,2,3,1,1,2,530140,172000,1,2,1,2,9,3,23,6,30,6,2,6,0,0,5,1,1,1,0,0,1,1,1,1,1,33,6,3,0,0,0,0,0,9,1,5
3,1,9,0,7,0,6,0,0,0,0,3,1,6,1,39,7,1198,1,10,1,1,3,615070,154030,46,3,1,4,531,4,2068,6,40,3,4,6,0,0,0,6,1,1,0,0,2,1,1,1,1,33,6,3,0,0,0,0,0,9,1,5
2,2,5,0,18,0,1,1,0,0,10,4,1,6,1,50,8,748,1,12,1,1,2,544206,128313,47,2,1,3,556,3,22,6,30,3,4,6,0,0,0,1,1,1,0,0,1,1,1,1,1,50,8,2,0,0,0,0,0,5,1,2
3,1,9,0,18,0,8,0,0,0,0,1,1,2,1,25,5,1299,1,13,1,1,2,480258,138256,44,2,1,3,497,3,325,6,40,3,2,4,3004,0,0,4,2,2,0,0,2,1,1,1,1,25,5,3,0,0,0,0,0,9,1,10
3,2,98,0,3,0,0,0,0,0,0,0,1,1,1,31,6,1598,1,8,1,1,2,432838,279026,20,2,1,2,302,6,0,6,30,0,4,6,0,0,4,1,1,1,0,0,1,2,1,1,1,31,6,3,0,0,0,0,0,98,1,5
3,2,9,0,12,0,0,0,0,0,0,3,1,6,1,37,7,1598,1,10,1,1,2,420780,434394,13,2,1,1,204,3,647,3,40,0,4,6,0,0,0,1,1,1,0,0,1,1,1,1,1,33,6,3,0,0,0,0,0,9,1,5
3,1,9,0,18,0,0,0,0,0,0,4,1,6,1,67,10,1598,1,8,1,1,1,507660,182230,1,1,1,7,26,5,0,6,30,0,4,6,0,0,0,4,2,2,0,0,1,1,1,3,1,27,6,3,9,9,0,0,2,0,1,5
2,1,11,0,5,0,1,0,0,0,0,0,1,1,1,44,7,9000,2,8,1,1,1,425449,564504,10,1,1,3,147,3,193,6,30,3,2,6,1101,0,4,7,9,2,0,0,1,2,1,2,2,89,11,2,0,0,0,3,0,11,1,5
3,1,9,0,18,0,0,0,0,0,0,1,1,2,1,21,5,1598,1,2,1,2,2,386770,245860,22,2,2,3,273,1,5,3,70,0,4,6,0,0,0,1,1,1,0,0,2,1,1,1,1,21,5,3,0,0,0,0,0,9,1,3
3,2,9,0,18,0,1,0,0,0,0,1,1,6,1,39,7,1560,2,9,1,1,2,367690,428830,4,2,1,1,70,6,0,6,20,6,4,6,0,0,0,1,1,1,0,0,1,1,1,1,1,33,6,3,0,0,0,0,0,9,1,5
3,2,9,0,4,0,3,0,0,0,0,1,1,6,1,90,11,998,1,15,3,1,2,366678,374098,7,2,1,5,130,3,533,1,30,1,4,4,5082,0,0,1,1,1,0,0,1,1,1,1,1,33,6,3,0,0,0,0,0,9,1,5
3,1,9,0,16,0,4,0,0,0,0,3,1,6,2,21,5,1364,1,9,1,2,2,413930,287180,20,2,2,4,300,6,0,1,30,1,4,6,0,0,0,1,1,1,0,0,1,1,1,1,2,21,5,3,0,0,0,0,0,9,1,1
3,2,9,0,18,0,8,0,0,0,0,1,1,6,1,19,4,1598,1,8,1,1,2,545410,167840,1,2,1,2,19,5,0,6,30,3,4,6,0,0,0,1,1,1,0,0,1,1,1,1,1,19,4,3,0,0,0,0,0,9,1,3
3,1,9,0,13,0,1,0,0,0,0,4,1,6,2,38,7,1348,1,7,1,1,2,382565,353668,21,2,1,7,253,5,363,6,30,3,4,6,29,0,0,1,1,1,0,0,1,2,1,1,1,33,6,3,0,0,0,0,0,9,1,5
3,2,9,0,18,0,1,0,6,2,7,3,1,6,1,52,8,1200,1,8,1,5,2,513021,309843,32,2,5,7,355,3,15,6,60,1,4,3,1175,0,0,1,2,2,6,0,2,1,5,2,1,1,1,3,0,0,2,0,0,9,1,2