accident_severity,vehicle_reference,vehicle_type,towing_and_articulation,vehicle_manoeuvre,vehicle_location-restricted_lane,junction_location,skidding_and_overturning,hit_object_in_carriageway,vehicle_leaving_carriageway,hit_object_off_carriageway,1st_point_of_impact,was_vehicle_left_hand_drive?,journey_purpose_of_driver,sex_of_driver,age_of_driver,age_band_of_driver,engine_capacity_(cc),propulsion_code,age_of_vehicle,driver_home_area_type,NUmber_of_Casualities_unique_to_accident_index,No_of_Vehicles_involved_unique_to_accident_index,location_easting_osgr,location_northing_osgr,police_force,number_of_vehicles,number_of_casualties,day_of_week,local_authority_(district),1st_road_class,1st_road_number,road_type,speed_limit,junction_detail,junction_control,2nd_road_class,2nd_road_number,pedestrian_crossing-human_control,pedestrian_crossing-physical_facilities,light_conditions,weather_conditions,road_surface_conditions,special_conditions_at_site,carriageway_hazards,urban_or_rural_area,did_police_officer_attend_scene_of_accident,casualty_reference,casualty_class,sex_of_casualty,age_of_casualty,age_band_of_casualty,casualty_severity,pedestrian_location,pedestrian_movement,car_passenger,bus_or_coach_passenger,pedestrian_road_maintenance_worker,casualty_type,casualty_home_area_type,casualty_imd_decile
3,2,9,0,3,0,1,0,0,0,0,2,1,6,1,60,9,1242,1,3,1,2,3,440210,367550,30,3,2,4,327,4,6038,6,30,3,4,6,0,0,0,1,1,1,0,0,1,1,2,1,1,60,9,3,0,0,0,0,0,9,1,4
3,1,9,0,18,0,0,5,0,0,0,1,1,6,2,18,4,1999,1,5,1,2,2,573970,170518,46,2,2,3,544,6,0,6,30,0,4,6,0,0,0,1,1,1,0,0,1,1,1,1,2,18,4,3,0,0,0,0,0,9,1,8
3,2,9,0,3,0,0,0,0,0,0,2,1,6,2,49,8,1896,2,11,1,1,2,526948,151607,45,2,1,6,513,3,242,6,40,0,4,6,0,0,0,4,1,2,0,0,2,1,1,2,2,61,9,3,0,0,0,0,0,9,1,4
2,3,9,0,18,0,8,0,0,0,0,1,1,6,2,57,9,1598,1,8,1,4,3,460787,227857,43,3,4,7,481,3,4421,6,50,3,4,6,0,0,0,1,1,1,0,0,2,1,4,2,1,33,6,3,0,0,1,0,0,9,1,5
3,1,9,0,7,0,6,0,0,0,0,1,1,6,2,50,8,1596,1,2,1,1,2,525550,190080,1,2,1,7,30,3,504,1,30,2,4,6,0,0,8,1,1,1,0,0,1,1,1,1,1,33,6,3,0,0,0,0,0,9,1,5
3,1,5,0,18,0,1,1,0,0,0,3,1,6,1,66,10,1854,1,1,1,1,1,519989,230225,41,1,1,5,433,3,505,6,30,3,4,6,1444,0,4,1,1,1,0,0,1,1,1,1,1,66,10,3,0,0,0,0,0,5,1,10
3,4,9,0,18,0,0,0,0,0,0,1,1,6,1,53,8,1598,2,2,1,2,6,574750,161020,46,6,2,3,542,3,229,3,70,0,4,6,0,0,0,7,2,2,0,0,2,1,2,1,1,53,8,3,0,0,0,0,0,9,1,9
3,2,9,0,18,0,8,0,0,0,0,3,1,6,1,54,8,1598,2,1,1,2,2,523910,181390,1,2,2,5,12,4,412,6,30,2,4,6,0,0,0,1,1,1,0,0,1,1,2,1,1,54,8,3,0,0,0,0,0,9,1,3
3,1,20,0,5,0,0,0,0,0,0,0,1,6,1,30,6,1598,1,8,1,1,1,332270,440520,4,1,1,3,71,6,0,6,30,0,4,6,0,0,0,4,1,1,0,0,1,1,1,3,2,22,5,3,9,5,0,0,0,0,1,5
3,2,9,0,18,0,0,0,0,0,0,1,1,2,1,35,6,1896,2,13,1,2,2,474961,260021,34,2,2,5,384,3,5123,6,40,0,4,6,0,0,0,1,1,1,0,0,1,3,2,2,1,32,6,3,0,0,1,0,0,9,1,5
3,1,19,0,18,0,1,0,0,0,0,1,1,6,3,38,7,2461,2,13,1,1,2,544296,195612,42,2,1,5,456,3,1168,3,70,5,4,1,11,0,0,1,1,1,0,0,2,2,1,1,1,33,6,3,0,0,0,0,0,9,1,5
3,1,9,0,1,0,0,2,0,0,0,1,1,2,1,21,5,1598,1,8,3,2,2,313690,242750,63,2,2,7,753,6,0,9,60,0,4,6,0,0,0,1,1,1,0,0,2,2,2,1,1,21,5,3,0,0,0,0,0,9,3,5
3,1,11,0,4,0,0,0,0,0,0,0,1,1,1,62,9,4250,2,3,1,1,1,454036,348431,31,1,1,4,340,5,221,6,30,0,4,6,0,0,4,1,1,2,0,0,1,2,1,2,1,3,1,3,0,0,0,4,0,11,1,5
3,2,9,0,18,0,1,0,0,0,0,1,1,6,2,59,9,1124,1,15,1,2,2,354880,430730,4,2,2,3,79,6,0,6,30,6,4,6,0,0,0,1,1,1,0,0,1,1,2,1,2,59,9,3,0,0,0,0,0,9,1,1
1,1,9,0,9,0,8,0,0,0,0,1,1,6,1,41,7,2500,2,13,1,1,1,329269,377550,7,1,1,5,130,6,0,6,30,8,4,6,0,0,0,4,1,1,0,0,1,1,1,3,1,94,11,1,5,3,0,0,0,0,1,5
3,2,9,0,4,0,0,0,0,0,0,1,1,6,1,31,6,2967,2,3,1,2,2,405700,289180,20,2,2,3,300,6,0,6,30,0,4,6,0,0,0,1,1,1,0,0,1,1,2,2,1,42,7,3,0,0,1,0,0,9,1,1
3,2,9,0,3,0,0,0,0,0,0,2,1,6,2,21,5,1390,1,10,1,3,3,438860,389940,14,3,3,2,215,3,6178,3,40,0,4,6,0,0,0,1,1,2,0,0,1,1,1,1,2,21,5,3,0,0,0,0,0,9,1,3
3,2,9,0,18,0,1,0,0,0,0,1,1,6,2,59,9,2497,2,7,1,1,2,559400,148010,46,2,1,2,542,6,4206,6,30,3,4,6,0,0,0,1,1,1,0,0,1,1,1,1,1,33,6,3,0,0,0,0,0,9,1,5
3,3,3,0,15,0,8,0,0,0,0,1,1,6,1,30,6,998,1,6,1,1,3,534800,189420,1,3,1,7,31,3,503,6,30,8,4,6,0,0,0,1,1,1,0,0,1,1,1,1,1,30,6,3,0,0,0,0,0,3,1,2
3,2,5,0,18,0,2,0,0,0,0,1,1,6,1,28,6,675,1,3,1,1,2,531590,166870,1,2,1,4,20,3,235,6,30,3,4,6,0,0,1,1,1,1,0,0,1,1,1,1,1,28,6,3,0,0,0,0,0,5,1,5
3,1,5,0,16,0,0,0,0,0,0,1,1,2,1,52,8,1450,1,14,1,1,1,455423,101776,44,1,1,5,492,6,0,6,30,0,4,6,0,0,0,1,1,1,0,0,1,1,1,1,1,52,8,3,0,0,0,0,0,5,1,9
3,2,11,0,18,0,0,0,0,0,0,0,1,1,3,41,7,6700,2,6,2,1,2,427445,524936,11,2,1,6,169,6,0,6,30,0,4,6,0,0,0,1,1,1,0,0,1,2,1,2,2,84,11,3,0,0,0,4,0,11,1,5
3,1,9,0,18,0,1,0,0,0,0,1,1,6,1,35,6,1896,2,9,1,4,3,336470,414650,4,3,4,7,84,3,570,6,40,3,4,6,0,0,0,1,1,1,0,0,1,1,3,2,2,9,2,3,0,0,1,0,0,9,1,3
3,1,9,0,16,0,0,0,0,1,0,3,1,6,2,18,4,1124,1,10,3,6,3,316090,480330,3,3,6,3,63,3,5093,6,60,0,4,6,0,0,0,1,1,2,0,0,2,1,5,2,1,16,4,3,0,0,1,0,0,9,2,2
3,1,9,0,9,0,2,0,0,0,0,1,1,6,1,19,4,1490,1,8,1,1,1,522790,189170,1,1,1,5,30,6,0,6,30,3,4,3,504,0,0,1,1,1,0,0,1,1,1,3,1,23,5,3,5,1,0,0,2,0,1,2
3,1,9,0,9,0,8,0,0,0,0,3,1,1,2,59,9,1794,1,14,2,1,2,611260,223430,42,2,1,2,461,3,133,6,60,3,4,6,0,0,0,1,1,1,0,0,2,1,1,1,2,59,9,3,0,0,0,0,0,9,2,6
3,1,9,0,14,0,0,0,0,7,10,1,1,2,2,53,8,2179,2,7,2,1,2,387516,104360,55,2,1,5,642,3,354,6,60,0,4,6,0,0,0,1,1,2,0,0,2,1,1,1,2,53,8,3,0,0,0,0,0,9,2,7
3,1,9,0,17,0,0,2,0,7,0,3,1,6,1,17,4,1199,1,11,1,1,1,455024,366370,31,1,1,7,344,4,6407,6,60,0,4,6,0,0,0,6,5,2,0,0,2,1,1,1,1,17,4,3,0,0,0,0,0,9,1,5
3,1,9,0,18,0,1,0,0,0,0,2,1,6,1,25,5,1599,1,11,2,1,2,518070,180340,1,2,1,5,27,6,0,6,30,6,4,6,0,0,0,1,1,1,0,0,1,2,1,1,1,25,5,3,0,0,0,0,0,9,2,6
3,1,9,0,18,0,0,0,0,0,0,4,1,6,3,38,7,1598,1,8,1,2,1,439639,557252,10,1,2,3,150,3,183,3,30,0,4,6,0,0,5,4,2,2,0,0,1,2,2,3,2,14,3,3,8,1,0,0,0,0,1,1
3,1,9,0,18,0,1,1,0,0,0,1,1,6,1,18,4,1598,1,8,1,2,2,318175,176902,62,2,2,1,741,6,0,6,30,6,4,6,0,0,0,1,8,2,0,0,1,1,1,1,1,33,6,3,0,0,0,0,0,9,1,5
3,3,9,0,18,0,0,0,0,0,0,2,1,6,3,38,7,1598,1,8,1,1,3,228775,82998,50,3,1,4,596,3,30,3,50,0,4,6,0,0,0,6,1,1,0,0,2,2,1,1,1,33,6,3,0,0,0,0,0,9,1,5
3,1,9,0,9,0,6,0,0,0,0,1,1,6,2,42,7,1596,1,12,1,1,2,400466,171082,54,2,1,6,635,6,0,6,30,3,4,6,0,0,0,4,2,2,0,0,1,2,1,1,1,33,6,3,0,0,0,0,0,9,1,5
3,1,9,0,11,0,0,1,0,0,0,1,1,6,1,49,8,1299,1,11,1,2,3,404150,246290,22,3,2,6,277,3,46,3,70,0,4,6,0,0,0,6,1,1,0,0,2,1,1,1,1,33,6,3,0,0,0,0,0,9,1,5
3,2,9,0,18,0,8,0,0,0,0,1,1,2,1,20,4,1598,1,8,1,1,2,522050,188020,1,2,1,4,30,3,5,6,30,3,2,3,504,0,5,4,1,1,0,0,1,1,1,1,1,33,6,3,0,0,0,0,0,9,1,5
3,1,3,0,18,0,0,0,0,0,0,1,1,6,1,18,4,125,1,1,3,1,3,484905,342906,32,3,1,4,355,3,1,3,70,0,4,6,0,0,0,1,1,1,0,0,2,1,1,1,1,18,4,3,0,0,0,0,0,3,3,7
3,1,9,0,9,0,6,0,0,0,0,3,1,6,2,70,10,998,1,1,2,2,2,482654,360344,31,2,2,6,345,3,1133,6,60,3,4,6,0,0,0,6,1,2,0,0,2,1,1,1,2,70,10,3,0,0,0,0,0,9,2,5
3,1,9,0,17,0,8,0,0,0,0,3,1,6,2,25,5,1910,2,10,1,3,2,205882,560407,98,2,3,2,917,6,442,6,30,3,4,6,441,0,0,1,1,1,0,0,1,1,1,1,2,25,5,3,0,0,0,0,0,9,1,5
3,1,9,0,18,0,3,0,0,0,0,1,1,6,1,51,8,1598,1,8,3,1,2,489350,412203,16,2,1,6,232,6,0,1,30,1,4,6,0,0,0,1,1,1,0,0,1,2,1,1,1,51,8,3,0,0,0,0,0,9,3,4
3,2,9,0,18,0,8,0,0,0,0,4,1,6,2,25,5,1598,1,8,1,4,2,599314,263460,37,2,4,3,413,6,0,6,30,3,4,6,0,0,0,1,1,1,0,0,2,1,3,2,1,28,6,3,0,0,1,0,0,9,2,10
2,2,5,0,13,0,8,1,0,0,0,1,1,6,1,51,8,1170,1,2,1,1,2,416567,125908,54,2,1,2,635,3,338,3,60,3,4,6,0,0,0,1,1,1,0,0,2,1,1,1,1,51,8,2,0,0,0,0,0,5,1,6
3,2,9,0,3,0,0,0,0,0,0,2,1,6,2,22,5,1598,1,11,1,2,2,578379,188115,42,2,2,7,453,3,13,6,30,0,4,6,0,0,0,1,1,1,0,0,1,1,2,1,2,22,5,3,0,0,0,0,0,9,1,2
3,2,9,0,17,0,8,0,0,0,0,3,1,6,1,38,7,1598,1,8,1,1,2,528530,177930,1,2,1,2,12,3,3212,6,30,6,2,3,3216,0,5,1,1,1,0,0,2,1,1,1,1,33,6,3,0,0,0,0,0,9,1,5
3,1,9,0,17,6,0,1,0,8,4,4,1,6,1,22,5,1590,1,14,1,2,1,521522,136020,47,1,2,1,562,6,0,6,60,0,4,6,0,0,1,6,1,1,0,0,2,1,1,1,1,22,5,3,0,0,0,0,0,9,1,5
3,1,9,0,18,0,8,1,0,1,0,3,1,6,2,18,4,1598,1,8,1,4,2,407690,286720,20,2,4,2,300,6,0,6,30,6,3,6,0,0,0,4,2,2,0,0,1,1,3,1,2,18,4,3,0,0,0,0,0,9,1,5
3,3,9,0,3,0,1,0,0,0,0,2,1,6,1,38,7,1910,2,8,1,1,3,570443,208589,42,3,1,4,454,4,1008,6,30,3,2,6,0,0,0,1,1,1,0,0,1,2,1,1,1,33,6,3,0,0,0,0,0,9,1,5
3,1,9,0,18,0,1,0,0,0,0,1,1,6,1,59,9,1598,2,8,1,3,2,359169,172800,52,2,3,4,601,4,4053,6,30,3,4,6,0,0,0,1,1,1,0,0,1,1,2,2,1,27,6,3,0,0,1,0,0,9,1,7
2,2,19,0,9,9,5,0,0,0,0,3,1,2,1,34,6,2198,2,4,1,1,2,396420,298060,20,2,1,6,307,4,4484,6,30,8,4,6,0,0,0,1,1,1,0,0,1,1,1,1,1,33,6,3,0,0,0,0,0,9,1,5
3,1,9,0,9,0,2,0,0,0,0,4,1,6,2,57,9,1991,2,9,1,1,2,459509,451275,12,2,1,6,189,3,59,6,30,3,4,6,2910,0,0,1,1,1,0,0,1,1,1,1,1,33,6,3,0,0,0,0,0,9,1,5
3,2,9,0,18,0,8,1,0,7,0,1,1,6,2,40,7,1598,1,8,1,2,2,438572,107220,44,2,2,3,496,6,0,6,40,6,4,6,0,0,0,1,1,1,0,0,2,1,1,1,1,33,6,3,0,0,0,0,0,9,1,5
2,1,9,0,18,0,0,0,0,1,4,1,1,6,1,53,8,2997,1,13,3,1,1,503318,135637,45,1,1,2,517,5,35,6,60,0,4,6,0,0,0,1,1,1,0,0,2,1,1,1,1,53,8,2,0,0,0,0,0,9,3,8
3,1,9,0,18,0,8,0,0,0,0,2,1,2,1,35,6,1349,1,3,1,2,3,454038,303487,33,3,2,4,360,3,47,6,40,3,4,6,3337,0,4,4,1,2,0,0,1,1,1,1,1,33,6,3,0,0,0,0,0,9,1,5
3,1,9,0,18,0,0,1,0,0,0,1,1,6,2,23,5,1242,1,4,3,1,3,500735,307300,33,3,1,6,368,3,1,3,70,0,4,6,0,0,0,1,1,1,0,3,2,1,1,1,2,23,5,3,0,0,0,0,0,9,3,7
3,1,9,0,16,0,5,0,0,0,0,4,1,1,2,58,9,1198,1,8,1,1,1,380960,271280,22,1,1,3,278,6,0,6,30,2,4,3,451,0,0,1,1,1,0,0,1,2,1,3,2,87,11,3,5,1,0,0,0,0,1,8
3,1,19,0,9,0,8,0,0,0,0,1,1,1,1,29,6,1598,1,8,3,1,3,260960,280550,63,3,1,4,750,3,44,6,40,3,4,6,0,0,0,1,1,1,0,0,2,2,1,1,1,33,6,3,0,0,0,0,0,9,1,5
3,2,11,0,5,0,1,0,0,0,0,1,1,1,1,26,6,6696,2,2,1,2,2,408550,286120,20,2,2,6,300,4,4128,6,30,1,4,3,45,0,0,1,1,1,0,0,1,1,1,1,1,33,6,3,0,0,0,0,0,9,1,5
3,2,9,0,9,0,8,0,0,0,0,4,1,2,2,34,6,1248,2,2,1,1,2,381880,385750,6,2,1,5,102,5,0,6,30,3,4,5,0,0,0,1,1,1,0,0,1,2,1,1,1,33,6,3,0,0,0,0,0,9,1,5
3,1,9,0,9,0,1,1,0,0,0,1,1,6,1,27,6,1598,1,8,1,1,3,224503,382226,60,3,1,3,720,6,0,6,30,3,4,6,0,0,0,1,1,1,0,0,1,1,1,1,1,33,6,3,0,0,0,0,0,9,1,5
3,1,9,0,18,0,0,0,0,0,0,1,1,6,2,25,5,1124,1,13,1,1,2,494634,181054,43,2,1,1,473,3,4,6,30,0,4,6,0,0,0,1,1,1,0,0,1,2,1,1,2,25,5,3,0,0,0,0,0,9,1,5
3,2,3,0,18,0,1,0,0,0,0,3,1,6,1,28,6,124,1,1,1,1,2,520616,197095,41,2,1,3,33,3,5135,6,30,8,4,6,0,0,0,4,1,2,0,0,1,1,1,1,1,28,6,3,0,0,0,0,0,3,1,2
3,1,8,0,18,0,8,0,0,0,0,1,1,1,1,40,7,1968,2,5,1,2,2,402610,287700,20,2,2,1,305,4,4125,6,30,3,4,6,0,0,0,1,1,2,0,0,1,1,1,1,1,40,7,3,0,0,0,0,0,8,1,7
3,2,9,0,18,0,0,0,0,0,0,1,1,6,1,48,8,2987,2,7,1,2,3,502008,171699,45,3,2,2,514,3,308,6,30,0,4,6,0,0,0,1,4,1,0,0,1,1,1,1,1,33,6,3,0,0,0,0,0,9,1,5
3,2,9,0,3,0,1,0,0,0,0,1,1,6,1,20,4,1242,1,5,1,4,3,398224,340076,21,3,4,2,256,5,109,6,40,8,4,6,0,0,0,4,1,2,0,0,2,1,1,1,1,20,4,3,0,0,0,0,0,9,1,3
3,2,9,0,18,0,0,0,0,1,0,1,1,4,1,23,5,3628,2,8,1,2,2,575594,188983,42,2,2,3,450,6,0,6,30,0,4,6,0,0,0,1,1,1,0,0,1,1,2,1,1,23,5,3,0,0,0,0,0,9,1,4
3,1,5,0,4,0,1,1,0,0,0,4,1,6,1,22,5,659,1,8,1,1,1,448387,113974,44,1,1,5,491,4,3342,3,40,1,4,4,3342,0,4,4,1,2,0,0,1,2,1,1,1,22,5,3,0,0,0,0,0,5,1,6
3,1,9,0,4,0,0,1,0,0,0,1,1,6,1,28,6,1349,1,13,1,4,3,574340,163890,46,3,4,3,542,1,2,3,70,0,4,6,0,0,0,1,1,1,0,0,2,1,1,1,1,28,6,3,0,0,0,0,0,9,1,5
2,2,1,0,18,0,8,0,0,0,0,4,1,6,1,17,4,1598,1,8,1,1,2,475078,107395,44,2,1,5,495,4,2147,1,30,1,4,4,2147,0,8,1,1,1,0,0,1,1,1,1,1,17,4,2,0,0,0,0,0,1,1,8
3,1,21,1,12,0,0,0,0,0,0,1,1,1,1,33,6,1598,1,8,1,1,2,437088,431068,13,2,1,4,204,1,1,3,70,0,4,6,0,0,0,1,1,1,0,0,2,1,1,1,1,33,6,3,0,0,0,0,0,9,1,5
3,1,9,0,2,0,0,0,0,0,0,3,1,6,1,72,10,1598,1,8,1,1,2,260514,198202,62,2,1,4,745,6,0,6,30,0,4,6,0,0,0,1,1,1,0,0,1,1,1,1,1,33,6,3,0,0,0,0,0,9,1,5
3,1,9,0,18,0,8,0,0,0,1,4,1,1,1,48,8,1753,2,6,1,2,2,459570,451255,12,2,2,3,189,3,1036,6,30,6,2,6,0,0,5,4,1,1,0,0,1,1,1,1,1,48,8,3,0,0,0,0,0,9,1,5
3,1,9,0,1,0,1,0,0,0,0,2,1,6,2,27,6,2987,2,8,1,2,2,510467,166601,45,2,2,4,510,6,3812,6,30,8,4,6,0,0,0,1,1,1,0,0,1,1,1,1,1,33,6,3,0,0,0,0,0,9,1,5
3,1,9,0,18,0,1,0,0,0,0,2,1,2,1,27,6,1497,8,10,1,1,2,536520,182130,1,2,1,4,5,3,1205,6,30,6,2,5,0,0,5,1,1,1,0,0,1,1,1,1,1,27,6,3,0,0,0,0,0,9,1,4
2,1,5,0,13,0,1,0,0,0,0,1,1,6,1,25,5,599,1,13,1,1,2,498289,240277,40,2,1,3,424,5,94,6,60,8,4,6,0,0,0,1,1,1,0,0,2,1,1,1,1,25,5,2,0,0,0,0,0,5,1,5
3,1,9,0,13,0,8,0,0,0,0,4,1,6,1,57,9,1796,1,11,3,1,2,380740,302930,22,2,1,1,286,3,464,6,60,3,4,6,0,0,0,1,1,1,0,0,2,1,1,1,1,33,6,3,0,0,0,0,0,9,1,5
3,1,3,0,18,0,1,0,0,0,0,3,1,2,2,52,8,125,1,1,3,1,1,434770,338040,30,1,1,6,323,3,6,6,40,1,4,6,0,0,0,1,1,2,0,0,1,1,1,1,2,52,8,3,0,0,0,0,0,3,3,8
3,1,9,0,15,0,8,0,0,0,0,3,1,6,1,38,7,1995,2,12,1,1,2,532670,182680,1,2,1,5,3,3,501,6,20,3,2,3,1200,0,5,1,1,1,0,0,1,1,1,1,1,33,6,3,0,0,0,0,0,9,1,5
2,1,4,0,18,0,0,1,0,7,0,1,1,6,1,29,6,1598,1,8,1,2,3,516987,440561,16,3,2,1,231,6,0,6,60,0,4,6,0,0,0,1,1,1,0,0,2,1,1,1,1,29,6,2,0,0,0,0,0,4,1,1
3,1,11,0,18,2,0,0,0,0,0,0,1,1,1,18,4,9000,2,2,3,1,1,365841,214008,53,1,1,2,622,6,114,6,30,0,4,6,0,0,0,1,9,1,0,0,1,2,1,2,1,40,7,3,0,0,0,3,0,11,1,5
2,2,11,0,17,0,0,1,0,0,0,1,1,1,1,45,7,4250,2,5,1,1,4,582143,231852,42,4,1,3,451,3,131,6,60,0,4,6,0,0,0,6,1,1,0,0,2,1,1,1,1,33,6,3,0,0,0,0,0,9,1,5
3,2,9,0,18,0,8,0,0,0,0,3,1,6,1,33,6,1598,1,8,3,2,2,315239,189588,61,2,2,7,731,6,0,6,60,6,4,6,0,0,0,1,1,1,0,0,2,1,2,1,1,33,6,3,0,0,0,0,0,9,3,5
3,1,9,0,18,0,0,0,4,0,0,1,1,6,1,28,6,1796,1,13,1,1,2,504811,163942,45,2,1,1,514,6,3099,6,30,0,4,6,0,0,0,7,1,1,0,0,1,1,1,1,1,28,6,3,0,0,0,0,0,9,1,7
3,1,9,0,9,0,6,0,0,0,0,4,1,6,2,62,9,1997,2,5,3,1,2,454867,351084,31,2,1,7,343,4,6011,6,30,3,4,4,683,0,0,1,1,1,0,0,2,1,1,1,1,33,6,3,0,0,0,0,0,9,1,5
3,1,9,0,5,0,0,0,0,0,0,1,1,6,2,28,6,1600,1,16,1,1,1,530970,174770,1,1,1,7,9,6,0,6,30,0,4,6,0,0,0,4,8,2,0,0,1,1,1,3,1,6,2,3,5,1,0,0,2,0,1,5
3,2,9,0,3,0,4,0,0,0,0,2,1,6,2,33,6,1596,1,10,1,1,2,244907,127885,50,2,1,2,588,3,386,1,30,1,4,6,0,0,0,4,2,2,0,0,1,2,1,1,2,33,6,3,0,0,0,0,0,9,1,7
2,3,9,0,2,0,0,0,0,0,0,2,1,6,2,52,8,1956,2,2,1,1,3,525096,220353,41,3,1,5,433,4,197,6,30,0,4,6,0,0,0,1,1,1,0,0,2,1,1,1,1,33,6,3,0,0,0,0,0,9,1,5
3,2,9,0,18,0,0,0,0,0,0,2,1,1,2,70,10,1248,1,5,2,1,3,236109,81217,50,3,1,3,596,4,3362,6,60,0,4,6,0,0,0,1,1,1,0,0,2,1,1,1,2,70,10,3,0,0,0,0,0,9,2,5
2,1,9,0,18,0,1,0,0,0,0,1,1,2,1,71,10,1799,1,5,1,1,3,260578,663064,97,3,1,1,926,3,728,3,30,3,2,6,0,0,5,4,1,1,0,0,1,1,1,1,1,33,6,3,0,0,0,0,0,9,1,5
3,2,2,0,18,0,3,0,0,0,0,4,1,6,1,16,4,49,1,14,1,1,2,588512,188146,42,2,1,3,460,6,0,1,30,1,4,6,0,0,0,4,1,1,0,0,2,2,1,1,1,16,4,3,0,0,0,0,0,2,1,4
3,2,10,0,4,0,0,0,0,0,0,2,1,1,1,65,9,2143,2,3,1,1,3,292747,691302,96,3,1,6,915,3,907,6,60,0,4,6,0,0,0,1,1,1,0,0,2,1,1,1,1,33,6,3,0,0,0,0,0,9,1,5
3,1,19,0,18,0,1,0,0,0,0,1,1,1,1,23,5,1998,2,11,1,1,2,621388,310484,36,2,1,2,404,3,1067,6,30,6,4,6,0,0,0,1,1,1,0,0,1,1,1,1,1,33,6,3,0,0,0,0,0,9,1,5
2,1,9,0,18,0,1,0,0,0,0,1,1,6,1,52,8,1870,2,10,1,1,2,449480,365200,30,2,1,7,321,3,617,6,50,3,4,6,0,0,0,1,2,2,0,0,2,1,1,1,1,52,8,2,0,0,0,0,0,9,1,2
3,2,9,0,3,0,1,0,0,0,0,2,1,6,1,53,8,1598,1,8,1,1,2,272695,377131,60,2,1,4,721,3,55,3,70,1,4,6,0,0,0,1,1,2,0,0,2,1,1,2,2,28,6,3,0,0,1,0,0,9,1,5
3,1,9,0,9,0,8,0,0,0,0,1,1,6,1,86,11,1149,1,14,1,1,3,411770,295160,20,3,1,4,300,3,5127,6,30,6,2,3,453,0,0,1,1,1,0,0,1,1,1,1,1,33,6,3,0,0,0,0,0,9,1,5
3,1,9,0,18,0,0,0,0,0,0,1,1,6,2,72,10,1761,1,18,1,1,3,563470,173870,46,3,1,4,535,6,3503,6,30,0,4,6,0,0,0,1,2,2,0,0,1,1,1,1,2,72,10,3,0,0,0,0,0,9,1,6
3,1,9,0,13,0,0,1,0,7,6,1,1,2,1,33,6,1198,1,11,1,4,2,450811,298299,33,2,4,4,360,1,69,3,70,0,4,6,0,0,0,6,4,2,0,0,2,1,1,2,1,18,4,3,0,0,2,0,0,9,1,2
3,2,9,0,18,0,8,0,0,0,0,3,1,6,1,44,7,1560,2,8,1,2,2,430183,567715,10,2,2,6,148,6,2055,6,30,3,4,3,1058,0,0,1,1,1,0,0,1,1,1,1,1,44,7,3,0,0,0,0,0,9,1,7
3,2,9,4,18,0,0,0,0,0,0,2,1,1,1,45,7,2999,2,14,1,1,2,522737,134415,47,2,1,5,562,3,264,3,70,0,4,6,0,0,0,1,1,1,0,0,2,1,1,1,1,33,6,3,0,0,0,0,0,9,1,5
3,3,9,0,18,0,0,0,0,0,0,1,1,6,1,21,5,1199,1,14,1,1,3,415567,431705,13,3,1,1,200,6,0,6,30,0,4,6,0,0,0,1,1,1,0,0,1,1,1,1,1,21,5,3,0,0,0,0,0,9,1,1
3,1,9,0,18,0,2,0,0,0,0,2,1,6,1,33,6,1242,1,6,1,1,2,530270,170540,1,2,1,3,9,3,23,6,30,3,4,6,0,0,0,1,1,1,0,0,1,2,1,1,1,33,6,3,0,0,0,0,0,9,1,1
3,1,1,0,14,0,1,0,8,0,0,1,1,6,1,28,6,1598,1,8,1,1,2,534880,182730,1,2,1,6,5,6,0,6,30,3,4,3,1209,0,0,4,1,1,0,0,1,1,1,1,1,28,6,3,0,0,0,0,0,1,1,2
3,3,9,0,18,0,1,1,0,0,0,1,1,1,2,53,8,1386,1,5,1,2,3,570078,316120,36,3,2,5,407,3,47,6,50,3,4,5,65,0,0,1,1,1,0,0,2,1,2,1,2,53,8,3,0,0,0,0,0,9,1,2
3,2,9,0,3,0,0,0,0,0,0,3,1,6,2,36,7,1560,2,4,1,1,2,544167,209274,42,2,1,5,457,6,0,6,30,0,4,6,0,0,0,1,1,1,0,0,1,1,1,1,1,33,6,3,0,0,0,0,0,9,1,5
3,1,9,0,9,0,6,0,0,0,0,1,1,6,2,34,6,1798,1,3,1,1,2,526320,192420,1,2,1,5,30,3,1000,6,30,3,4,6,0,0,0,1,1,1,0,0,1,1,1,1,1,33,6,3,0,0,0,0,0,9,1,5
3,1,9,0,18,0,8,0,0,0,0,2,1,6,2,42,7,1597,1,17,1,2,3,525870,165710,1,3,2,6,21,4,2230,6,30,3,4,6,0,0,0,1,1,1,0,0,1,1,1,1,2,42,7,3,0,0,0,0,0,9,1,4
3,1,9,0,18,0,8,0,0,0,0,1,1,6,1,89,11,1086,1,10,1,3,2,523990,175210,1,2,3,1,10,3,219,6,30,3,2,6,0,0,5,4,1,1,0,0,1,1,1,1,1,89,11,3,0,0,0,0,0,9,1,2
3,3,9,0,18,0,0,0,0,0,0,2,1,6,2,27,6,1598,1,8,3,3,4,429231,518932,11,4,3,2,161,3,167,6,60,0,4,6,0,0,8,1,1,2,0,7,2,1,2,1,2,27,6,3,0,0,0,0,0,9,3,5
3,1,9,0,17,0,0,1,0,7,11,1,1,6,2,20,4,998,1,15,2,1,1,560098,134228,47,1,1,2,556,4,2099,6,60,0,4,6,0,0,0,1,1,2,0,0,2,1,1,1,2,20,4,3,0,0,0,0,0,9,2,9