accident_severity,vehicle_reference,vehicle_type,towing_and_articulation,vehicle_manoeuvre,vehicle_location-restricted_lane,junction_location,skidding_and_overturning,hit_object_in_carriageway,vehicle_leaving_carriageway,hit_object_off_carriageway,1st_point_of_impact,was_vehicle_left_hand_drive?,journey_purpose_of_driver,sex_of_driver,age_of_driver,age_band_of_driver,engine_capacity_(cc),propulsion_code,age_of_vehicle,driver_home_area_type,NUmber_of_Casualities_unique_to_accident_index,No_of_Vehicles_involved_unique_to_accident_index,location_easting_osgr,location_northing_osgr,police_force,number_of_vehicles,number_of_casualties,day_of_week,local_authority_(district),1st_road_class,1st_road_number,road_type,speed_limit,junction_detail,junction_control,2nd_road_class,2nd_road_number,pedestrian_crossing-human_control,pedestrian_crossing-physical_facilities,light_conditions,weather_conditions,road_surface_conditions,special_conditions_at_site,carriageway_hazards,urban_or_rural_area,did_police_officer_attend_scene_of_accident,casualty_reference,casualty_class,sex_of_casualty,age_of_casualty,age_band_of_casualty,casualty_severity,pedestrian_location,pedestrian_movement,car_passenger,bus_or_coach_passenger,pedestrian_road_maintenance_worker,casualty_type,casualty_home_area_type,casualty_imd_decile
3,2,9,0,18,0,8,0,0,0,0,1,1,6,1,27,6,1461,2,10,1,3,2,417123,433067,13,2,3,5,200,6,0,6,30,6,4,6,0,0,0,4,1,1,0,0,1,1,2,1,1,27,6,3,0,0,0,0,0,9,1,8
3,1,9,0,18,0,0,0,0,0,0,1,1,2,2,44,7,1686,2,5,2,1,2,530838,339163,32,2,1,3,350,6,0,6,30,0,4,6,0,0,0,1,1,1,0,0,2,1,1,2,2,12,3,3,0,0,1,0,0,9,2,6
3,1,9,0,1,0,6,0,0,0,0,2,1,6,1,38,7,1598,1,8,1,1,1,404590,289490,20,1,1,3,300,6,0,6,30,3,4,3,41,0,5,1,1,1,0,0,1,1,1,3,2,74,10,3,10,9,0,0,0,0,1,3
3,2,19,0,9,0,8,0,0,0,0,1,1,6,2,38,7,1598,1,8,1,1,2,446364,525093,17,2,1,4,245,6,0,6,30,3,4,6,0,0,1,1,1,1,0,0,1,1,1,1,1,33,6,3,0,0,0,0,0,9,1,5
3,1,9,0,9,0,6,0,0,0,0,0,1,6,2,38,7,1398,1,10,1,3,2,456357,343822,31,2,3,3,346,3,611,6,30,3,4,6,0,0,4,1,1,1,0,0,1,2,1,1,1,33,6,3,0,0,0,0,0,9,1,5
3,1,9,0,18,0,0,0,0,0,0,1,1,6,2,44,7,1388,1,7,1,1,1,460592,452724,12,1,1,5,189,6,3510,6,30,0,4,6,0,0,0,1,1,1,0,0,1,1,1,3,1,27,6,3,9,9,0,0,0,0,1,3
1,3,9,0,18,0,0,0,0,0,0,0,1,6,1,45,7,1598,1,8,1,3,3,209660,238710,63,3,3,1,752,3,487,6,60,0,4,6,0,0,0,1,2,2,0,0,2,1,1,1,1,33,6,3,0,0,0,0,0,9,1,5
3,1,9,0,9,0,6,0,0,0,0,1,1,1,1,19,4,1598,1,8,2,2,2,387583,291128,21,2,2,3,254,4,4176,6,60,3,4,6,43,0,0,1,1,1,0,0,2,1,2,1,1,19,4,3,0,0,0,0,0,9,2,10
3,1,9,0,18,0,0,1,4,0,0,1,1,6,1,24,5,1560,2,8,1,1,2,577414,166321,46,2,1,2,544,6,0,6,30,0,4,6,0,0,0,1,1,2,0,0,1,1,1,2,2,19,4,3,0,0,1,0,0,9,1,8
2,1,11,0,16,0,0,0,0,7,10,1,1,1,1,67,10,5900,2,11,1,4,1,251736,145450,50,1,4,2,582,3,361,6,40,0,4,6,0,0,0,1,1,1,0,0,2,1,1,2,1,69,10,3,0,0,0,4,0,11,1,4
2,2,5,0,18,0,8,0,0,0,0,1,1,6,1,52,8,660,1,6,1,1,2,430713,134866,44,2,1,5,501,3,30,6,60,6,4,6,0,0,0,1,1,1,0,0,2,1,1,1,1,52,8,2,0,0,0,0,0,5,1,5
3,1,9,0,18,0,8,0,0,0,0,2,1,2,1,31,6,1781,1,13,1,1,2,461774,100212,44,2,1,3,493,3,32,6,30,3,4,6,0,0,0,1,1,1,0,0,1,1,1,1,1,33,6,3,0,0,0,0,0,9,1,5
3,2,21,0,2,0,0,0,0,0,0,2,1,1,1,61,9,4250,2,14,3,1,2,470042,474207,12,2,1,1,185,5,61,6,60,0,4,6,0,0,0,1,1,1,0,0,2,1,1,1,1,33,6,3,0,0,0,0,0,9,1,5
3,2,9,0,4,0,0,0,0,0,0,2,1,6,1,46,8,2967,2,2,1,1,2,500988,430537,16,2,1,4,231,3,164,6,60,0,4,6,0,0,0,1,1,1,0,0,2,1,1,1,1,33,6,3,0,0,0,0,0,9,1,5
3,1,9,0,13,0,1,0,0,0,0,1,1,6,1,38,7,1968,2,3,1,3,2,432468,444999,13,2,3,4,204,3,659,6,30,3,4,6,0,0,0,4,1,1,0,0,2,1,2,2,2,31,6,3,0,0,1,0,0,9,1,5
3,1,9,0,18,0,1,0,0,0,0,1,1,6,1,24,5,1968,2,8,2,1,2,340560,555630,3,2,1,7,62,6,0,6,30,3,4,6,0,0,0,4,1,1,0,0,1,1,1,1,1,33,6,3,0,0,0,0,0,9,1,5
3,2,1,0,18,0,8,0,0,0,0,3,1,6,1,39,7,1598,1,8,1,1,2,527560,178310,1,2,1,1,12,3,3217,6,30,3,4,6,0,0,0,1,1,1,0,0,1,1,1,1,1,39,7,3,0,0,0,0,0,1,1,3
3,1,9,0,18,0,2,0,0,0,0,1,1,6,2,41,7,1398,2,12,3,6,2,574164,125684,47,2,6,3,555,4,2165,6,60,3,4,6,0,0,0,1,1,1,0,0,2,1,5,2,1,11,3,3,0,0,2,0,0,9,3,9
3,1,1,0,18,0,0,0,0,0,0,0,1,6,1,30,6,1598,1,8,2,1,1,574380,168133,46,1,1,1,544,5,371,6,30,0,4,6,0,0,0,1,1,1,0,0,1,2,1,1,1,30,6,3,0,0,0,0,0,1,2,8
2,2,5,0,18,0,8,0,0,0,0,2,1,6,1,57,9,1598,1,8,3,1,3,443791,209000,43,3,1,7,485,4,4449,1,50,1,4,4,4044,0,0,1,4,1,0,0,2,1,1,1,1,57,9,2,0,0,0,0,0,5,3,9
3,1,9,0,18,0,8,0,0,0,0,4,1,6,1,54,8,1242,1,18,1,1,2,420455,305131,21,2,1,7,258,6,9,6,30,3,4,6,9,0,0,1,1,1,0,0,1,1,1,1,1,33,6,3,0,0,0,0,0,9,1,5
3,1,9,0,7,0,8,0,0,1,0,3,1,6,2,27,6,1968,2,3,1,2,3,417363,105696,44,3,2,3,496,3,31,3,70,3,4,6,0,0,0,6,4,1,0,3,1,1,2,2,1,0,1,3,0,0,1,0,0,9,1,10
3,2,1,0,9,0,8,0,0,0,0,1,1,2,1,56,9,1598,1,8,1,1,2,435979,292052,23,2,1,3,291,3,444,1,30,1,4,4,4114,0,0,1,1,1,0,0,1,1,1,1,1,56,9,3,0,0,0,0,0,1,1,5
2,2,21,0,18,0,0,0,0,0,0,2,1,1,1,48,8,5861,2,15,1,1,3,345845,389114,5,3,1,5,90,1,62,3,70,0,4,6,0,0,0,1,1,1,0,2,2,1,1,1,1,33,6,3,0,0,0,0,0,9,1,5
3,2,11,0,18,0,2,0,0,0,0,0,1,1,1,45,7,4461,2,8,1,1,2,509789,221508,40,2,1,5,421,6,0,6,30,3,4,6,0,0,0,4,2,2,0,0,1,1,1,1,1,33,6,3,0,0,0,0,0,9,1,5
3,1,9,0,12,0,8,0,0,0,0,2,1,6,1,83,11,1998,2,10,3,5,6,516341,256185,40,6,5,7,420,3,1,3,60,8,4,6,0,0,0,1,1,2,0,0,2,1,1,1,1,33,6,3,0,0,0,0,0,9,1,5
3,1,19,0,18,0,0,0,4,1,6,1,1,1,1,43,7,1598,1,8,1,1,4,438677,473708,12,4,1,3,182,3,168,3,70,0,4,6,0,0,0,5,1,1,0,0,2,1,1,1,1,43,7,3,0,0,0,0,0,19,1,8
3,1,9,0,1,0,1,0,0,0,0,2,1,6,2,77,11,1248,1,2,1,1,1,371916,758130,93,1,1,1,912,6,0,6,20,3,4,6,0,0,0,6,1,1,0,0,1,1,1,3,2,68,10,3,5,9,0,0,0,0,1,5
3,2,9,0,18,0,8,1,0,1,2,1,1,1,1,70,10,1995,2,8,1,2,3,472259,176871,43,3,2,2,472,4,481,6,30,3,4,6,7201,0,0,1,1,1,0,0,1,1,2,1,1,70,10,3,0,0,0,0,0,9,1,8
3,1,9,0,18,0,1,0,0,0,0,1,1,6,1,49,8,1910,2,5,1,1,1,531850,175670,1,1,1,1,9,3,2217,6,30,3,4,6,0,0,0,7,1,1,0,0,1,1,1,3,2,44,7,3,5,1,0,0,2,0,1,1
3,2,9,0,18,0,0,0,0,0,0,4,1,6,2,22,5,1598,2,1,1,2,2,419069,106096,44,2,2,1,496,3,31,3,60,0,4,6,0,0,0,1,1,1,0,0,2,1,1,1,2,22,5,3,0,0,0,0,0,9,1,4
3,2,9,0,8,0,1,0,0,0,0,3,1,6,1,68,10,2993,2,4,1,1,2,501772,208760,41,2,1,1,431,6,63,6,30,3,4,6,63,0,0,1,1,1,0,0,1,1,1,1,1,33,6,3,0,0,0,0,0,9,1,5
3,1,3,0,7,0,8,0,0,0,0,3,1,1,1,25,5,108,1,8,1,1,1,526720,182070,1,1,1,5,1,6,0,6,30,3,4,3,5,0,0,4,1,1,0,0,1,2,1,1,1,25,5,3,0,0,0,0,0,3,1,2
3,1,9,0,18,0,1,0,0,0,0,1,1,1,1,41,7,1598,1,8,3,1,2,562220,145000,46,2,1,7,543,4,2017,6,60,8,4,6,0,0,0,1,2,2,0,0,2,1,1,1,1,33,6,3,0,0,0,0,0,9,1,5
2,1,9,0,17,0,0,0,0,2,7,1,1,6,1,78,11,1199,1,13,1,2,1,390021,202377,53,1,2,1,624,3,419,6,60,0,4,6,0,0,0,1,1,1,0,0,2,1,2,1,1,78,11,2,0,0,0,0,0,9,1,6
3,2,9,0,4,0,1,0,0,0,0,2,1,6,1,34,6,3199,1,12,1,3,3,542030,183770,1,3,3,4,17,4,109,6,30,3,4,6,0,0,0,4,1,1,0,0,1,1,3,2,2,36,7,3,0,0,1,0,0,9,1,5
3,1,9,0,17,0,0,1,0,2,0,1,1,6,1,23,5,1598,1,11,1,1,1,495672,134239,45,1,1,5,517,3,283,6,40,0,4,6,0,0,0,6,1,1,0,0,2,1,1,1,1,23,5,3,0,0,0,0,0,9,1,9
1,1,11,0,18,0,0,0,0,0,0,0,1,1,1,39,7,1598,1,8,2,2,1,370030,303360,22,1,2,5,284,6,0,6,30,0,4,6,0,0,0,1,1,1,0,0,1,1,1,2,1,92,11,1,0,0,0,3,0,11,1,5
3,2,9,0,11,0,0,0,0,0,0,3,1,6,1,78,11,1560,2,2,1,2,2,433490,337040,30,2,2,6,323,3,38,3,40,0,4,6,0,0,0,1,1,1,0,0,2,2,1,1,1,78,11,3,0,0,0,0,0,9,1,10
3,2,3,0,18,0,0,0,0,0,0,3,1,2,1,22,5,125,1,4,1,1,2,413460,295983,20,2,1,2,300,4,4148,6,30,0,4,6,0,0,0,4,1,2,0,0,1,2,1,1,1,22,5,3,0,0,0,0,0,3,1,5
2,2,9,0,17,0,0,0,0,0,0,1,1,6,1,66,10,1388,1,8,1,2,2,415382,443006,13,2,2,3,204,6,0,6,60,0,4,6,0,0,0,1,1,1,0,0,2,1,2,1,1,66,10,2,0,0,0,0,0,9,1,10
3,1,9,0,4,0,0,0,0,0,0,2,1,6,1,18,4,1398,1,8,1,4,2,445280,364770,30,2,4,2,321,1,1,3,70,0,4,6,0,0,0,1,1,1,0,0,2,1,1,2,2,10,2,3,0,0,2,0,0,9,1,2
3,3,19,0,3,0,0,0,0,0,0,4,1,1,1,22,5,1995,2,3,1,2,3,391860,298670,20,3,2,4,309,3,4150,3,40,0,4,6,0,0,0,1,1,1,0,0,1,1,2,1,1,22,5,3,0,0,0,0,0,19,1,2
3,1,9,0,17,0,0,1,0,7,1,1,1,2,1,29,6,1995,1,9,1,1,1,246108,664090,97,1,1,4,935,6,0,6,60,0,4,6,0,0,0,6,2,2,0,0,1,1,1,1,1,29,6,3,0,0,0,0,0,9,1,5
2,1,9,0,16,0,0,0,0,1,4,1,1,6,1,20,4,1598,1,8,1,1,1,463401,518086,17,1,1,4,241,3,173,6,60,0,4,6,0,0,0,6,1,1,0,0,2,1,1,2,1,21,5,2,0,0,1,0,0,9,1,6
3,2,9,0,18,0,8,0,0,0,0,1,1,1,2,54,8,1242,1,2,3,1,2,409293,190654,54,2,1,4,635,4,4553,6,50,3,4,6,0,0,0,1,1,2,0,0,2,1,1,1,1,33,6,3,0,0,0,0,0,9,1,5
3,1,9,0,18,0,0,0,0,0,0,4,1,2,2,78,11,1596,1,11,1,1,1,335868,393826,5,1,1,6,91,3,580,3,30,0,4,6,0,0,0,1,1,1,0,0,1,1,2,3,1,12,3,3,9,9,0,0,0,0,1,1
3,2,9,0,7,0,0,0,0,0,0,2,1,6,2,46,8,1149,1,10,3,2,2,359140,427380,4,2,2,2,73,3,675,6,50,0,4,6,0,0,0,1,1,1,0,0,1,1,1,1,2,46,8,3,0,0,0,0,0,9,3,6
3,2,9,0,18,0,0,0,0,0,0,1,1,5,1,57,9,1598,1,8,3,1,2,385171,340629,21,2,1,1,255,3,519,6,60,0,4,6,0,0,0,6,1,1,0,0,2,2,1,2,2,55,8,3,0,0,1,0,0,9,3,5
3,1,9,0,9,0,5,0,0,0,0,3,1,6,1,46,8,1596,1,11,1,1,2,449511,88878,44,2,1,2,505,4,3323,6,30,3,4,6,0,0,0,1,1,1,0,0,1,1,1,1,1,33,6,3,0,0,0,0,0,9,1,5
3,2,9,0,18,0,8,0,0,0,0,3,1,6,1,55,8,3199,1,13,1,1,2,530630,185820,1,2,1,3,3,3,1,3,40,6,2,3,503,0,5,1,1,1,0,0,1,1,1,1,1,33,6,3,0,0,0,0,0,9,1,5
3,1,9,0,9,0,8,0,0,0,0,1,1,1,1,46,8,1598,1,8,1,1,1,384070,398190,6,1,1,4,102,6,0,6,20,6,4,6,0,0,0,1,1,1,0,0,1,1,1,3,2,43,7,3,5,1,0,0,0,0,1,3
3,3,9,0,2,0,8,0,0,0,0,4,1,6,3,38,7,1997,2,14,1,1,3,530380,189380,1,3,1,4,31,6,0,6,30,8,4,6,0,0,0,4,1,1,0,0,1,1,1,1,1,33,6,3,0,0,0,0,0,9,1,5
3,1,9,0,18,0,1,0,0,0,0,1,1,6,1,57,9,1497,1,11,2,1,2,544610,183110,1,2,1,1,16,3,13,3,50,3,4,5,0,0,0,1,1,1,0,0,1,2,1,2,2,54,8,3,0,0,1,0,0,9,2,5
3,1,9,0,18,0,8,0,0,0,0,1,1,6,1,38,7,1598,1,8,1,1,1,487122,268686,34,1,1,2,386,6,9464,6,30,3,4,6,9443,0,0,1,1,1,0,0,1,2,1,3,2,59,9,3,5,3,0,0,0,0,1,5
3,1,9,0,18,0,0,0,0,0,0,1,1,2,1,45,7,2993,2,8,1,1,2,446653,271592,23,2,1,4,292,4,4429,6,50,0,4,6,0,0,0,1,1,1,0,0,2,2,1,1,1,33,6,3,0,0,0,0,0,9,1,5
3,2,9,0,18,0,8,0,0,0,0,1,1,6,1,38,7,1598,1,8,1,1,2,510280,172520,1,2,1,4,25,6,0,6,30,6,2,3,244,0,5,1,1,1,0,0,1,2,1,1,1,33,6,3,0,0,0,0,0,9,1,5
3,2,9,0,17,0,8,0,0,0,0,3,1,6,1,30,6,1995,2,12,1,1,2,544910,175430,1,2,1,7,18,6,0,6,30,3,4,6,0,0,0,4,1,1,0,0,1,1,1,1,1,33,6,3,0,0,0,0,0,9,1,5
3,1,9,0,9,0,8,0,0,0,0,1,1,6,1,36,7,2987,2,8,1,1,2,526790,179660,1,2,1,1,1,3,315,6,30,3,2,5,0,0,5,1,1,1,0,0,1,1,1,1,1,33,6,3,0,0,0,0,0,9,1,5
3,2,9,0,2,0,1,0,0,0,0,2,1,6,3,38,7,1242,1,8,1,1,3,568366,194800,42,3,1,1,450,6,0,6,30,3,4,6,0,0,0,1,2,2,0,0,1,1,1,1,1,33,6,3,0,0,0,0,0,9,1,5
2,1,19,0,14,0,1,0,0,0,0,4,1,1,1,38,7,1598,1,8,1,1,1,532030,182930,1,1,1,4,3,3,501,6,30,3,4,6,0,0,1,4,1,1,0,0,1,1,1,3,1,80,11,2,4,2,0,0,2,0,1,5
3,1,9,0,18,0,6,0,0,0,0,1,1,6,2,18,4,1398,2,1,1,4,2,445629,306317,33,2,4,1,361,5,5105,6,60,3,4,5,5104,0,0,6,1,1,0,0,2,1,3,2,2,15,3,3,0,0,1,0,0,9,1,7
2,1,4,0,18,6,0,0,0,1,9,3,1,6,1,40,7,125,1,9,2,1,2,548320,243810,35,2,1,7,395,1,11,3,70,0,4,6,0,0,0,1,1,1,0,0,2,1,1,1,1,40,7,2,0,0,0,0,0,4,2,10
3,3,9,0,4,0,8,0,0,0,0,1,1,6,2,69,10,2496,1,7,1,3,3,532380,166940,1,3,3,1,20,3,213,6,30,3,4,6,0,0,1,1,1,1,0,0,1,1,1,1,1,33,6,3,0,0,0,0,0,9,1,5
3,1,9,0,7,0,8,0,0,0,0,4,1,6,2,41,7,1242,1,13,1,2,2,433790,281620,20,2,2,7,302,4,4118,6,30,3,4,6,0,0,0,1,1,1,0,0,1,1,1,2,2,22,5,3,0,0,2,0,0,9,1,1
3,2,1,0,18,0,8,0,0,0,0,1,1,6,2,36,7,1598,1,8,1,1,2,429044,515068,11,2,1,5,161,3,167,6,30,3,4,6,0,0,0,4,1,1,0,0,1,2,1,1,2,36,7,3,0,0,0,0,0,1,1,7
3,3,21,0,18,0,5,0,0,0,0,3,1,6,1,25,5,11946,2,7,1,1,4,375860,401760,6,4,1,6,107,1,61,3,70,5,4,3,580,0,0,1,1,1,0,0,2,1,1,1,1,33,6,3,0,0,0,0,0,9,1,5
3,2,9,0,7,0,3,1,0,0,0,4,1,6,1,20,4,1598,1,8,1,1,2,337933,162510,52,2,1,6,605,3,370,1,40,1,2,1,5,0,0,4,1,1,0,0,2,2,1,1,1,33,6,3,0,0,0,0,0,9,1,5
3,1,9,0,9,0,6,0,0,0,0,1,1,6,2,51,8,1598,1,8,1,5,2,429146,431791,13,2,5,3,204,6,0,6,30,3,4,1,621,0,0,1,1,1,0,0,1,1,1,1,2,51,8,3,0,0,0,0,0,9,1,5
3,2,9,0,18,0,0,0,0,0,0,2,1,2,1,30,6,1598,1,8,1,1,3,397098,303178,21,3,1,6,254,1,6,3,70,0,4,6,0,0,0,1,1,1,0,0,2,1,1,1,1,30,6,3,0,0,0,0,0,9,1,3
3,1,9,0,3,0,0,0,0,0,0,2,1,6,2,37,7,2204,2,10,1,1,2,435897,121319,44,2,1,6,501,6,0,6,30,0,4,6,0,0,0,1,1,1,0,0,1,2,1,1,2,37,7,3,0,0,0,0,0,9,1,7
3,3,9,0,2,0,0,0,0,0,0,2,1,6,2,38,7,1896,2,9,1,1,3,377560,245940,22,3,1,5,273,4,4211,6,30,0,4,6,0,0,0,1,1,1,0,0,1,1,1,1,1,33,6,3,0,0,0,0,0,9,1,5
3,1,9,0,7,0,1,0,10,4,2,1,1,6,2,25,5,1598,1,3,1,2,1,505920,183810,1,1,2,6,26,3,4020,3,40,1,4,3,4020,0,7,4,3,2,0,0,1,1,2,2,2,29,6,3,0,0,1,0,0,9,1,4
2,2,3,0,18,0,8,0,0,0,0,3,1,6,1,20,4,124,1,10,1,1,2,363007,174497,52,2,1,6,601,4,4465,6,30,3,4,6,0,0,8,4,1,1,0,0,1,1,1,1,1,20,4,2,0,0,0,0,0,3,1,5
3,2,9,0,4,0,1,0,0,0,0,2,1,6,1,33,6,1598,1,8,1,1,2,258029,665225,97,2,1,7,926,1,8,3,50,5,4,3,804,0,0,1,1,1,0,0,1,2,1,1,1,33,6,3,0,0,0,0,0,9,1,5
3,1,9,0,9,0,5,0,0,0,0,1,1,6,1,62,9,1299,1,13,1,1,3,516361,163454,45,3,1,6,510,6,6837,6,30,3,4,6,0,0,0,1,1,1,0,0,1,1,1,1,1,33,6,3,0,0,0,0,0,9,1,5
3,5,9,0,4,0,2,0,0,0,0,2,1,6,1,48,8,2143,2,1,3,2,6,389022,330820,21,6,2,7,255,1,6,3,70,5,4,1,6,0,0,1,1,2,0,0,2,1,1,1,1,33,6,3,0,0,0,0,0,9,1,5
3,1,21,1,9,0,8,0,0,0,0,3,1,1,1,49,8,12600,2,16,2,1,2,490112,412190,16,2,1,3,232,3,1029,1,30,2,4,6,0,0,0,1,1,1,0,0,2,1,1,1,1,33,6,3,0,0,0,0,0,9,1,5
3,3,9,0,3,0,1,0,0,0,0,4,1,6,1,73,10,1598,1,8,1,1,4,210600,206640,63,4,1,3,752,3,477,6,60,3,4,6,0,0,0,1,1,1,0,0,2,1,1,1,1,33,6,3,0,0,0,0,0,9,1,5
3,1,9,0,18,0,0,0,0,0,0,1,1,6,3,38,7,999,1,3,1,3,2,332820,442440,4,2,3,5,85,3,585,6,40,0,4,6,0,0,0,1,1,1,0,0,2,1,1,1,1,33,6,3,0,0,0,0,0,9,1,5
3,1,9,0,16,0,0,0,0,1,10,4,1,6,1,66,10,1598,1,8,1,1,1,630760,167060,46,1,1,1,541,6,0,6,30,0,4,6,0,0,0,1,1,1,0,0,2,1,1,1,1,66,10,3,0,0,0,0,0,9,1,5
2,2,10,0,5,0,8,0,0,0,0,4,1,6,1,57,9,1598,1,8,2,4,4,400299,105704,55,4,4,3,647,4,3078,6,60,6,4,5,4,0,0,6,5,2,0,0,2,1,2,1,1,57,9,3,0,0,0,0,0,10,1,5
3,1,9,0,18,0,5,1,0,0,0,1,1,2,1,19,4,1598,1,8,1,1,3,489561,240613,43,3,1,5,479,1,1,3,70,5,4,1,1,0,0,1,1,1,0,0,2,1,1,1,1,19,4,3,0,0,0,0,0,9,1,7
3,2,1,0,18,0,2,0,0,0,0,1,1,6,1,12,3,1598,1,8,1,1,2,466377,101443,44,2,1,6,498,6,0,6,30,3,4,6,0,0,0,1,1,1,0,0,1,1,1,1,1,12,3,3,0,0,0,0,0,1,1,5
3,2,9,0,3,0,1,0,0,0,0,3,1,6,1,85,11,1332,1,8,1,1,3,415815,92988,55,3,1,6,641,3,35,1,30,1,4,3,35,0,0,1,1,1,0,0,1,1,1,1,1,33,6,3,0,0,0,0,0,9,1,5
3,3,9,0,17,0,1,0,0,0,0,1,1,6,1,27,6,1995,2,8,1,3,4,391281,342671,21,4,3,2,257,6,0,6,30,9,4,5,0,0,0,1,2,2,0,0,1,2,1,1,1,33,6,3,0,0,0,0,0,9,1,5
3,2,19,0,9,0,8,0,0,0,0,4,1,1,1,37,7,2198,2,8,1,1,2,535360,188430,1,2,1,6,13,6,0,6,30,3,4,6,0,0,0,1,1,1,0,0,2,1,1,1,1,33,6,3,0,0,0,0,0,9,1,5
3,2,9,0,3,0,1,0,0,0,0,3,1,6,1,54,8,1598,1,8,1,2,2,334334,350334,60,2,2,6,725,6,0,6,30,9,4,6,0,0,0,1,1,1,0,0,1,2,1,1,1,54,8,3,0,0,0,0,0,9,1,5
3,2,9,0,18,0,0,0,0,0,0,2,1,6,1,39,7,1910,2,9,1,1,2,335273,398343,5,2,1,7,93,3,5036,3,40,0,4,6,0,0,0,1,1,1,0,0,1,1,1,2,2,35,6,3,0,0,1,0,0,9,1,1
3,2,9,0,18,0,2,0,0,0,0,2,1,1,1,45,7,1598,1,8,2,2,2,315885,180538,62,2,2,3,741,6,0,6,30,3,4,6,0,0,0,4,1,1,0,0,1,1,2,1,1,45,7,3,0,0,0,0,0,9,2,5
2,3,9,0,2,6,0,0,0,0,0,2,2,6,1,21,5,1598,1,8,1,2,3,371740,405070,6,3,2,7,100,1,61,3,70,0,4,6,0,0,0,1,1,1,0,0,1,1,1,1,1,33,6,3,0,0,0,0,0,9,1,5
2,1,9,0,13,0,0,1,0,0,0,1,1,2,1,35,6,1339,1,11,1,1,2,377550,384745,7,2,1,3,129,6,0,6,60,0,4,6,0,0,0,1,1,1,0,0,2,1,1,1,1,33,6,3,0,0,0,0,0,9,1,5
3,2,9,0,4,0,2,0,0,0,0,2,1,6,1,42,7,1368,1,2,1,2,2,386404,343336,21,2,2,5,257,3,34,3,30,3,4,6,0,0,0,1,4,2,0,0,1,2,2,2,2,40,7,3,0,0,1,0,0,9,1,5
3,1,9,0,18,0,2,0,0,0,0,1,1,6,1,22,5,5439,1,12,1,2,4,411850,279380,20,4,2,1,306,3,34,3,30,9,4,6,0,0,0,4,1,1,0,0,1,1,1,1,1,22,5,3,0,0,0,0,0,9,1,9
3,1,8,0,18,0,0,0,0,0,0,1,1,1,1,66,10,2664,2,14,1,1,1,259908,664780,97,1,1,7,926,3,89,6,30,0,4,6,0,0,0,4,5,2,0,0,1,1,1,3,1,19,4,3,5,2,0,0,0,0,1,5
3,1,21,0,11,0,0,0,0,0,0,4,1,1,1,27,6,7146,2,5,3,2,2,418531,293112,23,2,2,4,290,1,42,3,70,0,4,6,0,0,0,1,1,1,0,0,2,1,1,1,1,33,6,3,0,0,0,0,0,9,1,5
3,2,9,0,7,0,8,0,0,0,0,4,1,6,1,38,7,1598,1,8,1,1,2,530430,177030,1,2,1,4,9,3,203,6,30,6,2,6,0,0,5,4,1,1,0,0,1,1,1,1,1,33,6,3,0,0,0,0,0,9,1,5
3,1,9,0,18,0,8,0,0,0,0,1,1,6,2,63,9,2993,2,3,1,1,2,552930,192400,1,2,1,5,15,5,0,3,30,3,2,5,0,0,5,1,2,2,0,0,1,1,1,1,2,63,9,3,0,0,0,0,0,9,1,10
3,3,9,0,18,0,8,0,0,0,0,1,1,6,1,45,7,1995,2,5,1,1,3,445870,342380,30,3,1,6,324,6,0,6,30,6,4,6,0,0,0,4,2,2,0,0,1,1,1,2,2,49,8,3,0,0,1,0,0,9,1,4
3,2,9,0,18,0,1,0,0,0,0,1,1,6,1,54,8,1798,2,5,1,2,3,379520,394130,6,3,2,7,112,3,56,3,40,3,4,6,0,0,0,4,1,1,0,0,1,1,2,2,1,79,11,3,0,0,1,0,0,9,1,3
3,1,4,0,18,0,8,0,0,0,0,1,1,6,1,54,8,278,1,4,1,1,2,528080,181440,1,2,1,6,1,3,41,6,30,6,2,5,0,0,5,1,1,1,0,0,1,1,1,1,1,54,8,3,0,0,0,0,0,4,1,5
3,1,17,4,7,0,5,0,0,0,0,3,1,1,1,51,8,6788,2,8,3,1,2,639577,259303,37,2,1,1,414,3,1094,6,60,3,4,6,0,0,0,1,1,1,0,0,2,1,1,1,1,33,6,3,0,0,0,0,0,9,1,5
2,1,9,0,16,0,0,0,0,7,4,1,1,6,1,74,10,1598,1,8,3,1,1,350280,537320,3,1,1,1,64,4,6413,6,60,0,4,6,0,0,0,1,1,1,0,0,2,1,1,1,1,74,10,2,0,0,0,0,0,9,3,7
3,1,9,0,11,0,0,0,0,4,6,1,1,6,2,25,5,1587,1,14,1,1,1,536781,218404,41,1,1,2,432,3,10,3,70,0,4,6,0,0,0,1,1,1,0,0,2,1,1,1,2,25,5,3,0,0,0,0,0,9,1,10
3,2,9,0,7,0,8,0,0,0,0,2,1,6,1,38,7,1598,1,8,1,1,2,530270,183830,1,2,1,2,2,3,5200,6,30,3,4,6,0,0,0,1,1,1,0,0,1,1,1,1,1,33,6,3,0,0,0,0,0,9,1,5
3,2,9,0,18,0,0,1,0,0,0,1,1,6,1,54,8,2993,2,1,3,1,8,451630,412339,14,8,1,6,211,3,1,3,70,0,4,6,0,0,0,1,1,1,0,0,2,1,1,1,1,33,6,3,0,0,0,0,0,9,1,5
2,2,9,0,3,0,0,0,0,0,0,2,1,6,2,54,8,1596,1,10,1,1,2,394557,308483,21,2,1,2,254,1,6,3,70,0,4,6,0,0,0,1,2,2,4,0,2,2,1,2,2,25,5,2,0,0,1,0,0,9,1,4