accident_severity,vehicle_reference,vehicle_type,towing_and_articulation,vehicle_manoeuvre,vehicle_location-restricted_lane,junction_location,skidding_and_overturning,hit_object_in_carriageway,vehicle_leaving_carriageway,hit_object_off_carriageway,1st_point_of_impact,was_vehicle_left_hand_drive?,journey_purpose_of_driver,sex_of_driver,age_of_driver,age_band_of_driver,engine_capacity_(cc),propulsion_code,age_of_vehicle,driver_home_area_type,NUmber_of_Casualities_unique_to_accident_index,No_of_Vehicles_involved_unique_to_accident_index,location_easting_osgr,location_northing_osgr,police_force,number_of_vehicles,number_of_casualties,day_of_week,local_authority_(district),1st_road_class,1st_road_number,road_type,speed_limit,junction_detail,junction_control,2nd_road_class,2nd_road_number,pedestrian_crossing-human_control,pedestrian_crossing-physical_facilities,light_conditions,weather_conditions,road_surface_conditions,special_conditions_at_site,carriageway_hazards,urban_or_rural_area,did_police_officer_attend_scene_of_accident,casualty_reference,casualty_class,sex_of_casualty,age_of_casualty,age_band_of_casualty,casualty_severity,pedestrian_location,pedestrian_movement,car_passenger,bus_or_coach_passenger,pedestrian_road_maintenance_worker,casualty_type,casualty_home_area_type,casualty_imd_decile
3,1,11,0,18,0,0,0,0,0,0,0,1,1,1,27,6,6871,2,6,1,4,1,451197,519389,17,1,4,3,243,6,0,6,30,0,4,6,0,0,0,1,1,1,0,0,1,2,2,2,2,30,6,3,0,0,0,4,0,11,1,1
3,1,11,0,18,0,0,0,0,0,0,1,1,6,1,60,9,7300,2,9,1,3,1,259910,664788,97,1,3,3,926,3,89,6,30,0,4,6,0,0,0,1,2,2,0,0,1,1,2,2,2,48,8,3,0,0,0,4,0,11,1,5
2,1,9,0,7,0,1,0,0,0,0,4,1,6,2,44,7,1560,2,8,1,1,2,414066,429233,13,2,1,6,200,3,6036,6,30,3,4,6,0,0,0,1,1,1,0,0,1,1,1,1,1,33,6,3,0,0,0,0,0,9,1,5
3,1,8,0,7,0,1,0,0,0,0,1,1,6,3,38,7,1598,1,8,1,1,2,344203,391323,5,2,1,5,90,6,0,6,30,9,4,6,0,0,0,1,1,1,0,0,1,2,1,1,1,33,6,3,0,0,0,0,0,9,1,5
3,1,9,0,4,0,0,0,0,0,0,1,1,6,1,46,8,1598,1,14,1,2,2,284493,650957,97,2,2,7,938,3,73,6,30,0,4,6,0,0,0,1,1,1,0,0,1,1,2,2,2,45,7,3,0,0,1,0,0,9,1,5
3,3,9,0,18,0,1,0,0,0,0,0,1,6,1,40,7,1598,1,8,1,1,3,401786,90965,55,3,1,5,643,6,0,6,30,1,4,6,0,0,0,1,1,1,0,0,1,2,1,1,1,33,6,3,0,0,0,0,0,9,1,5
3,1,9,0,7,0,1,0,0,0,0,1,1,6,2,38,7,1388,1,8,1,1,1,414650,277620,20,1,1,2,306,6,0,6,30,3,4,6,0,0,0,4,2,2,0,0,1,2,1,3,2,68,10,3,5,1,0,0,0,0,1,10
3,2,19,0,4,0,0,0,0,0,0,2,1,6,2,25,5,2494,2,7,3,1,3,450578,414546,13,3,1,5,206,3,1,3,70,0,4,6,0,0,0,1,1,1,0,0,2,1,1,1,2,25,5,3,0,0,0,0,0,19,3,5
3,1,9,0,3,0,0,0,0,0,0,2,1,1,1,39,7,1422,2,11,1,1,2,394190,288950,20,2,1,6,303,6,0,6,30,0,4,6,0,0,0,1,1,1,0,0,1,2,1,1,1,39,7,3,0,0,0,0,0,9,1,7
3,1,9,0,18,0,0,1,0,8,4,1,1,6,1,59,9,1598,1,8,3,1,1,490124,110500,47,1,1,5,559,6,0,6,60,0,4,6,0,0,0,1,1,4,0,0,2,1,1,1,1,59,9,3,0,0,0,0,0,9,3,6
3,1,9,0,2,0,2,0,0,0,0,1,1,6,2,48,8,1560,2,8,1,2,2,520170,190580,1,2,2,1,30,5,0,6,30,3,4,6,0,0,4,1,1,1,0,0,1,2,2,2,2,41,7,3,0,0,1,0,0,9,1,2
3,1,9,0,18,0,0,0,0,0,0,1,1,6,2,24,5,1598,1,10,1,3,2,350900,239930,22,2,3,3,285,6,0,6,20,0,4,6,0,0,0,1,1,1,0,0,1,1,1,1,2,24,5,3,0,0,0,0,0,9,1,2
2,1,9,0,18,0,0,0,0,1,10,1,1,2,1,20,4,1248,2,7,1,2,2,359480,401210,6,2,2,3,114,3,58,6,30,0,4,6,0,0,0,1,2,2,0,0,2,1,2,2,2,38,7,3,0,0,1,0,0,9,1,5
3,1,9,0,17,0,0,0,0,0,0,1,1,6,1,57,9,1560,2,4,1,3,2,498318,235156,40,2,3,3,424,6,101,6,60,0,4,6,0,0,0,1,2,2,0,0,2,1,3,2,1,50,8,3,0,0,1,0,0,9,1,3
3,1,9,0,18,0,0,0,4,0,0,1,1,6,1,45,7,1587,1,14,1,1,3,262138,661623,97,3,1,4,938,4,768,6,30,0,4,6,0,0,0,1,1,1,0,0,1,1,1,1,1,45,7,3,0,0,0,0,0,9,1,5
2,2,1,0,18,0,1,0,0,0,0,1,1,2,1,52,8,1598,1,8,1,1,2,458386,451843,12,2,1,6,189,3,59,6,30,3,4,6,2810,0,0,4,1,2,0,0,1,1,1,1,1,52,8,2,0,0,0,0,0,1,1,6
3,1,9,0,18,0,0,0,10,0,0,3,2,6,2,38,7,1598,1,13,1,3,2,404000,247110,22,2,3,7,277,4,4088,6,60,0,4,6,0,0,0,1,1,1,0,0,2,2,1,1,2,38,7,3,0,0,0,0,0,9,1,7
3,2,9,0,3,0,0,0,0,0,0,2,1,2,2,41,7,1598,1,8,1,1,2,327641,201604,61,2,1,5,734,3,4042,6,30,0,4,6,0,0,0,1,1,1,0,0,1,1,1,1,2,41,7,3,0,0,0,0,0,9,1,5
3,2,9,0,18,0,0,0,0,0,0,1,1,6,1,34,6,1598,1,8,2,1,2,383333,351844,21,2,1,1,253,5,364,6,30,0,4,6,0,0,0,1,1,2,0,0,2,1,1,1,1,33,6,3,0,0,0,0,0,9,1,5
3,1,9,0,9,0,6,0,0,0,0,3,1,1,2,39,7,1598,1,8,1,2,2,410320,288470,20,2,2,2,300,4,4516,6,30,3,4,6,0,0,0,1,1,2,0,0,1,1,1,1,2,39,7,3,0,0,0,0,0,9,1,7
3,1,9,0,18,0,0,1,0,7,11,2,1,6,1,20,4,3498,1,7,1,2,1,239563,682095,97,1,2,7,916,6,0,6,30,0,4,6,0,0,0,5,1,2,0,0,1,1,2,1,1,20,4,3,0,0,0,0,0,9,1,5
3,2,9,0,18,0,8,0,0,0,0,4,1,6,1,41,7,2184,2,10,1,3,2,383930,395400,6,2,3,7,102,6,0,6,20,6,4,6,0,0,0,1,1,1,0,0,1,1,2,2,2,30,6,3,0,0,1,0,0,9,1,1
3,1,9,0,6,0,0,0,0,0,0,4,1,6,1,61,9,1598,1,8,1,3,2,368930,313070,22,2,3,4,284,3,518,6,50,0,4,6,0,0,0,4,1,1,0,0,1,1,1,1,1,61,9,3,0,0,0,0,0,9,1,5
3,1,9,0,18,0,8,0,0,0,0,4,1,2,1,27,6,1598,1,8,1,1,2,512350,179060,1,2,1,4,27,5,0,6,30,8,4,6,0,0,0,1,1,1,0,0,1,2,1,1,1,27,6,3,0,0,0,0,0,9,1,3
3,1,9,0,4,0,1,0,0,0,0,1,1,2,1,28,6,1598,1,8,1,1,3,515080,105096,47,3,1,6,564,6,0,6,30,3,4,3,27,0,0,1,1,1,0,0,1,2,1,1,1,33,6,3,0,0,0,0,0,9,1,5
2,1,9,0,5,0,6,0,0,0,0,2,1,6,2,22,5,1360,1,12,1,1,2,503422,169884,45,2,1,4,514,3,320,6,30,8,4,6,0,0,0,1,1,1,0,0,1,1,1,1,1,33,6,3,0,0,0,0,0,9,1,5
3,2,11,0,18,0,8,1,0,0,0,1,1,1,1,37,7,1598,2,15,1,2,2,505038,223232,40,2,2,3,421,6,0,6,20,3,4,6,0,0,0,1,1,1,0,0,1,1,2,2,2,55,8,3,0,0,0,4,0,11,1,3
3,5,9,0,2,0,0,0,0,0,0,1,1,6,3,38,7,1598,1,8,1,2,5,332340,433250,4,5,2,1,71,4,5261,6,30,0,4,6,0,0,0,4,1,1,0,0,1,1,1,1,1,33,6,3,0,0,0,0,0,9,1,5
3,2,5,0,18,0,8,0,0,0,0,1,1,6,1,38,7,1598,1,8,1,1,2,387410,338264,21,2,1,3,255,3,34,3,40,8,4,6,0,0,0,1,2,2,0,0,2,1,1,1,1,33,6,3,0,0,0,0,0,5,1,9
3,1,9,0,18,0,8,0,0,0,0,1,1,6,1,42,7,1497,8,7,1,1,2,538170,171370,1,2,1,3,7,3,2015,6,30,6,4,6,0,0,0,1,1,1,0,0,1,1,1,1,1,33,6,3,0,0,0,0,0,9,1,5
3,1,9,0,9,0,4,0,0,0,0,1,1,6,2,34,6,1794,1,8,2,1,2,578762,202635,42,2,1,3,454,4,1418,1,30,1,4,6,0,0,0,1,1,1,0,0,2,1,1,1,1,33,6,3,0,0,0,0,0,9,1,5
3,1,9,0,18,0,2,0,0,0,0,3,1,6,2,74,10,1598,1,8,1,1,1,446445,517188,17,1,1,5,245,6,0,6,30,3,4,6,0,0,8,1,1,1,0,0,1,1,1,3,1,30,6,3,5,3,0,0,0,0,1,7
3,1,9,0,10,0,5,0,0,0,0,1,1,6,1,19,4,1598,1,8,3,1,2,353549,193902,61,2,1,1,732,3,48,6,30,7,2,6,0,0,0,1,1,1,0,0,1,1,1,1,1,33,6,3,0,0,0,0,0,9,1,5
3,2,9,0,3,0,1,0,0,0,0,2,1,6,1,27,6,1598,1,9,1,2,2,235507,619317,97,2,2,5,937,3,77,6,60,1,4,3,77,0,0,1,1,1,0,0,2,1,1,1,1,27,6,3,0,0,0,0,0,9,1,5
3,2,9,0,2,0,8,0,0,0,0,3,1,6,1,34,6,1229,1,5,1,1,2,527900,170430,1,2,1,4,22,3,217,6,30,3,4,6,0,0,0,4,1,2,0,0,1,1,1,1,1,33,6,3,0,0,0,0,0,9,1,5
3,1,9,0,2,0,0,0,0,0,0,3,1,3,2,57,9,1388,1,5,2,1,1,492616,418645,16,1,1,4,232,4,1430,6,30,0,4,6,0,0,0,1,1,1,0,0,2,2,1,3,2,2,1,3,6,7,0,0,0,0,2,2
2,1,4,0,18,0,8,0,0,0,0,1,1,2,1,20,4,1598,1,8,3,2,2,501930,367490,32,2,2,6,353,4,1188,6,30,3,4,6,0,0,0,1,1,1,0,0,2,1,1,1,1,20,4,2,0,0,0,0,0,4,3,5
3,1,9,0,18,0,1,1,0,0,0,3,1,6,2,37,7,1248,2,6,1,2,2,388630,284120,20,2,2,5,303,4,4186,6,30,3,4,6,0,0,0,1,1,1,0,0,1,1,1,1,2,37,7,3,0,0,0,0,0,9,1,6
2,3,9,0,2,6,0,0,0,0,0,3,1,6,1,44,7,1598,1,13,1,1,4,447834,386179,14,4,1,7,213,1,1,3,70,0,4,6,0,0,0,1,1,1,2,0,2,1,1,1,1,33,6,3,0,0,0,0,0,9,1,5
3,2,9,0,9,0,5,0,0,0,0,0,1,6,1,49,8,1398,2,11,1,2,3,479436,352856,31,3,2,7,345,6,0,6,30,3,4,6,0,0,0,1,1,1,0,0,1,1,1,1,1,33,6,3,0,0,0,0,0,9,1,5
3,2,9,0,18,0,1,0,0,0,0,1,1,6,2,39,7,1598,1,8,3,1,2,275460,301030,63,2,1,1,753,6,0,6,30,3,4,6,0,0,0,1,1,2,0,0,2,1,1,1,2,39,7,3,0,0,0,0,0,9,3,5
3,3,19,0,3,0,0,0,0,0,0,2,1,2,2,58,9,1598,1,8,1,1,3,352310,311600,22,3,1,3,286,3,5,3,50,0,4,6,0,0,0,1,1,1,0,0,2,1,1,1,1,33,6,3,0,0,0,0,0,9,1,5
3,2,20,0,18,0,0,0,0,0,0,3,1,1,1,56,9,5880,2,9,1,1,2,465949,377323,31,2,1,6,341,3,1,3,70,0,4,6,0,0,0,6,4,1,0,0,2,1,1,1,1,33,6,3,0,0,0,0,0,9,1,5
3,2,9,0,4,0,0,0,0,0,0,2,1,2,2,56,9,1598,1,8,1,1,3,490548,190197,43,3,1,2,480,1,40,7,70,0,4,6,0,0,0,1,1,1,0,0,1,1,1,1,1,33,6,3,0,0,0,0,0,9,1,5
3,2,9,0,2,0,2,0,0,0,0,4,1,1,1,48,8,1968,2,5,1,2,3,452058,342037,31,3,2,7,346,4,6004,6,30,3,4,6,0,0,0,1,1,1,0,0,1,1,1,1,1,33,6,3,0,0,0,0,0,9,1,5
3,1,19,0,18,0,8,0,0,7,4,1,1,2,1,35,6,1870,2,9,1,1,2,484417,274368,34,2,1,4,383,5,6,6,60,6,4,5,96,0,0,1,1,1,0,0,2,1,1,2,1,29,6,3,0,0,1,0,0,19,3,10
3,1,9,0,16,0,0,0,0,0,0,1,1,6,2,63,9,1598,1,8,1,2,2,454181,149830,44,2,2,2,490,4,3400,6,50,0,4,6,0,0,0,1,1,1,0,0,2,1,1,1,2,63,9,3,0,0,0,0,0,9,1,5
3,1,9,0,9,0,8,0,0,0,0,1,1,6,1,21,5,1390,1,9,1,1,2,406820,285490,20,2,1,5,300,3,38,3,30,6,2,3,4540,0,5,5,1,1,0,0,1,1,1,1,1,33,6,3,0,0,0,0,0,9,1,5
3,1,9,0,12,0,0,1,0,5,6,1,1,2,2,27,6,1398,1,8,1,2,2,510883,202950,41,2,2,4,434,1,25,3,70,0,4,6,0,0,0,1,1,1,0,0,2,1,2,1,2,27,6,3,0,0,0,0,0,9,1,3
3,3,9,0,2,0,1,0,0,0,0,2,1,6,2,21,5,1149,1,14,1,1,3,448561,426017,12,3,1,4,187,3,162,6,30,3,4,6,0,0,0,1,1,1,0,0,2,1,1,1,2,21,5,3,0,0,0,0,0,9,1,1
1,1,9,0,16,0,0,1,0,1,4,3,1,6,1,19,4,1596,1,13,2,2,1,448780,303275,33,1,2,7,361,4,582,6,40,0,4,6,0,0,0,6,2,2,0,0,2,1,2,2,1,19,4,2,0,0,1,0,0,9,2,10
2,1,9,0,18,0,1,0,0,7,10,1,1,6,1,19,4,1598,1,8,2,2,1,182500,231710,63,1,2,1,752,6,0,6,60,8,4,6,0,0,0,4,2,2,0,0,2,1,1,2,2,16,4,2,0,0,1,0,0,9,1,5
3,1,9,0,9,0,6,0,0,0,0,1,1,6,1,28,6,1997,1,12,2,4,2,434702,387408,14,2,4,7,215,4,6539,6,30,3,4,6,0,0,4,4,9,1,0,0,1,1,1,1,1,28,6,3,0,0,0,0,0,9,2,5
1,1,9,0,18,0,0,2,0,1,7,1,1,6,2,39,7,1896,2,12,1,3,1,450510,298010,33,1,3,7,360,1,69,3,70,0,4,6,0,0,0,1,1,1,0,0,2,1,2,2,2,8,2,2,0,0,2,0,0,9,1,5
3,1,9,0,9,0,8,0,0,0,0,3,1,2,1,67,10,2597,1,13,1,1,2,517480,169350,1,2,1,7,24,3,308,6,30,3,4,4,359,0,0,1,1,1,0,0,1,1,1,1,1,33,6,3,0,0,0,0,0,9,1,5
3,1,5,0,5,0,0,0,0,0,0,4,1,6,1,22,5,998,1,7,1,1,1,506500,179270,1,1,1,6,26,5,0,6,30,0,4,6,0,0,0,1,1,1,0,0,1,1,1,1,1,22,5,3,0,0,0,0,0,5,1,5
3,1,21,1,18,0,8,5,0,1,0,4,1,1,1,36,7,11946,2,6,2,1,1,613413,247635,37,1,1,3,412,3,1156,1,30,1,4,3,14,0,0,5,1,1,0,0,2,1,1,1,1,36,7,3,0,0,0,0,0,21,2,10
3,1,19,0,9,0,8,0,0,0,0,1,1,6,1,26,6,1995,2,3,1,1,2,394050,409380,6,2,1,6,104,3,663,6,30,6,2,5,0,0,5,4,1,1,0,0,1,1,1,1,1,33,6,3,0,0,0,0,0,9,1,5
3,1,9,0,2,0,0,0,0,0,0,3,1,6,2,34,6,1598,1,8,1,1,2,273560,198622,62,2,1,2,743,6,0,6,30,0,4,6,0,0,0,1,1,4,0,0,2,1,1,1,2,34,6,3,0,0,0,0,0,9,1,5
3,1,9,0,18,0,0,1,0,0,0,1,1,6,1,41,7,1598,1,8,3,1,2,300873,187167,62,2,1,5,744,6,0,6,30,0,4,6,0,0,0,4,1,1,0,0,2,1,1,1,1,33,6,3,0,0,0,0,0,9,1,5
3,1,9,0,16,0,0,1,0,1,2,3,1,6,1,25,5,1796,1,12,1,1,1,434380,333940,30,1,1,1,323,3,5111,3,40,0,4,6,0,0,0,1,2,2,0,0,1,1,1,1,1,25,5,3,0,0,0,0,0,9,1,5
3,2,9,0,4,0,6,0,0,0,0,2,1,6,2,38,7,1598,2,1,1,2,2,636410,168230,46,2,2,1,541,6,4120,6,30,3,3,6,0,0,0,1,1,1,4,0,1,2,2,2,1,46,8,3,0,0,1,0,0,9,1,6
3,1,9,0,18,0,0,2,0,1,7,4,1,1,1,23,5,1199,1,12,1,2,2,442337,290150,23,2,2,5,292,1,69,3,70,0,4,6,0,0,0,1,1,1,0,0,2,1,1,1,1,23,5,3,0,0,0,0,0,9,1,7
3,1,9,0,18,0,0,0,0,0,0,1,1,2,1,39,7,1560,2,9,1,3,3,408148,180163,54,3,3,2,635,5,415,6,60,0,4,6,0,0,0,1,1,2,0,0,2,1,1,1,1,39,7,3,0,0,0,0,0,9,1,5
3,1,9,0,9,0,8,0,0,0,0,1,1,6,1,38,7,1598,1,8,1,1,2,652735,306572,36,2,1,4,402,5,629,6,30,6,2,5,609,0,0,1,1,1,0,0,1,2,1,1,1,33,6,3,0,0,0,0,0,9,1,5
3,2,9,0,18,0,0,0,0,0,0,2,1,6,2,44,7,1332,1,16,1,1,2,447502,391751,14,2,1,4,213,3,631,3,40,0,4,6,0,0,0,1,1,1,0,0,1,1,1,1,2,44,7,3,0,0,0,0,0,9,1,8
3,1,9,0,3,0,0,0,0,0,0,2,1,6,1,47,8,2143,2,4,1,2,2,544330,186360,1,2,2,1,14,6,0,6,30,0,4,6,0,0,0,4,1,1,0,0,1,1,1,1,1,47,8,3,0,0,0,0,0,9,1,3
3,3,9,0,2,0,1,0,0,0,0,4,1,6,1,53,8,1461,2,8,1,2,3,427904,266320,23,3,2,7,294,6,0,6,30,3,4,6,0,0,0,1,1,1,0,0,1,1,1,1,1,33,6,3,0,0,0,0,0,9,1,5
3,1,9,0,18,0,0,0,0,0,0,1,1,6,1,63,9,1560,2,8,1,4,3,525362,410681,16,3,4,6,233,3,180,3,50,0,4,6,0,0,0,1,1,1,0,0,1,1,1,1,1,63,9,3,0,0,0,0,0,9,1,1
2,1,9,0,18,0,8,0,0,0,0,4,1,2,1,53,8,1596,1,11,1,1,2,444046,111118,44,2,1,4,500,3,3025,6,30,1,4,6,0,0,0,4,1,4,0,0,1,1,1,1,1,33,6,3,0,0,0,0,0,9,1,5
3,2,9,0,9,0,8,0,0,0,0,1,1,6,1,40,7,1598,1,5,1,1,2,455789,302567,33,2,1,1,360,5,4109,1,30,2,4,6,1643,0,0,4,8,4,0,0,1,1,1,1,1,33,6,3,0,0,0,0,0,9,1,5
3,1,9,0,4,0,2,1,0,0,0,3,1,1,1,29,6,1461,2,6,3,1,2,530240,394753,32,2,1,3,351,3,16,6,60,3,4,6,0,0,0,1,4,4,0,0,2,1,1,1,1,29,6,3,0,0,0,0,0,9,3,7
3,1,9,0,9,0,6,0,0,0,0,1,1,6,1,20,4,1997,2,5,1,1,3,601680,160510,46,3,1,2,540,3,2,6,30,3,4,6,0,0,0,4,2,2,0,0,1,1,1,1,1,33,6,3,0,0,0,0,0,9,1,5
2,2,11,0,2,0,1,0,0,0,0,3,1,1,1,46,8,6700,2,6,1,1,2,392140,288130,20,2,1,3,303,3,461,6,30,3,4,6,0,0,0,4,1,1,0,0,1,1,1,1,1,33,6,3,0,0,0,0,0,9,1,5
3,1,9,0,4,0,0,1,0,0,0,1,1,6,1,62,9,1781,1,10,1,4,2,373282,373151,7,2,4,1,130,1,6,3,70,0,4,6,0,0,0,1,1,2,0,0,2,1,1,1,1,33,6,3,0,0,0,0,0,9,1,5
2,1,2,0,13,0,8,0,0,0,0,3,1,6,2,16,4,49,1,4,2,1,2,355568,117660,52,2,1,4,610,6,0,6,30,3,4,6,0,0,0,1,2,2,0,0,1,1,1,1,2,16,4,2,0,0,0,0,0,2,2,6
3,1,9,0,3,0,0,0,0,0,0,2,1,6,1,21,5,1364,1,10,1,3,3,547030,192580,1,3,3,7,14,3,1112,3,40,0,4,6,0,0,0,1,1,1,0,0,1,1,1,1,1,21,5,3,0,0,0,0,0,9,1,6
3,1,19,0,18,0,0,0,0,0,0,1,1,1,1,28,6,2402,2,10,1,1,1,405690,286060,20,1,1,6,300,3,4540,3,40,0,4,6,0,0,0,4,1,1,0,0,1,1,1,3,1,33,6,3,5,1,0,0,0,0,1,5
3,1,9,0,3,0,8,0,0,0,0,2,1,6,1,32,6,1332,1,16,1,1,2,539210,184950,1,2,1,1,17,3,11,1,30,1,4,5,0,0,1,4,1,1,0,0,1,1,1,2,2,33,6,3,0,0,1,0,0,9,1,2
3,1,19,0,18,0,2,0,0,0,0,1,1,2,1,36,7,2402,2,12,1,1,3,528402,104456,47,3,1,4,565,3,259,3,30,6,4,6,0,0,4,1,1,1,0,0,1,1,1,1,1,33,6,3,0,0,0,0,0,9,1,5
2,1,3,0,16,0,0,0,0,0,0,1,1,6,1,21,5,125,1,1,1,1,3,506369,102739,47,3,1,3,558,6,0,6,30,0,4,6,0,0,0,1,1,1,0,0,1,1,1,1,1,21,5,2,0,0,0,0,0,3,1,3
3,2,1,0,18,0,0,0,0,0,0,2,1,6,1,23,5,1598,1,8,1,1,2,288718,60614,50,2,1,3,587,3,3022,6,30,0,4,6,0,0,0,1,1,1,0,0,1,2,1,1,1,23,5,3,0,0,0,0,0,1,1,6
3,2,1,0,18,0,8,1,0,0,0,1,1,6,1,67,10,1598,1,8,1,1,2,528630,184950,1,2,1,3,2,6,0,6,30,3,4,6,0,0,0,1,4,1,0,0,1,1,1,1,1,67,10,3,0,0,0,0,0,1,1,7
3,1,9,0,18,0,0,0,0,0,0,1,1,6,1,20,4,1145,1,13,1,1,1,453387,386272,14,1,1,5,213,6,0,6,30,0,4,6,0,0,0,4,1,1,0,0,1,1,1,3,1,12,3,3,6,6,0,0,0,0,1,1
3,5,9,0,2,0,0,0,0,0,0,4,1,6,1,38,7,1596,1,13,1,1,5,434160,280200,20,5,1,4,302,4,4109,6,30,0,4,6,0,0,0,1,1,1,0,0,1,1,1,1,1,33,6,3,0,0,0,0,0,9,1,5
3,2,9,0,5,0,0,0,0,0,0,2,1,6,1,53,8,2987,2,8,1,1,2,537940,181040,1,2,1,5,5,5,0,6,30,0,4,6,0,0,0,4,1,1,0,0,1,1,1,1,1,33,6,3,0,0,0,0,0,9,1,5
3,1,9,0,9,0,1,0,0,0,0,1,1,6,2,60,9,1598,1,8,1,2,2,345956,360464,7,2,2,3,130,3,41,6,50,3,4,5,810,0,0,1,1,2,0,0,2,1,1,1,2,60,9,3,0,0,0,0,0,9,1,5
3,1,9,0,18,0,0,0,0,0,0,1,1,6,1,26,6,1242,1,8,1,1,2,337300,391008,5,2,1,4,91,3,57,3,30,0,4,6,0,0,0,1,1,1,0,0,1,1,1,1,1,33,6,3,0,0,0,0,0,9,1,5
3,3,9,0,2,9,2,0,0,0,0,2,1,6,1,41,7,2148,2,6,3,1,3,405290,302040,20,3,1,6,307,4,4152,6,30,8,4,6,0,0,0,1,1,2,0,0,1,1,1,1,1,33,6,3,0,0,0,0,0,9,1,5
2,1,9,0,18,0,2,0,0,3,11,1,1,6,1,35,6,1598,1,8,1,2,1,248859,352914,60,1,2,1,722,4,4418,6,30,3,4,6,0,0,0,5,1,2,0,0,2,1,2,2,2,32,6,2,0,0,1,0,0,9,1,5
3,2,9,0,4,0,0,0,0,0,0,2,1,6,2,38,7,1598,1,12,1,3,3,437920,330210,30,3,3,6,323,3,514,6,30,0,4,6,0,0,0,4,2,2,0,0,1,1,2,2,2,33,6,3,0,0,1,0,0,9,1,5
3,1,9,0,3,0,1,0,4,0,0,2,1,6,1,76,11,1598,1,14,1,3,5,453941,382786,14,5,3,3,213,3,57,6,50,3,4,6,0,0,0,1,1,1,0,0,2,1,1,1,1,76,11,3,0,0,0,0,0,9,1,8
3,2,9,0,18,0,0,0,0,1,7,4,1,6,2,60,9,1388,1,6,3,1,2,432614,285723,23,2,1,5,291,1,6,3,70,0,4,6,0,0,0,1,1,1,0,0,2,1,1,1,2,60,9,3,0,0,0,0,0,9,3,8
3,1,9,0,6,0,0,0,0,0,0,3,1,6,1,21,5,1596,1,9,3,1,2,437015,168469,43,2,1,7,471,3,4,6,60,0,4,6,0,0,0,1,1,1,0,0,2,1,1,1,1,33,6,3,0,0,0,0,0,9,1,5
3,1,4,0,18,0,8,1,0,0,0,1,1,2,1,24,5,124,1,9,1,2,1,514330,175890,1,1,2,2,25,3,315,6,30,3,2,5,0,0,5,1,1,1,0,0,1,1,2,3,1,64,9,3,1,3,0,0,2,0,1,10
3,1,9,0,18,0,0,0,0,0,0,1,1,6,1,33,6,2979,1,10,1,1,1,331670,673410,95,1,1,2,923,4,6415,6,30,0,4,6,0,0,5,1,1,1,0,0,1,1,1,3,2,46,8,3,5,2,0,0,0,0,1,5
3,2,9,0,5,0,0,0,0,0,0,2,1,6,2,37,7,1461,2,1,1,3,2,434826,404502,14,2,3,7,210,6,0,6,30,0,4,6,0,0,0,1,1,1,0,0,1,1,3,2,2,9,2,3,0,0,1,0,0,9,1,1
3,1,9,0,4,0,1,1,0,0,0,1,1,6,1,21,5,1299,1,13,2,2,2,515990,299220,35,2,2,3,394,5,285,6,40,3,4,6,0,0,0,4,1,2,0,0,1,1,2,2,2,19,4,3,0,0,1,0,0,9,1,1
3,1,9,0,9,0,0,0,0,0,0,1,1,6,1,38,7,2143,2,4,1,1,2,517560,162610,1,2,1,2,23,3,243,6,40,0,4,6,0,0,0,1,1,1,0,0,2,1,1,1,1,33,6,3,0,0,0,0,0,9,1,5
3,2,9,0,18,0,8,0,0,0,0,4,1,6,1,34,6,1984,1,13,1,3,2,434429,387351,14,2,3,5,215,3,61,1,30,1,4,4,6539,0,4,1,1,1,0,0,1,1,3,2,2,52,8,3,0,0,2,0,0,9,1,2
3,1,19,0,5,9,6,5,0,0,0,1,1,6,1,40,7,1560,2,2,1,1,1,530324,202574,41,1,1,6,438,6,399,6,30,8,4,6,0,0,0,1,1,1,0,0,2,1,1,3,1,59,9,3,10,9,0,0,0,0,2,10
3,2,9,0,9,0,8,0,0,0,0,3,1,6,2,25,5,1598,1,9,1,2,2,530870,184520,1,2,2,7,3,5,0,6,30,3,4,6,0,0,0,1,1,2,0,0,1,1,2,1,2,25,5,3,0,0,0,0,0,9,1,2
3,1,9,0,18,0,8,0,0,0,0,1,1,2,2,25,5,1598,1,8,3,1,2,555570,246720,35,2,1,4,395,3,1307,6,40,8,2,6,0,0,5,1,2,2,0,0,2,1,1,1,1,33,6,3,0,0,0,0,0,9,1,5
3,1,9,0,18,0,0,0,0,0,0,4,1,6,2,32,6,2902,2,12,1,1,1,506624,171961,45,1,1,7,40,4,378,6,30,0,4,6,0,0,0,1,1,1,0,0,2,2,1,3,1,33,6,3,6,8,0,0,0,0,1,4
3,1,11,0,1,0,1,0,0,0,0,2,1,1,1,36,7,9000,2,11,1,1,2,440564,553095,10,2,1,6,150,6,5087,6,30,3,4,4,1286,0,0,1,1,1,0,0,1,2,1,1,1,33,6,3,0,0,0,0,0,9,1,5
3,1,9,0,18,0,0,2,4,7,0,1,1,6,1,33,6,1896,2,8,1,1,3,392960,295010,20,3,1,5,309,6,0,6,30,0,4,6,0,0,0,4,1,1,0,0,1,1,1,1,1,33,6,3,0,0,0,0,0,9,1,3
3,1,9,0,18,0,0,0,0,0,0,2,1,1,1,53,8,2261,1,8,1,2,2,576869,190887,42,2,2,2,450,3,127,3,50,0,4,6,0,0,0,1,1,1,0,0,2,1,2,2,1,52,8,3,0,0,1,0,0,9,1,3