accident_severity,vehicle_reference,vehicle_type,towing_and_articulation,vehicle_manoeuvre,vehicle_location-restricted_lane,junction_location,skidding_and_overturning,hit_object_in_carriageway,vehicle_leaving_carriageway,hit_object_off_carriageway,1st_point_of_impact,was_vehicle_left_hand_drive?,journey_purpose_of_driver,sex_of_driver,age_of_driver,age_band_of_driver,engine_capacity_(cc),propulsion_code,age_of_vehicle,driver_home_area_type,NUmber_of_Casualities_unique_to_accident_index,No_of_Vehicles_involved_unique_to_accident_index,location_easting_osgr,location_northing_osgr,police_force,number_of_vehicles,number_of_casualties,day_of_week,local_authority_(district),1st_road_class,1st_road_number,road_type,speed_limit,junction_detail,junction_control,2nd_road_class,2nd_road_number,pedestrian_crossing-human_control,pedestrian_crossing-physical_facilities,light_conditions,weather_conditions,road_surface_conditions,special_conditions_at_site,carriageway_hazards,urban_or_rural_area,did_police_officer_attend_scene_of_accident,casualty_reference,casualty_class,sex_of_casualty,age_of_casualty,age_band_of_casualty,casualty_severity,pedestrian_location,pedestrian_movement,car_passenger,bus_or_coach_passenger,pedestrian_road_maintenance_worker,casualty_type,casualty_home_area_type,casualty_imd_decile
3,1,9,0,9,0,8,0,0,0,0,1,1,6,1,21,5,1229,1,2,1,3,2,344540,463170,4,2,3,3,76,6,0,6,30,3,2,6,0,0,5,4,1,2,0,0,1,1,1,1,1,33,6,3,0,0,0,0,0,9,1,5
3,2,9,0,18,0,8,0,0,0,0,3,1,2,2,30,6,1398,2,8,2,2,2,552807,293701,36,2,2,2,407,3,1101,6,30,9,4,6,0,0,0,1,1,1,0,0,2,2,2,1,2,30,6,3,0,0,0,0,0,9,2,4
3,2,9,0,4,0,0,0,0,0,0,2,1,6,2,80,11,1560,2,3,1,1,2,287306,60805,50,2,1,6,587,6,0,6,30,0,4,6,0,0,0,1,1,1,0,0,1,1,1,1,2,80,11,3,0,0,0,0,0,9,1,5
3,2,9,0,4,0,0,0,0,0,0,2,1,2,2,54,8,1560,2,7,1,2,2,409760,294380,20,2,2,2,300,3,452,6,30,0,4,6,0,0,0,1,1,1,0,0,1,1,1,1,1,33,6,3,0,0,0,0,0,9,1,5
3,1,9,0,17,0,1,0,0,0,0,1,1,6,2,33,6,1149,1,10,1,1,2,431380,373620,30,2,1,1,327,4,6050,6,60,3,4,5,191,0,0,1,1,2,0,0,2,2,1,1,1,33,6,3,0,0,0,0,0,9,1,5
3,1,9,0,4,0,1,0,0,0,0,2,1,6,2,42,7,1598,1,4,1,1,2,338160,394328,5,2,1,1,91,3,580,1,30,1,4,6,0,2,1,1,1,1,0,0,1,2,1,1,2,42,7,3,0,0,0,0,0,9,1,3
3,2,9,0,8,0,1,0,0,0,0,0,1,6,1,29,6,2198,1,12,1,2,2,249303,54589,50,2,2,5,583,6,0,6,30,3,4,6,0,0,0,1,2,2,0,0,1,2,2,2,2,25,5,3,0,0,1,0,0,9,1,1
3,1,8,0,18,0,8,0,0,0,0,4,1,1,1,29,6,2499,2,5,1,1,1,528440,181100,1,1,1,7,1,3,40,6,30,6,2,3,40,0,5,1,2,2,0,0,1,1,1,3,1,59,9,3,4,1,0,0,2,0,1,4
2,1,20,0,16,0,0,0,0,1,11,1,1,1,1,24,5,1598,1,8,1,3,1,285253,77453,50,1,3,2,585,3,38,6,30,0,4,6,0,0,0,6,1,1,0,0,2,1,3,2,1,25,5,2,0,0,0,0,0,20,1,5
2,4,9,0,2,0,0,0,0,0,0,4,1,6,1,38,7,1598,1,8,1,1,4,332972,187506,61,4,1,5,733,6,0,6,30,0,4,6,0,0,0,1,1,2,0,0,1,1,1,1,1,33,6,3,0,0,0,0,0,9,1,5
3,3,9,0,2,0,1,0,0,0,0,3,1,6,3,38,7,1796,1,4,1,1,3,527950,188380,1,3,1,1,31,4,519,6,30,3,4,6,0,0,0,4,1,1,0,0,1,1,1,1,1,33,6,3,0,0,0,0,0,9,1,5
3,2,21,0,18,0,0,1,0,0,0,3,1,1,1,47,8,7146,2,1,1,1,2,553635,217147,42,2,1,3,463,6,0,6,60,0,4,6,0,0,0,1,8,4,0,0,2,1,1,1,1,33,6,3,0,0,0,0,0,9,1,5
3,1,9,0,11,0,2,0,0,0,0,4,1,2,2,23,5,1598,1,8,1,1,2,523660,188010,1,2,1,3,30,3,406,3,40,5,4,3,406,0,0,1,1,1,0,0,1,1,1,1,1,33,6,3,0,0,0,0,0,9,1,5
3,1,9,0,18,0,8,1,0,0,0,1,1,6,1,43,7,1598,1,8,1,1,2,517190,177940,1,2,1,5,25,3,4,3,40,6,2,3,3002,0,5,1,2,2,0,0,1,1,1,2,2,62,9,3,0,0,1,0,0,9,1,5
3,1,9,0,4,0,0,0,0,0,0,2,1,6,1,86,11,1598,1,8,1,1,2,359951,178420,52,2,1,5,612,3,38,6,30,0,4,6,0,0,0,1,1,1,0,0,1,1,1,1,1,33,6,3,0,0,0,0,0,9,1,5
3,2,1,0,18,0,0,0,0,0,0,1,1,6,1,9,2,1598,1,8,1,1,2,324781,373039,60,2,1,1,724,6,0,9,30,0,4,6,0,0,0,1,1,1,0,0,1,2,1,1,1,9,2,3,0,0,0,0,0,1,1,5
2,1,9,0,18,0,0,0,0,0,0,1,1,6,2,50,8,1328,1,12,1,3,2,503873,165064,45,2,3,3,514,1,25,3,70,0,4,6,0,0,0,4,1,1,0,0,2,1,1,1,2,50,8,3,0,0,0,0,0,9,1,4
3,1,9,0,7,0,8,0,0,0,0,4,1,6,2,55,8,1598,1,8,1,1,2,527140,170970,1,2,1,4,10,3,24,6,30,6,2,5,0,0,5,1,2,2,0,0,1,1,1,1,1,33,6,3,0,0,0,0,0,9,1,5
3,1,2,0,15,0,8,0,0,0,0,1,1,6,1,21,5,124,1,11,1,1,2,533660,179400,1,2,1,5,8,4,202,6,30,3,4,6,0,0,0,1,1,1,0,0,1,1,1,1,1,21,5,3,0,0,0,0,0,2,1,6
3,2,3,0,18,0,8,0,0,0,0,3,1,6,1,21,5,124,1,8,1,1,2,532160,176960,1,2,1,5,8,3,202,6,30,3,4,6,0,0,0,1,1,1,0,0,1,1,1,1,1,21,5,3,0,0,0,0,0,3,1,3
3,4,9,0,2,0,0,0,0,0,0,1,1,6,2,49,8,988,1,24,1,1,4,245846,56101,50,4,1,2,583,6,0,6,30,0,4,6,0,0,0,1,1,1,0,0,1,1,1,1,1,33,6,3,0,0,0,0,0,9,1,5
3,1,21,0,11,0,0,0,0,0,0,1,1,1,2,31,6,12900,2,8,1,1,2,291242,85287,50,2,1,5,585,3,38,3,50,0,4,6,0,0,0,1,1,1,4,0,2,1,1,1,2,31,6,3,0,0,0,0,0,21,1,5
3,2,9,0,18,0,4,0,0,0,0,1,1,6,1,24,5,1895,1,17,1,1,2,470707,205833,43,2,1,7,484,6,383,6,30,2,4,4,4445,0,0,4,2,2,0,0,1,1,1,1,1,33,6,3,0,0,0,0,0,9,1,5
3,1,9,0,18,0,0,5,0,1,0,1,1,6,2,17,4,1242,1,8,3,5,1,602229,258295,37,1,5,4,413,4,1115,6,60,0,4,6,0,0,0,6,1,1,0,0,2,1,3,2,1,16,4,3,0,0,2,0,0,9,1,9
1,1,9,0,16,0,0,0,0,0,0,1,1,6,2,24,5,1896,2,13,3,2,2,242228,100914,50,2,2,6,588,3,3079,6,60,0,4,6,0,0,0,1,2,2,0,0,2,1,1,1,2,24,5,1,0,0,0,0,0,9,3,6
3,1,9,0,9,0,6,0,0,0,0,1,1,1,2,30,6,1388,1,7,1,1,2,620412,308779,36,2,1,5,404,5,802,6,30,3,4,6,0,0,0,1,1,1,0,0,1,1,1,1,1,33,6,3,0,0,0,0,0,9,1,5
3,2,9,0,18,0,1,0,0,0,0,2,1,6,1,19,4,1997,2,8,1,2,3,518330,192760,1,3,2,4,30,3,5,6,30,5,4,6,0,0,0,1,1,1,0,0,1,1,1,1,1,33,6,3,0,0,0,0,0,9,1,5
3,1,8,0,4,0,1,0,0,0,0,1,1,6,1,71,10,1896,2,8,1,2,2,347900,458170,4,2,2,3,76,3,6,6,40,3,4,6,0,0,0,1,1,1,0,0,2,1,1,1,1,33,6,3,0,0,0,0,0,9,1,5
3,2,1,0,18,0,1,0,0,0,0,1,1,6,1,21,5,1598,1,8,1,1,2,257588,665013,97,2,1,3,926,3,814,6,30,3,4,6,0,0,0,4,2,2,0,0,1,1,1,1,1,21,5,3,0,0,0,0,0,1,1,5
3,1,9,0,18,0,0,0,4,0,0,1,1,3,1,40,7,1956,2,4,1,1,2,486458,179156,43,2,1,4,474,6,7414,6,30,0,4,6,0,0,0,1,1,1,0,0,1,1,1,2,2,7,2,3,0,0,2,0,0,9,1,10
3,2,1,0,18,0,8,0,0,0,0,4,1,2,1,59,9,1598,1,8,1,1,2,338481,376989,7,2,1,4,130,6,0,1,30,1,4,6,0,0,0,1,1,1,0,0,1,1,1,1,1,59,9,3,0,0,0,0,0,1,1,5
3,2,9,0,18,0,8,0,0,0,0,1,1,2,1,38,7,1598,1,7,1,1,2,479963,177878,43,2,1,3,475,3,4,6,40,6,4,3,3032,0,0,1,1,1,0,0,2,1,1,1,1,38,7,3,0,0,0,0,0,9,1,6
3,2,9,0,2,0,0,0,0,0,0,3,1,6,3,30,6,1598,1,8,1,1,2,264226,655373,97,2,1,6,938,6,0,6,30,0,4,6,0,0,0,1,1,1,0,0,1,1,1,1,1,33,6,3,0,0,0,0,0,9,1,5
3,3,9,0,18,0,0,0,4,0,0,4,1,6,3,38,7,2521,1,5,1,1,3,530120,188070,1,3,1,1,31,6,0,6,30,0,4,6,0,0,0,1,1,1,0,0,1,1,1,1,1,33,6,3,0,0,0,0,0,9,1,5
3,1,9,0,18,0,0,0,0,1,4,1,1,6,1,18,4,998,1,14,2,2,1,347117,171172,52,1,2,3,605,4,3130,6,30,0,4,6,0,0,0,6,2,2,0,0,1,1,1,2,2,15,3,3,0,0,1,0,0,9,1,9
3,1,9,0,5,0,4,0,0,0,0,1,1,1,1,26,6,1364,1,5,1,1,2,233970,622363,97,2,1,5,937,3,719,1,30,1,4,6,0,0,0,1,1,2,0,0,1,1,1,1,1,33,6,3,0,0,0,0,0,9,1,5
3,2,9,0,18,0,1,0,0,0,0,1,1,2,2,44,7,1798,1,2,1,2,2,520190,191500,1,2,2,3,30,3,5109,3,30,1,4,3,5109,0,8,1,1,1,0,0,1,1,2,1,2,44,7,3,0,0,0,0,0,9,1,5
3,1,9,0,18,0,0,0,0,0,0,3,1,6,1,38,7,1968,2,1,1,1,2,473935,519229,17,2,1,3,241,6,0,6,60,0,4,6,0,0,0,1,1,1,0,0,2,2,1,1,1,33,6,3,0,0,0,0,0,9,1,5
2,2,9,0,7,0,8,0,0,0,0,1,1,6,1,73,10,1598,1,8,1,1,2,322322,124336,52,2,1,6,608,3,38,2,30,3,4,3,38,0,0,1,1,1,0,0,1,1,1,1,1,33,6,3,0,0,0,0,0,9,1,5
3,1,21,1,18,0,0,0,0,0,0,1,1,1,1,43,7,12130,2,13,1,1,2,416729,422106,13,2,1,3,202,3,644,6,50,0,4,6,0,0,0,1,1,1,0,0,2,1,1,1,1,33,6,3,0,0,0,0,0,9,1,5
3,5,9,0,2,0,0,0,0,0,0,2,1,6,2,42,7,1984,1,15,1,1,6,408880,283950,20,6,1,1,300,6,0,2,30,0,4,6,0,0,0,1,1,1,0,0,1,1,1,1,1,33,6,3,0,0,0,0,0,9,1,5
3,1,9,0,3,0,0,0,0,0,0,1,1,6,2,30,6,1995,1,12,1,3,2,516950,179510,1,2,3,7,27,4,452,3,30,0,4,6,0,0,0,1,1,1,0,0,1,1,2,2,2,30,6,3,0,0,2,0,0,9,1,3
3,2,9,0,4,0,1,0,0,0,0,2,1,6,2,49,8,1242,1,8,1,2,2,428869,572293,10,2,2,2,148,3,19,7,60,5,4,3,19,0,0,1,1,1,0,0,2,1,2,1,2,49,8,3,0,0,0,0,0,9,1,3
3,1,9,0,9,0,0,0,0,0,0,0,1,6,1,20,4,1229,1,10,3,1,1,374080,440920,4,1,1,6,80,3,671,6,30,0,4,6,0,0,0,4,1,2,0,0,1,1,1,3,2,53,8,3,5,1,0,0,0,0,1,7
3,2,8,0,9,0,1,0,0,0,0,2,1,1,1,64,9,1598,1,8,1,2,2,302712,381194,60,2,2,6,723,4,5119,6,30,8,4,6,0,0,0,1,1,2,0,0,1,1,1,2,1,36,7,3,0,0,2,0,0,8,1,5
3,1,9,0,18,0,8,0,0,0,0,1,1,4,2,38,7,1582,2,2,1,1,2,510870,173780,1,2,1,4,25,3,312,6,30,7,2,3,244,0,5,4,2,2,0,0,1,1,1,1,2,33,6,3,0,0,0,0,0,9,1,3
3,2,9,0,18,0,6,0,0,0,0,4,2,6,3,38,7,1988,1,14,1,2,2,359390,388462,7,2,2,6,128,6,0,6,30,6,4,6,0,0,0,1,1,1,0,0,1,1,1,1,1,33,6,3,0,0,0,0,0,9,1,5
3,2,9,0,15,0,1,0,0,0,0,4,1,6,1,56,9,1598,1,10,2,1,2,514677,309662,32,2,1,5,355,4,1166,6,30,3,4,6,0,0,0,1,1,1,0,0,1,2,1,2,2,33,6,3,0,0,1,0,0,9,2,9
3,1,9,0,18,0,1,0,0,0,0,1,1,6,1,49,8,1997,2,16,3,1,2,520681,405887,16,2,1,6,233,3,18,1,50,1,4,3,46,0,0,4,1,1,0,0,2,1,1,1,1,33,6,3,0,0,0,0,0,9,1,5
3,2,3,0,17,0,8,0,0,0,0,4,1,6,1,38,7,124,1,6,1,1,2,449533,358631,31,2,1,5,340,6,0,6,30,3,4,6,0,0,4,1,1,1,0,0,1,1,1,1,1,33,6,3,0,0,0,0,0,3,1,1
3,1,9,0,18,0,8,0,0,0,0,1,1,6,1,38,7,1360,1,8,1,1,1,475325,261691,34,1,1,5,384,3,508,6,30,3,2,5,153,0,0,1,1,1,0,0,1,3,1,3,1,18,4,3,5,1,0,0,0,0,3,9
3,1,9,0,18,0,0,0,4,0,0,1,1,6,2,43,7,1598,1,8,1,1,3,259290,280700,63,3,1,2,750,6,0,6,30,0,4,6,0,0,0,1,1,1,0,0,1,1,1,1,2,43,7,3,0,0,0,0,0,9,1,5
2,2,1,0,18,0,1,0,0,0,0,1,1,6,1,43,7,1598,1,8,1,1,2,480914,153562,44,2,1,3,494,4,3013,6,30,3,4,6,0,0,4,1,1,1,0,0,1,1,1,1,1,43,7,2,0,0,0,0,0,1,1,10
3,1,9,0,6,0,1,0,0,0,0,3,1,6,1,51,8,1343,1,11,1,1,2,532050,187470,1,2,1,6,4,3,105,6,30,6,2,3,503,0,5,1,1,1,0,0,1,1,1,1,1,33,6,3,0,0,0,0,0,9,1,5
3,1,9,0,18,0,8,0,10,1,10,1,1,6,2,48,8,1598,1,8,1,2,2,518780,176070,1,2,2,6,24,6,0,6,30,6,4,6,0,0,0,1,1,1,0,0,1,1,1,1,2,48,8,3,0,0,0,0,0,9,1,10
3,1,9,0,18,0,8,0,0,7,0,4,1,6,1,19,4,1598,1,13,1,1,2,305722,671113,95,2,1,4,940,3,89,6,50,6,2,4,8046,0,5,4,5,2,0,0,1,1,1,1,1,19,4,3,0,0,0,0,0,9,1,5
3,1,9,0,9,0,8,0,0,0,0,4,1,6,2,26,6,1242,1,15,1,1,2,371480,411930,6,2,1,7,100,3,666,6,30,3,4,6,0,0,0,1,1,1,0,0,1,1,1,1,1,33,6,3,0,0,0,0,0,9,1,5
3,2,3,0,18,0,8,0,0,0,0,0,1,6,1,35,6,124,1,1,1,1,2,390599,284730,20,2,1,5,303,6,0,6,30,3,4,6,0,0,4,1,1,2,0,0,1,1,1,1,1,35,6,3,0,0,0,0,0,3,1,2
3,2,9,0,18,0,0,0,0,0,0,1,1,1,1,32,6,1598,1,8,1,1,6,593920,171610,46,6,1,3,540,3,2500,6,60,0,4,6,0,0,4,1,1,1,0,0,2,1,1,1,1,33,6,3,0,0,0,0,0,9,1,5
3,2,1,0,18,0,8,0,0,0,0,1,1,6,1,42,7,1598,1,8,1,1,2,430861,434357,13,2,1,3,204,6,0,3,30,3,4,6,0,0,0,1,1,1,0,0,1,1,1,1,1,42,7,3,0,0,0,0,0,1,1,7
2,2,8,0,9,0,5,0,0,0,0,3,1,6,2,90,11,996,1,5,1,1,2,365150,425270,4,2,1,3,70,6,0,6,30,3,4,6,0,0,0,1,1,1,0,0,1,1,1,1,1,33,6,3,0,0,0,0,0,9,1,5
3,1,9,0,18,0,0,0,0,0,0,1,1,6,1,85,11,1986,1,6,1,1,1,380480,410780,6,1,1,7,101,6,0,6,20,0,4,6,0,0,0,1,1,1,0,0,1,1,1,3,2,40,7,3,5,9,0,0,0,0,1,5
3,2,9,0,18,0,0,1,0,7,0,3,1,2,2,23,5,1124,1,12,1,1,2,366487,213355,53,2,1,6,622,3,4151,6,60,0,4,6,0,0,0,1,2,2,0,0,2,1,1,1,2,23,5,3,0,0,0,0,0,9,1,5
2,1,5,0,16,0,0,1,0,0,0,4,1,6,1,44,7,1050,1,10,1,1,1,504947,410958,16,1,1,7,232,1,180,7,70,0,4,6,0,0,0,1,1,1,0,0,2,1,1,1,1,44,7,2,0,0,0,0,0,5,1,1
3,2,8,0,4,0,2,0,0,0,0,2,1,1,1,30,6,1497,8,10,1,3,2,452620,206059,43,2,3,7,482,3,420,6,20,3,4,6,0,0,0,1,1,1,0,0,1,1,1,1,1,30,6,3,0,0,0,0,0,8,1,5
3,1,9,0,17,0,0,2,0,1,10,4,1,6,2,29,6,1997,2,13,1,4,1,349190,454810,4,1,4,2,76,6,0,6,60,0,4,6,0,0,0,1,1,1,0,0,2,1,4,2,2,34,6,3,0,0,2,0,0,9,1,5
3,2,8,0,10,0,8,0,0,0,0,2,1,1,1,68,10,1794,1,11,1,2,3,385582,352909,21,3,2,7,257,3,50,6,30,3,4,6,0,0,0,1,1,2,0,0,1,1,1,2,1,19,4,3,0,0,2,0,0,8,1,8
3,2,9,0,18,0,0,0,0,0,0,2,1,1,2,41,7,1598,1,8,1,2,3,495900,199825,43,3,2,2,478,3,416,6,30,0,4,6,0,0,0,1,1,1,0,0,1,1,1,1,2,41,7,3,0,0,0,0,0,9,1,10
3,2,9,0,6,0,0,0,0,0,0,1,1,6,1,42,7,1598,1,8,1,1,2,441375,394793,14,2,1,2,213,6,0,6,40,0,4,6,0,0,0,1,1,1,0,0,2,1,1,1,1,33,6,3,0,0,0,0,0,9,1,5
3,1,9,0,18,0,1,0,0,0,0,1,1,2,2,30,6,1686,2,9,1,1,1,392170,302180,20,1,1,3,309,6,0,3,30,1,4,6,0,0,1,1,1,1,0,0,1,2,1,3,2,59,9,3,1,1,0,0,0,0,1,1
2,1,9,0,18,0,0,0,0,8,11,1,1,6,1,25,5,1998,1,17,3,1,1,365400,469442,12,1,1,7,180,4,6480,6,30,0,4,6,0,0,0,4,5,2,0,0,2,1,1,1,1,25,5,2,0,0,0,0,0,9,3,9
3,2,9,0,17,0,0,0,0,0,0,3,1,6,1,45,7,3200,2,5,2,2,2,380600,515720,3,2,2,6,64,4,6276,6,60,0,4,6,0,0,0,1,2,2,0,0,2,1,2,1,1,45,7,3,0,0,0,0,0,9,2,6
3,1,9,0,18,0,1,0,0,0,0,1,1,6,1,21,5,1388,1,7,1,2,2,612291,249448,37,2,2,2,413,4,1113,6,50,7,2,4,1113,0,0,4,1,1,0,0,2,1,1,1,1,21,5,3,0,0,0,0,0,9,1,9
3,3,9,0,18,0,1,0,0,0,0,2,1,6,2,36,7,1598,1,8,2,6,3,199320,202960,63,3,6,4,752,3,477,6,60,3,4,6,0,0,0,1,1,1,0,0,2,1,6,1,2,36,7,3,0,0,0,0,0,9,2,5
3,1,9,0,18,0,1,0,0,0,0,1,1,6,1,38,7,1896,2,9,1,1,2,408630,286080,20,2,1,7,300,3,45,3,30,1,4,3,4540,0,0,1,1,1,0,0,1,2,1,1,1,33,6,3,0,0,0,0,0,9,1,5
3,1,9,0,18,0,4,0,0,0,0,1,1,6,1,50,8,2171,2,11,1,2,2,320540,675440,95,2,2,7,923,6,0,1,30,2,4,6,0,0,1,4,1,1,0,0,1,1,1,1,1,50,8,3,0,0,0,0,0,9,1,5
3,1,9,0,17,0,0,1,10,2,9,1,1,6,2,29,6,1997,2,11,2,2,1,360840,240980,22,1,2,5,285,3,438,6,60,0,4,6,0,0,0,1,1,1,0,0,2,1,2,2,2,20,4,3,0,0,1,0,0,9,1,7
3,1,9,0,18,0,1,0,0,0,0,1,1,6,2,30,6,2987,2,3,1,1,2,524870,190020,1,2,1,7,30,3,598,6,30,3,4,6,0,0,0,1,2,2,0,0,1,1,1,1,1,33,6,3,0,0,0,0,0,9,1,5
3,2,9,0,18,0,1,1,0,0,0,1,1,6,1,24,5,1598,1,8,3,1,2,322410,298390,63,2,1,7,753,4,4388,6,60,9,4,6,0,0,0,6,1,1,0,0,2,1,1,1,1,33,6,3,0,0,0,0,0,9,1,5
3,1,9,0,14,0,0,0,0,0,0,4,1,6,2,38,7,4367,2,4,1,1,1,523130,181610,1,1,1,7,12,6,0,6,30,0,4,6,0,0,1,1,1,1,0,2,1,1,1,3,1,38,7,3,9,5,0,0,2,0,1,2
3,1,4,0,18,0,1,0,0,0,0,1,1,6,3,38,7,1598,1,8,1,1,2,304550,535830,3,2,1,7,60,6,0,6,30,3,4,6,0,0,0,1,1,1,0,0,2,2,1,1,1,33,6,3,0,0,0,0,0,9,1,5
3,1,9,0,18,0,0,0,0,0,0,4,1,6,1,38,7,1560,2,8,1,1,1,525610,168440,1,1,1,4,22,3,24,6,30,0,4,6,0,0,5,1,1,1,0,0,1,2,1,3,1,46,8,3,4,1,0,0,2,0,1,7
2,2,11,0,18,0,3,0,0,0,0,0,1,1,2,30,6,1598,1,8,1,2,2,390990,395570,6,2,2,5,110,1,60,1,40,1,4,3,57,0,0,1,1,1,0,0,1,2,2,2,2,58,9,3,0,0,0,3,0,11,1,1
2,2,9,0,18,0,0,0,0,0,0,1,1,6,1,86,11,1598,1,8,3,4,2,259960,252220,63,2,4,1,750,3,485,6,60,0,4,6,0,0,0,1,1,1,0,0,2,1,3,2,2,83,11,3,0,0,2,0,0,9,3,5
3,1,9,0,2,0,0,0,0,0,0,3,1,6,2,42,7,1968,2,1,1,1,2,538150,166510,1,2,1,1,19,3,214,6,30,0,4,6,0,0,0,1,1,1,0,0,1,1,1,1,1,33,6,3,0,0,0,0,0,9,1,5
3,1,9,0,7,0,5,0,0,0,0,1,1,2,1,29,6,1598,1,8,1,1,2,310906,169428,62,2,1,6,746,3,4050,6,30,3,4,6,0,0,0,1,1,1,0,0,1,1,1,1,1,33,6,3,0,0,0,0,0,9,1,5
3,2,9,0,18,0,0,0,0,0,0,4,1,6,1,70,10,2204,2,7,3,1,2,257650,664298,97,2,1,4,926,1,8,3,50,0,4,6,0,0,0,1,1,1,0,0,1,1,1,2,2,72,10,3,0,0,1,0,0,9,3,5
3,1,1,0,3,0,8,1,0,0,0,0,1,6,1,65,9,1598,1,8,1,1,1,532170,343988,32,1,1,7,350,3,52,6,30,6,2,6,0,0,0,1,1,1,0,0,1,1,1,1,1,65,9,3,0,0,0,0,0,1,1,5
3,2,8,0,17,0,0,0,0,0,0,1,1,1,1,39,7,1896,2,10,1,6,2,373920,440270,4,2,6,5,80,3,671,6,50,0,4,6,0,0,0,4,1,1,0,0,2,1,3,2,1,28,6,3,0,0,1,0,0,8,1,8
3,1,21,1,12,0,0,0,0,0,0,0,1,1,1,55,8,10837,2,2,1,1,3,388840,179025,54,3,1,6,635,1,4,3,70,0,4,6,0,0,0,1,1,1,0,0,2,1,1,1,1,33,6,3,0,0,0,0,0,9,1,5
3,1,9,0,18,0,0,0,4,0,0,1,1,6,2,40,7,1598,1,3,1,1,3,264547,660339,97,3,1,4,938,6,0,9,30,0,4,6,0,0,0,4,1,2,0,0,1,1,1,1,2,40,7,3,0,0,0,0,0,9,1,5
2,1,97,0,17,0,0,0,10,1,0,1,1,6,2,29,6,600,1,2,3,1,1,295713,686884,94,1,1,7,925,3,985,6,60,0,4,6,0,0,0,1,1,1,0,0,2,1,1,1,2,29,6,2,0,0,0,0,0,97,3,5
2,2,19,0,18,0,8,0,0,0,0,1,1,6,1,38,7,2402,2,5,1,1,2,536010,195660,1,2,1,3,32,5,0,1,30,2,4,6,0,0,8,1,1,1,0,0,1,2,1,1,1,33,6,3,0,0,0,0,0,9,1,5
3,1,9,0,18,0,0,1,0,0,0,2,1,6,1,30,6,2993,2,8,3,1,3,412398,94395,55,3,1,1,640,6,0,3,40,0,4,6,0,0,0,1,1,1,4,0,1,1,1,1,1,33,6,3,0,0,0,0,0,9,1,5
3,2,9,0,9,0,2,0,0,0,0,1,1,6,1,83,11,1360,1,7,1,1,2,533180,344254,32,2,1,4,350,3,16,3,40,3,2,6,0,2,5,1,9,1,0,0,1,1,1,1,1,33,6,3,0,0,0,0,0,9,1,5
3,1,11,0,18,0,0,0,0,0,0,0,1,1,3,38,7,1598,1,8,1,1,1,460476,451726,12,1,1,3,189,6,7210,6,30,0,4,6,0,0,0,1,1,1,0,0,1,2,1,3,2,23,5,3,6,9,0,0,0,0,1,5
3,1,11,0,18,0,0,0,0,0,0,1,1,1,1,35,6,9000,2,2,1,3,2,343130,431990,4,2,3,7,74,4,5192,6,30,0,4,6,0,0,0,1,1,1,0,0,1,1,2,2,1,49,8,3,0,0,0,4,0,11,1,1
3,1,11,0,18,0,3,0,0,0,0,4,1,6,1,50,8,1598,1,8,1,1,1,471108,173055,43,1,1,4,472,3,329,6,30,1,2,3,4155,0,5,7,1,1,0,0,1,2,1,3,1,43,7,3,1,1,0,0,0,0,1,4
3,1,11,0,9,0,8,0,0,0,0,0,1,1,1,59,9,1598,2,14,1,3,1,330630,436370,4,1,3,5,71,6,0,6,20,6,2,3,586,0,5,1,1,1,0,0,1,1,1,2,2,64,9,3,0,0,0,4,0,11,1,3
3,1,3,0,18,0,0,0,0,0,0,1,1,1,1,38,7,1598,1,8,1,2,1,514260,183030,1,1,2,6,27,6,0,6,30,0,4,6,0,0,0,1,1,1,0,0,1,1,2,3,2,3,1,3,5,4,0,0,2,0,1,6
3,2,9,0,7,0,8,0,0,0,0,3,1,6,1,70,10,1997,2,3,3,1,2,455340,341048,31,2,1,2,346,3,610,6,30,6,2,3,6130,0,5,1,1,1,0,0,1,1,1,1,1,70,10,3,0,0,0,0,0,9,3,5
3,2,9,0,2,0,0,0,0,0,0,4,1,6,1,38,7,1598,1,8,1,1,2,460145,450983,12,2,1,5,189,3,59,6,30,0,4,6,0,0,0,1,1,1,0,0,1,2,1,1,1,33,6,3,0,0,0,0,0,9,1,5
3,1,9,0,4,0,1,0,0,0,0,2,1,6,1,49,8,1390,1,17,1,1,2,538030,174910,1,2,1,3,7,3,21,6,30,3,2,4,236,0,0,1,1,2,0,0,1,1,1,1,1,33,6,3,0,0,0,0,0,9,1,5
3,2,9,0,18,0,8,0,0,0,0,1,1,6,2,43,7,1390,1,4,1,2,2,451396,109557,44,2,2,3,492,3,3051,6,30,3,4,6,0,0,0,1,1,2,0,0,1,1,2,1,2,43,7,3,0,0,0,0,0,9,1,9
2,2,9,0,18,0,0,0,0,0,0,0,1,6,3,38,7,1598,1,8,1,1,2,343090,385300,5,2,1,2,91,6,0,6,30,0,4,6,0,0,0,1,2,2,0,0,1,1,1,1,1,33,6,3,0,0,0,0,0,9,1,5
3,1,9,0,16,0,0,2,0,2,0,1,1,6,1,25,5,1998,1,14,2,3,1,251248,135000,50,1,3,6,582,3,361,6,40,0,4,6,0,0,0,4,1,1,0,0,2,1,3,2,1,36,7,3,0,0,1,0,0,9,3,8
3,1,9,0,9,0,8,0,0,0,0,1,1,3,1,38,7,1395,1,8,1,2,1,525430,170260,1,1,2,6,22,6,0,6,30,6,4,6,0,0,0,1,1,1,0,0,1,2,1,3,2,50,8,3,5,1,0,0,2,0,1,8