accident_severity,vehicle_reference,vehicle_type,towing_and_articulation,vehicle_manoeuvre,vehicle_location-restricted_lane,junction_location,skidding_and_overturning,hit_object_in_carriageway,vehicle_leaving_carriageway,hit_object_off_carriageway,1st_point_of_impact,was_vehicle_left_hand_drive?,journey_purpose_of_driver,sex_of_driver,age_of_driver,age_band_of_driver,engine_capacity_(cc),propulsion_code,age_of_vehicle,driver_home_area_type,NUmber_of_Casualities_unique_to_accident_index,No_of_Vehicles_involved_unique_to_accident_index,location_easting_osgr,location_northing_osgr,police_force,number_of_vehicles,number_of_casualties,day_of_week,local_authority_(district),1st_road_class,1st_road_number,road_type,speed_limit,junction_detail,junction_control,2nd_road_class,2nd_road_number,pedestrian_crossing-human_control,pedestrian_crossing-physical_facilities,light_conditions,weather_conditions,road_surface_conditions,special_conditions_at_site,carriageway_hazards,urban_or_rural_area,did_police_officer_attend_scene_of_accident,casualty_reference,casualty_class,sex_of_casualty,age_of_casualty,age_band_of_casualty,casualty_severity,pedestrian_location,pedestrian_movement,car_passenger,bus_or_coach_passenger,pedestrian_road_maintenance_worker,casualty_type,casualty_home_area_type,casualty_imd_decile
3,2,9,0,18,0,0,0,0,0,0,4,1,1,2,41,7,1388,1,6,1,2,2,548369,199230,42,2,2,5,456,1,25,3,70,0,4,6,0,0,0,1,8,2,0,0,2,1,2,2,1,62,9,3,0,0,1,0,0,9,1,2
3,1,3,0,4,0,8,2,0,0,0,0,1,6,1,23,5,124,1,3,1,1,1,406673,424183,13,1,1,3,202,3,58,6,30,3,4,6,0,0,0,1,1,1,0,2,1,1,1,1,1,23,5,3,0,0,0,0,0,3,1,3
3,2,9,0,18,0,1,0,0,0,0,2,1,2,1,20,4,1198,1,4,3,1,3,626026,249368,37,3,1,4,415,3,12,1,60,1,4,4,1079,0,0,1,1,1,0,0,1,1,1,1,1,20,4,3,0,0,0,0,0,9,3,5
3,1,9,0,18,0,0,1,0,4,6,3,1,6,1,50,8,1968,2,7,1,1,1,312830,675560,95,1,1,1,923,1,9,3,70,0,4,6,0,0,0,1,5,2,0,0,2,1,1,1,1,50,8,3,0,0,0,0,0,9,1,5
3,1,9,0,18,0,0,0,0,0,0,1,1,6,3,38,7,1598,1,8,1,1,1,541050,182210,1,1,1,7,17,3,112,6,30,0,4,6,0,0,0,4,1,1,0,0,1,2,1,3,1,19,4,3,5,1,0,0,2,0,1,2
3,2,1,0,18,0,8,0,0,0,0,4,1,1,2,41,7,1598,1,8,1,1,2,479468,353199,31,2,1,2,345,6,0,1,30,1,4,6,0,0,0,1,1,1,0,0,1,2,1,1,2,41,7,3,0,0,0,0,0,1,1,4
2,2,5,0,18,0,8,0,0,0,0,4,1,1,1,58,9,1598,1,8,1,1,2,381280,411040,6,2,1,3,101,4,6221,6,30,3,4,6,0,0,0,1,1,1,0,0,1,1,1,1,1,58,9,2,0,0,0,0,0,5,1,4
3,1,9,0,17,0,0,0,0,7,0,1,1,6,1,30,6,1598,1,8,1,1,1,304859,368102,60,1,1,3,723,6,0,6,60,0,4,6,0,0,0,1,2,2,0,0,2,1,1,1,1,30,6,3,0,0,0,0,0,9,1,5
2,1,9,0,5,0,1,0,0,0,0,1,1,6,1,20,4,1242,1,8,1,1,2,265512,673963,97,2,1,6,920,3,806,3,30,6,2,6,0,0,0,4,1,1,0,0,1,1,1,1,1,33,6,3,0,0,0,0,0,9,1,5
3,2,9,0,7,0,8,0,0,0,0,4,1,6,1,65,9,1596,1,2,1,1,2,460110,99597,44,2,1,3,493,4,3333,6,30,8,4,6,0,0,0,1,1,1,0,0,1,1,1,1,1,33,6,3,0,0,0,0,0,9,1,5
3,1,9,0,5,0,0,0,0,0,0,1,1,3,1,55,8,1798,1,12,1,1,2,495336,202372,43,2,1,5,478,6,4059,9,30,0,4,6,0,0,0,1,1,1,0,0,1,1,1,3,1,34,6,3,9,5,0,0,0,0,1,5
3,1,21,0,5,0,1,0,0,0,0,1,1,1,1,47,8,11967,2,4,1,1,2,531460,183130,1,2,1,4,3,3,501,6,30,6,2,3,401,0,5,4,1,1,0,0,1,1,1,1,1,33,6,3,0,0,0,0,0,9,1,5
3,2,9,0,16,0,0,0,0,0,0,1,1,6,1,32,6,2393,1,5,2,2,2,373990,342400,22,2,2,2,286,3,525,6,60,0,4,6,0,0,0,1,1,2,0,0,2,1,2,1,1,32,6,3,0,0,0,0,0,9,2,7
3,1,9,0,9,0,6,0,0,0,0,0,1,6,3,38,7,1498,1,8,1,1,2,549590,152120,46,2,1,6,538,6,2722,6,30,3,4,6,0,0,0,1,1,1,0,0,2,2,1,1,1,33,6,3,0,0,0,0,0,9,1,5
3,1,9,0,3,0,1,0,0,0,0,2,1,6,1,24,5,1598,1,3,1,6,2,544420,188130,1,2,6,7,14,3,12,3,40,3,4,6,0,0,0,4,1,1,0,0,1,1,2,2,1,22,5,3,0,0,1,0,0,9,1,2
3,2,9,0,13,0,0,0,0,0,0,4,1,6,1,30,6,1598,1,8,1,1,2,533650,186900,1,2,1,5,4,3,10,6,30,0,4,6,0,0,0,1,1,1,0,0,1,2,1,1,1,33,6,3,0,0,0,0,0,9,1,5
2,3,9,0,18,0,1,0,0,0,0,1,1,6,1,23,5,698,1,12,1,2,3,510040,429901,16,3,2,5,228,6,0,6,30,2,4,6,0,0,0,1,1,1,0,0,1,1,1,1,1,33,6,3,0,0,0,0,0,9,1,5
3,1,9,0,18,0,0,0,0,0,0,0,1,6,3,38,7,1598,1,8,1,1,1,412727,425665,13,1,1,3,202,6,0,9,20,0,4,6,0,0,0,1,2,2,7,0,1,2,1,3,2,15,3,3,5,9,0,0,0,0,1,10
3,1,3,0,18,0,8,0,0,0,0,1,1,6,1,26,6,1598,1,8,1,1,2,527540,175490,1,2,1,1,10,3,3036,6,30,3,4,6,0,0,0,1,1,1,0,0,1,1,1,1,1,26,6,3,0,0,0,0,0,3,1,9
3,2,9,0,17,0,8,0,0,0,0,4,1,6,1,79,11,1596,1,11,1,1,2,372030,400890,6,2,1,6,107,3,572,6,30,3,4,3,577,0,0,1,1,1,0,0,1,1,1,2,2,80,11,3,0,0,1,0,0,9,1,8
3,2,9,0,4,0,0,0,0,0,0,2,1,1,1,36,7,2231,2,8,1,2,2,578016,168531,46,2,2,3,544,5,374,6,30,0,4,6,0,0,0,1,1,1,0,0,1,1,2,2,1,9,2,3,0,0,2,0,0,9,1,1
3,1,9,0,18,0,0,0,0,0,0,2,1,6,2,45,7,1796,1,13,1,1,2,436228,121460,44,2,1,3,501,3,3090,6,30,0,4,6,0,0,0,1,1,2,0,0,1,1,1,1,1,33,6,3,0,0,0,0,0,9,1,5
3,2,11,0,17,0,8,0,0,0,0,1,1,6,1,47,8,7300,2,6,1,2,2,440010,349790,30,2,2,2,320,4,6179,6,30,3,4,6,0,0,4,1,7,2,4,2,1,1,1,1,1,47,8,3,0,0,0,0,0,11,1,6
3,2,9,0,18,0,0,0,0,0,0,2,1,6,2,61,9,1597,1,17,1,2,4,441910,113862,44,4,2,5,500,3,33,6,30,0,4,6,0,0,0,1,1,1,0,0,1,1,1,1,1,33,6,3,0,0,0,0,0,9,1,5
3,2,9,0,18,0,8,0,0,0,0,4,1,6,2,53,8,1598,1,2,1,2,2,471308,106836,44,2,2,6,495,4,2149,3,30,3,4,6,0,0,4,1,1,1,0,0,1,1,1,1,2,53,8,3,0,0,0,0,0,9,1,10
2,1,9,0,18,0,0,0,0,7,0,3,1,6,1,71,10,2199,2,8,1,4,3,282205,628889,97,3,4,1,938,3,70,6,60,0,4,6,0,0,0,1,1,1,0,0,2,1,4,1,1,71,10,3,0,0,0,0,0,9,1,9
3,1,9,0,18,0,8,0,0,0,0,1,1,6,2,65,9,1997,2,2,1,2,2,533650,178310,1,2,2,3,8,3,2,3,30,6,2,4,214,0,5,1,1,1,0,0,1,1,1,1,2,65,9,3,0,0,0,0,0,9,1,5
3,2,9,0,17,0,8,0,0,0,0,4,1,6,1,34,6,1781,1,13,1,1,2,408170,292870,20,2,1,3,300,3,453,1,30,1,4,6,0,0,0,4,8,1,0,0,1,2,1,1,1,34,6,3,0,0,0,0,0,9,1,8
3,1,9,0,18,0,0,0,0,0,0,1,1,2,1,43,7,1461,2,8,2,1,1,445689,421828,13,1,1,6,206,3,645,6,30,0,4,6,0,0,0,1,4,2,0,0,1,1,1,3,2,36,7,3,5,1,0,0,0,0,1,1
3,1,4,0,18,0,0,0,0,0,0,3,1,6,1,40,7,955,1,12,1,1,4,348725,636295,95,4,1,7,914,6,0,6,30,0,4,6,0,0,0,1,1,1,0,0,1,1,1,2,2,42,7,3,0,0,0,0,0,4,1,5
3,1,9,0,18,0,0,0,0,0,0,1,1,6,1,23,5,1968,2,7,1,1,1,434130,280150,20,1,1,2,302,4,4109,6,30,0,4,6,0,0,0,1,2,2,0,0,1,1,1,3,2,19,4,3,5,1,0,0,0,0,1,1
2,2,22,0,5,0,8,0,0,0,0,3,1,5,1,86,11,1598,1,8,1,1,2,419379,255141,23,2,1,2,293,6,0,1,30,1,4,3,422,0,8,1,1,1,0,0,1,1,1,1,1,86,11,2,0,0,0,0,0,22,1,6
3,1,9,0,18,0,8,1,0,0,0,1,1,2,2,44,7,1396,1,11,1,1,3,419646,565591,10,3,1,6,147,3,1,3,60,5,2,3,69,0,5,1,2,2,0,0,1,1,1,1,2,44,7,3,0,0,0,0,0,9,1,2
2,2,1,0,18,0,8,0,0,0,0,1,1,6,1,73,10,1598,1,8,1,1,2,503215,102341,47,2,1,2,558,4,2140,1,30,1,4,6,0,0,0,1,1,1,0,0,1,1,1,1,1,73,10,2,0,0,0,0,0,1,1,3
3,1,9,0,18,0,8,0,0,0,0,1,1,6,1,30,6,1598,1,8,1,2,3,368940,405790,6,3,2,2,100,3,6,6,40,3,4,6,0,0,4,1,1,1,0,0,1,1,1,1,1,33,6,3,0,0,0,0,0,9,1,5
3,1,9,0,9,0,8,0,0,0,0,1,1,6,2,57,9,1497,8,7,1,1,1,524730,182210,1,1,1,3,1,3,404,6,30,3,4,6,0,0,4,4,1,1,0,0,1,1,1,3,2,64,9,3,4,1,0,0,2,0,1,1
3,1,9,0,7,0,5,0,0,0,0,4,1,2,2,35,6,1390,1,12,1,1,2,489087,407975,16,2,1,3,232,3,159,6,30,8,4,6,0,0,0,4,1,1,0,0,1,1,1,1,1,33,6,3,0,0,0,0,0,9,1,5
3,1,9,0,3,0,1,0,0,0,0,4,1,3,2,29,6,1798,2,11,1,1,2,452865,318783,33,2,1,5,362,3,6004,1,40,1,2,5,3210,0,5,1,1,1,0,0,1,2,1,1,2,29,6,3,0,0,0,0,0,9,1,3
3,1,9,0,18,0,8,2,10,0,0,1,1,6,1,17,4,1598,1,8,1,1,1,520750,180510,1,1,1,4,27,6,0,6,30,3,4,6,0,0,0,1,2,2,0,0,1,1,1,1,1,17,4,3,0,0,0,0,0,9,1,5
3,2,1,0,18,0,8,0,0,0,0,4,1,6,2,29,6,1598,1,8,1,1,2,481913,211961,43,2,1,7,476,5,173,1,30,1,4,5,173,0,0,1,4,2,0,0,1,1,1,1,2,29,6,3,0,0,0,0,0,1,1,2
3,1,9,0,18,0,1,0,0,0,0,1,1,1,1,22,5,1598,1,8,1,3,2,522729,156852,45,2,3,6,513,4,290,6,30,3,4,6,0,0,0,1,1,4,0,0,1,1,2,2,1,28,6,3,0,0,1,0,0,9,1,8
1,2,9,0,17,0,0,0,0,0,0,1,1,6,2,45,7,1598,1,15,1,6,2,252007,84676,50,2,6,1,589,3,386,6,60,0,4,6,0,0,0,1,1,2,0,0,2,1,4,2,2,13,3,2,0,0,2,0,0,9,1,5
3,2,1,0,9,0,8,0,0,0,0,1,1,1,1,38,7,1598,1,8,1,1,2,528550,177940,1,2,1,5,12,3,3216,6,30,6,2,3,3212,0,5,1,2,2,0,0,1,1,1,1,1,38,7,3,0,0,0,0,0,1,1,5
2,2,9,0,18,0,8,0,0,0,0,0,1,1,1,36,7,1596,1,8,1,1,2,360476,387859,7,2,1,3,128,3,5061,6,30,3,4,6,0,0,1,1,1,1,0,0,1,2,1,1,1,36,7,2,0,0,0,0,0,9,1,1
3,2,21,1,18,0,0,0,0,0,0,2,1,6,3,38,7,1598,1,8,1,1,2,421753,180947,54,2,1,4,633,1,4,3,70,0,4,6,0,0,0,1,1,1,0,0,2,1,1,1,1,33,6,3,0,0,0,0,0,9,1,5
3,1,9,0,18,0,8,1,0,0,0,1,1,6,1,18,4,1197,1,4,1,1,2,423001,564360,10,2,1,4,147,6,1090,6,30,6,4,6,1090,0,0,4,1,2,0,0,1,1,1,1,1,33,6,3,0,0,0,0,0,9,1,5
3,1,19,0,4,0,0,0,0,0,0,4,1,6,2,41,7,1598,1,8,1,1,2,528970,184490,1,2,1,7,2,3,400,6,30,0,4,6,0,0,1,1,1,1,0,0,1,1,1,1,1,33,6,3,0,0,0,0,0,9,1,5
3,1,8,0,9,0,8,0,0,0,0,1,1,1,1,28,6,1339,8,4,1,1,2,517500,178120,1,2,1,1,25,3,4,3,40,6,2,4,452,0,0,4,1,1,0,0,1,1,1,1,1,28,6,3,0,0,0,0,0,8,1,2
3,2,9,0,9,0,8,0,0,0,0,1,1,6,1,38,7,1461,2,4,1,1,2,517550,174340,1,2,1,6,24,3,305,6,30,3,3,6,0,0,0,4,1,1,0,0,1,2,1,1,1,33,6,3,0,0,0,0,0,9,1,5
3,1,9,0,16,0,0,0,10,1,10,1,1,3,2,36,7,1598,1,5,1,5,1,419615,320653,21,1,5,2,251,5,58,6,60,0,4,6,0,0,0,1,1,1,0,0,2,1,3,2,1,11,3,3,0,0,2,0,0,9,1,6
3,1,9,0,18,0,1,0,0,0,0,4,1,2,2,34,6,1598,1,8,1,1,1,312919,181099,62,1,1,4,741,4,4262,6,30,3,4,6,0,0,0,1,1,1,0,0,2,1,1,3,1,84,11,3,5,1,0,0,0,0,1,5
1,1,9,0,11,7,0,0,0,1,4,1,1,6,1,75,10,1388,1,10,1,1,1,350310,448100,4,1,1,1,85,1,6,3,70,0,4,6,0,0,0,6,5,2,0,0,2,1,1,1,1,75,10,1,0,0,0,0,0,9,1,7
3,1,9,0,18,0,1,0,0,0,0,1,1,1,1,65,9,1598,1,8,1,2,2,430238,100214,44,2,2,4,496,3,337,6,50,8,4,6,0,0,0,1,1,1,0,0,2,1,1,1,1,65,9,3,0,0,0,0,0,9,1,5
3,1,1,0,18,0,0,1,4,0,0,1,1,6,1,60,9,1598,1,8,1,1,2,343160,382879,5,2,1,7,91,6,0,6,30,0,4,6,0,0,0,1,1,1,0,0,1,1,1,1,1,60,9,3,0,0,0,0,0,1,1,2
3,2,9,0,3,0,0,0,0,0,0,2,1,6,1,27,6,1229,1,1,1,5,3,534320,196760,1,3,5,4,32,3,10,3,40,0,4,6,0,0,5,1,1,1,0,0,1,1,1,1,1,27,6,3,0,0,0,0,0,9,1,3
3,2,9,0,4,0,1,0,0,0,0,2,1,6,2,40,7,1598,1,8,1,1,3,224709,382178,60,3,1,5,720,3,5154,6,30,8,4,6,0,0,5,1,1,1,0,0,1,1,1,1,2,40,7,3,0,0,0,0,0,9,1,5
3,2,9,0,18,0,0,0,0,0,0,2,1,1,2,42,7,1598,1,8,1,4,3,387455,348187,21,3,4,6,257,6,0,3,30,0,4,6,0,0,0,1,2,2,0,0,1,2,5,1,2,42,7,3,0,0,0,0,0,9,1,2
3,2,9,0,2,0,1,0,0,0,0,2,1,6,3,38,7,1598,1,8,1,1,2,531350,169360,1,2,1,7,20,6,0,6,30,3,4,6,0,0,0,4,1,2,0,0,1,1,1,1,1,33,6,3,0,0,0,0,0,9,1,5
3,1,9,0,13,0,8,0,0,0,0,1,2,6,1,62,9,1582,1,52,1,2,3,400650,200761,53,3,2,6,621,3,429,6,60,8,4,6,0,0,0,1,1,1,0,0,2,1,1,1,1,62,9,3,0,0,0,0,0,9,1,5
3,1,9,0,4,0,1,0,0,0,0,1,1,2,1,30,6,1781,1,23,1,1,1,378800,422940,4,1,1,3,82,3,680,6,30,9,4,6,0,1,1,1,1,2,0,0,1,1,1,3,1,11,3,3,4,1,0,0,0,0,1,5
3,1,9,0,4,0,1,0,0,0,0,0,1,6,3,40,7,1598,1,8,1,1,2,528447,105166,47,2,1,2,565,6,0,6,20,3,2,3,2023,0,5,1,1,1,0,0,1,2,1,1,1,33,6,3,0,0,0,0,0,9,1,5
3,2,9,0,4,0,1,0,0,0,0,1,1,6,2,19,4,1995,2,5,1,1,4,383041,382178,7,4,1,7,129,3,538,6,30,3,4,6,0,0,0,1,2,2,0,0,2,1,1,1,1,33,6,3,0,0,0,0,0,9,1,5
1,1,9,0,18,0,4,0,0,0,0,1,1,2,1,67,10,1398,1,3,1,2,2,254521,658802,97,2,2,2,922,3,727,3,30,1,4,4,769,0,0,1,5,2,0,0,2,1,1,1,1,67,10,1,0,0,0,0,0,9,1,5
3,1,8,0,18,0,0,0,0,0,0,1,1,3,1,39,7,1997,2,8,1,2,2,424692,322300,21,2,2,4,251,3,5189,6,30,0,4,6,0,0,0,1,2,2,0,0,1,2,2,2,2,15,3,3,0,0,2,0,0,8,1,3
3,2,9,0,18,0,1,0,0,0,0,1,1,6,1,38,7,1598,1,14,1,1,2,531310,167710,1,2,1,6,20,4,266,6,30,3,4,3,235,0,0,4,5,2,0,0,1,2,1,1,1,33,6,3,0,0,0,0,0,9,1,5
3,2,9,0,3,0,1,0,0,0,0,2,1,6,1,28,6,1596,1,10,1,1,2,385387,157721,54,2,1,7,635,3,363,6,30,3,2,6,0,0,0,1,1,1,0,0,1,2,1,1,1,28,6,3,0,0,0,0,0,9,1,5
2,1,8,0,18,0,8,0,0,0,0,1,1,1,1,67,10,2664,2,14,3,1,1,527830,181720,1,1,1,4,1,3,41,2,30,5,2,5,0,0,5,1,1,1,0,0,1,1,1,3,2,4,1,2,4,1,0,0,2,0,1,5
3,3,9,0,3,0,1,0,0,0,0,2,1,6,1,40,7,2496,1,13,1,7,4,393480,399020,6,4,7,1,110,3,627,2,30,6,2,5,0,0,5,1,1,1,0,0,1,1,6,2,2,10,2,3,0,0,2,0,0,9,1,2
3,1,9,0,18,0,0,0,0,0,0,1,1,6,1,23,5,1124,1,12,1,1,2,511925,110660,47,2,1,3,562,3,24,6,60,0,4,6,0,0,0,1,1,1,0,0,2,1,1,1,1,33,6,3,0,0,0,0,0,9,1,5
3,2,9,0,2,0,0,0,0,0,0,4,1,6,2,22,5,2143,2,2,1,2,3,534910,192610,1,3,2,1,32,6,0,6,30,0,4,6,0,0,0,4,1,1,0,0,1,1,1,1,2,22,5,3,0,0,0,0,0,9,1,6
3,2,9,0,4,0,6,0,0,0,0,2,1,6,1,39,7,1598,1,8,1,1,2,248620,57798,50,2,1,4,583,3,38,3,70,5,4,6,0,0,0,1,1,1,0,0,1,1,1,1,1,33,6,3,0,0,0,0,0,9,1,5
3,2,9,0,18,0,8,0,0,0,0,3,1,6,1,34,6,3246,1,12,1,2,3,389280,413650,6,3,2,3,106,3,680,6,30,3,4,6,0,0,0,1,1,1,0,0,1,1,2,1,1,34,6,3,0,0,0,0,0,9,1,3
3,1,9,0,18,0,0,0,0,0,0,3,1,6,2,36,7,1461,2,10,2,1,1,497479,150330,45,1,1,4,511,6,4001,6,30,0,4,6,0,0,0,1,1,1,0,0,1,2,1,3,1,7,2,3,10,9,0,0,0,0,1,5
3,1,1,0,17,0,8,0,0,0,0,4,1,1,1,23,5,1598,1,8,1,1,3,515121,102625,47,3,1,5,564,3,259,6,30,3,4,6,0,0,5,5,2,2,0,0,1,1,1,1,1,23,5,3,0,0,0,0,0,1,1,2
2,1,10,0,18,0,0,0,0,0,0,0,1,1,2,54,8,2287,2,7,1,1,1,378400,431650,4,1,1,3,72,3,56,3,70,0,4,6,0,0,0,1,1,1,0,0,2,1,1,2,2,90,11,2,0,0,0,0,0,10,3,6
2,2,20,0,2,0,0,0,0,0,0,2,1,1,1,46,8,1598,1,8,1,1,2,300819,186908,62,2,1,2,744,6,0,6,30,0,4,6,0,0,0,1,1,1,0,0,2,1,1,1,1,33,6,3,0,0,0,0,0,9,1,5
3,1,11,0,5,0,2,0,0,0,0,0,1,1,1,38,7,9360,2,5,1,1,1,506110,183170,1,1,1,7,26,3,4020,3,40,3,2,5,0,0,5,1,1,1,0,0,1,2,1,2,2,37,7,3,0,0,0,3,0,11,1,4
3,2,1,0,14,4,1,0,0,0,0,4,1,6,1,37,7,1598,1,8,1,1,2,532000,187600,1,2,1,7,4,3,105,6,30,3,4,6,0,0,0,4,1,1,0,0,1,1,1,1,1,37,7,3,0,0,0,0,0,1,1,1
3,1,8,0,18,0,1,0,0,0,0,1,1,1,1,38,7,1997,2,6,1,2,2,533910,190710,1,2,2,6,31,3,1010,6,30,3,4,6,0,0,0,1,1,1,0,0,1,2,2,2,2,21,5,3,0,0,2,0,0,8,1,1
2,2,5,0,9,0,8,0,0,0,0,4,1,6,1,44,7,1598,1,8,1,2,2,552120,182730,1,2,2,6,15,3,125,6,30,8,4,6,0,0,0,4,1,1,0,0,1,1,2,2,1,30,6,2,0,0,0,0,0,5,1,5
3,2,1,0,18,0,8,0,0,0,0,3,1,6,1,50,8,1598,1,8,1,1,2,522270,176810,1,2,1,1,24,6,0,6,30,6,4,5,0,0,0,1,1,1,0,0,1,1,1,1,1,50,8,3,0,0,0,0,0,1,1,7
3,2,19,0,18,0,1,0,0,0,0,1,1,6,1,38,7,1598,1,8,1,1,2,460932,405860,14,2,1,7,211,3,18,6,40,1,4,3,18,0,0,1,1,1,0,0,1,2,1,1,1,33,6,3,0,0,0,0,0,9,1,5
3,1,9,0,18,0,1,0,0,0,0,1,1,6,1,23,5,999,1,14,1,1,2,435531,209902,43,2,1,6,485,6,410,6,30,7,4,6,0,0,1,4,1,1,0,0,1,2,1,1,1,33,6,3,0,0,0,0,0,9,1,5
3,1,9,0,18,0,1,0,0,0,0,1,1,6,1,33,6,1598,1,13,1,2,2,431761,570432,10,2,2,1,148,3,191,6,50,3,2,5,202,0,0,1,1,1,0,0,2,1,1,1,1,33,6,3,0,0,0,0,0,9,1,2
3,5,9,0,3,0,0,0,0,0,0,2,1,6,1,31,6,1364,1,8,1,2,5,252135,662598,97,5,2,6,926,3,736,3,30,0,4,6,0,0,5,1,1,1,0,0,1,1,1,1,1,33,6,3,0,0,0,0,0,9,1,5
3,1,9,0,9,0,8,0,0,0,0,0,1,6,3,38,7,1598,1,8,1,1,2,577197,166788,46,2,1,4,544,5,97,6,30,3,4,6,0,0,0,1,1,1,0,0,1,2,1,1,1,33,6,3,0,0,0,0,0,9,1,5
3,1,9,0,7,4,5,0,0,0,0,1,1,2,2,62,9,1299,1,14,1,1,2,393030,301110,20,2,1,3,309,3,460,6,30,8,4,6,0,0,0,1,1,1,0,0,1,2,1,1,1,33,6,3,0,0,0,0,0,9,1,5
3,2,9,0,4,0,0,0,0,0,0,1,1,6,1,55,8,1995,2,2,1,1,2,544570,187390,1,2,1,7,14,5,0,6,30,0,4,6,0,0,0,1,1,2,0,0,1,1,1,1,1,33,6,3,0,0,0,0,0,9,1,5
3,1,21,1,11,0,0,0,0,0,0,1,1,1,1,63,9,12777,2,8,1,1,2,425351,558526,10,2,1,6,146,3,1,3,30,0,4,6,0,0,0,1,1,1,0,0,2,1,1,1,1,33,6,3,0,0,0,0,0,9,1,5
3,1,9,0,18,0,0,0,0,0,0,1,1,6,1,63,9,1999,1,7,1,1,3,296592,576452,98,3,1,3,917,3,76,3,30,0,4,6,0,0,0,1,1,1,0,7,1,1,1,1,1,33,6,3,0,0,0,0,0,9,1,5
3,2,9,0,18,0,0,0,0,0,0,1,1,6,1,38,7,2498,1,18,1,2,2,406740,285220,20,2,2,4,300,3,38,6,30,0,4,6,0,0,4,1,1,1,0,0,1,1,1,1,1,33,6,3,0,0,0,0,0,9,1,5
2,1,9,0,18,0,0,0,0,0,0,1,1,6,1,38,7,1598,1,8,1,1,1,407330,286760,20,1,1,6,300,4,4100,3,30,0,4,6,0,0,4,4,1,1,0,0,1,2,1,3,1,29,6,2,3,2,0,0,0,0,1,1
3,2,1,0,9,0,3,0,0,0,0,1,1,6,1,37,7,1598,1,8,1,1,2,406220,286890,20,2,1,4,300,6,0,1,30,1,4,6,0,0,0,1,9,1,0,0,1,2,1,1,1,37,7,3,0,0,0,0,0,1,1,1
3,1,1,0,16,0,0,0,0,0,0,1,1,6,1,49,8,1598,1,8,1,1,2,517690,151885,45,2,1,1,512,6,331,6,30,0,4,6,0,0,0,1,1,1,0,0,2,2,1,1,1,49,8,3,0,0,0,0,0,1,1,10
2,2,8,0,18,0,8,1,0,0,0,3,1,1,1,22,5,1797,8,6,1,4,2,455564,342900,31,2,4,2,346,3,6514,6,40,6,2,4,682,0,4,1,2,2,0,0,1,1,4,1,1,22,5,3,0,0,0,0,0,8,1,6
3,1,5,0,18,0,8,0,0,0,0,1,1,1,1,39,7,1598,1,8,1,1,2,526450,178490,1,2,1,7,12,3,3218,6,30,6,2,5,0,0,5,1,1,1,0,0,1,1,1,1,1,39,7,3,0,0,0,0,0,5,1,5
3,1,9,0,9,0,1,1,0,4,2,1,1,2,2,44,7,1896,2,13,1,1,1,485101,234800,43,1,1,3,479,3,421,3,70,3,4,6,1030,0,0,1,1,1,0,0,1,1,1,1,2,44,7,3,0,0,0,0,0,9,1,8
3,2,8,0,9,0,8,0,0,0,0,1,1,1,1,35,6,1956,2,3,1,1,2,534450,184780,1,2,1,2,4,3,1207,6,30,6,4,5,0,0,0,1,1,2,0,0,1,1,1,1,1,33,6,3,0,0,0,0,0,9,1,5
3,1,9,0,7,4,1,0,0,0,0,1,1,6,1,54,8,1968,2,11,3,1,2,254903,671124,97,2,1,1,920,3,81,1,30,1,4,6,0,0,0,1,1,1,0,0,1,1,1,1,1,33,6,3,0,0,0,0,0,9,1,5
3,2,1,0,18,0,1,0,0,0,0,4,1,6,2,70,10,1598,1,8,1,1,2,525100,270210,35,2,1,4,393,6,0,6,30,3,4,6,0,0,0,1,1,1,0,0,2,2,1,1,2,70,10,3,0,0,0,0,0,1,1,5
3,2,9,0,5,0,8,0,0,0,0,1,1,6,1,22,5,1364,1,8,1,4,2,437879,417895,13,2,4,7,206,6,0,6,30,3,4,6,0,0,0,1,1,1,0,0,2,1,4,1,1,22,5,3,0,0,0,0,0,9,1,5
3,2,9,0,18,0,8,0,0,1,0,3,1,6,2,51,8,1995,2,7,1,2,2,517031,166673,45,2,2,5,510,5,161,6,30,6,4,6,0,0,0,1,1,1,4,0,1,1,2,1,2,51,8,3,0,0,0,0,0,9,1,10
3,2,1,0,18,0,8,0,0,0,0,2,1,6,1,49,8,1598,1,8,3,1,2,361720,504790,3,2,1,6,64,3,685,1,60,1,4,6,0,0,0,1,1,1,0,0,2,1,1,1,1,49,8,3,0,0,0,0,0,1,3,5
3,3,9,0,1,0,0,0,0,0,0,2,1,6,2,38,7,1968,2,7,1,2,3,392719,299398,20,3,2,3,309,3,4124,6,30,0,4,6,0,0,4,7,2,2,0,7,1,2,1,1,2,38,7,3,0,0,0,0,0,9,1,2
2,2,11,0,13,0,0,0,0,0,0,4,1,1,1,40,7,9200,2,12,1,1,2,621995,310917,36,2,1,4,404,3,1402,6,30,0,4,6,0,0,0,1,1,1,0,0,1,1,1,1,1,33,6,3,0,0,0,0,0,9,1,5
3,2,9,0,18,0,8,0,0,0,0,4,1,6,2,46,8,1686,2,8,3,3,2,349470,411030,4,2,3,1,84,6,0,6,30,6,4,6,0,0,0,1,1,1,0,0,2,1,1,1,2,46,8,3,0,0,0,0,0,9,3,9
2,3,9,0,4,0,0,0,0,0,0,2,1,6,1,41,7,1399,2,3,1,9,5,602000,159590,46,5,9,7,540,1,2,3,70,0,4,6,0,0,0,1,1,1,0,0,2,1,6,2,1,66,10,3,0,0,1,0,0,9,1,5