accident_severity,vehicle_reference,vehicle_type,towing_and_articulation,vehicle_manoeuvre,vehicle_location-restricted_lane,junction_location,skidding_and_overturning,hit_object_in_carriageway,vehicle_leaving_carriageway,hit_object_off_carriageway,1st_point_of_impact,was_vehicle_left_hand_drive?,journey_purpose_of_driver,sex_of_driver,age_of_driver,age_band_of_driver,engine_capacity_(cc),propulsion_code,age_of_vehicle,driver_home_area_type,NUmber_of_Casualities_unique_to_accident_index,No_of_Vehicles_involved_unique_to_accident_index,location_easting_osgr,location_northing_osgr,police_force,number_of_vehicles,number_of_casualties,day_of_week,local_authority_(district),1st_road_class,1st_road_number,road_type,speed_limit,junction_detail,junction_control,2nd_road_class,2nd_road_number,pedestrian_crossing-human_control,pedestrian_crossing-physical_facilities,light_conditions,weather_conditions,road_surface_conditions,special_conditions_at_site,carriageway_hazards,urban_or_rural_area,did_police_officer_attend_scene_of_accident,casualty_reference,casualty_class,sex_of_casualty,age_of_casualty,age_band_of_casualty,casualty_severity,pedestrian_location,pedestrian_movement,car_passenger,bus_or_coach_passenger,pedestrian_road_maintenance_worker,casualty_type,casualty_home_area_type,casualty_imd_decile
3,1,20,0,18,0,0,0,0,0,0,0,1,1,1,53,8,4250,2,13,2,1,5,533903,108457,47,5,1,1,565,3,27,3,70,0,4,6,0,0,0,1,2,2,6,0,2,1,1,1,1,33,6,3,0,0,0,0,0,9,1,5
3,2,8,0,18,0,8,0,0,1,11,1,1,1,1,43,7,1968,2,7,1,4,2,523495,213039,41,2,4,3,438,6,582,6,30,6,4,6,316,0,0,1,1,1,0,0,1,1,2,1,1,43,7,3,0,0,0,0,0,8,1,2
1,1,90,0,18,0,0,0,0,0,0,4,1,1,1,58,9,1598,1,8,3,1,1,409444,423329,13,1,1,4,202,6,0,6,30,0,4,6,0,0,0,1,1,1,0,0,1,1,1,3,1,59,9,1,6,9,0,0,0,0,1,2
3,2,9,0,18,0,1,0,0,0,0,3,1,6,1,52,8,1596,1,1,1,1,2,253383,664057,97,2,1,5,926,3,739,6,30,9,4,6,0,0,0,1,1,1,0,0,1,1,1,2,2,52,8,3,0,0,1,0,0,9,1,5
3,3,9,0,3,0,1,0,0,0,0,1,1,6,2,31,6,1796,1,7,1,9,3,342999,383781,5,3,9,2,91,6,0,3,30,6,4,6,0,0,0,1,1,1,0,0,1,1,9,2,1,3,1,3,0,0,2,0,0,9,1,7
2,1,5,0,18,0,0,1,0,2,0,4,1,6,1,26,6,598,1,18,3,1,2,160674,34569,50,2,1,6,596,4,3280,6,30,0,4,6,0,0,0,1,2,2,0,0,2,1,1,1,1,26,6,2,0,0,0,0,0,5,3,5
3,2,1,0,9,0,6,0,0,0,0,1,1,6,1,25,5,1598,1,8,1,1,2,480478,353233,31,2,1,5,345,4,6326,6,30,3,4,6,0,0,0,1,1,1,0,0,1,1,1,1,1,25,5,3,0,0,0,0,0,1,1,4
3,2,9,0,6,0,0,0,0,0,0,4,1,6,1,20,4,1149,1,12,1,2,2,525090,167500,1,2,2,7,22,3,24,6,30,0,4,6,0,0,0,1,1,1,0,0,1,1,1,1,1,33,6,3,0,0,0,0,0,9,1,5
3,2,9,0,18,0,8,0,10,1,7,3,1,6,1,25,5,1598,1,6,1,2,2,493861,407422,16,2,2,4,232,3,18,3,70,3,4,4,1398,0,0,1,1,1,0,0,2,1,2,2,1,22,5,3,0,0,1,0,0,9,1,9
2,2,5,0,13,0,8,0,0,0,0,1,1,6,1,25,5,599,1,13,1,1,2,443029,104757,44,2,1,4,496,3,326,6,40,3,4,6,0,0,0,1,1,2,0,0,1,1,1,1,1,25,5,2,0,0,0,0,0,5,1,5
3,2,9,0,7,0,6,0,0,0,0,1,1,6,1,42,7,1769,1,10,1,1,2,498933,180090,43,2,1,7,473,3,412,3,40,5,2,6,7302,0,5,1,1,1,0,0,1,1,1,1,1,42,7,3,0,0,0,0,0,9,1,4
3,1,9,0,18,0,0,1,0,0,0,1,1,6,1,19,4,1198,1,12,1,1,1,496272,157348,45,1,1,7,518,3,324,9,60,0,4,6,0,0,0,1,2,2,0,0,2,1,1,1,1,19,4,3,0,0,0,0,0,9,1,5
3,2,9,0,5,0,4,0,0,0,0,2,1,6,1,36,7,1240,1,9,1,4,2,536080,204160,41,2,4,1,430,4,156,6,30,1,4,3,10,0,0,1,1,1,0,0,1,1,4,2,1,0,1,3,0,0,2,0,0,9,1,7
2,2,9,0,18,0,1,0,0,0,0,1,1,1,1,32,6,1598,1,8,1,3,3,431434,211023,43,3,3,3,485,4,4047,6,40,3,4,6,0,0,0,1,1,2,0,0,2,1,1,1,1,32,6,3,0,0,0,0,0,9,1,8
3,2,9,0,4,0,1,0,0,0,0,2,1,6,1,51,8,2987,2,8,1,2,2,344380,462520,4,2,2,2,76,4,5273,6,30,3,4,6,0,0,0,1,1,1,0,0,1,1,2,1,1,51,8,3,0,0,0,0,0,9,1,5
3,2,9,0,12,0,0,0,0,0,0,4,1,1,2,40,7,1149,1,4,1,1,2,639570,167020,46,2,1,2,541,6,4123,6,30,0,4,6,0,0,0,1,9,2,0,0,1,1,1,1,2,40,7,3,0,0,0,0,0,9,1,5
3,1,9,0,18,0,8,1,0,2,7,4,1,6,1,26,6,1598,1,8,1,1,1,416055,446934,13,1,1,1,200,3,65,3,70,1,4,6,0,0,0,4,1,1,0,0,2,1,1,2,1,23,5,3,0,0,1,0,0,9,1,6
3,2,11,0,9,0,4,0,0,0,0,0,1,1,1,35,6,9000,2,4,2,1,2,453974,344699,31,2,1,1,346,6,0,1,30,2,4,6,0,0,0,1,1,1,0,0,1,2,1,2,2,33,6,3,0,0,0,4,0,11,1,1
3,2,9,0,18,0,1,0,0,0,0,1,1,6,3,30,6,1598,1,8,1,1,2,400249,288864,20,2,1,6,305,6,0,6,30,6,4,6,0,0,0,1,9,1,0,0,1,2,1,1,1,33,6,3,0,0,0,0,0,9,1,5
3,1,20,0,11,0,0,0,0,0,0,1,1,2,1,37,7,1598,1,8,1,2,4,572730,157740,46,4,2,7,542,3,20,3,40,0,4,6,0,0,4,1,1,1,0,0,1,1,1,1,1,33,6,3,0,0,0,0,0,9,1,5
2,2,9,0,2,0,0,0,0,0,0,2,1,6,1,60,9,1896,2,11,1,1,2,556620,281620,35,2,1,2,391,5,134,6,60,0,4,6,0,0,0,6,8,2,0,0,2,1,1,3,1,60,9,2,9,5,0,0,0,0,3,4
3,2,9,0,5,0,4,0,0,0,0,1,1,2,2,53,8,1598,1,15,1,1,2,518522,468498,16,2,1,2,231,4,1255,1,30,1,4,6,0,0,0,1,1,1,0,0,1,2,1,1,1,33,6,3,0,0,0,0,0,9,1,5
3,1,9,0,7,0,0,1,0,7,11,1,2,6,1,34,6,1598,1,8,1,1,1,508375,221213,40,1,1,7,421,6,0,6,20,0,4,6,0,0,0,1,1,1,0,0,1,1,1,3,1,46,8,3,6,9,0,0,0,0,1,5
3,1,21,0,18,0,0,0,0,0,0,0,1,1,1,27,6,12580,2,10,3,1,2,340680,409620,4,2,1,6,84,3,570,6,40,0,4,6,0,0,0,1,1,1,0,0,2,1,1,1,1,33,6,3,0,0,0,0,0,9,1,5
2,2,5,0,18,0,8,0,0,0,0,4,1,6,1,62,9,998,1,12,1,2,2,513197,238787,40,2,2,7,424,3,507,1,40,1,4,3,600,0,8,4,1,1,0,0,1,1,1,1,1,62,9,2,0,0,0,0,0,5,1,6
3,2,9,0,18,0,0,0,0,0,0,1,1,1,1,28,6,3311,8,8,1,1,2,434727,557052,10,2,1,4,150,3,19,3,70,0,4,6,0,0,0,1,2,2,0,0,2,1,1,1,1,28,6,3,0,0,0,0,0,9,1,2
3,1,9,0,4,0,0,1,0,0,0,2,1,6,1,46,8,1598,2,2,1,1,2,444870,361180,30,2,1,2,321,1,1,3,70,0,4,6,0,0,0,1,1,1,4,0,2,1,1,1,1,33,6,3,0,0,0,0,0,9,1,5
3,1,9,0,18,0,1,0,0,0,0,4,1,1,1,68,10,1598,1,8,3,1,1,381140,425310,4,1,1,6,82,6,0,6,30,3,4,6,0,0,1,1,2,2,0,0,1,1,1,3,1,65,9,3,1,1,0,0,0,0,1,7
3,1,2,0,18,0,0,0,0,0,0,1,1,6,2,18,4,49,1,15,1,1,3,511540,431158,16,3,1,5,228,6,0,6,30,0,4,6,0,0,0,4,1,2,0,0,1,1,1,1,2,18,4,3,0,0,0,0,0,2,1,3
3,1,9,0,18,0,0,0,0,0,0,4,1,6,2,68,10,1390,1,3,1,1,1,553080,191720,1,1,1,4,15,6,0,6,30,0,4,6,0,0,0,1,1,1,0,0,1,1,1,3,1,4,1,3,5,1,0,0,2,0,1,2
3,2,9,0,10,0,1,0,0,0,0,2,1,6,2,37,7,1229,1,9,2,1,2,337200,442480,4,2,1,4,85,3,588,6,30,9,4,3,588,0,1,1,9,1,0,0,2,1,1,1,2,37,7,3,0,0,0,0,0,9,2,6
3,2,9,0,18,0,3,0,0,0,0,1,1,6,1,49,8,1596,1,7,1,1,2,506343,161269,45,2,1,1,518,3,245,1,30,1,4,6,0,0,1,1,1,1,0,0,1,1,1,1,1,33,6,3,0,0,0,0,0,9,1,5
3,2,19,0,18,0,0,0,0,0,0,3,1,1,1,33,6,1598,1,8,1,1,2,408812,256435,23,2,1,2,293,3,46,6,60,0,4,6,0,0,0,1,1,2,0,0,2,1,1,1,1,33,6,3,0,0,0,0,0,9,1,5
2,2,19,0,18,0,0,0,0,1,1,2,1,1,1,43,7,1995,2,5,1,2,2,260420,668434,97,2,2,7,926,3,803,3,30,0,4,6,0,0,0,4,1,1,0,0,1,1,2,1,1,43,7,3,0,0,0,0,0,19,1,5
3,1,9,0,9,0,1,0,0,0,0,1,1,6,2,63,9,1998,1,12,1,5,2,539539,151414,45,2,5,6,516,6,423,6,30,3,4,6,0,0,0,1,1,1,0,0,1,1,1,1,1,33,6,3,0,0,0,0,0,9,1,5
3,1,1,0,18,0,8,1,0,0,0,4,1,6,1,68,10,1598,1,8,1,1,1,461670,99736,44,1,1,5,493,6,0,6,30,2,4,6,0,0,4,1,2,2,0,0,2,1,1,1,1,68,10,3,0,0,0,0,0,1,1,1
3,1,9,0,18,0,8,0,0,0,0,2,1,6,2,49,8,1598,1,10,1,1,2,526750,182550,1,2,1,4,1,3,5205,6,30,6,2,4,507,0,5,1,1,1,0,0,1,1,1,1,2,49,8,3,0,0,0,0,0,9,1,5
2,2,1,0,9,0,8,0,0,0,0,3,1,6,2,43,7,1598,1,8,1,1,2,515560,175540,1,2,1,2,25,5,0,1,30,2,4,6,0,0,0,1,1,1,0,0,1,1,1,1,2,43,7,2,0,0,0,0,0,1,1,4
3,2,9,0,18,0,0,1,0,4,6,3,1,6,2,30,6,1895,1,15,1,3,2,613622,302697,36,2,3,6,406,3,11,3,70,0,4,6,0,0,0,1,1,1,0,0,2,1,2,2,1,40,7,3,0,0,2,0,0,9,1,5
3,2,19,0,18,0,0,0,0,1,7,1,1,1,1,32,6,1598,1,8,3,2,2,484942,430868,16,2,2,4,231,1,62,3,70,0,4,6,0,0,0,1,5,2,0,0,2,1,2,1,1,32,6,3,0,0,0,0,0,19,3,4
3,1,8,0,18,0,2,0,0,0,0,4,1,1,1,42,7,1797,8,6,1,1,1,534480,192380,1,1,1,4,32,6,0,6,30,3,4,6,0,0,0,1,1,1,0,0,1,2,1,3,1,33,6,3,9,9,0,0,2,0,1,1
3,1,9,0,18,0,1,0,0,0,0,1,1,6,1,39,7,1997,2,4,1,1,2,434160,279690,20,2,1,1,302,6,0,6,30,3,4,6,0,0,0,1,9,1,0,0,1,1,1,1,1,33,6,3,0,0,0,0,0,9,1,5
3,2,1,0,18,0,8,0,0,0,0,3,1,6,1,24,5,1598,1,8,1,1,2,524160,184330,1,2,1,4,28,3,4003,6,30,9,4,5,0,0,0,7,1,1,0,0,1,1,1,1,1,24,5,3,0,0,0,0,0,1,1,3
3,2,9,0,9,0,8,0,0,0,0,3,1,6,1,39,7,1968,2,7,1,1,3,528430,172040,1,3,1,7,10,3,214,6,30,3,4,5,0,0,4,4,1,1,0,0,1,1,1,1,1,33,6,3,0,0,0,0,0,9,1,5
3,2,11,0,18,0,0,0,0,0,0,0,1,6,3,38,7,1598,1,8,1,1,2,416610,623832,10,2,1,3,139,3,1,3,70,0,4,6,0,0,0,1,1,4,5,0,2,1,1,1,1,33,6,3,0,0,0,0,0,9,1,5
3,2,9,0,13,0,0,0,0,0,0,1,1,6,2,31,6,1590,1,12,1,1,2,524780,270990,35,2,1,5,393,3,14,3,70,0,4,6,0,0,0,6,1,1,0,0,2,1,1,1,2,31,6,3,0,0,0,0,0,9,1,8
3,2,19,0,4,0,0,0,0,0,0,1,1,2,1,27,6,1686,2,11,1,2,2,449667,191416,43,2,2,6,483,3,4130,6,60,0,4,6,0,0,0,1,1,1,0,0,2,1,2,1,1,27,6,3,0,0,0,0,0,19,1,10
3,2,9,0,18,0,6,0,0,0,0,1,1,6,1,38,7,1598,1,8,1,1,2,434710,333580,30,2,1,4,323,6,0,6,30,3,4,6,0,0,4,1,1,1,0,0,1,1,1,1,1,33,6,3,0,0,0,0,0,9,1,5
3,2,9,0,3,0,0,0,0,0,0,2,1,6,1,54,8,1995,1,4,1,2,2,475111,260234,34,2,2,2,384,3,428,1,30,0,4,6,0,0,0,1,1,1,0,0,1,3,2,2,2,37,7,3,0,0,1,0,0,9,1,8
3,2,9,0,18,0,8,0,10,7,10,1,1,6,2,27,6,1149,1,13,1,2,2,392429,296796,20,2,2,5,309,6,0,6,30,6,4,6,0,0,0,4,9,1,0,0,1,1,1,1,2,27,6,3,0,0,0,0,0,9,1,1
3,1,9,0,18,0,6,0,0,0,0,1,1,6,2,21,5,1997,2,7,1,1,2,248620,57798,50,2,1,4,583,3,38,3,70,5,4,6,0,0,0,1,1,1,0,0,1,1,1,1,2,21,5,3,0,0,0,0,0,9,1,3
2,1,9,0,18,0,0,0,0,0,0,3,1,6,1,53,8,2435,1,14,1,1,2,557810,117485,47,2,1,5,556,4,2203,6,30,0,4,6,0,0,0,6,1,1,0,0,2,2,1,3,1,13,3,2,5,4,0,0,0,0,2,6
3,1,9,0,17,0,0,2,0,1,9,1,1,6,2,67,10,1364,1,7,2,1,1,458844,447135,12,1,1,2,189,5,289,6,60,0,4,6,0,0,0,1,2,2,0,0,2,1,1,1,2,67,10,3,0,0,0,0,0,9,2,10
3,1,8,0,9,0,8,0,0,0,0,2,1,1,1,48,8,1798,8,8,1,1,2,525240,178440,1,2,1,6,12,3,3220,2,30,3,4,6,0,0,0,4,1,1,0,0,1,1,1,1,1,33,6,3,0,0,0,0,0,9,1,5
3,2,9,0,4,0,0,0,0,0,0,2,1,6,1,51,8,2498,2,17,1,4,2,481382,240179,43,2,4,6,479,6,1129,6,30,0,4,6,0,0,0,4,1,2,0,0,2,1,4,2,1,31,6,3,0,0,2,0,0,9,1,5
3,1,9,0,1,0,0,0,0,0,0,2,1,6,2,51,8,2616,1,10,1,1,1,354256,115045,52,1,1,4,610,6,0,9,30,0,4,6,0,0,0,1,1,1,0,0,1,2,1,3,1,70,10,3,6,9,0,0,0,0,1,5
3,1,9,0,16,0,0,0,11,0,0,1,1,6,3,38,7,1598,1,8,1,1,1,337607,747418,93,1,1,6,912,6,0,6,60,0,4,6,0,0,0,1,1,1,0,0,2,2,1,3,2,17,4,3,9,8,0,0,0,0,3,5
3,1,9,0,18,0,1,0,0,0,0,4,1,1,2,20,4,1896,2,5,2,1,1,497882,371234,32,1,1,6,352,6,0,6,30,3,4,6,0,0,0,1,1,1,0,0,1,1,1,3,2,59,9,3,5,1,0,0,0,0,3,4
2,2,9,0,17,0,0,0,0,1,0,3,1,6,2,52,8,1461,2,2,2,2,2,350470,558510,3,2,2,5,62,3,69,6,60,0,4,6,0,0,0,1,1,1,0,0,2,1,2,1,2,52,8,3,0,0,0,0,0,9,2,5
2,3,9,0,2,0,0,0,0,0,0,3,1,6,3,38,7,1242,1,8,1,2,3,344834,385372,5,3,2,6,90,6,0,6,30,0,4,6,0,0,0,4,2,2,0,0,1,1,1,1,1,33,6,3,0,0,0,0,0,9,1,5
3,2,9,0,17,0,8,0,0,0,0,1,1,6,2,35,6,1598,1,10,1,1,2,458055,106035,44,2,1,2,492,6,0,6,30,3,4,6,0,0,0,1,4,2,0,0,2,1,1,1,2,35,6,3,0,0,0,0,0,9,1,9
3,1,9,0,18,0,0,1,10,1,2,1,1,6,1,37,7,2494,1,14,1,1,1,563612,313852,36,1,1,7,407,3,10,6,40,0,4,6,0,0,0,1,1,1,0,0,2,1,1,1,1,37,7,3,0,0,0,0,0,9,1,3
3,1,9,0,16,0,0,0,0,0,0,0,1,3,2,29,6,1997,2,6,3,1,1,293234,641783,97,1,1,5,938,6,0,6,60,0,4,6,0,0,0,1,1,1,0,0,2,1,1,3,1,32,6,3,9,8,0,0,0,0,3,5
3,3,19,0,18,0,0,0,0,0,0,1,1,1,1,38,7,1868,2,15,3,2,3,479568,354689,31,3,2,2,345,3,46,6,50,0,4,6,0,0,0,1,1,1,0,0,2,1,2,2,1,22,5,3,0,0,1,0,0,19,1,5
3,2,9,0,18,0,8,0,0,0,0,1,1,6,1,38,7,1896,2,13,1,1,2,520510,187380,1,2,1,7,28,4,454,6,30,3,4,6,0,0,0,1,1,1,0,0,1,1,1,1,1,33,6,3,0,0,0,0,0,9,1,5
3,2,11,0,2,0,0,0,0,0,0,0,1,6,3,38,7,1598,1,8,1,1,2,245890,262890,63,2,1,4,750,3,487,3,30,0,4,6,0,0,0,1,1,2,0,0,2,1,1,1,1,33,6,3,0,0,0,0,0,9,1,5
3,1,9,0,12,0,0,0,0,0,0,3,1,6,3,38,7,1598,1,8,1,2,4,459642,106954,44,4,2,3,492,1,27,3,70,0,4,6,0,0,0,6,1,2,0,0,2,1,1,1,1,33,6,3,0,0,0,0,0,9,1,5
3,2,9,0,18,0,1,0,0,0,0,1,1,6,1,32,6,4197,1,8,3,2,2,454400,207009,43,2,2,4,482,6,320,2,20,8,4,6,0,0,0,1,1,1,0,0,1,1,1,1,1,32,6,3,0,0,0,0,0,9,3,7
3,1,9,0,5,0,4,0,0,0,0,3,1,2,2,61,9,1598,2,1,1,1,2,432037,470618,12,2,1,3,182,3,61,6,60,1,4,4,6265,0,0,7,1,1,0,0,1,2,1,1,1,33,6,3,0,0,0,0,0,9,1,5
3,2,9,0,4,0,0,0,0,0,0,2,1,6,2,38,7,1596,1,11,1,3,2,516950,179510,1,2,3,7,27,4,452,3,30,0,4,6,0,0,0,1,1,1,0,0,1,1,1,1,1,33,6,3,0,0,0,0,0,9,1,5
3,2,9,0,9,0,2,0,0,0,0,2,1,6,1,27,6,1995,2,8,1,2,2,450787,533957,17,2,2,7,240,3,179,6,30,3,4,6,0,0,0,1,1,1,0,0,1,1,1,1,1,27,6,3,0,0,0,0,0,9,1,10
3,1,9,0,18,0,1,1,0,0,0,1,1,1,2,20,4,1598,1,8,3,1,3,265890,225130,63,3,1,5,751,3,40,6,50,3,4,6,0,0,0,1,1,1,0,0,2,2,1,1,1,33,6,3,0,0,0,0,0,9,1,5
3,1,9,0,5,0,4,0,0,0,0,1,1,6,1,71,10,1597,2,1,1,1,2,298170,88769,50,2,1,6,580,3,376,1,60,1,4,6,0,0,0,1,1,1,0,0,2,1,1,1,1,33,6,3,0,0,0,0,0,9,1,5
3,2,9,0,3,0,4,0,0,0,0,2,1,2,2,31,6,1461,2,2,1,1,2,355020,425100,4,2,1,4,83,4,5254,6,60,1,4,3,582,0,8,1,1,1,4,0,2,1,1,1,2,31,6,3,0,0,0,0,0,9,1,5
2,2,9,0,18,0,0,0,0,0,0,1,1,6,1,25,5,1596,1,6,1,4,3,396720,315316,21,3,4,5,254,3,34,6,60,0,4,6,0,0,0,1,2,2,0,0,2,2,2,1,1,25,5,3,0,0,0,0,0,9,1,2
3,2,9,0,18,0,1,0,0,0,0,1,1,6,3,71,10,2685,2,13,3,1,2,244590,76767,50,2,1,1,589,6,0,3,60,3,4,6,0,0,0,1,1,1,0,0,2,1,1,1,1,33,6,3,0,0,0,0,0,9,1,5
2,1,9,0,9,0,6,0,0,0,0,0,1,6,3,38,7,1598,1,8,1,4,2,455209,334245,31,2,4,5,346,6,0,6,30,3,4,6,0,0,0,1,1,1,0,0,1,2,1,1,1,33,6,3,0,0,0,0,0,9,1,5
3,2,9,0,18,0,0,0,0,0,0,2,1,6,1,17,4,1598,1,8,1,1,3,252673,56778,50,3,1,4,583,6,0,6,30,0,4,6,0,0,0,4,2,2,0,0,1,1,1,1,1,17,4,3,0,0,0,0,0,9,1,1
3,1,11,0,18,0,0,0,0,0,0,4,1,6,1,48,8,1598,1,8,3,1,1,460798,452048,12,1,1,4,189,6,7210,6,30,0,4,6,0,0,0,1,1,1,0,0,1,2,1,3,1,32,6,3,6,9,0,0,0,0,3,8
3,2,9,0,4,0,0,0,0,0,0,2,1,1,1,17,4,1598,1,8,3,2,3,611375,270145,37,3,2,5,413,3,140,6,50,0,4,6,0,0,0,6,8,2,0,0,2,1,1,1,1,17,4,3,0,0,0,0,0,9,3,8
3,1,5,0,18,0,0,0,0,0,0,4,1,6,1,44,7,1078,1,4,1,1,1,570966,186410,42,1,1,1,450,3,13,3,40,0,4,6,0,0,0,1,1,1,0,0,2,1,1,1,1,44,7,3,0,0,0,0,0,5,1,3
3,2,9,0,18,0,8,0,0,0,0,1,1,6,2,34,6,1997,2,10,1,2,2,481251,240889,43,2,2,3,479,6,1129,6,30,6,4,6,1129,0,0,4,1,1,0,0,1,1,2,1,2,34,6,3,0,0,0,0,0,9,1,5
3,1,9,0,14,0,0,0,0,0,0,1,1,6,2,63,9,954,1,15,2,1,1,571617,266739,37,1,1,3,411,4,1506,6,40,0,4,6,0,0,0,1,1,1,0,0,2,1,1,3,1,15,3,3,5,2,0,0,0,0,2,7
2,1,9,0,9,0,6,0,0,0,0,1,1,1,2,29,6,1598,1,8,2,1,2,265304,198865,62,2,1,4,745,3,48,6,30,3,4,6,0,0,0,1,2,2,0,0,1,1,1,1,1,33,6,3,0,0,0,0,0,9,1,5
3,1,1,0,18,0,8,0,0,0,0,1,1,6,2,25,5,1598,1,8,1,1,2,336360,162500,52,2,1,3,605,6,0,1,30,2,4,6,0,0,0,1,4,1,0,0,1,1,1,1,2,25,5,3,0,0,0,0,0,1,1,8
2,2,9,0,3,0,0,0,0,0,0,2,1,6,2,26,6,1686,2,9,1,2,3,435552,113204,44,3,2,5,496,3,336,6,30,0,4,6,0,0,0,1,1,1,0,0,1,1,1,1,2,26,6,2,0,0,0,0,0,9,1,6
3,1,9,0,18,0,0,1,0,2,4,1,1,6,1,25,5,1598,1,8,1,3,1,508183,228572,40,1,3,2,424,6,0,6,60,0,4,6,0,0,0,1,1,1,0,0,2,1,1,1,1,25,5,3,0,0,0,0,0,9,1,3
3,3,9,0,8,0,1,0,0,0,0,2,1,6,1,35,6,1910,2,8,1,3,3,404660,294210,20,3,3,3,305,3,34,3,30,3,2,3,34,0,0,4,1,1,0,0,1,1,1,1,1,33,6,3,0,0,0,0,0,9,1,5
2,2,9,0,17,0,0,0,0,0,0,1,1,6,1,47,8,1598,1,8,3,4,2,357010,296280,22,2,4,2,286,4,4371,6,60,0,4,6,0,0,0,1,2,2,6,0,2,1,3,2,2,46,8,3,0,0,1,0,0,9,3,9
3,1,9,0,10,0,8,0,0,0,0,2,1,6,2,44,7,1997,2,5,3,1,2,565130,310447,36,2,1,4,407,3,134,6,50,8,4,6,0,0,0,1,1,1,0,0,2,1,1,1,2,44,7,3,0,0,0,0,0,9,3,5
3,1,9,0,18,0,8,0,0,0,0,1,1,6,1,24,5,1390,1,14,1,2,4,414129,416750,13,4,2,7,203,3,640,3,40,6,2,3,62,0,5,1,1,2,0,0,1,1,1,1,1,33,6,3,0,0,0,0,0,9,1,5
3,4,9,0,18,0,0,0,0,0,0,2,1,6,1,47,8,1598,1,8,1,2,4,322883,181887,62,4,2,6,741,3,48,3,70,0,4,6,0,0,0,1,1,1,0,0,1,1,1,1,1,33,6,3,0,0,0,0,0,9,1,5
3,2,9,0,9,0,1,0,0,0,0,2,1,6,2,44,7,1587,1,8,1,2,2,247581,663945,97,2,2,5,935,6,0,6,30,3,2,6,0,0,4,1,1,1,0,0,1,1,1,2,1,63,9,3,0,0,2,0,0,9,1,5
2,1,9,0,5,0,5,0,0,0,0,1,1,6,1,31,6,1598,1,8,1,1,1,435072,457047,12,1,1,4,182,3,59,6,30,8,4,6,0,0,4,1,1,1,0,0,1,1,1,3,2,94,11,2,1,1,0,0,0,0,1,6
3,1,9,0,18,0,8,0,0,0,0,4,1,2,1,37,7,1896,2,12,1,1,2,584238,264961,37,2,1,6,414,6,0,1,30,1,4,6,0,0,0,1,1,1,0,0,1,1,1,1,1,33,6,3,0,0,0,0,0,9,1,5
3,1,19,0,1,0,0,0,0,0,0,2,1,1,1,42,7,2198,2,1,1,1,2,517013,105033,47,2,1,2,557,6,0,3,30,0,4,6,0,0,0,1,2,2,0,0,1,1,1,1,1,33,6,3,0,0,0,0,0,9,1,5
3,2,9,0,2,0,0,0,0,0,0,1,1,6,2,44,7,1490,1,6,1,1,2,333850,448050,4,2,1,4,85,6,0,6,30,0,4,6,0,0,1,4,1,2,0,0,1,1,1,2,2,75,10,3,0,0,1,0,0,9,1,3
3,2,9,0,18,0,0,0,0,0,0,2,1,6,1,51,8,1968,2,8,1,3,2,467509,337538,31,2,3,7,347,3,46,3,60,0,4,6,0,0,0,1,1,1,0,0,2,1,3,2,1,18,4,3,0,0,1,0,0,9,1,9
3,1,9,0,9,0,8,0,0,0,0,1,1,6,1,51,8,1399,2,3,1,1,2,476369,260552,34,2,1,4,384,5,38,6,30,3,4,6,8061,0,1,1,1,1,0,0,1,1,1,1,1,33,6,3,0,0,0,0,0,9,1,5
3,1,9,0,5,8,0,0,0,0,0,1,1,6,1,68,10,1388,1,11,1,1,2,352030,316050,22,2,1,7,286,3,49,6,60,0,4,6,0,0,0,1,1,1,0,0,2,1,1,1,1,33,6,3,0,0,0,0,0,9,1,5
3,1,9,0,9,0,5,0,0,0,0,4,1,6,1,26,6,1995,2,2,1,1,2,446940,340170,30,2,1,1,324,6,0,6,30,3,4,6,0,0,0,1,1,1,0,0,1,1,1,1,1,33,6,3,0,0,0,0,0,9,1,5
3,3,9,0,18,0,0,0,0,0,0,2,1,6,1,55,8,1596,1,5,2,1,4,454713,222250,43,4,1,6,481,1,40,3,70,0,4,6,0,0,0,1,1,1,0,0,2,1,1,1,1,33,6,3,0,0,0,0,0,9,1,5
3,1,9,0,7,0,0,0,0,0,0,4,1,6,2,37,7,1360,1,13,1,1,2,369214,356756,7,2,1,4,129,6,0,3,30,0,4,6,0,0,0,1,1,1,0,0,1,2,1,1,1,33,6,3,0,0,0,0,0,9,1,5
3,1,1,0,18,0,8,0,0,0,0,1,1,5,1,29,6,1598,1,8,1,1,2,419979,289155,23,2,1,5,290,4,4117,6,30,6,3,4,4114,0,0,4,2,2,0,0,2,1,1,1,1,29,6,3,0,0,0,0,0,1,1,3
3,1,9,0,4,0,1,0,0,0,0,2,1,2,1,29,6,1582,2,8,1,1,2,534910,186180,1,2,1,7,4,3,104,6,30,1,4,3,107,0,0,1,1,2,0,0,1,1,1,1,1,29,6,3,0,0,0,0,0,9,1,3
3,2,9,0,18,0,1,0,0,0,1,2,1,6,2,40,7,2488,2,10,1,5,2,367280,430190,4,2,5,5,70,3,6119,3,50,6,2,6,0,0,8,4,1,1,0,0,1,1,2,1,2,40,7,3,0,0,0,0,0,9,1,1
3,1,9,0,3,0,8,0,0,0,0,2,1,2,1,55,8,1796,1,23,1,1,3,508430,188830,1,3,1,5,26,3,4180,1,30,1,4,5,0,0,0,1,2,2,0,0,1,1,1,1,1,55,8,3,0,0,0,0,0,9,1,7