accident_severity,vehicle_reference,vehicle_type,towing_and_articulation,vehicle_manoeuvre,vehicle_location-restricted_lane,junction_location,skidding_and_overturning,hit_object_in_carriageway,vehicle_leaving_carriageway,hit_object_off_carriageway,1st_point_of_impact,was_vehicle_left_hand_drive?,journey_purpose_of_driver,sex_of_driver,age_of_driver,age_band_of_driver,engine_capacity_(cc),propulsion_code,age_of_vehicle,driver_home_area_type,NUmber_of_Casualities_unique_to_accident_index,No_of_Vehicles_involved_unique_to_accident_index,location_easting_osgr,location_northing_osgr,police_force,number_of_vehicles,number_of_casualties,day_of_week,local_authority_(district),1st_road_class,1st_road_number,road_type,speed_limit,junction_detail,junction_control,2nd_road_class,2nd_road_number,pedestrian_crossing-human_control,pedestrian_crossing-physical_facilities,light_conditions,weather_conditions,road_surface_conditions,special_conditions_at_site,carriageway_hazards,urban_or_rural_area,did_police_officer_attend_scene_of_accident,casualty_reference,casualty_class,sex_of_casualty,age_of_casualty,age_band_of_casualty,casualty_severity,pedestrian_location,pedestrian_movement,car_passenger,bus_or_coach_passenger,pedestrian_road_maintenance_worker,casualty_type,casualty_home_area_type,casualty_imd_decile
3,1,9,0,17,0,0,2,0,1,0,1,1,1,1,52,8,1850,1,15,1,1,1,444731,287719,23,1,1,6,292,6,0,6,50,0,4,6,0,0,0,6,2,2,0,0,2,1,1,1,1,52,8,3,0,0,0,0,0,9,1,5
3,2,11,0,2,0,8,0,0,0,0,2,1,6,1,39,7,6696,2,1,1,2,2,349650,430320,4,2,2,2,79,3,5085,6,30,3,4,6,0,0,0,1,1,1,0,0,1,1,2,1,1,39,7,3,0,0,0,0,0,11,1,1
3,2,19,0,9,0,5,0,0,0,0,1,1,1,1,26,6,2198,2,7,3,1,2,401040,131383,54,2,1,4,635,4,3089,6,30,6,4,5,64,0,0,1,2,2,0,0,2,1,1,1,1,33,6,3,0,0,0,0,0,9,1,5
3,1,9,0,2,0,0,0,0,0,0,2,1,6,2,42,7,2995,1,10,1,1,2,512110,175030,1,2,1,5,25,3,315,6,30,0,4,6,0,0,1,1,1,1,0,0,1,2,1,1,1,33,6,3,0,0,0,0,0,9,1,5
3,2,9,0,18,0,0,0,0,0,0,1,1,6,1,54,8,1998,2,4,1,2,2,382735,798371,92,2,2,1,911,4,9077,6,60,0,4,6,0,0,0,1,1,2,0,0,2,1,2,1,1,54,8,3,0,0,0,0,0,9,1,5
3,2,9,0,18,0,6,0,0,0,0,1,1,6,2,52,8,1461,2,8,3,2,2,499723,442081,16,2,2,4,231,4,1248,6,50,6,4,6,0,0,0,6,1,2,0,0,2,1,1,1,2,52,8,3,0,0,0,0,0,9,3,10
3,2,9,0,18,0,8,0,0,0,0,1,1,6,1,22,5,1896,2,11,2,2,2,413794,188980,54,2,2,7,633,4,4534,3,40,6,2,4,4534,0,5,4,1,1,0,0,1,1,2,1,1,22,5,3,0,0,0,0,0,9,2,10
3,1,9,0,9,0,8,0,0,0,0,4,1,6,2,53,8,1968,2,7,2,1,2,282985,561078,98,2,1,5,917,3,711,6,30,3,3,3,710,0,0,1,1,1,0,0,2,1,1,1,1,33,6,3,0,0,0,0,0,9,1,5
3,1,9,0,4,0,0,0,0,0,0,2,1,6,2,22,5,1596,1,8,3,3,3,436262,111294,44,3,3,1,496,3,326,3,70,0,4,6,0,0,0,1,1,1,0,0,2,1,1,1,2,22,5,3,0,0,0,0,0,9,3,6
3,2,9,0,9,0,6,0,0,0,0,3,1,6,1,17,4,1596,1,6,1,3,2,513177,163634,45,2,3,6,510,3,307,6,40,3,4,6,0,0,0,4,1,2,0,0,2,1,2,1,1,17,4,3,0,0,0,0,0,9,1,5
3,1,9,0,18,0,0,1,10,5,7,1,1,6,1,31,6,1598,1,8,1,3,3,434728,556991,10,3,3,7,150,3,19,3,70,0,4,6,0,0,0,6,1,1,0,0,2,1,1,1,1,31,6,3,0,0,0,0,0,9,1,2
3,1,8,0,18,0,0,0,0,0,0,1,1,3,1,38,7,1997,2,7,1,1,1,415567,434501,13,1,1,4,200,3,650,6,30,0,4,6,0,0,0,1,1,1,0,0,1,2,1,2,2,16,4,3,0,0,2,0,0,8,1,1
3,2,9,0,18,0,8,0,0,0,0,1,1,6,2,41,7,1796,1,6,1,4,2,503103,222102,40,2,4,3,424,3,505,6,30,3,4,6,0,0,0,4,2,2,0,0,1,1,2,1,2,41,7,3,0,0,0,0,0,9,1,10
2,1,19,0,18,0,8,1,0,0,0,1,1,6,1,22,5,2198,2,2,1,1,3,586459,284362,36,3,1,3,400,3,1066,6,30,3,4,6,0,0,0,1,1,1,0,0,1,1,1,1,1,33,6,3,0,0,0,0,0,9,1,5
3,1,9,0,18,0,0,2,0,1,0,1,1,1,1,38,7,1582,2,2,3,1,1,341995,737872,93,1,1,2,912,3,90,3,70,3,4,6,0,0,0,5,1,1,0,0,2,1,1,1,1,38,7,3,0,0,0,0,0,9,3,5
3,2,9,0,2,0,0,0,0,0,0,2,1,6,1,43,7,1590,1,14,1,2,2,451053,336958,31,2,2,1,342,6,0,6,30,0,4,6,0,0,0,4,1,2,0,0,1,1,1,1,1,43,7,3,0,0,0,0,0,9,1,3
3,1,1,0,18,0,8,0,0,0,0,1,1,6,1,29,6,1598,1,8,1,2,1,522620,180090,1,1,2,4,11,3,4020,6,30,3,2,5,0,0,5,1,1,1,0,0,1,1,1,3,1,3,1,3,1,1,0,0,2,0,1,5
3,2,9,0,18,0,8,0,0,0,0,4,1,6,1,38,7,1598,1,8,1,1,2,423694,301971,21,2,1,5,258,4,5080,6,30,3,4,6,52,0,0,7,2,2,0,0,1,2,1,2,2,52,8,3,0,0,1,0,0,9,1,7
3,1,9,0,18,0,0,0,0,0,0,1,1,6,3,38,7,1598,1,8,1,1,2,256904,370641,60,2,1,3,722,3,4087,6,30,0,4,6,0,0,0,4,1,1,0,0,1,2,1,1,1,33,6,3,0,0,0,0,0,9,1,5
3,1,9,0,9,0,8,0,0,0,0,1,1,6,1,36,7,1242,1,8,1,1,2,357690,399030,6,2,1,1,114,3,58,6,20,3,2,3,49,0,0,1,1,1,0,0,1,1,1,2,2,30,6,3,0,0,1,0,0,9,1,3
3,2,9,0,2,0,2,0,0,0,0,3,1,6,3,38,7,2143,2,1,1,1,3,520360,177840,1,3,1,1,25,5,0,6,30,3,4,6,0,0,0,1,1,1,0,0,1,1,1,1,1,33,6,3,0,0,0,0,0,9,1,5
3,2,9,0,18,0,8,0,0,0,0,1,1,6,2,29,6,1598,1,8,1,1,2,485054,184726,43,2,1,3,474,3,404,1,60,1,4,3,308,0,0,1,1,1,0,0,2,1,1,1,2,29,6,3,0,0,0,0,0,9,1,2
3,3,19,0,18,0,1,0,0,0,0,1,1,1,1,49,8,4461,2,3,3,1,3,561100,271660,35,3,1,5,391,3,142,1,60,1,4,3,1123,0,0,1,1,1,0,0,2,1,1,1,1,33,6,3,0,0,0,0,0,9,1,5
3,1,9,0,18,9,0,0,0,1,0,4,1,6,1,27,6,1598,1,8,1,1,1,315402,199623,61,1,1,2,731,6,0,6,30,0,4,6,0,0,0,5,9,1,0,0,2,1,1,3,1,22,5,3,6,9,0,0,0,0,1,5
3,2,9,0,2,0,0,0,0,0,0,3,1,6,1,57,9,1598,1,8,2,1,2,318281,192518,61,2,1,7,731,6,0,6,60,0,4,6,0,0,0,1,1,1,0,0,2,1,1,1,1,33,6,3,0,0,0,0,0,9,1,5
3,1,11,0,4,0,8,0,0,0,0,1,1,1,1,50,8,6700,2,6,1,1,1,531910,179030,1,1,1,7,8,3,3,1,30,1,4,3,302,0,7,1,1,1,0,0,1,1,1,2,1,16,4,3,0,0,0,3,0,11,1,3
2,1,9,0,18,0,6,0,4,1,0,1,1,6,1,59,9,1242,1,1,2,1,3,387880,447050,4,3,1,3,77,6,0,6,20,3,4,6,0,0,0,4,1,2,0,0,1,1,1,1,1,59,9,2,0,0,0,0,0,9,2,7
3,1,9,0,12,0,3,0,0,0,0,1,1,6,2,37,7,1461,2,2,2,3,2,495858,237255,40,2,3,1,424,3,421,1,60,1,4,5,94,0,0,1,1,1,0,0,2,1,2,2,2,37,7,3,0,0,1,0,0,9,1,4
3,2,9,0,17,0,8,0,0,0,0,1,1,2,2,39,7,1968,2,3,3,2,2,415458,312673,21,2,2,3,252,6,199,6,30,3,4,6,199,0,0,1,1,1,0,0,2,1,2,1,2,39,7,3,0,0,0,0,0,9,3,9
3,1,9,0,5,0,6,0,0,0,0,3,1,6,1,19,4,1339,1,2,1,1,2,348030,459400,4,2,1,5,76,6,0,6,30,3,4,3,6,0,0,4,1,1,0,0,1,1,1,1,1,33,6,3,0,0,0,0,0,9,1,5
3,1,3,0,12,0,0,0,0,0,0,3,1,6,1,32,6,124,1,6,1,1,3,449157,336085,31,3,1,5,342,3,52,3,70,0,4,6,0,0,0,1,2,2,0,0,1,1,1,1,1,32,6,3,0,0,0,0,0,3,1,8
2,1,8,0,18,0,0,0,0,0,0,3,1,1,3,38,7,1598,1,8,1,1,1,638360,164830,46,1,1,1,541,6,4108,2,30,0,4,6,0,0,0,4,1,1,0,0,1,1,1,3,2,46,8,2,9,6,0,0,0,0,1,1
3,1,9,0,18,0,1,0,0,0,0,1,1,6,1,24,5,1242,1,7,1,1,2,528412,105875,47,2,1,4,565,3,2023,6,30,3,4,6,0,0,0,1,1,1,0,0,1,1,1,1,1,33,6,3,0,0,0,0,0,9,1,5
2,1,9,0,18,0,0,1,0,2,10,4,1,6,2,29,6,1781,1,17,1,3,1,352240,327280,22,1,3,7,286,4,5063,6,60,0,4,6,0,0,0,6,7,1,0,0,2,1,2,2,2,19,4,3,0,0,1,0,0,9,1,5
3,1,9,0,18,0,0,0,10,7,11,1,1,6,1,39,7,1968,2,1,3,2,1,563055,303527,36,1,2,1,407,3,1122,6,60,0,4,6,0,0,0,1,4,1,0,0,2,1,1,1,1,39,7,3,0,0,0,0,0,9,3,4
3,3,9,0,10,0,1,0,0,0,0,1,1,6,2,34,6,1968,2,6,1,1,3,480830,169337,43,3,1,1,475,3,321,1,30,2,4,6,7515,0,0,1,1,1,0,0,2,1,1,1,1,33,6,3,0,0,0,0,0,9,1,5
3,1,8,0,9,0,8,0,0,0,0,3,1,1,1,48,8,1339,8,5,1,1,2,534750,184850,1,2,1,6,4,3,1207,6,30,3,4,6,0,0,0,1,1,1,0,0,1,1,1,1,1,33,6,3,0,0,0,0,0,9,1,5
3,4,9,0,2,0,8,0,0,0,0,4,1,6,1,50,8,1997,2,14,2,1,4,476545,261427,34,4,1,5,384,6,8270,6,30,6,4,6,8427,0,0,1,1,1,0,0,1,1,1,1,1,33,6,3,0,0,0,0,0,9,1,5
3,1,11,0,5,0,0,0,0,0,0,1,1,1,1,64,9,9600,2,14,1,1,1,390314,807383,92,1,1,2,910,6,0,6,30,0,4,6,0,0,0,1,1,1,0,0,1,1,1,3,2,6,2,3,5,1,0,0,0,0,1,5
3,1,9,0,18,0,1,0,0,0,0,1,1,6,1,18,4,996,1,1,1,1,2,505823,171293,45,2,1,6,40,5,240,6,30,3,4,6,0,0,0,1,1,1,0,0,2,1,1,1,1,33,6,3,0,0,0,0,0,9,1,5
3,1,9,0,7,0,0,0,0,0,0,3,1,6,3,38,7,1299,1,14,1,1,1,527338,408811,16,1,1,5,233,6,0,6,30,0,4,6,0,0,0,1,1,1,0,0,1,1,1,3,2,6,2,3,5,3,0,0,0,0,1,5
3,2,9,0,11,0,1,0,0,0,0,1,1,6,2,38,7,1598,1,8,1,1,2,527330,180880,1,2,1,4,1,3,402,6,30,3,4,6,0,0,8,1,1,1,0,0,1,1,1,1,1,33,6,3,0,0,0,0,0,9,1,5
3,1,19,0,18,0,0,0,0,0,0,3,1,6,1,70,10,1686,2,12,1,1,3,251368,59795,50,3,1,5,583,6,0,6,30,0,4,6,0,0,0,1,2,2,0,0,1,2,1,1,1,33,6,3,0,0,0,0,0,9,1,5
2,2,9,0,18,0,0,0,0,0,0,1,1,6,2,39,7,1753,2,14,1,5,2,325238,110337,50,2,5,6,580,3,303,6,50,0,4,6,0,0,0,1,2,2,0,0,2,1,2,1,2,39,7,3,0,0,0,0,0,9,1,2
2,1,9,0,18,0,1,2,0,7,0,4,1,2,1,25,5,1587,1,13,2,1,2,589283,200089,42,2,1,4,458,4,1018,6,60,3,4,6,0,0,0,1,1,1,0,0,2,1,1,1,1,25,5,2,0,0,0,0,0,9,2,7
3,1,20,0,18,0,8,0,0,0,0,1,1,1,1,45,7,4250,2,14,1,3,2,342990,429190,4,2,3,2,74,3,584,3,50,3,2,6,0,0,5,1,1,2,0,0,2,1,1,1,1,45,7,3,0,0,0,0,0,20,1,6
3,1,98,0,7,0,2,0,0,0,0,1,1,1,1,29,6,2143,2,4,1,1,1,588375,185512,42,1,1,4,460,6,0,6,30,3,4,6,0,0,0,1,9,2,0,0,1,2,1,3,2,69,10,3,5,3,0,0,0,0,1,5
2,1,9,0,16,0,0,0,0,0,0,0,1,2,1,61,9,1599,1,17,1,1,2,479057,138592,44,2,1,3,497,6,0,6,30,0,4,6,0,0,0,1,1,1,0,0,2,2,1,1,1,33,6,3,0,0,0,0,0,9,1,5
3,1,9,0,14,0,0,0,0,0,0,4,1,2,2,27,6,1390,1,2,1,1,1,392970,398590,6,1,1,4,110,3,635,6,30,0,4,6,0,0,0,1,1,1,0,0,1,1,1,3,1,14,3,3,5,2,0,0,0,0,1,1
3,2,9,0,18,0,8,0,0,0,0,1,1,6,1,43,7,1598,1,8,1,2,2,333698,352223,60,2,2,4,725,6,0,1,30,1,4,4,5100,0,0,4,2,2,0,0,1,1,1,1,1,43,7,3,0,0,0,0,0,9,1,5
3,1,98,0,17,0,3,0,0,0,0,3,1,1,1,29,6,4764,2,1,1,1,2,396381,233992,53,2,1,2,625,5,90,6,60,1,4,3,46,0,0,1,1,2,0,0,2,1,1,1,1,29,6,3,0,0,0,0,0,98,1,3
3,2,9,0,4,0,1,0,0,0,0,2,1,6,1,29,6,2099,1,12,2,1,2,433819,145894,44,2,1,6,501,3,303,7,40,1,2,3,342,0,0,1,1,1,0,0,2,1,1,1,1,33,6,3,0,0,0,0,0,9,1,5
3,2,11,0,17,0,0,0,0,0,0,3,1,1,2,28,6,5900,2,12,2,1,4,554957,213996,42,4,1,6,463,3,1060,6,60,0,4,6,0,0,0,1,1,1,0,0,2,1,1,1,1,33,6,3,0,0,0,0,0,9,1,5
3,1,4,0,18,0,8,0,4,0,0,1,1,6,1,32,6,1598,1,8,1,1,2,479764,352039,31,2,1,1,345,6,0,6,30,3,4,6,0,0,0,1,1,1,0,0,1,1,1,1,1,32,6,3,0,0,0,0,0,4,1,4
2,1,9,0,18,0,0,0,0,0,0,1,1,1,1,48,8,1560,2,3,1,1,1,269323,677228,97,1,1,7,932,3,803,6,60,0,4,6,0,0,0,6,5,2,0,0,2,2,1,3,1,16,4,2,9,8,0,0,0,0,1,5
2,2,3,0,18,0,1,0,0,0,0,1,1,6,1,37,7,124,1,1,2,1,2,364756,138895,52,2,1,3,606,4,3081,6,30,3,4,6,0,0,0,4,1,2,0,0,2,1,1,1,1,37,7,2,0,0,0,0,0,3,2,5
3,2,3,0,2,0,0,0,0,0,0,1,1,6,1,24,5,124,1,8,2,1,3,484123,145430,45,3,1,6,517,4,3384,6,30,0,4,6,0,0,1,1,1,1,0,0,1,1,1,1,1,33,6,3,0,0,0,0,0,9,1,5
3,1,9,0,18,0,0,0,0,0,0,1,1,6,1,39,7,1598,1,8,2,3,2,465385,520415,17,2,3,1,241,5,1268,6,60,0,4,6,0,0,0,1,1,1,0,0,2,1,1,1,1,39,7,3,0,0,0,0,0,9,2,8
3,1,3,0,18,0,8,0,0,0,0,3,1,6,1,29,6,125,1,2,1,1,2,520760,190540,1,2,1,4,30,6,0,6,30,6,4,6,0,0,0,4,1,1,0,0,1,1,1,1,1,29,6,3,0,0,0,0,0,3,1,4
3,2,9,0,18,0,0,0,0,2,10,3,1,6,2,27,6,1997,2,13,1,1,3,492617,214756,43,3,1,5,476,4,489,6,60,0,4,6,0,0,0,1,1,2,0,0,2,1,1,1,1,33,6,3,0,0,0,0,0,9,1,5
3,2,9,0,13,0,8,0,0,0,0,1,1,1,1,46,8,1598,1,8,1,2,2,448343,405335,14,2,2,5,211,3,635,6,30,6,4,6,0,0,0,4,1,1,0,0,2,1,2,2,1,33,6,3,0,0,1,0,0,9,1,1
3,2,9,0,10,0,8,0,0,0,0,2,1,6,1,35,6,1598,1,8,3,1,2,619886,323306,36,2,1,3,401,3,140,6,50,3,4,6,0,0,0,1,2,2,0,0,2,1,1,1,1,35,6,3,0,0,0,0,0,9,3,6
3,1,9,0,18,0,0,0,0,0,0,0,1,6,1,65,9,1242,1,16,1,1,1,460405,524715,17,1,1,6,241,3,1085,6,30,0,4,6,0,0,4,4,1,1,0,0,1,2,1,3,1,5,1,3,1,1,0,0,0,0,1,2
2,1,9,0,18,0,0,0,0,0,0,1,1,6,1,18,4,1229,1,3,1,3,2,526225,158531,45,2,3,7,513,4,2219,6,60,0,4,6,0,0,0,6,1,1,0,0,2,1,1,1,1,18,4,2,0,0,0,0,0,9,1,8
3,1,9,0,9,0,1,0,0,0,0,1,1,6,2,25,5,1598,1,8,1,1,2,320030,470650,3,2,1,5,61,6,0,6,30,3,4,6,0,0,0,1,8,1,0,0,1,1,1,1,1,33,6,3,0,0,0,0,0,9,1,5
3,1,9,0,18,0,0,0,0,0,0,1,1,6,1,39,7,1598,1,8,1,1,1,510300,186440,1,1,1,4,26,6,0,6,30,0,4,6,0,0,0,1,1,1,0,0,1,1,1,3,1,13,3,3,5,2,0,0,2,0,1,10
2,1,9,0,18,0,0,1,0,7,10,1,1,6,1,52,8,1896,2,14,1,3,2,504969,441442,16,2,3,2,231,3,1035,6,40,0,4,6,0,0,0,1,1,1,0,0,2,1,2,1,1,52,8,3,0,0,0,0,0,9,1,6
2,1,9,0,9,0,5,0,0,0,0,3,1,2,1,22,5,1242,1,16,2,1,2,435169,286965,23,2,1,4,291,6,0,6,30,3,4,6,0,0,0,1,1,1,0,0,1,1,1,1,1,33,6,3,0,0,0,0,0,9,1,5
3,2,21,0,3,0,0,0,0,0,0,2,1,1,1,34,6,1598,1,8,1,1,2,449771,392026,14,2,1,5,213,1,18,7,70,0,4,6,0,0,0,1,1,1,0,0,2,1,1,1,1,33,6,3,0,0,0,0,0,9,1,5
3,2,8,0,18,0,8,0,0,0,0,3,1,1,1,38,7,1910,2,7,1,3,2,414067,430331,13,2,3,2,200,6,0,6,30,3,4,6,0,0,0,1,3,3,0,0,1,1,1,2,1,15,3,3,0,0,1,0,0,8,1,1
2,2,11,0,18,0,1,0,0,0,0,1,1,1,1,59,9,4500,2,3,1,7,2,539002,102166,47,2,7,3,554,6,0,6,30,3,4,6,0,0,0,1,1,1,0,0,1,1,5,2,2,91,11,3,0,0,0,4,0,11,1,8
3,1,9,0,10,0,1,0,0,0,0,2,1,2,1,56,9,2993,2,2,2,1,2,429230,347960,30,2,1,5,320,4,5023,6,50,3,4,5,1,0,0,1,1,1,0,0,2,1,1,1,1,33,6,3,0,0,0,0,0,9,1,5
3,1,9,0,12,0,0,1,0,7,7,1,1,6,2,21,5,999,1,15,1,4,2,409850,289960,20,2,4,1,300,1,6,3,70,0,4,6,0,0,0,1,1,1,0,0,1,1,4,2,2,22,5,3,0,0,1,0,0,9,1,2
3,1,9,0,1,0,1,0,0,0,0,1,1,1,1,38,7,1598,1,8,1,1,1,291875,91928,50,1,1,6,581,6,0,6,30,9,4,6,0,0,0,1,1,1,0,0,1,1,1,3,1,54,8,3,5,1,0,0,0,0,1,6
3,1,9,0,18,0,1,0,0,0,0,1,1,6,1,38,7,1598,1,10,1,1,2,507303,427036,16,2,1,3,228,3,63,1,30,1,4,6,0,0,0,1,1,1,0,0,1,1,1,1,1,33,6,3,0,0,0,0,0,9,1,5
3,1,1,0,18,0,0,0,0,1,0,3,1,6,2,36,7,1598,1,8,1,1,2,519240,170560,1,2,1,4,24,6,0,3,30,0,4,6,0,0,0,1,1,1,0,0,2,1,1,1,2,36,7,3,0,0,0,0,0,1,1,4
2,1,9,0,6,0,0,0,0,0,0,0,1,6,1,37,7,1896,2,12,1,1,2,247419,59704,50,2,1,7,583,5,0,6,30,0,4,6,0,0,0,1,2,1,0,0,1,1,1,1,1,33,6,3,0,0,0,0,0,9,1,5
3,1,9,0,5,0,0,0,0,0,0,1,1,6,2,49,8,1461,2,2,3,1,2,389014,330729,21,2,1,4,255,1,6,3,70,0,4,6,0,0,0,1,2,2,0,0,2,1,1,2,2,47,8,3,0,0,0,0,0,9,3,8
3,1,9,0,18,0,8,0,0,0,0,1,1,6,1,26,6,2143,2,3,1,1,2,530270,183830,1,2,1,2,2,3,5200,6,30,3,4,6,0,0,0,1,1,1,0,0,1,1,1,1,1,26,6,3,0,0,0,0,0,9,1,1
3,1,19,0,18,0,0,0,0,0,0,4,1,2,1,27,6,2198,2,2,1,1,1,380020,245380,22,1,1,6,273,4,4211,6,30,0,4,6,0,0,0,1,1,1,0,0,2,1,1,3,2,38,7,3,6,9,0,0,0,0,1,9
3,2,3,0,18,0,8,2,0,0,0,1,1,6,1,27,6,124,1,5,1,1,2,438190,371180,30,2,1,4,322,6,0,6,30,6,4,6,0,0,0,1,2,2,0,0,1,2,1,1,1,27,6,3,0,0,0,0,0,3,1,1
3,1,19,0,18,0,2,0,0,0,0,4,1,6,1,55,8,1364,1,8,3,1,2,534830,175710,1,2,1,7,8,3,2214,6,30,6,2,3,2214,0,5,1,1,1,0,0,1,1,1,1,1,55,8,3,0,0,0,0,0,19,3,7
3,2,9,0,3,0,1,0,0,0,0,2,1,6,1,45,7,1598,1,8,1,5,2,457039,302692,33,2,5,2,364,3,5460,3,30,6,2,6,1802,0,5,1,1,1,0,0,1,1,5,2,1,30,6,3,0,0,2,0,0,9,1,5
3,1,9,0,4,0,1,1,0,0,0,3,1,2,1,45,7,1560,2,1,1,1,2,545230,311750,35,2,1,2,392,3,1101,6,60,3,4,6,0,0,0,1,1,1,0,0,2,1,1,1,1,33,6,3,0,0,0,0,0,9,1,5
3,2,9,0,3,0,1,0,0,0,0,2,1,6,1,33,6,1598,1,8,1,1,3,545860,178400,1,3,1,4,6,3,206,6,30,3,4,6,0,0,1,1,1,1,0,0,1,1,1,2,2,36,7,3,0,0,1,0,0,9,1,3
3,1,1,0,7,0,6,0,0,0,0,1,1,6,1,12,3,1598,1,8,1,1,2,496562,200872,43,2,1,7,478,6,4122,6,30,3,4,6,4122,0,0,1,1,1,0,0,1,2,1,1,1,12,3,3,0,0,0,0,0,1,1,3
3,2,19,0,4,0,1,0,0,0,0,1,1,6,1,55,8,2198,2,7,3,1,2,523650,271800,35,2,1,5,393,4,1514,6,30,3,2,4,1514,0,5,1,1,1,0,0,1,2,1,1,1,33,6,3,0,0,0,0,0,9,1,5
3,1,9,0,9,0,6,0,0,0,0,3,1,2,2,30,6,1240,1,6,1,2,2,354049,379423,7,2,2,3,130,3,56,6,30,3,4,5,726,0,0,1,1,1,0,0,1,1,1,1,2,30,6,3,0,0,0,0,0,9,1,10
3,2,9,0,8,0,1,0,0,0,0,2,1,6,2,28,6,1796,1,16,1,1,2,626146,249969,37,2,1,4,415,3,12,6,40,3,4,5,313,0,0,1,1,1,0,0,2,1,1,1,1,33,6,3,0,0,0,0,0,9,1,5
3,1,9,0,18,0,0,0,0,0,0,4,1,6,1,28,6,1910,2,8,1,1,1,357789,173353,52,1,1,1,601,3,4018,6,20,0,4,6,0,0,0,4,2,2,0,0,1,1,1,3,1,25,5,3,5,1,0,0,0,0,1,3
3,1,9,0,16,0,0,1,0,7,4,1,1,6,1,17,4,1229,1,2,1,3,1,453869,313058,33,1,3,3,362,5,4202,6,60,0,4,6,0,0,0,1,1,2,0,0,2,1,1,1,1,17,4,3,0,0,0,0,0,9,1,9
3,1,9,0,9,0,5,0,0,0,0,1,1,6,2,40,7,1598,1,8,1,1,2,429357,270894,23,2,1,5,294,3,452,6,30,8,4,6,0,0,0,1,1,1,0,0,1,2,1,1,1,33,6,3,0,0,0,0,0,9,1,5
2,1,9,0,18,0,0,0,0,0,0,1,1,1,2,35,6,999,1,8,1,1,2,516270,259170,35,2,1,4,393,3,1,3,70,0,4,6,0,0,0,1,1,2,0,0,2,1,1,1,2,35,6,2,0,0,0,0,0,9,1,7
3,2,9,0,3,0,1,0,0,0,0,2,1,6,2,49,8,1242,1,8,1,2,3,359047,392950,7,3,2,1,128,5,1009,6,60,3,4,5,1014,0,0,1,1,1,0,0,2,1,2,2,2,47,8,3,0,0,1,0,0,9,1,9
3,2,5,0,18,0,1,0,0,0,0,1,1,2,1,64,9,599,1,15,1,1,2,417782,292998,23,2,1,2,290,3,4097,6,40,6,4,6,0,0,0,1,1,1,0,0,2,1,1,1,1,64,9,3,0,0,0,0,0,5,1,10
3,1,9,0,18,0,0,0,0,0,0,3,1,3,2,23,5,998,1,10,1,1,2,503917,223194,40,2,1,5,421,6,0,6,30,0,4,6,0,0,8,1,1,2,0,0,1,1,1,2,2,5,1,3,0,0,1,0,0,9,1,2
3,4,9,0,10,0,1,0,0,0,0,2,1,6,1,72,10,2191,2,1,1,2,4,326804,691743,94,4,2,6,925,3,910,6,40,3,4,6,0,0,0,1,1,1,0,0,2,1,1,1,1,33,6,3,0,0,0,0,0,9,1,5
3,3,9,0,4,0,0,0,0,0,0,2,1,6,2,36,7,1997,2,4,1,1,5,560331,188752,42,5,1,4,452,3,127,3,70,0,4,6,0,0,0,1,1,1,0,0,2,1,1,1,1,33,6,3,0,0,0,0,0,9,1,5
3,2,3,0,18,0,1,0,0,0,0,4,1,1,1,28,6,125,1,8,1,1,2,489487,179254,43,2,1,4,474,3,308,3,40,3,4,6,7402,0,0,1,1,1,0,0,1,2,1,1,1,28,6,3,0,0,0,0,0,3,1,9
2,1,9,0,18,0,8,0,0,0,0,1,1,6,2,61,9,2996,1,7,3,1,1,503312,103404,47,1,1,2,558,3,259,6,40,3,4,6,0,0,4,4,1,1,0,0,1,1,1,3,1,35,6,2,5,1,0,0,0,0,1,4
3,1,9,0,5,0,4,0,0,0,0,1,1,6,1,66,10,1968,2,3,1,1,2,383700,432630,4,2,1,4,72,3,671,1,30,1,4,6,0,0,0,4,1,1,0,0,1,1,1,1,1,33,6,3,0,0,0,0,0,9,1,5
3,1,9,0,18,0,4,1,0,0,0,1,1,6,3,38,7,1598,1,8,1,1,2,487647,236222,43,2,1,5,479,5,149,3,70,1,4,5,158,0,0,1,1,1,0,0,2,1,1,1,1,33,6,3,0,0,0,0,0,9,1,5
3,2,8,0,4,0,0,0,0,0,0,2,1,1,1,33,6,1968,2,6,1,3,3,535829,146776,45,3,3,5,516,3,22,6,40,0,4,6,0,0,0,1,2,2,0,0,2,1,2,1,1,33,6,3,0,0,0,0,0,8,1,3
3,1,9,0,18,0,1,0,0,0,0,1,1,3,1,58,9,1240,1,11,1,1,1,440353,383293,14,1,1,4,215,3,6135,6,30,3,4,6,0,0,4,1,1,1,0,0,1,1,1,3,1,1,1,3,4,1,0,0,0,0,1,2
3,1,19,0,17,0,0,2,0,7,10,1,1,6,1,29,6,2402,2,15,1,1,1,385882,159590,54,1,1,1,635,4,3106,6,30,0,4,6,0,0,0,4,1,1,0,0,1,1,1,1,1,29,6,3,0,0,0,0,0,19,1,2
3,3,9,0,18,0,7,0,0,0,0,1,1,2,2,27,6,998,1,8,2,4,4,446689,515491,17,4,4,2,243,3,19,3,70,5,4,3,174,0,0,1,1,1,0,0,2,1,3,1,2,27,6,3,0,0,0,0,0,9,2,6