accident_severity,vehicle_reference,vehicle_type,towing_and_articulation,vehicle_manoeuvre,vehicle_location-restricted_lane,junction_location,skidding_and_overturning,hit_object_in_carriageway,vehicle_leaving_carriageway,hit_object_off_carriageway,1st_point_of_impact,was_vehicle_left_hand_drive?,journey_purpose_of_driver,sex_of_driver,age_of_driver,age_band_of_driver,engine_capacity_(cc),propulsion_code,age_of_vehicle,driver_home_area_type,NUmber_of_Casualities_unique_to_accident_index,No_of_Vehicles_involved_unique_to_accident_index,location_easting_osgr,location_northing_osgr,police_force,number_of_vehicles,number_of_casualties,day_of_week,local_authority_(district),1st_road_class,1st_road_number,road_type,speed_limit,junction_detail,junction_control,2nd_road_class,2nd_road_number,pedestrian_crossing-human_control,pedestrian_crossing-physical_facilities,light_conditions,weather_conditions,road_surface_conditions,special_conditions_at_site,carriageway_hazards,urban_or_rural_area,did_police_officer_attend_scene_of_accident,casualty_reference,casualty_class,sex_of_casualty,age_of_casualty,age_band_of_casualty,casualty_severity,pedestrian_location,pedestrian_movement,car_passenger,bus_or_coach_passenger,pedestrian_road_maintenance_worker,casualty_type,casualty_home_area_type,casualty_imd_decile
3,2,9,0,10,0,1,0,0,0,0,2,1,6,2,39,7,1242,1,4,1,1,2,551020,155720,46,2,1,2,538,3,25,6,30,7,2,6,0,0,5,1,1,1,0,0,2,1,1,1,2,39,7,3,0,0,0,0,0,9,1,9
3,3,9,0,3,0,0,0,0,0,0,2,1,6,2,80,11,1598,1,8,1,2,3,250318,54096,50,3,2,5,583,3,379,3,40,0,4,6,0,0,0,1,1,1,0,0,1,1,1,1,2,80,11,3,0,0,0,0,0,9,1,3
3,2,9,0,3,0,0,0,0,0,0,2,1,6,2,32,6,1461,2,8,1,2,2,481093,214440,43,2,2,4,476,5,180,6,30,0,4,6,0,0,8,1,1,1,0,0,1,1,2,1,2,32,6,3,0,0,0,0,0,9,1,7
3,2,9,0,18,0,1,0,0,0,0,1,1,6,2,63,9,1997,2,5,1,1,2,382721,218746,53,2,1,3,623,5,8000,3,30,3,2,3,4301,0,0,6,1,1,0,0,1,1,1,1,2,63,9,3,0,0,0,0,0,9,1,5
3,2,9,0,4,0,2,0,0,0,0,4,1,6,2,27,6,1596,1,14,1,1,2,428720,320930,30,2,1,5,328,4,5353,6,30,8,4,6,0,0,4,1,1,1,0,0,1,1,1,1,2,27,6,3,0,0,0,0,0,9,1,2
3,1,90,0,18,0,1,0,0,0,0,4,1,6,3,38,7,1598,1,8,1,1,1,497213,371357,32,1,1,3,352,3,57,6,30,3,2,3,57,0,4,1,9,2,0,0,1,2,1,3,2,20,4,3,6,9,0,0,0,0,1,4
3,2,3,0,18,0,8,0,0,0,0,1,1,2,1,20,4,125,1,6,1,1,2,386090,409570,6,2,1,4,106,3,6045,6,30,3,4,3,6046,0,0,7,2,2,0,0,1,1,1,1,1,20,4,3,0,0,0,0,0,3,1,5
3,1,9,0,18,0,1,0,0,0,0,4,1,6,1,57,9,1997,2,8,1,1,2,526150,179640,1,2,1,6,1,3,315,6,30,3,2,4,325,0,5,1,1,1,0,0,1,1,1,1,1,33,6,3,0,0,0,0,0,9,1,5
3,2,1,0,18,0,0,0,0,0,0,2,1,6,1,13,3,1598,1,8,1,1,2,503489,440093,16,2,1,3,231,3,1035,6,30,0,4,6,0,0,0,1,1,1,0,0,1,2,1,1,1,13,3,3,0,0,0,0,0,1,1,10
3,2,9,0,18,0,0,0,0,0,0,1,1,6,1,76,11,1598,1,11,1,1,2,389014,330729,21,2,1,4,255,1,6,3,70,0,4,6,0,0,0,1,2,2,0,0,2,1,1,1,1,33,6,3,0,0,0,0,0,9,1,5
3,2,9,0,18,0,8,0,0,0,0,1,1,6,2,28,6,1461,2,8,2,1,2,290533,64268,50,2,1,3,587,3,3022,6,30,6,2,6,0,0,0,4,2,2,0,0,1,1,1,1,2,28,6,3,0,0,0,0,0,9,2,9
2,1,5,0,18,0,1,0,0,0,0,4,1,6,1,61,9,900,1,17,1,1,1,579819,110476,47,1,1,7,552,6,0,6,30,8,4,6,0,0,0,1,1,1,0,0,1,1,1,1,1,61,9,2,0,0,0,0,0,5,1,4
2,2,1,0,18,0,0,0,0,0,0,1,1,6,2,41,7,1598,1,8,2,1,2,444699,293362,33,2,1,5,361,4,4669,6,40,0,4,6,0,0,0,1,1,1,0,0,1,1,1,1,2,41,7,2,0,0,0,0,0,1,2,8
3,1,9,0,17,0,0,1,0,8,10,1,1,6,1,20,4,1598,1,8,1,1,1,387740,399310,6,1,1,1,102,6,0,6,30,0,4,6,0,0,0,4,1,2,0,0,1,1,1,1,1,20,4,3,0,0,0,0,0,9,1,5
3,4,9,0,2,0,0,0,0,0,0,1,1,6,3,38,7,1598,1,8,1,1,4,267124,193207,62,4,1,7,745,6,0,6,30,0,4,6,0,0,0,4,2,2,0,0,1,1,1,1,1,33,6,3,0,0,0,0,0,9,1,5
3,1,19,0,18,0,0,0,0,0,0,1,1,1,1,43,7,2402,2,13,1,1,1,538250,187060,1,1,1,1,13,6,0,6,30,0,4,6,0,0,0,1,1,1,0,0,1,1,1,3,2,2,1,3,5,2,0,0,2,0,1,1
3,1,9,0,9,0,8,0,0,0,0,3,1,6,1,51,8,2993,2,1,2,1,2,538180,177690,1,2,1,5,6,3,200,6,30,3,4,6,0,0,0,1,1,1,0,0,1,1,1,1,1,33,6,3,0,0,0,0,0,9,1,5
3,2,9,0,18,0,8,0,0,0,0,2,1,6,1,67,10,2400,2,7,3,1,4,499628,152556,45,4,1,7,511,3,320,6,30,3,4,6,0,0,0,1,1,1,0,0,2,1,1,2,2,70,10,3,0,0,1,0,0,9,3,4
3,2,3,0,18,0,1,0,0,0,0,1,1,6,1,43,7,124,1,10,2,1,2,280217,60737,50,2,1,5,584,3,381,6,30,3,4,6,0,0,4,1,1,1,0,0,2,1,1,1,1,43,7,3,0,0,0,0,0,3,2,9
3,1,9,0,18,0,0,0,0,0,0,1,1,6,1,54,8,2993,2,1,1,1,2,321275,387990,5,2,1,7,95,6,0,6,30,0,4,6,0,0,0,1,1,1,0,0,1,1,1,1,1,33,6,3,0,0,0,0,0,9,1,5
3,2,1,0,6,0,8,0,0,0,0,3,1,6,1,39,7,1598,1,8,1,1,2,532810,182080,1,2,1,2,3,3,501,6,30,9,4,6,0,0,8,4,1,1,0,0,1,1,1,1,1,39,7,3,0,0,0,0,0,1,1,1
3,2,9,0,18,0,8,0,0,0,0,4,1,6,2,56,9,2184,2,8,3,1,2,413557,309558,21,2,1,4,252,3,5192,1,30,1,4,5,66,0,0,1,1,1,0,0,1,1,1,1,1,33,6,3,0,0,0,0,0,9,1,5
3,1,9,0,18,0,8,0,0,0,0,1,1,6,3,38,7,1598,1,8,1,1,2,487093,279525,34,2,1,1,383,6,7085,6,30,6,4,6,7052,0,0,4,2,2,0,0,1,1,1,1,1,33,6,3,0,0,0,0,0,9,1,5
3,2,9,0,18,0,0,0,0,0,0,4,1,6,1,66,10,1999,1,9,1,2,3,344220,463120,4,3,2,5,76,6,0,6,30,0,4,6,0,0,0,4,1,1,0,0,1,1,1,1,1,33,6,3,0,0,0,0,0,9,1,5
3,1,19,0,18,0,0,0,0,0,0,4,1,1,1,47,8,2402,2,5,1,1,1,511277,434080,16,1,1,2,228,6,0,6,30,0,4,6,0,0,0,1,1,1,0,0,1,1,1,3,2,7,2,3,5,1,0,0,0,0,1,3
1,1,9,0,18,0,4,5,9,3,0,1,1,6,1,49,8,2393,1,10,3,1,1,487350,175008,43,1,1,7,474,6,7402,1,50,1,4,3,330,0,0,6,1,1,0,0,2,1,1,1,1,49,8,1,0,0,0,0,0,9,3,7
3,1,9,0,18,0,0,0,0,0,0,1,1,6,1,52,8,998,1,16,2,1,2,534080,320254,32,2,1,6,354,5,731,6,40,0,4,6,0,0,0,1,1,1,0,0,2,1,1,1,1,33,6,3,0,0,0,0,0,9,1,5
3,2,9,0,18,0,0,0,0,0,0,4,1,6,1,23,5,3628,2,7,1,2,2,421908,568849,10,2,2,7,147,3,1,3,70,0,4,6,0,0,0,1,1,1,0,0,1,1,1,1,1,33,6,3,0,0,0,0,0,9,1,5
3,1,9,0,5,0,8,0,0,0,0,3,1,6,1,38,7,1242,1,8,1,1,1,518460,169160,1,1,1,4,23,6,0,6,30,3,4,6,0,0,0,1,1,1,0,0,1,1,1,3,1,33,6,3,9,5,0,0,2,0,1,6
3,1,9,0,18,0,8,0,0,1,1,3,1,6,1,66,10,1796,1,10,1,2,2,457462,304430,33,2,2,1,364,5,1136,6,30,6,2,5,1145,0,5,1,8,1,0,0,1,1,2,2,1,64,9,3,0,0,1,0,0,9,1,5
3,2,9,0,18,0,4,0,0,0,0,2,1,6,1,46,8,1364,1,9,1,2,2,599336,226039,42,2,2,7,455,3,133,3,30,1,4,6,0,0,0,1,1,1,0,0,1,2,2,2,2,14,3,3,0,0,2,0,0,9,1,3
3,2,1,0,18,0,0,0,0,1,0,3,1,6,1,42,7,1598,1,8,1,1,2,514370,173340,1,2,1,4,24,3,316,3,30,0,4,6,0,0,0,1,1,1,0,0,1,1,1,1,1,42,7,3,0,0,0,0,0,1,1,7
3,2,1,0,18,0,8,0,0,0,0,2,1,6,1,24,5,1598,1,8,1,1,2,432196,420417,13,2,1,7,206,3,638,3,30,3,4,3,638,0,0,1,1,1,0,0,1,1,1,1,1,24,5,3,0,0,0,0,0,1,1,3
3,1,5,0,18,0,8,0,0,0,0,3,1,6,1,39,7,649,1,8,1,1,2,529830,182630,1,2,1,3,2,3,501,6,30,6,2,6,0,0,5,1,1,1,0,0,1,2,1,1,1,39,7,3,0,0,0,0,0,5,1,9
3,2,9,0,13,0,3,2,0,1,0,4,1,2,2,23,5,1398,1,1,1,1,2,580164,189617,42,2,1,3,453,3,129,1,30,1,2,3,127,0,5,4,1,1,0,0,1,1,1,1,2,23,5,3,0,0,0,0,0,9,1,8
3,2,5,0,18,0,8,0,0,0,0,4,1,6,1,34,6,749,1,8,1,1,2,474390,258128,34,2,1,1,384,3,5076,1,40,1,2,3,5076,0,0,1,1,1,0,0,1,1,1,1,1,34,6,3,0,0,0,0,0,5,1,8
3,2,9,0,4,0,4,0,0,0,0,1,1,2,1,19,4,1490,1,9,2,2,2,538740,138724,47,2,2,3,563,6,0,1,30,2,4,3,22,0,0,4,5,2,0,0,1,1,2,2,1,18,4,3,0,0,1,0,0,9,1,10
3,1,9,0,4,0,2,0,0,0,0,1,1,6,1,36,7,2204,2,10,1,1,2,333870,440610,4,2,1,3,85,4,5268,6,30,3,4,6,0,0,1,1,1,2,0,6,1,1,1,1,1,33,6,3,0,0,0,0,0,9,1,5
2,1,9,0,18,0,1,0,0,0,0,1,1,6,3,38,7,1598,1,8,1,1,1,531030,190390,1,1,1,2,31,3,109,6,30,6,2,3,105,0,0,1,1,1,0,0,1,1,1,3,2,20,4,2,5,3,0,0,2,0,1,1
3,2,9,0,3,0,0,0,0,0,0,2,1,6,1,38,7,2435,1,17,1,1,3,550160,189260,1,3,1,7,15,3,12,3,50,0,4,6,0,0,0,1,1,1,0,0,1,2,1,1,1,33,6,3,0,0,0,0,0,9,1,5
3,1,9,0,3,0,8,0,0,0,0,2,1,6,1,63,9,2143,2,8,1,1,2,523190,181030,1,2,1,2,11,3,219,6,30,6,2,3,40,0,5,4,1,1,0,0,1,1,1,1,1,63,9,3,0,0,0,0,0,9,1,2
3,1,9,0,17,0,0,1,0,0,0,3,1,6,1,58,9,2993,2,10,2,1,2,210934,85513,50,2,1,7,596,4,3314,6,60,0,4,6,0,0,0,1,1,2,0,0,2,1,1,1,1,58,9,3,0,0,0,0,0,9,2,5
3,1,21,1,18,0,1,0,0,0,0,1,1,1,1,26,6,12809,2,1,3,1,3,427072,421933,13,3,1,3,206,3,638,1,40,1,4,6,0,0,0,1,1,1,0,0,1,1,1,1,1,33,6,3,0,0,0,0,0,9,1,5
3,1,9,0,18,0,0,5,0,1,10,1,1,2,2,19,4,1198,1,9,2,1,1,337972,753794,93,1,1,7,912,4,955,6,30,0,4,6,0,0,0,1,1,2,0,0,2,2,1,1,2,19,4,3,0,0,0,0,0,9,2,5
3,3,9,0,2,0,8,0,0,0,0,2,1,6,1,25,5,2495,2,23,1,1,3,420713,426631,13,3,1,2,203,3,651,6,30,3,4,6,0,0,0,4,2,2,0,0,1,1,1,1,1,33,6,3,0,0,0,0,0,9,1,5
3,1,9,0,18,0,8,0,0,0,0,1,1,6,1,30,6,1598,1,8,1,1,2,532290,178980,1,2,1,6,8,3,201,6,30,3,4,3,201,0,0,4,1,1,0,0,1,1,1,1,1,33,6,3,0,0,0,0,0,9,1,5
3,1,9,0,18,0,0,0,4,0,0,1,1,6,2,51,8,1598,1,8,1,2,2,242430,217040,63,2,2,3,751,3,484,6,40,0,4,6,0,0,0,1,1,1,0,0,2,1,1,1,2,51,8,3,0,0,0,0,0,9,1,5
3,2,9,0,3,0,0,0,0,0,0,2,1,2,1,27,6,1590,1,14,1,1,2,542510,199419,42,2,1,4,456,3,121,6,60,0,4,6,0,0,0,1,1,1,0,0,2,1,1,1,1,27,6,3,0,0,0,0,0,9,1,4
3,1,1,0,18,0,1,0,0,0,0,3,1,2,1,27,6,1598,1,8,1,1,2,534520,182640,1,2,1,2,5,3,1209,6,30,3,4,6,0,0,0,1,1,1,0,0,1,2,1,1,1,27,6,3,0,0,0,0,0,1,1,3
3,2,9,0,18,0,8,0,0,0,0,3,1,1,1,38,7,1598,1,8,1,2,2,534350,182610,1,2,2,3,5,3,1209,6,30,6,2,4,108,0,5,1,2,2,0,0,1,1,2,2,1,33,6,3,0,0,1,0,0,9,1,5
3,2,1,0,18,0,1,0,0,0,0,3,1,6,1,26,6,1598,1,8,1,1,2,496696,180112,43,2,1,6,473,3,4,3,30,3,4,6,7302,0,5,1,2,2,0,0,1,1,1,1,1,26,6,3,0,0,0,0,0,1,1,3
2,1,4,0,17,9,0,0,0,7,10,1,1,6,1,27,6,244,1,8,1,1,1,513233,164435,45,1,1,1,510,3,244,6,30,0,4,6,0,0,0,7,1,1,0,0,1,1,1,1,1,27,6,2,0,0,0,0,0,4,1,9
3,4,10,0,4,0,0,0,0,0,0,1,1,1,1,29,6,2198,2,3,1,5,4,473569,153294,44,4,5,6,494,1,3,3,70,0,4,6,0,0,0,1,2,2,0,0,2,1,5,2,2,61,9,3,0,0,0,0,0,10,1,10
3,2,19,0,2,0,0,0,0,0,0,2,1,1,1,58,9,2400,2,12,2,1,2,525350,292720,35,2,1,4,393,4,1095,6,60,0,4,6,0,0,0,1,1,1,0,0,2,1,1,1,1,33,6,3,0,0,0,0,0,9,1,5
3,1,11,0,4,0,8,0,0,0,0,0,1,6,1,31,6,9000,2,6,1,1,1,559705,100332,47,1,1,3,551,6,0,6,30,3,4,3,2270,0,0,1,1,1,0,0,1,2,1,2,1,2,1,3,0,0,0,4,0,11,1,3
3,1,9,0,18,0,2,0,10,1,2,1,1,6,1,70,10,1149,1,9,1,1,1,526469,406124,16,1,1,2,233,4,1203,6,30,3,4,6,0,0,0,1,1,1,0,0,1,2,1,1,1,70,10,3,0,0,0,0,0,9,1,5
3,2,9,0,5,0,0,0,0,0,0,1,1,1,1,42,7,1360,1,18,1,1,2,462043,208076,43,2,1,4,484,1,40,3,70,0,4,6,0,0,0,1,1,1,0,0,2,1,1,3,1,42,7,3,6,5,0,0,0,0,1,5
2,1,3,0,18,0,4,1,0,0,0,0,1,6,1,21,5,124,1,22,1,1,1,578486,192047,42,1,1,2,459,3,1245,1,40,1,4,3,129,0,0,1,1,1,0,0,2,1,1,1,1,21,5,2,0,0,0,0,0,3,1,8
3,2,5,0,18,0,0,0,0,0,0,4,1,5,1,27,6,1000,1,8,1,1,2,547408,200542,42,2,1,5,456,1,11,3,70,0,4,6,0,0,0,4,2,2,0,0,2,1,1,1,1,27,6,3,0,0,0,0,0,5,1,3
3,1,9,0,18,0,0,0,0,0,0,0,1,6,2,20,4,1149,1,7,1,1,1,356682,117169,52,1,1,6,610,6,0,9,30,0,4,6,0,0,0,1,1,1,0,0,1,2,1,3,1,15,3,3,5,3,0,0,0,0,1,2
3,2,9,0,18,0,0,0,0,0,0,1,1,6,1,71,10,1229,1,2,2,1,2,275073,646301,97,2,1,4,938,3,71,6,30,0,4,6,0,0,0,1,1,1,0,0,2,1,1,1,1,33,6,3,0,0,0,0,0,9,1,5
3,2,19,0,18,0,0,0,0,0,0,2,1,1,1,57,9,1598,1,8,1,4,2,266106,195689,62,2,4,6,745,3,4067,3,40,0,4,6,0,0,4,1,1,1,0,0,2,1,2,1,1,57,9,3,0,0,0,0,0,19,1,5
3,2,8,0,18,0,2,0,0,0,0,2,1,1,1,40,7,1797,8,5,1,2,2,384170,399010,6,2,2,2,102,3,665,2,30,3,2,3,6042,0,0,4,2,2,0,0,1,1,2,2,1,23,5,3,0,0,2,0,0,8,1,2
3,1,9,0,18,0,1,0,0,0,0,1,1,6,2,42,7,1598,1,8,1,1,2,302237,382104,60,2,1,7,723,6,0,6,30,6,4,3,548,0,0,1,1,1,0,0,1,1,1,1,1,33,6,3,0,0,0,0,0,9,1,5
3,1,8,0,18,0,1,0,0,0,0,1,1,6,1,29,6,1997,2,1,1,1,2,531815,105300,47,2,1,4,565,3,270,6,30,7,2,6,0,0,0,1,1,1,0,0,1,2,1,1,1,33,6,3,0,0,0,0,0,9,1,5
3,1,9,0,18,0,2,0,0,0,0,1,1,6,1,61,9,1299,1,16,1,1,3,414570,418208,13,3,1,4,203,3,641,6,30,9,4,6,0,0,0,1,1,1,0,0,1,2,1,1,1,33,6,3,0,0,0,0,0,9,1,5
3,1,9,0,17,0,0,0,0,1,4,1,1,6,1,25,5,1596,1,11,2,1,1,566220,153370,46,1,1,7,542,3,26,6,60,0,4,6,0,0,0,6,1,1,0,0,2,2,1,1,1,25,5,3,0,0,0,0,0,9,2,8
3,2,9,0,4,0,1,0,0,0,0,1,1,6,1,26,6,1598,1,10,1,1,2,530100,171810,1,2,1,1,9,3,23,6,30,3,4,6,0,0,0,4,1,2,0,0,1,2,1,1,1,33,6,3,0,0,0,0,0,9,1,5
3,2,9,0,18,0,1,0,0,0,0,1,1,6,1,32,6,2199,2,3,1,4,3,366680,424730,4,3,4,4,70,6,0,6,60,3,4,6,0,0,0,1,2,2,0,0,2,1,2,1,1,32,6,3,0,0,0,0,0,9,1,1
3,2,11,0,18,0,0,0,0,0,0,0,1,1,1,60,9,1598,1,8,1,5,2,420285,566958,10,2,5,6,147,4,6324,6,30,0,4,6,0,0,0,1,1,1,0,0,1,2,4,2,2,60,9,3,0,0,0,4,0,11,1,5
3,1,8,0,9,0,6,0,0,0,0,1,1,1,1,52,8,1753,2,8,1,1,2,529812,407544,16,2,1,5,233,6,0,6,30,3,4,6,0,0,0,1,1,1,0,0,1,1,1,1,1,33,6,3,0,0,0,0,0,9,1,5
3,1,9,0,18,0,8,0,7,7,1,1,1,2,1,23,5,1240,1,9,1,1,1,393587,186685,54,1,1,5,635,3,429,1,60,1,4,4,4042,0,0,4,2,2,0,0,2,1,1,1,1,23,5,3,0,0,0,0,0,9,1,7
3,1,9,0,6,0,8,0,0,0,0,3,1,2,2,60,9,1461,2,9,1,2,2,432030,277790,20,2,2,6,302,6,0,6,30,3,4,6,0,0,0,1,1,1,0,0,1,1,1,1,2,60,9,3,0,0,0,0,0,9,1,5
3,3,9,0,2,9,0,0,0,7,0,1,1,6,2,23,5,1108,1,12,1,2,3,487853,400277,32,3,2,1,356,3,159,6,40,0,4,6,0,0,0,1,2,2,0,0,2,1,1,1,1,33,6,3,0,0,0,0,0,9,1,5
3,1,9,0,4,0,0,0,0,0,0,1,1,6,1,48,8,1498,1,15,1,1,2,517849,151431,45,2,1,2,512,6,0,6,30,0,4,6,0,0,0,1,1,1,0,2,2,1,1,1,1,33,6,3,0,0,0,0,0,9,1,5
3,2,19,0,4,0,0,0,0,0,0,1,1,1,1,42,7,1870,2,9,3,1,2,376080,486950,3,2,1,4,65,6,0,6,60,0,4,6,0,0,0,1,1,2,0,0,2,1,1,1,1,33,6,3,0,0,0,0,0,9,1,5
3,2,3,0,7,0,1,0,0,0,0,2,1,2,1,38,7,123,1,9,1,1,2,529237,122967,47,2,1,5,563,6,0,7,30,3,4,4,2036,0,0,1,1,1,0,0,2,1,1,1,1,38,7,3,0,0,0,0,0,3,1,8
3,1,9,0,18,0,1,1,0,0,0,1,1,1,1,54,8,1560,2,5,1,1,1,350300,312740,22,1,1,2,286,6,0,6,30,6,4,6,0,0,4,1,1,1,0,0,1,1,1,3,1,11,3,3,4,1,0,0,0,0,1,5
3,1,9,0,4,0,1,0,0,0,0,1,1,6,2,51,8,1796,1,4,1,2,2,257954,667535,97,2,2,3,926,6,0,2,30,5,2,3,81,0,5,1,1,1,0,0,1,2,1,1,1,33,6,3,0,0,0,0,0,9,1,5
3,1,9,0,7,0,8,0,0,0,0,4,1,6,1,23,5,998,1,8,1,1,2,532650,191740,1,2,1,1,32,3,10,3,40,3,4,6,0,0,0,4,1,1,0,0,1,1,1,1,1,33,6,3,0,0,0,0,0,9,1,5
3,1,9,0,18,0,8,0,0,0,0,1,1,6,1,65,9,2656,1,13,1,1,3,424081,300806,21,3,1,6,258,3,5,3,70,5,4,3,5,0,0,1,1,1,0,0,2,1,1,1,1,33,6,3,0,0,0,0,0,9,1,5
3,1,19,0,18,0,8,0,0,0,0,3,1,1,1,61,9,2148,2,8,1,1,1,475389,260613,34,1,1,5,384,6,8084,6,30,3,2,6,8031,0,4,4,1,1,0,0,1,1,1,3,1,21,5,3,5,3,0,0,0,0,2,6
3,3,9,0,18,0,0,0,0,0,0,2,1,6,1,28,6,1242,1,3,1,3,3,427897,431335,13,3,3,6,204,1,621,3,70,0,4,6,0,0,0,1,1,1,0,0,1,1,3,2,1,25,5,3,0,0,1,0,0,9,1,9
3,1,9,0,5,0,6,0,0,0,0,1,1,1,2,20,4,998,1,4,1,1,1,359180,417920,4,1,1,5,73,6,0,6,30,3,4,6,0,0,8,4,1,1,0,0,1,1,1,3,1,80,11,3,5,9,0,0,0,0,1,1
3,2,1,0,13,0,1,0,0,0,0,1,1,6,1,38,7,1598,1,8,1,1,2,528720,164550,1,2,1,2,21,3,237,6,30,3,4,6,0,0,0,1,1,1,0,0,1,2,1,1,1,38,7,3,0,0,0,0,0,1,1,8
3,2,9,0,4,0,1,0,0,0,0,2,1,6,1,30,6,1598,1,8,1,3,2,353297,381645,7,2,3,1,124,6,0,6,30,1,4,3,533,0,0,1,1,1,0,0,1,1,2,1,1,30,6,3,0,0,0,0,0,9,1,8
3,2,9,0,18,0,0,0,0,0,0,1,1,6,2,17,4,1198,1,3,1,1,2,524741,159147,45,2,1,2,513,3,217,3,30,0,4,6,0,0,0,7,8,2,0,0,1,2,1,1,1,33,6,3,0,0,0,0,0,9,1,5
2,2,17,0,18,0,0,0,0,0,0,1,1,1,1,38,7,1598,2,3,1,1,2,482619,360024,31,2,1,3,345,3,1133,6,60,0,4,6,0,0,0,1,1,1,0,0,2,1,1,1,1,33,6,3,0,0,0,0,0,9,1,5
3,1,9,0,9,0,6,0,0,0,0,1,1,6,1,25,5,1998,2,11,1,6,2,244682,126373,50,2,6,5,588,6,0,6,30,3,4,6,0,0,0,1,1,1,0,0,1,1,1,1,1,25,5,3,0,0,0,0,0,9,1,3
1,1,19,0,18,0,0,0,0,0,0,1,1,6,1,31,6,1598,1,8,1,1,1,496762,368258,32,1,1,6,352,3,1434,6,30,0,4,6,0,0,0,4,1,1,0,0,1,1,1,3,1,70,10,1,5,3,0,0,0,0,1,2
2,7,9,0,4,0,0,0,0,0,0,1,1,6,1,72,10,1598,1,8,1,5,7,597390,159370,46,7,5,4,540,1,2,3,70,0,4,6,0,0,0,1,1,1,0,1,2,1,5,2,2,63,9,3,0,0,1,0,0,9,1,6
3,1,9,0,18,0,0,0,0,0,0,4,1,6,2,40,7,1086,1,11,1,1,1,450446,517784,17,1,1,1,243,6,0,6,20,0,4,6,0,0,0,1,1,1,0,0,1,1,1,3,2,21,5,3,5,1,0,0,0,0,1,1
3,1,9,0,9,0,5,0,0,0,0,4,1,6,1,43,7,1597,7,9,1,1,3,508731,431048,16,3,1,5,228,3,1079,6,30,3,4,6,0,0,0,1,1,1,0,0,1,1,1,1,1,33,6,3,0,0,0,0,0,9,1,5
3,2,9,0,18,0,2,0,0,0,0,1,1,6,2,61,9,998,1,8,1,1,2,526892,105842,47,2,1,5,565,3,270,3,20,3,4,6,0,0,0,1,2,2,0,0,1,2,1,1,2,61,9,3,0,0,0,0,0,9,1,3
3,2,19,0,4,0,0,0,0,0,0,2,1,6,1,57,9,1753,2,11,1,5,3,554610,191310,1,3,5,2,15,5,0,6,30,0,4,6,0,0,0,1,1,2,0,0,1,1,1,1,1,57,9,3,0,0,0,0,0,19,1,8
3,1,9,0,18,0,1,0,0,0,0,1,1,6,1,41,7,1598,1,8,1,1,3,252670,200370,63,3,1,4,751,4,4297,6,30,9,4,6,0,0,0,1,1,2,0,0,1,1,1,1,1,33,6,3,0,0,0,0,0,9,1,5
3,2,1,0,18,0,3,0,0,0,0,2,1,6,1,37,7,1598,1,8,2,1,2,601419,223476,42,2,1,3,455,6,0,1,30,1,4,6,0,0,1,1,1,1,0,0,1,1,1,1,1,37,7,3,0,0,0,0,0,1,2,7
3,1,9,0,17,0,0,0,0,0,0,1,1,6,3,38,7,1598,1,8,1,1,2,623510,161470,46,2,1,7,531,6,3071,6,30,0,4,6,0,0,0,1,1,1,0,0,2,1,1,1,1,33,6,3,0,0,0,0,0,9,1,5
3,1,9,0,18,0,0,0,0,7,11,1,1,6,2,36,7,1398,2,12,3,2,1,289585,592459,98,1,2,2,917,3,76,6,40,0,4,6,0,0,0,1,1,1,0,0,2,1,2,2,2,17,4,3,0,0,1,0,0,9,3,5
3,1,20,0,16,0,0,2,10,7,1,1,1,1,1,25,5,1598,1,8,1,2,1,594021,256451,37,1,2,4,413,5,698,6,60,0,4,6,0,0,0,1,1,1,0,0,2,1,2,2,1,26,6,3,0,0,0,0,0,20,1,5
3,1,9,0,18,0,0,0,0,0,0,1,1,6,1,55,8,2179,2,3,1,3,2,417039,422907,13,2,3,7,202,1,62,3,70,0,4,6,0,0,0,4,5,2,0,0,2,1,2,2,2,64,9,3,0,0,1,0,0,9,1,9
3,2,9,0,18,0,4,0,0,0,0,1,1,6,1,27,6,1590,1,17,1,1,2,519380,299440,35,2,1,3,394,6,0,1,30,2,4,5,57,0,0,1,1,1,0,0,1,1,1,2,2,52,8,3,0,0,1,0,0,9,1,2
3,1,9,0,17,0,0,1,0,0,0,1,1,6,2,26,6,1390,1,13,1,2,2,501152,425873,16,2,2,7,231,3,15,6,40,0,4,6,0,0,0,1,2,2,0,0,2,1,1,1,2,26,6,3,0,0,0,0,0,9,1,7
3,1,19,0,18,0,0,0,0,0,0,1,1,1,1,39,7,2143,2,4,1,1,2,409847,272642,23,2,1,5,293,1,42,3,70,0,4,6,0,0,0,6,1,1,0,0,2,1,1,1,1,33,6,3,0,0,0,0,0,9,1,5
3,1,1,0,18,0,8,0,0,0,0,4,1,6,1,57,9,1598,1,8,1,1,2,531940,194260,1,2,1,5,32,3,105,1,30,1,4,5,0,0,0,4,2,2,0,0,1,2,1,1,1,57,9,3,0,0,0,0,0,1,1,6
2,2,1,0,18,0,8,0,0,0,0,1,1,1,1,27,6,1598,1,8,1,1,2,466575,98992,44,2,1,5,498,3,288,1,30,1,4,6,0,0,0,1,1,1,0,0,1,1,1,1,1,27,6,2,0,0,0,0,0,1,1,4
3,3,9,0,2,0,8,0,0,0,0,1,1,6,1,30,6,1598,1,8,1,1,3,560563,98270,47,3,1,3,551,6,0,6,30,6,4,6,0,0,0,1,1,1,0,0,1,1,1,1,1,33,6,3,0,0,0,0,0,9,1,5