accident_severity,vehicle_reference,vehicle_type,towing_and_articulation,vehicle_manoeuvre,vehicle_location-restricted_lane,junction_location,skidding_and_overturning,hit_object_in_carriageway,vehicle_leaving_carriageway,hit_object_off_carriageway,1st_point_of_impact,was_vehicle_left_hand_drive?,journey_purpose_of_driver,sex_of_driver,age_of_driver,age_band_of_driver,engine_capacity_(cc),propulsion_code,age_of_vehicle,driver_home_area_type,NUmber_of_Casualities_unique_to_accident_index,No_of_Vehicles_involved_unique_to_accident_index,location_easting_osgr,location_northing_osgr,police_force,number_of_vehicles,number_of_casualties,day_of_week,local_authority_(district),1st_road_class,1st_road_number,road_type,speed_limit,junction_detail,junction_control,2nd_road_class,2nd_road_number,pedestrian_crossing-human_control,pedestrian_crossing-physical_facilities,light_conditions,weather_conditions,road_surface_conditions,special_conditions_at_site,carriageway_hazards,urban_or_rural_area,did_police_officer_attend_scene_of_accident,casualty_reference,casualty_class,sex_of_casualty,age_of_casualty,age_band_of_casualty,casualty_severity,pedestrian_location,pedestrian_movement,car_passenger,bus_or_coach_passenger,pedestrian_road_maintenance_worker,casualty_type,casualty_home_area_type,casualty_imd_decile
3,1,9,0,9,0,1,0,0,0,0,3,1,6,1,25,5,2000,2,10,1,1,2,533620,188340,1,2,1,1,31,3,10,6,30,3,4,6,0,0,0,1,1,2,0,0,1,1,1,1,1,33,6,3,0,0,0,0,0,9,1,5
3,2,1,0,18,4,1,0,0,0,0,1,1,2,2,47,8,1598,1,8,1,1,2,460862,452581,12,2,1,6,189,5,90,6,30,3,4,6,3510,0,0,1,1,1,0,0,1,1,1,1,2,47,8,3,0,0,0,0,0,1,1,9
2,1,9,0,18,0,4,0,0,0,0,1,1,6,1,17,4,998,1,5,1,5,2,433108,420384,13,2,5,7,206,3,638,1,30,1,4,3,636,0,0,4,1,1,0,0,1,1,3,2,1,12,3,3,0,0,2,0,0,9,1,5
3,1,9,0,17,0,0,2,0,7,10,1,1,6,1,39,7,1598,1,8,1,3,1,439377,266356,23,1,3,7,293,6,0,6,60,0,4,6,0,0,0,6,1,1,0,0,2,1,2,2,2,7,2,3,0,0,2,0,0,9,2,8
3,1,9,0,4,0,1,0,0,0,0,2,1,1,1,38,7,1598,1,8,1,5,2,538360,180220,1,2,5,5,5,3,1206,6,20,3,4,6,0,0,0,4,1,1,0,0,1,1,2,2,1,33,6,3,0,0,1,0,0,9,1,5
3,2,1,0,14,0,1,0,0,0,0,1,1,6,1,49,8,1598,1,8,1,1,2,408280,258685,23,2,1,1,293,3,435,6,50,8,4,6,0,0,0,1,1,1,0,0,2,1,1,1,1,49,8,3,0,0,0,0,0,1,1,7
3,2,9,0,18,0,8,0,0,0,0,4,1,6,2,66,10,2000,2,10,1,2,2,551442,221614,42,2,2,5,463,3,120,1,70,1,4,1,11,0,0,1,1,1,0,0,2,1,1,1,1,33,6,3,0,0,0,0,0,9,1,5
2,2,1,0,9,0,8,0,0,0,0,4,1,2,1,35,6,1598,1,8,1,1,2,502329,224141,40,2,1,2,424,5,205,1,30,1,4,5,198,0,8,4,2,2,0,0,1,1,1,1,1,35,6,2,0,0,0,0,0,1,1,5
2,2,9,0,9,0,8,0,0,0,0,3,1,6,1,55,8,3456,8,2,1,1,2,550180,163110,46,2,1,7,538,1,25,1,70,1,4,6,0,0,0,6,1,1,0,0,2,1,1,1,1,33,6,3,0,0,0,0,0,9,1,5
3,2,9,0,18,0,0,0,0,0,0,4,1,6,2,35,6,1598,1,8,1,2,2,503314,228096,40,2,2,2,424,1,1,3,70,0,4,6,0,0,0,4,1,1,0,0,2,1,2,2,2,27,6,3,0,0,1,0,0,9,1,5
3,1,9,0,17,0,0,2,0,7,11,1,1,6,3,38,7,1199,1,12,1,2,1,429900,435437,13,1,2,1,204,6,0,6,30,0,4,6,0,0,0,4,1,1,0,0,1,1,1,2,2,18,4,3,0,0,2,0,0,9,1,5
3,2,9,0,9,0,6,0,0,0,0,2,1,6,2,33,6,999,1,1,1,1,2,342000,462410,4,2,1,5,76,4,5273,3,30,9,4,6,0,0,0,1,1,1,0,0,1,1,1,1,1,33,6,3,0,0,0,0,0,9,1,5
3,2,9,0,18,0,1,0,0,0,0,4,1,6,2,38,7,1598,1,8,1,3,2,526475,151009,45,2,3,3,513,3,242,6,30,3,4,6,0,0,0,1,4,1,0,0,1,2,3,2,2,13,3,3,0,0,0,0,0,9,1,7
3,3,9,0,3,0,1,0,0,0,0,2,1,6,1,25,5,1598,2,8,1,5,3,509410,179030,1,3,5,6,26,3,437,6,30,9,2,6,0,0,5,1,1,1,0,0,1,1,4,1,1,25,5,3,0,0,0,0,0,9,1,6
3,2,9,0,18,0,8,0,0,0,0,1,1,6,1,21,5,1197,1,8,1,1,2,518620,180550,1,2,1,4,27,3,4020,6,30,6,2,3,406,0,5,1,1,1,0,0,1,1,1,1,1,33,6,3,0,0,0,0,0,9,1,5
3,1,9,0,18,0,1,0,0,0,0,1,1,6,1,48,8,1461,2,5,1,1,1,411650,551207,11,1,1,5,169,3,692,6,60,3,4,6,0,0,8,4,1,1,0,0,2,1,1,3,1,13,3,3,5,3,0,0,0,0,1,3
3,2,9,0,3,0,0,0,0,0,0,2,1,6,1,21,5,998,1,1,1,2,3,509630,175330,1,3,2,3,26,3,30,3,50,0,4,6,0,0,0,1,1,1,4,0,1,1,1,1,1,21,5,3,0,0,0,0,0,9,1,3
3,1,3,0,7,0,6,0,0,0,0,3,1,1,2,23,5,1598,1,8,3,1,2,485237,237976,43,2,1,2,479,6,1069,6,30,3,4,6,1069,0,0,1,1,1,0,0,1,3,1,1,1,33,6,3,0,0,0,0,0,9,1,5
3,1,8,0,5,0,1,0,0,0,0,4,1,1,1,35,6,1995,2,1,1,2,2,575810,155580,46,2,2,7,536,3,20,6,30,6,2,3,26,0,0,1,1,1,0,0,1,1,1,1,1,33,6,3,0,0,0,0,0,9,1,5
3,2,9,0,8,0,1,0,0,0,0,2,1,6,2,22,5,1390,1,9,3,1,2,625453,306053,36,2,1,1,406,3,146,6,60,6,2,4,1332,0,0,1,1,1,0,0,2,1,1,1,2,22,5,3,0,0,0,0,0,9,3,4
3,2,9,0,18,0,0,0,0,0,0,3,1,2,2,31,6,1598,1,8,1,1,2,247799,665866,97,2,1,2,935,1,8,3,50,0,4,6,0,0,0,4,5,2,0,0,1,1,1,1,1,33,6,3,0,0,0,0,0,9,1,5
3,1,9,0,9,0,8,0,0,0,0,0,1,6,2,26,6,1796,1,10,1,1,2,528230,167160,1,2,1,5,21,3,237,6,30,2,4,5,0,0,0,7,1,1,0,0,1,2,1,1,2,26,6,3,0,0,0,0,0,9,1,2
3,2,9,0,9,0,6,0,0,0,0,3,1,6,3,38,7,1598,1,8,1,1,2,395940,295910,20,2,1,7,309,3,41,6,30,8,4,4,4163,0,0,4,1,1,0,0,1,1,1,1,1,33,6,3,0,0,0,0,0,9,1,5
3,2,9,0,18,0,8,0,0,0,0,4,1,2,2,23,5,1328,1,9,1,1,2,400423,311219,21,2,1,2,250,4,4154,1,30,1,4,6,60,0,0,1,1,2,0,0,1,1,1,1,2,23,5,3,0,0,0,0,0,9,1,2
2,2,9,0,18,0,1,0,0,0,0,1,1,6,2,34,6,1796,1,12,1,3,2,621430,230319,42,2,3,4,461,4,1352,6,60,3,4,6,0,0,0,4,2,2,0,0,2,1,2,2,1,49,8,3,0,0,1,0,0,9,1,5
3,2,9,0,18,0,6,5,0,0,0,4,1,6,2,46,8,1598,1,8,1,1,2,358523,170399,52,2,1,5,601,6,0,6,20,6,4,6,0,0,0,1,1,1,0,0,1,1,1,1,2,46,8,3,0,0,0,0,0,9,1,6
3,2,9,0,18,0,0,0,0,0,0,1,1,2,1,34,6,1597,1,19,1,3,2,447498,514424,17,2,3,3,243,4,1380,6,50,0,4,6,0,0,0,1,1,4,0,0,2,1,1,1,1,33,6,3,0,0,0,0,0,9,1,5
3,2,1,0,18,0,8,0,0,0,0,4,1,6,1,20,4,1598,1,8,1,1,2,384270,401300,6,2,1,3,102,6,0,6,20,3,4,6,0,0,0,4,5,2,0,0,1,1,1,1,1,20,4,3,0,0,0,0,0,1,1,1
3,1,9,0,13,0,1,1,10,1,0,1,1,6,1,18,4,2000,2,11,1,3,2,394370,300830,20,2,3,6,309,4,4484,6,30,3,4,6,0,0,0,4,1,1,0,0,1,1,1,1,1,18,4,3,0,0,0,0,0,9,1,2
3,2,1,0,9,0,0,0,0,0,0,2,1,6,1,55,8,1598,1,8,3,1,2,297201,630290,97,2,1,3,938,3,802,6,60,0,4,6,0,0,0,1,1,1,0,0,2,1,1,1,1,55,8,3,0,0,0,0,0,1,3,5
3,1,9,0,5,0,6,0,0,0,0,3,1,6,2,23,5,1390,1,10,1,1,2,552140,153620,46,2,1,3,538,5,339,6,30,6,4,6,0,0,0,6,1,2,0,0,1,1,1,1,2,23,5,3,0,0,0,0,0,9,1,9
3,1,9,0,18,0,0,0,0,0,0,1,1,6,2,29,6,1598,1,8,1,7,4,517940,301140,35,4,7,4,394,3,15,3,40,0,4,6,0,0,0,4,9,1,0,0,1,1,5,2,2,8,2,3,0,0,2,0,0,9,1,2
3,1,9,0,18,0,8,0,10,1,2,1,1,3,1,33,6,1598,1,8,1,2,1,524990,171350,1,1,2,5,22,6,0,6,30,6,4,6,0,0,8,1,1,1,0,0,1,1,2,2,2,2,1,3,0,0,2,0,0,9,1,9
3,1,9,0,18,0,0,2,0,1,0,4,1,6,1,23,5,1984,1,20,2,1,1,309216,675457,95,1,1,3,940,6,0,6,30,0,4,6,0,0,0,1,4,1,0,0,2,1,1,1,1,23,5,3,0,0,0,0,0,9,2,5
3,2,1,0,18,0,8,0,0,0,0,3,1,6,1,27,6,1598,1,8,1,1,2,469907,173545,43,2,1,6,472,6,7201,6,30,3,4,6,7201,0,4,1,1,1,0,0,1,2,1,1,1,27,6,3,0,0,0,0,0,1,1,4
3,2,1,0,18,0,1,0,0,0,0,1,1,1,1,20,4,1598,1,8,1,1,2,432430,277480,20,2,1,6,302,4,4107,6,30,3,2,3,429,0,5,1,1,1,0,0,2,2,1,1,1,20,4,3,0,0,0,0,0,1,1,1
2,2,3,0,18,0,8,1,0,0,0,1,1,6,1,43,7,108,1,8,1,1,2,518120,184670,1,2,1,5,28,3,4089,6,30,3,4,3,4089,0,0,1,1,1,0,0,1,1,1,1,1,43,7,2,0,0,0,0,0,3,1,3
3,1,9,0,5,0,5,0,0,0,0,1,1,6,1,44,7,1598,1,8,3,1,2,459374,455361,12,2,1,2,189,6,3310,6,30,3,4,6,3310,0,0,4,1,2,0,0,1,2,1,1,1,33,6,3,0,0,0,0,0,9,1,5
3,2,9,0,18,0,8,0,0,0,0,1,1,6,1,44,7,1363,2,12,1,2,2,456646,338090,31,2,2,2,346,6,0,6,30,8,4,6,0,0,0,1,1,1,0,0,1,2,1,1,1,33,6,3,0,0,0,0,0,9,1,5
3,2,9,0,3,0,1,0,0,0,0,2,1,1,1,36,7,1229,1,10,1,1,2,439230,351370,30,2,1,3,320,3,38,7,60,1,4,3,610,0,0,1,2,2,0,0,2,2,1,1,1,36,7,3,0,0,0,0,0,9,1,4
3,1,9,0,9,0,8,0,0,0,0,4,1,6,2,34,6,1796,1,10,1,4,2,523470,179090,1,2,4,5,11,3,219,3,30,3,2,3,219,0,5,1,1,1,0,0,1,1,3,2,2,12,3,3,0,0,2,0,0,9,1,4
3,2,9,0,18,0,8,0,0,0,0,1,1,6,2,57,9,1368,1,4,3,1,2,341890,553890,3,2,1,6,62,6,0,6,30,2,4,6,0,0,0,4,1,1,0,0,1,2,1,1,1,33,6,3,0,0,0,0,0,9,1,5
3,2,9,0,9,0,5,0,0,0,0,4,1,6,3,38,7,1598,1,8,1,1,2,522933,211328,41,2,1,5,438,3,6129,6,40,8,4,6,0,0,0,1,2,2,0,0,2,2,1,1,1,33,6,3,0,0,0,0,0,9,1,5
3,2,9,0,18,0,8,0,0,0,0,3,1,3,2,30,6,1598,1,9,1,1,2,488444,180569,43,2,1,2,474,6,7408,6,30,8,4,6,0,0,0,1,2,2,0,0,1,1,1,1,1,33,6,3,0,0,0,0,0,9,1,5
3,2,9,0,18,0,0,0,0,0,0,3,1,6,1,26,6,1400,2,15,1,1,2,373840,429720,4,2,1,7,75,1,65,3,70,0,4,6,0,0,0,1,8,4,0,0,2,1,1,2,1,30,6,3,0,0,1,0,0,9,1,2
3,4,9,0,2,0,0,0,0,0,0,3,1,6,3,38,7,3456,8,3,1,1,4,436640,275520,20,4,1,6,302,3,45,3,40,0,4,6,0,0,0,4,1,1,0,0,1,1,1,1,1,33,6,3,0,0,0,0,0,9,1,5
3,1,9,0,16,0,0,0,0,7,9,1,1,6,2,20,4,1242,1,2,3,1,1,507542,455291,16,1,1,4,231,4,1249,6,60,0,4,6,0,0,0,1,1,2,0,0,2,1,1,1,2,20,4,3,0,0,0,0,0,9,3,8
3,5,9,0,2,0,2,0,4,0,0,2,1,6,1,61,9,1598,1,8,1,1,5,292164,65162,50,5,1,3,587,6,0,6,30,3,4,6,0,0,0,1,1,1,0,0,1,1,1,1,1,33,6,3,0,0,0,0,0,9,1,5
3,2,9,0,18,0,0,0,0,0,0,3,1,6,1,56,9,1598,1,10,1,1,2,479219,355034,31,2,1,6,345,3,616,6,60,0,4,6,0,0,0,1,1,1,0,0,2,2,1,1,1,56,9,3,0,0,0,0,0,9,1,5
2,2,1,0,18,0,0,0,0,0,0,3,1,6,1,27,6,1598,1,8,1,2,3,451505,520166,17,3,2,3,243,6,0,6,30,0,4,6,0,0,0,4,1,1,0,0,1,2,1,1,1,27,6,2,0,0,0,0,0,1,1,1
2,1,9,0,9,0,1,0,0,0,0,0,1,6,1,40,7,2993,2,2,1,1,2,634270,170360,46,2,1,4,541,3,28,6,30,3,4,6,0,0,8,1,1,1,0,0,1,2,1,1,1,33,6,3,0,0,0,0,0,9,1,5
3,1,9,0,18,0,0,2,0,8,6,1,1,6,1,39,7,1796,1,14,1,4,1,454466,307624,33,1,4,1,362,3,46,3,70,0,4,6,0,0,0,1,1,1,0,7,2,1,1,1,1,39,7,3,0,0,0,0,0,9,1,8
3,2,9,0,18,0,8,0,0,0,0,4,1,6,1,39,7,1598,1,11,3,2,2,518158,228700,41,2,2,7,433,3,602,6,50,3,4,6,371,0,0,1,2,2,0,0,2,1,2,2,1,36,7,3,0,0,1,0,0,9,3,6
3,1,9,0,1,0,0,0,0,0,0,2,1,6,1,21,5,1598,1,8,2,2,3,306694,201922,62,3,2,6,742,3,470,3,70,0,4,6,0,0,0,1,1,1,0,0,1,1,1,1,1,33,6,3,0,0,0,0,0,9,1,5
3,1,9,0,18,0,8,0,0,0,0,3,1,6,1,18,4,1598,1,8,2,2,2,453548,317655,33,2,2,1,362,6,6424,6,30,6,4,6,6435,0,0,1,1,1,0,0,1,1,1,1,1,18,4,3,0,0,0,0,0,9,2,9
3,2,9,0,2,0,0,0,0,0,0,2,1,2,1,71,10,1598,1,8,3,2,2,325710,258340,63,2,2,2,753,4,4594,6,60,0,4,6,0,0,0,1,2,2,0,0,2,1,2,3,1,71,10,3,9,9,0,0,0,0,3,4
3,2,9,0,4,0,1,0,0,0,0,2,1,6,1,67,10,1598,1,11,1,1,3,490914,237768,43,3,1,6,479,3,5130,6,40,3,4,6,1307,0,0,1,1,2,0,0,2,1,1,1,1,33,6,3,0,0,0,0,0,9,1,5
3,2,9,0,2,0,0,0,0,0,0,1,1,6,3,38,7,1686,2,1,1,1,2,487200,286393,34,2,1,2,380,6,5059,6,30,0,4,6,0,0,0,4,1,1,0,0,1,2,1,1,1,33,6,3,0,0,0,0,0,9,1,5
3,3,9,0,4,0,0,0,0,0,0,2,1,6,2,38,7,1598,1,10,1,2,3,535270,181250,1,3,2,6,5,3,13,6,30,0,4,6,0,0,0,1,1,1,0,0,1,1,1,1,1,33,6,3,0,0,0,0,0,9,1,5
2,1,9,0,18,0,0,0,0,0,0,1,1,6,2,64,9,2148,2,13,1,5,2,546180,308440,35,2,5,5,392,5,309,6,40,0,4,6,0,0,0,1,1,1,0,0,1,1,1,1,2,64,9,3,0,0,0,0,0,9,1,2
3,2,9,0,9,0,6,0,0,0,0,1,1,6,1,38,7,2438,1,18,1,1,2,533610,188330,1,2,1,1,31,3,10,6,30,3,3,6,0,0,0,1,1,1,0,0,1,2,1,1,1,33,6,3,0,0,0,0,0,9,1,5
2,1,9,0,13,0,0,0,0,1,0,4,1,6,2,21,5,1149,1,15,3,1,2,390541,186014,54,2,1,7,635,5,68,6,60,0,4,6,0,0,0,1,1,1,0,0,2,1,1,1,1,33,6,3,0,0,0,0,0,9,1,5
3,1,9,0,9,0,8,0,0,0,0,1,1,6,1,28,6,1388,1,10,1,1,2,533450,179660,1,2,1,4,8,3,100,6,30,6,4,6,0,0,4,1,1,1,0,0,1,1,1,1,1,33,6,3,0,0,0,0,0,9,1,5
2,2,9,0,18,0,3,0,10,0,0,1,1,6,2,36,7,1968,2,1,3,1,2,353931,194671,53,2,1,5,622,4,4228,1,30,2,4,5,361,0,0,4,2,2,0,0,1,1,1,1,1,33,6,3,0,0,0,0,0,9,1,5
3,1,9,0,18,0,2,0,0,0,0,1,1,6,1,48,8,1598,1,8,2,1,1,225381,65491,50,1,1,5,596,4,3254,6,30,3,4,6,0,0,0,1,1,1,0,0,2,1,1,1,1,48,8,3,0,0,0,0,0,9,2,2
3,2,8,0,4,0,2,0,0,0,0,4,1,1,1,34,6,1598,1,8,1,1,2,330840,437730,4,2,1,2,71,6,0,6,30,7,4,6,0,0,0,1,1,1,0,0,1,1,1,1,1,33,6,3,0,0,0,0,0,9,1,5
3,1,9,0,3,0,0,0,0,0,0,2,1,6,2,53,8,1910,2,12,1,1,2,438227,384897,14,2,1,2,215,3,6135,3,30,0,4,6,0,0,0,1,1,1,0,0,1,1,1,1,2,53,8,3,0,0,0,0,0,9,1,4
2,1,9,0,18,0,0,0,0,1,0,2,1,6,2,20,4,1598,1,8,1,1,2,424956,100054,44,2,1,5,496,6,0,6,40,0,4,6,0,0,0,6,1,2,0,0,2,1,1,1,2,20,4,2,0,0,0,0,0,9,1,4
2,2,5,0,18,0,8,0,0,0,0,1,1,6,1,19,4,883,1,8,1,2,2,401622,311444,21,2,2,6,250,6,41,6,30,3,4,6,83,0,0,4,2,2,0,0,1,1,2,1,1,19,4,2,0,0,0,0,0,5,1,5
3,2,9,0,18,0,0,0,0,0,0,1,1,6,1,38,7,1598,1,8,1,1,2,510233,164134,45,2,1,4,510,6,0,6,30,0,4,6,0,0,0,1,1,1,0,0,1,2,1,1,1,33,6,3,0,0,0,0,0,9,1,5
2,2,5,0,18,0,0,1,0,0,0,1,1,2,1,42,7,998,1,4,1,1,2,332098,388481,5,2,1,6,95,3,552,3,30,0,4,6,0,0,0,1,1,1,0,0,1,1,1,1,1,42,7,2,0,0,0,0,0,5,1,7
3,1,9,0,3,0,1,0,0,0,0,2,1,6,1,45,7,1753,2,7,3,2,2,441968,457253,12,2,2,7,182,3,59,6,60,3,4,6,3379,0,0,6,5,2,0,0,2,1,1,1,1,33,6,3,0,0,0,0,0,9,1,5
3,1,9,0,3,0,0,0,0,0,0,2,1,6,2,19,4,1490,1,7,1,1,3,449373,531632,17,3,1,7,240,6,0,6,30,0,4,6,0,0,0,1,1,2,0,0,2,1,1,1,1,33,6,3,0,0,0,0,0,9,1,5
3,3,9,0,18,0,8,0,0,0,0,1,1,6,2,63,9,999,1,1,3,2,3,367310,424530,4,3,2,5,70,6,0,6,60,9,4,6,0,0,0,6,2,2,0,0,2,1,1,1,1,33,6,3,0,0,0,0,0,9,1,5
3,1,1,0,18,0,2,0,0,0,0,1,1,6,1,37,7,1598,1,8,1,1,2,526350,194260,1,2,1,4,30,3,1000,6,30,3,4,6,0,0,0,1,2,2,0,0,1,2,1,1,1,37,7,3,0,0,0,0,0,1,1,8
2,1,21,0,9,0,8,0,0,0,0,1,1,1,1,52,8,1598,1,8,2,1,1,324510,671670,95,1,1,3,923,5,0,6,30,3,2,6,0,0,5,1,1,2,0,0,1,1,1,3,2,69,10,2,1,3,0,0,0,0,2,5
3,1,9,0,18,0,4,0,0,0,0,1,1,6,2,42,7,1242,1,11,1,1,2,517180,206600,41,2,1,5,434,5,62,6,30,2,4,5,97,0,0,4,1,1,0,0,1,1,1,1,1,33,6,3,0,0,0,0,0,9,1,5
2,1,5,0,18,0,0,1,0,0,0,4,1,6,1,65,9,1584,1,7,1,1,2,503965,225627,40,2,1,4,424,1,1,3,70,0,4,6,0,0,0,1,1,1,0,0,2,1,1,1,1,65,9,2,0,0,0,0,0,5,1,9
3,1,9,0,16,0,1,0,0,0,0,1,1,6,1,19,4,1398,1,1,1,2,2,511269,105076,47,2,2,7,564,6,0,6,30,8,4,6,0,0,0,1,2,2,0,0,1,1,1,1,1,33,6,3,0,0,0,0,0,9,1,5
3,2,1,0,18,0,8,0,0,0,0,2,1,2,1,31,6,1598,1,8,1,1,2,469299,519265,17,2,1,6,241,3,174,1,50,1,4,6,0,0,0,1,1,1,0,0,2,1,1,1,1,31,6,3,0,0,0,0,0,1,1,5
3,1,9,0,9,0,6,0,0,0,0,3,1,5,2,36,7,1200,1,1,1,1,2,438384,289233,23,2,1,3,291,4,4112,6,30,3,4,6,0,0,0,1,1,2,0,0,1,2,1,1,1,33,6,3,0,0,0,0,0,9,1,5
3,1,9,0,4,0,1,0,0,0,0,0,1,6,2,38,7,998,1,18,1,1,2,619252,216352,42,2,1,3,461,6,0,6,30,9,4,6,0,0,0,1,1,1,0,0,1,2,1,1,1,33,6,3,0,0,0,0,0,9,1,5
3,2,9,0,18,0,0,0,0,0,0,1,1,5,2,61,9,1799,1,9,1,1,2,415943,312702,21,2,1,3,252,3,38,3,70,0,4,6,0,0,8,1,1,1,0,0,2,1,1,1,1,33,6,3,0,0,0,0,0,9,1,5
3,2,11,0,18,0,0,0,0,0,0,1,1,1,1,45,7,4580,2,8,1,1,2,483800,147596,45,2,1,5,517,3,287,6,40,0,4,6,0,0,0,1,1,1,0,0,2,1,1,1,1,33,6,3,0,0,0,0,0,9,1,5
3,1,3,0,18,0,0,1,0,0,0,0,1,2,2,25,5,125,1,1,3,1,1,578120,137550,46,1,1,1,543,3,262,6,60,0,4,6,0,0,0,6,1,2,0,7,2,1,1,1,2,25,5,3,0,0,0,0,0,3,3,5
3,1,9,0,17,0,0,2,0,2,0,1,1,6,1,26,6,1596,1,2,1,1,1,342020,301670,22,1,1,1,286,6,0,6,60,0,4,6,0,0,0,1,1,1,0,0,2,1,1,2,2,29,6,3,0,0,1,0,0,9,1,6
3,2,9,0,18,0,8,0,0,0,0,1,1,6,2,38,7,1598,1,1,1,2,3,536030,178580,1,3,2,6,7,3,200,6,30,8,4,6,0,0,4,4,1,1,0,0,1,2,1,1,1,33,6,3,0,0,0,0,0,9,1,5
3,3,9,0,2,0,1,0,0,0,0,2,1,6,2,24,5,1685,2,8,1,1,3,437002,382754,14,3,1,4,215,6,0,6,30,3,4,6,0,0,0,1,1,1,0,0,1,1,1,1,1,33,6,3,0,0,0,0,0,9,1,5
3,3,9,0,18,0,0,0,0,0,0,1,1,6,3,38,7,1598,1,8,1,2,3,461263,148273,44,3,2,3,490,1,3,3,70,0,4,6,0,0,0,1,4,1,0,0,1,2,1,1,1,33,6,3,0,0,0,0,0,9,1,5
3,2,9,0,4,0,2,0,0,1,0,1,1,6,1,33,6,1794,1,14,3,1,2,371234,214445,53,2,1,6,622,3,48,6,50,3,4,5,43,0,0,6,1,1,0,0,2,2,1,1,1,33,6,3,0,0,0,0,0,9,1,5
3,2,9,0,18,0,1,0,0,0,0,1,1,6,1,29,6,1796,1,15,1,1,2,531769,109100,47,2,1,1,565,6,0,6,30,8,4,6,0,0,8,1,1,1,0,0,1,1,1,1,1,33,6,3,0,0,0,0,0,9,1,5
3,1,9,0,18,0,0,0,0,0,0,1,1,6,1,38,7,1598,1,8,2,1,2,440790,350560,30,2,1,3,320,3,610,6,30,0,4,6,0,0,0,1,1,1,0,0,1,2,1,1,1,33,6,3,0,0,0,0,0,9,1,5
2,1,1,0,18,9,0,0,0,0,0,1,1,6,1,12,3,1598,1,8,3,1,1,595570,129640,46,1,1,1,530,4,2080,6,30,0,4,6,0,0,0,1,1,1,0,0,2,1,1,1,1,12,3,2,0,0,0,0,0,1,3,4
3,1,9,0,18,0,1,0,0,0,0,1,1,6,1,23,5,1360,1,5,1,1,2,403589,94518,55,2,1,6,643,6,0,6,30,3,4,6,0,0,0,1,2,2,0,0,2,1,1,1,1,33,6,3,0,0,0,0,0,9,1,5
2,1,9,0,18,0,0,0,0,0,0,1,1,6,1,34,6,1360,1,15,1,1,1,393410,293650,20,1,1,7,303,6,0,6,30,0,4,6,0,0,0,1,1,1,0,0,1,1,1,3,2,13,3,2,5,1,0,0,0,0,1,3
3,1,9,0,7,0,5,0,0,0,0,4,1,1,1,23,5,1596,1,11,1,1,2,248300,58890,50,2,1,4,583,6,0,6,30,3,4,6,0,0,0,1,4,1,0,0,1,1,1,1,1,33,6,3,0,0,0,0,0,9,1,5
2,1,9,0,9,0,8,0,0,0,0,1,1,6,2,38,7,1799,1,7,1,1,2,505870,252086,40,2,1,6,420,4,660,6,30,3,4,6,0,0,0,1,1,1,0,0,1,2,1,1,1,33,6,3,0,0,0,0,0,9,1,5
3,2,9,0,3,0,0,0,0,0,0,1,1,6,1,76,11,1298,1,11,2,2,4,295366,113463,50,4,2,4,586,3,3126,6,30,0,4,6,0,0,0,1,2,2,0,0,1,1,1,1,1,33,6,3,0,0,0,0,0,9,1,5
3,1,9,0,5,0,6,0,0,0,0,1,1,6,2,49,8,1598,1,8,1,1,2,306350,383227,60,2,1,6,723,6,0,6,30,6,2,3,548,0,0,1,1,1,0,0,1,1,1,1,1,33,6,3,0,0,0,0,0,9,1,5
3,2,9,0,9,0,8,0,10,1,0,2,1,6,1,71,10,1598,1,12,1,2,3,525410,172870,1,3,2,7,10,3,218,6,30,3,4,5,0,0,0,1,1,1,0,0,1,1,1,2,2,51,8,3,0,0,1,0,0,9,1,5
3,3,20,0,2,0,1,0,0,0,0,3,1,6,3,38,7,1598,1,8,1,2,4,561226,178009,42,4,2,6,462,3,126,6,30,9,4,6,0,0,1,1,1,1,0,0,1,1,1,1,1,33,6,3,0,0,0,0,0,9,1,5
3,2,21,0,5,0,1,0,0,0,0,1,1,1,1,37,7,10677,2,8,1,1,2,533970,183110,1,2,1,6,5,3,1208,6,30,6,2,4,108,0,5,1,1,1,0,0,1,1,1,1,1,33,6,3,0,0,0,0,0,9,1,5
2,1,9,0,14,0,0,0,0,0,0,3,1,6,1,38,7,1997,2,11,1,1,1,406694,425513,13,1,1,5,202,6,0,6,30,0,4,6,0,0,0,1,1,1,0,0,2,2,1,3,2,13,3,2,5,2,0,0,0,0,1,2
2,1,1,0,18,0,0,5,0,0,0,1,1,6,1,28,6,1598,1,8,1,1,1,533984,155447,45,1,1,7,516,6,1429,6,30,0,4,6,0,0,0,6,8,1,0,0,1,1,1,1,1,28,6,2,0,0,0,0,0,1,1,7
2,3,9,0,2,0,0,0,0,0,0,3,1,6,1,46,8,1995,2,11,1,2,3,414837,434311,13,3,2,6,200,6,0,6,30,0,4,6,0,0,0,1,1,1,0,0,1,1,1,1,1,33,6,3,0,0,0,0,0,9,1,5
3,1,9,0,18,0,0,0,0,0,0,4,1,6,1,25,5,2191,2,8,1,3,2,541890,162840,1,2,3,4,19,3,233,6,30,0,4,6,0,0,0,4,1,1,0,0,1,1,2,2,1,26,6,3,0,0,1,0,0,9,1,5
3,2,9,0,7,0,8,0,0,0,0,4,1,6,2,46,8,1299,1,10,1,1,2,533670,174470,1,2,1,4,8,3,2216,6,30,3,4,3,2216,0,1,1,1,1,0,0,1,1,1,1,1,33,6,3,0,0,0,0,0,9,1,5