accident_severity,vehicle_reference,vehicle_type,towing_and_articulation,vehicle_manoeuvre,vehicle_location-restricted_lane,junction_location,skidding_and_overturning,hit_object_in_carriageway,vehicle_leaving_carriageway,hit_object_off_carriageway,1st_point_of_impact,was_vehicle_left_hand_drive?,journey_purpose_of_driver,sex_of_driver,age_of_driver,age_band_of_driver,engine_capacity_(cc),propulsion_code,age_of_vehicle,driver_home_area_type,NUmber_of_Casualities_unique_to_accident_index,No_of_Vehicles_involved_unique_to_accident_index,location_easting_osgr,location_northing_osgr,police_force,number_of_vehicles,number_of_casualties,day_of_week,local_authority_(district),1st_road_class,1st_road_number,road_type,speed_limit,junction_detail,junction_control,2nd_road_class,2nd_road_number,pedestrian_crossing-human_control,pedestrian_crossing-physical_facilities,light_conditions,weather_conditions,road_surface_conditions,special_conditions_at_site,carriageway_hazards,urban_or_rural_area,did_police_officer_attend_scene_of_accident,casualty_reference,casualty_class,sex_of_casualty,age_of_casualty,age_band_of_casualty,casualty_severity,pedestrian_location,pedestrian_movement,car_passenger,bus_or_coach_passenger,pedestrian_road_maintenance_worker,casualty_type,casualty_home_area_type,casualty_imd_decile
3,2,9,0,3,0,0,0,0,0,0,2,1,6,1,51,8,1783,1,11,1,2,3,451235,205709,43,3,2,5,482,3,420,6,30,0,4,6,0,0,4,1,1,1,0,0,1,1,1,1,1,51,8,3,0,0,0,0,0,9,1,2
3,1,9,0,16,0,0,1,0,1,0,1,1,6,1,26,6,1998,1,11,2,1,1,205657,727730,97,1,1,7,913,3,85,6,60,0,4,6,0,0,0,1,1,2,0,0,2,1,1,2,2,28,6,3,0,0,1,0,0,9,2,5
3,2,9,0,4,0,1,0,0,0,0,1,1,6,1,29,6,1229,1,5,1,2,2,527985,147017,45,2,2,5,513,3,2044,6,30,3,4,3,23,0,0,7,1,1,0,0,2,1,1,1,1,33,6,3,0,0,0,0,0,9,1,5
3,1,9,0,9,0,8,0,0,0,0,1,1,3,1,43,7,1598,1,10,1,1,2,484116,237108,43,2,1,2,479,5,8006,3,70,3,4,6,1085,0,0,1,1,1,0,0,1,1,1,1,1,33,6,3,0,0,0,0,0,9,1,5
3,1,9,0,18,0,8,0,0,0,0,1,1,2,2,27,6,1399,1,6,1,1,2,506000,216730,41,2,1,3,431,3,5,6,50,3,2,4,4540,0,0,4,1,2,0,0,2,1,1,1,2,27,6,3,0,0,0,0,0,9,1,5
2,1,9,0,9,0,5,0,0,0,0,1,1,6,2,47,8,1596,1,17,2,1,2,520172,151872,45,2,1,3,512,6,311,6,30,8,4,6,0,0,0,1,1,1,0,0,2,1,1,1,1,33,6,3,0,0,0,0,0,9,1,5
3,2,1,0,18,0,0,0,0,1,9,1,1,2,1,18,4,1598,1,8,2,1,2,597709,288651,36,2,1,2,400,4,1111,6,60,0,4,6,0,0,0,6,1,1,0,0,2,1,1,1,1,18,4,3,0,0,0,0,0,1,2,8
3,1,3,0,14,0,8,0,0,0,0,3,1,6,1,29,6,124,1,5,1,1,2,526820,172810,1,2,1,5,10,4,229,6,30,3,4,6,0,0,0,1,2,2,0,0,1,1,1,1,1,29,6,3,0,0,0,0,0,3,1,5
2,1,9,0,17,0,0,0,12,0,0,1,1,2,2,58,9,1970,1,10,3,1,2,354740,238480,22,2,1,4,285,4,4224,6,60,0,4,6,0,0,0,6,1,1,0,7,2,1,1,1,2,58,9,2,0,0,0,0,0,9,3,8
2,1,8,0,9,0,8,0,0,0,0,1,1,1,1,24,5,998,1,1,1,7,3,338657,395553,5,3,7,7,91,3,580,3,40,6,4,6,0,0,0,4,2,2,0,0,1,1,5,2,2,58,9,2,0,0,2,0,0,8,1,1
2,1,9,0,9,0,1,0,0,0,0,1,1,2,2,39,7,1364,1,5,1,1,2,387097,804370,92,2,1,3,910,6,0,6,40,3,4,6,0,0,0,1,1,1,0,0,2,1,1,1,1,33,6,3,0,0,0,0,0,9,1,5
3,2,9,0,9,0,1,0,0,0,0,4,1,1,2,45,7,1968,2,2,1,1,2,524100,104992,47,2,1,3,557,6,0,6,30,3,2,6,0,0,4,1,1,1,0,0,1,2,1,1,2,45,7,3,0,0,0,0,0,9,1,5
3,2,1,0,18,0,8,0,0,0,0,1,1,4,1,14,3,1598,1,8,1,1,2,514957,167044,45,2,1,3,510,4,3379,6,30,3,1,4,364,0,0,1,1,1,0,0,1,1,1,1,1,14,3,3,0,0,0,0,0,1,1,10
3,1,8,0,9,0,8,0,0,0,0,0,1,6,1,48,8,1598,1,8,1,1,1,527180,171630,1,1,1,3,10,3,217,6,30,3,4,6,0,0,0,1,1,1,0,0,1,1,1,3,2,28,6,3,5,1,0,0,2,0,1,7
3,1,1,0,18,0,8,0,0,0,0,1,1,2,1,40,7,1598,1,8,1,1,2,331930,435070,4,2,1,4,71,4,5390,6,30,7,4,6,0,0,0,1,2,2,0,0,1,1,1,1,1,40,7,3,0,0,0,0,0,1,1,5
3,2,19,0,18,0,1,0,7,0,0,1,1,6,3,38,7,1598,1,8,1,1,2,395030,292730,20,2,1,6,305,3,4037,3,30,3,4,6,0,0,0,4,2,2,0,0,1,1,1,1,1,33,6,3,0,0,0,0,0,9,1,5
3,2,9,0,18,0,0,1,0,0,0,3,1,6,2,40,7,1229,1,10,1,1,2,521770,200960,41,2,1,5,33,1,25,3,70,0,4,6,0,0,0,4,1,1,0,0,2,1,1,1,2,40,7,3,0,0,0,0,0,9,1,4
3,2,9,0,18,0,8,0,0,0,0,1,1,6,1,37,7,2967,2,8,1,4,2,444383,390191,14,2,4,1,213,3,631,3,40,6,2,3,618,0,0,4,1,1,0,0,1,1,4,2,2,6,2,3,0,0,1,0,0,9,1,3
3,2,9,0,7,0,8,0,0,0,0,4,1,6,2,32,6,1997,2,9,1,1,2,533890,191240,1,2,1,6,31,3,1010,6,30,3,4,6,0,0,0,4,1,2,0,0,1,1,1,1,1,33,6,3,0,0,0,0,0,9,1,5
3,2,8,0,1,0,0,0,0,0,0,2,1,6,1,70,10,1598,1,8,3,1,4,533185,386988,32,4,1,6,351,4,1200,6,30,0,4,6,0,0,0,1,1,1,0,0,1,1,1,1,1,70,10,3,0,0,0,0,0,8,3,6
3,2,9,0,18,0,0,0,0,0,0,1,1,6,1,25,5,1398,2,9,1,4,2,500844,158857,45,2,4,1,518,5,143,6,30,0,4,6,0,0,0,1,4,1,0,0,1,1,3,2,2,21,5,3,0,0,1,0,0,9,1,5
3,2,9,0,5,0,1,0,0,0,0,2,1,6,1,34,6,1246,1,10,1,4,2,386070,437920,4,2,4,7,77,3,682,6,30,9,4,3,56,0,5,1,1,1,0,0,1,1,1,1,1,34,6,3,0,0,0,0,0,9,1,1
3,1,9,0,18,0,0,0,0,0,0,3,1,6,1,45,7,1368,1,5,1,5,2,561590,172640,46,2,5,7,532,3,2,3,70,0,4,6,0,0,0,4,1,1,0,0,2,1,4,2,2,47,8,3,0,0,1,0,0,9,1,5
3,2,9,0,4,0,0,0,0,0,0,2,1,6,2,33,6,1397,1,6,3,1,2,599616,313506,36,2,1,2,400,5,553,6,30,0,4,6,0,0,0,1,4,1,0,0,1,1,1,1,1,33,6,3,0,0,0,0,0,9,1,5
3,1,9,0,18,0,0,0,0,0,0,1,1,6,2,72,10,1242,1,11,1,1,1,507376,224813,40,1,1,4,421,6,0,6,30,0,4,6,0,0,8,1,1,1,0,0,1,1,1,3,1,3,1,3,1,3,0,0,0,0,1,5
2,2,9,0,18,0,0,0,0,0,0,1,1,6,1,33,6,1598,1,8,3,2,2,647322,274774,37,2,2,5,415,4,1387,6,60,0,4,6,0,0,0,6,3,3,0,0,2,1,2,1,1,33,6,2,0,0,0,0,0,9,3,5
3,1,9,0,18,0,0,0,0,0,0,0,1,6,2,20,4,999,1,4,1,1,2,524326,219033,41,2,1,4,438,2,1,3,70,0,4,6,0,0,0,1,1,1,0,0,1,2,1,1,1,33,6,3,0,0,0,0,0,9,1,5
3,1,9,0,6,0,0,0,0,0,0,3,1,2,2,31,6,1910,2,8,1,2,2,495016,188694,43,2,2,5,477,3,355,6,60,0,4,6,0,0,0,1,1,1,0,0,2,1,1,1,2,31,6,3,0,0,0,0,0,9,1,8
3,2,9,0,18,0,8,0,0,0,0,1,1,2,2,22,5,1598,1,8,1,1,2,508807,221083,40,2,1,4,421,6,0,6,20,3,4,6,0,0,0,1,1,1,0,0,1,1,1,1,1,33,6,3,0,0,0,0,0,9,1,5
2,2,9,0,16,0,0,0,0,0,0,3,1,6,1,40,7,1995,2,4,3,2,2,560010,165270,46,2,2,6,538,6,101,6,40,0,4,6,0,0,0,6,1,1,0,0,1,1,2,1,1,40,7,3,0,0,0,0,0,9,3,9
3,1,9,0,9,0,8,0,0,0,0,1,1,6,1,68,10,1242,1,5,1,2,2,515390,180180,1,2,2,5,27,3,4020,6,30,3,4,6,0,0,0,1,1,1,0,0,1,2,1,1,1,68,10,3,0,0,0,0,0,9,1,5
3,1,9,0,18,0,0,0,0,0,0,1,1,2,1,42,7,1995,2,4,1,2,2,480467,232516,43,2,2,4,476,3,421,6,60,0,4,6,0,1,0,1,1,1,0,0,2,1,1,1,1,42,7,3,0,0,0,0,0,9,1,9
3,2,9,0,17,0,0,1,0,0,0,1,1,6,1,24,5,2401,2,11,2,1,2,283227,60172,50,2,1,3,584,3,385,6,60,0,4,6,0,0,0,6,1,2,0,0,2,1,1,1,1,33,6,3,0,0,0,0,0,9,1,5
3,3,9,0,2,9,0,0,0,0,0,3,1,6,1,38,7,2148,2,8,1,1,4,413160,284870,20,4,1,5,300,3,45,3,40,0,4,6,0,0,0,1,1,1,0,0,1,1,1,1,1,33,6,3,0,0,0,0,0,9,1,5
3,1,9,0,17,0,1,0,0,0,0,1,1,6,1,41,7,1991,2,13,1,1,2,407956,316020,21,2,1,5,252,3,513,6,30,3,4,6,0,0,0,1,1,1,0,0,2,2,1,1,1,33,6,3,0,0,0,0,0,9,1,5
3,2,5,0,18,0,1,0,0,0,0,3,1,6,1,32,6,1598,1,8,1,1,2,533800,178200,1,2,1,4,8,3,2,6,30,3,2,4,215,0,5,4,1,1,0,0,1,1,1,1,1,32,6,3,0,0,0,0,0,5,1,2
3,1,3,0,18,0,8,0,0,0,0,4,1,6,1,38,7,1598,1,8,1,1,2,529660,179110,1,2,1,3,1,4,323,6,30,3,4,6,0,0,0,1,1,1,0,0,1,1,1,1,1,38,7,3,0,0,0,0,0,3,1,8
3,3,9,0,3,0,2,0,0,0,0,2,1,2,2,52,8,1995,2,4,1,1,3,435864,387986,14,3,1,4,215,3,61,3,30,6,2,3,6135,0,5,1,2,2,0,0,1,1,1,1,1,33,6,3,0,0,0,0,0,9,1,5
3,1,9,0,4,0,0,0,0,0,0,1,1,2,1,52,8,1596,1,8,1,1,4,416860,283230,20,4,1,2,306,6,0,6,30,0,4,6,0,0,5,1,1,1,0,0,1,1,1,1,1,33,6,3,0,0,0,0,0,9,1,5
3,2,8,0,6,0,1,0,0,0,0,4,1,1,1,55,8,2664,2,15,1,1,2,530620,181810,1,2,1,6,2,3,401,6,30,3,4,6,0,0,8,1,1,1,0,0,1,2,1,1,1,33,6,3,0,0,0,0,0,9,1,5
3,1,9,0,16,0,0,0,0,0,0,1,1,6,2,19,4,1597,1,25,1,2,2,617681,313267,36,2,2,1,401,5,162,6,30,0,4,6,0,0,0,1,1,1,0,0,2,1,1,1,2,19,4,3,0,0,0,0,0,9,1,4
2,2,1,0,18,0,0,0,0,0,0,2,1,6,1,57,9,1598,1,8,1,1,2,447541,537889,11,2,1,6,169,3,1086,6,40,0,4,6,0,0,0,1,1,2,0,0,2,1,1,1,1,57,9,2,0,0,0,0,0,1,1,7
3,1,9,0,18,0,1,0,0,0,0,1,1,6,1,20,4,1596,1,2,1,1,2,449768,356147,31,2,1,3,340,4,6020,6,30,6,4,6,0,0,1,1,1,1,0,0,1,1,1,1,1,33,6,3,0,0,0,0,0,9,1,5
3,1,9,0,18,0,1,0,0,0,0,0,1,6,2,55,8,1598,1,8,3,1,1,354795,145559,52,1,1,7,606,6,0,6,20,3,4,6,0,0,0,1,2,2,0,0,1,1,1,3,2,69,10,3,5,1,0,0,0,0,1,5
3,2,1,0,18,0,0,0,0,0,0,3,1,6,1,50,8,1598,1,8,1,1,2,503820,251742,40,2,1,4,420,5,15,6,60,0,4,6,0,0,0,1,1,2,0,0,2,1,1,1,1,50,8,3,0,0,0,0,0,1,1,10
3,1,9,0,3,0,0,0,0,0,0,2,1,2,2,55,8,1968,2,7,3,2,2,415734,131720,54,2,2,3,635,3,30,6,40,0,4,6,0,0,0,1,1,1,0,0,1,1,1,1,2,55,8,3,0,0,0,0,0,9,3,9
2,1,9,0,18,0,0,2,0,5,0,3,1,6,2,39,7,1390,1,12,1,4,1,386479,787213,92,1,4,7,911,3,90,3,70,0,4,6,0,0,0,1,7,2,0,0,2,1,4,2,2,10,2,2,0,0,2,0,0,9,1,5
3,1,9,0,1,0,0,0,0,0,0,2,1,6,1,70,10,998,1,7,2,1,1,522130,302750,35,1,1,3,394,6,0,9,30,0,4,6,0,0,0,1,1,1,0,0,2,2,1,3,1,46,8,3,10,9,0,0,0,0,1,6
3,1,98,4,12,0,0,0,0,0,0,3,1,6,3,38,7,1598,1,8,1,1,2,396000,305910,21,2,1,2,254,1,6,3,70,0,4,6,0,0,0,1,9,1,0,0,2,2,1,1,1,33,6,3,0,0,0,0,0,9,1,5
1,4,9,0,2,0,0,0,0,0,0,2,1,6,3,38,7,1598,1,8,1,5,4,298354,203540,62,4,5,2,744,6,0,6,30,0,4,6,0,0,0,4,1,2,0,0,1,1,1,1,1,33,6,3,0,0,0,0,0,9,1,5
3,1,9,0,17,0,1,0,0,0,0,1,1,6,1,33,6,1796,1,6,1,1,1,570405,207384,42,1,1,5,454,3,1016,3,30,3,2,6,0,0,5,4,1,1,0,0,1,2,1,3,1,43,7,3,1,1,0,0,0,0,1,5
3,1,20,0,18,0,8,0,0,1,0,2,1,1,1,51,8,5880,2,9,1,1,2,508010,173410,1,2,1,6,25,3,30,1,30,1,4,3,315,0,0,1,1,1,0,0,2,1,1,1,1,33,6,3,0,0,0,0,0,9,1,5
3,3,9,0,18,0,0,0,0,0,0,4,1,6,1,65,9,2400,2,8,2,1,3,609322,224801,42,3,1,6,461,3,137,6,60,0,4,6,0,0,0,1,1,1,0,0,2,1,1,1,1,33,6,3,0,0,0,0,0,9,1,5
3,1,8,0,18,0,1,0,0,0,0,1,1,6,1,38,7,1598,2,5,1,1,2,519792,244406,40,2,1,3,424,4,1040,6,30,3,2,3,6001,0,0,1,1,1,4,0,1,1,1,1,1,33,6,3,0,0,0,0,0,9,1,5
3,2,1,0,18,0,8,0,0,0,0,3,1,6,1,31,6,1598,1,8,1,2,3,541860,190020,1,3,2,3,14,3,1400,6,30,3,4,5,0,0,0,1,1,1,0,0,1,1,2,1,1,31,6,3,0,0,0,0,0,1,1,5
3,2,1,0,18,0,0,0,0,0,0,1,1,6,1,63,9,1598,1,8,3,1,2,409429,423652,13,2,1,7,202,3,629,6,30,0,4,6,0,0,4,1,1,1,0,0,1,1,1,1,1,63,9,3,0,0,0,0,0,1,3,8
3,2,9,0,18,0,1,0,0,0,0,1,1,6,2,40,7,1339,1,11,2,1,2,362612,143640,52,2,1,3,606,3,37,6,30,3,4,6,0,0,0,1,1,1,0,0,1,1,1,1,1,33,6,3,0,0,0,0,0,9,1,5
3,1,9,0,3,0,0,0,0,0,0,2,1,6,2,62,9,1997,2,8,3,1,2,442425,293253,33,2,1,4,361,4,590,6,30,0,4,6,0,0,0,1,1,2,0,0,1,2,1,1,2,62,9,3,0,0,0,0,0,9,3,8
3,2,3,0,18,0,8,0,0,0,0,1,1,2,1,17,4,124,1,1,1,1,2,415100,284700,20,2,1,7,300,6,0,6,30,3,4,6,0,0,4,4,1,1,0,0,1,1,1,1,1,17,4,3,0,0,0,0,0,3,1,2
3,1,11,0,14,0,2,0,0,1,2,4,1,1,1,57,9,9000,2,1,1,1,1,456214,340325,31,1,1,4,346,3,610,6,30,3,4,6,0,0,4,4,1,1,0,0,1,2,1,3,1,34,6,3,6,9,0,0,0,0,1,2
3,3,9,0,10,0,1,0,0,0,0,1,1,6,2,50,8,1783,1,13,1,2,3,259014,666523,97,3,2,1,926,3,879,6,30,6,2,6,0,0,5,1,1,1,0,0,1,1,1,1,2,50,8,3,0,0,0,0,0,9,1,5
3,3,9,0,18,0,0,0,0,0,0,2,1,6,1,67,10,1995,2,6,1,2,4,333800,526630,3,4,2,7,64,3,66,6,60,0,4,6,0,0,0,1,1,2,0,0,2,1,2,1,1,67,10,3,0,0,0,0,0,9,1,5
2,1,9,0,18,0,1,2,7,0,0,1,1,6,1,19,4,1149,1,15,1,2,1,451059,358446,31,1,2,6,340,4,6021,1,30,2,4,4,6022,0,0,4,1,1,0,0,1,1,2,2,2,19,4,3,0,0,1,0,0,9,1,5
3,1,19,0,7,0,5,0,0,0,0,3,1,6,3,38,7,1598,1,8,1,1,2,341848,396785,5,2,1,2,90,3,580,3,30,6,2,3,5207,0,0,1,1,1,4,0,1,1,1,1,1,33,6,3,0,0,0,0,0,9,1,5
3,2,1,0,18,0,8,0,0,0,0,1,1,6,1,28,6,1598,1,8,1,1,2,536820,176640,1,2,1,2,7,3,20,6,30,6,2,4,218,0,5,1,1,1,0,0,1,1,1,1,1,28,6,3,0,0,0,0,0,1,1,5
3,1,9,0,9,0,8,0,0,7,0,2,1,6,1,81,11,1329,1,3,3,1,3,451120,377110,30,3,1,7,321,3,619,6,50,8,4,6,0,0,0,1,7,2,0,0,2,1,1,1,1,81,11,3,0,0,0,0,0,9,3,6
3,2,3,0,3,0,8,0,0,0,0,2,1,2,2,20,4,124,1,2,3,1,3,475324,261067,34,3,1,6,384,3,508,3,30,6,2,3,4500,0,5,1,1,1,0,0,1,2,1,1,2,20,4,3,0,0,0,0,0,3,3,10
3,2,9,0,2,0,0,0,0,0,0,1,1,6,3,38,7,1396,1,5,1,1,5,507400,430849,16,5,1,1,228,6,0,6,30,0,4,6,0,0,0,1,1,1,0,0,1,2,1,1,1,33,6,3,0,0,0,0,0,9,1,5
2,2,9,0,17,0,0,0,0,0,0,1,1,2,1,27,6,1242,1,15,3,4,2,370390,267980,22,2,4,2,273,3,443,6,60,0,4,6,0,0,0,1,2,2,0,0,2,1,3,2,1,35,6,3,0,0,2,0,0,9,3,7
3,1,1,0,18,0,1,0,0,0,0,2,1,2,2,36,7,1598,1,8,1,1,2,533430,182670,1,2,1,3,4,3,1208,6,30,6,2,3,10,0,5,1,1,1,0,0,1,1,1,1,2,36,7,3,0,0,0,0,0,1,1,1
3,2,9,0,18,0,2,0,0,0,0,4,1,6,1,27,6,1598,1,8,2,7,2,224990,213290,63,2,7,2,751,6,0,6,40,3,4,6,0,0,0,1,1,1,0,0,2,1,4,2,2,30,6,3,0,0,1,0,0,9,2,5
3,2,9,0,5,0,6,0,0,0,0,3,1,6,2,45,7,1905,2,17,3,1,2,154885,29881,50,2,1,6,596,3,394,6,30,8,4,6,0,0,0,1,2,2,0,0,2,1,1,1,2,45,7,3,0,0,0,0,0,9,3,5
3,1,98,0,3,0,1,0,0,0,0,2,1,6,1,55,8,2500,2,8,1,2,2,408311,285622,20,2,2,5,300,6,0,6,30,1,4,6,0,0,0,1,1,1,0,0,1,2,1,1,1,55,8,3,0,0,0,0,0,98,1,2
3,3,19,0,18,0,1,0,0,0,0,2,1,1,1,66,10,1998,2,12,3,1,3,371257,83151,55,3,1,4,646,3,353,6,60,8,4,6,0,0,0,1,1,1,0,0,2,1,1,1,1,33,6,3,0,0,0,0,0,9,1,5
3,1,9,0,18,0,0,0,0,0,0,4,1,6,3,38,7,1598,1,8,1,1,2,573222,222731,42,2,1,7,451,6,0,6,30,0,4,6,0,0,0,1,1,1,0,0,2,2,1,1,1,33,6,3,0,0,0,0,0,9,1,5
3,2,9,0,2,0,0,0,0,0,0,4,1,6,3,38,7,1242,1,12,1,1,4,457513,304594,33,4,1,7,364,6,1441,6,30,0,4,6,0,0,0,4,1,1,0,0,1,1,1,1,1,33,6,3,0,0,0,0,0,9,1,5
3,1,9,0,18,0,0,1,0,1,11,1,1,2,2,26,6,1598,1,8,1,2,1,334274,188381,61,1,2,2,732,6,0,6,30,0,4,6,0,0,0,1,8,4,0,0,1,1,2,2,2,1,1,3,0,0,1,0,0,9,1,5
3,1,9,0,18,0,1,0,0,0,0,3,1,6,2,64,9,1299,1,11,1,1,2,520759,162924,45,2,1,6,38,6,2338,6,30,9,4,4,2200,0,0,1,1,1,0,0,1,1,1,1,2,64,9,3,0,0,0,0,0,9,1,10
3,1,9,0,4,0,1,1,0,1,1,1,1,6,1,21,5,1598,1,8,3,1,2,358791,625270,95,2,1,1,914,4,6400,6,60,6,4,6,0,0,0,1,1,2,0,0,2,1,1,1,1,33,6,3,0,0,0,0,0,9,1,5
3,1,19,0,18,0,2,0,0,0,0,1,1,2,1,62,9,1753,2,10,1,1,1,407200,286370,20,1,1,6,300,6,0,6,30,6,2,6,0,0,5,4,2,2,0,0,1,1,1,3,1,21,5,3,1,3,0,0,0,0,1,1
3,1,9,0,10,0,8,0,0,0,0,1,1,6,2,17,4,998,1,4,1,2,2,401949,308758,21,2,2,3,250,4,4154,6,30,3,4,5,369,0,0,1,1,2,0,0,2,1,2,1,2,17,4,3,0,0,0,0,0,9,1,3
3,1,9,0,9,0,8,0,0,0,0,1,1,6,2,23,5,1000,1,8,1,1,2,402150,279840,20,2,1,6,300,4,4121,6,30,6,2,4,4121,0,5,4,1,2,0,0,1,1,1,1,2,23,5,3,0,0,0,0,0,9,1,4
3,2,1,0,18,0,8,0,0,0,0,1,1,6,1,43,7,1598,1,8,1,1,2,528780,179200,1,2,1,2,1,3,302,6,30,3,4,4,312,0,0,4,1,1,0,0,1,1,1,1,1,43,7,3,0,0,0,0,0,1,1,3
3,1,19,0,18,0,1,0,0,0,0,1,1,1,1,31,6,1686,2,11,2,4,2,415003,168863,54,2,4,6,635,3,4,6,50,8,4,6,0,0,0,1,1,1,0,0,2,1,1,1,1,31,6,3,0,0,0,0,0,19,2,9
3,2,9,0,18,0,8,0,0,1,9,3,1,6,1,38,7,1598,1,8,1,2,2,520424,233301,41,2,2,2,433,5,109,6,40,2,4,5,110,0,0,4,2,2,0,0,2,2,2,2,2,31,6,3,0,0,1,0,0,9,1,6
2,1,9,0,3,0,0,0,0,0,0,3,1,2,1,28,6,1598,1,8,2,1,2,288044,68367,50,2,1,5,585,3,380,6,40,0,4,6,0,0,4,1,1,1,0,0,2,1,1,1,1,33,6,3,0,0,0,0,0,9,1,5
3,1,8,0,4,0,2,0,0,0,0,2,1,1,1,25,5,1956,2,3,1,3,2,527230,181480,1,2,3,6,1,3,4209,6,30,6,2,3,5,0,5,1,1,1,0,0,1,1,1,1,1,25,5,3,0,0,0,0,0,8,1,6
3,1,3,0,9,0,8,0,0,0,0,4,1,2,1,18,4,1598,1,8,1,1,2,526830,170470,1,2,1,2,22,6,0,6,30,3,4,3,24,0,0,1,1,1,0,0,1,1,1,1,1,18,4,3,0,0,0,0,0,3,1,6
3,1,22,0,18,5,0,0,0,0,0,1,1,6,2,77,11,1598,1,8,1,1,2,330481,137454,52,2,1,4,607,3,38,6,30,0,4,6,0,0,1,1,1,1,0,0,1,2,1,1,2,77,11,3,0,0,0,0,0,22,1,5
2,1,9,0,18,0,0,0,4,0,0,1,1,6,2,41,7,1560,2,4,2,2,3,527307,345796,32,3,2,5,350,4,1192,6,60,0,4,6,0,0,0,4,1,2,0,0,2,1,1,1,2,41,7,2,0,0,0,0,0,9,2,6
3,2,5,0,18,0,0,0,0,0,0,1,1,6,1,21,5,649,1,5,3,1,2,550590,182490,1,2,1,4,15,5,0,3,30,0,4,6,0,0,0,4,1,1,0,0,2,1,1,1,1,21,5,3,0,0,0,0,0,5,3,7
2,1,5,0,5,0,1,0,0,0,0,0,1,6,1,63,9,650,1,21,1,1,1,524682,159654,45,1,1,7,513,6,1008,6,30,3,4,6,0,0,0,1,1,1,0,0,1,1,1,1,1,63,9,2,0,0,0,0,0,5,1,10
3,1,9,0,9,0,8,0,0,0,0,1,1,6,2,37,7,1781,1,13,1,2,2,538450,194420,1,2,2,7,13,3,110,6,30,3,2,4,169,0,5,1,1,1,0,0,1,1,1,1,2,37,7,3,0,0,0,0,0,9,1,3
3,1,9,0,9,0,2,0,0,0,0,1,1,6,3,38,7,1598,1,8,1,1,1,544340,189740,1,1,1,5,14,5,0,6,30,3,4,6,0,0,8,1,1,1,0,0,1,2,1,3,2,39,7,3,9,9,0,0,2,0,1,3
3,1,9,0,9,0,8,0,0,4,6,4,1,6,1,89,11,1388,1,12,1,1,2,339716,387757,5,2,1,7,91,6,0,3,30,3,2,6,0,2,5,1,1,1,0,0,1,1,1,1,1,89,11,3,0,0,0,0,0,9,1,6
3,2,17,0,13,0,0,0,0,0,0,4,1,6,1,38,7,1598,1,8,3,1,3,521188,138801,45,3,1,7,512,5,60,6,30,0,4,6,0,0,0,1,1,1,0,0,2,2,1,1,1,33,6,3,0,0,0,0,0,9,1,5
3,2,9,0,18,0,0,0,0,0,0,1,1,6,1,38,7,1998,1,4,1,2,2,551860,188610,1,2,2,5,15,5,0,6,30,0,4,6,0,0,0,4,2,2,4,0,1,2,1,1,1,33,6,3,0,0,0,0,0,9,1,5
3,1,9,0,18,0,0,0,0,0,0,1,1,2,1,27,6,1796,1,8,1,1,2,422245,569335,10,2,1,5,147,3,1,3,70,0,4,6,0,0,0,1,1,1,0,0,1,1,1,1,1,33,6,3,0,0,0,0,0,9,1,5
3,1,19,0,18,0,8,0,0,0,0,3,1,6,1,26,6,1598,1,8,1,1,2,547610,179110,1,2,1,4,18,6,0,6,30,3,4,6,0,0,0,1,1,1,0,0,1,1,1,1,1,33,6,3,0,0,0,0,0,9,1,5
2,2,9,0,18,0,0,5,0,5,7,3,1,6,1,36,7,1199,2,4,1,3,3,549670,174300,1,3,3,1,18,3,2,3,50,0,4,6,0,0,0,1,1,1,0,0,1,1,3,1,1,36,7,3,0,0,0,0,0,9,1,3
3,2,9,0,3,0,1,0,0,0,0,2,1,6,1,70,10,1124,1,10,1,8,4,356242,396990,5,4,8,1,92,3,599,6,30,3,2,6,0,0,5,1,1,1,0,0,1,1,6,2,1,21,5,3,0,0,2,0,0,9,1,4
3,2,3,0,18,0,0,2,0,0,0,4,1,6,1,23,5,124,1,4,1,1,2,404117,289321,20,2,1,4,300,6,0,6,30,0,4,6,0,0,0,4,1,1,0,0,1,2,1,1,1,23,5,3,0,0,0,0,0,3,1,1
3,1,9,0,18,0,1,0,0,0,0,1,1,6,1,45,7,1598,1,8,1,1,2,447202,217264,43,2,1,2,481,3,4095,6,60,3,4,3,4260,0,0,1,1,1,0,0,2,2,1,1,1,33,6,3,0,0,0,0,0,9,1,5
3,2,8,0,9,0,8,0,0,0,0,3,1,6,1,57,9,1997,2,4,1,1,2,525540,177240,1,2,1,4,11,3,304,6,30,6,4,6,0,0,0,1,1,1,0,0,1,1,1,1,1,33,6,3,0,0,0,0,0,9,1,5
3,2,9,0,18,0,0,0,0,0,0,1,1,6,2,20,4,1598,1,8,1,1,2,525469,408298,16,2,1,4,233,6,0,6,30,0,4,6,0,0,0,4,2,2,0,0,1,1,1,1,2,20,4,3,0,0,0,0,0,9,1,6
3,2,8,0,18,0,8,0,0,0,0,3,1,1,1,56,9,1956,2,2,1,3,2,384060,398180,6,2,3,7,102,6,0,2,20,6,4,6,0,0,0,4,1,2,0,0,1,1,2,2,1,59,9,3,0,0,2,0,0,8,1,5