accident_severity,vehicle_reference,vehicle_type,towing_and_articulation,vehicle_manoeuvre,vehicle_location-restricted_lane,junction_location,skidding_and_overturning,hit_object_in_carriageway,vehicle_leaving_carriageway,hit_object_off_carriageway,1st_point_of_impact,was_vehicle_left_hand_drive?,journey_purpose_of_driver,sex_of_driver,age_of_driver,age_band_of_driver,engine_capacity_(cc),propulsion_code,age_of_vehicle,driver_home_area_type,NUmber_of_Casualities_unique_to_accident_index,No_of_Vehicles_involved_unique_to_accident_index,location_easting_osgr,location_northing_osgr,police_force,number_of_vehicles,number_of_casualties,day_of_week,local_authority_(district),1st_road_class,1st_road_number,road_type,speed_limit,junction_detail,junction_control,2nd_road_class,2nd_road_number,pedestrian_crossing-human_control,pedestrian_crossing-physical_facilities,light_conditions,weather_conditions,road_surface_conditions,special_conditions_at_site,carriageway_hazards,urban_or_rural_area,did_police_officer_attend_scene_of_accident,casualty_reference,casualty_class,sex_of_casualty,age_of_casualty,age_band_of_casualty,casualty_severity,pedestrian_location,pedestrian_movement,car_passenger,bus_or_coach_passenger,pedestrian_road_maintenance_worker,casualty_type,casualty_home_area_type,casualty_imd_decile
3,4,9,0,2,0,0,0,0,0,0,2,1,6,2,40,7,1995,2,8,3,2,4,455036,505886,12,4,2,1,181,4,1257,6,30,0,4,6,0,0,0,1,1,1,0,0,2,1,1,1,1,33,6,3,0,0,0,0,0,9,1,5
3,2,1,0,18,0,1,0,0,0,0,4,1,6,1,63,9,1598,1,8,1,1,2,351946,392842,5,2,1,6,92,6,0,3,30,3,4,3,569,0,0,4,1,1,0,0,2,1,2,1,1,63,9,3,0,0,0,0,0,1,1,9
3,1,9,0,5,0,1,0,0,0,0,1,1,6,2,57,9,1388,1,11,1,5,2,352100,429690,4,2,5,7,79,6,0,1,30,1,4,6,0,0,0,1,1,1,0,0,1,1,3,2,2,9,2,3,0,0,2,0,0,9,1,2
3,2,1,0,18,4,8,0,0,0,0,1,1,6,1,65,9,1598,1,8,1,1,2,459583,304859,33,2,1,3,364,3,47,3,30,3,4,6,331,0,4,1,1,2,0,0,1,2,1,1,1,65,9,3,0,0,0,0,0,1,1,3
3,2,9,0,18,0,0,0,0,0,0,3,1,6,1,47,8,1598,1,8,1,1,2,256551,664623,97,2,1,1,926,6,0,6,30,0,4,6,0,0,0,1,2,2,0,0,1,1,1,2,2,14,3,3,0,0,2,0,0,9,1,5
3,1,9,0,18,0,0,0,0,0,0,3,1,6,2,59,9,3000,1,14,2,1,2,334990,498810,3,2,1,3,65,4,5286,6,30,0,4,6,0,0,0,1,1,2,4,0,2,1,1,1,2,59,9,3,0,0,0,0,0,9,2,7
3,2,5,0,13,0,2,0,0,0,0,4,1,6,1,53,8,803,1,4,1,2,2,534090,161120,1,2,2,4,20,4,269,6,30,3,4,6,0,0,0,1,1,1,0,0,1,1,1,1,1,53,8,3,0,0,0,0,0,5,1,9
3,1,1,0,18,0,6,0,0,0,0,1,1,6,1,10,2,1598,1,8,1,1,2,451881,534537,17,2,1,6,240,6,0,6,30,6,4,6,0,0,0,1,1,1,0,0,1,1,1,1,1,10,2,3,0,0,0,0,0,1,1,2
3,1,9,0,18,0,0,0,0,0,0,1,1,6,2,29,6,1598,1,8,1,1,1,580206,191437,42,1,1,4,459,3,129,6,30,0,4,6,0,0,0,1,1,1,0,0,1,1,1,3,1,12,3,3,5,1,0,0,0,0,1,5
3,1,9,0,18,0,8,0,0,0,0,1,1,6,2,31,6,1560,2,8,1,3,2,423866,434265,13,2,3,4,204,3,647,6,30,5,4,6,0,0,0,1,1,1,4,0,1,1,1,1,2,31,6,3,0,0,0,0,0,9,1,3
3,2,9,0,18,0,0,0,0,0,0,1,1,6,2,20,4,1399,2,5,2,1,2,366148,865072,92,2,1,1,911,4,9038,6,60,0,4,6,0,0,0,1,1,1,0,0,2,1,1,1,2,20,4,3,0,0,0,0,0,9,2,5
3,2,19,0,2,0,0,0,0,0,0,2,1,6,3,38,7,1598,1,8,1,1,2,294395,376746,60,2,1,7,721,3,548,6,30,0,4,6,0,0,0,4,1,1,0,0,1,1,1,1,1,33,6,3,0,0,0,0,0,9,1,5
3,1,9,0,12,0,2,0,7,0,0,1,1,1,2,26,6,1968,2,8,2,1,2,509315,428372,16,2,1,5,228,3,63,3,40,1,2,3,1079,0,1,1,1,1,0,0,1,1,1,1,2,26,6,3,0,0,0,0,0,9,2,8
3,2,20,0,16,0,8,0,0,0,0,4,1,1,1,37,7,1598,1,8,1,1,2,392912,318686,21,2,1,4,254,3,449,6,40,8,4,6,0,0,0,1,1,1,0,0,2,1,1,1,1,33,6,3,0,0,0,0,0,9,1,5
3,1,9,0,7,9,6,0,0,0,0,1,1,6,2,38,7,1598,1,8,1,1,2,434530,282180,20,2,1,5,302,4,4113,3,30,8,4,3,444,0,4,1,1,1,0,0,1,2,1,1,1,33,6,3,0,0,0,0,0,9,1,5
2,1,9,0,5,0,1,0,0,0,0,1,1,6,2,51,8,1587,1,12,1,1,2,458547,339173,31,2,1,1,346,6,0,1,40,1,2,3,612,0,5,1,1,1,0,0,1,1,1,1,1,33,6,3,0,0,0,0,0,9,1,5
3,2,9,0,9,0,8,0,0,0,0,1,1,2,1,36,7,1199,1,12,1,1,2,512060,172530,1,2,1,6,25,3,312,3,30,6,2,3,314,0,5,1,1,2,0,0,1,1,1,1,1,33,6,3,0,0,0,0,0,9,1,5
2,4,9,0,2,0,0,0,0,0,0,0,1,6,3,38,7,1124,1,17,1,1,4,420252,428627,13,4,1,3,203,3,651,6,30,0,4,6,0,0,0,4,2,2,0,0,1,1,1,1,1,33,6,3,0,0,0,0,0,9,1,5
3,1,9,0,18,0,8,0,0,0,0,1,1,6,1,39,7,1968,2,4,1,1,2,577055,168362,46,2,1,1,544,6,0,6,30,6,4,6,0,0,0,1,5,2,0,0,1,2,1,1,1,39,7,3,0,0,0,0,0,9,1,5
3,2,1,0,18,0,1,0,0,0,0,0,1,6,1,59,9,1598,1,8,1,1,2,432055,435968,13,2,1,5,204,6,0,2,30,3,4,3,58,0,0,1,1,1,0,0,1,2,1,1,1,59,9,3,0,0,0,0,0,1,1,7
3,2,3,0,18,0,0,0,0,0,0,4,1,6,1,35,6,125,1,3,1,1,2,424219,572418,10,2,1,4,148,4,1318,6,30,0,4,6,0,0,0,1,2,2,0,0,2,2,1,1,1,35,6,3,0,0,0,0,0,3,1,5
3,2,9,0,4,0,1,0,0,0,0,2,1,5,2,24,5,1248,2,8,1,2,3,394111,321607,21,3,2,2,255,3,34,6,30,3,4,6,0,0,4,4,1,1,0,0,1,1,1,2,1,29,6,3,0,0,1,0,0,9,1,4
3,2,90,0,18,0,2,0,0,0,0,0,2,1,3,48,8,1598,1,8,1,1,2,493521,392470,32,2,1,7,356,4,1398,6,60,3,4,5,234,0,0,6,1,2,0,0,2,1,1,1,1,33,6,3,0,0,0,0,0,9,1,5
3,2,9,0,13,0,0,1,0,1,1,4,1,6,2,28,6,1582,2,1,2,1,2,503500,304770,35,2,1,6,394,3,1,3,70,0,4,6,0,0,0,4,1,2,0,0,2,1,1,1,2,28,6,3,0,0,0,0,0,9,2,9
3,2,1,0,18,0,8,0,0,0,0,1,1,2,1,28,6,1598,1,8,1,1,2,519510,175480,1,2,1,3,24,6,0,6,30,3,4,6,0,0,0,4,1,1,0,0,1,1,1,1,1,28,6,3,0,0,0,0,0,1,1,5
3,1,1,0,18,0,2,0,0,0,0,1,1,6,1,38,7,1598,1,8,1,1,1,530820,179840,1,1,1,6,9,3,3200,3,30,3,4,6,0,0,5,1,1,1,0,0,1,1,1,3,2,33,6,3,4,3,0,0,2,0,1,5
2,1,9,0,13,0,1,0,0,0,0,1,1,6,1,49,8,1422,2,6,1,2,2,437289,391894,14,2,2,4,215,5,428,6,30,8,4,6,0,0,0,1,9,1,0,0,1,1,1,1,1,49,8,2,0,0,0,0,0,9,1,2
2,2,1,0,18,0,8,0,0,0,0,4,1,2,1,37,7,1598,1,8,1,1,2,405417,290566,20,2,1,6,300,6,0,1,30,1,4,6,0,0,0,4,2,2,0,0,1,2,1,1,1,37,7,2,0,0,0,0,0,1,1,6
3,1,9,0,18,0,0,0,0,0,0,1,1,6,1,40,7,1149,1,1,1,1,2,422872,422959,13,2,1,6,203,6,0,6,30,0,4,6,0,0,0,1,1,1,0,0,1,2,1,1,1,33,6,3,0,0,0,0,0,9,1,5
3,2,9,0,18,0,8,0,0,0,0,1,1,6,2,27,6,1149,1,17,1,5,6,516341,256185,40,6,5,7,420,3,1,3,60,8,4,6,0,0,0,1,1,2,0,0,2,1,1,1,1,33,6,3,0,0,0,0,0,9,1,5
3,4,9,0,18,0,0,0,0,0,0,2,1,6,2,36,7,1598,1,8,2,1,6,560327,188750,42,6,1,4,452,3,127,3,70,0,4,6,0,0,0,1,1,2,0,0,2,1,1,1,1,33,6,3,0,0,0,0,0,9,1,5
2,1,9,0,5,0,0,0,0,0,0,1,1,6,1,26,6,1598,2,2,1,1,1,521660,183090,1,1,1,7,28,3,4000,6,30,0,4,6,0,0,1,1,1,1,0,0,1,1,1,3,1,56,9,2,4,9,0,0,2,0,1,5
3,2,1,0,18,0,8,0,0,0,0,1,1,6,1,19,4,1598,1,8,1,1,2,533120,168390,1,2,1,7,20,4,266,6,30,8,4,6,0,0,0,1,1,1,0,0,1,1,1,1,1,19,4,3,0,0,0,0,0,1,1,4
1,1,9,0,17,0,0,0,0,1,4,1,1,6,1,25,5,1388,1,13,3,2,1,409693,337387,21,1,2,1,251,4,5030,6,60,0,4,6,0,0,0,5,7,2,0,0,2,2,2,2,2,5,1,3,0,0,2,0,0,9,3,7
3,2,9,0,18,0,8,0,0,0,0,2,1,6,1,58,9,1598,1,8,2,2,2,304019,206332,62,2,2,6,742,6,0,6,30,1,4,6,0,0,0,1,1,1,0,0,1,1,2,1,1,58,9,3,0,0,0,0,0,9,2,5
3,2,9,0,18,0,8,0,0,0,0,1,1,6,2,25,5,1360,1,8,1,3,2,504387,426575,16,2,3,3,228,6,0,6,30,8,4,6,0,0,4,1,1,2,0,0,1,1,2,2,1,3,1,3,0,0,2,0,0,9,1,6
3,1,9,0,9,0,6,0,0,0,0,1,1,6,2,62,9,1560,2,3,2,1,1,510886,159873,45,1,1,2,510,3,245,6,30,3,4,5,42,0,0,1,1,1,0,0,1,2,1,3,1,90,11,3,5,3,0,0,0,0,1,6
2,1,9,0,18,0,8,0,0,0,0,1,1,6,3,38,7,1598,1,8,1,1,1,465513,409936,14,1,1,2,211,6,0,6,30,3,4,6,0,0,0,1,1,1,0,0,1,1,1,3,1,44,7,2,5,1,0,0,0,0,1,1
3,1,9,0,18,0,8,0,0,0,0,1,1,6,1,20,4,1598,2,1,1,1,2,518630,187230,1,2,1,6,28,5,0,6,30,3,4,5,0,0,0,4,1,1,0,0,1,1,1,1,1,20,4,3,0,0,0,0,0,9,1,3
2,1,9,0,16,0,2,0,0,0,0,1,1,6,1,43,7,1598,1,10,1,1,1,458082,223947,43,1,1,6,481,6,129,6,30,3,4,6,0,0,0,1,1,1,0,0,1,2,1,3,1,4,1,2,5,3,0,0,0,0,1,8
3,2,9,0,1,0,0,0,0,0,0,2,1,6,1,21,5,1995,1,8,1,1,2,449289,519586,17,2,1,1,243,4,1272,6,30,0,4,6,0,0,0,1,1,1,0,0,1,2,1,1,1,33,6,3,0,0,0,0,0,9,1,5
3,1,9,0,9,0,8,0,0,0,0,2,1,6,1,28,6,998,1,16,1,1,2,528230,167160,1,2,1,7,21,3,237,6,30,3,4,5,0,0,0,1,1,1,0,0,1,1,1,1,1,28,6,3,0,0,0,0,0,9,1,2
3,1,9,0,6,0,0,0,0,0,0,3,1,6,2,38,7,1364,1,10,1,1,1,443994,296894,33,1,1,5,361,6,5324,6,30,0,4,6,0,0,0,1,1,1,0,0,1,2,1,3,2,31,6,3,6,9,0,0,0,0,1,7
3,1,9,0,18,0,0,0,4,0,0,1,1,6,1,60,9,1798,1,8,1,2,5,520380,181220,1,5,2,4,27,3,4000,6,30,0,4,6,0,0,0,1,1,1,0,0,1,1,1,1,1,60,9,3,0,0,0,0,0,9,1,5
3,2,9,0,4,0,0,0,0,0,0,2,1,6,1,32,6,1968,2,5,1,2,2,496379,238557,40,2,2,6,424,3,421,3,70,0,4,6,0,0,0,1,1,1,0,0,2,1,1,1,1,33,6,3,0,0,0,0,0,9,1,5
3,2,9,0,4,0,0,0,0,0,0,1,1,2,1,54,8,1596,1,10,1,1,4,468884,105206,44,4,1,2,498,3,27,3,70,0,4,6,0,0,0,1,1,1,0,0,2,1,1,1,1,33,6,3,0,0,0,0,0,9,1,5
3,2,5,0,18,0,1,0,0,0,0,1,1,6,1,36,7,696,1,6,1,1,2,531320,182200,1,2,1,6,3,3,201,6,30,9,2,6,0,0,5,1,1,1,0,0,1,1,1,1,1,36,7,3,0,0,0,0,0,5,1,2
3,2,9,0,18,0,1,0,0,1,10,3,1,6,1,32,6,1598,1,9,2,1,2,441745,543579,11,2,1,5,169,4,1283,6,30,3,4,6,0,0,0,1,1,2,0,0,2,2,1,1,1,32,6,3,0,0,0,0,0,9,2,1
3,1,9,0,18,0,0,0,0,0,0,1,1,6,1,34,6,1598,1,8,1,6,4,418919,593865,10,4,6,6,139,3,1,6,60,0,4,6,0,0,0,1,2,2,0,0,2,1,1,1,1,34,6,3,0,0,0,0,0,9,1,1
2,1,1,0,4,0,2,0,0,0,0,2,1,1,1,38,7,1598,1,8,1,1,2,533470,183660,1,2,1,4,4,3,10,6,30,3,4,6,0,0,0,1,1,1,0,0,1,1,1,1,1,33,6,3,0,0,0,0,0,9,1,5
3,2,9,0,9,0,8,0,0,0,0,1,1,6,1,38,7,1360,1,9,1,1,2,532420,177490,1,2,1,3,8,3,215,6,30,6,2,4,217,0,5,1,1,1,0,0,1,2,1,1,1,33,6,3,0,0,0,0,0,9,1,5
3,1,9,0,18,0,3,0,0,0,0,1,1,6,2,18,4,1364,1,8,1,4,1,375066,164283,52,1,4,1,611,3,36,7,30,1,4,6,0,0,0,4,1,1,0,0,1,1,4,2,2,18,4,3,0,0,1,0,0,9,1,2
3,2,9,0,18,0,0,0,0,0,0,2,1,2,1,73,10,1364,1,7,1,2,3,257965,665849,97,3,2,4,926,1,8,3,50,0,4,6,0,0,0,1,1,1,0,0,1,1,1,1,1,73,10,3,0,0,0,0,0,9,1,5
3,1,9,0,18,0,0,0,0,0,0,3,1,2,2,52,8,1389,1,12,1,2,2,504077,142506,45,2,2,2,517,4,2128,6,60,0,4,6,0,0,0,1,1,1,0,0,2,1,1,1,2,52,8,3,0,0,0,0,0,9,1,8
3,3,19,0,3,0,0,0,0,0,0,2,1,2,1,48,8,1598,2,8,2,2,3,463082,407088,14,3,2,5,211,3,18,6,50,0,4,6,0,0,0,1,1,1,0,0,2,1,2,1,1,48,8,3,0,0,0,0,0,19,2,5
3,3,9,0,18,0,0,0,0,0,0,4,1,6,1,20,4,1395,1,1,2,1,3,414830,290300,20,3,1,4,300,1,6,3,70,0,4,6,0,0,0,4,1,1,4,0,2,1,1,1,1,33,6,3,0,0,0,0,0,9,1,5
3,2,1,0,18,0,8,0,0,0,0,4,1,6,1,16,4,1598,1,8,2,1,2,614188,247155,37,2,1,4,412,3,1156,6,30,3,2,6,0,0,5,4,9,2,0,0,2,1,1,1,1,16,4,3,0,0,0,0,0,1,2,10
3,1,9,0,18,0,8,0,0,0,0,2,1,6,1,39,7,1997,2,9,1,1,2,438556,390772,14,2,1,4,215,4,6082,6,30,6,2,5,745,0,0,4,3,4,0,0,1,1,1,1,1,39,7,3,0,0,0,0,0,9,1,4
2,1,5,0,18,0,0,0,0,0,0,1,1,6,1,53,8,805,1,9,1,1,2,395810,301620,20,2,1,1,309,6,0,6,30,0,4,6,0,0,0,1,1,1,0,0,1,1,1,1,1,53,8,2,0,0,0,0,0,5,1,1
3,2,9,0,18,0,0,0,0,0,0,2,1,6,1,63,9,1995,2,9,1,2,4,384743,305491,21,4,2,6,254,1,54,3,70,0,4,6,0,0,0,1,1,2,0,0,2,2,1,1,1,63,9,3,0,0,0,0,0,9,1,9
3,1,9,0,18,0,2,0,0,0,0,1,1,6,1,64,9,1527,2,18,1,1,2,443629,436911,13,2,1,2,204,2,1,3,70,5,4,1,1,0,0,1,1,1,0,0,2,1,1,1,1,33,6,3,0,0,0,0,0,9,1,5
2,2,9,0,18,0,8,0,0,0,0,1,1,6,2,52,8,1598,1,8,1,4,3,307640,140923,52,3,4,1,609,3,39,6,30,3,4,6,0,0,0,1,1,1,0,0,2,1,2,1,2,52,8,3,0,0,0,0,0,9,1,4
3,1,9,0,9,0,5,1,10,0,0,4,1,2,2,71,10,1498,1,5,1,1,2,415666,184490,54,2,1,3,633,6,0,6,30,6,4,6,0,0,8,1,1,1,0,0,1,1,1,1,2,71,10,3,0,0,0,0,0,9,1,7
2,1,3,0,18,0,1,0,0,0,0,1,1,2,1,33,6,125,1,8,1,1,2,441134,410765,14,2,1,7,210,6,0,6,30,3,4,6,0,0,0,4,1,1,0,0,2,1,1,1,1,33,6,2,0,0,0,0,0,3,1,1
2,1,9,0,18,0,1,0,0,4,0,1,1,6,2,37,7,1598,1,8,1,3,3,396820,291830,20,3,3,1,305,3,461,3,30,3,4,6,0,0,0,4,1,2,0,0,1,1,1,1,2,37,7,3,0,0,0,0,0,9,1,2
3,1,9,0,17,0,8,2,0,1,4,1,1,6,1,18,4,1598,1,8,1,3,1,408210,535290,11,1,3,7,169,5,30,6,60,3,4,5,30,0,0,1,3,2,0,0,2,1,2,2,1,18,4,3,0,0,2,0,0,9,2,6
3,1,9,0,1,0,0,0,0,0,0,2,1,6,1,25,5,1598,1,8,1,1,2,496277,180213,43,2,1,3,473,3,4,6,30,0,4,6,0,0,0,1,1,1,0,0,1,2,1,1,1,33,6,3,0,0,0,0,0,9,1,5
3,1,9,0,5,0,1,0,0,0,0,1,1,6,1,45,7,1242,1,15,1,2,1,534610,193810,1,1,2,2,32,6,0,6,30,3,4,3,1010,0,0,1,1,1,0,0,1,1,1,3,1,20,4,3,5,1,0,0,2,0,1,1
3,1,9,0,4,0,1,1,10,0,0,1,1,6,2,20,4,1598,1,13,1,1,1,503951,165041,45,1,1,5,514,3,320,6,50,1,4,3,320,0,0,4,2,2,0,0,2,1,1,1,2,20,4,3,0,0,0,0,0,9,1,10
3,1,1,0,17,0,8,0,0,0,0,1,1,6,2,26,6,1598,1,8,1,1,2,528310,195670,1,2,1,2,32,3,111,1,30,1,4,3,110,0,8,1,1,1,0,0,1,2,1,1,2,26,6,3,0,0,0,0,0,1,1,4
3,2,1,0,15,5,0,0,0,0,0,3,1,6,1,26,6,1598,1,8,1,1,2,430674,434359,13,2,1,2,204,6,0,6,30,0,4,6,0,0,0,1,1,1,0,0,1,1,1,1,1,26,6,3,0,0,0,0,0,1,1,9
3,1,9,0,18,0,8,0,0,0,0,1,1,2,1,23,5,1896,2,14,1,6,2,449267,300766,33,2,6,4,360,3,47,6,60,3,4,5,4102,0,0,1,1,1,0,0,2,1,2,2,1,18,4,3,0,0,1,0,0,9,1,3
3,1,9,0,18,0,8,0,0,0,0,1,1,6,1,61,9,2987,2,8,3,1,2,508740,188040,1,2,1,3,26,3,4180,6,30,6,4,3,4180,0,0,1,1,1,0,0,1,1,1,1,1,33,6,3,0,0,0,0,0,9,1,5
3,1,9,0,18,0,8,0,0,0,0,3,1,6,2,42,7,1598,1,8,1,3,2,353380,430470,4,2,3,4,79,6,0,6,30,6,4,6,0,0,0,1,1,1,0,0,1,1,1,1,2,42,7,3,0,0,0,0,0,9,1,3
3,2,1,0,9,0,6,0,0,0,0,1,1,6,1,26,6,1598,1,8,1,1,2,390098,81674,55,2,1,1,644,5,0,6,60,3,4,5,0,0,0,1,1,1,0,0,2,1,1,1,1,26,6,3,0,0,0,0,0,1,1,4
3,2,9,0,16,0,8,0,0,0,0,1,1,1,1,41,7,1968,2,1,1,2,2,375210,319340,22,2,2,2,284,6,0,6,30,3,4,6,0,0,0,1,1,2,0,0,1,1,2,1,1,41,7,3,0,0,0,0,0,9,1,3
3,2,9,0,18,0,8,0,10,1,4,1,1,6,1,26,6,1596,1,13,1,2,2,543370,189540,1,2,2,1,14,5,0,6,30,1,4,6,0,0,0,1,1,1,0,0,1,1,2,1,1,26,6,3,0,0,0,0,0,9,1,3
3,1,9,0,18,0,1,0,0,0,0,1,1,2,1,31,6,1598,1,8,1,1,2,524717,160287,45,2,1,2,513,3,2022,6,30,3,4,5,133,0,0,1,1,1,0,0,1,1,1,1,1,33,6,3,0,0,0,0,0,9,1,5
3,3,9,0,3,0,1,0,0,0,0,0,1,6,1,44,7,1998,2,11,1,1,3,582415,186572,42,3,1,2,460,3,13,6,30,8,4,6,0,0,5,1,1,1,0,0,1,1,1,1,1,33,6,3,0,0,0,0,0,9,1,5
3,1,3,0,7,0,8,0,0,0,0,4,1,6,1,29,6,125,1,8,1,1,1,334724,665412,95,1,1,2,929,6,0,6,30,3,4,6,0,0,0,1,1,2,0,0,1,1,1,1,1,29,6,3,0,0,0,0,0,3,1,5
3,2,9,0,16,0,0,0,0,0,0,1,1,6,1,68,10,1598,2,1,1,5,2,255058,669609,97,2,5,4,926,3,739,3,30,0,4,6,0,0,0,1,1,2,0,0,1,1,3,2,1,43,7,3,0,0,1,0,0,9,1,8
3,1,9,0,9,0,5,0,0,0,0,1,1,6,1,53,8,1596,1,13,2,1,1,480950,448977,16,1,1,2,231,6,0,6,30,3,4,6,0,0,0,4,1,1,0,0,2,2,1,3,2,9,2,3,5,4,0,0,0,0,2,9
2,2,1,0,18,0,8,0,0,0,0,1,1,6,2,29,6,1598,1,8,1,1,2,389030,261590,22,2,1,3,277,3,38,1,40,1,4,6,0,0,0,4,2,2,0,0,2,1,1,1,2,29,6,2,0,0,0,0,0,1,1,5
2,1,8,0,9,0,5,0,0,0,0,4,1,1,1,66,10,2664,2,14,1,1,2,368480,427950,4,2,1,6,70,6,0,6,30,3,4,6,0,0,0,1,1,1,4,0,1,1,1,1,1,33,6,3,0,0,0,0,0,9,1,5
3,1,9,4,18,0,1,0,0,0,0,1,1,6,1,38,7,2999,2,11,3,1,2,558592,199641,42,2,1,2,452,6,0,6,30,6,4,6,0,0,0,1,1,1,0,0,2,1,1,1,1,33,6,3,0,0,0,0,0,9,1,5
3,1,9,0,3,0,1,0,0,0,0,2,1,6,1,38,7,1598,1,8,1,1,3,546990,183610,1,3,1,2,16,3,13,3,50,6,2,5,0,0,5,1,1,1,0,0,1,1,1,1,1,33,6,3,0,0,0,0,0,9,1,5
3,2,1,0,9,0,0,0,0,0,0,1,1,6,1,11,3,1598,1,8,1,1,2,478211,264603,34,2,1,7,384,5,36,6,30,0,4,6,0,0,4,1,1,1,0,0,1,1,1,1,1,11,3,3,0,0,0,0,0,1,1,7
2,1,19,0,2,0,2,0,0,0,0,1,1,6,1,38,7,1560,2,1,1,1,2,496483,200719,43,2,1,1,478,6,63,6,30,3,4,6,4135,0,0,1,1,2,0,0,1,2,1,1,1,33,6,3,0,0,0,0,0,9,1,5
3,1,1,0,18,0,8,0,0,0,0,3,1,6,1,32,6,1598,1,8,1,1,2,459497,101285,44,2,1,6,493,6,0,6,30,3,4,6,0,0,0,1,1,1,0,0,1,1,1,1,1,32,6,3,0,0,0,0,0,1,1,3
3,1,9,0,18,0,1,0,0,0,0,4,1,6,1,71,10,1999,1,12,1,1,1,489316,152962,45,1,1,1,511,4,3411,9,30,3,4,6,0,0,0,1,1,1,0,0,1,2,1,3,1,15,3,3,5,1,0,0,0,0,1,9
3,1,9,0,4,0,8,0,0,0,0,1,1,2,1,48,8,1398,2,12,1,1,1,509700,175340,1,1,1,3,26,5,0,6,30,6,2,3,30,0,5,1,1,1,0,0,1,1,1,3,2,12,3,3,1,3,0,0,2,0,1,3
3,2,9,0,18,0,8,0,0,0,0,1,1,6,2,38,7,1199,1,12,1,1,2,524590,178390,1,2,1,3,11,3,4,3,40,6,2,4,317,0,5,1,1,1,0,0,1,2,1,1,1,33,6,3,0,0,0,0,0,9,1,5
3,2,9,0,4,0,0,0,0,0,0,2,1,1,2,33,6,1685,2,8,3,4,3,581020,149030,46,3,4,2,536,3,274,6,30,0,4,6,0,0,0,1,2,2,0,0,2,1,1,1,1,33,6,3,0,0,0,0,0,9,1,5
3,1,9,0,4,0,0,0,0,0,0,1,1,6,1,33,6,1995,2,9,1,1,1,520060,190540,1,1,1,3,30,3,5,6,30,0,4,6,0,0,5,1,1,1,0,0,1,1,1,3,1,38,7,3,4,3,0,0,2,0,1,7
3,2,1,0,9,0,8,0,0,0,0,4,1,6,1,52,8,1598,1,8,1,1,2,431580,568212,10,2,1,2,148,5,216,1,30,1,4,5,216,0,8,4,1,1,0,0,1,1,1,1,1,52,8,3,0,0,0,0,0,1,1,2
3,1,9,0,18,0,0,0,0,0,0,1,1,6,3,38,7,1598,1,8,1,1,1,535450,192060,1,1,1,2,32,6,0,6,30,0,4,6,0,0,0,1,1,1,0,0,1,1,1,3,2,41,7,3,5,1,0,0,2,0,1,1
3,2,9,0,11,0,1,0,0,0,0,2,1,1,1,32,6,1798,8,8,1,1,2,532280,173820,1,2,1,6,9,3,2199,6,30,3,4,6,0,0,0,7,1,1,0,0,1,1,1,1,1,32,6,3,0,0,0,0,0,9,1,5
3,2,1,0,18,0,0,0,0,0,0,1,1,1,1,34,6,1598,1,8,1,1,2,422859,565150,10,2,1,4,147,5,114,6,40,0,4,6,0,0,0,1,1,1,0,0,1,2,1,1,1,34,6,3,0,0,0,0,0,1,1,6
3,2,9,0,7,0,8,0,0,0,0,1,1,6,3,38,7,1598,1,8,1,1,2,467403,105647,44,2,1,3,498,3,2030,6,40,6,4,6,0,0,0,1,1,1,0,0,1,2,1,1,1,33,6,3,0,0,0,0,0,9,1,5
3,1,9,0,9,0,8,0,0,3,10,1,1,6,2,48,8,1799,1,7,1,1,2,530616,108418,47,2,1,4,565,6,0,6,30,3,4,6,0,0,0,1,1,1,0,0,1,1,1,1,2,48,8,3,0,0,0,0,0,9,1,7
3,2,5,0,10,0,1,1,0,0,0,0,1,2,1,48,8,750,1,8,1,1,2,333685,391078,5,2,1,4,91,6,0,6,30,3,4,6,0,0,0,1,1,1,0,0,1,1,1,1,1,48,8,3,0,0,0,0,0,5,1,8
3,1,9,0,4,0,1,0,0,0,0,2,1,1,1,41,7,1896,2,7,1,1,2,451178,519355,17,2,1,6,243,3,1085,3,40,6,2,6,0,0,5,4,2,2,0,0,1,1,1,1,1,41,7,3,0,0,0,0,0,9,1,1
3,1,1,0,18,0,2,0,0,0,0,1,1,6,1,25,5,1598,1,8,1,2,1,518190,170220,1,1,2,2,23,3,307,6,30,3,4,6,0,0,4,1,1,1,0,0,1,1,1,1,1,25,5,3,0,0,0,0,0,1,1,9
2,1,9,0,18,0,2,0,0,0,0,4,1,6,1,40,7,1560,2,4,1,1,1,531910,183860,1,1,1,2,3,3,104,6,20,3,4,6,0,0,0,1,1,1,0,0,1,1,1,3,2,29,6,2,5,2,0,0,2,0,1,3
3,1,9,0,9,0,8,0,0,0,0,0,1,6,1,31,6,1396,1,12,2,1,2,418995,542103,11,2,1,3,169,4,6302,6,30,3,4,6,0,0,0,1,1,1,0,0,2,2,1,1,1,33,6,3,0,0,0,0,0,9,1,5
2,1,4,0,18,0,0,0,0,0,0,4,1,6,1,27,6,1598,1,8,1,1,1,328421,342329,60,1,1,2,725,4,5605,6,30,0,4,6,0,0,0,4,1,1,0,0,1,1,1,1,1,27,6,2,0,0,0,0,0,4,1,5
3,2,9,0,4,0,0,0,0,0,0,2,1,6,1,42,7,1560,2,3,1,2,2,521380,177900,1,2,2,5,25,3,4,3,40,0,4,6,0,0,0,4,1,1,0,0,1,1,2,2,2,27,6,3,0,0,1,0,0,9,1,5
2,1,9,0,18,0,0,0,0,4,6,1,1,6,2,37,7,1388,1,7,1,2,5,349630,463690,4,5,2,1,76,1,6,3,70,0,4,6,0,0,0,1,1,1,4,0,2,1,1,1,2,37,7,2,0,0,0,0,0,9,1,1