accident_severity,vehicle_reference,vehicle_type,towing_and_articulation,vehicle_manoeuvre,vehicle_location-restricted_lane,junction_location,skidding_and_overturning,hit_object_in_carriageway,vehicle_leaving_carriageway,hit_object_off_carriageway,1st_point_of_impact,was_vehicle_left_hand_drive?,journey_purpose_of_driver,sex_of_driver,age_of_driver,age_band_of_driver,engine_capacity_(cc),propulsion_code,age_of_vehicle,driver_home_area_type,NUmber_of_Casualities_unique_to_accident_index,No_of_Vehicles_involved_unique_to_accident_index,location_easting_osgr,location_northing_osgr,police_force,number_of_vehicles,number_of_casualties,day_of_week,local_authority_(district),1st_road_class,1st_road_number,road_type,speed_limit,junction_detail,junction_control,2nd_road_class,2nd_road_number,pedestrian_crossing-human_control,pedestrian_crossing-physical_facilities,light_conditions,weather_conditions,road_surface_conditions,special_conditions_at_site,carriageway_hazards,urban_or_rural_area,did_police_officer_attend_scene_of_accident,casualty_reference,casualty_class,sex_of_casualty,age_of_casualty,age_band_of_casualty,casualty_severity,pedestrian_location,pedestrian_movement,car_passenger,bus_or_coach_passenger,pedestrian_road_maintenance_worker,casualty_type,casualty_home_area_type,casualty_imd_decile
3,2,9,0,4,0,0,0,0,0,0,2,1,6,1,23,5,1598,2,4,3,1,2,312526,679600,94,2,1,1,925,3,90,3,50,0,4,6,0,0,0,1,2,2,0,0,2,1,1,1,1,33,6,3,0,0,0,0,0,9,1,5
3,5,9,0,3,0,0,0,0,0,0,2,1,2,1,54,8,1986,2,10,1,3,5,518040,182690,1,5,3,5,27,3,40,3,40,0,4,6,0,0,0,4,1,1,0,0,1,1,1,1,1,33,6,3,0,0,0,0,0,9,1,5
3,2,9,0,9,0,5,0,4,0,0,1,1,6,3,38,7,1968,2,10,1,1,2,364348,174859,52,2,1,6,601,6,0,6,30,3,4,6,0,0,0,1,1,1,0,0,1,1,1,1,1,33,6,3,0,0,0,0,0,9,1,5
3,1,9,0,16,0,0,0,0,0,0,1,1,6,1,30,6,1781,1,16,3,2,2,488051,100754,47,2,2,5,559,6,0,6,60,0,4,6,0,0,0,1,1,1,0,0,2,1,2,1,1,30,6,3,0,0,0,0,0,9,3,6
3,1,9,0,18,0,0,0,0,0,0,1,1,6,2,47,8,1598,1,8,1,3,3,487034,156899,44,3,3,3,499,6,0,6,30,0,4,6,0,0,0,4,1,1,0,0,1,1,1,1,2,47,8,3,0,0,0,0,0,9,1,8
3,2,9,0,2,0,0,0,0,0,0,2,1,1,1,52,8,1968,2,7,1,1,2,427438,432800,13,2,1,5,204,6,0,6,30,0,4,6,0,0,0,1,1,1,0,0,1,1,1,1,1,33,6,3,0,0,0,0,0,9,1,5
3,2,9,0,18,0,2,0,0,0,0,3,1,6,3,38,7,1598,1,8,1,1,2,434710,334400,30,2,1,3,323,6,0,6,30,6,4,6,0,0,0,1,1,1,0,0,1,1,1,1,1,33,6,3,0,0,0,0,0,9,1,5
3,3,9,0,2,0,2,0,4,0,0,2,1,6,1,38,7,1685,2,1,2,1,5,638640,164990,46,5,1,7,541,4,2054,6,30,3,4,6,0,0,0,4,1,1,0,0,1,1,1,1,1,33,6,3,0,0,0,0,0,9,1,5
3,1,9,0,4,0,1,0,0,0,0,2,1,6,1,34,6,1984,1,7,3,1,2,245207,110448,50,2,1,7,588,6,0,6,60,3,4,6,0,0,0,1,1,1,0,0,2,1,1,1,1,33,6,3,0,0,0,0,0,9,1,5
3,2,9,0,18,0,1,0,0,0,0,1,1,6,3,38,7,1596,1,13,1,1,2,457442,359087,31,2,1,6,344,3,6191,1,40,1,4,3,617,0,0,4,1,1,0,0,2,2,1,1,1,33,6,3,0,0,0,0,0,9,1,5
3,1,9,0,17,0,1,0,0,0,0,1,1,6,1,78,11,1386,1,6,3,1,2,521860,358207,32,2,1,3,351,3,153,6,30,3,4,4,1192,0,0,1,1,1,0,0,2,2,1,1,1,33,6,3,0,0,0,0,0,9,1,5
2,1,9,0,18,0,0,1,10,5,6,3,1,6,1,28,6,1386,1,7,1,1,1,550260,162920,46,1,1,3,538,1,25,3,70,0,4,6,0,0,0,1,1,1,0,0,2,1,1,1,1,28,6,2,0,0,0,0,0,9,1,10
3,1,9,0,12,0,0,0,0,0,0,3,1,6,1,56,9,1598,1,8,1,1,2,448895,417988,13,2,1,4,206,3,1,3,70,0,4,6,0,0,0,6,7,2,0,0,2,1,1,1,1,33,6,3,0,0,0,0,0,9,1,5
3,1,9,0,5,0,0,0,0,0,0,2,1,1,1,55,8,1956,2,4,1,3,4,444140,335120,30,4,3,6,324,3,52,3,70,0,4,6,0,0,0,1,1,1,0,0,2,1,1,1,1,33,6,3,0,0,0,0,0,9,1,5
3,1,9,0,13,0,8,1,0,7,1,4,1,6,1,21,5,3246,1,12,1,3,2,435620,334470,30,2,3,1,323,5,71,6,30,6,2,6,0,0,0,4,1,1,0,0,1,1,1,1,1,21,5,3,0,0,0,0,0,9,1,1
3,2,11,0,18,0,0,0,0,0,0,0,1,1,1,60,9,1598,1,8,1,5,2,420285,566958,10,2,5,6,147,4,6324,6,30,0,4,6,0,0,0,1,1,1,0,0,1,2,1,2,2,44,7,3,0,0,0,3,0,11,1,5
3,1,21,1,13,0,0,0,0,0,0,0,1,6,3,38,7,1598,1,8,1,1,2,446637,357301,31,2,1,2,340,3,38,3,60,0,4,6,0,0,0,4,1,1,0,0,1,1,1,1,1,33,6,3,0,0,0,0,0,9,1,5
3,1,9,0,1,0,6,0,0,0,0,2,1,6,1,59,9,1560,2,2,1,1,1,338517,394400,5,1,1,4,91,6,0,6,30,8,4,6,0,0,0,1,1,1,0,0,1,1,1,3,2,32,6,3,6,9,0,0,0,0,1,2
3,1,3,0,18,0,0,0,0,0,0,1,1,6,1,33,6,108,1,2,1,1,1,533810,178160,1,1,1,6,8,4,215,6,30,0,4,6,0,0,5,1,1,1,0,0,1,1,1,3,1,9,2,3,4,2,0,0,2,0,1,5
3,1,8,0,7,0,8,0,0,0,0,4,1,1,1,30,6,2143,2,4,1,1,2,523550,179810,1,2,1,5,11,3,402,6,30,8,4,6,0,0,0,1,1,1,0,0,1,1,1,1,1,33,6,3,0,0,0,0,0,9,1,5
3,2,9,0,9,0,5,0,0,0,0,4,1,6,2,81,11,1299,1,13,1,1,2,447970,346026,31,2,1,4,342,4,6010,6,30,6,4,6,0,0,0,1,1,1,0,0,1,1,1,1,1,33,6,3,0,0,0,0,0,9,1,5
3,2,9,0,2,0,0,0,0,1,11,2,1,6,3,38,7,1364,1,8,1,1,2,418372,433980,13,2,1,1,200,3,6177,6,30,0,4,6,0,0,0,4,1,1,0,0,1,1,1,1,1,33,6,3,0,0,0,0,0,9,1,5
3,1,9,0,18,0,0,0,0,0,0,1,1,6,2,35,6,2204,2,7,1,1,2,527340,136057,47,2,1,2,560,3,2004,6,30,0,4,6,0,0,0,1,1,1,0,0,1,1,1,1,1,33,6,3,0,0,0,0,0,9,1,5
3,1,9,0,18,0,4,0,0,0,0,1,1,6,1,38,7,1328,1,8,2,1,2,484014,236717,43,2,1,1,479,5,129,3,70,1,4,5,8006,0,0,1,4,2,0,0,1,3,1,1,1,33,6,3,0,0,0,0,0,9,1,5
3,1,9,0,18,0,1,0,0,0,7,1,1,6,2,31,6,1149,1,13,1,2,1,359427,172966,52,1,2,6,601,3,4018,6,20,9,4,6,0,0,0,1,1,1,0,0,1,1,2,2,1,7,2,3,0,0,2,0,0,9,1,2
2,1,9,0,8,0,1,0,0,0,0,0,1,6,2,73,10,1360,1,14,1,1,2,497040,370871,32,2,1,7,352,4,1003,3,40,3,2,6,0,0,0,1,1,1,0,0,1,2,1,1,1,33,6,3,0,0,0,0,0,9,1,5
3,3,9,0,18,0,0,0,0,0,0,1,1,6,2,66,10,998,1,1,1,1,3,450852,517105,17,3,1,3,243,3,172,6,30,0,4,6,0,0,0,1,1,1,0,0,1,1,1,1,1,33,6,3,0,0,0,0,0,9,1,5
3,2,9,0,18,0,8,0,0,0,0,1,1,6,2,32,6,1598,1,8,1,2,2,533870,191480,1,2,2,1,31,3,1010,6,30,3,2,6,0,0,5,4,1,1,0,0,1,1,2,1,2,32,6,3,0,0,0,0,0,9,1,2
3,1,9,0,9,0,4,0,0,0,0,1,1,2,1,50,8,1598,1,8,3,1,2,454301,515623,17,2,1,4,241,3,171,1,60,1,4,3,1043,0,0,1,1,1,0,0,1,1,1,1,1,33,6,3,0,0,0,0,0,9,1,5
3,2,9,0,5,0,3,0,0,0,0,2,1,5,1,31,6,1596,1,2,1,2,2,621834,220817,42,2,2,6,461,4,1033,2,30,1,4,4,1032,0,0,1,1,1,0,0,1,1,2,2,2,31,6,3,0,0,1,0,0,9,1,6
2,1,9,0,9,0,8,0,0,0,0,0,1,6,2,72,10,1596,1,8,1,1,2,342780,464220,4,2,1,5,76,3,589,1,30,1,4,4,5321,0,4,5,1,1,0,0,1,1,1,1,1,33,6,3,0,0,0,0,0,9,1,5
3,1,1,0,18,0,0,0,0,0,0,1,1,1,1,46,8,1598,1,8,1,2,1,528340,178510,1,1,2,5,1,5,0,6,30,0,4,6,0,0,0,1,1,1,0,0,1,1,2,3,2,8,2,3,5,1,0,0,2,0,1,5
3,4,9,0,2,5,0,0,0,0,0,3,1,6,1,25,5,2979,1,11,1,1,4,513590,176250,1,4,1,3,25,3,3005,6,30,0,4,6,0,0,1,4,1,1,0,0,1,1,1,1,1,33,6,3,0,0,0,0,0,9,1,5
3,3,9,0,18,0,1,0,0,0,0,2,1,6,2,59,9,2143,2,3,1,1,4,406719,184304,54,4,1,5,635,4,4042,6,60,3,4,6,0,0,0,1,1,1,0,0,2,1,1,1,1,33,6,3,0,0,0,0,0,9,1,5
2,2,9,0,18,0,0,0,0,0,0,1,1,6,1,65,9,1598,1,8,1,3,2,454024,226551,43,2,3,6,481,4,430,6,60,0,4,6,0,0,0,1,1,1,0,2,2,1,3,2,1,2,1,3,0,0,2,0,0,9,3,7
3,2,9,0,18,0,1,0,0,1,10,4,1,6,1,51,8,2099,2,8,1,2,2,395110,398180,6,2,2,2,110,4,6445,6,30,6,4,4,6431,0,0,4,1,1,0,0,1,1,2,2,2,65,9,3,0,0,1,0,0,9,1,9
3,4,19,0,4,0,0,0,0,0,0,3,1,2,1,23,5,1560,2,1,1,1,4,431541,425123,13,4,1,5,204,1,1,3,70,0,4,6,0,0,0,1,1,1,0,0,2,1,1,1,1,33,6,3,0,0,0,0,0,9,1,5
3,2,9,0,5,0,1,0,0,0,0,1,1,6,1,38,7,1781,1,12,1,1,2,404590,280710,20,2,1,7,300,3,4040,6,30,6,4,6,0,0,4,4,1,1,0,0,1,1,1,1,1,33,6,3,0,0,0,0,0,9,1,5
3,2,9,0,7,0,7,0,0,0,0,2,1,1,2,38,7,1686,2,2,1,2,2,245303,59087,50,2,2,5,583,3,38,7,30,5,4,6,0,0,0,1,1,1,0,0,1,1,2,2,1,37,7,3,0,0,1,0,0,9,1,5
3,1,9,0,9,0,5,0,0,0,0,0,1,1,1,45,7,1598,1,8,2,1,2,421443,199574,53,2,1,2,621,3,361,6,30,3,4,3,417,0,0,1,1,1,0,0,2,1,1,1,1,33,6,3,0,0,0,0,0,9,1,5
3,2,9,0,7,0,2,0,7,0,7,1,1,6,2,52,8,1299,1,13,1,1,2,381240,396300,6,2,1,6,112,3,56,2,30,6,2,3,5063,0,5,4,1,2,0,0,1,1,1,1,2,52,8,3,0,0,0,0,0,9,1,1
3,1,98,0,5,0,2,0,0,0,0,1,1,6,1,63,9,1598,1,8,2,1,2,533226,344613,32,2,1,2,350,3,16,6,30,3,2,5,779,2,4,1,1,1,0,0,1,1,1,1,1,33,6,3,0,0,0,0,0,9,1,5
2,3,9,0,3,0,0,0,0,0,0,2,1,1,1,29,6,1499,2,8,1,2,3,501819,178151,43,3,2,3,473,1,4,3,70,0,4,6,0,0,0,4,2,2,0,0,1,1,2,1,1,29,6,3,0,0,0,0,0,9,1,5
3,2,9,0,4,0,0,0,0,0,0,2,1,6,1,30,6,1560,2,2,1,3,2,423990,323312,21,2,3,2,251,3,5121,6,40,0,4,6,0,0,0,1,1,1,0,0,1,2,1,1,1,30,6,3,0,0,0,0,0,9,1,2
3,1,9,0,4,0,0,0,0,0,0,1,2,2,1,23,5,1598,1,8,1,5,4,287615,663796,97,4,5,4,932,4,7066,6,60,0,4,6,0,0,0,4,4,2,0,0,2,1,1,1,1,33,6,3,0,0,0,0,0,9,1,5
3,2,9,0,7,9,6,0,0,0,0,1,1,1,1,41,7,1686,2,1,1,1,2,393513,221719,53,2,1,5,620,5,9014,6,40,8,4,6,0,0,0,1,8,2,0,0,1,1,1,1,1,33,6,3,0,0,0,0,0,9,1,5
3,2,1,0,18,0,0,0,0,1,0,1,1,6,1,41,7,1598,1,8,1,1,2,368250,447350,4,2,1,1,80,6,0,6,60,0,4,6,0,0,0,1,1,1,0,0,2,1,1,1,1,41,7,3,0,0,0,0,0,1,1,9
3,2,9,0,18,0,0,0,0,1,10,2,1,6,2,21,5,1388,1,5,1,1,3,440512,190503,43,3,1,7,483,6,235,6,30,0,4,6,0,0,0,1,1,1,0,0,1,1,1,1,2,21,5,3,0,0,0,0,0,9,1,9
3,1,9,0,18,0,0,0,0,1,4,1,1,6,2,18,4,1388,1,13,3,2,1,522520,302990,35,1,2,3,394,3,47,6,60,0,4,6,0,0,0,6,1,1,0,0,2,1,2,2,2,18,4,3,0,0,1,0,0,9,3,4
2,2,9,0,4,0,2,0,0,0,0,0,1,6,1,35,6,1796,1,8,1,1,2,456397,404197,14,2,1,7,211,3,638,3,40,3,4,6,0,0,0,4,1,1,0,0,1,1,1,1,1,33,6,3,0,0,0,0,0,9,1,5
3,2,9,0,5,0,0,0,0,0,0,2,1,6,2,54,8,1598,1,8,1,3,2,526252,136341,47,2,3,6,560,3,2220,6,30,0,4,6,0,0,0,1,1,1,0,0,1,2,2,2,2,45,7,3,0,0,2,0,0,9,1,5
3,1,9,0,4,0,1,0,0,0,0,1,1,6,1,48,8,1596,1,9,1,1,2,541482,110276,47,2,1,3,554,3,2029,6,20,3,4,6,0,0,1,1,1,1,0,0,1,1,1,1,1,33,6,3,0,0,0,0,0,9,1,5
3,1,9,0,18,0,1,0,0,0,0,1,1,6,1,24,5,1598,1,8,1,2,2,319460,469540,3,2,2,5,61,6,0,6,30,6,4,6,0,0,0,1,1,1,0,0,1,1,1,1,1,33,6,3,0,0,0,0,0,9,1,5
3,1,19,0,18,9,1,0,0,0,0,1,1,6,1,38,7,1598,1,8,1,2,1,539210,186260,1,1,2,2,13,6,0,6,30,3,4,4,161,0,1,4,1,1,0,0,1,2,1,3,1,44,7,3,4,9,0,0,2,0,1,3
2,1,9,0,9,0,5,0,0,0,0,4,1,6,1,18,4,1598,2,3,1,1,2,427301,564983,10,2,1,6,147,3,188,6,30,9,4,6,1157,0,5,6,1,1,0,0,1,1,1,1,1,33,6,3,0,0,0,0,0,9,1,5
3,1,19,0,18,2,2,2,0,2,4,1,1,2,1,25,5,1598,1,8,1,2,3,531160,186340,1,3,2,3,3,3,503,2,30,3,4,6,0,0,0,4,1,1,0,0,1,1,1,1,1,25,5,3,0,0,0,0,0,19,1,5
3,2,9,0,9,0,8,0,0,0,0,1,1,6,1,67,10,2494,8,1,1,1,2,416262,433443,13,2,1,4,200,3,6181,6,30,3,2,6,0,0,5,1,1,1,0,0,1,1,1,1,1,33,6,3,0,0,0,0,0,9,1,5
1,1,9,0,5,0,1,0,0,0,0,1,1,5,2,51,8,1598,1,8,1,1,2,593037,185152,42,2,1,4,460,4,1016,6,30,3,4,6,0,0,0,1,1,1,0,0,1,1,1,1,1,33,6,3,0,0,0,0,0,9,1,5
3,1,4,0,18,0,3,0,0,0,0,4,1,6,2,61,9,124,1,11,1,1,2,372471,163781,52,2,1,6,611,6,0,6,30,1,4,6,0,0,0,1,1,1,0,0,1,2,1,1,2,61,9,3,0,0,0,0,0,4,1,2
2,1,5,0,16,0,0,0,0,0,0,1,1,6,1,64,9,1598,1,8,3,1,1,273110,267400,63,1,1,3,750,4,4343,6,30,0,4,6,0,0,0,6,1,1,0,0,2,2,1,1,1,64,9,2,0,0,0,0,0,5,3,5
3,1,1,0,18,0,1,5,0,0,0,1,1,6,1,14,3,1598,1,8,1,1,2,377460,401520,6,2,1,5,107,4,5231,6,30,3,4,6,0,0,0,1,1,1,0,0,1,2,1,1,1,14,3,3,0,0,0,0,0,1,1,6
3,1,1,0,4,9,1,0,0,0,0,4,1,2,1,35,6,1598,1,8,1,2,1,501233,171344,45,1,2,3,514,4,388,6,30,8,4,6,0,0,4,1,1,1,0,0,1,1,2,1,1,35,6,3,0,0,0,0,0,1,1,9
3,1,9,0,18,0,1,0,0,0,0,1,1,6,1,29,6,1598,1,14,1,1,2,542950,182140,1,2,1,2,17,3,117,6,30,6,2,3,13,0,5,1,1,1,0,0,1,1,1,1,1,33,6,3,0,0,0,0,0,9,1,5
3,2,9,0,18,0,8,0,0,0,0,4,1,6,1,29,6,1598,1,2,1,1,2,404610,285510,20,2,1,7,300,4,4124,2,30,9,4,6,0,0,0,4,1,1,0,0,1,1,1,1,1,29,6,3,0,0,0,0,0,9,1,2
3,4,9,0,18,0,0,0,0,0,0,2,1,6,2,40,7,1598,1,8,1,1,4,317996,176923,62,4,1,4,741,3,470,3,30,0,4,6,0,0,0,1,1,1,0,0,1,1,1,1,1,33,6,3,0,0,0,0,0,9,1,5
3,2,90,0,3,0,0,0,0,0,0,0,1,1,3,38,7,1598,1,8,1,1,2,451970,368240,30,2,1,6,321,6,0,6,30,0,4,6,0,0,0,1,1,1,0,0,1,2,1,1,1,33,6,3,0,0,0,0,0,9,1,5
3,1,9,0,18,0,1,0,0,0,0,1,1,6,1,73,10,1598,1,4,1,1,2,464974,407999,14,2,1,5,211,3,18,6,40,3,4,6,0,0,0,1,1,2,0,0,1,1,1,1,1,73,10,3,0,0,0,0,0,9,1,6
3,2,1,0,18,0,8,0,0,0,0,1,1,6,2,61,9,1598,1,8,1,1,2,424672,567629,10,2,1,5,147,6,1295,6,20,6,4,6,1291,0,0,1,1,2,0,0,1,1,1,1,2,61,9,3,0,0,0,0,0,1,1,5
3,1,9,0,18,0,1,0,7,0,0,3,1,6,1,74,10,2979,1,10,1,1,1,530440,190840,1,1,1,7,31,3,109,6,30,3,4,6,0,0,8,4,1,1,0,0,1,1,1,1,1,74,10,3,0,0,0,0,0,9,1,10
3,1,9,0,3,0,0,0,0,0,0,1,1,5,1,32,6,1396,1,14,1,1,2,385600,352760,21,2,1,1,257,6,0,9,30,0,4,6,0,0,0,1,1,1,0,0,1,2,1,1,1,32,6,3,0,0,0,0,0,9,1,1
2,1,9,0,5,0,0,0,0,0,0,1,1,6,2,25,5,1199,1,12,1,1,1,320010,469680,3,1,1,6,61,6,0,6,30,0,4,6,0,0,4,1,1,1,0,0,1,1,1,3,1,55,8,2,4,2,0,0,0,0,1,1
3,2,9,0,13,0,0,0,0,0,0,4,1,6,3,38,7,1242,1,11,1,1,2,447565,129955,44,2,1,5,502,4,3049,6,40,0,4,6,0,0,0,1,1,1,0,0,1,2,1,1,1,33,6,3,0,0,0,0,0,9,1,5
3,2,9,0,18,0,8,0,0,0,0,1,1,6,1,57,9,1800,1,20,1,1,2,371490,305230,22,2,1,5,284,6,0,6,30,9,4,6,0,0,0,1,1,1,0,0,1,1,1,1,1,57,9,3,0,0,0,0,0,9,1,7
3,2,9,0,18,0,0,0,0,0,0,2,1,1,2,31,6,1968,2,3,2,2,2,635580,170240,46,2,2,3,541,3,254,6,30,0,4,6,0,0,4,1,2,2,0,0,1,1,2,2,1,25,5,3,0,0,1,0,0,9,1,5
3,2,9,0,3,0,0,0,0,0,0,2,1,6,2,22,5,1149,1,14,1,1,3,437377,113923,44,3,1,7,500,1,271,3,70,0,4,6,0,0,7,1,1,1,0,0,2,1,1,1,2,22,5,3,0,0,0,0,0,9,1,6
1,3,20,0,2,0,0,0,0,0,0,2,1,1,1,62,9,1598,1,8,1,2,3,257861,664183,97,3,2,2,926,6,0,3,30,0,4,6,0,0,4,1,1,1,0,0,1,1,1,1,1,33,6,3,0,0,0,0,0,9,1,5
3,1,8,0,17,7,1,0,0,0,0,2,1,1,1,38,7,1598,2,4,1,1,2,563609,178149,42,2,1,2,462,3,126,7,50,5,4,4,1089,0,0,1,2,2,0,0,2,2,1,1,1,33,6,3,0,0,0,0,0,9,1,5
3,1,9,0,18,0,8,2,9,1,2,1,1,6,1,40,7,1560,2,1,1,1,1,485242,239436,43,1,1,1,479,3,509,3,70,1,4,6,1145,0,0,4,1,1,0,0,1,1,1,1,1,40,7,3,0,0,0,0,0,9,1,2
3,1,4,0,18,0,0,0,0,0,0,1,1,6,1,22,5,1598,1,8,1,1,1,542690,183320,1,1,1,3,17,3,117,6,30,0,4,6,0,0,0,1,1,1,0,0,1,1,1,1,1,22,5,3,0,0,0,0,0,4,1,5
3,2,1,0,18,0,1,0,0,0,0,2,1,6,1,25,5,1598,1,8,1,1,2,489720,411272,16,2,1,1,232,6,0,6,30,3,4,6,0,0,0,1,1,1,0,0,1,1,1,1,1,25,5,3,0,0,0,0,0,1,1,1
2,1,9,0,10,0,2,0,0,0,0,1,1,6,1,87,11,1596,1,12,1,1,2,411225,291421,20,2,1,5,300,6,0,6,30,9,4,6,0,0,0,1,8,2,0,0,1,1,1,1,1,33,6,3,0,0,0,0,0,9,1,5
3,1,5,0,8,0,1,0,0,0,0,2,1,1,1,53,8,650,1,14,1,1,2,446460,381250,30,2,1,5,327,4,6058,6,30,2,4,3,618,0,0,1,1,1,0,0,1,2,1,1,1,53,8,3,0,0,0,0,0,5,1,1
2,1,11,0,18,0,1,0,0,0,0,1,1,1,1,52,8,9360,2,2,1,34,3,530908,104300,47,3,34,2,565,6,0,6,30,3,2,6,0,0,4,1,1,1,0,0,1,1,5,2,2,42,7,3,0,0,0,4,0,11,1,3
3,1,9,0,18,0,1,1,0,0,0,1,1,6,2,41,7,1497,1,12,1,1,2,331689,700853,94,2,1,6,925,3,911,6,60,3,4,6,0,0,0,1,2,2,0,0,2,1,1,1,1,33,6,3,0,0,0,0,0,9,1,5
3,3,3,0,18,0,0,0,0,0,0,1,1,6,2,40,7,1598,1,8,1,1,3,536240,190760,1,3,1,2,13,4,179,6,30,0,4,6,0,0,0,1,1,1,0,0,1,1,1,1,1,33,6,3,0,0,0,0,0,9,1,5
3,2,9,0,9,0,8,0,0,0,0,1,1,6,1,38,7,2143,2,8,1,1,2,526460,179230,1,2,1,1,12,5,0,6,30,3,4,5,0,0,1,1,1,1,0,0,1,2,1,1,1,33,6,3,0,0,0,0,0,9,1,5
3,1,9,0,5,0,8,0,0,0,0,1,1,6,3,38,7,1598,1,8,1,1,1,453600,108019,44,1,1,3,502,6,0,6,30,8,4,6,0,0,0,6,1,1,0,0,2,1,1,3,2,30,6,3,10,9,0,0,0,0,1,10
3,1,9,0,18,0,6,0,0,0,0,1,1,6,1,54,8,2987,2,5,1,3,2,411340,282930,20,2,3,4,300,4,4217,6,30,6,4,4,4514,0,1,1,1,1,0,0,1,1,1,1,1,54,8,3,0,0,0,0,0,9,1,8
3,1,3,0,16,0,2,0,0,0,0,1,1,6,3,38,7,124,1,5,1,1,1,533300,183790,1,1,1,2,4,6,0,6,30,9,4,6,0,0,0,1,1,1,0,0,1,1,1,3,1,14,3,3,5,3,0,0,2,0,1,4
3,2,9,0,3,0,0,0,0,0,0,2,1,6,2,35,6,1242,1,4,1,2,3,232170,639382,97,3,2,4,931,6,0,6,30,0,4,6,0,0,0,1,1,1,0,0,1,2,1,1,2,35,6,3,0,0,0,0,0,9,1,5
3,2,9,0,18,0,1,0,0,0,0,1,1,6,2,48,8,1560,2,5,1,3,3,599362,227793,42,3,3,4,455,6,0,6,40,6,2,6,0,0,0,5,1,1,0,0,1,1,1,1,2,48,8,3,0,0,0,0,0,9,1,5
3,1,9,0,18,0,1,0,0,0,0,1,1,1,2,54,8,1995,2,2,1,1,2,492321,326514,32,2,1,2,355,3,1,3,70,5,4,5,435,0,0,1,1,1,0,0,2,1,1,1,1,33,6,3,0,0,0,0,0,9,1,5
2,2,9,0,8,0,0,0,0,0,0,1,1,6,2,28,6,2993,2,8,1,3,2,390754,290749,20,2,3,4,303,6,0,6,30,0,4,6,0,0,0,1,1,2,0,0,1,1,2,1,2,28,6,3,0,0,0,0,0,9,1,9
3,1,9,0,13,0,0,0,0,0,0,4,1,6,1,87,11,1329,1,3,3,1,2,582831,165608,46,2,1,5,544,3,2,6,40,0,4,6,0,0,0,1,1,1,0,0,2,2,1,1,1,33,6,3,0,0,0,0,0,9,1,5
3,2,9,0,18,0,0,0,0,0,0,3,2,6,1,25,5,1598,1,8,1,2,2,557472,177736,42,2,2,3,462,3,282,3,70,0,4,6,0,0,0,1,1,1,0,0,2,1,1,1,1,25,5,3,0,0,0,0,0,9,1,6
3,2,3,0,18,0,8,0,0,0,0,1,1,6,1,20,4,124,1,1,1,1,2,532150,172730,1,2,1,3,9,5,0,6,30,3,4,6,0,0,0,1,1,1,0,0,1,1,1,1,1,20,4,3,0,0,0,0,0,3,1,2
3,2,9,0,3,0,1,0,0,0,0,1,1,2,1,41,7,1968,2,2,2,5,3,526707,213776,41,3,5,6,438,4,1000,6,60,3,4,6,1212,0,0,1,1,1,0,0,2,1,1,1,1,33,6,3,0,0,0,0,0,9,1,5
3,1,9,0,9,0,6,0,0,0,0,1,1,6,2,44,7,1461,2,5,2,1,2,352473,123334,52,2,1,4,610,4,3151,6,30,3,4,6,0,0,0,1,1,1,0,0,2,1,1,1,1,33,6,3,0,0,0,0,0,9,1,5
3,3,9,0,4,0,3,0,0,0,0,4,1,6,2,42,7,1242,1,4,1,1,3,559860,146100,46,3,1,4,542,3,26,1,30,1,4,6,0,0,8,1,1,2,0,0,1,1,1,1,1,33,6,3,0,0,0,0,0,9,1,5
3,1,9,0,17,0,0,0,0,4,6,1,1,6,2,49,8,1399,1,4,1,1,1,268887,93712,50,1,1,4,589,3,30,3,70,0,4,6,0,0,0,1,1,1,0,0,2,1,1,2,2,27,6,3,0,0,1,0,0,9,2,5
3,3,9,0,3,0,1,0,0,0,0,2,1,2,1,43,7,1781,1,10,1,2,3,406840,286390,20,3,2,6,300,6,0,1,30,1,2,6,0,0,5,1,1,1,0,0,1,2,1,1,1,43,7,3,0,0,0,0,0,9,1,2
3,1,9,0,18,0,1,0,0,3,10,1,1,6,1,35,6,2171,1,11,1,1,2,510913,196527,41,2,1,5,437,6,241,2,30,3,4,6,511,0,0,4,2,2,0,0,1,1,1,1,1,35,6,3,0,0,0,0,0,9,1,5
3,1,9,0,7,0,4,0,0,0,0,1,1,6,3,38,7,1598,1,8,1,1,2,389584,344464,21,2,1,2,257,3,5007,1,30,1,4,3,50,0,4,1,1,4,0,0,1,1,1,1,1,33,6,3,0,0,0,0,0,9,1,5
3,1,9,0,18,0,3,0,0,0,0,1,1,6,1,40,7,1560,2,8,3,2,2,528526,108007,47,2,2,3,565,3,2038,3,40,1,4,3,27,0,0,1,5,2,0,0,2,1,1,1,1,40,7,3,0,0,0,0,0,9,3,5
3,1,11,0,13,0,0,0,0,0,0,1,1,1,1,52,8,1598,1,8,1,1,2,424938,563371,10,2,1,3,146,6,4105,6,30,0,4,6,0,0,0,1,1,1,0,0,2,1,1,1,1,33,6,3,0,0,0,0,0,9,1,5
3,2,9,0,18,0,8,0,0,0,0,1,1,6,1,41,7,1596,1,9,1,2,2,509741,434435,16,2,2,3,228,6,0,6,30,3,4,6,0,0,0,1,1,1,0,0,1,1,1,1,1,41,7,3,0,0,0,0,0,9,1,8