accident_severity,vehicle_reference,vehicle_type,towing_and_articulation,vehicle_manoeuvre,vehicle_location-restricted_lane,junction_location,skidding_and_overturning,hit_object_in_carriageway,vehicle_leaving_carriageway,hit_object_off_carriageway,1st_point_of_impact,was_vehicle_left_hand_drive?,journey_purpose_of_driver,sex_of_driver,age_of_driver,age_band_of_driver,engine_capacity_(cc),propulsion_code,age_of_vehicle,driver_home_area_type,NUmber_of_Casualities_unique_to_accident_index,No_of_Vehicles_involved_unique_to_accident_index,location_easting_osgr,location_northing_osgr,police_force,number_of_vehicles,number_of_casualties,day_of_week,local_authority_(district),1st_road_class,1st_road_number,road_type,speed_limit,junction_detail,junction_control,2nd_road_class,2nd_road_number,pedestrian_crossing-human_control,pedestrian_crossing-physical_facilities,light_conditions,weather_conditions,road_surface_conditions,special_conditions_at_site,carriageway_hazards,urban_or_rural_area,did_police_officer_attend_scene_of_accident,casualty_reference,casualty_class,sex_of_casualty,age_of_casualty,age_band_of_casualty,casualty_severity,pedestrian_location,pedestrian_movement,car_passenger,bus_or_coach_passenger,pedestrian_road_maintenance_worker,casualty_type,casualty_home_area_type,casualty_imd_decile
3,2,9,0,4,0,0,0,0,0,0,2,1,6,1,74,10,1198,1,8,3,1,3,653102,307328,36,3,1,1,402,5,629,6,30,0,4,6,0,0,0,1,1,1,0,0,1,2,1,1,1,33,6,3,0,0,0,0,0,9,1,5
3,2,19,0,9,0,2,0,0,0,0,2,1,1,1,50,8,1598,1,8,1,1,2,318207,178114,62,2,1,5,741,3,469,6,20,6,4,6,0,0,5,1,1,1,0,0,1,1,1,1,1,33,6,3,0,0,0,0,0,9,1,5
3,1,9,0,5,0,4,0,0,0,0,3,1,6,1,21,5,1796,1,8,1,2,2,545124,195487,42,2,2,4,456,3,113,6,60,3,4,6,0,0,0,1,1,1,0,0,2,1,1,2,1,21,5,3,0,0,1,0,0,9,1,8
3,1,9,0,17,0,0,0,0,0,0,1,1,6,2,23,5,1997,2,1,2,7,2,420409,318457,21,2,7,6,251,3,38,7,70,0,4,6,0,0,0,4,1,1,0,0,2,2,5,2,2,14,3,3,0,0,0,0,0,9,3,6
3,2,9,0,18,0,1,0,0,0,0,2,1,6,1,69,10,1796,1,13,1,1,2,440712,417186,13,2,1,3,206,3,638,6,40,3,4,4,6273,0,0,1,2,2,0,0,2,1,1,1,1,33,6,3,0,0,0,0,0,9,1,5
3,1,9,0,2,0,2,0,0,0,0,2,1,6,2,26,6,1596,1,16,1,2,2,534940,177460,1,2,2,6,8,3,2,6,30,3,4,6,0,0,4,1,1,1,0,0,1,2,1,1,2,26,6,3,0,0,0,0,0,9,1,3
3,2,9,0,5,0,1,0,0,0,0,1,1,3,2,33,6,1686,2,8,2,1,2,422860,370330,30,2,1,3,329,4,6048,6,60,3,4,3,619,0,0,1,1,1,0,0,2,1,1,1,1,33,6,3,0,0,0,0,0,9,1,5
3,1,9,0,16,0,0,0,0,0,0,1,1,2,2,24,5,1242,1,8,2,1,2,532950,278040,35,2,1,5,393,4,1040,6,30,0,4,6,0,0,0,1,1,1,4,0,2,1,1,1,1,33,6,3,0,0,0,0,0,9,1,5
3,2,9,0,3,0,1,0,0,0,0,2,1,1,2,45,7,1246,1,9,3,1,2,425144,565328,10,2,1,2,147,2,167,3,70,3,4,3,1058,0,0,7,1,1,0,0,1,2,1,1,2,45,7,3,0,0,0,0,0,9,3,6
3,1,9,0,18,0,0,0,0,0,0,1,1,6,1,18,4,1124,1,11,3,1,2,289780,97039,50,2,1,3,586,3,377,6,60,0,4,6,0,0,0,1,1,1,0,0,2,2,1,1,1,33,6,3,0,0,0,0,0,9,1,5
3,2,9,0,4,0,8,0,0,0,0,2,1,6,1,44,7,998,1,2,1,2,2,246837,665466,97,2,2,1,935,3,737,1,30,1,2,3,737,0,0,1,1,1,0,0,2,2,2,2,2,26,6,3,0,0,1,0,0,9,1,5
3,1,9,0,9,0,6,0,0,0,0,3,1,6,2,32,6,1910,2,9,2,2,2,539450,246650,35,2,2,5,395,3,10,6,60,6,4,5,320,0,0,1,1,1,0,0,2,1,1,1,2,32,6,3,0,0,0,0,0,9,2,10
3,1,9,0,13,0,0,0,0,0,0,3,1,6,1,32,6,3628,2,7,1,3,2,473574,381558,31,2,3,7,341,6,0,6,60,0,4,6,0,0,0,1,1,1,0,0,2,1,1,1,1,33,6,3,0,0,0,0,0,9,1,5
3,1,9,0,9,0,8,0,0,0,0,1,1,6,1,44,7,1598,1,8,1,1,2,332750,429400,4,2,1,7,74,6,0,6,30,6,2,4,5233,0,5,4,1,1,0,0,1,1,1,1,1,33,6,3,0,0,0,0,0,9,1,5
3,2,1,0,18,0,0,0,0,0,0,1,1,6,2,25,5,1598,1,8,1,1,2,529430,171810,1,2,1,1,10,3,214,6,30,0,4,6,0,0,0,1,1,1,0,0,1,1,1,1,2,25,5,3,0,0,0,0,0,1,1,5
3,2,9,0,18,0,0,0,4,0,0,1,1,6,1,23,5,1560,2,8,1,1,2,469100,340289,31,2,1,1,347,3,46,3,60,0,4,6,0,0,0,1,1,1,0,0,2,1,1,2,2,41,7,3,0,0,2,0,0,9,1,2
3,1,9,0,9,0,8,0,0,0,0,3,1,1,1,36,7,1910,2,5,1,1,2,524610,179270,1,2,1,6,12,3,3220,6,30,3,4,6,0,0,0,4,1,1,0,0,1,1,1,1,1,33,6,3,0,0,0,0,0,9,1,5
3,2,1,0,18,0,8,0,0,0,0,1,1,6,1,29,6,1598,1,8,1,1,2,545590,257600,35,2,1,1,390,3,1307,6,30,3,4,6,0,0,0,1,1,1,0,0,1,2,1,1,1,29,6,3,0,0,0,0,0,1,1,9
3,1,9,0,9,0,6,0,0,0,0,1,1,6,2,26,6,998,1,8,1,1,2,411834,562714,10,2,1,3,146,3,695,6,60,3,4,4,6395,0,0,1,1,1,0,0,2,1,1,1,2,26,6,3,0,0,0,0,0,9,1,5
3,1,9,0,12,0,0,0,0,0,0,1,1,2,2,46,8,1797,1,1,1,1,2,451299,345927,31,2,1,5,342,1,1,3,70,0,4,6,0,0,0,1,1,1,0,0,2,1,1,1,2,46,8,3,0,0,0,0,0,9,1,5
3,2,19,0,16,0,1,0,0,0,0,0,1,6,3,38,7,1598,1,8,1,1,2,534935,157537,45,2,1,3,516,6,1390,6,30,3,4,6,0,0,0,1,1,1,0,0,1,1,1,1,1,33,6,3,0,0,0,0,0,9,1,5
3,5,8,0,4,0,0,0,0,0,0,1,1,1,1,52,8,2499,2,6,1,3,5,531350,180820,48,5,3,4,570,3,3211,3,50,0,4,6,0,0,5,1,1,1,0,0,1,1,2,1,1,52,8,3,0,0,0,0,0,8,1,6
3,2,9,0,18,0,8,0,0,0,0,4,1,6,2,32,6,1598,1,8,1,1,2,484901,279657,34,2,1,1,383,3,43,1,70,1,2,3,43,0,0,4,1,1,0,0,2,3,1,2,1,11,3,3,0,0,2,0,0,9,1,8
3,1,17,0,18,0,0,5,0,1,3,1,1,1,1,17,4,1598,2,13,3,1,1,528081,433277,16,1,1,6,231,4,1242,6,40,0,4,6,0,0,0,1,1,1,0,0,2,1,1,1,1,17,4,3,0,0,0,0,0,17,3,5
3,3,9,0,18,0,0,0,0,0,0,1,1,6,2,49,8,998,1,1,1,1,3,547900,170570,1,3,1,6,18,3,223,3,30,0,4,6,0,0,0,1,2,2,0,0,1,1,1,1,1,33,6,3,0,0,0,0,0,9,1,5
3,1,9,0,18,0,0,0,0,0,0,0,1,6,1,40,7,1368,1,5,1,1,1,443770,297775,33,1,1,6,361,5,5116,6,60,0,4,6,0,0,0,1,1,1,0,0,2,1,1,1,1,40,7,3,0,0,0,0,0,9,1,5
3,1,21,1,4,0,0,0,0,0,0,1,1,1,1,40,7,4250,2,13,1,2,2,551511,129538,47,2,2,3,556,6,0,9,30,0,4,6,0,0,0,1,1,2,4,2,1,2,1,1,1,33,6,3,0,0,0,0,0,9,1,5
3,1,9,0,9,0,6,0,0,0,0,4,1,6,1,49,8,1995,2,6,1,1,2,517760,186260,1,2,1,7,28,3,4088,6,30,9,4,6,0,0,4,1,1,1,0,0,1,1,1,1,1,33,6,3,0,0,0,0,0,9,1,5
3,1,9,0,11,0,8,0,10,7,7,4,1,6,1,23,5,1598,1,8,1,3,2,522360,187580,1,2,3,4,30,3,5,7,30,5,4,3,5,0,0,4,1,1,0,0,1,1,3,2,1,22,5,3,0,0,1,0,0,9,1,3
3,1,9,0,5,0,8,0,0,0,0,3,1,6,2,29,6,1242,1,16,1,1,2,361816,173506,52,2,1,7,601,6,0,6,20,3,4,6,0,0,0,4,1,1,0,0,1,2,1,1,2,29,6,3,0,0,0,0,0,9,1,2
3,1,9,0,18,0,8,0,0,0,0,4,1,6,1,71,10,1389,1,19,1,3,2,393470,399030,6,2,3,2,110,5,0,3,30,6,2,3,627,0,0,1,5,2,0,0,1,1,3,2,2,44,7,3,0,0,2,0,0,9,1,5
3,2,9,0,18,0,0,0,0,0,0,4,1,6,1,40,7,1587,1,15,1,1,2,361660,175130,52,2,1,1,601,3,432,6,20,0,4,6,0,0,0,7,2,2,0,0,1,2,1,1,1,33,6,3,0,0,0,0,0,9,1,5
1,1,11,0,17,0,8,0,0,0,0,1,1,1,1,48,8,1598,1,8,1,1,1,564369,176316,42,1,1,5,462,6,0,6,30,3,4,6,0,0,0,1,1,1,0,0,1,1,1,3,1,82,11,1,5,1,0,0,0,0,1,1
2,2,9,0,4,0,1,0,0,0,0,0,1,6,2,20,4,998,1,1,1,1,3,416680,415375,13,3,1,4,203,6,0,6,20,3,4,6,0,2,1,1,1,1,0,0,1,1,1,1,1,33,6,3,0,0,0,0,0,9,1,5
3,2,9,0,7,0,8,0,0,0,0,4,1,6,3,38,7,1598,1,8,1,1,2,531190,179170,1,2,1,4,9,3,23,6,30,6,2,3,3203,0,5,1,1,1,0,0,1,2,1,1,1,33,6,3,0,0,0,0,0,9,1,5
3,2,1,0,15,0,1,0,0,0,0,1,1,1,1,45,7,1598,1,8,1,1,2,492994,235519,43,2,1,4,479,3,5130,6,30,1,4,6,1323,0,0,1,1,1,0,0,1,1,1,1,1,45,7,3,0,0,0,0,0,1,1,5
3,1,11,0,5,0,1,0,0,0,0,0,1,1,1,46,8,7300,2,9,1,1,1,531900,172180,1,1,1,1,9,3,215,6,30,3,2,3,215,0,5,4,1,1,0,0,1,1,1,2,1,19,4,3,0,0,0,3,0,11,1,3
1,1,5,0,17,0,0,0,10,1,7,4,1,6,1,28,6,999,1,7,1,1,1,520450,184700,1,1,1,6,28,3,406,3,40,0,4,6,0,0,0,7,1,1,0,0,1,1,1,1,1,28,6,1,0,0,0,0,0,5,1,5
3,1,9,0,5,0,1,0,0,0,0,1,1,6,1,17,4,1390,1,2,1,1,2,354500,428860,4,2,1,2,79,6,0,6,20,6,4,6,0,0,0,1,1,1,0,0,1,1,1,1,1,33,6,3,0,0,0,0,0,9,1,5
3,1,9,0,18,0,1,0,0,0,0,1,1,6,2,42,7,1560,2,8,1,2,2,528830,153690,45,2,2,1,513,1,25,3,70,5,4,1,23,0,0,1,1,1,0,0,1,1,1,1,1,33,6,3,0,0,0,0,0,9,1,5
3,1,9,0,17,0,0,0,0,0,0,1,1,6,1,38,7,1598,1,8,1,1,2,431770,331790,30,2,1,2,328,5,173,6,60,0,4,6,0,0,0,1,9,1,0,0,2,2,1,1,1,33,6,3,0,0,0,0,0,9,1,5
3,2,9,0,18,0,3,1,0,0,0,4,1,2,2,54,8,993,1,16,1,1,2,406990,295370,20,2,1,1,300,3,4041,1,40,1,4,4,4149,0,0,1,2,2,0,0,1,1,1,2,2,44,7,3,0,0,1,0,0,9,1,2
3,2,9,0,18,0,0,0,0,0,0,1,1,6,1,24,5,999,1,8,1,2,2,431170,320020,30,2,2,1,328,3,511,6,30,0,4,6,0,0,0,4,8,2,0,0,1,1,2,1,1,24,5,3,0,0,0,0,0,9,1,6
3,4,9,0,18,0,0,0,0,0,0,3,1,1,1,27,6,1598,1,8,1,6,5,416550,388360,30,5,6,5,325,3,57,6,50,0,4,6,0,0,0,1,1,1,0,0,2,1,4,1,1,27,6,3,0,0,0,0,0,9,1,3
3,2,21,1,12,0,0,0,0,0,0,3,1,1,3,38,7,1598,1,8,1,1,2,437918,393439,14,2,1,6,215,1,1,3,70,0,4,6,0,0,0,1,1,1,0,0,1,2,1,1,1,33,6,3,0,0,0,0,0,9,1,5
3,2,9,0,18,0,8,0,0,0,0,4,1,6,1,23,5,1360,1,9,1,1,2,428199,434922,13,2,1,5,204,6,0,6,30,3,4,6,0,0,0,1,1,1,0,0,1,1,1,1,1,23,5,3,0,0,0,0,0,9,1,5
3,2,9,0,18,0,1,0,0,0,0,3,1,3,2,28,6,1598,1,8,1,1,2,312583,169369,62,2,1,6,746,6,0,6,30,3,4,6,0,0,0,1,1,1,0,0,1,1,3,2,2,8,2,3,0,0,2,0,0,9,1,5
3,2,9,0,18,0,1,0,0,0,0,1,1,6,1,38,7,2997,1,17,1,1,2,539800,187930,1,2,1,5,13,3,114,1,30,1,4,3,11,0,0,1,1,1,0,0,2,1,1,1,1,33,6,3,0,0,0,0,0,9,1,5
3,2,1,0,18,0,1,0,0,0,0,3,1,6,1,30,6,1598,1,8,1,1,2,532060,179700,1,2,1,2,8,3,300,6,30,6,2,5,0,0,5,4,1,1,0,0,1,1,1,1,1,30,6,3,0,0,0,0,0,1,1,2
3,2,9,0,3,0,4,0,0,0,0,2,1,6,1,43,7,1999,1,8,1,2,2,488090,182820,43,2,2,1,474,6,4447,1,60,2,4,6,7408,0,0,1,1,1,0,0,1,2,1,1,1,43,7,3,0,0,0,0,0,9,1,5
3,2,9,0,3,0,1,0,0,0,0,2,1,6,1,42,7,1984,1,12,1,1,2,515510,305180,35,2,1,5,394,3,15,1,60,1,4,3,15,0,0,1,1,1,0,0,2,1,1,1,1,33,6,3,0,0,0,0,0,9,1,5
3,2,9,0,18,0,8,0,0,0,0,2,1,6,2,25,5,1910,2,7,1,1,2,389600,414830,6,2,1,5,106,3,671,6,30,3,4,6,0,0,8,1,1,1,0,0,1,1,1,1,2,25,5,3,0,0,0,0,0,9,1,4
3,1,9,0,18,0,1,1,0,0,0,1,1,6,1,18,4,1242,1,6,1,1,2,521893,161971,45,2,1,2,38,3,24,6,30,3,2,5,254,0,5,1,2,2,0,0,1,1,1,1,1,33,6,3,0,0,0,0,0,9,1,5
3,1,9,0,7,0,8,0,0,0,0,1,1,6,2,58,9,1398,1,8,2,2,2,459797,91861,44,2,2,6,505,4,3330,6,30,3,4,6,0,0,4,1,1,1,0,0,1,1,1,1,2,58,9,3,0,0,0,0,0,9,2,5
3,2,1,0,3,0,1,0,0,0,0,4,1,2,2,31,6,1598,1,8,2,1,2,341030,396656,5,2,1,4,90,3,580,3,50,5,4,1,57,0,0,1,2,2,0,0,2,1,1,1,2,31,6,3,0,0,0,0,0,1,2,7
2,2,9,0,18,0,8,0,0,7,0,1,1,6,2,67,10,1598,1,3,1,2,2,475419,258162,34,2,2,5,384,3,508,6,30,3,4,6,8341,0,0,1,1,1,0,0,2,1,1,1,2,67,10,2,0,0,0,0,0,9,1,10
3,1,4,0,4,0,1,0,0,0,0,2,1,2,1,22,5,124,1,4,1,1,2,561752,177999,42,2,1,3,462,6,0,6,30,3,4,6,0,0,0,1,1,1,0,0,1,1,1,1,1,22,5,3,0,0,0,0,0,4,1,3
3,1,9,0,17,0,7,0,0,3,4,1,1,6,1,60,9,1598,1,8,1,2,1,465084,203221,43,1,2,2,484,3,329,6,40,3,4,1,40,0,8,1,1,1,0,0,2,1,2,2,2,62,9,3,0,0,1,0,0,9,1,3
3,1,19,0,18,0,0,0,0,0,0,1,1,1,1,23,5,1560,2,5,2,1,2,478732,408592,16,2,1,3,232,1,180,3,50,0,4,6,0,0,0,1,1,1,4,0,2,1,1,1,1,33,6,3,0,0,0,0,0,9,1,5
3,1,9,0,1,0,8,0,0,0,0,2,1,6,3,38,7,1896,1,17,1,1,1,511430,222503,40,1,1,4,421,6,0,6,20,8,4,6,0,0,1,1,1,1,0,0,1,2,1,3,2,14,3,3,6,9,0,0,0,0,1,5
2,2,1,0,18,0,0,0,0,0,0,3,1,6,1,47,8,1598,1,8,1,1,2,457745,107121,44,2,1,2,492,6,0,6,30,0,4,6,0,0,0,1,1,1,0,0,1,2,1,1,1,47,8,2,0,0,0,0,0,1,1,7
2,2,19,0,18,0,0,0,0,0,0,4,1,1,1,53,8,2198,2,1,1,1,2,484397,210553,43,2,1,4,476,3,413,7,40,0,4,6,0,0,0,1,4,2,0,0,1,1,1,1,1,33,6,3,0,0,0,0,0,9,1,5
3,3,9,0,4,0,0,0,0,0,0,2,1,6,1,47,8,996,1,2,1,1,3,393806,309166,21,3,1,1,254,1,6,3,70,0,4,6,0,0,0,1,1,1,0,0,2,1,1,1,1,47,8,3,0,0,0,0,0,9,1,5
3,2,9,0,4,0,4,0,0,0,0,2,1,6,1,71,10,1796,1,10,2,1,2,357799,388050,7,2,1,6,128,3,562,3,30,1,4,3,57,0,0,1,1,1,0,0,1,2,1,1,1,71,10,3,0,0,0,0,0,9,2,7
3,1,9,0,18,0,0,0,0,0,0,1,1,5,1,42,7,1248,2,6,1,1,3,377734,352328,21,3,1,1,253,1,6,7,70,0,4,6,0,0,0,1,1,1,0,0,2,2,1,2,2,40,7,3,0,0,1,0,0,9,1,1
3,1,9,0,18,0,0,0,0,0,0,0,1,6,1,28,6,1598,1,8,1,1,3,275015,657288,97,3,1,6,932,3,721,6,30,0,4,6,0,0,0,1,1,1,0,0,1,1,1,1,1,33,6,3,0,0,0,0,0,9,1,5
3,1,9,0,18,0,0,0,0,1,2,1,1,6,2,30,6,1598,1,8,1,1,1,246159,126991,50,1,1,5,582,6,0,6,30,0,4,6,0,0,0,1,1,1,0,0,2,1,1,1,2,30,6,3,0,0,0,0,0,9,1,2
3,2,1,0,18,0,8,0,0,0,0,3,1,6,1,36,7,1598,1,8,1,2,2,506592,222869,40,2,2,2,421,3,5228,6,30,3,4,6,0,0,0,1,1,1,0,0,1,1,2,2,1,2,1,3,0,0,0,0,0,1,1,7
3,1,9,0,5,0,4,0,0,0,0,1,1,6,1,55,8,1364,1,8,1,2,2,435318,387769,14,2,2,4,215,4,6539,1,30,1,4,6,0,0,8,1,1,1,0,0,1,1,1,2,2,41,7,3,0,0,1,0,0,9,1,3
3,2,1,0,18,0,0,0,0,0,0,3,1,6,2,75,10,1598,1,8,1,1,2,541660,296800,35,2,1,2,392,4,1101,3,30,0,4,6,0,0,0,1,1,1,0,0,1,1,3,1,2,75,10,3,0,0,0,0,0,1,1,7
3,1,9,0,1,0,0,0,0,0,0,2,1,6,1,38,7,1995,2,11,1,1,1,425795,321157,21,1,1,6,251,6,15,6,30,0,4,6,0,0,4,1,1,1,0,0,1,2,1,3,1,9,2,3,4,9,0,0,0,0,1,4
3,1,9,0,2,0,2,0,0,0,0,3,1,6,1,37,7,1956,2,1,1,2,2,529449,409504,16,2,2,7,233,6,0,6,30,6,4,6,0,0,0,1,1,1,0,0,1,2,1,1,1,37,7,3,0,0,0,0,0,9,1,1
3,2,9,0,4,0,1,0,0,0,0,2,1,6,2,31,6,1598,1,8,1,1,3,309310,179191,62,3,1,7,741,1,4,3,40,5,4,3,4232,0,0,1,1,1,0,0,2,1,1,1,1,33,6,3,0,0,0,0,0,9,1,5
3,2,9,0,18,0,8,0,0,0,0,1,1,6,2,51,8,1596,1,12,1,1,2,521770,175460,1,2,1,3,24,3,205,6,30,6,2,3,205,0,5,1,1,1,0,0,2,1,1,1,1,33,6,3,0,0,0,0,0,9,1,5
2,2,9,0,18,0,0,0,0,7,0,3,1,2,1,23,5,1598,1,5,1,2,3,559600,149040,46,3,2,6,542,3,227,6,40,0,4,6,0,0,8,1,1,1,0,0,1,1,2,1,1,23,5,3,0,0,0,0,0,9,1,5
3,1,19,0,3,0,0,0,0,0,0,2,1,2,1,25,5,1598,2,1,1,2,4,509258,202834,41,4,2,6,431,1,25,3,70,0,4,6,0,0,0,1,1,1,0,0,2,1,1,1,1,33,6,3,0,0,0,0,0,9,1,5
3,2,9,0,18,0,0,0,0,7,0,1,1,6,2,42,7,1598,2,4,1,1,2,373523,366948,7,2,1,6,129,3,54,6,60,0,4,6,0,0,0,1,1,1,0,0,2,1,1,1,2,42,7,3,0,0,0,0,0,9,1,10
3,1,9,0,9,0,5,0,0,0,0,1,1,1,1,22,5,1995,2,4,1,1,2,398707,356654,21,2,1,5,256,3,53,6,30,6,2,3,523,0,5,4,1,1,0,0,1,1,1,1,1,33,6,3,0,0,0,0,0,9,1,5
3,3,9,0,2,0,0,0,0,0,0,2,1,6,3,38,7,1461,2,3,1,1,3,429048,567037,10,3,1,6,148,5,216,6,30,0,4,6,0,0,0,1,1,1,0,0,1,1,1,1,1,33,6,3,0,0,0,0,0,9,1,5
3,2,9,0,18,0,8,0,0,0,0,1,1,2,2,38,7,1910,2,5,1,1,2,394950,398890,6,2,1,3,110,3,635,3,30,3,4,5,0,0,4,1,1,1,0,0,1,1,1,1,2,38,7,3,0,0,0,0,0,9,1,7
2,1,9,0,18,0,0,2,0,5,6,1,1,6,1,51,8,1598,1,7,1,1,2,376850,205389,53,2,1,6,624,1,5,3,70,0,4,6,0,0,0,4,1,1,0,0,2,1,1,1,1,51,8,2,0,0,0,0,0,9,3,9
3,2,2,0,18,0,0,0,0,0,0,1,1,6,1,21,5,49,1,1,1,1,2,506130,172641,45,2,1,1,40,3,30,3,40,0,4,6,0,0,4,1,1,1,0,0,1,1,1,1,1,21,5,3,0,0,0,0,0,2,1,3
2,1,8,0,18,0,0,0,0,0,0,4,1,1,1,55,8,1984,2,4,3,1,1,394377,806197,92,1,1,7,910,6,0,2,30,0,4,6,0,0,0,4,1,1,0,0,1,1,1,3,1,57,9,2,10,9,0,0,0,0,1,5
3,2,9,0,4,0,2,0,0,0,0,2,1,6,2,32,6,1360,1,13,1,2,3,554690,159060,46,3,2,6,538,6,1482,6,30,3,4,6,0,0,0,1,1,2,0,0,2,1,1,1,1,33,6,3,0,0,0,0,0,9,1,5
3,1,9,0,18,0,2,0,4,0,0,3,1,2,2,38,7,1396,1,15,1,1,2,517610,186880,1,2,1,4,28,6,0,6,30,3,4,6,0,0,0,1,1,1,0,0,1,1,1,1,2,33,6,3,0,0,0,0,0,9,1,5
2,2,9,0,18,0,4,0,0,0,0,1,1,6,1,40,7,1598,1,8,1,1,2,242190,125680,50,2,1,3,588,6,0,1,60,1,4,3,39,0,0,1,1,1,0,0,2,1,1,1,1,40,7,2,0,0,0,0,0,9,1,5
3,1,9,0,17,0,0,0,11,0,0,4,1,6,1,22,5,1587,1,8,3,1,1,519990,303190,35,1,1,1,394,5,49,6,60,0,4,6,0,0,0,6,1,1,0,2,2,1,1,1,1,22,5,3,0,0,0,0,0,9,3,7
3,2,5,0,18,0,8,0,0,0,0,3,1,1,1,43,7,670,1,2,1,1,2,534190,180670,1,2,1,4,5,3,1203,6,30,6,2,3,1203,0,5,4,1,1,0,0,1,1,1,1,1,43,7,3,0,0,0,0,0,5,1,4
3,2,9,0,18,0,1,0,0,0,0,1,1,6,2,25,5,1360,1,15,1,3,2,454357,400072,14,2,3,2,211,6,0,6,30,3,4,6,0,0,0,1,1,4,0,0,1,1,2,2,1,27,6,3,0,0,2,0,0,9,1,1
3,1,9,0,18,0,0,0,0,0,0,1,1,6,1,30,6,1461,2,3,1,1,2,504240,197180,41,2,1,4,436,1,25,3,70,0,4,6,0,0,0,1,1,1,0,0,2,2,1,1,1,33,6,3,0,0,0,0,0,9,1,5
3,1,9,0,1,0,2,0,0,0,0,2,1,2,2,60,9,1598,1,10,1,1,1,392867,374322,7,1,1,3,129,4,5470,6,30,3,4,5,465,0,0,1,1,1,0,0,1,2,1,3,2,61,9,3,10,9,0,0,0,0,1,6
3,2,9,0,18,0,3,0,0,1,0,0,1,6,1,25,5,1364,1,8,2,1,2,277015,648349,97,2,1,2,938,3,71,1,60,1,4,4,7078,0,0,1,1,1,0,0,1,2,1,2,2,60,9,3,0,0,2,0,0,9,2,5
2,2,9,0,18,0,0,0,0,0,0,1,1,2,1,65,9,1595,1,6,1,2,2,236383,657150,97,2,2,6,935,3,737,6,60,0,4,6,0,0,0,6,2,2,0,0,2,1,1,1,1,65,9,2,0,0,0,0,0,9,1,5
3,1,9,0,18,0,1,0,0,0,0,1,1,6,2,19,4,1124,1,13,1,2,2,396951,305610,21,2,2,1,254,3,462,6,40,3,4,5,137,0,0,1,1,1,0,0,2,2,1,1,2,19,4,3,0,0,0,0,0,9,1,8
3,2,9,0,4,0,0,0,0,0,0,2,1,6,1,23,5,1242,1,10,3,4,3,371390,427010,4,3,4,5,75,1,65,3,70,0,4,6,0,0,0,5,2,1,0,0,2,1,4,2,1,18,4,3,0,0,1,0,0,9,2,9
3,1,9,0,18,0,8,0,0,0,0,1,1,6,1,68,10,1388,1,8,1,1,1,576955,108256,47,1,1,5,552,3,259,6,30,3,4,6,0,0,0,1,1,1,0,0,1,1,1,3,2,44,7,3,9,5,0,0,0,0,1,4
3,2,9,0,4,0,8,0,0,0,0,2,1,6,2,38,7,1598,1,8,1,1,2,525170,180660,1,2,1,2,12,3,4206,6,30,3,4,6,0,0,1,1,1,1,0,0,1,2,1,1,1,33,6,3,0,0,0,0,0,9,1,5
3,2,9,0,10,0,1,0,0,0,0,2,1,6,1,19,4,1598,2,2,1,2,2,423099,565059,10,2,2,7,147,5,114,6,30,6,2,5,116,0,5,1,1,2,0,0,1,1,1,1,1,19,4,3,0,0,0,0,0,9,1,5
2,1,9,0,17,0,8,0,0,1,10,1,1,6,1,19,4,1199,2,4,1,2,1,388980,414720,6,1,2,7,106,4,6377,6,30,3,4,6,0,0,0,4,1,2,0,0,1,1,2,2,1,24,5,3,0,0,1,0,0,9,1,5
3,2,9,0,18,0,0,0,0,0,0,1,1,6,1,19,4,1149,1,12,1,1,2,501213,159868,45,2,1,2,518,3,320,6,50,0,4,6,0,0,0,1,1,1,0,0,2,1,1,1,1,19,4,3,0,0,0,0,0,9,1,5
2,2,9,0,17,0,0,0,0,1,0,1,1,6,1,45,7,1995,2,9,1,6,2,536403,363109,32,2,6,7,351,3,155,6,40,0,4,6,0,0,0,6,1,1,0,0,2,1,3,2,2,44,7,2,0,0,2,0,0,9,1,3
3,1,9,0,9,0,6,0,0,0,0,1,1,6,1,77,11,1299,1,10,3,1,2,343120,462640,4,2,1,7,76,4,5273,6,40,3,4,6,0,0,0,4,1,1,0,0,2,1,1,1,1,33,6,3,0,0,0,0,0,9,1,5
3,1,9,0,18,0,1,0,0,0,0,1,1,6,1,77,11,1397,1,6,1,1,1,235678,621037,97,1,1,4,937,3,70,6,30,9,4,6,0,0,4,1,2,2,0,0,1,1,1,3,1,15,3,3,1,3,0,0,0,0,3,5
3,1,9,0,18,0,5,0,0,0,0,1,1,6,2,42,7,1587,1,11,1,3,1,357850,416450,4,1,3,3,73,6,0,6,20,3,4,6,0,0,0,1,2,2,0,0,1,1,3,3,2,61,9,3,10,9,0,0,0,0,1,1
2,1,9,0,7,0,5,0,0,0,0,1,1,6,2,51,8,1242,1,1,1,1,2,454377,339837,31,2,1,2,346,3,6514,6,40,3,4,6,0,0,0,1,7,2,0,0,1,1,1,1,1,33,6,3,0,0,0,0,0,9,1,5
3,2,1,0,17,0,1,0,0,0,0,1,1,6,1,38,7,1598,1,8,1,1,2,386896,352099,21,2,1,2,257,6,0,6,30,3,4,3,5271,0,0,1,4,2,0,0,1,2,1,1,1,33,6,3,0,0,0,0,0,1,1,5
3,3,9,0,4,0,1,0,0,0,0,2,1,6,1,57,9,1598,1,8,1,1,4,329960,336220,22,4,1,1,286,3,5,6,60,1,4,3,5,0,0,1,1,1,0,0,2,1,1,1,1,33,6,3,0,0,0,0,0,9,1,5