accident_severity,vehicle_reference,vehicle_type,towing_and_articulation,vehicle_manoeuvre,vehicle_location-restricted_lane,junction_location,skidding_and_overturning,hit_object_in_carriageway,vehicle_leaving_carriageway,hit_object_off_carriageway,1st_point_of_impact,was_vehicle_left_hand_drive?,journey_purpose_of_driver,sex_of_driver,age_of_driver,age_band_of_driver,engine_capacity_(cc),propulsion_code,age_of_vehicle,driver_home_area_type,NUmber_of_Casualities_unique_to_accident_index,No_of_Vehicles_involved_unique_to_accident_index,location_easting_osgr,location_northing_osgr,police_force,number_of_vehicles,number_of_casualties,day_of_week,local_authority_(district),1st_road_class,1st_road_number,road_type,speed_limit,junction_detail,junction_control,2nd_road_class,2nd_road_number,pedestrian_crossing-human_control,pedestrian_crossing-physical_facilities,light_conditions,weather_conditions,road_surface_conditions,special_conditions_at_site,carriageway_hazards,urban_or_rural_area,did_police_officer_attend_scene_of_accident,casualty_reference,casualty_class,sex_of_casualty,age_of_casualty,age_band_of_casualty,casualty_severity,pedestrian_location,pedestrian_movement,car_passenger,bus_or_coach_passenger,pedestrian_road_maintenance_worker,casualty_type,casualty_home_area_type,casualty_imd_decile
2,2,9,0,18,0,1,0,0,0,11,1,1,6,1,28,6,1997,2,5,1,3,2,413829,432835,13,2,3,6,200,6,0,6,30,6,4,6,0,0,4,4,1,1,0,0,1,1,3,1,1,28,6,3,0,0,0,0,0,9,1,5
3,1,9,0,1,0,8,0,0,0,0,2,1,6,1,26,6,2143,2,3,1,1,1,334168,390348,5,1,1,2,91,6,0,2,20,6,4,6,0,0,0,1,1,1,0,0,1,1,1,3,1,82,11,3,5,3,0,0,0,0,1,1
3,1,9,0,18,0,1,0,7,0,0,1,1,6,1,25,5,1686,2,10,1,4,1,459493,339453,31,1,4,1,346,3,612,6,60,3,4,6,0,0,0,4,1,1,0,0,1,1,2,2,1,20,4,3,0,0,2,0,0,9,1,5
3,1,9,0,18,0,1,0,0,0,0,1,1,6,1,36,7,1997,2,6,1,1,2,335160,439050,4,2,1,4,85,3,586,6,30,6,2,3,586,0,0,1,1,1,0,0,1,1,1,1,1,33,6,3,0,0,0,0,0,9,1,5
3,3,9,0,18,0,0,0,0,0,0,1,1,6,2,40,7,1598,1,16,1,2,3,544590,183100,1,3,2,3,16,3,13,3,50,0,4,6,0,0,0,4,1,1,0,0,1,1,2,1,2,40,7,3,0,0,0,0,0,9,1,4
3,1,20,0,1,9,8,0,10,0,0,2,1,6,1,38,7,1598,1,8,1,1,1,532030,166040,1,1,1,3,20,6,0,6,30,6,4,6,0,0,0,1,1,1,0,0,1,2,1,3,2,31,6,3,6,9,0,0,2,0,1,5
3,2,9,0,18,0,0,0,0,0,0,2,1,6,2,26,6,1198,1,6,1,5,5,530947,143010,45,5,5,3,516,1,23,3,70,0,4,6,0,0,0,1,1,2,0,0,2,1,4,2,1,4,1,3,0,0,2,0,0,9,1,9
3,1,3,0,18,0,8,0,0,0,0,4,1,1,1,23,5,124,1,3,1,2,2,515430,180170,1,2,2,1,27,3,4020,6,30,6,2,3,3002,0,5,1,1,1,0,0,1,1,1,1,1,23,5,3,0,0,0,0,0,3,1,6
3,2,9,0,18,0,3,0,0,0,0,2,1,6,1,48,8,1598,1,8,1,1,2,274374,197292,62,2,1,6,743,3,465,3,50,1,4,3,474,0,0,1,1,1,0,0,2,1,1,1,1,33,6,3,0,0,0,0,0,9,1,5
2,1,9,0,18,0,0,0,0,0,0,1,1,6,1,22,5,1560,2,8,3,3,2,445909,436818,12,2,3,7,187,4,1217,6,60,0,4,6,0,0,0,6,1,2,0,0,2,1,1,1,1,22,5,2,0,0,0,0,0,9,3,7
3,1,9,0,10,0,8,0,0,0,0,2,1,6,1,75,10,1597,1,22,1,1,2,540040,186400,1,2,1,7,14,5,0,6,30,8,4,6,0,0,0,1,1,1,0,0,2,1,1,1,1,75,10,3,0,0,0,0,0,9,1,4
3,1,9,0,18,0,0,1,11,7,0,1,1,6,1,60,9,1596,1,4,3,1,1,526229,139871,47,1,1,3,560,6,0,6,60,0,4,6,0,0,0,1,4,1,0,2,2,2,1,1,1,60,9,3,0,0,0,0,0,9,3,10
3,2,9,0,18,0,8,0,0,0,0,1,1,6,1,62,9,1968,2,1,1,1,2,425548,553349,11,2,1,6,169,3,693,1,60,1,4,5,5,0,0,1,1,1,0,0,1,1,1,1,1,62,9,3,0,0,0,0,0,9,1,3
3,1,9,0,14,0,1,0,0,0,0,1,1,6,2,42,7,2204,2,11,1,1,2,501278,222541,40,2,1,6,424,3,5,6,30,3,4,6,0,0,4,1,1,1,0,0,1,1,1,1,1,33,6,3,0,0,0,0,0,9,1,5
3,2,3,0,18,0,1,1,0,0,0,1,1,6,1,38,7,125,1,11,1,1,2,535230,195520,1,2,1,5,32,3,1010,6,30,3,4,6,0,0,1,1,1,1,0,0,1,2,1,1,1,33,6,3,0,0,0,0,0,9,1,5
3,1,1,0,18,0,8,0,0,0,0,3,1,4,1,10,2,1598,1,8,1,1,2,456898,338479,31,2,1,2,346,6,0,6,20,8,4,6,0,0,0,1,1,1,0,0,1,1,1,1,1,10,2,3,0,0,0,0,0,1,1,3
3,2,9,0,3,0,2,0,0,0,0,2,1,1,2,28,6,1461,2,9,3,2,3,460220,305181,33,3,2,2,364,3,47,6,30,3,4,6,1007,0,4,1,1,2,0,0,1,1,2,2,1,24,5,3,0,0,1,0,0,9,1,1
2,1,9,0,18,0,8,0,0,0,0,1,1,6,2,56,9,1242,1,4,1,1,2,456034,340188,31,2,1,2,346,3,609,6,30,3,4,6,0,0,4,1,4,1,0,0,1,2,1,1,1,33,6,3,0,0,0,0,0,9,1,5
3,2,9,0,18,0,0,0,0,0,0,2,1,1,1,29,6,1795,8,4,1,8,3,502057,163125,45,3,8,3,514,3,320,6,50,0,4,6,0,0,0,1,1,1,0,0,2,1,8,2,1,30,6,3,0,0,2,0,0,9,1,10
3,1,9,0,9,0,8,0,0,0,0,1,1,6,1,20,4,1390,1,6,2,1,2,382540,392130,6,2,1,5,102,6,0,6,30,6,4,6,0,0,0,1,1,1,0,0,1,1,1,1,1,20,4,3,0,0,0,0,0,9,2,3
3,2,9,0,4,0,0,0,0,0,0,2,1,6,2,33,6,1390,1,15,1,6,3,508746,222704,40,3,6,3,421,3,6,6,30,0,4,6,0,0,0,1,1,1,0,0,1,1,1,1,2,33,6,3,0,0,0,0,0,9,1,5
3,1,1,0,18,0,8,0,0,0,0,3,1,6,1,32,6,1598,1,8,1,1,2,530290,181290,1,2,1,7,2,5,0,2,30,3,4,6,0,0,0,1,2,2,0,0,1,1,1,1,1,32,6,3,0,0,0,0,0,1,1,5
3,2,9,0,4,0,0,0,0,0,0,2,1,1,1,45,7,1798,1,3,1,7,4,507205,159495,45,4,7,3,511,1,25,3,70,0,4,6,0,0,0,1,1,1,0,0,2,1,4,1,1,45,7,3,0,0,0,0,0,9,1,10
3,2,5,0,18,0,0,0,0,0,0,3,1,1,1,38,7,1237,1,3,1,1,3,514240,173250,1,3,1,7,24,3,316,3,40,0,4,6,0,0,0,4,9,1,0,0,1,1,1,1,1,33,6,3,0,0,0,0,0,9,1,5
2,1,9,0,18,0,0,2,0,6,0,4,1,6,1,38,7,1753,2,11,1,1,2,445500,366860,30,2,1,1,327,3,617,3,60,0,4,6,0,0,0,1,2,2,0,0,2,1,1,1,1,33,6,2,0,0,0,0,0,9,1,7
3,1,9,0,9,0,5,0,0,0,0,4,1,6,2,19,4,1360,1,16,1,1,2,514500,206518,41,2,1,1,434,3,5183,3,30,3,4,6,444,0,4,1,1,1,0,0,1,1,1,1,1,33,6,3,0,0,0,0,0,9,1,5
3,1,9,0,5,0,1,0,0,0,0,1,1,6,1,20,4,1242,1,8,1,1,2,508700,177630,1,2,1,5,26,3,437,6,30,3,4,6,0,0,1,1,1,1,0,0,1,1,1,1,1,33,6,3,0,0,0,0,0,9,1,5
3,2,9,0,10,0,8,0,0,0,0,2,1,2,2,30,6,998,1,1,1,1,3,442490,325110,33,3,1,7,366,3,453,6,40,3,4,5,9203,0,0,1,2,2,0,0,2,1,1,1,2,30,6,3,0,0,0,0,0,9,1,8
3,1,5,0,7,0,8,0,0,0,0,0,1,6,1,53,8,865,1,1,1,1,2,520300,178320,1,2,1,3,25,3,3000,1,30,2,4,3,3000,0,0,4,2,2,0,0,1,1,1,1,1,53,8,3,0,0,0,0,0,5,1,3
3,2,10,0,18,0,8,0,0,0,0,1,1,6,1,51,8,2198,2,7,1,2,2,414063,562215,10,2,2,6,146,4,6315,6,30,3,4,4,6315,0,0,1,5,2,0,0,1,1,2,1,1,51,8,3,0,0,0,0,0,10,1,5
3,1,9,0,9,0,1,0,0,0,0,1,1,1,2,38,7,796,1,7,1,1,2,542738,209612,42,2,1,5,457,3,1169,6,30,3,4,6,0,0,0,1,1,1,0,0,1,2,1,1,1,33,6,3,0,0,0,0,0,9,1,5
2,1,9,4,5,0,8,0,0,0,0,1,1,6,1,56,9,2967,2,8,3,1,2,514316,131164,47,2,1,4,562,3,281,1,30,1,4,3,264,0,0,1,1,1,0,0,2,1,1,1,1,33,6,3,0,0,0,0,0,9,1,5
3,2,9,0,18,0,0,0,0,0,0,2,1,6,1,51,8,1995,1,7,1,2,3,433996,433979,13,3,2,1,204,4,6159,6,30,0,4,6,0,0,0,1,1,2,0,0,1,1,1,1,1,33,6,3,0,0,0,0,0,9,1,5
3,2,9,0,18,0,4,0,0,0,0,1,1,6,3,38,7,1598,1,8,1,1,2,287187,63100,50,2,1,2,584,3,380,1,70,1,4,6,0,0,0,1,1,1,0,0,2,1,1,1,1,33,6,3,0,0,0,0,0,9,1,5
3,1,9,0,18,0,0,0,4,0,0,1,1,6,2,18,4,1242,1,12,1,3,3,515290,188650,1,3,3,4,29,5,0,6,30,0,4,6,0,0,0,4,1,1,0,0,1,1,2,2,2,14,3,3,0,0,2,0,0,9,1,8
3,1,9,0,13,0,0,5,0,7,0,3,1,6,1,21,5,1686,2,13,1,2,1,424367,587511,10,1,2,6,139,3,197,6,60,0,4,6,0,0,0,1,1,1,0,0,2,1,1,1,1,21,5,3,0,0,0,0,0,9,1,5
3,2,9,0,17,0,8,0,0,0,0,1,1,6,1,37,7,1986,2,8,1,3,2,386460,437570,4,2,3,7,77,6,0,6,30,2,4,6,0,0,0,4,1,1,0,0,1,1,2,2,2,4,1,3,0,0,2,0,0,9,1,1
3,1,9,0,18,0,8,0,0,0,0,1,1,1,1,60,9,1968,2,4,1,1,2,476107,354744,31,2,1,4,345,3,617,6,50,3,2,6,0,0,0,1,1,1,0,0,2,1,1,1,1,60,9,3,0,0,0,0,0,9,1,5
3,1,9,0,11,0,1,0,0,0,0,0,1,6,1,34,6,1598,1,8,3,3,2,317640,175971,62,2,3,4,741,3,4119,6,30,6,2,6,0,0,5,1,1,1,0,0,1,1,1,1,1,33,6,3,0,0,0,0,0,9,1,5
3,1,21,0,18,0,0,0,0,0,0,4,1,1,1,63,9,3920,2,9,1,1,1,441678,393256,14,1,1,3,213,6,0,6,30,0,4,6,0,0,0,1,1,1,0,0,1,1,1,3,1,11,3,3,5,9,0,0,0,0,1,1
3,1,9,0,18,0,1,2,10,4,1,3,1,2,1,29,6,2499,1,8,1,1,1,574189,168788,46,1,1,7,544,3,2,3,30,7,2,6,0,0,4,1,1,1,0,0,1,1,1,1,1,29,6,3,0,0,0,0,0,9,1,2
3,2,9,0,18,0,1,1,0,0,0,2,1,2,2,31,6,1598,1,11,1,1,2,382710,397680,6,2,1,5,102,3,57,3,40,6,2,6,0,0,5,1,1,1,0,0,1,1,1,1,2,31,6,3,0,0,0,0,0,9,1,2
3,2,9,0,4,0,0,0,0,0,0,2,1,6,2,37,7,1360,1,15,1,2,3,337460,445470,4,3,2,7,85,3,588,6,30,0,4,6,0,0,0,1,1,1,0,0,2,1,2,2,2,6,2,3,0,0,2,0,0,9,1,7
3,2,9,0,18,0,8,0,0,0,0,1,1,6,1,38,7,3960,1,16,1,2,2,539370,173710,1,2,2,3,7,3,205,6,30,6,2,5,0,0,5,1,1,1,0,0,1,1,1,1,1,33,6,3,0,0,0,0,0,9,1,5
3,3,5,0,13,0,0,0,0,0,0,1,1,6,1,25,5,599,1,2,3,1,3,428842,107686,44,3,1,1,496,3,35,6,60,0,4,6,0,0,0,1,1,2,0,0,2,1,1,1,1,33,6,3,0,0,0,0,0,9,1,5
3,1,9,0,11,0,8,0,0,0,0,2,1,6,2,34,6,1598,1,8,1,1,2,536510,172010,1,2,1,5,7,3,212,3,30,6,2,4,227,0,5,1,1,1,0,0,1,1,1,1,2,34,6,3,0,0,0,0,0,9,1,3
3,1,11,0,18,0,1,0,0,0,0,0,1,6,2,27,6,6871,2,6,1,1,2,441780,367710,30,2,1,5,327,4,6039,6,30,8,4,6,0,0,0,1,1,1,0,0,2,2,1,2,2,33,6,3,0,0,0,3,0,11,1,1
3,2,9,0,18,0,8,0,0,0,0,1,1,6,3,38,7,1299,1,15,1,1,2,540100,173850,1,2,1,7,7,3,205,3,30,6,2,3,2212,0,5,4,1,1,0,0,1,1,1,1,1,33,6,3,0,0,0,0,0,9,1,5
3,2,9,0,12,2,1,0,0,0,0,3,1,6,1,38,7,1686,2,2,1,2,2,535110,199770,1,2,2,6,32,3,105,6,30,3,4,6,0,0,4,1,1,1,0,0,1,2,1,1,1,33,6,3,0,0,0,0,0,9,1,5
3,1,9,0,4,0,1,0,0,0,0,1,1,6,1,21,5,1360,1,9,1,1,2,337151,404218,5,2,1,4,93,6,0,6,30,3,4,6,0,0,0,4,2,2,0,0,1,1,1,1,1,33,6,3,0,0,0,0,0,9,1,5
3,1,9,0,5,0,6,0,0,0,0,4,1,6,2,30,6,2720,2,8,3,1,2,569841,316149,36,2,1,3,407,3,47,6,50,6,4,6,0,0,0,1,1,2,4,0,2,1,1,1,2,30,6,3,0,0,0,0,0,9,3,4
3,1,9,0,18,0,8,0,0,0,0,4,1,6,2,40,7,1796,1,15,1,1,1,549640,173930,1,1,1,2,18,3,223,6,30,3,4,6,0,0,0,1,1,1,0,0,1,1,1,3,1,11,3,3,5,1,0,0,2,0,1,2
3,1,9,0,18,0,0,1,0,7,4,1,1,6,2,25,5,1598,1,4,2,1,4,385368,121633,55,4,1,3,642,4,3091,6,60,0,4,6,0,0,0,1,1,4,0,0,2,1,1,1,2,25,5,3,0,0,0,0,0,9,2,9
2,2,19,0,4,0,5,0,7,1,10,2,1,1,1,35,6,1598,2,2,1,3,3,576080,155570,46,3,3,2,536,3,229,2,30,8,4,6,0,0,0,1,1,2,0,0,1,1,2,1,1,35,6,3,0,0,0,0,0,19,1,5
3,1,9,0,16,0,0,5,0,0,0,1,1,1,1,26,6,1598,1,8,1,1,1,302565,85645,50,1,1,4,580,4,3180,6,60,0,4,6,0,0,0,6,1,1,0,0,2,1,1,1,1,26,6,3,0,0,0,0,0,9,1,9
3,1,3,0,18,0,8,0,0,0,0,1,1,6,1,21,5,125,1,8,1,1,2,454751,345006,31,2,1,2,346,6,0,6,30,6,4,6,0,0,0,1,1,1,0,0,1,1,1,1,1,21,5,3,0,0,0,0,0,3,1,1
3,1,9,0,18,0,0,0,0,0,0,1,1,6,1,38,7,1968,2,2,2,1,2,496303,179055,43,2,1,6,473,1,4,7,70,0,4,6,0,0,0,4,2,2,0,0,1,2,1,1,1,33,6,3,0,0,0,0,0,9,1,5
3,1,9,0,9,0,8,0,0,0,0,3,1,6,2,29,6,1388,1,12,1,1,2,549470,174080,1,2,1,5,18,6,0,6,30,3,4,6,0,0,0,1,1,1,0,0,1,2,1,1,2,29,6,3,0,0,0,0,0,9,1,5
3,1,9,0,18,0,0,2,0,1,10,1,1,6,1,46,8,1124,1,17,1,1,1,401675,169458,54,1,1,5,635,5,50,6,60,0,4,6,0,0,0,1,1,2,7,0,2,1,1,1,1,46,8,3,0,0,0,0,0,9,1,6
3,1,9,0,9,0,8,0,0,0,0,1,1,6,1,33,6,1598,1,8,1,1,2,531740,178530,1,2,1,3,8,3,3,6,30,3,4,6,0,0,1,1,1,1,0,0,1,1,1,1,1,33,6,3,0,0,0,0,0,9,1,5
3,2,9,0,4,0,0,0,0,0,0,2,1,6,2,29,6,1587,1,13,1,4,2,394490,288690,20,2,4,4,303,6,0,6,30,0,4,6,0,0,0,1,1,1,0,0,1,2,3,2,1,5,1,3,0,0,2,0,0,9,1,2
3,1,9,0,18,0,0,5,4,7,0,4,1,6,2,23,5,1598,1,3,1,1,1,533940,192850,1,1,1,3,32,5,0,6,30,0,4,6,0,0,0,1,1,1,0,0,1,1,1,1,2,23,5,3,0,0,0,0,0,9,1,2
3,1,9,0,14,0,1,1,0,0,0,1,1,1,1,68,10,1598,1,8,3,1,2,266490,280220,63,2,1,6,750,3,44,6,40,3,4,6,0,0,0,1,1,1,0,0,2,1,1,1,1,33,6,3,0,0,0,0,0,9,1,5
3,1,9,0,18,0,8,0,0,0,0,4,1,1,2,72,10,1397,1,14,1,1,2,521400,178540,1,2,1,1,25,3,315,6,30,3,4,6,0,0,0,1,2,2,0,0,1,2,1,1,2,72,10,3,0,0,0,0,0,9,1,4
3,1,9,0,7,0,3,0,0,0,0,4,1,6,2,62,9,1398,2,12,1,1,2,621976,336995,36,2,1,7,405,3,140,1,30,2,4,4,1436,0,0,1,1,1,0,0,2,1,1,1,1,33,6,3,0,0,0,0,0,9,1,5
3,1,9,0,18,0,0,0,0,1,11,1,1,6,1,21,5,1968,2,8,1,1,2,416952,436926,13,2,1,1,200,6,0,2,30,0,4,6,0,0,0,1,4,2,0,0,1,1,1,1,1,21,5,3,0,0,0,0,0,9,1,5
3,1,9,0,18,0,0,0,0,0,0,4,1,6,2,28,6,1598,1,8,1,1,1,335611,189109,61,1,1,4,733,6,0,6,30,0,4,6,0,0,0,1,1,1,0,0,1,1,1,3,1,4,1,3,5,2,0,0,0,0,1,5
3,2,19,0,18,0,0,0,0,0,0,2,1,1,1,24,5,2299,2,3,1,1,2,430894,436421,13,2,1,4,204,6,0,6,30,0,4,6,0,0,0,1,1,1,0,0,1,2,1,1,1,24,5,3,0,0,0,0,0,19,1,2
3,2,3,0,18,0,8,0,0,0,0,1,1,6,1,38,7,800,1,3,1,1,2,543560,170660,1,2,1,4,19,5,0,6,30,3,4,6,0,0,0,1,1,1,0,0,1,1,1,1,1,33,6,3,0,0,0,0,0,3,1,6
3,1,9,0,16,0,0,1,0,7,9,1,1,2,1,34,6,1398,2,7,1,1,1,410630,195213,54,1,1,1,635,5,124,6,60,0,4,6,0,0,0,1,1,2,0,0,2,2,1,2,1,35,6,3,0,0,2,0,0,9,1,5
2,3,9,0,18,0,0,0,0,0,0,1,1,6,1,60,9,1686,2,4,1,3,3,231889,680971,97,3,3,3,913,3,814,6,60,0,4,6,0,0,0,1,1,2,0,0,2,1,1,2,2,30,6,2,0,0,1,0,0,9,1,5
3,1,19,0,7,0,1,0,0,1,0,4,1,6,1,50,8,1598,1,8,1,1,2,529292,104665,47,2,1,7,565,4,2066,6,20,6,4,6,0,0,1,1,4,2,0,0,1,1,1,1,1,33,6,3,0,0,0,0,0,9,1,5
3,2,9,0,9,0,8,0,0,0,0,4,1,6,1,20,4,1199,1,13,3,1,2,296916,93151,50,2,1,3,580,3,30,3,40,9,2,1,5,0,0,1,1,1,0,0,2,1,1,1,1,20,4,3,0,0,0,0,0,9,3,6
3,1,9,0,18,0,0,0,0,0,0,1,1,6,1,38,7,1364,2,9,1,3,3,426189,326547,21,3,3,2,251,3,5121,6,30,0,4,6,0,0,0,1,1,1,0,0,2,2,1,1,1,33,6,3,0,0,0,0,0,9,1,5
3,2,19,0,3,0,0,0,0,0,0,2,1,1,1,41,7,1598,1,8,1,1,5,447826,197109,43,5,1,3,483,3,34,3,70,0,4,6,0,0,0,1,1,1,0,0,2,1,1,1,1,41,7,3,0,0,0,0,0,19,1,3
3,2,19,0,18,0,1,0,0,0,0,4,1,6,1,33,6,2402,2,13,1,1,2,530580,191170,1,2,1,5,31,4,151,6,20,9,4,6,0,0,0,1,1,1,0,0,1,1,1,1,1,33,6,3,0,0,0,0,0,9,1,5
3,1,9,0,4,0,1,0,0,0,0,1,1,1,2,64,9,1956,2,2,1,1,1,432794,280376,20,1,1,3,302,4,4098,6,30,6,2,6,0,0,4,4,1,1,0,0,1,2,1,3,1,30,6,3,9,8,0,0,2,0,1,5
3,2,19,0,11,0,0,0,0,0,0,4,1,2,1,28,6,2143,2,1,1,1,2,526230,168100,1,2,1,2,22,3,297,6,30,0,4,6,0,0,0,1,2,2,0,0,1,1,1,1,1,33,6,3,0,0,0,0,0,9,1,5
3,1,9,0,18,0,8,0,0,0,0,4,1,2,2,25,5,1299,1,8,1,1,1,519130,298540,35,1,1,3,394,6,0,6,30,3,4,6,0,0,0,1,2,2,0,0,1,1,1,3,2,26,6,3,5,1,0,0,0,0,1,3
2,2,9,0,18,0,0,0,0,0,0,2,1,1,2,23,5,1397,1,13,1,1,3,599222,225167,42,3,1,3,455,3,134,3,40,0,4,6,0,0,0,1,1,1,0,0,1,1,1,1,1,33,6,3,0,0,0,0,0,9,1,5
3,2,9,0,18,0,1,1,4,0,0,1,1,6,2,78,11,1149,1,10,1,4,4,480002,232503,43,4,4,6,476,3,421,6,60,3,4,5,23,0,0,1,2,2,0,0,2,1,1,1,2,78,11,3,0,0,0,0,0,9,1,10
3,5,9,0,18,0,0,0,0,0,0,2,1,6,2,30,6,1896,2,12,1,3,10,444960,359800,30,10,3,6,321,1,1,3,70,0,4,6,0,0,0,1,1,1,0,0,2,1,1,1,1,33,6,3,0,0,0,0,0,9,1,5
3,1,11,0,4,2,0,0,0,0,0,0,1,1,1,38,7,1598,1,8,1,1,1,612391,215685,42,1,1,5,461,6,0,6,30,0,4,6,0,0,0,1,1,1,0,0,2,2,1,3,2,40,7,3,6,9,0,0,0,0,3,3
3,2,19,0,18,0,1,0,0,0,0,1,1,6,1,53,8,1598,1,8,1,1,2,531000,189490,1,2,1,6,31,4,138,3,30,6,2,3,504,0,5,7,1,1,0,0,1,1,1,1,1,33,6,3,0,0,0,0,0,9,1,5
3,2,21,0,12,0,0,0,0,0,0,3,2,1,1,50,8,1598,1,8,1,1,2,523540,179800,1,2,1,4,11,3,402,6,30,0,4,6,0,0,0,1,1,1,0,0,1,1,1,1,1,33,6,3,0,0,0,0,0,9,1,5
3,1,19,0,18,0,8,0,0,0,0,1,1,1,1,38,7,4250,2,11,1,1,2,472964,177834,43,2,1,5,484,6,205,6,60,6,4,6,0,0,0,1,1,1,0,0,2,1,1,1,1,33,6,3,0,0,0,0,0,9,1,5
3,2,9,0,18,0,1,0,0,0,0,1,1,6,2,51,8,1596,1,4,1,5,2,507504,223936,40,2,5,1,421,6,0,6,30,6,2,6,0,0,5,1,1,1,0,0,1,1,1,1,2,51,8,3,0,0,0,0,0,9,1,4
3,1,9,0,18,0,0,1,0,8,3,3,1,2,1,21,5,1198,1,8,1,2,1,571640,144920,46,1,2,3,536,4,2162,6,50,0,4,6,0,0,0,1,1,1,0,0,2,1,1,1,1,21,5,3,0,0,0,0,0,9,1,7
3,1,1,0,18,0,8,0,0,0,0,1,1,6,1,24,5,1598,1,8,1,1,2,530150,176010,1,2,1,7,9,3,3,6,30,3,4,6,0,0,0,4,1,1,0,0,1,1,1,1,1,24,5,3,0,0,0,0,0,1,1,2
3,1,9,0,18,0,0,0,0,0,0,4,1,6,2,38,7,1598,1,8,1,1,1,257578,371989,60,1,1,3,722,3,5,6,30,0,4,6,0,0,0,1,4,1,0,0,1,1,1,3,1,13,3,3,5,1,0,0,0,0,1,5
2,2,3,0,18,0,0,0,0,1,0,1,1,6,1,16,4,124,1,22,1,2,2,389079,348079,21,2,2,4,257,3,5272,6,30,0,4,6,0,0,0,1,1,2,0,0,1,1,2,1,1,16,4,2,0,0,0,0,0,3,1,1
3,2,9,0,18,0,1,0,0,0,0,1,1,6,1,35,6,4367,2,1,1,1,2,410470,291651,20,2,1,3,300,3,4040,6,30,3,4,6,0,0,0,4,2,2,0,0,1,1,1,1,1,33,6,3,0,0,0,0,0,9,1,5
3,2,9,0,18,0,0,0,0,0,0,2,1,3,2,33,6,1596,1,5,1,3,3,441204,520576,17,3,3,5,245,5,143,6,30,0,4,6,0,0,0,1,1,1,0,0,1,1,1,1,2,33,6,3,0,0,0,0,0,9,1,1
3,1,11,0,18,0,1,0,0,0,0,0,1,1,1,49,8,7300,2,10,1,1,1,544540,190400,1,1,1,6,14,3,123,6,30,1,4,3,123,0,1,1,1,1,0,0,1,1,1,2,2,70,10,3,0,0,0,4,0,11,1,4
3,1,9,0,9,0,8,0,0,0,0,1,1,6,2,73,10,1240,1,7,1,1,2,334759,395985,5,2,1,2,93,6,0,6,30,6,2,6,0,0,4,1,1,1,0,0,1,1,1,1,1,33,6,3,0,0,0,0,0,9,1,5
2,2,9,0,4,0,0,0,0,0,0,2,1,2,2,53,8,1995,2,3,1,1,4,535540,265860,35,4,1,7,395,3,14,3,70,0,4,6,0,0,0,1,1,1,0,0,2,1,1,1,1,33,6,3,0,0,0,0,0,9,1,5
2,2,9,0,17,0,8,0,0,0,0,1,1,5,2,21,5,1398,1,8,1,1,2,385577,332855,21,2,1,4,255,5,2,6,60,3,4,5,87,0,0,6,1,1,0,0,2,2,1,1,1,33,6,3,0,0,0,0,0,9,1,5
2,2,9,0,18,0,8,0,0,0,0,3,1,6,1,49,8,1997,2,12,1,1,2,451570,356175,31,2,1,7,340,6,0,6,30,3,4,6,0,0,0,1,1,1,0,0,1,1,1,1,1,33,6,3,0,0,0,0,0,9,1,5
3,1,9,0,9,0,2,1,0,0,0,3,1,1,2,39,7,2494,1,16,1,2,2,397740,327145,21,2,2,4,255,3,51,3,40,6,2,3,518,0,0,1,1,2,0,0,2,2,1,1,1,33,6,3,0,0,0,0,0,9,1,5
3,2,9,0,9,0,2,0,0,0,0,1,1,4,1,18,4,1296,1,9,1,1,3,444560,347680,30,3,1,4,320,6,0,6,30,3,4,6,0,0,0,1,1,1,0,0,1,1,1,1,1,33,6,3,0,0,0,0,0,9,1,5
3,2,9,0,18,0,0,0,0,0,0,2,1,6,1,22,5,1199,1,11,1,4,2,428622,432989,13,2,4,5,204,3,58,1,30,0,4,6,0,0,0,1,1,1,0,0,1,1,2,1,1,22,5,3,0,0,0,0,0,9,1,2
3,1,3,0,18,0,1,0,0,0,0,3,1,6,1,31,6,1598,1,8,1,1,1,528410,179700,1,1,1,6,1,3,302,6,30,3,2,3,4,0,5,1,1,1,0,0,1,1,1,1,1,31,6,3,0,0,0,0,0,3,1,4
3,1,20,0,5,0,0,0,0,0,0,3,1,1,1,59,9,6700,2,1,1,1,2,518040,180820,1,2,1,5,27,3,4020,6,30,0,4,6,0,0,0,1,1,1,0,0,1,1,1,1,1,33,6,3,0,0,0,0,0,9,1,5
3,2,9,0,4,0,0,0,0,0,0,1,1,6,1,35,6,1598,1,8,3,1,2,227302,75630,50,2,1,1,596,4,3254,6,60,0,4,6,0,0,0,1,2,2,0,0,2,2,1,1,1,33,6,3,0,0,0,0,0,9,1,5
3,1,9,0,18,0,0,0,0,0,0,1,1,2,2,48,8,2198,1,14,1,2,2,494368,143792,45,2,2,5,511,3,3,3,70,0,4,6,0,0,0,1,1,2,0,0,2,1,1,1,2,48,8,3,0,0,0,0,0,9,1,10
3,1,9,0,18,0,0,0,0,1,10,1,1,6,1,71,10,1299,1,9,3,2,1,338900,413300,4,1,2,1,84,4,5242,6,30,0,4,6,0,0,0,1,1,1,0,0,2,1,2,2,2,72,10,3,0,0,1,0,0,9,3,6
3,2,9,0,18,0,1,0,0,0,0,4,1,6,1,36,7,1596,1,7,1,2,2,252460,52270,50,2,2,1,583,6,0,6,30,3,4,6,0,0,0,1,2,2,0,0,1,1,1,1,1,33,6,3,0,0,0,0,0,9,1,5