accident_severity,vehicle_reference,vehicle_type,towing_and_articulation,vehicle_manoeuvre,vehicle_location-restricted_lane,junction_location,skidding_and_overturning,hit_object_in_carriageway,vehicle_leaving_carriageway,hit_object_off_carriageway,1st_point_of_impact,was_vehicle_left_hand_drive?,journey_purpose_of_driver,sex_of_driver,age_of_driver,age_band_of_driver,engine_capacity_(cc),propulsion_code,age_of_vehicle,driver_home_area_type,NUmber_of_Casualities_unique_to_accident_index,No_of_Vehicles_involved_unique_to_accident_index,location_easting_osgr,location_northing_osgr,police_force,number_of_vehicles,number_of_casualties,day_of_week,local_authority_(district),1st_road_class,1st_road_number,road_type,speed_limit,junction_detail,junction_control,2nd_road_class,2nd_road_number,pedestrian_crossing-human_control,pedestrian_crossing-physical_facilities,light_conditions,weather_conditions,road_surface_conditions,special_conditions_at_site,carriageway_hazards,urban_or_rural_area,did_police_officer_attend_scene_of_accident,casualty_reference,casualty_class,sex_of_casualty,age_of_casualty,age_band_of_casualty,casualty_severity,pedestrian_location,pedestrian_movement,car_passenger,bus_or_coach_passenger,pedestrian_road_maintenance_worker,casualty_type,casualty_home_area_type,casualty_imd_decile
3,2,5,0,18,0,4,0,0,0,0,2,1,6,1,38,7,898,1,1,2,1,2,357873,172580,52,2,1,4,601,4,4466,9,30,1,2,3,4,0,5,4,2,2,0,0,1,1,1,1,1,38,7,3,0,0,0,0,0,5,2,9
3,1,9,0,7,2,5,0,0,0,0,4,1,6,1,68,10,1997,1,12,3,3,2,378470,399200,6,2,3,2,107,3,576,6,30,3,4,6,0,0,0,1,1,1,0,0,1,1,1,1,1,33,6,3,0,0,0,0,0,9,1,5
3,2,9,0,18,0,0,0,0,0,0,1,1,6,2,35,6,1968,2,2,1,2,2,386774,347875,21,2,2,7,257,6,0,6,30,0,4,6,0,0,0,1,1,2,0,0,2,1,1,1,2,35,6,3,0,0,0,0,0,9,1,5
3,2,9,0,18,0,1,0,0,0,0,1,1,6,3,38,7,1598,1,8,1,1,2,513960,186730,1,2,1,5,29,5,0,6,30,3,4,6,0,0,4,4,1,1,0,0,1,1,1,1,1,33,6,3,0,0,0,0,0,9,1,5
3,1,3,0,18,0,8,0,0,0,0,1,1,6,1,24,5,124,1,8,1,1,2,527340,177140,1,2,1,7,10,5,0,6,30,3,4,6,0,0,0,1,1,1,0,0,1,1,1,1,1,24,5,3,0,0,0,0,0,3,1,1
2,1,9,0,7,0,8,0,0,0,0,0,1,6,1,57,9,1598,1,8,1,1,2,363560,411420,6,2,1,3,100,6,0,6,30,3,4,6,0,0,0,1,1,1,0,0,1,1,1,1,1,33,6,3,0,0,0,0,0,9,1,5
3,2,19,0,7,0,2,0,4,0,0,1,1,6,1,38,7,1598,1,8,1,1,2,518650,185620,1,2,1,2,28,6,0,6,30,8,4,6,0,0,0,1,9,1,0,0,1,1,1,1,1,33,6,3,0,0,0,0,0,9,1,5
3,2,9,0,3,0,1,0,0,0,0,2,1,6,2,22,5,1199,1,12,1,1,2,462052,310959,33,2,1,5,362,5,3308,6,30,2,4,5,3306,0,8,1,1,1,0,0,1,1,1,2,1,20,4,3,0,0,1,0,0,9,1,7
3,1,9,0,17,0,0,5,0,2,0,4,1,6,1,25,5,1396,1,16,3,2,2,360575,630295,95,2,2,7,914,3,699,6,60,0,4,6,0,0,0,6,1,2,0,0,2,1,1,1,1,25,5,3,0,0,0,0,0,9,3,5
2,1,9,0,18,0,0,0,0,0,0,3,1,6,1,75,10,1587,1,8,1,1,1,328846,693798,94,1,1,3,925,6,0,6,30,0,4,6,0,0,1,1,8,2,0,0,1,1,1,3,1,75,10,2,1,1,0,0,0,0,1,5
3,1,5,0,18,0,0,0,0,0,0,1,1,1,1,43,7,996,1,15,1,1,2,539750,187880,1,2,1,4,13,3,12,3,50,0,4,6,0,0,0,1,1,1,0,0,1,1,1,1,1,43,7,3,0,0,0,0,0,5,1,2
3,1,9,0,18,0,0,5,0,1,9,1,1,2,2,56,9,1360,1,12,1,3,1,407860,248870,22,1,3,7,277,4,4085,6,30,0,4,6,0,0,0,6,1,1,0,7,2,1,3,2,1,61,9,3,0,0,1,0,0,9,1,5
2,2,21,1,18,0,0,0,0,0,0,3,1,1,1,28,6,1598,1,8,1,1,2,510101,157979,45,2,1,6,510,1,25,3,70,0,4,6,0,0,0,4,1,1,0,0,2,1,1,1,1,33,6,3,0,0,0,0,0,9,1,5
3,1,9,0,18,0,0,0,0,0,0,3,1,6,3,38,7,1598,1,8,1,1,2,431488,254500,23,2,1,4,293,6,0,6,50,0,4,6,0,0,0,6,1,1,0,0,2,1,1,1,1,33,6,3,0,0,0,0,0,9,1,5
3,1,9,0,9,0,6,0,10,1,0,4,1,6,2,61,9,1397,1,12,1,2,2,515170,190410,1,2,2,6,29,3,409,6,30,3,4,6,0,0,0,4,1,1,0,0,1,2,1,1,2,61,9,3,0,0,0,0,0,9,1,4
3,2,4,0,18,0,8,0,0,0,0,1,1,6,1,41,7,124,1,7,1,1,2,534750,175680,1,2,1,2,8,3,2214,6,30,3,4,6,0,0,0,4,2,2,0,0,1,1,1,1,1,41,7,3,0,0,0,0,0,4,1,3
2,1,21,0,17,0,0,0,0,0,0,1,2,1,1,35,6,1598,1,8,1,1,2,577190,146770,46,2,1,3,536,3,229,6,60,0,4,6,0,0,0,6,4,2,0,0,2,1,1,1,1,33,6,3,0,0,0,0,0,9,1,5
2,1,9,0,17,0,8,0,0,0,0,1,1,6,1,42,7,1598,1,8,1,1,2,306767,366049,60,2,1,5,723,3,525,1,30,1,4,3,543,0,0,4,1,1,0,0,2,2,1,1,1,33,6,3,0,0,0,0,0,9,1,5
3,4,90,0,10,0,1,0,0,0,0,0,1,1,1,34,6,2987,2,8,2,2,4,414129,416750,13,4,2,7,203,3,640,3,40,6,2,3,62,0,5,1,1,2,0,0,1,1,1,1,1,33,6,3,0,0,0,0,0,9,1,5
3,1,9,0,9,0,8,0,0,0,0,3,1,6,1,68,10,1598,1,8,3,5,2,495708,237687,40,2,5,6,424,3,421,3,60,3,2,3,421,0,0,4,1,2,1,0,2,1,1,1,1,68,10,3,0,0,0,0,0,9,3,4
3,1,9,0,18,0,0,0,0,0,0,1,1,6,2,50,8,1753,2,5,1,1,2,404800,279620,20,2,1,1,300,3,441,6,30,0,4,6,0,0,4,1,1,1,0,0,1,1,1,1,1,33,6,3,0,0,0,0,0,9,1,5
3,1,9,0,10,0,4,0,0,0,0,2,1,6,1,25,5,1753,2,15,2,2,2,459757,455950,12,2,2,7,189,3,1237,6,60,1,4,4,1363,0,8,1,1,1,0,0,2,2,1,1,1,25,5,3,0,0,0,0,0,9,2,9
3,1,9,0,3,0,1,0,0,0,0,2,1,6,2,26,6,1198,1,1,1,1,4,435677,388173,14,4,1,2,215,3,61,3,30,3,2,3,6109,0,0,1,1,2,0,0,1,2,1,1,2,26,6,3,0,0,0,0,0,9,1,8
3,2,9,0,4,0,8,0,0,0,0,2,1,6,2,27,6,1600,1,9,1,1,2,525960,177410,1,2,1,3,12,3,304,6,30,3,4,6,0,0,1,4,1,1,0,0,1,1,1,1,1,33,6,3,0,0,0,0,0,9,1,5
3,2,9,0,4,0,1,0,0,0,0,1,1,6,1,44,7,1398,1,2,1,1,2,406559,94393,55,2,1,5,640,6,0,6,30,3,4,5,0,0,0,1,1,1,0,0,1,1,1,1,1,44,7,3,0,0,0,0,0,9,1,6
3,2,1,0,17,0,8,0,0,0,0,1,1,6,1,38,7,1598,1,8,1,1,2,531090,177670,1,2,1,6,9,3,202,6,30,3,4,6,0,0,0,4,1,1,0,0,1,1,1,1,1,33,6,3,0,0,0,0,0,1,1,5
3,1,9,0,18,0,1,0,0,0,0,1,1,1,1,44,7,1598,1,8,1,2,4,570320,158310,46,4,2,2,542,3,20,6,30,3,4,6,0,0,0,1,1,1,0,0,1,1,1,1,1,44,7,3,0,0,0,0,0,9,1,2
3,3,9,0,3,0,1,0,0,0,0,3,1,6,1,47,8,1598,1,8,1,1,3,380217,152433,52,3,1,7,606,3,36,3,60,1,4,3,361,0,0,1,1,1,0,0,2,1,1,1,1,33,6,3,0,0,0,0,0,9,1,5
3,1,19,0,18,0,0,0,0,0,0,1,1,1,1,32,6,2143,2,2,1,3,3,434993,425884,13,3,3,5,204,1,62,3,70,0,4,6,0,0,0,4,1,2,0,0,2,1,1,1,1,32,6,3,0,0,0,0,0,19,1,5
2,2,1,0,18,0,1,0,0,0,0,3,1,6,2,26,6,1598,1,8,1,1,2,534440,183560,1,2,1,3,4,5,0,6,30,3,4,5,0,0,0,1,1,1,0,0,1,2,1,1,2,26,6,2,0,0,0,0,0,1,1,5
3,1,9,0,16,0,0,0,0,0,0,0,1,6,3,38,7,1598,1,8,1,1,2,533822,115863,47,2,1,3,554,6,0,6,60,0,4,6,0,0,0,1,1,1,0,0,2,1,1,1,1,33,6,3,0,0,0,0,0,9,1,5
3,1,9,0,4,0,3,1,10,7,0,1,1,2,1,18,4,998,1,9,2,1,1,274270,47312,50,1,1,2,584,3,381,1,30,1,4,6,0,0,0,1,1,1,0,0,2,2,1,1,1,18,4,3,0,0,0,0,0,9,2,6
3,1,9,0,16,0,8,0,0,0,0,3,1,6,1,21,5,1839,1,10,1,2,2,633680,169670,46,2,2,1,541,6,4150,6,30,3,4,6,0,0,0,1,1,2,0,0,1,1,1,1,1,33,6,3,0,0,0,0,0,9,1,5
3,2,9,0,3,0,1,0,0,0,0,2,1,6,1,72,10,2685,2,12,3,1,2,499615,372829,32,2,1,7,352,3,15,3,30,3,2,6,0,0,4,1,1,2,0,0,1,1,1,1,1,72,10,3,0,0,0,0,0,9,3,9
3,1,1,0,16,0,1,1,0,0,0,1,1,6,1,56,9,1598,1,8,1,1,1,626510,150150,46,1,1,7,533,6,941,6,60,3,4,6,0,0,0,1,1,2,7,0,2,1,1,1,1,56,9,3,0,0,0,0,0,1,1,2
3,2,9,0,2,0,0,0,0,0,0,3,1,6,3,38,7,1598,1,10,1,1,4,360137,178180,52,4,1,7,612,6,0,6,30,0,4,6,0,0,0,4,2,2,0,0,1,1,1,1,1,33,6,3,0,0,0,0,0,9,1,5
3,2,1,0,3,0,1,0,0,0,0,2,1,6,2,29,6,1598,1,8,1,1,2,579689,165375,46,2,1,5,544,3,278,1,40,1,4,6,0,0,0,4,1,1,0,0,2,2,1,1,2,29,6,3,0,0,0,0,0,1,1,5
3,2,9,0,18,0,1,0,0,0,0,1,1,6,1,38,7,1598,1,8,1,2,2,531210,177280,1,2,2,2,9,3,23,6,30,3,4,6,0,0,1,1,1,1,0,0,1,2,2,1,1,38,7,3,0,0,0,0,0,9,1,5
3,2,3,0,18,0,8,0,0,0,0,4,1,2,1,38,7,1598,1,8,1,2,2,332121,186890,61,2,2,5,733,3,4042,3,40,7,4,6,0,0,8,4,2,2,0,0,2,1,2,1,1,38,7,3,0,0,0,0,0,3,1,5
2,1,3,0,17,0,0,2,0,1,0,1,1,2,1,23,5,125,1,1,1,1,1,436895,419813,13,1,1,4,206,6,0,6,60,0,4,6,0,0,0,1,1,1,0,0,2,1,1,1,1,23,5,2,0,0,0,0,0,3,1,1
3,1,9,0,10,0,1,0,0,0,0,2,1,6,2,56,9,1588,1,11,1,1,4,372792,382006,7,4,1,7,129,3,556,3,50,8,4,6,0,0,0,1,1,1,0,0,2,1,1,1,1,33,6,3,0,0,0,0,0,9,1,5
3,2,9,0,3,0,1,0,0,0,0,2,1,6,2,46,8,998,1,7,1,3,2,420068,565475,10,2,3,7,147,3,186,6,30,3,4,6,1194,0,0,1,1,1,0,0,1,2,2,2,2,45,7,3,0,0,1,0,0,9,1,5
3,2,9,0,18,0,4,0,0,0,0,2,1,6,1,56,9,1796,1,14,1,2,2,580103,162910,46,2,2,6,544,3,278,1,50,1,4,6,0,0,0,1,1,1,0,0,2,1,2,2,1,82,11,3,0,0,2,0,0,9,1,3
2,2,9,0,18,0,8,0,0,7,2,4,1,6,1,19,4,1598,1,8,1,1,2,452387,190369,43,2,1,1,484,6,189,6,30,6,4,6,0,0,0,4,1,1,0,0,1,1,1,1,1,19,4,2,0,0,0,0,0,9,1,8
2,1,9,0,5,0,8,0,0,0,0,3,1,6,2,17,4,1599,1,7,1,1,2,386230,387650,6,2,1,4,109,3,5149,6,30,3,4,6,0,0,0,1,1,1,0,0,1,1,1,1,1,33,6,3,0,0,0,0,0,9,1,5
2,2,9,0,18,0,1,1,0,0,0,1,1,6,2,47,8,1598,1,8,1,2,2,369303,794051,92,2,2,7,911,4,974,6,60,8,4,6,0,0,0,1,1,2,0,0,2,1,2,2,1,53,8,3,0,0,1,0,0,9,1,5
3,2,9,0,17,0,0,0,0,0,0,1,1,6,2,25,5,1248,2,3,1,3,2,505477,169194,45,2,3,2,40,4,377,6,30,0,4,6,0,0,0,1,8,2,0,0,1,1,2,1,2,25,5,3,0,0,0,0,0,9,1,6
3,1,9,0,7,0,5,0,0,0,0,4,1,6,1,44,7,1398,1,8,1,1,2,529990,188110,1,2,1,2,31,3,103,6,30,3,4,6,0,0,0,1,1,1,0,0,1,1,1,1,1,33,6,3,0,0,0,0,0,9,1,5
3,1,9,0,5,0,1,0,0,0,0,3,1,6,1,38,7,1968,2,1,1,1,2,531300,191310,1,2,1,3,31,6,0,2,30,3,4,6,0,0,0,1,1,1,0,0,1,1,1,1,1,33,6,3,0,0,0,0,0,9,1,5
3,1,9,0,9,0,6,0,0,0,0,1,1,1,1,25,5,1598,1,8,1,1,2,570630,158390,46,2,1,4,542,3,20,6,30,3,4,6,0,0,0,1,1,1,0,0,1,1,1,1,1,33,6,3,0,0,0,0,0,9,1,5
3,2,3,0,14,0,1,1,0,0,0,1,1,6,1,28,6,124,1,1,1,1,2,523850,273880,35,2,1,4,393,5,115,6,30,9,4,6,0,0,0,1,1,1,0,0,1,2,1,1,1,28,6,3,0,0,0,0,0,3,1,5
3,6,9,0,18,0,0,0,0,0,0,2,1,6,1,50,8,1797,8,5,1,1,6,511780,182590,1,6,1,3,27,3,312,3,30,0,4,6,0,0,0,1,1,1,0,0,1,1,1,1,1,50,8,3,0,0,0,0,0,9,1,7
3,2,9,0,18,0,1,0,0,0,0,3,1,6,1,20,4,1798,1,1,2,2,4,438290,277880,20,4,2,4,302,6,0,1,40,1,4,3,428,0,8,1,1,1,0,0,1,1,2,1,1,20,4,3,0,0,0,0,0,9,2,8
3,2,9,0,18,0,0,0,0,0,0,1,1,6,1,34,6,1086,1,12,1,2,2,434032,409704,14,2,2,7,210,3,61,6,30,0,4,6,0,0,0,1,1,1,0,0,1,1,1,1,1,33,6,3,0,0,0,0,0,9,1,5
3,2,9,0,18,0,8,0,0,0,0,1,1,6,1,29,6,1395,1,1,1,2,2,531350,167570,1,2,2,7,20,3,235,6,30,3,4,6,0,0,0,4,1,2,0,0,1,1,1,1,1,33,6,3,0,0,0,0,0,9,1,5
3,1,9,0,18,0,0,1,0,0,0,1,1,6,2,31,6,1198,1,9,1,1,2,384564,355539,21,2,1,5,253,6,41,6,30,0,4,6,0,0,0,1,2,2,0,0,1,2,1,1,2,31,6,3,0,0,0,0,0,9,1,1
2,1,5,0,12,0,0,0,0,0,0,0,1,6,1,61,9,1100,1,15,1,1,1,253010,134696,50,1,1,5,582,3,361,3,30,0,4,6,0,0,0,1,1,1,4,0,2,2,1,1,1,61,9,2,0,0,0,0,0,5,1,3
3,1,9,0,9,0,8,0,10,0,0,1,1,6,1,38,7,1598,1,8,1,1,1,532450,177970,1,1,1,5,8,3,215,6,30,3,4,6,0,0,4,1,2,2,0,0,1,1,1,3,2,33,6,3,6,9,0,0,2,0,1,5
3,1,8,0,7,0,6,0,0,0,0,1,1,1,1,44,7,1997,2,7,1,1,2,415359,184507,54,2,1,3,633,5,405,3,30,3,4,6,0,0,4,4,1,1,0,0,1,1,1,1,1,33,6,3,0,0,0,0,0,9,1,5
3,3,9,0,3,0,0,0,0,0,0,2,1,1,1,42,7,1968,2,5,1,1,3,252313,663894,97,3,1,7,926,3,761,3,30,0,4,6,0,0,5,1,1,1,0,0,1,1,1,1,1,42,7,3,0,0,0,0,0,9,1,5
3,2,9,0,18,0,2,0,0,0,0,4,1,6,1,24,5,1896,2,17,1,1,2,528394,135767,47,2,1,6,560,6,0,6,30,3,4,6,0,0,0,4,1,1,0,0,1,1,1,1,1,33,6,3,0,0,0,0,0,9,1,5
3,1,9,0,4,0,4,0,0,1,0,2,1,2,1,29,6,1598,1,14,2,1,2,554704,222287,42,2,1,1,463,6,0,1,60,1,4,6,0,0,0,1,2,2,0,0,2,1,1,1,1,29,6,3,0,0,0,0,0,9,2,5
3,1,9,0,9,0,8,0,0,0,0,2,1,6,1,24,5,1995,2,9,1,1,2,398889,289319,20,2,1,4,305,3,4034,1,40,1,4,3,457,2,4,1,8,2,0,0,1,1,1,1,1,24,5,3,0,0,0,0,0,9,1,2
3,2,9,0,17,0,1,0,0,0,0,4,1,6,1,22,5,1198,1,13,2,1,2,511853,110811,47,2,1,6,562,6,0,6,60,5,4,3,24,0,0,1,1,1,0,0,2,1,1,2,1,22,5,3,0,0,1,0,0,9,2,10
2,2,1,0,18,0,8,0,0,0,0,4,1,6,2,21,5,1598,1,8,1,1,2,528982,104720,47,2,1,3,565,4,2066,6,20,6,4,6,0,0,0,7,9,2,0,0,1,2,1,1,2,21,5,2,0,0,0,0,0,1,1,5
3,1,1,0,18,0,0,0,0,0,0,3,1,6,1,17,4,1598,1,8,1,1,2,513936,103951,47,2,1,2,564,6,0,6,30,0,4,6,0,0,0,1,1,1,0,0,1,2,1,1,1,17,4,3,0,0,0,0,0,1,1,3
3,2,9,0,18,0,1,0,0,0,0,1,1,6,3,38,7,1398,1,1,1,1,2,431897,409898,14,2,1,5,210,4,6131,6,30,3,4,6,0,0,0,1,1,1,0,0,2,1,1,1,1,33,6,3,0,0,0,0,0,9,1,5
3,2,9,0,4,0,0,0,0,0,0,2,1,6,1,70,10,1582,2,4,3,2,2,370257,796353,92,2,2,4,911,3,980,6,30,0,4,6,0,0,0,1,1,1,4,0,2,1,2,2,2,65,9,3,0,0,1,0,0,9,3,5
3,1,9,0,3,0,0,0,0,0,0,2,1,2,2,56,9,1242,1,6,2,1,2,372684,356004,7,2,1,2,129,3,534,6,60,0,4,6,0,0,0,1,1,2,0,0,2,1,1,1,2,56,9,3,0,0,0,0,0,9,2,10
3,4,19,0,11,0,0,0,0,0,0,2,1,6,1,29,6,2198,2,8,1,10,7,478489,428516,16,7,10,3,231,1,62,3,70,0,4,6,0,0,0,7,1,1,0,0,2,1,8,2,1,24,5,3,0,0,0,0,0,19,1,1
3,2,9,0,18,0,8,0,0,0,0,1,1,6,2,21,5,1596,1,13,1,1,2,529090,162600,1,2,1,5,21,3,237,6,30,2,4,5,0,0,0,4,1,2,0,0,1,1,1,1,1,33,6,3,0,0,0,0,0,9,1,5
3,1,19,0,18,0,0,0,0,0,0,1,1,6,1,59,9,2400,2,11,1,2,4,385893,94175,55,4,2,2,644,3,35,6,60,0,4,6,0,0,0,1,1,1,4,0,2,1,1,1,1,33,6,3,0,0,0,0,0,9,1,5
2,2,4,0,18,0,0,0,0,0,0,1,1,6,1,42,7,124,1,1,1,1,2,566800,172900,46,2,1,4,535,3,226,6,40,0,4,6,0,0,0,1,1,1,0,0,1,1,1,1,1,42,7,2,0,0,0,0,0,4,1,3
3,2,9,0,3,0,0,0,0,0,0,2,1,6,2,63,9,1598,1,8,1,1,5,326607,358533,60,5,1,2,724,3,5104,6,40,0,4,6,0,0,0,1,8,2,4,0,2,1,1,1,1,33,6,3,0,0,0,0,0,9,1,5
3,1,9,0,4,0,0,0,0,7,4,1,1,1,2,20,4,1242,1,1,1,1,1,437040,394550,14,1,1,2,215,6,0,6,60,0,4,6,0,0,0,1,1,1,0,0,2,1,1,1,2,20,4,3,0,0,0,0,0,9,1,8
3,1,8,0,12,0,2,0,0,0,0,3,1,1,1,66,10,1997,2,4,1,1,2,505985,429391,16,2,1,4,228,6,0,3,40,3,4,6,0,0,0,4,1,1,0,0,1,2,1,1,1,33,6,3,0,0,0,0,0,9,1,5
3,1,9,0,18,0,1,0,0,0,0,1,1,6,1,20,4,1149,1,9,1,2,2,389081,347567,21,2,2,5,257,3,5008,6,30,3,4,6,0,0,0,1,1,1,0,0,1,1,1,1,1,20,4,3,0,0,0,0,0,9,1,8
3,1,9,0,18,0,0,0,0,0,0,2,1,6,1,41,7,1896,2,10,1,1,3,375702,166014,52,3,1,1,611,3,4,9,30,0,4,6,0,0,0,1,1,1,0,0,1,1,1,1,1,33,6,3,0,0,0,0,0,9,1,5
3,2,11,0,18,0,1,0,0,0,0,3,1,1,1,41,7,9360,2,3,1,2,2,530220,187990,1,2,2,1,31,3,1201,6,30,3,4,6,0,0,0,1,9,1,0,0,1,1,1,1,1,41,7,3,0,0,0,0,0,11,1,4
3,1,19,0,9,0,8,0,0,0,0,1,1,1,1,42,7,1598,1,8,1,1,2,532830,184290,1,2,1,5,3,6,0,6,30,3,4,6,0,0,0,1,1,1,0,0,1,1,1,1,1,33,6,3,0,0,0,0,0,9,1,5
3,3,9,0,18,0,0,0,0,0,0,3,1,1,1,62,9,1598,2,3,1,3,3,471896,102643,44,3,3,1,495,3,3023,6,30,0,4,6,0,0,0,4,1,1,0,0,2,1,3,1,1,62,9,3,0,0,0,0,0,9,1,7
2,2,9,0,3,0,1,0,0,0,0,2,1,6,2,36,7,1598,1,8,1,1,2,423175,561511,10,2,1,7,146,3,1,3,40,5,4,3,184,0,0,1,1,1,4,1,1,1,1,1,1,33,6,3,0,0,0,0,0,9,1,5
3,2,9,0,4,0,1,0,0,0,0,2,1,6,1,22,5,998,1,7,2,1,3,555994,125630,47,3,1,4,556,3,267,6,50,3,4,6,0,0,0,1,1,2,0,0,2,1,1,1,1,22,5,3,0,0,0,0,0,9,2,9
3,3,19,0,18,0,1,0,0,0,0,2,1,1,1,43,7,1968,2,2,1,3,3,339894,366329,7,3,3,5,130,3,548,6,30,6,2,6,0,0,0,1,1,1,0,0,1,1,1,1,1,33,6,3,0,0,0,0,0,9,1,5
3,2,9,0,4,0,8,0,0,0,0,2,1,6,2,40,7,1598,1,8,1,2,3,359589,176834,52,3,2,2,601,4,4469,6,20,3,4,6,0,0,0,1,1,1,0,0,1,2,2,1,2,40,7,3,0,0,0,0,0,9,1,5
3,3,4,0,2,0,2,0,0,0,0,1,1,6,3,38,7,1598,1,8,1,1,4,535310,185630,1,4,1,4,4,5,0,6,30,3,4,5,0,0,0,4,1,1,0,0,1,1,1,1,1,33,6,3,0,0,0,0,0,9,1,5
3,1,9,0,4,0,0,0,0,1,0,2,1,6,1,44,7,1598,1,8,1,1,2,469500,107713,44,2,1,7,495,6,0,6,40,0,4,6,0,0,0,1,1,1,0,0,2,1,1,1,1,44,7,3,0,0,0,0,0,9,1,2
3,3,9,0,4,0,0,0,0,0,0,1,1,6,3,38,7,1598,1,8,1,1,3,541200,181760,1,3,1,2,17,3,13,3,40,0,4,6,0,0,0,4,1,1,0,0,1,1,1,1,1,33,6,3,0,0,0,0,0,9,1,5
3,3,11,0,18,0,0,0,0,0,0,1,1,1,1,46,8,9186,2,1,3,2,3,494796,175281,43,3,2,4,474,4,3022,6,40,0,4,6,0,0,0,1,2,2,0,0,1,1,2,2,2,8,2,3,0,0,0,4,0,11,1,9
3,2,9,0,18,0,0,0,0,0,0,1,1,6,1,38,7,1598,1,7,1,2,2,503806,222763,40,2,2,7,424,6,0,6,20,0,4,6,0,0,0,1,1,1,0,0,1,1,2,2,2,61,9,3,0,0,1,0,0,9,1,4
3,1,9,0,1,0,1,0,0,0,0,2,1,6,3,38,7,1598,1,8,1,1,1,560850,99068,47,1,1,4,551,6,0,6,30,3,2,6,0,0,5,4,2,2,0,0,1,2,1,3,2,20,4,3,1,9,0,0,0,0,1,9
3,1,9,0,18,0,1,1,0,2,7,1,1,6,1,42,7,1598,1,8,1,1,1,552290,166770,46,1,1,5,538,1,25,3,70,5,4,6,0,0,0,6,1,1,0,0,2,1,1,1,1,42,7,3,0,0,0,0,0,9,1,2
3,1,9,0,18,0,0,1,0,0,0,1,1,5,1,47,8,1398,1,12,1,1,5,575179,210159,42,5,1,7,454,3,12,3,70,0,4,6,0,0,0,6,1,1,0,0,2,2,1,1,1,33,6,3,0,0,0,0,0,9,1,5
3,1,9,0,12,0,1,0,0,0,0,3,1,6,1,59,9,1399,2,4,1,1,2,421394,567567,10,2,1,4,147,3,167,3,30,1,4,3,191,0,4,1,1,1,0,0,1,1,1,1,1,33,6,3,0,0,0,0,0,9,1,5
3,1,9,0,16,0,8,0,0,0,0,3,1,2,2,36,7,1598,1,9,1,1,2,514760,183160,1,2,1,3,27,3,40,1,30,1,4,3,4127,0,0,4,2,2,0,0,1,2,1,1,2,36,7,3,0,0,0,0,0,9,1,4
3,2,9,0,4,0,1,0,0,0,0,2,1,6,1,18,4,999,1,1,1,3,3,511300,196430,41,3,3,3,437,3,411,2,30,3,4,6,202,0,0,4,1,2,0,0,1,2,2,2,1,18,4,3,0,0,1,0,0,9,1,5
3,1,9,0,9,0,8,0,0,0,0,0,1,6,3,20,4,1598,1,8,1,1,2,401020,838356,92,2,1,5,911,3,952,6,60,6,4,6,0,0,0,6,1,2,0,0,2,1,1,1,1,33,6,3,0,0,0,0,0,9,1,5
3,1,3,0,18,0,1,0,0,0,0,4,1,6,1,21,5,125,1,9,3,1,2,423744,549000,11,2,1,6,169,5,11,6,30,6,4,4,6532,0,0,4,2,4,0,0,2,2,1,1,1,21,5,3,0,0,0,0,0,3,3,5
3,2,9,0,12,0,0,0,0,0,0,0,1,6,2,54,8,2993,2,6,1,1,2,440579,387529,14,2,1,3,215,3,630,3,70,0,4,6,0,0,0,4,1,1,0,0,2,1,1,1,1,33,6,3,0,0,0,0,0,9,1,5
2,1,9,0,16,0,0,1,0,1,0,1,1,6,2,34,6,1397,1,14,3,3,2,495417,127498,47,2,3,5,559,3,283,6,60,0,4,6,0,0,0,1,1,1,0,0,2,1,1,1,2,34,6,2,0,0,0,0,0,9,3,7
3,1,9,0,3,0,0,0,0,0,0,2,1,6,2,52,8,2685,2,12,1,1,2,535289,156977,45,2,1,5,516,5,72,9,30,0,4,6,0,0,0,1,9,2,0,0,2,2,1,1,2,52,8,3,0,0,0,0,0,9,1,8
3,1,9,0,3,0,0,0,0,0,0,2,1,6,1,53,8,1242,1,2,1,1,3,359354,392308,7,3,1,1,128,6,0,6,60,0,4,6,0,0,0,1,1,1,0,0,2,1,1,1,1,53,8,3,0,0,0,0,0,9,1,4
3,1,9,0,3,0,1,0,0,0,0,2,1,6,2,50,8,1995,2,9,1,1,2,482062,149238,44,2,1,7,494,3,287,6,30,1,4,4,3013,0,8,1,1,1,0,0,2,1,1,1,1,33,6,3,0,0,0,0,0,9,1,5
3,4,9,0,4,0,0,0,0,0,0,2,1,6,1,54,8,1997,2,4,1,2,4,575236,221710,42,4,2,4,451,3,120,3,70,0,4,6,0,0,0,1,1,1,0,0,2,1,1,1,1,33,6,3,0,0,0,0,0,9,1,5
3,2,9,0,18,0,4,0,0,0,0,1,1,6,1,26,6,1242,1,8,1,1,2,511856,195473,41,2,1,5,437,3,4008,1,30,1,4,3,4125,0,0,4,2,2,0,0,1,2,1,1,1,33,6,3,0,0,0,0,0,9,1,5
2,2,19,0,3,0,0,0,0,0,0,1,1,6,1,38,7,1560,2,8,1,1,2,455945,307803,33,2,1,2,364,6,2703,6,30,0,4,6,0,0,0,1,1,1,0,0,1,2,1,1,1,33,6,3,0,0,0,0,0,9,1,5
3,2,9,0,17,0,0,5,0,1,0,3,1,2,1,22,5,1598,1,8,3,2,2,524051,148343,45,2,2,2,513,5,223,6,40,0,4,6,0,0,0,1,2,2,0,0,2,1,2,1,1,22,5,3,0,0,0,0,0,9,3,8