accident_severity,vehicle_reference,vehicle_type,towing_and_articulation,vehicle_manoeuvre,vehicle_location-restricted_lane,junction_location,skidding_and_overturning,hit_object_in_carriageway,vehicle_leaving_carriageway,hit_object_off_carriageway,1st_point_of_impact,was_vehicle_left_hand_drive?,journey_purpose_of_driver,sex_of_driver,age_of_driver,age_band_of_driver,engine_capacity_(cc),propulsion_code,age_of_vehicle,driver_home_area_type,NUmber_of_Casualities_unique_to_accident_index,No_of_Vehicles_involved_unique_to_accident_index,location_easting_osgr,location_northing_osgr,police_force,number_of_vehicles,number_of_casualties,day_of_week,local_authority_(district),1st_road_class,1st_road_number,road_type,speed_limit,junction_detail,junction_control,2nd_road_class,2nd_road_number,pedestrian_crossing-human_control,pedestrian_crossing-physical_facilities,light_conditions,weather_conditions,road_surface_conditions,special_conditions_at_site,carriageway_hazards,urban_or_rural_area,did_police_officer_attend_scene_of_accident,casualty_reference,casualty_class,sex_of_casualty,age_of_casualty,age_band_of_casualty,casualty_severity,pedestrian_location,pedestrian_movement,car_passenger,bus_or_coach_passenger,pedestrian_road_maintenance_worker,casualty_type,casualty_home_area_type,casualty_imd_decile
3,2,9,0,3,0,8,0,0,0,0,3,1,6,1,77,11,998,1,8,1,1,3,436230,280380,20,3,1,2,302,6,0,6,30,8,4,6,0,0,0,1,1,1,0,0,1,1,1,1,1,33,6,3,0,0,0,0,0,9,1,5
2,3,9,0,18,0,1,0,0,0,0,1,1,1,1,18,4,1598,1,8,3,2,6,202700,215580,63,6,2,4,752,3,40,6,60,9,4,6,0,0,0,1,1,1,0,0,2,1,2,1,1,18,4,2,0,0,0,0,0,9,3,5
3,1,9,0,18,0,8,0,0,3,0,3,1,3,1,41,7,1598,1,12,1,3,2,426796,566733,10,2,3,4,147,6,1259,6,30,6,4,6,1259,0,0,1,1,1,0,0,1,1,1,1,1,41,7,3,0,0,0,0,0,9,1,3
3,1,9,0,7,0,8,0,0,0,0,1,1,6,1,24,5,1598,1,8,2,3,2,546220,174490,1,2,3,3,18,3,210,6,30,6,2,5,0,0,5,1,1,1,0,0,1,1,1,1,1,24,5,3,0,0,0,0,0,9,2,9
3,2,1,0,18,0,8,1,0,0,0,4,1,6,1,26,6,1598,1,8,2,1,2,424120,334000,30,2,1,6,328,5,46,6,60,3,4,6,0,0,0,6,1,1,0,0,2,2,1,1,1,26,6,3,0,0,0,0,0,1,2,10
3,2,9,0,9,7,2,0,0,0,0,0,1,6,2,24,5,1149,1,7,1,1,2,398891,306065,21,2,1,6,254,6,418,6,30,3,4,6,473,0,0,1,4,1,0,0,1,2,1,1,1,33,6,3,0,0,0,0,0,9,1,5
3,1,5,0,16,0,0,1,0,7,9,1,1,6,1,30,6,675,1,2,1,1,1,260828,905601,91,1,1,6,927,3,839,6,60,0,4,6,0,0,0,1,1,1,0,0,2,1,1,1,1,30,6,3,0,0,0,0,0,5,1,5
3,1,3,0,13,0,8,0,0,0,0,4,1,6,1,38,7,124,1,6,1,1,2,541630,184210,1,2,1,2,17,4,109,6,30,3,4,6,0,0,0,1,1,1,0,0,1,1,1,1,1,33,6,3,0,0,0,0,0,9,1,5
3,1,9,0,18,9,0,0,10,7,10,1,1,6,1,18,4,1598,1,8,1,4,2,409560,281020,20,2,4,2,300,6,0,6,30,0,4,6,0,0,0,1,1,1,0,0,1,1,1,2,1,17,4,3,0,0,1,0,0,9,1,1
3,1,9,0,18,0,1,0,0,0,0,1,1,6,2,75,10,1560,2,2,3,3,2,532185,344272,32,2,3,5,350,6,0,6,30,9,4,6,0,0,1,1,1,1,0,0,1,1,1,1,2,75,10,3,0,0,0,0,0,9,3,4
3,1,8,0,18,0,1,0,0,0,0,0,1,6,3,50,8,1598,1,8,1,1,3,293156,680987,96,3,1,7,924,6,0,6,30,3,4,6,0,0,0,1,5,2,0,0,1,1,1,1,1,33,6,3,0,0,0,0,0,9,1,5
3,1,9,0,9,0,8,0,0,0,0,4,1,6,1,34,6,1598,1,8,1,2,2,333539,417611,5,2,2,4,93,4,5245,6,30,3,2,6,0,0,5,1,1,1,0,0,1,1,1,1,1,34,6,3,0,0,0,0,0,9,1,9
3,3,19,0,4,0,0,0,0,0,0,2,1,1,1,20,4,1461,2,8,2,1,5,502047,191010,43,5,1,5,478,1,25,3,70,0,4,6,0,0,0,1,1,1,0,0,2,1,1,1,1,33,6,3,0,0,0,0,0,9,1,5
2,1,9,0,18,0,0,0,0,0,0,1,1,6,1,26,6,1598,1,8,3,2,2,291486,678279,96,2,2,3,924,6,0,6,30,0,4,6,0,0,0,1,1,1,0,0,1,1,2,1,1,26,6,3,0,0,0,0,0,9,3,5
3,1,19,0,9,0,4,0,0,0,0,3,1,6,1,28,6,2198,2,4,3,1,2,520965,116250,47,2,1,4,562,6,0,1,30,1,4,6,0,0,0,1,1,1,0,0,2,1,1,1,1,33,6,3,0,0,0,0,0,9,1,5
3,1,11,0,18,0,0,0,0,0,0,3,1,1,1,47,8,6700,2,7,1,1,1,424880,564444,10,1,1,6,147,6,1131,6,30,0,4,6,0,0,0,1,1,1,0,0,1,1,1,3,1,40,7,3,6,8,0,0,0,0,1,3
3,1,21,1,18,0,1,0,0,0,0,1,1,1,1,43,7,1598,1,8,2,1,2,434366,387367,14,2,1,6,215,3,57,3,30,1,4,3,61,0,4,1,1,1,0,0,1,1,1,1,1,33,6,3,0,0,0,0,0,9,1,5
3,1,19,0,7,0,8,0,0,0,0,0,1,1,1,43,7,2148,2,9,1,1,2,403630,287740,20,2,1,2,300,3,457,6,30,6,4,6,0,0,0,4,1,2,0,0,1,1,1,1,1,33,6,3,0,0,0,0,0,9,1,5
3,1,9,0,18,0,8,0,0,0,0,1,1,6,1,38,7,1598,1,8,1,1,2,468783,249528,34,2,1,1,385,3,5,1,60,1,2,3,5,0,0,1,1,1,0,0,2,1,1,1,1,33,6,3,0,0,0,0,0,9,1,5
3,1,9,0,18,0,1,0,0,0,0,1,1,6,1,25,5,1997,1,11,1,1,3,325090,674150,95,3,1,1,923,5,0,6,30,9,2,5,0,0,5,1,1,1,0,0,1,2,1,1,1,33,6,3,0,0,0,0,0,9,1,5
3,2,9,0,8,0,1,0,0,0,0,3,1,6,2,39,7,1124,1,9,1,1,2,543730,180050,1,2,1,3,17,6,0,6,30,6,4,3,117,0,0,1,1,2,0,0,1,1,1,1,2,39,7,3,0,0,0,0,0,9,1,2
3,2,9,0,7,0,8,0,0,0,0,4,1,6,1,46,8,1796,1,10,1,1,2,535800,173170,1,2,1,3,7,3,205,6,30,3,4,3,205,0,0,1,1,1,0,0,1,1,1,1,1,33,6,3,0,0,0,0,0,9,1,5
3,1,9,0,18,0,1,0,0,0,0,1,1,6,3,38,7,1199,1,14,1,1,1,534340,182660,1,1,1,3,5,4,108,6,30,6,4,6,0,0,0,1,1,1,0,0,1,1,1,3,2,52,8,3,5,3,0,0,2,0,1,4
3,1,9,0,18,0,0,0,0,0,0,3,1,6,1,21,5,1596,1,10,1,1,2,538930,181220,1,2,1,3,5,3,1261,3,50,0,4,6,0,0,0,1,1,1,0,0,1,2,1,1,1,21,5,3,0,0,0,0,0,9,1,3
3,2,5,0,14,0,0,0,0,0,0,1,1,2,1,46,8,1598,1,8,1,1,2,249891,58315,50,2,1,3,583,4,3413,6,30,0,4,6,0,0,0,1,1,1,0,0,2,1,1,1,1,46,8,3,0,0,0,0,0,5,1,1
3,1,9,0,14,0,0,0,0,0,0,3,1,6,1,42,7,1598,2,4,1,1,2,518240,188900,1,2,1,5,28,3,4006,6,30,0,4,6,0,0,0,4,1,1,0,0,1,1,1,1,1,42,7,3,0,0,0,0,0,9,1,4
2,1,8,0,6,0,0,0,0,0,0,3,1,1,1,27,6,1762,1,15,1,1,2,387060,406410,6,2,1,3,106,3,664,6,30,0,4,6,0,0,8,1,1,1,0,0,1,1,1,1,1,33,6,3,0,0,0,0,0,9,1,5
2,1,9,0,9,0,6,0,0,0,0,3,1,6,1,26,6,1956,2,8,1,4,4,394410,406160,6,4,4,6,104,3,672,6,30,3,4,6,0,0,0,4,1,2,0,0,1,1,4,2,1,31,6,3,0,0,2,0,0,9,1,7
2,1,9,0,7,0,5,0,0,0,0,0,1,6,3,38,7,1598,1,8,1,1,2,560765,98686,47,2,1,6,551,6,0,2,30,3,4,6,0,0,0,1,1,2,0,0,1,2,1,1,1,33,6,3,0,0,0,0,0,9,1,5
3,1,9,0,18,0,8,0,0,0,0,1,1,6,1,40,7,1590,1,10,1,5,2,485054,238935,43,2,5,6,479,5,157,3,30,6,2,6,8106,0,0,1,2,2,0,0,1,1,1,1,1,33,6,3,0,0,0,0,0,9,1,5
3,1,9,0,18,0,4,0,0,0,0,3,1,6,2,31,6,1984,2,6,1,1,2,275798,657489,97,2,1,7,932,3,723,1,30,1,4,6,0,0,0,1,1,1,0,0,1,2,1,1,2,31,6,3,0,0,0,0,0,9,1,5
3,2,2,0,18,0,8,0,0,0,0,4,1,6,1,26,6,109,1,2,1,1,2,511730,181970,1,2,1,6,26,3,312,1,40,1,4,5,0,0,0,4,1,1,0,0,1,1,1,1,1,26,6,3,0,0,0,0,0,2,1,2
3,1,9,0,5,0,0,0,4,0,0,1,1,6,2,38,7,1398,1,3,1,1,2,409710,282920,20,2,1,7,300,3,34,6,30,0,4,6,0,0,0,1,1,1,0,0,1,2,1,1,1,33,6,3,0,0,0,0,0,9,1,5
2,1,9,0,17,0,0,2,10,1,4,1,1,6,1,21,5,1968,2,4,1,2,1,402550,292900,20,1,2,1,305,6,0,6,30,0,4,6,0,0,0,6,1,1,0,0,2,1,1,1,1,21,5,2,0,0,0,0,0,9,1,1
3,1,9,0,18,0,1,0,0,0,0,1,1,6,1,65,9,1685,2,1,1,2,2,468436,173200,43,2,2,1,472,6,7201,6,30,3,4,6,7201,0,0,1,1,1,0,0,1,1,1,1,1,33,6,3,0,0,0,0,0,9,1,5
3,4,9,0,2,0,1,0,0,0,0,4,1,6,2,49,8,2987,2,4,2,2,4,336218,395727,5,4,2,4,91,6,0,6,30,3,4,6,0,0,5,1,1,1,0,0,1,1,1,1,1,33,6,3,0,0,0,0,0,9,1,5
3,1,9,0,10,0,1,0,0,0,0,2,1,6,2,35,6,1997,2,7,1,1,2,459783,99646,44,2,1,3,493,4,3333,6,30,3,4,6,0,0,0,1,1,1,0,0,1,1,1,1,2,35,6,3,0,0,0,0,0,9,1,7
3,1,1,0,15,0,1,0,0,0,0,1,1,2,1,30,6,1598,1,8,1,2,1,528750,183730,1,1,2,6,2,3,4201,6,30,3,4,6,0,0,0,1,2,2,0,0,1,1,1,1,1,30,6,3,0,0,0,0,0,1,1,2
3,2,90,0,18,0,0,0,0,0,0,2,1,2,2,57,9,1598,1,8,3,1,2,526977,119197,47,2,1,1,563,3,23,3,70,0,4,6,0,0,0,1,1,1,0,0,2,1,1,1,1,33,6,3,0,0,0,0,0,9,1,5
3,1,9,0,5,0,1,0,0,0,0,1,1,6,1,50,8,1398,1,4,1,1,2,324130,674250,95,2,1,4,923,6,0,6,30,3,4,3,90,0,0,1,1,1,0,0,1,1,1,1,1,33,6,3,0,0,0,0,0,9,1,5
3,2,3,0,9,0,8,0,0,0,0,4,1,6,1,40,7,125,1,1,1,1,2,528850,187220,1,2,1,7,3,4,519,6,30,6,2,4,540,0,5,1,1,1,0,0,1,1,1,1,1,40,7,3,0,0,0,0,0,3,1,5
3,2,9,0,3,0,1,0,11,0,0,2,1,1,1,66,10,1896,2,7,1,1,2,383410,432370,4,2,1,5,72,6,0,6,30,3,4,6,0,0,0,1,1,1,0,2,1,1,1,1,1,66,10,3,0,0,0,0,0,9,1,5
3,1,9,0,18,0,1,0,0,0,0,1,1,6,1,32,6,1339,8,7,1,1,2,536880,185060,1,2,1,5,4,3,106,6,30,3,2,5,0,0,5,1,1,1,0,0,1,1,1,1,1,33,6,3,0,0,0,0,0,9,1,5
3,1,9,0,11,0,0,0,0,0,0,3,1,6,3,38,7,1598,1,8,1,1,2,501143,167666,45,2,1,2,514,1,3,3,40,0,4,6,0,0,0,7,1,4,4,0,2,1,1,1,1,33,6,3,0,0,0,0,0,9,1,5
3,2,9,0,18,0,2,0,0,0,0,2,1,6,2,51,8,1390,2,10,2,2,4,497135,371588,32,4,2,6,352,4,1273,6,30,6,2,4,1308,0,4,1,1,1,0,0,1,1,1,2,2,30,6,3,0,0,1,0,0,9,1,6
3,2,21,1,5,0,8,0,0,0,0,1,1,1,1,50,8,12900,2,6,1,1,2,532950,212670,41,2,1,4,432,3,414,1,30,1,4,6,523,0,7,1,1,1,0,0,1,1,1,1,1,33,6,3,0,0,0,0,0,9,1,5
3,2,9,0,7,0,5,0,0,0,0,4,1,6,1,65,9,1995,1,13,2,1,2,457264,369140,31,2,1,6,344,6,0,6,40,8,4,6,0,0,0,1,1,1,0,0,2,1,1,1,1,33,6,3,0,0,0,0,0,9,1,5
3,1,9,0,18,0,8,0,0,0,0,1,1,6,1,33,6,2993,2,1,1,1,2,534070,186590,1,2,1,5,4,5,0,6,30,3,4,4,111,0,0,4,1,1,0,0,1,1,1,1,1,33,6,3,0,0,0,0,0,9,1,5
3,2,9,0,18,0,8,0,0,0,0,1,1,6,2,53,8,1242,1,16,1,2,2,515550,193650,1,2,2,5,29,3,4140,6,30,3,4,6,0,0,0,1,1,2,0,0,2,1,2,2,2,54,8,3,0,0,1,0,0,9,1,5
3,2,8,0,18,1,1,0,0,0,0,1,1,1,3,38,7,2664,2,14,1,2,2,435066,387284,14,2,2,3,215,5,706,6,30,6,2,6,0,0,0,1,1,1,0,0,1,2,2,2,2,18,4,3,0,0,2,0,0,8,1,8
3,3,9,0,18,0,0,0,0,0,0,1,1,6,2,25,5,1997,2,8,1,6,3,506664,221215,40,3,6,7,424,1,1,3,70,0,4,6,0,0,0,1,1,1,0,0,2,1,3,1,2,25,5,3,0,0,0,0,0,9,1,3
2,2,1,0,18,0,0,0,0,0,0,3,1,6,2,60,9,1598,1,8,3,2,3,396920,258080,22,3,2,7,277,6,0,6,60,0,4,6,0,0,0,1,1,1,0,0,2,2,2,1,2,60,9,3,0,0,0,0,0,1,3,6
3,1,9,0,18,0,0,0,0,0,0,1,1,1,1,47,8,1686,2,9,1,1,2,366900,310760,22,2,1,2,284,3,5223,6,40,0,4,6,0,0,0,1,2,2,0,0,2,1,1,1,1,33,6,3,0,0,0,0,0,9,1,5
2,1,9,0,18,0,0,1,0,7,11,1,1,6,1,18,4,1910,2,10,3,3,1,98230,747309,97,1,3,7,913,4,8068,6,60,0,4,6,0,0,0,6,5,2,0,0,2,1,1,2,2,17,4,2,0,0,2,0,0,9,1,5
3,1,9,0,18,0,1,0,0,0,0,1,1,6,2,19,4,998,1,9,1,1,2,560631,177810,42,2,1,6,462,6,0,6,30,3,4,6,0,0,1,1,1,1,0,0,1,1,1,1,1,33,6,3,0,0,0,0,0,9,1,5
3,2,9,0,18,0,2,0,0,0,0,2,1,6,1,45,7,2488,2,6,1,1,2,436519,566799,10,2,1,7,149,3,194,6,30,3,2,6,3170,0,4,1,1,1,0,0,1,1,1,1,1,45,7,3,0,0,0,0,0,9,1,2
3,2,9,0,4,0,0,0,0,0,0,2,1,6,2,29,6,1399,2,5,1,4,4,343331,383872,5,4,4,2,91,3,561,3,40,0,4,6,0,0,0,4,2,2,0,0,2,1,3,2,2,1,1,3,0,0,2,0,0,9,1,1
3,1,5,0,18,0,1,0,0,0,0,1,1,6,1,34,6,599,1,3,2,1,2,621417,307370,36,2,1,4,404,3,140,6,30,3,4,6,0,0,0,1,8,2,0,0,1,2,1,1,1,34,6,3,0,0,0,0,0,5,2,9
3,1,9,0,18,0,0,2,0,0,10,1,1,6,1,18,4,1242,1,10,1,2,1,343490,432590,4,1,2,6,74,6,0,6,60,0,4,6,0,0,0,1,1,1,0,0,2,1,2,2,1,18,4,3,0,0,1,0,0,9,1,2
3,1,1,0,18,9,1,0,0,0,0,1,1,6,1,16,4,1598,1,8,3,1,2,583667,112334,47,2,1,7,555,6,0,6,30,3,4,6,0,0,0,1,1,1,0,0,1,2,1,1,1,16,4,3,0,0,0,0,0,1,3,5
3,1,9,0,4,0,0,0,0,0,0,2,1,6,3,38,7,1956,2,1,1,3,3,512420,177790,1,3,3,5,25,1,4,3,70,0,4,6,0,0,0,4,5,2,0,0,1,1,1,1,1,33,6,3,0,0,0,0,0,9,1,5
3,1,9,0,9,0,8,0,0,0,0,4,1,6,2,25,5,1242,1,3,1,1,2,546970,168060,1,2,1,1,19,3,224,3,30,3,4,6,0,0,4,1,1,1,0,0,1,1,1,1,2,25,5,3,0,0,0,0,0,9,1,9
3,1,9,0,9,0,8,0,0,0,0,1,1,6,1,29,6,1896,2,14,1,2,2,393680,299920,20,2,2,2,309,6,0,6,30,3,2,6,0,0,0,1,1,1,0,0,1,1,2,2,1,26,6,3,0,0,1,0,0,9,1,5
3,1,1,0,18,0,8,0,0,0,0,3,1,6,1,33,6,1598,1,8,1,1,2,359843,174547,52,2,1,4,601,4,4052,1,20,2,4,6,0,0,8,1,1,1,0,0,1,1,1,1,1,33,6,3,0,0,0,0,0,1,1,1
3,1,9,0,17,0,0,0,0,0,0,4,1,1,2,22,5,1124,1,15,2,2,1,230286,80572,50,1,2,7,596,6,0,6,60,0,4,6,0,0,0,6,1,1,0,0,2,1,2,2,2,20,4,3,0,0,1,0,0,9,2,4
2,1,19,0,14,0,1,0,8,0,0,1,1,1,1,51,8,2198,2,1,1,1,2,529370,181320,1,2,1,4,1,3,40,2,30,6,2,5,0,0,5,4,1,1,0,0,1,1,1,1,1,33,6,3,0,0,0,0,0,9,1,5
3,1,19,0,18,0,0,0,0,0,0,0,1,6,1,67,10,1753,2,12,1,1,3,451690,377030,30,3,1,3,321,3,619,6,50,0,4,6,0,0,0,1,1,1,0,0,2,1,1,1,1,33,6,3,0,0,0,0,0,9,1,5
3,2,1,0,18,0,1,0,0,0,0,1,1,2,1,47,8,1598,1,8,1,1,2,391892,233996,53,2,1,5,625,5,88,6,30,3,4,5,368,0,0,1,1,1,0,0,1,1,1,1,1,47,8,3,0,0,0,0,0,1,1,4
3,2,9,0,18,0,0,0,0,0,0,2,1,1,1,57,9,1390,1,1,1,1,2,430236,433914,13,2,1,1,204,6,0,6,30,0,4,6,0,0,0,1,1,1,0,6,1,2,1,1,1,57,9,3,0,0,0,0,0,9,1,5
3,1,5,0,16,0,0,0,0,7,0,1,1,6,1,43,7,1198,1,6,1,1,2,252588,113705,50,2,1,7,588,3,386,6,60,0,4,6,0,0,0,1,1,1,0,0,2,1,1,1,1,43,7,3,0,0,0,0,0,5,1,6
3,1,3,0,18,2,1,1,10,1,4,0,1,1,1,27,6,85,1,7,1,1,2,532200,176930,1,2,1,2,8,3,202,6,30,3,4,6,0,0,0,1,1,1,0,0,1,1,1,1,1,33,6,3,0,0,0,0,0,9,1,5
3,1,9,0,16,0,0,1,0,1,9,1,1,2,2,19,4,1149,1,13,1,1,1,522688,242397,40,1,1,1,424,5,184,6,60,0,4,6,0,0,0,1,1,2,0,0,2,1,1,1,2,19,4,3,0,0,0,0,0,9,1,10
3,2,9,0,18,0,8,0,0,7,2,1,1,6,1,26,6,1991,1,8,1,6,3,430942,435672,13,3,6,5,204,5,0,6,30,3,4,6,0,0,0,4,2,2,0,0,1,1,2,1,1,26,6,3,0,0,0,0,0,9,1,6
3,2,5,0,17,0,8,0,0,0,0,3,1,6,1,24,5,689,1,8,1,2,2,577637,168358,46,2,2,3,544,3,231,6,30,3,4,6,0,0,0,4,1,1,0,0,1,1,1,1,1,24,5,3,0,0,0,0,0,5,1,8
3,2,11,0,3,0,0,0,0,0,0,2,1,1,1,62,9,8268,2,12,1,17,2,540570,191470,1,2,17,3,14,3,1009,6,30,0,4,6,0,0,0,1,1,1,0,0,1,1,7,2,1,55,8,3,0,0,0,4,0,11,1,2
3,1,3,0,18,0,1,1,0,0,0,1,1,6,1,38,7,124,1,1,1,1,1,535520,186030,1,1,1,7,4,5,0,6,30,6,4,5,0,0,1,4,1,1,0,0,1,1,1,3,2,59,9,3,1,1,0,0,2,0,1,2
3,2,5,0,18,0,8,0,0,1,0,3,1,6,1,28,6,600,1,10,1,1,2,474419,172016,43,2,1,4,475,4,3350,6,30,6,2,3,329,0,5,4,1,1,0,0,1,1,1,1,1,28,6,3,0,0,0,0,0,5,1,7
3,1,9,0,4,0,1,0,0,0,0,1,1,6,2,34,6,1598,1,8,1,1,2,337398,367311,60,2,1,7,724,3,548,6,50,3,4,6,0,0,0,1,1,1,0,0,2,1,1,2,1,8,2,3,0,0,2,0,0,9,1,5
3,2,1,0,18,0,8,0,0,0,0,4,1,2,1,54,8,1598,1,8,3,1,2,582381,213427,42,2,1,6,451,6,0,1,40,2,4,4,1018,0,0,1,1,1,0,0,1,1,1,1,1,54,8,3,0,0,0,0,0,1,3,9
3,1,9,0,18,0,8,0,0,0,0,2,1,6,1,41,7,1797,8,3,1,4,2,511050,180900,1,2,4,3,26,3,4020,1,30,1,4,3,312,0,0,1,1,1,0,0,1,2,1,1,1,41,7,3,0,0,0,0,0,9,1,3
3,2,9,0,18,0,0,0,0,0,0,3,1,6,2,23,5,1360,1,12,1,1,2,550440,187300,1,2,1,2,15,3,124,6,30,0,4,6,0,0,0,1,2,2,0,0,1,1,1,1,1,33,6,3,0,0,0,0,0,9,1,5
3,1,20,0,13,0,1,0,0,0,0,4,1,1,1,39,7,5193,2,3,1,1,2,530200,179230,1,2,1,3,1,3,3212,6,30,3,4,6,0,0,1,1,1,1,0,0,1,1,1,1,1,33,6,3,0,0,0,0,0,9,1,5
3,1,9,0,9,0,5,0,0,0,0,3,1,6,1,71,10,2231,2,8,3,2,2,400190,276670,20,2,2,3,300,4,4120,3,30,3,4,6,0,0,0,4,1,1,0,0,1,1,1,1,1,71,10,3,0,0,0,0,0,9,3,9
3,2,9,0,2,0,1,0,0,0,0,3,1,6,1,55,8,1700,2,17,1,1,2,359280,172714,52,2,1,5,601,6,0,9,20,3,4,4,4053,0,8,1,1,1,0,0,1,1,1,1,1,33,6,3,0,0,0,0,0,9,1,5
3,2,9,0,18,0,3,0,0,0,0,1,1,1,1,26,6,1560,2,2,1,2,3,559870,174050,46,3,2,1,532,6,2772,6,30,2,4,6,0,0,0,4,2,2,0,0,1,1,1,1,1,26,6,3,0,0,0,0,0,9,1,2
3,2,9,0,4,0,0,0,0,0,0,2,1,6,1,43,7,1590,1,10,2,3,3,447814,192472,43,3,3,6,483,3,34,3,70,0,4,6,0,0,0,1,1,1,4,0,2,1,1,1,1,43,7,3,0,0,0,0,0,9,2,7
2,3,9,0,2,6,0,0,0,0,0,3,1,6,1,51,8,1197,1,1,2,1,3,374531,477783,12,3,1,6,180,4,6255,6,60,0,4,6,0,0,0,1,1,1,0,0,2,1,1,1,1,33,6,3,0,0,0,0,0,9,1,5
3,2,9,0,10,0,1,0,0,0,0,2,1,6,2,26,6,1896,2,6,1,3,2,354990,429360,4,2,3,2,79,3,6,3,30,3,2,3,59,0,0,4,1,2,0,0,1,1,2,2,1,9,2,3,0,0,2,0,0,9,1,2
3,2,8,0,4,0,0,0,0,0,0,2,1,1,1,58,9,1598,1,8,1,3,3,556247,104724,47,3,3,7,556,3,27,7,60,0,4,6,0,0,0,1,1,1,0,0,2,1,1,1,1,33,6,3,0,0,0,0,0,9,1,5
3,1,9,0,4,0,8,0,0,0,0,2,1,6,2,29,6,1149,1,6,1,3,2,530320,168300,1,2,3,7,22,5,0,6,30,3,4,6,0,0,0,4,2,2,0,0,1,1,3,2,2,36,7,3,0,0,2,0,0,9,1,5
3,1,9,0,18,0,1,0,0,0,0,4,1,6,1,59,9,1598,1,8,1,1,1,589531,185945,42,1,1,4,460,3,13,6,30,3,4,6,0,0,0,1,1,1,0,0,1,1,1,3,2,20,4,3,5,1,0,0,0,0,1,2
2,2,9,0,9,0,8,0,0,0,0,4,1,6,2,50,8,1595,1,8,1,3,2,385030,388370,6,2,3,7,109,3,560,3,40,6,2,3,34,0,5,4,1,1,0,0,1,1,2,2,1,58,9,2,0,0,2,0,0,9,1,6
3,2,9,0,18,0,8,0,0,0,0,4,1,6,1,31,6,1560,2,3,1,2,2,335425,393122,5,2,2,5,91,6,0,6,30,6,2,3,5050,0,5,1,1,1,0,0,1,1,2,2,1,40,7,3,0,0,1,0,0,9,1,1
3,1,9,0,9,0,0,0,0,1,11,1,1,6,1,30,6,1560,2,1,1,4,1,353052,385504,7,1,4,5,124,6,0,6,30,0,4,6,0,0,0,4,2,2,0,0,1,1,1,1,1,30,6,3,0,0,0,0,0,9,1,2
3,1,90,5,18,0,0,0,0,0,0,0,1,6,1,66,10,1598,1,8,1,1,2,583430,150280,46,2,1,5,536,5,83,6,60,0,4,6,0,0,0,1,1,1,0,0,2,1,1,1,1,66,10,3,0,0,0,0,0,90,1,5
3,4,9,0,18,0,0,0,0,0,0,2,1,6,1,70,10,1368,1,5,1,2,4,413858,416740,13,4,2,5,203,6,0,6,30,0,4,6,0,0,0,1,1,1,0,0,1,1,2,2,2,52,8,3,0,0,1,0,0,9,1,1
3,1,9,0,18,0,8,0,0,0,0,4,1,6,2,30,6,1560,2,5,1,2,2,542500,182780,1,2,2,7,17,6,0,6,30,6,4,6,0,0,0,4,2,2,0,0,1,1,1,2,1,13,3,3,0,0,2,0,0,9,1,3
3,1,9,0,5,0,0,0,0,0,0,1,1,6,1,82,11,3199,1,16,1,1,1,539000,174580,1,1,1,4,7,6,0,6,30,0,4,6,0,0,0,1,1,1,0,0,1,1,1,3,2,19,4,3,5,1,0,0,2,0,1,7
2,2,97,0,18,0,1,0,0,0,0,1,1,2,2,53,8,49,1,19,3,1,2,466000,135773,44,2,1,4,497,6,0,6,30,6,4,6,0,0,0,6,2,2,0,0,2,1,1,1,2,53,8,2,0,0,0,0,0,97,3,7
3,2,5,0,17,0,8,0,0,0,0,4,1,6,1,56,9,748,1,5,1,1,2,527780,175540,1,2,1,4,10,3,3220,6,30,6,2,3,3036,0,5,1,1,1,0,0,1,1,1,1,1,56,9,3,0,0,0,0,0,5,1,5
3,1,19,0,16,0,0,1,0,0,0,1,1,6,1,36,7,1995,2,5,1,2,2,360572,371181,7,2,2,1,130,5,608,6,30,0,4,6,0,0,0,1,1,1,0,0,2,1,1,1,1,36,7,3,0,0,0,0,0,19,1,4
3,1,9,0,9,0,2,0,0,0,0,1,1,1,1,67,10,1598,1,8,1,3,2,318091,196581,61,2,3,7,731,6,0,6,30,3,4,4,4,0,0,1,1,1,0,0,1,1,1,1,1,33,6,3,0,0,0,0,0,9,1,5
3,1,9,0,18,0,0,0,0,0,0,1,1,3,2,68,10,1598,1,7,1,1,1,400990,287320,20,1,1,5,305,6,0,6,30,0,4,6,0,0,0,1,1,1,0,0,1,1,1,3,1,13,3,3,5,1,0,0,0,0,1,3
3,1,9,0,9,0,6,0,0,0,0,4,1,6,2,29,6,1968,2,11,1,1,2,333670,442970,4,2,1,5,85,4,5268,6,30,3,4,6,0,0,0,1,1,1,0,0,1,1,1,1,1,33,6,3,0,0,0,0,0,9,1,5
3,2,9,0,5,0,0,0,0,0,0,3,1,6,2,38,7,1296,1,9,1,1,2,522120,184830,1,2,1,7,28,6,0,2,30,0,4,6,0,0,0,1,1,1,0,0,1,2,1,1,1,33,6,3,0,0,0,0,0,9,1,5
2,1,9,0,9,0,2,0,0,0,0,3,1,2,1,36,7,1968,2,6,1,1,2,293967,73597,50,2,1,7,585,6,0,6,30,3,4,6,0,0,0,4,1,1,0,0,1,2,1,1,1,33,6,3,0,0,0,0,0,9,1,5
3,1,9,0,5,0,1,0,0,0,0,1,1,6,2,81,11,1798,1,8,1,1,1,459926,341326,31,1,1,2,343,4,686,6,30,3,4,6,0,0,4,1,1,1,0,0,1,1,1,3,2,6,2,3,1,3,0,0,0,0,1,5