accident_severity,vehicle_reference,vehicle_type,towing_and_articulation,vehicle_manoeuvre,vehicle_location-restricted_lane,junction_location,skidding_and_overturning,hit_object_in_carriageway,vehicle_leaving_carriageway,hit_object_off_carriageway,1st_point_of_impact,was_vehicle_left_hand_drive?,journey_purpose_of_driver,sex_of_driver,age_of_driver,age_band_of_driver,engine_capacity_(cc),propulsion_code,age_of_vehicle,driver_home_area_type,NUmber_of_Casualities_unique_to_accident_index,No_of_Vehicles_involved_unique_to_accident_index,location_easting_osgr,location_northing_osgr,police_force,number_of_vehicles,number_of_casualties,day_of_week,local_authority_(district),1st_road_class,1st_road_number,road_type,speed_limit,junction_detail,junction_control,2nd_road_class,2nd_road_number,pedestrian_crossing-human_control,pedestrian_crossing-physical_facilities,light_conditions,weather_conditions,road_surface_conditions,special_conditions_at_site,carriageway_hazards,urban_or_rural_area,did_police_officer_attend_scene_of_accident,casualty_reference,casualty_class,sex_of_casualty,age_of_casualty,age_band_of_casualty,casualty_severity,pedestrian_location,pedestrian_movement,car_passenger,bus_or_coach_passenger,pedestrian_road_maintenance_worker,casualty_type,casualty_home_area_type,casualty_imd_decile
3,1,5,0,18,0,0,1,4,1,1,1,1,6,1,31,6,675,1,7,1,1,2,452213,342574,31,2,1,1,346,6,0,6,30,0,4,6,0,0,0,1,1,2,6,0,1,1,1,1,1,31,6,3,0,0,0,0,0,5,1,1
3,1,9,0,7,0,6,0,0,0,0,1,1,2,1,30,6,1390,1,14,3,1,1,357579,815751,92,1,1,2,911,6,0,6,30,3,4,6,0,0,0,1,1,1,0,0,2,2,1,3,2,9,2,3,8,4,0,0,0,0,3,5
3,1,5,0,16,0,0,0,10,0,1,3,1,6,1,25,5,599,1,15,1,1,1,410178,405344,13,1,1,5,203,3,6024,6,60,0,4,6,0,0,0,1,1,1,0,0,2,1,1,1,1,25,5,3,0,0,0,0,0,5,1,1
3,3,9,0,16,0,0,1,0,1,0,0,1,6,2,69,10,1598,1,8,3,4,3,535096,353375,32,3,4,6,351,3,16,6,60,0,4,6,0,0,0,1,1,1,0,0,2,1,4,1,2,69,10,3,0,0,0,0,0,9,3,6
3,2,8,0,2,0,0,0,0,0,0,2,1,1,1,35,6,1968,2,6,1,2,2,418972,415408,13,2,2,1,203,3,642,6,40,0,4,6,0,0,8,1,1,1,0,0,2,1,2,1,1,35,6,3,0,0,0,0,0,8,1,2
3,4,9,0,3,0,0,0,0,0,0,2,1,2,2,38,7,1984,1,14,1,1,4,510580,177380,1,4,1,2,25,3,312,3,40,0,4,6,0,0,0,1,1,1,0,0,1,1,1,1,1,33,6,3,0,0,0,0,0,9,1,5
3,2,9,0,2,0,0,0,0,0,0,1,1,6,2,38,7,1598,2,5,1,1,5,248800,72860,50,5,1,4,589,6,0,3,30,0,4,6,0,0,0,4,5,2,0,0,1,1,1,1,1,33,6,3,0,0,0,0,0,9,1,5
3,1,8,0,18,0,0,0,0,0,0,1,1,2,1,43,7,1968,2,2,1,1,2,535750,200000,1,2,1,6,32,1,25,3,70,0,4,6,0,0,0,4,1,1,0,0,1,1,1,1,1,33,6,3,0,0,0,0,0,9,1,5
2,2,19,0,9,0,5,0,0,0,0,3,1,1,1,42,7,1968,2,2,1,1,2,416557,566726,10,2,1,3,147,4,6528,6,20,8,4,6,1269,0,0,1,1,1,0,0,2,1,1,1,1,33,6,3,0,0,0,0,0,9,1,5
1,2,9,0,18,0,0,0,0,1,11,1,1,6,2,39,7,2199,2,5,1,5,2,376291,824698,92,2,5,7,911,4,9001,6,60,0,4,6,0,0,0,6,1,1,0,0,2,1,3,2,1,39,7,2,0,0,1,0,0,9,1,5
2,1,19,0,11,0,8,0,0,0,0,4,1,6,3,38,7,1753,2,13,1,1,2,532270,180200,1,2,1,3,8,3,300,6,30,3,4,6,0,0,5,1,1,1,0,0,1,1,1,1,1,33,6,3,0,0,0,0,0,9,1,5
3,1,9,0,15,0,0,0,0,0,0,4,1,6,2,34,6,1598,1,8,1,1,1,276950,189413,62,1,1,4,743,3,48,6,30,0,4,6,0,0,0,1,1,1,0,0,1,1,1,3,1,35,6,3,6,5,0,0,0,0,3,5
2,3,9,0,18,0,7,0,0,0,0,1,1,6,1,32,6,1598,1,6,1,1,3,340197,397804,5,3,1,5,90,1,57,7,70,5,4,6,0,0,0,6,1,1,0,0,2,1,1,1,1,32,6,2,0,0,0,0,0,9,1,1
3,1,9,0,18,9,0,0,10,1,2,1,1,6,1,27,6,1598,2,4,1,1,1,636400,164930,46,1,1,7,541,3,255,6,40,0,4,6,0,0,8,1,1,1,0,0,1,1,1,1,1,27,6,3,0,0,0,0,0,9,1,4
2,2,1,0,18,0,1,5,0,0,0,0,1,2,1,47,8,1598,1,8,1,1,2,422345,434594,13,2,1,4,204,4,6157,6,30,3,4,6,0,0,0,1,1,1,0,0,1,2,1,1,1,47,8,2,0,0,0,0,0,1,1,6
3,3,9,0,3,0,0,0,0,0,0,2,1,6,2,27,6,1364,1,11,1,1,5,383110,276930,22,5,1,7,278,3,456,3,40,0,4,6,0,0,0,1,2,2,0,0,1,1,1,1,1,33,6,3,0,0,0,0,0,9,1,5
3,2,9,0,3,0,1,0,0,0,0,2,1,6,2,24,5,1560,2,3,1,2,2,519930,302240,35,2,2,6,394,3,47,1,70,1,4,3,15,0,0,1,1,1,0,0,2,2,2,2,1,25,5,3,0,0,1,0,0,9,1,5
3,2,9,0,2,0,2,0,0,0,0,2,1,6,1,30,6,2179,2,5,1,1,2,390660,410660,6,2,1,1,106,3,671,6,30,3,4,6,0,0,0,1,1,1,0,0,1,1,1,1,1,33,6,3,0,0,0,0,0,9,1,5
2,2,9,0,9,0,8,0,0,0,0,4,1,6,1,24,5,1796,1,7,1,1,2,475333,261064,34,2,1,1,384,3,508,3,30,6,2,3,428,0,5,1,1,1,0,0,1,1,1,1,1,33,6,3,0,0,0,0,0,9,1,5
3,2,1,0,18,0,1,0,0,0,0,2,1,2,1,45,7,1598,1,8,2,1,2,324829,216303,61,2,1,6,732,3,40,6,50,9,4,6,0,0,0,1,1,1,0,0,2,1,1,1,1,45,7,3,0,0,0,0,0,1,2,5
3,2,8,0,18,0,0,0,0,0,0,2,1,1,1,66,10,2499,2,1,1,8,4,529260,182330,1,4,8,3,2,3,501,3,50,0,4,6,0,0,0,1,1,1,0,0,1,1,7,2,1,3,1,3,0,0,2,0,0,8,1,4
3,2,5,0,18,0,2,0,0,0,0,1,1,1,1,49,8,599,1,11,1,1,2,199910,51679,50,2,1,5,596,3,390,6,30,3,4,6,0,0,0,1,1,1,0,0,2,1,1,1,1,49,8,3,0,0,0,0,0,5,1,2
3,1,9,0,18,0,8,0,0,0,0,3,1,6,2,82,11,973,1,14,1,1,2,574080,203395,42,2,1,6,454,3,130,1,70,1,2,3,12,0,0,1,1,2,0,0,2,1,1,1,1,33,6,3,0,0,0,0,0,9,1,5
3,1,9,0,18,0,0,0,0,0,0,1,1,6,1,83,11,1984,2,8,1,3,2,622720,135620,46,2,3,4,539,6,3907,6,30,0,4,6,0,0,0,1,1,1,0,0,1,1,2,2,2,77,11,3,0,0,1,0,0,9,1,7
3,2,9,0,2,0,2,0,0,0,0,3,1,6,2,38,7,2497,2,4,1,1,2,511587,430817,16,2,1,2,228,6,0,6,30,6,4,6,0,0,0,1,1,1,0,0,1,2,1,1,1,33,6,3,0,0,0,0,0,9,1,5
3,2,3,0,18,0,8,0,0,0,0,0,1,6,1,27,6,123,1,1,1,1,2,417883,416534,13,2,1,1,203,3,642,6,30,3,4,6,0,0,8,4,1,1,0,0,1,1,1,1,1,27,6,3,0,0,0,0,0,3,1,8
3,2,9,0,3,0,8,0,0,0,0,2,1,6,2,39,7,2494,1,16,1,2,2,433110,279410,20,2,2,7,302,4,4098,1,30,1,2,3,4053,0,0,4,9,1,0,0,1,2,1,1,2,39,7,3,0,0,0,0,0,9,1,1
3,1,9,0,4,0,0,0,0,0,0,1,1,6,2,40,7,1242,1,5,2,1,3,331740,666535,95,3,1,7,929,3,7,6,60,0,4,6,0,0,0,1,1,1,0,0,2,1,1,2,2,15,3,3,0,0,1,0,0,9,2,5
2,2,9,0,2,0,0,0,0,0,0,3,1,6,1,38,7,1229,1,9,1,1,2,436268,435078,13,2,1,6,204,6,0,6,30,0,4,6,0,0,0,1,1,1,0,0,1,1,1,1,1,33,6,3,0,0,0,0,0,9,1,5
3,3,9,0,12,0,3,0,0,0,0,0,1,6,3,38,7,1242,1,11,1,1,3,458211,304324,33,3,1,6,364,3,47,3,30,3,4,3,47,0,4,4,1,1,0,0,1,1,1,1,1,33,6,3,0,0,0,0,0,9,1,5
3,1,9,0,9,0,5,0,0,0,0,4,1,6,2,30,6,1199,1,11,1,1,2,504834,166040,45,2,1,6,514,3,317,6,30,8,4,6,0,0,0,1,1,1,0,0,1,1,1,1,2,30,6,3,0,0,0,0,0,9,1,6
3,1,9,0,5,0,6,0,0,0,0,3,1,6,1,24,5,1390,1,4,1,1,2,577220,155620,46,2,1,3,536,3,20,6,30,3,4,6,0,0,4,1,1,1,0,0,2,1,1,1,1,33,6,3,0,0,0,0,0,9,1,5
1,1,9,0,16,0,0,0,0,7,4,4,1,2,1,21,5,1598,1,8,3,1,1,421390,346400,30,1,1,3,329,3,517,6,50,0,4,6,0,0,0,1,1,1,0,0,2,1,1,1,1,21,5,1,0,0,0,0,0,9,3,8
3,2,4,0,18,0,1,0,0,0,0,1,1,6,1,53,8,535,1,19,1,1,2,580111,223264,42,2,1,7,451,3,120,3,40,3,4,6,0,0,0,5,1,1,0,0,2,1,1,1,1,53,8,3,0,0,0,0,0,4,1,9
3,2,9,0,4,0,8,0,0,0,0,2,1,6,1,38,7,1598,1,8,1,1,2,350930,471810,4,2,1,7,76,6,0,3,70,1,4,6,0,0,0,1,1,1,0,0,2,1,1,1,1,33,6,3,0,0,0,0,0,9,1,5
3,2,9,0,18,0,2,0,0,0,0,2,1,6,2,43,7,1796,1,10,1,1,2,470942,173003,43,2,1,2,472,3,4,6,30,3,4,6,7201,0,8,4,1,2,0,0,1,1,1,1,2,43,7,3,0,0,0,0,0,9,1,7
3,2,1,0,18,0,0,0,0,0,0,4,1,6,2,48,8,1598,1,8,1,1,2,578974,166645,46,2,1,3,544,3,2,3,40,0,4,6,0,0,4,1,2,2,0,0,1,1,1,1,2,48,8,3,0,0,0,0,0,1,1,3
3,2,9,0,18,0,1,0,0,0,0,1,1,6,1,20,4,1299,1,13,1,2,2,530580,185110,1,2,2,4,3,3,5203,6,30,3,2,3,5203,0,5,1,1,2,0,0,1,1,1,1,1,33,6,3,0,0,0,0,0,9,1,5
3,1,1,0,18,0,0,0,0,0,0,1,1,6,1,40,7,1598,1,8,1,2,1,509278,429057,16,1,2,3,228,6,0,2,20,0,4,6,0,0,0,1,2,2,0,0,1,1,2,3,2,66,10,3,5,1,0,0,0,0,1,1
3,1,9,0,18,0,0,0,0,0,0,1,1,6,1,38,7,1598,1,8,1,1,2,545887,208251,42,2,1,4,457,6,0,6,30,0,4,6,0,0,0,1,1,1,0,0,1,2,1,1,1,33,6,3,0,0,0,0,0,9,1,5
3,2,9,0,4,0,0,0,0,0,0,2,1,6,2,21,5,1598,1,8,1,3,3,325856,184113,61,3,3,7,733,1,4,3,70,0,4,6,0,0,0,1,1,1,0,0,2,1,3,2,2,22,5,3,0,0,1,0,0,9,1,2
3,2,9,0,6,0,0,0,0,0,0,3,1,6,2,21,5,1560,2,4,1,4,2,469977,172005,43,2,4,7,472,6,7201,6,30,0,4,6,0,0,0,1,1,1,0,0,1,1,4,2,2,21,5,3,0,0,1,0,0,9,2,6
2,1,9,0,9,0,5,0,0,0,0,0,1,6,2,28,6,1198,1,12,1,1,2,458557,338237,31,2,1,6,347,3,6520,6,30,8,4,6,0,0,0,1,1,1,0,0,1,1,1,1,1,33,6,3,0,0,0,0,0,9,1,5
2,1,9,0,18,0,0,0,0,0,0,1,1,2,1,47,8,1686,2,5,1,5,6,582973,214946,42,6,5,3,451,3,12,3,70,0,4,6,0,0,0,6,1,1,0,0,1,1,1,1,1,47,8,3,0,0,0,0,0,9,1,7
3,1,9,0,6,0,0,0,0,0,0,3,1,6,1,82,11,1956,2,2,1,1,2,231877,639405,97,2,1,7,931,3,737,3,40,0,4,6,0,0,0,1,1,1,0,0,1,1,1,1,1,33,6,3,0,0,0,0,0,9,1,5
3,2,90,0,17,0,0,0,0,1,0,1,1,1,1,68,10,1598,1,8,1,2,2,359799,85167,55,2,2,6,645,4,3167,6,50,0,4,6,0,0,0,1,1,1,0,0,2,1,2,1,1,68,10,3,0,0,0,0,0,90,1,5
3,1,9,0,4,0,0,0,0,0,0,2,1,2,2,52,8,1968,2,1,1,3,3,517780,178270,1,3,3,7,25,3,4,3,70,0,4,6,0,0,0,1,1,1,0,0,1,1,1,1,2,52,8,3,0,0,0,0,0,9,1,5
3,2,9,0,11,0,0,0,0,0,0,4,1,6,1,38,7,1598,1,10,1,1,2,549730,174290,1,2,1,1,18,3,2,3,50,0,4,6,0,0,0,1,1,1,0,0,1,2,1,1,1,33,6,3,0,0,0,0,0,9,1,5
3,1,11,0,18,0,2,0,5,0,0,4,1,3,1,61,9,9600,2,18,3,21,1,491140,335484,32,1,21,3,355,3,607,6,30,7,2,6,0,0,5,1,2,2,0,0,1,2,1,2,2,13,3,3,0,0,0,4,0,11,1,5
3,2,9,0,3,0,1,0,0,0,0,2,1,6,1,18,4,1242,1,8,3,1,2,492427,224779,40,2,1,4,424,3,4012,6,20,2,4,6,0,0,1,1,1,1,0,0,1,2,1,1,1,18,4,3,0,0,0,0,0,9,3,9
3,1,9,4,9,0,6,0,0,0,0,0,1,6,1,39,7,2720,2,7,1,1,2,619939,282858,36,2,1,7,406,5,356,6,30,3,4,6,0,0,0,1,1,1,0,0,2,2,1,1,1,33,6,3,0,0,0,0,0,9,1,5
2,2,9,0,2,0,0,0,0,0,0,1,1,1,3,38,7,1598,1,8,1,1,2,439553,114666,44,2,1,6,500,6,0,6,30,0,4,6,0,0,0,1,1,1,0,0,1,2,1,1,1,33,6,3,0,0,0,0,0,9,1,5
2,3,9,0,2,0,0,0,0,0,0,2,1,6,3,38,7,1149,1,11,1,2,7,320000,674430,95,7,2,5,923,6,0,6,30,0,4,6,0,0,0,4,1,1,0,0,1,1,1,1,1,33,6,3,0,0,0,0,0,9,1,5
3,1,9,0,17,0,0,0,0,1,7,1,1,6,1,24,5,1998,1,11,1,1,1,528880,178110,1,1,1,4,1,5,0,6,30,0,4,6,0,0,0,1,1,1,0,0,1,1,1,1,1,24,5,3,0,0,0,0,0,9,1,5
3,1,8,0,2,0,0,0,0,0,0,4,1,1,1,53,8,1896,2,8,1,1,2,496764,177134,43,2,1,7,474,6,740,6,30,0,4,6,0,0,0,1,1,1,0,0,1,2,1,1,1,33,6,3,0,0,0,0,0,9,1,5
3,2,9,0,18,0,6,0,0,0,0,3,1,6,1,26,6,2993,2,7,1,2,2,390820,403030,6,2,2,6,104,3,62,6,30,6,2,4,6189,0,5,1,1,1,0,0,1,1,2,2,2,36,7,3,0,0,1,0,0,9,1,5
3,1,9,0,9,0,0,0,0,7,0,1,1,6,1,62,9,1998,2,12,1,2,3,487853,400277,32,3,2,1,356,3,159,6,40,0,4,6,0,0,0,1,2,2,0,0,2,1,1,1,1,62,9,3,0,0,0,0,0,9,1,6
1,1,11,0,13,0,8,1,0,0,0,1,1,6,1,45,7,6370,2,7,1,1,2,425254,545485,11,2,1,3,169,4,6532,6,60,3,4,6,0,0,0,1,1,2,0,0,2,1,1,1,1,33,6,3,0,0,0,0,0,9,1,5
3,1,9,0,18,0,0,0,0,0,0,1,1,6,1,43,7,1896,2,11,1,6,2,544630,191360,1,2,6,7,14,5,0,6,30,0,4,6,0,0,0,1,1,1,0,0,1,1,6,3,1,2,1,3,5,9,0,0,2,0,1,5
3,1,9,0,4,0,1,0,0,0,0,1,1,6,2,40,7,1868,2,16,1,8,4,356242,396990,5,4,8,1,92,3,599,6,30,3,2,6,0,0,5,1,1,1,0,0,1,1,1,1,2,40,7,3,0,0,0,0,0,9,1,6
3,1,8,0,9,0,2,0,0,0,0,1,1,1,1,30,6,1956,2,8,1,1,1,530780,182840,1,1,1,6,3,3,501,2,30,3,2,3,201,0,5,1,2,2,0,0,1,1,1,3,2,23,5,3,1,3,0,0,2,0,1,2
3,2,9,0,18,0,8,0,0,0,0,1,1,6,1,34,6,1598,1,13,1,1,2,538980,190170,1,2,1,3,13,3,503,6,30,3,4,6,0,0,0,1,5,2,0,0,1,1,1,1,1,33,6,3,0,0,0,0,0,9,1,5
3,5,1,0,18,0,0,0,0,0,0,0,1,6,3,38,7,1598,1,8,1,2,5,368885,88573,55,5,2,2,645,5,126,6,60,0,4,6,0,0,0,1,1,1,0,0,2,1,1,1,1,33,6,3,0,0,0,0,0,9,1,5
2,3,9,0,10,0,6,0,0,0,0,3,1,6,2,68,10,1198,1,1,1,2,3,524448,160333,45,3,2,5,513,3,2022,6,30,3,4,6,0,0,0,1,1,1,0,0,1,1,1,1,1,33,6,3,0,0,0,0,0,9,1,5
3,2,9,0,16,0,8,0,4,0,0,1,1,6,1,42,7,1598,1,8,1,2,3,434148,563972,10,3,2,7,149,6,3089,6,30,3,4,6,3089,0,0,4,1,2,0,0,1,1,2,1,1,42,7,3,0,0,0,0,0,9,1,2
3,2,19,0,1,0,0,0,0,0,0,2,1,1,1,38,7,2148,2,8,1,1,2,534360,170250,1,2,1,3,19,5,0,6,30,0,4,6,0,0,0,1,1,1,0,0,1,1,1,1,1,33,6,3,0,0,0,0,0,9,1,5
3,2,9,0,7,0,7,0,0,0,0,1,1,6,1,20,4,1242,1,4,1,3,3,328273,570137,98,3,3,7,917,4,7076,6,60,5,4,2,74,0,0,1,2,2,0,0,2,1,3,2,2,17,4,3,0,0,2,0,0,9,1,6
3,2,9,0,18,0,0,0,0,0,0,0,1,6,3,38,7,1753,2,9,1,1,3,344460,391082,5,3,1,4,90,6,0,6,20,0,4,6,0,0,0,1,1,1,0,0,1,2,1,1,1,33,6,3,0,0,0,0,0,9,1,5
3,1,9,0,18,0,8,0,0,0,0,1,1,6,2,30,6,1798,1,8,1,1,2,495990,182254,43,2,1,3,473,3,355,6,30,3,4,6,7302,0,0,1,1,1,0,0,1,2,1,1,1,33,6,3,0,0,0,0,0,9,1,5
3,1,9,0,9,0,6,0,0,0,0,1,1,1,1,61,9,1995,2,4,1,2,2,630930,141080,46,2,2,1,533,6,3310,6,30,3,4,6,0,0,0,1,1,1,0,0,1,1,1,1,1,61,9,3,0,0,0,0,0,9,1,1
2,1,9,0,9,0,5,0,0,0,0,1,1,5,1,74,10,1200,1,8,3,1,1,427905,254523,23,1,1,7,293,3,429,6,30,3,4,6,0,0,0,4,5,2,0,0,2,1,1,3,2,92,11,2,5,3,0,0,0,0,1,10
3,1,2,0,9,0,3,1,0,0,0,3,1,6,1,17,4,125,1,1,1,1,1,601172,228272,42,1,1,3,455,6,0,6,30,2,4,6,0,0,0,1,1,2,0,0,1,1,1,1,1,17,4,3,0,0,0,0,0,2,1,2
2,2,9,0,18,0,2,0,0,0,0,1,1,6,3,38,7,1598,1,8,1,1,2,527390,170060,1,2,1,3,22,6,0,6,30,3,4,6,0,0,0,1,1,1,0,0,1,1,1,1,1,33,6,3,0,0,0,0,0,9,1,5
3,1,9,0,18,0,1,0,0,0,0,1,1,2,1,18,4,1364,1,8,1,2,2,264048,662629,97,2,2,3,926,3,74,3,40,3,2,6,0,0,4,1,1,2,0,0,1,1,2,1,1,18,4,3,0,0,0,0,0,9,1,5
3,2,1,0,18,0,8,0,0,0,0,4,1,2,1,32,6,1598,1,8,1,1,2,424342,561653,10,2,1,5,146,4,1426,6,30,6,2,6,4155,0,0,1,4,1,0,0,1,1,1,1,1,32,6,3,0,0,0,0,0,1,1,10
3,2,11,0,17,0,0,0,0,0,0,0,1,1,1,55,8,9000,2,4,1,1,2,337670,504400,3,2,1,1,65,3,591,2,30,0,4,6,0,0,0,1,1,1,0,0,2,2,1,2,2,5,1,3,0,0,0,4,0,11,3,8
2,1,1,0,18,0,0,0,4,0,0,1,1,6,1,13,3,1598,1,8,3,1,2,463199,112161,44,2,1,2,502,6,0,6,40,0,4,6,0,0,0,6,1,1,0,0,2,2,1,1,1,13,3,2,0,0,0,0,0,1,3,8
3,3,11,0,18,0,2,0,0,0,0,2,1,1,1,50,8,6871,2,6,1,2,3,338148,394200,5,3,2,5,91,6,0,6,30,7,4,3,580,0,0,1,1,1,0,0,1,1,2,1,1,50,8,3,0,0,0,0,0,11,1,3
3,1,9,0,7,0,6,0,0,0,0,1,1,6,1,38,7,1229,1,7,1,1,1,531390,189600,1,1,1,6,31,3,504,6,30,3,4,6,0,0,1,1,1,2,0,0,1,1,1,3,1,28,6,3,4,1,0,0,2,0,1,2
2,1,9,0,18,0,0,0,0,0,0,3,1,6,1,48,8,1997,2,9,2,1,2,439516,412929,13,2,1,3,206,6,0,6,60,0,4,6,0,0,0,6,7,2,0,0,2,1,1,1,1,48,8,2,0,0,0,0,0,9,2,3
3,2,9,0,2,0,0,0,0,0,0,1,1,6,3,38,7,1598,1,8,1,1,2,577979,188513,42,2,1,3,453,6,0,6,30,0,4,6,0,0,0,4,1,1,0,0,1,2,1,1,1,33,6,3,0,0,0,0,0,9,1,5
3,1,9,0,7,0,8,0,0,0,0,1,1,2,2,23,5,1149,1,11,1,1,2,514340,175900,1,2,1,3,25,3,315,6,30,3,2,5,0,0,5,1,1,1,0,0,1,1,1,1,2,23,5,3,0,0,0,0,0,9,1,5
3,1,19,0,18,0,0,0,0,1,9,1,1,2,1,20,4,1598,1,8,1,1,1,539430,299940,35,1,1,2,392,3,141,6,50,0,4,6,0,0,0,1,1,1,0,0,2,1,1,1,1,20,4,3,0,0,0,0,0,19,1,5
3,2,9,0,1,0,5,0,0,0,0,4,1,6,1,39,7,1753,2,7,1,1,2,440810,372130,30,2,1,2,322,5,12,6,30,8,4,6,0,0,0,1,1,1,0,3,1,2,1,1,1,33,6,3,0,0,0,0,0,9,1,5
2,2,9,0,18,0,0,0,0,0,0,2,1,6,1,40,7,1956,2,5,1,1,2,342465,395627,5,2,1,2,90,1,57,3,70,0,4,6,0,0,0,1,1,2,0,0,2,1,1,1,1,33,6,3,0,0,0,0,0,9,1,5
3,1,9,0,1,0,1,0,0,0,1,2,1,6,2,31,6,1598,1,6,1,3,2,391530,403390,6,2,3,5,104,5,0,6,30,3,2,5,0,0,5,7,1,1,0,0,1,1,1,1,1,33,6,3,0,0,0,0,0,9,1,5
3,1,9,0,18,0,8,0,0,0,0,1,1,6,3,38,7,1199,1,11,1,1,2,547590,187930,1,2,1,5,14,6,0,6,30,6,4,6,0,0,0,4,1,1,0,0,1,1,1,1,1,33,6,3,0,0,0,0,0,9,1,5
3,1,9,0,18,0,0,0,0,0,0,3,1,6,3,38,7,1598,1,8,1,2,2,555120,159020,46,2,2,5,538,6,1483,6,30,0,4,6,0,0,0,7,1,1,0,0,2,2,1,1,1,33,6,3,0,0,0,0,0,9,1,5
3,2,9,0,9,0,2,0,0,0,0,1,1,6,1,23,5,1242,1,3,1,1,2,511110,190450,1,2,1,4,29,6,0,6,30,3,4,6,0,0,0,1,2,2,0,0,1,2,1,1,1,33,6,3,0,0,0,0,0,9,1,5
3,2,9,0,5,0,6,0,0,0,0,1,1,6,2,19,4,1149,1,13,1,1,2,444890,344930,30,2,1,3,320,3,6007,6,40,3,4,6,0,0,0,1,1,1,4,0,1,1,1,1,1,33,6,3,0,0,0,0,0,9,1,5
3,2,9,0,12,0,0,0,0,0,0,3,1,6,1,38,7,1956,2,3,1,1,2,537530,182890,1,2,1,2,5,3,11,3,30,0,4,6,0,0,0,4,2,2,0,0,1,2,1,1,1,33,6,3,0,0,0,0,0,9,1,5
3,2,9,0,3,0,1,0,0,0,0,2,1,6,2,32,6,1796,1,16,1,3,3,349460,258870,22,3,3,6,285,6,0,6,30,1,4,4,4361,0,0,4,1,1,0,0,1,1,1,1,1,33,6,3,0,0,0,0,0,9,1,5
3,1,9,0,9,0,8,0,0,0,0,1,1,6,3,38,7,1598,1,8,1,1,2,390780,289670,20,2,1,4,303,6,0,6,30,3,4,6,0,0,0,4,5,2,0,0,1,1,1,1,1,33,6,3,0,0,0,0,0,9,1,5
3,1,11,0,10,0,4,0,0,0,0,0,1,1,1,37,7,4760,2,3,1,1,1,533460,103688,47,1,1,4,565,4,2137,1,20,1,4,4,2118,0,0,1,1,1,0,0,1,1,1,2,2,49,8,3,0,0,0,3,0,11,1,1
3,2,9,0,17,0,0,0,0,0,0,1,1,2,2,45,7,1870,2,6,1,1,3,471734,287053,33,3,1,4,363,3,4304,6,40,0,4,6,0,0,0,1,1,1,0,0,2,1,1,1,2,45,7,3,0,0,0,0,0,9,1,10
3,1,9,0,18,0,0,1,0,1,1,1,1,6,1,22,5,1999,1,10,1,2,1,413716,413042,13,1,2,4,203,3,616,6,40,0,4,6,0,0,0,1,1,1,0,0,2,1,2,2,2,20,4,3,0,0,1,0,0,9,1,5
3,2,9,0,9,0,8,0,0,0,0,4,1,6,1,34,6,1461,2,3,2,1,2,543850,164420,1,2,1,4,19,3,21,6,30,6,2,3,21,0,5,1,1,1,0,0,1,1,1,1,1,34,6,3,0,0,0,0,0,9,2,4
3,1,9,0,5,0,0,0,0,0,0,4,1,1,1,63,9,1995,2,1,1,1,1,374570,409440,6,1,1,4,100,3,58,3,30,0,4,6,0,0,4,1,1,1,0,0,1,2,1,3,1,30,6,3,2,1,0,0,2,0,1,5
3,3,19,0,18,0,0,0,0,0,0,3,1,1,1,33,6,6870,2,3,1,3,3,405652,451404,12,3,3,5,180,3,65,6,60,0,4,6,0,0,0,1,1,1,0,0,2,1,1,1,1,33,6,3,0,0,0,0,0,9,1,5
3,1,9,0,18,0,4,0,0,0,0,1,1,6,1,22,5,1999,1,7,1,1,2,336557,388607,5,2,1,3,91,4,5175,6,30,1,4,6,0,2,4,1,1,1,0,0,1,1,1,1,1,33,6,3,0,0,0,0,0,9,1,5
3,1,9,0,18,0,0,1,0,5,6,3,1,2,2,25,5,998,1,5,1,2,2,431003,286030,23,2,2,2,290,1,6,3,70,0,4,6,0,0,0,1,1,1,0,0,2,1,1,1,2,25,5,3,0,0,0,0,0,9,1,2
3,1,9,0,2,0,2,0,0,0,0,3,1,6,1,59,9,1596,1,13,1,1,2,547250,185720,1,2,1,2,16,3,124,6,30,3,4,6,0,0,0,4,1,1,0,0,1,2,1,1,1,33,6,3,0,0,0,0,0,9,1,5
3,2,9,0,18,0,8,0,0,0,0,1,1,2,1,23,5,1900,2,10,1,1,2,425223,437872,13,2,1,3,204,3,6120,6,30,3,4,6,0,0,0,1,1,2,0,0,1,1,1,1,1,23,5,3,0,0,0,0,0,9,1,10
3,1,9,0,18,0,0,0,0,0,0,3,1,6,2,19,4,1598,1,8,3,2,2,445402,163591,43,2,2,5,471,3,343,6,50,0,4,6,0,0,0,6,1,1,0,0,2,1,1,1,2,19,4,3,0,0,0,0,0,9,3,7
3,1,9,0,4,0,1,0,0,0,0,2,1,6,2,32,6,1398,2,4,1,2,2,448580,425834,12,2,2,7,187,3,162,7,30,3,4,5,345,0,0,1,2,2,0,0,2,1,1,1,2,32,6,3,0,0,0,0,0,9,1,1
2,1,3,0,9,0,8,0,0,0,0,1,1,6,1,22,5,124,1,1,1,1,2,522930,188580,1,2,1,2,30,3,41,3,30,6,2,5,0,0,5,1,1,1,0,0,1,1,1,1,1,22,5,2,0,0,0,0,0,3,1,7
3,1,9,0,16,0,1,0,0,0,0,1,1,6,1,60,9,1461,2,8,1,1,2,248447,58794,50,2,1,3,583,4,3413,7,30,5,4,6,0,0,0,1,1,1,0,0,1,1,1,1,1,33,6,3,0,0,0,0,0,9,1,5