accident_severity,vehicle_reference,vehicle_type,towing_and_articulation,vehicle_manoeuvre,vehicle_location-restricted_lane,junction_location,skidding_and_overturning,hit_object_in_carriageway,vehicle_leaving_carriageway,hit_object_off_carriageway,1st_point_of_impact,was_vehicle_left_hand_drive?,journey_purpose_of_driver,sex_of_driver,age_of_driver,age_band_of_driver,engine_capacity_(cc),propulsion_code,age_of_vehicle,driver_home_area_type,NUmber_of_Casualities_unique_to_accident_index,No_of_Vehicles_involved_unique_to_accident_index,location_easting_osgr,location_northing_osgr,police_force,number_of_vehicles,number_of_casualties,day_of_week,local_authority_(district),1st_road_class,1st_road_number,road_type,speed_limit,junction_detail,junction_control,2nd_road_class,2nd_road_number,pedestrian_crossing-human_control,pedestrian_crossing-physical_facilities,light_conditions,weather_conditions,road_surface_conditions,special_conditions_at_site,carriageway_hazards,urban_or_rural_area,did_police_officer_attend_scene_of_accident,casualty_reference,casualty_class,sex_of_casualty,age_of_casualty,age_band_of_casualty,casualty_severity,pedestrian_location,pedestrian_movement,car_passenger,bus_or_coach_passenger,pedestrian_road_maintenance_worker,casualty_type,casualty_home_area_type,casualty_imd_decile
3,2,8,0,5,0,8,0,0,0,0,1,1,1,1,35,6,1598,1,8,1,2,2,575810,155580,46,2,2,7,536,3,20,6,30,6,2,3,26,0,0,1,1,1,0,0,1,1,1,2,2,19,4,3,0,0,2,0,0,8,2,7
3,1,1,0,18,0,1,0,10,0,0,4,1,2,1,34,6,1598,1,8,1,1,1,495817,197307,43,1,1,4,478,6,64,1,30,1,4,6,32,0,0,1,1,2,0,0,1,1,1,1,1,34,6,3,0,0,0,0,0,1,1,10
3,2,9,0,18,0,7,0,0,0,0,2,1,6,2,34,6,1360,1,9,1,2,3,544664,209556,42,3,2,3,457,3,1025,3,40,9,2,6,0,0,5,1,1,1,0,0,1,1,2,1,2,34,6,3,0,0,0,0,0,9,1,7
3,1,9,0,18,0,1,0,0,0,0,1,1,6,1,35,6,1587,1,14,2,2,2,449274,389000,14,2,2,3,213,6,0,6,30,8,4,6,0,0,0,4,1,2,0,0,2,1,1,1,1,33,6,3,0,0,0,0,0,9,1,5
3,2,9,0,18,0,0,5,0,1,10,1,1,6,1,42,7,1329,1,4,1,1,2,583320,160430,46,2,1,1,536,3,249,3,70,0,4,6,0,0,0,1,1,1,0,0,2,1,1,2,2,35,6,3,0,0,1,0,0,9,1,7
3,1,3,0,4,0,1,1,0,0,0,0,1,1,1,45,7,96,1,7,1,1,2,370540,427990,4,2,1,7,70,6,0,6,30,3,4,3,679,0,0,1,1,2,0,0,1,1,1,1,1,45,7,3,0,0,0,0,0,3,1,4
3,2,1,0,3,0,1,0,0,0,0,2,1,6,2,49,8,1598,1,8,1,1,2,386860,200762,53,2,1,1,624,5,270,6,30,3,4,6,1436,0,0,1,1,1,0,0,1,2,1,1,2,49,8,3,0,0,0,0,0,1,1,5
3,1,9,0,9,0,5,0,0,0,0,1,1,2,2,52,8,998,1,1,1,2,3,461841,431696,12,3,2,3,187,3,1041,6,30,3,4,6,1140,0,0,4,1,1,0,0,1,1,1,1,2,52,8,3,0,0,0,0,0,9,1,2
3,1,9,0,2,0,0,0,0,0,0,2,1,6,2,76,11,1360,1,12,1,1,2,476625,262154,34,2,1,4,384,6,8278,2,30,0,4,6,0,0,0,1,1,1,0,0,1,2,1,2,1,15,3,3,0,0,2,0,0,9,1,3
3,2,9,0,10,0,5,0,0,0,0,2,1,6,1,18,4,1199,1,12,1,1,2,454245,341561,31,2,1,3,346,4,690,6,20,3,4,6,0,0,4,1,1,1,0,0,1,1,1,1,1,18,4,3,0,0,0,0,0,9,1,1
3,2,9,0,3,0,1,0,0,0,0,2,1,6,1,18,4,1461,2,12,1,1,2,394590,301560,20,2,1,3,309,6,0,6,30,3,4,6,0,0,0,1,1,1,0,0,1,1,1,1,1,33,6,3,0,0,0,0,0,9,1,5
3,1,9,0,3,0,0,0,0,0,2,1,1,6,1,20,4,1390,1,18,1,1,2,423734,421105,13,2,1,2,203,4,6117,2,30,0,4,6,0,0,0,1,2,2,0,0,1,1,1,2,1,18,4,3,0,0,1,0,0,9,1,2
3,2,9,0,18,0,1,0,0,0,0,1,1,6,1,55,8,1324,1,30,2,1,2,520425,107841,47,2,1,1,557,3,283,6,60,8,4,6,0,0,0,1,1,1,0,0,2,1,1,1,1,55,8,3,0,0,0,0,0,9,2,9
3,1,9,0,17,0,0,1,0,7,10,1,1,6,2,45,7,1598,1,8,1,1,1,371960,401230,6,1,1,5,114,3,577,6,30,0,4,6,0,0,0,4,8,2,0,0,1,1,1,1,2,45,7,3,0,0,0,0,0,9,1,9
2,1,9,0,5,0,8,0,0,0,0,3,1,6,1,76,11,1997,2,7,3,1,2,360383,367244,7,2,1,1,130,6,0,6,60,3,4,6,0,0,0,1,1,1,0,0,2,2,1,1,1,33,6,3,0,0,0,0,0,9,1,5
3,2,9,0,5,0,8,0,0,0,0,1,1,6,1,38,7,1560,2,7,1,1,2,517660,163260,1,2,1,2,23,3,243,6,30,3,4,6,0,0,0,1,1,1,0,0,1,1,1,1,1,33,6,3,0,0,0,0,0,9,1,5
2,1,9,0,18,0,0,1,0,0,0,1,1,6,1,71,10,1997,1,26,3,1,2,522530,214510,41,2,1,4,438,2,1,3,70,0,4,6,0,0,0,6,1,2,0,0,2,1,1,2,2,69,10,2,0,0,1,0,0,9,3,6
3,2,9,0,3,0,0,0,0,0,0,2,1,6,1,54,8,1560,2,5,2,4,4,561385,227352,42,4,4,1,463,4,184,6,60,0,4,6,0,0,0,1,1,1,0,0,2,1,1,1,1,54,8,3,0,0,0,0,0,9,2,7
3,1,9,0,18,0,1,0,0,0,0,1,1,6,2,22,5,998,1,1,1,1,2,513041,106380,47,2,1,6,564,3,24,6,40,3,4,6,0,0,0,1,1,1,0,0,1,2,1,1,1,33,6,3,0,0,0,0,0,9,1,5
3,1,9,0,18,0,0,0,0,0,0,4,1,6,1,38,7,1598,1,8,1,1,1,487764,288244,34,1,1,3,380,6,5072,6,30,0,4,6,0,0,0,1,1,1,0,0,1,3,1,3,2,6,2,3,5,1,0,0,0,0,1,1
3,1,9,0,18,0,0,1,0,1,0,1,1,6,1,38,7,1968,2,1,1,2,1,427437,439298,13,1,2,4,204,6,0,6,30,0,4,6,0,0,0,1,1,4,0,0,1,2,1,3,2,36,7,3,6,8,0,0,0,0,1,10
3,2,9,0,18,0,8,0,0,0,0,1,1,6,1,21,5,2967,2,9,1,1,2,418501,432982,13,2,1,5,200,6,0,6,30,3,4,6,0,0,0,4,1,1,0,0,1,1,1,1,1,33,6,3,0,0,0,0,0,9,1,5
3,2,9,0,10,0,1,0,0,1,0,2,1,2,1,35,6,3387,1,9,3,2,2,506610,299680,35,2,2,2,394,3,47,6,60,3,4,5,233,0,0,1,2,2,0,0,2,1,2,2,2,30,6,3,0,0,1,0,0,9,3,8
2,2,9,0,18,0,1,0,0,0,0,1,1,6,1,18,4,1596,1,9,1,4,2,322374,689042,94,2,4,6,925,4,9157,6,60,8,4,6,0,0,0,1,1,2,0,0,2,1,3,1,1,18,4,3,0,0,0,0,0,9,1,5
3,4,9,0,2,0,1,0,0,0,0,1,1,6,1,78,11,1587,1,13,1,1,4,382731,276425,22,4,1,2,278,6,0,9,30,6,4,6,0,0,0,1,1,1,0,0,1,1,1,1,1,33,6,3,0,0,0,0,0,9,1,5
3,2,9,0,3,0,0,0,0,0,0,2,1,1,2,42,7,1783,1,12,1,1,2,545331,107963,47,2,1,2,554,3,27,6,60,0,4,6,0,0,0,1,9,1,0,0,2,2,1,1,2,42,7,3,0,0,0,0,0,9,1,7
3,2,1,0,18,0,8,0,0,0,0,1,1,6,1,30,6,1598,1,8,1,1,2,620711,310977,36,2,1,5,404,3,140,6,40,5,4,3,1067,0,0,1,1,1,0,0,1,2,1,1,1,30,6,3,0,0,0,0,0,1,1,5
3,6,9,0,2,0,0,0,0,0,0,1,1,6,3,38,7,1598,1,8,1,1,6,515180,186700,1,6,1,4,29,3,4005,6,30,0,4,6,0,0,0,1,1,1,0,0,1,1,1,1,1,33,6,3,0,0,0,0,0,9,1,5
3,2,1,0,18,0,8,0,0,0,0,1,1,6,1,37,7,1598,1,8,1,1,2,430371,418778,13,2,1,3,206,6,0,6,30,3,4,4,6128,0,0,1,1,1,0,0,1,1,1,1,1,37,7,3,0,0,0,0,0,1,1,3
1,2,9,0,18,0,1,0,0,0,0,1,1,3,2,37,7,1968,2,2,1,6,2,474126,178978,43,2,6,6,484,6,341,6,30,6,4,6,0,0,0,1,1,1,0,0,2,1,3,2,1,10,2,3,0,0,1,0,0,9,1,10
2,2,9,0,18,0,0,0,0,0,0,3,1,6,1,21,5,1598,1,8,3,2,3,522286,236220,40,3,2,2,424,3,507,6,60,0,4,6,0,0,0,6,1,2,0,0,2,1,1,1,1,33,6,3,0,0,0,0,0,9,1,5
3,1,21,0,5,0,1,0,0,0,0,1,1,1,1,29,6,11967,2,2,1,1,5,458639,455446,12,5,1,5,189,5,417,3,40,1,4,3,1237,2,4,4,1,2,0,0,1,1,1,1,1,33,6,3,0,0,0,0,0,9,1,5
3,2,9,0,18,0,8,0,0,0,0,1,1,6,1,34,6,998,1,1,1,2,2,416088,433587,13,2,2,2,200,6,0,3,30,6,2,6,0,0,0,1,1,1,0,0,1,1,1,1,1,34,6,3,0,0,0,0,0,9,1,1
2,2,97,0,18,0,1,0,0,0,0,1,1,6,1,64,9,1598,1,8,1,1,2,465841,103724,44,2,1,5,498,3,288,6,30,8,4,6,0,0,4,1,1,1,0,0,1,1,1,1,1,64,9,2,0,0,0,0,0,97,1,8
3,2,9,0,18,0,8,0,0,0,0,4,1,6,1,38,7,1997,1,24,1,3,2,524500,163700,1,2,3,5,21,3,217,3,30,6,2,3,232,0,5,1,1,1,0,0,1,1,1,1,1,33,6,3,0,0,0,0,0,9,1,5
3,1,10,0,18,0,1,1,0,0,0,1,1,1,1,29,6,1598,1,8,1,6,3,311149,359330,60,3,6,5,723,3,525,6,60,9,4,6,0,0,0,1,2,2,0,0,2,1,5,2,2,14,3,3,0,0,2,0,0,10,1,5
3,1,9,0,7,0,8,0,0,0,0,3,1,6,2,30,6,1598,2,5,1,1,2,536400,188650,1,2,1,5,13,3,1006,6,30,3,4,6,0,0,0,4,1,1,0,0,1,1,1,1,2,30,6,3,0,0,0,0,0,9,1,1
2,1,5,0,16,0,0,0,0,7,0,3,1,6,1,52,8,954,1,12,2,1,2,456810,490005,12,2,1,2,185,4,1257,6,60,0,4,6,0,0,0,1,1,1,0,0,2,1,1,1,1,52,8,2,0,0,0,0,0,5,2,10
3,2,9,0,8,0,4,0,0,0,0,2,1,6,2,35,6,1896,2,14,1,1,2,504447,246626,40,2,1,3,420,3,421,7,70,1,4,3,5141,0,0,4,1,2,0,0,2,1,1,1,2,35,6,3,0,0,0,0,0,9,1,4
3,1,2,0,18,0,1,0,0,0,0,0,1,6,1,18,4,1598,1,8,1,1,1,350820,494030,3,1,1,6,65,6,0,6,30,9,4,6,0,0,0,4,8,2,0,0,1,1,1,1,1,18,4,3,0,0,0,0,0,2,1,5
3,2,9,0,5,0,0,0,0,0,0,3,1,6,1,38,7,1598,1,8,1,1,2,549680,173250,1,2,1,3,18,3,223,6,30,0,4,6,0,0,0,1,1,1,0,0,1,2,1,1,1,33,6,3,0,0,0,0,0,9,1,5
3,1,19,0,7,0,8,0,0,0,0,4,1,1,1,67,10,2461,2,6,1,1,2,261474,663936,97,2,1,5,926,3,74,3,30,3,4,6,0,0,0,1,1,1,0,0,1,1,1,1,1,33,6,3,0,0,0,0,0,9,1,5
3,1,9,0,18,0,0,0,0,0,0,1,1,6,1,22,5,2967,1,13,1,1,2,475422,105755,47,2,1,5,559,3,259,6,30,0,4,6,0,0,0,1,1,1,0,0,1,2,1,1,1,22,5,3,0,0,0,0,0,9,1,7
3,1,9,0,7,0,8,0,0,0,0,4,1,6,1,47,8,1390,1,13,1,1,2,324290,670220,95,2,1,6,923,3,702,6,30,6,1,6,0,2,0,1,8,1,0,0,1,2,1,1,1,33,6,3,0,0,0,0,0,9,1,5
3,2,9,0,18,0,7,0,0,0,0,3,1,1,2,19,4,1598,1,8,1,1,2,596768,220027,42,2,1,7,455,4,1026,6,30,6,4,6,0,0,0,1,1,1,0,0,2,1,1,1,2,19,4,3,0,0,0,0,0,9,1,4
3,1,9,0,18,0,0,0,0,4,6,1,1,2,2,26,6,1399,2,7,1,5,1,447170,335950,30,1,5,7,324,1,1,3,70,0,4,6,0,0,0,4,1,1,0,0,1,2,4,2,2,23,5,3,0,0,2,0,0,9,1,5
3,1,9,0,17,0,2,5,10,1,1,1,1,6,1,24,5,1781,1,15,2,1,1,408630,243970,22,1,1,7,277,4,4035,6,30,3,4,6,0,0,0,6,1,1,0,0,2,1,1,1,1,24,5,3,0,0,0,0,0,9,2,5
3,1,3,0,18,0,2,0,0,0,0,1,1,6,1,13,3,1598,1,8,1,1,2,329660,671990,95,2,1,3,923,6,0,6,20,3,4,6,0,0,0,1,1,2,0,0,1,1,1,1,1,33,6,3,0,0,0,0,0,9,1,5
3,1,9,0,3,0,0,0,0,0,0,2,1,6,1,37,7,1900,2,10,1,2,2,404637,267624,22,2,2,2,274,3,4023,3,30,0,4,6,0,0,0,1,1,2,0,0,1,2,1,1,1,37,7,3,0,0,0,0,0,9,1,8
3,3,9,0,2,0,0,0,4,0,0,2,1,6,3,38,7,1598,1,8,1,1,4,315717,181146,62,4,1,5,741,6,0,6,30,0,4,6,0,0,0,1,1,1,0,0,1,1,1,1,1,33,6,3,0,0,0,0,0,9,1,5
3,1,2,0,13,0,1,0,0,0,0,1,1,6,1,31,6,125,1,1,1,1,2,496895,368653,32,2,1,1,352,3,1434,6,30,8,4,6,0,0,4,1,4,1,0,0,1,1,1,1,1,31,6,3,0,0,0,0,0,2,1,6
3,2,19,0,4,0,1,0,0,0,0,1,1,6,3,38,7,1868,2,12,1,2,2,428855,425992,13,2,2,6,204,3,650,6,40,3,2,6,0,0,0,1,1,1,0,0,1,2,1,1,1,33,6,3,0,0,0,0,0,9,1,5
3,2,9,0,18,0,8,0,0,0,0,1,1,6,2,54,8,1995,2,5,1,1,2,529668,409644,16,2,1,2,233,3,180,6,30,3,4,6,0,0,0,1,1,1,0,0,1,2,1,1,2,54,8,3,0,0,0,0,0,9,1,8
3,1,9,0,1,9,8,0,0,0,0,2,1,6,2,30,6,1582,2,8,1,1,1,506079,206326,41,1,1,6,431,6,1112,6,30,6,4,6,594,0,0,1,1,1,0,0,1,2,1,3,1,18,4,3,5,1,0,0,0,0,1,8
3,1,9,0,18,0,0,1,0,4,4,3,1,2,2,69,10,1796,1,13,1,1,1,459699,148329,44,1,1,3,490,3,30,3,50,0,4,6,0,0,0,1,1,1,0,0,2,1,1,1,2,69,10,3,0,0,0,0,0,9,1,8
3,2,1,0,18,0,0,0,0,0,0,1,1,6,1,48,8,1598,1,8,1,1,2,526490,182160,1,2,1,3,1,5,0,6,30,0,4,6,0,0,0,1,1,1,0,0,1,1,1,1,1,48,8,3,0,0,0,0,0,1,1,9
3,1,9,0,9,0,6,0,0,0,0,1,1,6,3,38,7,1598,1,8,1,1,2,474549,170998,43,2,1,3,475,6,7504,6,20,3,4,6,7504,0,4,1,1,1,0,0,1,2,1,1,1,33,6,3,0,0,0,0,0,9,1,5
3,1,11,0,9,0,5,0,0,0,0,0,1,1,1,41,7,6700,2,4,1,1,1,518020,297470,35,1,1,2,394,3,605,6,30,6,2,6,0,0,4,1,1,1,0,0,1,1,1,2,2,3,1,3,0,0,0,4,0,11,1,1
3,2,9,0,4,0,1,0,0,0,0,3,1,6,2,24,5,1798,2,2,1,3,2,552770,173580,46,2,3,5,532,4,2174,3,40,8,4,6,0,2,5,1,1,1,0,0,1,1,2,1,2,24,5,3,0,0,0,0,0,9,1,8
3,1,9,0,3,0,0,0,0,0,0,2,1,6,1,42,7,1769,1,12,1,1,2,402200,279890,20,2,1,7,300,6,0,6,20,0,4,6,0,0,0,1,1,1,0,0,1,2,1,1,1,42,7,3,0,0,0,0,0,9,1,2
3,2,9,0,2,0,0,0,0,0,0,2,1,6,2,59,9,1998,1,12,1,1,2,420646,436684,13,2,1,1,204,6,0,6,30,0,4,6,0,0,0,1,1,1,0,0,1,1,1,1,1,33,6,3,0,0,0,0,0,9,1,5
3,1,9,0,18,0,8,0,0,0,0,1,1,6,1,26,6,1598,1,8,1,1,2,525300,161720,1,2,1,5,21,3,217,6,30,6,4,6,0,0,0,1,1,1,0,0,1,1,1,1,1,26,6,3,0,0,0,0,0,9,1,7
3,1,9,0,7,0,6,0,0,0,0,4,1,6,1,37,7,1896,2,9,1,1,2,457300,303545,33,2,1,7,364,5,1762,6,30,6,2,5,1746,0,5,4,1,1,0,0,1,1,1,1,1,33,6,3,0,0,0,0,0,9,1,5
3,1,9,0,18,0,8,0,0,0,0,1,1,6,2,60,9,1560,2,1,1,2,2,396750,284820,20,2,2,6,303,3,4099,6,30,3,4,6,0,0,0,1,1,1,0,0,1,1,1,1,2,60,9,3,0,0,0,0,0,9,1,3
3,1,8,0,18,0,0,0,0,0,0,1,1,6,3,38,7,1598,1,8,1,1,1,409288,425309,13,1,1,2,202,6,0,2,20,0,4,6,0,0,0,1,1,1,0,0,1,1,1,3,1,25,5,3,10,9,0,0,0,0,1,7
3,1,19,0,18,0,0,0,0,0,0,1,1,1,1,42,7,1753,2,9,1,2,2,538967,109306,47,2,2,4,554,3,27,3,70,0,4,6,0,0,0,1,1,1,0,0,2,1,1,1,1,42,7,3,0,0,0,0,0,19,1,3
3,3,9,0,10,0,8,0,0,0,0,0,1,2,1,38,7,1968,2,8,3,3,3,539916,112824,47,3,3,3,554,3,275,6,60,3,4,4,2116,0,0,6,2,2,0,0,2,1,1,1,1,33,6,3,0,0,0,0,0,9,1,5
2,2,9,0,18,0,8,0,0,7,10,4,1,6,2,46,8,1598,1,8,3,2,2,518550,296810,35,2,2,5,394,6,0,6,30,3,4,6,0,0,0,4,1,2,0,0,1,1,2,2,2,29,6,2,0,0,1,0,0,9,3,6
2,1,9,0,17,0,0,0,0,0,0,1,1,2,1,28,6,1598,1,6,1,1,1,457228,340221,31,1,1,5,346,3,6008,2,30,0,4,6,0,0,4,1,1,1,0,0,1,1,1,3,2,26,6,2,5,1,0,0,0,0,1,5
3,1,9,0,9,0,8,0,0,0,0,3,1,6,1,27,6,973,1,13,1,2,2,412020,291090,20,2,2,6,300,6,0,6,30,3,4,6,0,0,0,1,1,1,0,0,1,1,1,2,2,27,6,3,0,0,2,0,0,9,1,1
3,1,9,0,18,0,0,0,0,0,0,1,1,6,2,34,6,1560,2,3,2,1,1,319512,126026,52,1,1,3,608,6,0,6,30,0,4,6,0,0,0,1,9,1,0,0,1,1,1,3,2,4,1,3,5,3,0,0,0,0,1,6
3,2,1,0,18,0,1,0,0,0,0,1,1,6,2,32,6,1598,1,8,1,2,2,246079,59233,50,2,2,2,583,4,3413,6,30,3,4,6,0,0,4,1,1,1,0,0,1,1,2,1,2,32,6,3,0,0,0,0,0,1,1,3
3,1,19,4,18,0,0,0,0,0,0,3,1,1,2,47,8,2998,2,9,1,1,2,491045,461864,16,2,1,3,231,4,1251,6,60,0,4,6,0,0,0,1,2,2,0,0,2,1,1,1,2,47,8,3,0,0,0,0,0,19,1,5
3,1,9,0,7,0,8,0,0,0,0,3,1,6,2,38,7,1598,1,12,1,3,2,542340,174470,1,2,3,4,6,3,210,6,30,3,4,6,0,0,0,1,1,1,0,0,1,1,1,1,2,33,6,3,0,0,0,0,0,9,1,2
3,1,9,0,18,0,2,0,0,0,0,1,1,6,2,38,7,1339,8,7,1,1,1,532920,165890,1,1,1,6,20,3,222,6,30,3,4,6,0,0,4,1,1,1,0,0,1,1,1,3,1,33,6,3,4,1,0,0,2,0,1,5
3,2,20,0,17,0,0,0,0,0,0,0,1,2,1,24,5,1598,1,8,3,1,2,584754,319274,36,2,1,5,400,3,1065,6,60,0,4,6,0,0,0,1,1,2,0,0,2,1,1,1,1,33,6,3,0,0,0,0,0,9,1,5
3,1,9,0,5,0,1,0,0,0,0,4,1,6,2,23,5,1229,1,7,1,2,2,538180,175820,1,2,2,1,7,3,20,3,30,1,4,3,2211,0,0,1,1,1,0,0,1,1,1,1,2,23,5,3,0,0,0,0,0,9,1,2
3,2,19,0,18,0,0,0,0,5,6,4,1,2,1,49,8,2460,2,8,1,4,6,431264,417818,13,6,4,3,206,1,1,3,70,0,4,6,0,0,0,1,1,1,0,0,2,1,2,1,1,49,8,3,0,0,0,0,0,19,1,1
3,1,9,0,9,0,2,0,0,0,0,1,1,6,1,25,5,1399,2,7,1,1,2,337068,397099,5,2,1,4,91,6,0,6,30,6,2,3,506,0,0,4,1,1,0,0,1,1,1,1,1,33,6,3,0,0,0,0,0,9,1,5
3,2,9,0,12,0,0,0,0,0,0,3,1,6,2,45,7,1598,1,7,1,3,3,521910,179550,1,3,3,4,11,6,0,6,30,0,4,6,0,0,0,1,1,1,0,0,1,1,2,1,2,45,7,3,0,0,0,0,0,9,1,8
2,1,9,0,18,0,1,0,0,0,0,3,1,6,1,39,7,1242,1,1,1,1,1,507231,223141,40,1,1,6,421,3,5228,6,30,3,4,6,0,0,0,1,1,1,0,0,1,1,1,3,1,52,8,2,5,1,0,0,0,0,1,3
3,1,9,0,14,0,8,0,10,3,10,1,1,6,1,24,5,1461,2,1,1,2,2,525490,180760,1,2,2,2,1,6,0,6,30,6,4,6,0,0,0,1,2,2,0,0,1,1,1,1,1,24,5,3,0,0,0,0,0,9,1,4
3,3,9,0,18,0,0,0,0,0,0,2,1,1,1,46,8,2400,2,4,3,8,8,519507,203261,41,8,8,2,33,1,25,3,70,0,4,6,0,0,0,7,2,2,0,0,2,1,5,1,1,46,8,3,0,0,0,0,0,9,3,6
3,1,11,0,18,0,1,0,0,0,0,0,1,1,1,38,7,9600,1,17,3,3,2,427485,447500,12,2,3,6,182,3,658,6,30,6,4,6,2859,0,0,1,1,1,0,0,2,1,1,2,1,79,11,3,0,0,0,4,0,11,3,9
3,2,9,0,3,0,2,0,0,0,0,4,1,6,1,50,8,1794,1,9,1,2,2,402060,279660,20,2,2,5,300,6,0,6,30,8,4,6,0,0,1,1,1,1,0,0,1,2,1,1,1,50,8,3,0,0,0,0,0,9,1,1
3,1,9,0,17,0,0,0,0,4,6,1,1,6,1,26,6,1999,1,9,1,1,1,294063,88422,50,1,1,3,585,1,5,3,70,0,4,6,0,0,0,6,2,2,0,0,2,1,1,1,1,26,6,3,0,0,0,0,0,9,1,5
3,3,9,0,2,0,0,0,0,0,0,3,1,6,3,38,7,3200,2,12,1,1,3,331700,444370,4,3,1,1,85,6,0,6,30,0,4,6,0,0,0,4,2,2,0,0,1,1,1,1,1,33,6,3,0,0,0,0,0,9,1,5
3,1,9,0,5,0,1,0,0,0,0,1,1,6,3,21,5,1399,2,12,1,2,2,247925,54465,50,2,2,4,583,6,0,3,30,1,2,6,0,0,4,1,1,1,0,0,1,1,1,1,1,33,6,3,0,0,0,0,0,9,1,5
2,1,9,0,17,0,8,0,0,0,0,1,1,6,3,38,7,1598,1,8,1,1,2,449669,363255,31,2,1,7,344,6,0,6,60,3,4,6,0,0,0,1,1,1,0,0,2,1,1,1,1,33,6,3,0,0,0,0,0,9,1,5
3,3,9,0,4,0,0,0,0,0,0,2,1,6,1,53,8,1598,1,8,1,1,3,557154,203814,42,3,1,4,456,3,414,6,60,0,4,6,0,0,0,1,1,1,0,0,2,1,1,1,1,33,6,3,0,0,0,0,0,9,1,5
3,1,9,0,9,0,8,0,0,0,0,1,1,6,1,56,9,2993,2,2,3,1,1,514860,177160,1,1,1,2,25,3,4,6,30,6,2,3,4,0,5,1,1,1,0,0,1,1,1,3,1,38,7,3,1,1,0,0,2,0,1,4
3,2,19,0,5,0,1,0,0,0,0,1,1,6,1,38,7,1968,2,1,1,1,2,518470,186420,1,2,1,4,28,5,0,6,30,3,4,5,0,0,0,4,1,1,0,0,1,2,1,1,1,33,6,3,0,0,0,0,0,9,1,5
3,3,8,0,2,0,1,0,0,0,0,3,1,1,1,43,7,1896,2,6,1,3,3,415992,432997,13,3,3,7,200,4,6145,6,30,3,4,6,0,0,0,4,1,2,0,0,1,1,1,1,1,33,6,3,0,0,0,0,0,9,1,5
2,2,9,0,18,0,8,0,0,0,0,2,1,6,2,42,7,1968,2,3,2,1,2,508599,218367,40,2,1,1,424,1,1,1,70,1,2,1,1,0,0,1,1,2,0,0,2,1,1,1,1,33,6,3,0,0,0,0,0,9,1,5
3,2,20,0,18,0,1,0,0,0,0,1,1,1,1,30,6,1598,1,8,1,1,2,312090,673690,95,2,1,2,923,1,9,7,70,5,4,3,8,0,0,1,1,1,0,0,2,1,1,1,1,33,6,3,0,0,0,0,0,9,1,5
2,1,9,0,9,0,6,0,0,0,0,1,1,2,1,41,7,1598,1,8,1,1,2,520169,197105,41,2,1,6,33,3,5135,6,30,3,4,6,497,0,0,4,1,2,0,0,1,1,1,1,1,33,6,3,0,0,0,0,0,9,1,5
2,1,9,0,18,0,1,0,0,0,0,1,1,6,1,61,9,1598,1,8,1,5,2,284102,66382,50,2,5,6,585,3,381,6,40,6,4,6,0,0,0,1,1,1,0,0,2,1,5,2,2,33,6,3,0,0,1,0,0,9,1,8
3,2,9,0,9,0,8,0,0,0,0,3,1,6,1,47,8,1968,2,1,1,2,2,429741,265554,23,2,2,4,294,3,445,6,30,3,2,6,0,0,0,1,1,1,0,0,1,1,2,2,2,9,2,3,0,0,1,0,0,9,1,7
2,1,19,0,1,0,1,0,0,0,0,2,1,1,1,49,8,1248,2,4,1,1,1,448085,130055,44,1,1,3,502,6,0,6,30,3,4,6,0,0,0,1,1,1,0,0,1,1,1,3,1,51,8,2,5,1,0,0,0,0,1,8
3,2,1,0,18,4,1,0,0,0,0,1,1,6,1,20,4,1598,1,8,1,1,2,558565,103103,47,2,1,6,556,3,2270,6,30,3,4,6,0,0,0,1,1,1,0,0,1,2,1,1,1,20,4,3,0,0,0,0,0,1,1,8
3,2,1,0,18,0,1,0,0,0,0,1,1,6,1,25,5,1598,1,8,1,1,2,336918,392688,5,2,1,5,91,6,0,6,30,3,4,3,580,0,0,4,2,2,0,0,1,2,1,1,1,25,5,3,0,0,0,0,0,1,1,1
3,1,9,0,4,0,1,1,0,0,0,1,1,2,1,33,6,1796,1,7,3,2,2,503970,147812,45,2,2,4,511,3,248,6,30,3,4,6,0,0,0,1,1,4,0,3,2,1,1,1,1,33,6,3,0,0,0,0,0,9,3,8
3,1,9,0,18,0,0,0,0,0,0,1,1,1,1,46,8,1349,1,2,1,2,2,401760,295350,20,2,2,2,307,1,6,3,70,0,4,6,0,0,0,1,1,1,0,0,2,1,1,1,1,46,8,3,0,0,0,0,0,9,1,1
3,1,21,1,18,0,0,0,0,0,0,1,1,1,1,53,8,12777,2,4,1,3,2,366492,384359,7,2,3,4,129,1,6,3,70,0,4,6,0,0,0,1,1,1,0,0,2,1,1,1,1,33,6,3,0,0,0,0,0,9,1,5
3,1,9,0,3,0,0,0,0,0,0,2,1,6,1,38,7,1590,1,13,1,1,2,539850,187780,1,2,1,2,13,3,12,3,50,0,4,6,0,0,0,1,1,1,0,0,1,2,1,1,1,38,7,3,0,0,0,0,0,9,1,1
3,2,9,0,4,0,1,0,0,0,0,1,1,6,1,27,6,2495,1,13,1,2,3,425899,435499,13,3,2,1,204,6,0,6,30,3,2,6,0,0,0,1,1,1,0,0,1,1,1,1,1,33,6,3,0,0,0,0,0,9,1,5
3,1,9,0,3,0,0,0,0,0,0,1,1,6,2,54,8,1198,1,6,1,1,3,425976,421794,13,3,1,5,203,3,638,6,30,0,4,6,0,0,0,1,1,1,0,0,2,1,1,1,1,33,6,3,0,0,0,0,0,9,1,5