accident_severity,vehicle_reference,vehicle_type,towing_and_articulation,vehicle_manoeuvre,vehicle_location-restricted_lane,junction_location,skidding_and_overturning,hit_object_in_carriageway,vehicle_leaving_carriageway,hit_object_off_carriageway,1st_point_of_impact,was_vehicle_left_hand_drive?,journey_purpose_of_driver,sex_of_driver,age_of_driver,age_band_of_driver,engine_capacity_(cc),propulsion_code,age_of_vehicle,driver_home_area_type,NUmber_of_Casualities_unique_to_accident_index,No_of_Vehicles_involved_unique_to_accident_index,location_easting_osgr,location_northing_osgr,police_force,number_of_vehicles,number_of_casualties,day_of_week,local_authority_(district),1st_road_class,1st_road_number,road_type,speed_limit,junction_detail,junction_control,2nd_road_class,2nd_road_number,pedestrian_crossing-human_control,pedestrian_crossing-physical_facilities,light_conditions,weather_conditions,road_surface_conditions,special_conditions_at_site,carriageway_hazards,urban_or_rural_area,did_police_officer_attend_scene_of_accident,casualty_reference,casualty_class,sex_of_casualty,age_of_casualty,age_band_of_casualty,casualty_severity,pedestrian_location,pedestrian_movement,car_passenger,bus_or_coach_passenger,pedestrian_road_maintenance_worker,casualty_type,casualty_home_area_type,casualty_imd_decile
3,1,9,0,18,0,0,0,0,0,0,1,1,6,3,38,7,1968,2,8,1,1,1,389227,289925,20,1,1,6,303,6,0,6,30,0,4,6,0,0,0,1,1,2,4,0,1,2,1,3,1,25,5,3,9,5,0,0,1,0,1,2
3,1,9,0,7,0,6,0,0,0,0,3,1,6,1,21,5,1461,2,2,2,1,2,386071,595281,10,2,1,1,139,3,696,6,60,3,4,3,68,0,0,1,1,1,0,0,2,1,1,1,1,21,5,3,0,0,0,0,0,9,2,8
2,3,8,0,18,0,1,0,0,0,0,1,1,1,1,50,8,1686,2,7,1,4,3,518620,214040,41,3,4,3,434,4,653,6,60,8,4,6,0,0,0,1,1,1,0,0,2,1,3,1,1,50,8,2,0,0,0,0,0,8,1,3
3,1,9,0,18,0,0,0,0,1,3,1,1,6,1,37,7,1895,1,15,1,1,1,427175,424445,13,1,1,4,203,6,0,6,30,0,4,6,0,0,0,4,1,2,0,0,1,1,1,2,2,22,5,3,0,0,1,0,0,9,1,5
3,2,9,0,3,0,0,0,0,0,0,2,1,2,2,29,6,998,1,7,1,1,2,583779,216403,42,2,1,2,451,3,12,3,70,0,4,6,0,0,0,1,1,1,0,0,2,1,1,1,2,29,6,3,0,0,0,0,0,9,1,5
3,1,9,0,10,0,1,0,0,0,0,2,1,6,1,24,5,1896,2,11,1,2,2,446468,394599,14,2,2,6,213,5,156,6,30,3,4,6,0,0,0,1,2,2,0,0,1,2,2,2,2,25,5,3,0,0,1,0,0,9,1,1
2,1,9,0,9,0,8,0,0,0,0,3,1,6,1,75,10,1497,8,8,1,1,2,453906,206293,43,2,1,5,482,6,320,6,20,6,2,6,0,0,4,1,1,1,0,0,1,1,1,1,1,33,6,3,0,0,0,0,0,9,1,5
3,1,9,0,6,8,6,0,0,0,0,1,1,6,1,41,7,2148,2,12,1,1,3,584197,186583,42,3,1,2,460,3,13,6,30,7,2,6,0,0,0,4,2,2,0,0,1,1,1,1,1,33,6,3,0,0,0,0,0,9,1,5
3,1,9,0,9,0,8,0,0,0,0,3,1,6,1,27,6,1599,1,8,1,2,2,537040,180740,1,2,2,6,5,3,1206,6,30,3,2,6,0,0,5,4,1,1,0,0,1,1,2,2,1,26,6,3,0,0,1,0,0,9,1,4
3,1,9,0,18,0,8,0,0,0,0,3,1,6,2,23,5,1598,2,3,2,1,2,452870,319500,33,2,1,6,362,6,7738,6,30,3,4,6,7740,0,0,1,9,1,0,0,1,2,1,1,2,23,5,3,0,0,0,0,0,9,2,7
3,2,9,0,18,0,8,0,0,0,0,1,1,2,1,23,5,1968,2,8,2,1,2,501306,238864,40,2,1,4,424,5,83,6,30,3,4,5,77,0,0,1,1,1,0,0,2,1,1,1,1,33,6,3,0,0,0,0,0,9,1,5
3,1,9,0,4,0,0,0,0,0,0,1,1,6,1,35,6,1598,1,8,3,3,2,532649,344621,32,2,3,4,350,3,1137,6,30,0,4,6,0,0,1,1,1,1,0,0,1,1,2,2,2,30,6,3,0,0,2,0,0,9,1,3
3,2,9,0,4,0,1,0,0,0,0,3,1,6,1,86,11,1596,1,9,1,1,2,513635,213008,41,2,1,5,434,3,1081,6,40,1,4,3,1081,0,0,1,1,1,0,0,2,1,1,1,1,33,6,3,0,0,0,0,0,9,1,5
3,2,9,0,18,0,0,0,0,0,0,1,1,2,2,19,4,1598,1,8,3,1,2,251650,251300,63,2,1,3,750,6,0,6,60,0,4,6,0,0,0,1,1,1,0,0,2,1,1,1,1,33,6,3,0,0,0,0,0,9,1,5
3,2,9,0,18,0,8,0,0,0,0,1,1,6,2,19,4,1124,1,12,1,2,2,392972,321157,21,2,2,5,255,5,375,6,30,3,4,6,30,0,0,4,1,2,0,0,1,1,1,2,2,45,7,3,0,0,1,0,0,9,1,7
3,2,9,0,10,0,8,0,0,0,0,2,1,6,1,43,7,2494,1,11,1,2,2,395530,395450,6,2,2,4,110,5,0,6,30,7,4,6,0,0,0,1,2,2,0,0,1,1,2,2,2,32,6,3,0,0,1,0,0,9,1,3
3,2,9,0,3,0,8,0,0,0,0,2,1,6,1,72,10,1339,1,1,1,1,2,429762,556425,10,2,1,6,150,3,1231,1,30,1,2,3,182,0,0,1,1,1,0,0,1,1,1,1,1,72,10,3,0,0,0,0,0,9,1,3
3,2,9,0,18,0,8,0,0,0,0,1,1,6,1,30,6,1598,1,2,1,1,2,502910,222841,40,2,1,4,424,6,0,6,20,8,4,6,0,0,0,1,1,1,0,0,1,1,1,2,2,58,9,3,0,0,1,0,0,9,1,4
3,1,9,0,18,0,1,0,0,0,0,1,1,6,3,38,7,1598,1,8,1,1,1,430749,557673,10,1,1,2,150,6,5333,6,30,3,4,6,5333,0,1,1,1,2,0,0,1,2,1,3,1,35,6,3,1,3,0,0,0,0,1,5
3,1,8,0,9,0,5,0,0,0,0,1,1,6,1,39,7,1995,2,6,1,1,2,522890,184620,1,2,1,5,28,3,407,6,30,3,2,5,0,0,5,4,1,1,0,0,1,1,1,1,1,39,7,3,0,0,0,0,0,8,1,3
3,2,9,0,18,0,0,0,0,0,0,1,1,6,2,66,10,1461,2,9,2,6,3,489820,136017,45,3,6,7,517,3,3,3,70,0,4,6,0,0,0,1,1,1,0,0,2,1,4,2,1,91,11,3,0,0,1,0,0,9,2,7
3,1,9,0,9,0,5,0,0,0,0,4,1,6,2,42,7,1794,1,12,3,1,2,319158,123155,52,2,1,4,608,3,38,6,50,8,4,6,0,0,0,6,1,1,0,0,2,1,1,1,1,33,6,3,0,0,0,0,0,9,1,5
3,1,9,0,9,0,8,0,0,0,0,4,1,6,2,58,9,2993,2,3,3,1,2,484662,175118,43,2,1,5,474,6,7411,6,60,3,4,6,7411,0,0,1,1,1,0,0,2,1,1,1,1,33,6,3,0,0,0,0,0,9,1,5
2,1,9,0,16,0,3,0,0,0,0,1,1,6,1,68,10,1998,1,10,1,4,2,358370,424920,4,2,4,4,83,1,65,7,70,1,4,1,69,0,0,1,1,1,0,0,2,1,4,2,2,66,10,2,0,0,2,0,0,9,1,4
2,2,9,0,18,0,0,0,0,0,0,1,1,6,1,59,9,1598,1,8,3,3,2,439154,525607,17,2,3,6,245,3,177,6,50,0,4,6,0,0,0,1,1,2,0,0,2,1,3,2,2,60,9,2,0,0,1,0,0,9,3,7
3,2,9,0,18,0,0,0,0,0,0,1,1,2,2,23,5,1598,1,8,3,2,3,562723,220880,42,3,2,3,463,3,120,3,70,0,4,6,0,0,0,1,1,2,0,0,2,1,1,1,2,23,5,3,0,0,0,0,0,9,3,9
3,2,9,0,18,0,0,0,0,0,0,1,1,2,2,27,6,1242,1,7,1,1,2,518600,166720,1,2,1,5,23,3,240,6,30,0,4,6,0,0,0,1,1,1,0,0,1,1,1,1,2,27,6,3,0,0,0,0,0,9,1,9
3,1,1,0,18,0,8,0,0,0,0,1,1,6,1,31,6,1598,1,8,1,1,1,525880,170060,1,1,1,6,22,3,238,6,30,3,4,6,0,0,4,1,1,1,0,0,1,1,1,1,1,31,6,3,0,0,0,0,0,1,1,8
3,1,9,0,16,0,0,1,0,0,0,1,1,2,1,20,4,1348,1,14,1,4,2,180547,58976,50,2,4,5,596,6,0,6,60,0,4,6,0,0,0,1,1,1,0,0,2,1,4,2,1,15,3,3,0,0,1,0,0,9,3,4
3,1,9,0,18,0,1,0,0,0,0,1,1,1,1,25,5,1598,1,8,1,1,2,470136,112836,44,2,1,2,497,3,3,6,30,3,4,6,0,0,0,1,1,1,0,0,1,1,1,1,1,33,6,3,0,0,0,0,0,9,1,5
3,1,9,0,18,0,0,1,0,0,0,1,2,6,2,25,5,1598,1,8,1,3,2,363220,472660,4,2,3,5,76,3,687,6,60,0,4,6,0,0,0,6,1,1,0,0,2,1,3,2,2,32,6,3,0,0,1,0,0,9,1,5
3,2,9,0,2,0,0,0,0,0,0,3,1,6,3,38,7,1598,1,15,1,1,2,559391,99246,47,2,1,4,551,3,259,6,40,0,4,6,0,0,0,1,9,1,0,0,1,2,1,1,1,33,6,3,0,0,0,0,0,9,1,5
3,1,9,0,5,0,2,0,0,0,0,1,1,6,2,46,8,1956,2,1,1,1,2,575980,155510,46,2,1,7,536,3,229,2,30,6,2,6,0,0,5,1,1,1,0,0,1,1,1,1,1,33,6,3,0,0,0,0,0,9,1,5
2,2,10,0,18,0,1,0,0,0,0,0,1,1,1,57,9,1598,2,8,1,4,2,455209,334245,31,2,4,5,346,6,0,6,30,3,4,6,0,0,0,1,1,1,0,0,1,2,3,2,2,33,6,3,0,0,0,0,0,10,1,6
3,2,20,0,18,0,1,0,0,0,0,1,1,1,1,53,8,2198,2,1,1,1,2,550250,162790,46,2,1,6,538,1,25,3,70,5,4,6,0,0,0,1,1,1,0,0,2,1,1,1,1,33,6,3,0,0,0,0,0,9,1,5
3,1,9,0,9,0,3,0,0,0,0,4,1,6,1,53,8,1461,2,11,1,1,2,569428,189508,42,2,1,3,450,3,176,1,50,1,1,3,1235,0,0,4,1,1,0,0,2,1,1,1,1,53,8,3,0,0,0,0,0,9,1,1
2,2,9,0,18,0,8,0,0,0,0,1,1,6,1,30,6,2000,2,10,1,4,2,540270,188750,1,2,4,6,14,3,113,6,30,6,4,5,0,0,1,4,1,1,0,0,1,1,2,1,1,30,6,2,0,0,0,0,0,9,1,5
2,1,1,0,18,0,0,0,0,0,0,1,1,6,1,14,3,1598,1,8,3,1,2,366033,392524,7,2,1,6,128,3,574,6,30,0,4,6,0,0,0,1,1,1,0,0,2,1,1,1,1,14,3,2,0,0,0,0,0,1,3,9
3,1,1,0,18,0,8,0,0,0,0,1,1,6,1,26,6,1598,1,8,1,1,2,534870,176210,1,2,1,2,8,6,0,6,30,3,4,6,0,0,0,1,1,1,0,0,1,1,1,1,1,26,6,3,0,0,0,0,0,1,1,3
3,2,9,0,4,0,0,0,0,0,0,2,1,6,2,48,8,1198,1,8,1,1,3,405109,95209,55,3,1,4,640,3,348,6,40,0,4,6,0,0,0,4,1,1,0,0,1,1,1,1,2,48,8,3,0,0,0,0,0,9,1,8
3,1,9,0,5,0,1,0,0,0,0,3,1,6,1,48,8,1769,1,13,1,1,1,530790,182790,1,1,1,6,3,3,201,6,30,3,2,3,201,0,5,4,1,1,0,0,1,1,1,3,1,60,9,3,1,3,0,0,2,0,3,5
3,1,9,0,5,0,1,0,0,0,0,3,1,3,2,43,7,1598,1,10,1,1,1,545501,208902,42,1,1,5,457,6,0,6,30,5,1,6,0,1,1,1,1,2,0,0,1,1,1,3,2,9,2,3,4,3,0,0,0,0,1,5
3,1,9,0,18,0,0,0,0,0,0,1,1,6,2,26,6,1328,1,9,1,1,1,507855,427714,16,1,1,7,228,6,0,6,30,0,4,6,0,0,4,1,1,1,0,0,1,1,1,3,2,14,3,3,1,1,0,0,0,0,1,2
3,2,9,0,3,0,1,0,0,0,0,2,1,6,2,18,4,1200,1,8,1,3,3,425972,562001,10,3,3,1,146,4,1296,6,30,3,2,5,323,0,0,4,1,1,0,0,1,1,2,2,1,19,4,3,0,0,1,0,0,9,1,1
3,1,9,0,5,0,1,0,0,0,0,1,1,6,1,38,7,1598,1,8,1,1,2,435840,282180,20,2,1,1,302,4,4082,3,30,3,2,4,4082,0,5,1,1,1,0,0,1,2,1,1,1,33,6,3,0,0,0,0,0,9,1,5
3,3,19,0,18,0,0,0,0,0,0,1,1,1,1,38,7,1598,1,8,1,2,3,329564,187386,61,3,2,6,733,6,0,6,30,0,4,6,0,0,0,1,1,1,0,0,1,1,2,1,1,33,6,3,0,0,0,0,0,19,1,5
3,2,9,0,9,0,6,0,0,0,0,1,1,6,2,18,4,1199,1,13,2,2,2,545630,259930,35,2,2,1,390,3,1134,6,30,3,4,6,0,0,0,1,1,2,0,0,1,1,2,1,2,18,4,3,0,0,0,0,0,9,2,6
3,1,3,0,18,0,8,0,0,0,0,1,1,6,1,32,6,1598,1,8,1,1,2,528370,174700,1,2,1,7,10,3,205,6,30,3,4,5,0,0,1,4,1,1,0,0,1,1,1,1,1,32,6,3,0,0,0,0,0,3,1,4
3,2,9,0,18,0,1,0,0,0,0,3,1,6,2,22,5,1242,1,10,3,1,2,613640,157750,46,2,1,5,531,6,3105,6,30,3,4,6,0,0,0,1,1,1,0,0,1,1,1,1,2,22,5,3,0,0,0,0,0,9,3,4
3,1,9,0,4,0,0,0,0,0,0,1,1,6,2,62,9,1598,1,8,1,1,2,445559,123252,44,2,1,5,502,1,3,3,70,0,4,6,0,0,0,1,1,1,0,0,2,1,1,1,1,33,6,3,0,0,0,0,0,9,1,5
3,1,9,0,18,0,1,0,0,0,0,1,1,6,1,47,8,1998,1,20,2,1,2,554740,156750,46,2,1,7,538,3,25,6,30,8,4,6,0,0,0,1,1,2,0,0,1,2,1,1,1,33,6,3,0,0,0,0,0,9,1,5
3,1,9,0,18,0,0,2,0,1,9,1,1,6,2,17,4,1598,1,11,3,1,1,565309,247486,37,1,1,2,414,5,669,6,60,0,4,6,0,0,0,1,1,2,7,0,2,1,1,1,2,17,4,3,0,0,0,0,0,9,3,7
2,2,9,0,4,0,1,0,0,0,0,2,1,6,2,54,8,1598,1,7,1,10,2,334080,433520,4,2,10,7,71,3,5230,6,40,1,4,6,0,0,8,1,1,1,0,0,2,1,10,2,1,9,2,3,0,0,2,0,0,9,1,8
3,1,9,0,4,0,8,0,0,0,0,3,1,6,1,41,7,1997,1,1,1,2,2,518490,187910,1,2,2,6,28,5,0,6,30,3,4,6,0,0,0,7,1,1,0,0,1,1,2,1,1,41,7,3,0,0,0,0,0,9,1,4
3,2,9,0,7,0,8,0,0,0,0,3,1,6,3,38,7,1397,1,5,1,1,2,515680,187820,1,2,1,5,29,3,404,6,30,3,4,6,0,0,0,4,1,1,0,0,1,2,1,1,1,33,6,3,0,0,0,0,0,9,1,5
2,2,9,0,18,0,8,0,0,0,0,1,1,6,3,38,7,1598,1,8,1,1,2,460162,84609,44,2,1,2,505,4,3329,6,30,3,4,6,0,0,0,1,1,1,0,0,1,2,1,1,1,33,6,3,0,0,0,0,0,9,1,5
3,1,9,0,18,0,8,1,0,7,9,1,1,2,2,19,4,1596,1,6,2,2,2,437806,274193,23,2,2,5,292,3,423,6,60,9,4,6,0,0,0,6,1,1,0,0,2,1,2,2,1,20,4,3,0,0,1,0,0,9,2,9
3,2,9,0,4,0,1,0,0,0,0,2,1,6,2,63,9,1299,1,14,1,2,2,335150,433780,4,2,2,4,71,3,583,1,40,1,4,1,55,0,0,1,2,2,0,0,1,1,2,1,2,63,9,3,0,0,0,0,0,9,1,4
3,1,9,0,7,0,1,0,0,0,0,4,1,6,1,19,4,999,1,3,1,4,2,538394,209126,41,2,4,2,430,6,468,2,30,8,4,6,0,0,0,1,1,1,0,0,1,1,3,2,2,18,4,3,0,0,1,0,0,9,1,6
3,2,9,0,3,0,0,0,0,0,0,2,1,6,1,40,7,2993,2,11,1,1,4,438312,430243,13,4,1,4,204,3,642,6,30,0,4,6,0,0,0,1,1,1,0,0,2,1,1,1,1,40,7,3,0,0,0,0,0,9,1,5
3,2,9,0,4,0,1,0,0,0,0,2,1,6,1,78,11,1598,2,5,1,2,4,390152,165163,54,4,2,7,635,3,350,6,30,8,4,6,0,0,0,1,1,1,0,0,1,1,1,1,1,78,11,3,0,0,0,0,0,9,1,6
3,2,19,0,18,0,0,0,0,0,0,0,1,6,1,64,9,1598,1,8,1,2,2,365540,424140,4,2,2,1,70,1,65,3,70,0,4,6,0,0,0,1,2,2,0,0,2,1,1,1,1,33,6,3,0,0,0,0,0,9,1,5
3,1,9,0,18,0,8,0,10,1,1,1,1,2,1,36,7,1997,2,11,1,1,2,410490,290130,20,2,1,3,300,3,38,3,40,3,2,6,0,0,5,1,1,1,0,0,1,1,1,1,1,36,7,3,0,0,0,0,0,9,1,2
3,1,8,0,18,0,8,0,0,0,0,4,1,1,1,62,9,2496,2,16,1,1,2,524080,175460,1,2,1,7,10,3,219,6,30,3,4,6,0,0,0,4,1,1,0,0,1,2,1,1,1,62,9,3,0,0,0,0,0,8,1,7
3,2,9,0,17,0,0,0,0,0,0,1,1,6,2,38,7,1598,1,8,3,1,2,331057,101071,50,2,1,6,580,3,358,6,30,0,4,6,0,0,0,1,1,1,5,0,2,1,1,1,2,33,6,3,0,0,0,0,0,9,3,8
3,2,9,0,7,0,8,0,0,0,0,1,1,6,3,38,7,1598,1,8,1,1,2,533640,188880,1,2,1,2,31,3,503,3,30,3,2,3,10,0,5,1,1,1,0,0,1,2,1,1,1,33,6,3,0,0,0,0,0,9,1,5
3,2,9,0,18,0,1,0,0,2,7,4,1,6,2,59,9,898,1,1,1,5,2,355340,422050,4,2,5,6,83,1,6,7,70,9,4,6,0,0,0,1,1,2,0,0,1,1,4,2,2,40,7,3,0,0,2,0,0,9,1,8
2,2,9,0,17,0,1,0,4,0,0,3,1,6,1,47,8,1598,1,8,2,2,3,299729,192048,62,3,2,6,744,4,4278,6,30,3,4,6,0,0,0,4,2,2,0,0,1,1,2,1,1,47,8,3,0,0,0,0,0,9,2,5
1,2,19,0,2,0,0,0,0,0,0,2,1,6,1,48,8,1598,1,8,1,2,3,257861,664183,97,3,2,2,926,6,0,3,30,0,4,6,0,0,4,1,1,1,0,0,1,1,2,3,1,48,8,2,9,5,0,0,0,0,1,5
3,2,9,0,18,0,4,0,0,0,0,1,1,1,2,34,6,1598,1,7,2,1,2,393350,397180,6,2,1,5,110,4,6169,1,30,2,4,5,0,0,8,1,1,2,0,0,1,2,1,1,1,33,6,3,0,0,0,0,0,9,1,5
3,2,2,0,17,0,1,0,0,0,0,1,1,6,1,16,4,49,1,1,1,1,2,330445,148813,52,2,1,7,607,6,0,6,30,3,4,6,0,0,5,1,1,1,0,0,1,1,1,1,1,16,4,3,0,0,0,0,0,2,1,4
3,1,9,0,18,0,0,1,0,0,0,1,1,2,2,24,5,1598,1,8,3,1,2,238190,244210,63,2,1,4,750,6,0,6,60,0,4,6,0,0,0,1,2,2,0,0,2,1,1,1,1,33,6,3,0,0,0,0,0,9,1,5
3,2,9,0,3,0,0,0,0,0,0,2,1,6,2,28,6,1229,1,1,1,3,2,385752,352455,21,2,3,3,257,3,527,6,40,0,4,6,0,0,0,4,1,1,0,7,2,2,3,2,1,30,6,3,0,0,1,0,0,9,1,2
3,1,9,0,12,0,0,0,0,0,0,3,1,6,2,23,5,1149,1,5,1,1,2,432250,334860,30,2,1,2,323,3,516,6,40,0,4,6,0,0,0,1,1,1,0,0,1,1,1,1,1,33,6,3,0,0,0,0,0,9,1,5
3,1,8,0,18,0,8,0,0,0,0,4,1,1,1,46,8,1598,1,8,1,1,1,466420,101425,44,1,1,6,498,6,0,6,30,8,4,6,0,0,0,4,1,1,0,0,1,1,1,3,2,1,1,3,5,2,0,0,0,0,1,7
3,1,9,0,16,0,2,0,0,1,4,1,1,6,1,61,9,2393,1,3,3,1,1,485782,154626,44,1,1,7,499,3,327,6,30,1,4,6,0,0,0,1,1,1,0,0,1,1,1,1,1,61,9,3,0,0,0,0,0,9,3,4
3,1,9,0,5,0,0,0,0,0,0,4,1,6,1,67,10,1339,1,4,1,1,1,272237,654960,97,1,1,3,938,3,723,6,30,0,4,6,0,0,0,1,1,1,0,0,1,1,1,3,1,60,9,3,5,1,0,0,0,0,1,5
3,2,9,0,18,0,0,0,0,0,0,2,1,6,1,53,8,973,1,15,1,1,2,466474,420864,16,2,1,5,231,1,62,3,70,0,4,6,0,0,0,6,4,2,0,0,2,1,1,2,2,46,8,3,0,0,2,0,0,9,1,1
3,1,9,0,9,0,6,0,0,0,0,1,1,5,3,38,7,1596,1,14,1,1,2,422633,301248,21,2,1,5,258,4,5404,6,30,3,4,5,373,0,0,1,1,1,0,0,1,2,1,1,1,33,6,3,0,0,0,0,0,9,1,5
3,1,9,0,7,0,1,0,0,0,0,4,1,6,2,28,6,1560,2,7,1,2,2,535640,199840,1,2,2,3,32,3,105,6,30,3,4,6,0,0,0,4,2,2,0,0,1,1,2,2,1,7,2,3,0,0,1,0,0,9,1,5
3,4,9,0,2,0,0,0,0,0,0,1,1,6,3,38,7,1598,1,8,1,2,4,380960,387830,6,4,2,7,102,6,0,6,30,0,4,6,0,0,0,4,1,1,0,0,1,1,1,1,1,33,6,3,0,0,0,0,0,9,1,5
3,2,9,0,18,0,1,0,0,0,0,1,1,6,1,55,8,1339,1,11,1,2,2,515590,189150,1,2,2,3,29,3,409,6,30,3,4,6,0,0,8,1,2,2,0,0,1,1,1,1,1,33,6,3,0,0,0,0,0,9,1,5
3,2,1,0,18,0,0,0,0,0,0,3,1,6,1,12,3,1598,1,8,1,1,2,530260,186190,1,2,1,4,3,3,1,6,30,0,4,6,0,0,0,1,1,1,0,0,1,1,1,1,1,12,3,3,0,0,0,0,0,1,1,2
3,2,19,0,11,0,0,0,0,0,0,2,1,6,1,23,5,1995,2,2,1,1,2,575559,169896,46,2,1,1,544,3,289,3,50,0,4,6,0,0,0,1,1,1,0,0,2,1,1,1,1,33,6,3,0,0,0,0,0,9,1,5
3,1,9,0,18,0,1,0,10,1,5,1,1,6,2,72,10,1198,1,1,3,1,1,313880,670640,95,1,1,7,923,6,0,6,30,3,4,6,0,0,0,1,1,1,0,0,2,2,1,1,2,72,10,3,0,0,0,0,0,9,3,5
3,2,9,0,2,0,1,0,0,0,0,0,1,6,1,25,5,1796,1,11,1,1,2,331210,434160,4,2,1,6,71,6,0,6,30,9,4,6,0,0,0,1,1,1,0,0,1,1,1,1,1,33,6,3,0,0,0,0,0,9,1,5
3,1,9,0,18,0,8,0,0,0,0,1,1,6,1,67,10,1598,1,8,2,1,2,497679,362219,32,2,1,4,353,3,607,6,60,6,2,5,103,0,0,1,9,1,0,0,2,2,1,1,1,33,6,3,0,0,0,0,0,9,1,5
3,1,9,0,13,0,0,0,0,0,0,1,1,6,2,41,7,1686,2,8,1,2,2,526790,105827,47,2,2,2,565,3,270,3,30,0,4,6,0,0,8,4,1,1,0,0,1,1,1,1,1,33,6,3,0,0,0,0,0,9,1,5
3,1,11,0,18,0,0,0,0,0,0,1,1,1,1,63,9,4461,2,1,1,1,1,508179,222623,40,1,1,5,421,6,0,6,20,0,4,6,0,0,1,1,1,1,0,0,1,1,1,3,1,59,9,3,6,9,0,0,0,0,1,6
3,1,9,0,16,0,8,0,0,0,0,1,1,6,2,60,9,1598,1,8,1,2,2,364100,220070,22,2,2,6,285,6,0,6,40,9,4,6,0,0,0,1,1,1,0,0,2,1,1,1,2,60,9,3,0,0,0,0,0,9,1,7
3,2,9,0,18,0,3,0,0,0,0,3,1,6,2,30,6,1250,1,9,1,1,2,413780,290670,20,2,1,3,300,3,47,1,30,1,4,3,452,0,0,1,1,1,4,0,1,2,1,1,2,30,6,3,0,0,0,0,0,9,1,1
3,3,9,0,11,0,0,0,0,0,0,4,1,6,2,46,8,2993,2,8,3,3,4,485460,157330,44,4,3,6,499,1,3,3,50,0,4,6,0,0,0,6,1,1,3,0,1,1,1,1,1,33,6,3,0,0,0,0,0,9,1,5
3,1,9,0,13,0,3,0,0,0,0,1,1,6,2,35,6,1598,1,7,1,1,2,515594,131255,47,2,1,5,562,3,281,1,30,1,4,3,24,0,0,1,1,1,0,0,2,2,1,1,1,33,6,3,0,0,0,0,0,9,1,5
3,1,9,0,18,0,8,0,0,0,0,1,1,6,1,19,4,1796,1,10,1,6,2,540620,181530,1,2,6,4,17,5,0,6,30,3,4,6,0,0,0,1,1,1,0,0,1,1,2,2,2,19,4,3,0,0,1,0,0,9,1,5
3,1,9,0,4,0,8,0,0,0,0,2,1,6,2,65,9,1598,1,3,1,1,2,416411,93300,55,2,1,4,641,3,35,1,40,1,4,4,3347,0,0,1,1,1,0,0,2,1,1,1,1,33,6,3,0,0,0,0,0,9,1,5
3,2,9,0,4,0,0,0,0,0,0,2,1,6,1,43,7,1242,1,8,1,3,3,393070,411890,6,3,3,6,106,1,62,3,70,0,4,6,0,0,0,7,5,5,0,0,2,1,2,2,1,9,2,3,0,0,1,0,0,9,1,10
3,2,9,0,4,0,0,1,11,0,0,1,1,6,3,38,7,1389,1,15,1,1,2,366488,84904,55,2,1,6,646,4,3159,6,30,0,4,6,0,0,0,4,1,1,0,2,2,1,1,1,1,33,6,3,0,0,0,0,0,9,1,5
3,3,9,0,18,0,1,0,0,0,0,0,1,6,2,66,10,1560,2,3,1,2,3,381130,425300,4,3,2,5,82,3,682,6,30,3,4,6,0,0,1,1,1,2,0,0,1,1,1,1,1,33,6,3,0,0,0,0,0,9,1,5
3,1,9,0,9,0,5,0,0,0,0,1,1,6,3,38,7,1598,1,8,1,1,1,355740,429990,4,1,1,6,79,6,0,6,30,3,2,3,59,0,4,4,2,2,0,0,1,1,1,3,2,12,3,3,5,3,0,0,0,0,1,1
2,1,9,0,18,0,5,0,0,0,0,1,1,6,2,58,9,1598,1,8,1,1,3,260720,210890,63,3,1,4,751,3,483,6,30,3,4,6,0,0,0,4,2,2,0,2,1,1,1,1,1,33,6,3,0,0,0,0,0,9,1,5
3,3,9,0,18,0,8,0,10,1,0,2,1,6,1,47,8,4163,2,7,1,3,4,522520,180960,1,4,3,5,11,3,40,3,40,3,4,5,0,0,0,4,2,2,0,0,1,1,2,1,1,47,8,3,0,0,0,0,0,9,1,5
3,1,9,0,5,0,6,0,0,0,0,1,1,3,2,39,7,2461,2,15,2,1,2,395243,321198,21,2,1,5,255,6,22,6,30,3,4,6,22,0,0,1,1,1,0,0,1,2,1,1,1,33,6,3,0,0,0,0,0,9,1,5
3,1,11,0,4,0,8,0,0,0,0,0,1,6,1,58,9,4500,2,5,1,5,1,548480,175370,1,1,5,2,18,3,207,6,30,3,4,6,0,0,4,1,1,1,0,0,1,1,1,2,2,21,5,3,0,0,0,3,0,11,1,7
3,2,19,0,17,0,8,0,0,0,0,1,1,1,1,31,6,1248,2,4,1,2,2,348600,468730,4,2,2,4,76,6,0,6,30,9,4,6,0,0,0,1,1,1,0,0,2,1,2,1,1,31,6,3,0,0,0,0,0,19,1,5
3,1,9,0,9,0,6,0,0,0,0,1,1,6,1,19,4,1968,2,3,1,1,2,417406,432950,13,2,1,1,200,3,647,6,30,3,4,6,0,0,0,1,1,1,0,0,1,1,1,1,1,33,6,3,0,0,0,0,0,9,1,5
3,1,9,0,9,0,5,0,0,0,0,1,1,1,1,31,6,1686,2,3,1,2,2,434840,335730,30,2,2,2,323,3,601,6,30,3,4,6,0,0,0,4,2,2,0,0,1,1,2,2,1,31,6,3,0,0,1,0,0,9,1,5
2,1,9,0,13,0,0,0,0,0,0,0,1,6,3,38,7,1598,1,8,1,1,2,500213,178684,43,2,1,1,473,3,4,6,40,0,4,6,0,0,0,1,1,1,0,0,1,2,1,1,1,33,6,3,0,0,0,0,0,9,1,5