accident_severity,vehicle_reference,vehicle_type,towing_and_articulation,vehicle_manoeuvre,vehicle_location-restricted_lane,junction_location,skidding_and_overturning,hit_object_in_carriageway,vehicle_leaving_carriageway,hit_object_off_carriageway,1st_point_of_impact,was_vehicle_left_hand_drive?,journey_purpose_of_driver,sex_of_driver,age_of_driver,age_band_of_driver,engine_capacity_(cc),propulsion_code,age_of_vehicle,driver_home_area_type,NUmber_of_Casualities_unique_to_accident_index,No_of_Vehicles_involved_unique_to_accident_index,location_easting_osgr,location_northing_osgr,police_force,number_of_vehicles,number_of_casualties,day_of_week,local_authority_(district),1st_road_class,1st_road_number,road_type,speed_limit,junction_detail,junction_control,2nd_road_class,2nd_road_number,pedestrian_crossing-human_control,pedestrian_crossing-physical_facilities,light_conditions,weather_conditions,road_surface_conditions,special_conditions_at_site,carriageway_hazards,urban_or_rural_area,did_police_officer_attend_scene_of_accident,casualty_reference,casualty_class,sex_of_casualty,age_of_casualty,age_band_of_casualty,casualty_severity,pedestrian_location,pedestrian_movement,car_passenger,bus_or_coach_passenger,pedestrian_road_maintenance_worker,casualty_type,casualty_home_area_type,casualty_imd_decile
3,2,9,0,18,0,8,0,0,2,0,0,1,4,1,18,4,998,1,7,1,2,2,564588,134240,47,2,2,4,556,6,0,6,60,6,4,6,0,0,0,1,1,1,0,0,2,1,2,2,1,17,4,3,0,0,2,0,0,9,1,10
2,2,9,0,4,0,1,0,0,0,0,2,1,1,2,25,5,1995,2,4,1,1,2,548960,268850,35,2,1,5,395,3,10,1,60,1,4,6,0,0,0,1,1,2,0,0,2,1,1,1,1,33,6,3,0,0,0,0,0,9,1,5
3,2,9,0,18,0,1,0,0,0,11,3,1,6,2,35,6,1598,1,8,3,2,2,385482,850432,92,2,2,7,911,6,0,6,60,6,4,6,0,0,0,1,1,1,0,0,2,1,1,1,2,35,6,3,0,0,0,0,0,9,3,5
3,2,5,0,18,0,8,0,0,0,0,1,1,2,1,27,6,883,1,11,1,1,2,390818,383742,7,2,1,3,129,3,5149,6,30,8,4,6,0,0,0,4,1,1,0,0,1,1,1,1,1,27,6,3,0,0,0,0,0,5,1,7
3,1,9,0,4,0,0,0,0,0,0,1,1,6,1,27,6,1598,1,12,1,6,3,535860,163680,1,3,6,7,20,3,212,6,30,0,4,6,0,0,0,1,1,1,0,0,1,1,1,1,1,27,6,3,0,0,0,0,0,9,1,1
3,2,9,0,18,0,8,0,0,0,0,1,1,6,2,32,6,1968,2,9,1,3,2,437080,374520,30,2,3,7,322,4,6050,6,40,3,4,6,0,0,0,1,4,1,0,0,1,1,3,2,2,57,9,3,0,0,1,0,0,9,1,9
3,2,8,0,5,0,1,0,0,0,0,1,1,1,1,41,7,1798,8,1,1,1,2,532720,180250,1,2,1,6,8,3,3,6,30,3,2,6,0,0,5,1,1,1,0,0,1,1,1,1,1,33,6,3,0,0,0,0,0,9,1,5
3,2,19,0,18,0,0,0,0,0,0,2,1,1,1,53,8,1997,2,8,1,1,2,517411,157004,45,2,1,2,512,1,25,3,40,0,4,6,0,0,0,1,1,1,0,0,2,1,1,1,1,33,6,3,0,0,0,0,0,9,1,5
3,1,9,0,18,0,0,0,0,0,0,1,1,6,1,83,11,1235,1,23,1,1,1,390110,297156,20,1,1,5,309,4,4161,1,30,0,4,6,0,0,1,1,2,2,0,0,1,1,1,3,2,29,6,3,1,1,0,0,0,0,1,1
3,2,5,0,14,0,0,0,0,0,0,1,1,6,1,59,9,1199,1,15,1,2,2,427315,553839,10,2,2,7,146,3,167,6,30,0,4,6,0,0,0,1,1,1,0,0,1,2,2,2,2,59,9,3,0,0,0,0,0,5,1,5
2,1,9,0,18,0,0,0,4,0,0,1,1,2,1,48,8,1598,1,8,1,1,3,572420,158520,46,3,1,5,542,1,20,3,70,0,4,6,0,0,0,1,1,1,0,3,1,1,1,1,1,48,8,2,0,0,0,0,0,9,1,4
3,2,5,0,7,0,8,0,0,0,0,4,1,6,1,31,6,749,1,15,1,1,2,396060,297090,20,2,1,4,309,6,0,6,30,8,4,6,0,0,0,4,8,2,0,0,1,2,1,1,1,31,6,3,0,0,0,0,0,5,1,1
3,2,1,0,18,0,8,0,0,0,0,2,1,6,1,26,6,1598,1,8,1,1,2,531030,180150,1,2,1,6,9,3,301,1,30,1,4,3,3200,0,0,1,1,1,0,0,1,1,1,1,1,26,6,3,0,0,0,0,0,1,1,5
3,1,19,0,18,0,8,0,0,0,0,1,1,6,1,54,8,2402,2,11,1,2,2,527320,181920,1,2,2,3,1,6,0,6,30,6,4,6,0,0,0,1,1,1,0,0,1,1,1,1,1,54,8,3,0,0,0,0,0,19,1,3
3,1,9,0,18,0,0,0,0,0,0,1,1,2,1,48,8,1596,1,8,1,1,1,568054,193670,42,1,1,5,450,3,129,6,30,0,4,6,0,0,0,1,1,1,0,0,2,2,1,3,1,33,6,3,5,3,0,0,0,0,1,6
3,2,19,0,18,0,8,0,0,0,0,1,1,1,1,37,7,1995,2,6,1,1,2,453276,87412,44,2,1,6,505,6,0,6,60,3,4,6,0,0,0,1,1,1,0,0,2,1,1,1,1,33,6,3,0,0,0,0,0,9,1,5
3,2,3,0,13,0,0,0,0,0,0,1,1,2,2,25,5,125,1,5,1,1,2,455040,345588,31,2,1,3,346,3,611,6,30,0,4,6,0,0,0,1,1,1,4,0,1,1,1,1,2,25,5,3,0,0,0,0,0,3,1,2
3,1,3,0,11,0,0,0,0,0,0,4,1,6,1,31,6,1598,1,8,1,1,2,385260,387530,6,2,1,3,109,3,34,3,50,0,4,6,0,0,0,5,1,1,0,0,1,1,1,1,1,33,6,3,0,0,0,0,0,9,1,5
3,2,9,0,18,0,1,0,0,0,0,1,1,6,1,82,11,1390,1,8,1,2,2,335963,388394,5,2,2,2,91,6,0,6,30,7,4,6,0,0,0,1,1,1,0,0,1,1,1,1,1,33,6,3,0,0,0,0,0,9,1,5
3,2,1,0,18,0,0,0,0,0,0,3,1,6,1,15,3,1598,1,8,1,1,2,528330,182210,1,2,1,6,1,6,0,6,30,0,4,6,0,0,0,4,1,1,0,0,1,1,1,1,1,15,3,3,0,0,0,0,0,1,1,3
3,1,8,0,9,0,8,0,0,0,0,2,1,6,1,36,7,1598,1,8,1,6,2,525100,180130,1,2,6,2,12,5,0,6,30,3,4,6,0,0,0,1,1,1,0,0,1,1,1,1,1,36,7,3,0,0,0,0,0,8,1,8
3,1,11,0,18,0,1,0,0,1,1,4,1,1,1,49,8,7300,2,11,1,1,1,418209,93562,55,1,1,7,641,4,3059,6,40,3,4,6,0,0,8,1,1,1,0,0,1,2,1,2,2,57,9,3,0,0,0,3,0,11,1,2
3,2,9,0,3,0,1,0,0,0,0,2,1,6,1,50,8,1596,1,8,2,1,2,379540,433610,4,2,1,6,72,6,0,6,30,9,4,6,0,0,0,1,5,2,0,0,1,1,1,1,1,33,6,3,0,0,0,0,0,9,1,5
3,1,9,0,17,0,8,0,0,0,0,1,1,2,2,21,5,1061,1,10,1,1,2,518520,182600,1,2,1,4,27,3,40,1,30,1,2,3,406,0,5,4,1,2,0,0,1,1,1,1,2,21,5,3,0,0,0,0,0,9,1,3
3,2,9,0,18,0,1,0,0,0,0,2,1,6,1,27,6,1596,1,6,1,2,2,343446,366728,7,2,2,6,130,3,51,3,50,6,2,3,41,0,0,1,1,1,0,0,2,2,2,2,2,25,5,3,0,0,1,0,0,9,2,9
3,2,9,0,18,0,1,0,0,0,0,2,1,6,1,35,6,1896,2,7,3,1,2,600355,224388,42,2,1,7,455,6,0,6,30,6,2,6,0,0,5,1,1,1,0,0,1,1,1,1,1,35,6,3,0,0,0,0,0,9,3,9
3,2,9,0,7,0,6,0,0,0,0,3,1,6,1,32,6,2993,2,4,1,1,2,525370,183690,1,2,1,5,2,3,5,6,30,3,4,3,5,0,0,1,1,1,0,0,1,1,1,1,1,33,6,3,0,0,0,0,0,9,1,5
2,1,20,0,18,0,0,0,0,0,0,4,1,1,1,59,9,1598,1,8,1,1,1,523320,178630,1,1,1,5,11,3,315,6,30,0,4,6,0,0,4,1,1,1,0,0,1,1,1,3,2,53,8,2,10,9,0,0,2,0,1,3
3,1,5,0,17,0,0,1,0,1,10,1,1,6,1,50,8,599,1,16,1,1,1,432986,219581,43,1,1,1,485,4,4437,6,60,0,4,6,0,0,0,1,1,1,0,0,2,1,1,1,1,50,8,3,0,0,0,0,0,5,1,5
3,2,9,0,18,0,0,0,0,0,0,3,1,6,2,45,7,1997,1,4,1,2,2,508750,191510,1,2,2,3,26,4,469,6,30,0,4,6,0,0,0,1,1,1,0,0,1,1,1,1,2,45,7,3,0,0,0,0,0,9,1,10
3,1,9,0,18,0,0,0,0,0,0,1,1,6,2,22,5,1242,1,9,1,3,2,530444,140942,47,2,3,1,560,1,23,3,70,0,4,6,0,0,0,6,1,1,4,0,2,1,1,1,2,22,5,3,0,0,0,0,0,9,1,6
3,2,1,0,18,0,1,0,0,0,0,3,1,6,1,14,3,1598,1,8,1,1,2,339247,386082,5,2,1,4,91,6,0,6,30,6,4,6,0,0,0,1,1,1,0,0,1,2,1,1,1,14,3,3,0,0,0,0,0,1,1,9
3,3,9,0,4,0,0,0,0,0,0,2,1,1,1,54,8,1596,1,10,3,1,4,577192,310917,36,4,1,4,400,3,47,6,60,0,4,6,0,0,0,1,1,1,0,0,2,1,1,1,1,54,8,3,0,0,0,0,0,9,3,4
3,1,9,0,18,0,0,0,0,0,0,1,1,6,1,71,10,1596,1,12,1,4,2,506756,217462,41,2,4,7,431,4,4540,6,30,0,4,6,0,0,0,6,1,2,0,0,2,1,1,1,1,33,6,3,0,0,0,0,0,9,1,5
3,2,9,0,3,0,1,0,0,0,0,2,1,6,1,71,10,3175,1,14,3,1,3,457386,104683,44,3,1,1,492,4,3385,6,30,1,4,6,0,0,0,1,1,1,4,0,1,1,1,2,1,35,6,3,0,0,2,0,0,9,1,10
3,2,9,0,4,0,7,0,0,0,0,2,1,6,1,20,4,1229,1,3,2,2,2,415377,311947,21,2,2,5,252,3,38,7,70,3,4,3,38,0,0,1,1,1,0,0,2,2,2,1,1,20,4,3,0,0,0,0,0,9,2,9
3,1,9,0,18,0,8,0,0,0,0,1,1,6,1,50,8,1686,2,9,1,3,2,524312,322599,32,2,3,6,354,3,151,6,30,3,2,5,851,0,5,1,1,1,0,0,1,1,1,1,1,50,8,3,0,0,0,0,0,9,1,8
3,2,1,0,18,0,8,0,0,0,0,2,1,6,2,24,5,1598,1,8,1,1,2,544580,257990,35,2,1,5,390,5,294,6,30,8,4,6,0,0,0,1,1,1,0,0,1,2,1,1,2,24,5,3,0,0,0,0,0,1,1,8
2,1,9,0,2,0,0,0,0,0,0,2,1,6,2,70,10,1560,2,8,2,1,1,351750,275340,22,1,1,6,286,6,0,6,30,0,4,6,0,0,0,1,1,1,0,0,1,1,1,3,2,72,10,2,9,9,0,0,0,0,2,6
3,1,11,0,4,0,1,0,0,0,0,0,1,1,1,36,7,7300,2,10,1,1,1,326370,674880,95,1,1,6,923,3,900,3,30,6,2,6,0,0,5,1,1,1,0,0,1,1,1,2,2,69,10,3,0,0,0,3,0,11,1,5
3,1,9,0,5,0,8,0,0,0,0,1,1,1,1,31,6,1598,1,8,1,1,2,368457,73886,55,2,1,6,646,3,354,6,30,3,4,3,354,0,0,1,4,1,0,0,2,1,1,1,1,33,6,3,0,0,0,0,0,9,1,5
3,1,9,0,18,0,8,0,0,0,0,1,1,6,2,33,6,1248,2,8,1,2,2,442481,111016,44,2,2,6,500,3,33,6,30,3,2,3,33,0,0,4,2,2,0,0,1,1,1,1,2,33,6,3,0,0,0,0,0,9,1,6
3,1,5,0,17,0,0,0,0,1,1,1,1,6,1,21,5,645,1,11,1,1,1,588512,250614,37,1,1,1,410,3,134,6,30,0,4,6,0,0,0,6,1,1,0,0,2,1,1,1,1,21,5,3,0,0,0,0,0,5,1,3
3,1,9,0,18,0,0,0,0,0,0,1,1,6,1,30,6,1242,1,15,3,1,1,337590,504260,3,1,1,7,65,3,591,2,30,0,4,6,0,0,0,1,1,1,0,0,2,1,1,3,1,27,6,3,8,1,0,0,0,0,3,6
3,2,19,0,7,0,6,0,0,0,0,1,1,1,1,38,7,1753,2,7,1,1,2,457135,302844,33,2,1,1,364,3,5460,3,40,3,4,6,1798,0,0,1,1,1,0,0,1,1,1,1,1,33,6,3,0,0,0,0,0,9,1,5
3,1,9,0,18,0,0,1,0,1,0,1,1,6,1,22,5,1995,1,13,3,3,2,578098,123971,47,2,3,2,555,6,0,6,60,0,4,6,0,0,0,1,1,2,0,0,2,1,2,2,1,21,5,3,0,0,1,0,0,9,3,7
3,2,9,0,4,0,2,0,0,0,0,2,1,6,1,38,7,1598,1,8,1,1,2,536120,176890,1,2,1,3,7,3,2,6,30,3,4,6,0,0,4,1,1,2,0,0,1,1,1,1,1,33,6,3,0,0,0,0,0,9,1,2
3,1,5,0,4,0,0,0,0,0,0,1,1,2,1,50,8,998,1,4,1,1,1,515450,174030,1,1,1,2,24,3,316,6,40,0,4,6,0,0,4,1,1,1,0,0,1,1,1,3,1,18,4,3,1,1,0,0,2,0,1,4
3,2,5,0,18,0,8,2,0,0,0,3,1,6,1,29,6,636,1,2,1,1,2,383590,395940,6,2,1,7,102,4,5219,6,30,6,4,6,0,0,4,4,2,2,0,0,1,1,1,1,1,29,6,3,0,0,0,0,0,5,1,5
3,2,9,0,3,0,2,0,0,0,0,2,1,6,1,38,7,1598,1,8,1,1,2,329695,197299,61,2,1,1,734,6,0,6,30,6,2,6,0,0,0,1,1,1,0,0,2,1,1,2,2,9,2,3,0,0,1,0,0,9,1,5
3,2,9,0,9,0,5,0,0,0,0,1,1,6,2,55,8,1597,1,6,1,2,2,509984,192941,41,2,2,7,436,3,4125,6,40,3,4,6,63,0,0,4,5,2,0,0,1,1,2,1,2,55,8,3,0,0,0,0,0,9,1,7
3,1,9,0,12,0,0,5,7,4,6,3,1,6,1,21,5,1149,1,12,1,3,3,587640,164030,46,3,3,6,540,3,249,3,70,0,4,6,0,0,0,1,1,1,0,0,2,1,3,2,2,20,4,3,0,0,2,0,0,9,1,3
3,2,9,0,2,0,0,0,0,0,0,3,1,6,3,38,7,1598,1,8,1,1,2,539710,172410,1,2,1,7,7,5,0,3,30,0,4,6,0,0,0,1,1,1,0,0,1,1,1,1,1,33,6,3,0,0,0,0,0,9,1,5
3,1,19,0,4,0,1,1,0,0,0,1,1,1,1,31,6,2402,2,14,1,1,2,615643,247464,37,2,1,2,412,6,0,6,30,3,4,6,0,0,0,4,8,2,0,0,1,1,1,1,1,33,6,3,0,0,0,0,0,9,1,5
3,2,19,0,9,0,6,0,0,0,0,1,1,6,1,38,7,1753,2,4,1,1,2,443199,291784,33,2,1,4,361,4,4109,6,40,3,4,6,7312,0,8,1,9,1,0,0,1,2,1,1,1,33,6,3,0,0,0,0,0,9,1,5
3,2,9,0,18,0,1,0,0,0,0,3,1,6,1,65,9,1598,1,8,1,1,2,416035,554387,11,2,1,6,169,4,6311,6,30,3,4,3,692,0,0,1,1,1,0,0,1,1,1,1,1,65,9,3,0,0,0,0,0,9,1,7
2,1,9,0,17,0,0,1,4,0,0,1,1,6,2,18,4,1498,1,10,1,3,5,538440,193690,1,5,3,3,13,5,0,6,30,0,4,6,0,0,0,4,2,2,0,0,1,1,3,2,1,15,3,2,0,0,2,0,0,9,1,2
3,1,9,0,17,0,0,5,0,0,0,1,1,6,2,55,8,996,1,2,1,2,1,643893,268136,37,1,2,1,415,4,1125,6,60,0,4,6,0,0,0,1,1,1,5,7,2,1,1,1,2,55,8,3,0,0,0,0,0,9,1,4
3,3,9,0,4,0,0,0,0,0,0,2,1,6,1,43,7,1968,2,3,1,2,3,518510,178300,1,3,2,7,25,3,4,3,40,0,4,6,0,0,0,4,1,1,0,0,1,1,1,1,1,33,6,3,0,0,0,0,0,9,1,5
3,1,9,0,18,0,0,0,0,0,0,4,1,6,3,38,7,1598,1,8,1,1,1,378649,114128,55,1,1,5,642,4,3092,6,30,0,4,6,0,0,1,1,1,1,0,0,2,2,1,3,2,35,6,3,4,9,0,0,0,0,2,5
3,1,9,0,18,0,2,0,0,0,0,1,1,6,1,38,7,1797,8,4,1,1,1,406628,288898,20,1,1,3,300,6,0,6,30,3,4,6,0,0,1,1,1,2,0,0,1,1,1,3,2,33,6,3,1,1,0,0,0,0,1,5
3,1,9,0,16,0,0,2,0,1,4,1,1,6,1,19,4,1388,1,12,1,3,1,508750,342654,32,1,3,7,353,5,390,6,60,0,4,6,0,0,0,1,1,1,0,0,2,1,3,2,1,19,4,3,0,0,2,0,0,9,3,5
3,1,1,0,18,0,2,0,0,0,0,4,1,6,1,27,6,1598,1,8,3,1,2,485809,105482,47,2,1,2,559,4,2178,6,30,3,4,6,0,0,4,1,1,1,0,0,1,1,1,1,1,27,6,3,0,0,0,0,0,1,3,6
3,1,3,0,9,0,6,0,0,0,0,3,1,6,1,18,4,125,1,18,3,1,2,508705,124822,47,2,1,3,562,6,0,6,30,3,4,6,0,0,0,1,1,1,0,0,2,1,1,1,1,18,4,3,0,0,0,0,0,3,3,5
3,1,9,0,4,0,1,0,0,0,0,2,1,6,1,48,8,1598,1,8,1,2,2,532780,185270,1,2,2,1,3,3,105,6,20,1,4,3,105,0,1,4,1,1,0,7,1,1,2,2,2,41,7,3,0,0,1,0,0,9,1,6
3,1,19,0,18,0,1,0,0,0,0,3,1,6,1,35,6,2800,2,13,1,1,1,433470,336250,30,1,1,3,323,5,13,6,30,3,4,6,0,0,0,4,2,2,0,0,1,1,1,3,1,8,2,3,5,3,0,0,0,0,1,5
2,3,9,0,3,0,1,0,0,0,0,2,1,2,1,23,5,2494,2,2,2,2,3,293792,668572,95,3,2,3,940,4,8084,6,30,6,2,3,89,0,5,5,1,1,0,0,1,1,1,1,1,33,6,3,0,0,0,0,0,9,1,5
2,3,9,0,18,0,1,0,0,0,0,3,1,2,2,27,6,1587,1,15,1,2,3,459028,90489,44,3,2,2,505,6,0,1,40,2,4,6,0,0,0,1,2,2,0,0,2,1,2,1,2,27,6,3,0,0,0,0,0,9,1,7
3,1,9,0,16,0,8,0,0,0,0,1,1,5,2,24,5,998,1,8,3,1,2,574303,192122,42,2,1,3,450,6,0,6,30,3,4,6,0,0,0,4,1,2,0,0,1,2,1,1,2,24,5,3,0,0,0,0,0,9,3,3
3,1,9,0,4,0,0,0,0,0,0,1,1,1,2,37,7,1248,2,1,1,2,4,328292,391033,5,4,2,6,95,1,53,3,70,0,4,6,0,0,0,1,1,1,0,0,2,1,2,1,2,37,7,3,0,0,0,0,0,9,1,7
2,1,1,0,18,0,0,0,0,0,0,1,1,6,2,31,6,1598,1,8,1,1,2,445343,234946,43,2,1,3,481,6,300,6,60,0,4,6,0,0,0,1,1,1,0,0,2,1,1,1,2,31,6,2,0,0,0,0,0,1,1,10
3,1,9,0,18,0,0,0,0,0,0,1,1,6,1,38,7,1598,1,8,1,1,1,406534,441609,13,1,1,7,200,6,0,6,30,0,4,6,0,0,0,7,1,1,0,0,1,2,1,3,1,13,3,3,10,9,0,0,0,0,1,2
3,1,9,0,4,0,1,0,0,0,0,1,1,6,1,35,6,899,1,16,1,3,2,518090,299260,35,2,3,7,394,5,61,6,30,6,2,6,0,0,4,4,1,1,0,0,1,2,1,1,1,33,6,3,0,0,0,0,0,9,1,5
3,2,90,0,18,0,0,0,0,0,0,1,1,6,1,54,8,1598,1,8,1,1,2,419051,282983,20,2,1,1,306,3,45,3,40,0,4,6,0,0,0,1,9,1,0,0,2,1,1,1,1,33,6,3,0,0,0,0,0,9,1,5
3,2,9,0,18,0,8,0,0,0,0,1,1,6,2,57,9,1685,2,2,1,5,2,332550,433040,4,2,5,4,71,4,5261,6,30,6,2,6,0,0,4,4,1,1,0,0,1,1,2,1,2,57,9,3,0,0,0,0,0,9,1,3
3,3,9,0,4,0,1,0,0,0,0,1,1,6,1,77,11,1968,2,4,1,1,3,269026,56244,50,3,1,3,584,3,3121,6,60,6,4,4,3196,0,0,1,1,2,0,0,2,1,1,1,1,33,6,3,0,0,0,0,0,9,1,5
3,2,9,0,18,0,0,0,0,0,0,2,1,6,1,61,9,1461,2,8,2,1,2,227880,68561,50,2,1,4,596,4,3254,6,60,0,4,6,0,0,0,1,1,1,0,0,2,2,1,2,2,61,9,3,0,0,1,0,0,9,2,5
3,1,9,0,18,6,8,0,0,1,1,1,1,2,1,22,5,1339,1,5,1,1,1,332490,667625,95,1,1,5,929,3,6106,6,50,3,4,6,0,0,0,1,8,3,0,0,1,1,1,1,1,22,5,3,0,0,0,0,0,9,1,5
3,1,9,0,18,0,0,0,0,0,0,2,1,6,2,36,7,1364,2,5,1,1,2,559020,146420,46,2,1,6,542,4,2260,6,30,0,4,6,0,0,5,1,1,1,0,6,1,1,1,1,2,36,7,3,0,0,0,0,0,9,1,4
3,2,9,0,4,0,2,0,0,0,0,2,1,6,2,21,5,1242,1,6,1,2,3,529170,191890,1,3,2,1,32,3,406,6,30,6,2,3,109,0,5,1,8,1,0,0,1,1,1,1,2,21,5,3,0,0,0,0,0,9,1,2
3,1,9,0,5,0,6,0,0,0,0,4,1,6,2,38,7,1497,1,13,1,2,2,412000,294510,20,2,2,7,300,3,5127,6,40,6,4,6,0,0,0,1,1,1,0,0,1,2,1,1,1,33,6,3,0,0,0,0,0,9,1,5
3,2,5,0,15,0,8,0,0,0,0,3,1,6,1,42,7,1137,1,13,1,2,2,533150,178830,1,2,2,6,8,3,2,7,30,3,4,3,2,0,0,1,1,2,0,0,1,1,1,1,1,42,7,3,0,0,0,0,0,5,1,2
3,2,8,0,18,0,1,0,0,0,0,0,1,1,1,40,7,1598,1,8,1,1,2,530678,104564,47,2,1,3,565,4,2121,6,20,3,4,6,0,0,0,1,1,1,0,0,1,1,1,1,1,33,6,3,0,0,0,0,0,9,1,5
3,2,9,0,4,0,0,0,0,0,0,2,1,6,1,69,10,1598,1,8,1,2,2,508959,216507,41,2,2,7,431,1,1,3,70,0,4,6,0,0,0,1,1,1,0,0,2,1,2,2,2,64,9,3,0,0,1,0,0,9,1,3
2,2,9,0,18,0,0,0,0,0,0,1,1,6,2,51,8,1998,1,12,1,2,2,349810,493110,3,2,2,6,65,3,591,3,70,0,4,6,0,0,0,1,5,2,0,0,2,1,2,2,2,77,11,2,0,0,1,0,0,9,1,8
2,1,9,0,18,0,0,0,0,0,0,1,1,6,1,24,5,1995,2,9,1,2,3,409481,284201,20,3,2,6,300,3,41,3,30,0,4,6,0,0,0,4,1,1,0,0,1,1,2,2,1,18,4,2,0,0,2,0,0,9,1,1
3,2,9,0,18,0,0,0,0,0,0,1,1,6,1,49,8,1598,1,5,1,1,2,572010,207094,42,2,1,5,454,6,0,6,30,0,4,6,0,0,0,1,1,2,0,0,1,1,1,1,1,33,6,3,0,0,0,0,0,9,1,5
3,2,5,0,17,0,8,1,0,0,0,1,1,6,1,42,7,999,1,6,2,2,2,289510,854063,91,2,2,1,927,3,939,6,60,3,4,6,0,0,0,1,1,1,0,0,2,1,1,1,1,42,7,3,0,0,0,0,0,5,2,4
3,1,4,0,18,0,0,0,0,0,0,1,1,1,1,22,5,125,1,4,1,1,2,456863,105959,44,2,1,5,492,6,0,6,30,0,4,6,0,0,0,1,1,1,0,0,1,1,1,1,1,22,5,3,0,0,0,0,0,4,1,7
3,1,1,0,9,0,8,0,0,0,0,1,1,6,1,12,3,1598,1,8,2,1,2,319769,567520,98,2,1,7,917,6,934,6,30,3,4,6,0,0,0,1,1,1,0,0,2,1,1,1,1,12,3,3,0,0,0,0,0,1,2,5
2,1,9,0,4,0,0,0,0,0,0,2,1,6,2,51,8,1461,2,1,1,1,2,463869,152623,44,2,1,6,490,6,0,6,30,0,4,6,0,0,0,1,1,1,0,0,1,1,1,1,1,33,6,3,0,0,0,0,0,9,1,5
2,1,9,0,18,0,2,0,0,1,3,1,1,6,1,70,10,1598,1,5,1,2,1,336209,395729,5,1,2,3,91,3,59,6,30,6,4,6,0,0,0,1,1,2,0,0,1,1,2,1,1,70,10,3,0,0,0,0,0,9,1,2
3,4,9,0,2,0,0,0,0,0,0,4,1,6,1,24,5,1242,1,14,1,1,4,391190,413230,6,4,1,4,106,3,640,6,30,0,4,6,0,0,0,4,3,2,0,0,1,1,1,1,1,33,6,3,0,0,0,0,0,9,1,5
3,1,9,0,12,0,1,0,0,0,0,3,1,6,1,43,7,2148,2,6,1,1,2,536280,181120,1,2,1,5,5,3,13,6,30,3,4,6,0,0,0,1,1,1,0,0,1,1,1,1,1,33,6,3,0,0,0,0,0,9,1,5
3,1,9,0,7,0,6,0,0,0,0,1,1,1,2,28,6,1596,1,5,2,2,2,381390,277150,22,2,2,3,278,6,0,6,30,3,4,6,0,0,0,1,1,4,0,0,1,1,1,1,2,28,6,3,0,0,0,0,0,9,2,6
3,1,9,0,18,0,7,1,0,4,6,1,1,6,1,30,6,1598,1,8,1,5,2,382980,405700,6,2,5,6,101,1,66,3,70,5,4,1,60,0,0,1,1,2,0,0,2,1,4,2,2,19,4,3,0,0,2,0,0,9,1,1
1,1,9,0,18,0,2,0,0,0,0,1,1,6,1,22,5,1229,1,8,1,1,1,393049,295300,20,1,1,5,309,3,4123,3,40,3,2,3,4123,0,1,4,2,2,0,0,1,1,1,3,1,69,10,1,1,1,0,0,0,0,1,5
3,1,9,0,18,0,0,0,0,0,0,1,1,6,2,30,6,1896,2,9,1,3,2,141864,25717,50,2,3,4,596,6,0,6,60,0,4,6,0,0,0,1,1,2,0,0,2,1,1,1,2,30,6,3,0,0,0,0,0,9,1,6
3,1,9,0,4,0,0,0,0,0,0,2,1,6,1,26,6,1995,2,4,1,2,2,524340,189290,1,2,2,5,30,3,1,3,50,0,4,6,0,0,5,1,1,1,0,0,1,1,1,1,1,26,6,3,0,0,0,0,0,9,1,4
3,1,9,0,13,0,8,0,0,0,0,1,1,6,1,23,5,1598,1,8,1,1,2,543483,197328,42,2,1,6,456,6,0,6,30,3,4,6,0,0,0,7,2,2,0,0,1,1,1,1,1,23,5,3,0,0,0,0,0,9,1,4
3,1,8,0,18,0,4,0,0,0,0,1,1,1,1,38,7,1997,2,8,1,1,2,581994,215792,42,2,1,6,451,4,1018,1,30,1,4,6,0,0,8,1,1,1,0,0,1,2,1,1,1,33,6,3,0,0,0,0,0,9,1,5
3,2,3,0,10,0,1,0,0,0,0,1,1,6,1,51,8,1598,1,8,1,1,2,297876,204379,62,2,1,7,744,6,0,6,30,3,4,6,0,0,0,1,1,1,0,0,2,1,2,1,1,51,8,3,0,0,0,0,0,3,1,5
3,2,9,0,9,0,6,0,0,0,0,2,1,6,2,45,7,1997,2,1,1,3,2,436820,278690,20,2,3,5,302,6,0,6,30,8,4,3,428,0,0,1,1,1,0,0,1,1,3,2,1,14,3,3,0,0,2,0,0,9,1,9
3,4,9,0,4,0,0,0,0,0,0,1,1,6,2,20,4,1242,1,1,1,4,4,344910,405000,4,4,4,6,84,3,570,6,40,0,4,6,0,0,0,1,1,1,0,0,2,1,2,1,2,20,4,3,0,0,0,0,0,9,1,1
3,1,19,0,7,0,6,0,0,0,0,3,1,6,1,39,7,1968,2,5,1,1,2,523610,185250,1,2,1,6,28,3,407,6,30,9,4,3,407,0,8,1,1,1,0,0,1,1,1,1,1,33,6,3,0,0,0,0,0,9,1,5
2,2,1,0,18,0,8,0,0,0,0,1,1,6,1,51,8,1598,1,8,1,1,2,372430,441440,4,2,1,4,80,4,6243,6,60,3,4,6,0,0,0,6,1,1,0,0,2,1,1,1,1,51,8,2,0,0,0,0,0,1,1,9
3,2,9,0,10,0,0,0,0,0,0,3,1,6,2,19,4,998,1,1,1,2,2,431175,431860,13,2,2,4,204,3,639,6,30,0,4,6,0,0,4,1,1,1,0,0,1,1,2,2,2,18,4,3,0,0,1,0,0,9,1,10