accident_severity,vehicle_reference,vehicle_type,towing_and_articulation,vehicle_manoeuvre,vehicle_location-restricted_lane,junction_location,skidding_and_overturning,hit_object_in_carriageway,vehicle_leaving_carriageway,hit_object_off_carriageway,1st_point_of_impact,was_vehicle_left_hand_drive?,journey_purpose_of_driver,sex_of_driver,age_of_driver,age_band_of_driver,engine_capacity_(cc),propulsion_code,age_of_vehicle,driver_home_area_type,NUmber_of_Casualities_unique_to_accident_index,No_of_Vehicles_involved_unique_to_accident_index,location_easting_osgr,location_northing_osgr,police_force,number_of_vehicles,number_of_casualties,day_of_week,local_authority_(district),1st_road_class,1st_road_number,road_type,speed_limit,junction_detail,junction_control,2nd_road_class,2nd_road_number,pedestrian_crossing-human_control,pedestrian_crossing-physical_facilities,light_conditions,weather_conditions,road_surface_conditions,special_conditions_at_site,carriageway_hazards,urban_or_rural_area,did_police_officer_attend_scene_of_accident,casualty_reference,casualty_class,sex_of_casualty,age_of_casualty,age_band_of_casualty,casualty_severity,pedestrian_location,pedestrian_movement,car_passenger,bus_or_coach_passenger,pedestrian_road_maintenance_worker,casualty_type,casualty_home_area_type,casualty_imd_decile
3,2,9,0,4,0,0,0,0,0,0,2,1,6,1,39,7,1910,2,5,1,1,2,518470,182590,1,2,1,4,27,3,406,3,40,0,4,6,0,0,0,1,1,1,0,0,1,1,1,1,1,39,7,3,0,0,0,0,0,9,1,6
3,1,9,0,18,0,8,1,10,0,0,3,1,6,1,25,5,5439,1,13,1,1,2,481552,155568,44,2,1,3,494,3,3013,6,30,1,4,3,3013,0,0,1,1,1,0,0,1,2,1,1,1,25,5,3,0,0,0,0,0,9,1,10
3,1,9,0,18,0,8,0,0,0,0,3,1,6,1,34,6,1799,1,6,1,2,2,506192,427628,16,2,2,3,228,3,1166,3,30,6,4,6,0,0,0,1,2,2,0,0,1,1,1,1,1,34,6,3,0,0,0,0,0,9,1,3
3,1,9,0,18,0,1,0,0,0,0,4,1,6,2,53,8,1998,1,13,1,1,1,535110,197480,1,1,1,6,32,5,0,6,30,3,4,6,0,0,0,1,1,1,0,0,1,1,1,3,1,14,3,3,5,1,0,0,2,0,1,1
3,1,9,0,9,0,6,0,0,0,0,3,1,6,1,55,8,1995,2,5,1,2,2,364460,404630,6,2,2,4,100,5,0,6,30,3,4,6,0,0,0,1,1,1,0,0,1,1,1,1,1,55,8,3,0,0,0,0,0,9,1,7
2,2,21,0,17,0,0,0,0,0,0,1,1,1,1,48,8,6700,2,8,1,1,3,406315,221450,53,3,1,4,625,3,436,6,60,0,4,6,0,0,0,6,1,2,0,0,2,1,1,1,1,33,6,3,0,0,0,0,0,9,1,5
2,1,9,0,18,0,8,0,10,1,10,4,1,6,1,20,4,1997,1,10,1,1,2,405740,288730,20,2,1,7,300,3,41,7,30,3,4,6,0,0,0,1,1,1,0,0,1,1,1,2,1,18,4,2,0,0,2,0,0,9,1,5
3,1,9,0,18,0,1,0,0,0,0,1,1,6,2,37,7,1896,2,12,1,1,2,392550,281360,22,2,1,4,270,3,456,3,30,1,4,6,0,0,0,1,1,1,0,0,2,1,1,1,2,37,7,3,0,0,0,0,0,9,1,1
3,2,9,0,4,0,1,0,0,0,0,4,1,6,1,58,9,998,1,1,1,3,3,506047,172764,45,3,3,7,40,6,6368,3,30,7,2,4,378,0,5,4,1,1,0,0,1,1,2,2,2,55,8,3,0,0,1,0,0,9,1,5
3,2,9,0,18,0,8,0,0,1,5,4,1,6,2,45,7,1598,1,8,1,2,2,425664,435073,13,2,2,4,204,6,0,6,30,3,4,6,0,0,0,4,6,2,0,0,1,1,2,1,2,45,7,3,0,0,0,0,0,9,1,5
3,1,9,0,18,0,1,0,0,0,0,1,1,6,1,47,8,1598,1,10,2,1,2,366450,90391,55,2,1,7,645,3,35,6,60,8,4,6,0,0,0,1,1,1,0,0,2,1,1,1,1,33,6,3,0,0,0,0,0,9,1,5
3,2,1,0,15,0,1,0,0,0,0,1,1,2,1,39,7,1598,1,8,1,1,2,385010,397730,6,2,1,5,102,4,6469,6,30,6,2,6,0,0,8,1,1,1,0,0,1,1,1,1,1,39,7,3,0,0,0,0,0,1,1,1
3,2,9,0,3,0,0,0,0,0,0,2,1,6,2,40,7,1360,1,12,1,2,3,516400,205810,41,3,2,6,434,3,1081,6,40,0,4,6,0,0,0,1,2,2,0,0,1,1,2,1,2,40,7,3,0,0,0,0,0,9,1,10
2,2,9,0,9,0,1,0,0,0,0,3,1,6,1,23,5,1600,1,17,1,1,2,320725,125246,52,2,1,6,608,3,3065,6,30,3,4,6,0,0,0,1,7,1,0,0,2,2,1,1,1,33,6,3,0,0,0,0,0,9,1,5
3,1,9,0,17,0,8,0,0,0,0,1,1,6,2,26,6,1796,2,3,1,2,2,528070,183650,1,2,2,5,2,3,5205,6,30,3,2,5,0,0,5,4,1,1,0,0,1,2,1,1,2,26,6,3,0,0,0,0,0,9,1,5
1,1,21,0,4,0,4,0,0,0,0,1,1,6,1,63,9,1598,2,12,1,1,2,436470,275670,20,2,1,3,302,3,45,1,40,1,4,6,0,0,0,4,1,1,0,0,1,1,1,1,1,33,6,3,0,0,0,0,0,9,1,5
3,2,9,0,16,0,8,0,0,0,0,1,1,1,2,38,7,1598,1,13,2,1,2,469155,353694,31,2,1,3,345,4,6386,6,30,6,4,6,0,0,8,1,1,1,0,0,2,1,1,1,2,33,6,3,0,0,0,0,0,9,2,10
3,1,9,0,18,0,0,0,0,0,0,3,1,6,1,67,10,2143,2,1,3,1,2,439772,464512,12,2,1,3,182,2,1,3,70,0,4,6,0,0,0,1,1,1,0,0,2,1,1,1,1,33,6,3,0,0,0,0,0,9,1,5
2,2,9,0,3,0,1,0,10,3,1,2,1,6,1,27,6,1242,1,16,1,6,2,511040,443871,16,2,6,1,231,3,1035,1,50,1,4,3,165,0,0,1,1,1,0,0,2,1,2,1,1,27,6,2,0,0,0,0,0,9,1,5
3,2,9,0,18,0,8,0,4,0,0,1,1,6,1,25,5,1984,1,1,1,1,4,406520,289480,20,4,1,7,300,6,0,6,30,8,4,4,4144,0,0,1,1,1,0,0,1,1,1,1,1,33,6,3,0,0,0,0,0,9,1,5
3,2,9,0,18,0,0,0,0,0,0,2,1,2,2,42,7,1598,1,9,1,1,2,387155,300537,20,2,1,5,309,6,0,6,30,0,4,6,0,0,0,1,8,2,0,0,1,2,1,1,2,42,7,3,0,0,0,0,0,9,1,8
3,2,9,0,10,0,0,0,0,0,0,2,1,6,1,27,6,1598,1,8,1,3,2,511462,221482,40,2,3,5,421,6,0,6,30,0,4,6,0,0,0,1,1,2,0,0,1,1,2,2,2,26,6,3,0,0,1,0,0,9,1,3
3,2,1,0,18,9,1,0,0,0,0,1,1,6,1,17,4,1598,1,8,1,1,2,533700,183330,1,2,1,1,4,6,0,6,30,3,4,6,0,0,0,1,1,1,0,0,1,1,1,1,1,17,4,3,0,0,0,0,0,1,1,5
2,1,9,0,18,0,1,0,0,0,0,1,1,6,2,45,7,1598,1,3,1,1,1,510260,174260,1,1,1,5,25,3,315,6,30,3,4,6,0,0,0,1,1,1,0,0,1,1,1,3,1,11,3,2,5,3,0,0,2,0,1,3
2,1,9,0,18,0,1,0,0,0,0,1,1,6,2,65,9,1997,1,16,1,1,1,399220,293660,20,1,1,2,305,3,4196,6,30,3,2,6,0,0,5,1,1,1,0,0,1,1,1,3,2,12,3,2,1,4,0,0,0,0,1,5
3,1,10,0,18,0,0,0,4,0,0,1,1,1,1,43,7,1598,1,8,1,1,3,522290,180630,1,3,1,2,11,6,0,6,30,0,4,6,0,0,0,1,1,2,0,0,1,1,1,1,1,43,7,3,0,0,0,0,0,10,1,2
2,2,9,0,18,0,0,0,0,0,0,3,1,6,2,69,10,1560,2,9,3,3,2,479129,123631,47,2,3,6,559,3,272,6,60,0,4,6,0,0,0,1,1,1,0,0,2,1,2,2,1,79,11,3,0,0,1,0,0,9,3,8
3,5,9,0,3,0,0,0,0,0,0,2,1,6,1,31,6,1461,2,8,1,8,5,428502,433279,13,5,8,4,204,3,647,3,40,0,4,6,0,0,0,4,1,1,0,0,1,1,8,2,2,31,6,3,0,0,1,0,0,9,1,7
3,1,9,0,18,0,2,0,0,0,0,1,1,6,1,27,6,1399,2,9,1,2,1,436676,388410,14,1,2,3,215,6,0,2,30,6,2,3,6109,0,0,1,1,1,0,0,1,1,1,1,1,27,6,3,0,0,0,0,0,9,1,4
2,2,9,0,18,0,8,1,0,0,0,0,1,1,1,64,9,1598,2,2,1,4,2,434968,503694,12,2,4,3,181,3,167,6,60,3,4,6,3496,0,0,1,1,1,0,0,2,1,4,1,1,64,9,3,0,0,0,0,0,9,1,9
3,1,9,0,18,0,1,0,0,0,0,1,1,2,1,29,6,1986,2,8,1,1,2,554070,173690,46,2,1,4,532,3,225,6,30,3,4,6,0,0,0,1,1,1,0,0,1,2,1,1,1,33,6,3,0,0,0,0,0,9,1,5
3,1,3,0,4,0,8,0,0,0,0,1,1,6,1,18,4,125,1,5,3,1,3,340140,262020,22,3,1,7,285,4,4362,9,30,9,4,6,0,0,0,1,1,1,0,0,2,2,1,1,1,18,4,3,0,0,0,0,0,3,3,5
3,3,9,0,2,0,0,0,0,0,0,3,1,6,3,38,7,1968,2,11,1,1,3,457836,304508,33,3,1,4,364,6,1429,6,30,0,4,6,0,0,0,4,1,1,0,0,1,1,1,1,1,33,6,3,0,0,0,0,0,9,1,5
2,1,8,0,9,0,8,0,0,0,0,1,1,1,1,24,5,998,1,1,1,7,3,338657,395553,5,3,7,7,91,3,580,3,40,6,4,6,0,0,0,4,2,2,0,0,1,1,7,2,2,28,6,3,0,0,2,0,0,8,1,1
2,1,9,0,16,0,0,1,0,7,11,3,1,6,1,63,9,1598,1,8,1,1,1,392102,815989,92,1,1,5,911,4,977,6,60,0,4,6,0,0,0,1,1,2,0,0,2,1,1,1,1,63,9,2,0,0,0,0,0,9,1,5
3,1,9,0,1,0,0,0,0,0,0,2,1,6,1,71,10,1560,2,8,2,1,1,409574,425541,13,1,1,6,202,6,0,9,20,0,4,6,0,0,0,1,1,1,0,0,1,2,1,3,2,25,5,3,10,9,0,0,0,0,1,1
3,2,9,0,18,0,0,0,0,0,0,1,1,1,1,48,8,2993,2,2,1,1,3,417269,421443,13,3,1,6,202,3,644,6,50,0,4,6,0,0,0,1,1,1,0,0,2,1,1,1,1,48,8,3,0,0,0,0,0,9,1,5
3,1,8,0,9,0,8,0,0,0,0,1,1,1,1,49,8,1997,2,2,1,2,1,526150,178450,1,1,2,5,12,6,0,6,30,3,4,3,3218,0,0,4,1,1,0,0,1,1,2,3,1,46,8,3,5,3,0,0,2,0,1,10
2,1,9,0,5,9,5,0,0,0,0,1,1,5,2,78,11,1398,2,6,3,2,1,578197,234070,42,1,2,3,451,3,1017,6,30,3,4,6,0,0,0,1,1,1,0,0,2,2,1,3,1,2,1,2,6,9,0,0,0,0,1,5
3,1,19,0,9,0,8,0,0,0,0,1,1,1,1,52,8,2198,2,4,1,1,2,385460,397660,6,2,1,4,102,4,6469,6,30,3,4,6,0,0,0,1,1,1,0,0,1,1,1,1,1,33,6,3,0,0,0,0,0,9,1,5
3,1,19,0,9,0,2,0,0,0,0,1,1,6,1,47,8,1753,2,5,1,1,1,542140,185270,1,1,1,1,17,6,0,6,30,3,4,3,117,0,0,1,1,1,0,0,1,1,1,3,2,29,6,3,5,1,0,0,2,0,1,2
3,2,9,0,18,0,1,0,0,0,0,2,1,6,1,25,5,1598,1,7,1,4,2,414844,429433,13,2,4,7,200,3,6036,6,30,3,4,6,0,0,0,1,1,1,0,0,1,1,4,2,2,22,5,3,0,0,1,0,0,9,1,4
2,2,9,0,2,0,0,0,0,0,0,2,1,6,3,38,7,1124,1,8,1,3,3,414261,431635,13,3,3,2,200,3,647,6,30,0,4,6,0,0,0,4,1,1,0,0,1,1,1,1,1,33,6,3,0,0,0,0,0,9,1,5
3,2,9,0,3,0,6,0,0,0,0,2,1,6,1,39,7,2979,1,1,1,2,2,256576,664283,97,2,2,7,926,1,8,3,50,5,4,1,77,0,0,1,1,2,0,0,1,1,2,1,1,39,7,3,0,0,0,0,0,9,1,5
3,2,1,0,15,0,1,0,8,0,0,1,1,6,1,48,8,1598,1,8,1,1,2,531470,183300,1,2,1,2,3,3,1,3,30,3,2,4,515,0,5,1,1,1,0,0,1,1,1,1,1,48,8,3,0,0,0,0,0,1,1,3
3,1,9,0,18,0,0,5,0,2,0,4,1,6,2,43,7,1997,2,6,1,2,2,416974,423706,13,2,2,5,202,1,62,3,70,0,4,6,0,0,0,4,2,2,0,0,2,1,1,1,2,43,7,3,0,0,0,0,0,9,1,5
2,2,1,0,18,0,0,0,0,0,0,3,1,6,1,48,8,1598,1,8,3,1,2,455063,253045,34,2,1,1,381,5,126,6,60,0,4,6,0,0,0,1,1,1,0,0,2,1,1,1,1,48,8,2,0,0,0,0,0,1,3,9
3,1,9,0,3,0,1,0,0,0,0,2,1,6,1,36,7,1199,1,12,1,2,2,532580,191080,1,2,2,5,31,3,10,6,30,9,2,3,10,0,5,1,1,1,0,0,1,2,1,1,1,36,7,3,0,0,0,0,0,9,1,3
3,1,9,0,13,0,1,2,10,1,11,4,1,6,1,25,5,1390,1,14,2,2,2,302096,112215,50,2,2,3,586,6,0,6,60,3,4,6,0,0,0,1,1,2,0,0,2,1,1,1,1,25,5,3,0,0,0,0,0,9,2,9
3,1,11,0,9,0,1,0,0,0,0,3,1,1,1,32,6,12900,2,6,1,1,2,258860,665883,97,2,1,4,926,6,0,2,30,9,2,6,0,0,0,1,1,1,0,0,1,1,1,1,1,33,6,3,0,0,0,0,0,9,1,5
3,1,9,0,18,0,0,0,0,0,0,1,1,6,1,63,9,1596,1,8,1,1,1,435965,390318,14,1,1,3,215,3,6102,6,30,0,4,6,0,0,0,1,9,1,0,0,1,2,1,3,1,13,3,3,10,2,0,0,0,0,1,1
3,1,3,0,18,0,1,0,0,0,0,1,1,6,1,38,7,1598,1,8,1,1,1,528680,176880,1,1,1,3,10,3,3205,6,30,3,4,3,3216,0,0,4,1,1,0,0,1,1,1,3,1,21,5,3,5,9,0,0,2,0,1,3
3,2,9,0,18,0,0,0,0,0,0,2,1,6,1,54,8,1360,1,12,1,1,2,375380,401410,6,2,1,1,107,1,60,3,50,0,4,6,0,0,0,1,1,1,4,0,1,1,1,1,1,33,6,3,0,0,0,0,0,9,1,5
1,3,19,0,18,0,1,0,0,1,0,3,1,1,1,55,8,1998,2,11,3,1,3,386682,141253,54,3,1,7,635,3,350,6,40,3,4,6,0,0,0,1,1,1,0,0,2,1,1,1,1,33,6,3,0,0,0,0,0,9,1,5
3,1,9,0,1,0,0,0,0,0,0,2,1,6,1,21,5,1398,2,6,1,1,1,351390,530050,3,1,1,1,64,3,592,2,30,0,4,6,0,0,0,7,1,1,0,0,1,1,1,3,1,20,4,3,9,6,0,0,0,0,1,8
3,2,9,0,14,0,2,0,0,1,0,1,1,1,1,52,8,1598,1,9,2,2,3,394629,153485,54,3,2,5,635,4,3098,6,50,3,4,5,228,0,0,1,1,1,0,0,2,1,1,1,1,52,8,3,0,0,0,0,0,9,2,5
3,1,9,0,7,0,8,0,0,0,0,1,1,6,2,38,7,1598,1,8,1,1,2,474424,260410,34,2,1,4,384,3,428,6,30,6,2,6,8036,0,4,1,2,2,0,0,1,3,1,1,1,33,6,3,0,0,0,0,0,9,1,5
3,1,9,0,17,0,0,2,0,1,11,1,1,6,2,82,11,1598,1,7,3,1,1,385972,648835,95,1,1,3,914,4,6461,6,60,0,4,6,0,0,0,1,2,2,0,0,2,1,1,1,2,82,11,3,0,0,0,0,0,9,3,5
3,1,19,0,16,0,1,0,0,0,0,3,1,6,1,38,7,2198,2,8,1,1,2,390950,299780,20,2,1,2,309,6,0,6,30,3,4,6,0,0,0,1,2,2,0,0,1,2,1,1,1,33,6,3,0,0,0,0,0,9,1,5
3,4,9,0,18,0,1,0,0,0,0,1,1,6,2,37,7,1598,1,8,1,1,4,309229,179322,62,4,1,6,741,1,4,3,50,5,4,3,4232,0,0,1,1,1,0,0,2,1,1,1,1,33,6,3,0,0,0,0,0,9,1,5
3,1,8,0,9,0,6,0,0,0,0,3,1,1,1,55,8,1991,2,6,1,1,2,438324,389340,14,2,1,1,215,3,6178,3,30,3,2,6,0,0,0,1,1,1,0,0,1,1,1,1,1,55,8,3,0,0,0,0,0,8,1,6
2,1,9,0,1,0,0,0,0,0,0,2,1,6,1,49,8,1598,1,8,1,1,1,430794,438656,13,1,1,3,204,3,61,6,30,0,4,6,0,0,0,1,1,1,0,0,1,1,1,3,2,85,11,2,10,9,0,0,0,0,1,8
3,1,9,0,17,0,0,0,0,0,0,1,1,6,2,69,10,1242,1,8,1,1,1,396880,309940,21,1,1,3,250,6,53,6,30,0,4,6,0,0,0,4,5,2,0,0,1,2,1,3,1,14,3,3,5,9,0,0,0,0,1,2
3,1,3,0,9,0,8,0,0,0,0,3,1,6,1,52,8,124,1,14,1,1,2,552350,175120,1,2,1,2,18,4,2186,1,30,1,4,5,0,0,0,1,1,1,0,0,1,1,1,1,1,52,8,3,0,0,0,0,0,3,1,9
3,2,9,0,3,0,1,0,0,0,0,2,1,2,1,55,8,1398,1,1,3,2,3,299360,517580,3,3,2,6,63,5,0,6,30,3,4,6,0,0,0,1,1,2,0,0,2,1,1,1,1,33,6,3,0,0,0,0,0,9,1,5
2,1,9,0,9,0,2,0,0,0,0,1,1,2,1,65,9,1560,2,5,3,1,1,547422,120393,47,1,1,2,556,6,0,6,30,3,4,6,0,0,0,4,1,1,0,0,1,1,1,3,1,51,8,2,5,9,0,0,0,0,1,10
3,1,9,0,18,0,2,0,0,0,0,1,1,6,1,48,8,1968,2,1,1,1,1,523100,409963,16,1,1,3,233,3,1136,6,40,3,4,6,0,0,0,1,1,1,0,0,2,1,1,3,1,13,3,3,5,1,0,0,0,0,1,6
2,1,9,3,5,0,6,0,0,0,0,3,1,6,1,54,8,2143,2,4,3,1,2,521780,299490,35,2,1,1,394,5,65,6,40,6,2,6,0,0,5,1,1,1,0,0,2,2,1,1,1,33,6,3,0,0,0,0,0,9,1,5
3,3,9,0,18,0,0,0,0,0,0,2,1,1,1,54,8,1968,2,5,2,2,7,337600,399607,5,7,2,2,93,1,57,3,70,0,4,6,0,0,0,1,1,1,0,0,2,1,1,1,1,33,6,3,0,0,0,0,0,9,1,5
3,1,9,0,1,0,6,0,0,0,0,2,1,6,1,50,8,1339,1,13,1,1,2,456178,404394,14,2,1,7,211,6,0,6,30,8,4,6,0,0,0,1,1,1,0,0,1,1,1,1,1,33,6,3,0,0,0,0,0,9,1,5
2,1,9,0,2,0,2,0,10,7,11,3,1,6,3,38,7,1398,1,5,1,2,1,487834,408091,16,1,2,3,232,6,0,6,30,3,4,6,0,0,0,1,1,1,0,0,1,1,2,3,2,6,2,3,6,8,0,0,0,0,1,2
3,4,9,0,18,0,0,0,0,0,0,4,1,6,1,28,6,1995,2,1,2,2,5,527050,175280,1,5,2,2,10,3,3036,6,30,0,4,6,0,0,0,1,1,1,0,0,1,1,1,1,1,33,6,3,0,0,0,0,0,9,1,5
3,2,19,0,18,0,0,1,0,0,0,3,1,1,1,32,6,1998,2,13,1,2,3,531288,151661,45,3,2,5,516,1,23,3,70,0,4,6,0,0,0,1,1,2,0,0,2,1,1,1,1,33,6,3,0,0,0,0,0,9,1,5
3,2,9,0,18,0,8,0,0,0,0,4,1,6,1,41,7,1984,1,12,1,3,2,360554,174250,52,2,3,3,601,3,432,6,20,6,4,6,0,0,1,4,1,1,0,0,1,1,2,2,2,51,8,3,0,0,1,0,0,9,1,1
3,2,1,0,17,0,8,0,0,0,0,1,1,6,1,47,8,1598,1,8,2,1,2,402076,320283,21,2,1,4,255,3,51,1,40,1,4,3,513,0,0,1,1,1,0,0,2,2,1,1,1,47,8,3,0,0,0,0,0,1,2,8
3,2,5,0,17,0,8,0,0,0,0,1,1,6,1,45,7,1598,1,8,1,3,2,472407,444836,16,2,3,6,231,4,1228,6,60,3,4,6,0,0,0,1,1,1,0,0,2,1,2,1,1,45,7,3,0,0,0,0,0,5,1,5
3,1,19,0,16,0,0,0,0,0,0,1,1,1,1,36,7,1870,2,13,2,2,2,619362,315233,36,2,2,4,401,5,282,6,60,0,4,6,0,0,0,1,2,2,0,0,2,1,2,2,1,20,4,3,0,0,0,0,0,19,2,9
3,1,9,0,18,0,0,0,0,0,0,1,1,6,3,38,7,1598,1,8,1,1,2,267313,197878,62,2,1,6,745,4,4603,3,50,0,4,6,0,0,0,4,2,2,0,0,1,1,1,1,1,33,6,3,0,0,0,0,0,9,1,5
3,2,9,0,18,0,2,0,0,0,0,2,1,6,3,38,7,1598,1,5,1,1,2,539820,191480,1,2,1,1,14,3,104,1,30,1,4,6,0,0,8,4,1,1,0,0,2,1,1,1,1,33,6,3,0,0,0,0,0,9,1,5
3,2,9,0,18,0,8,0,0,0,0,3,1,6,1,50,8,1995,2,6,1,3,2,382990,400630,6,2,3,2,107,3,56,6,30,6,2,3,576,0,5,1,1,1,0,0,1,1,2,1,1,50,8,3,0,0,0,0,0,9,1,1
2,1,5,0,18,0,0,5,0,0,0,1,1,6,1,49,8,999,1,2,1,2,3,197211,72527,50,3,2,1,596,3,39,6,30,0,4,6,0,0,0,1,1,1,0,0,2,1,1,1,1,49,8,2,0,0,0,0,0,5,1,7
3,1,11,0,18,2,0,0,0,0,0,1,1,1,1,20,4,1598,1,8,1,1,1,534760,186510,1,1,1,7,4,3,107,6,30,0,4,6,0,0,4,4,2,2,0,0,1,1,1,3,2,49,8,3,4,3,0,0,2,0,1,3
2,2,1,0,18,0,4,0,0,0,0,1,1,6,1,50,8,1598,1,8,1,1,2,407680,280970,20,2,1,5,300,3,4040,1,30,1,4,3,4040,0,0,1,1,1,0,0,1,1,1,1,1,50,8,2,0,0,0,0,0,1,1,4
3,3,9,0,4,0,1,0,0,0,0,1,1,6,1,25,5,1598,1,8,1,1,3,511360,180790,1,3,1,2,26,3,4020,3,40,6,2,3,4020,0,5,4,2,2,0,0,1,1,1,1,1,25,5,3,0,0,0,0,0,9,1,3
2,1,9,0,9,0,8,0,0,0,0,3,1,6,1,36,7,1798,8,3,1,1,2,529300,186530,1,2,1,5,3,3,400,6,20,3,4,3,400,0,0,1,1,1,0,0,1,1,1,1,1,33,6,3,0,0,0,0,0,9,1,5
3,1,9,0,18,0,1,0,4,0,0,3,1,6,2,38,7,1598,1,8,1,1,3,537610,194880,1,3,1,5,13,3,112,6,30,6,2,3,110,0,5,1,1,1,0,0,1,1,1,1,2,33,6,3,0,0,0,0,0,9,1,3
3,3,19,0,18,0,2,0,0,0,0,1,1,1,2,27,6,2143,2,8,1,1,3,512110,176140,1,3,1,3,25,3,3006,6,30,6,2,5,0,0,5,1,1,1,0,0,1,1,1,1,1,33,6,3,0,0,0,0,0,9,1,5
3,1,9,0,13,0,0,1,0,0,0,4,1,2,1,31,6,1997,2,14,3,2,2,460052,516064,17,2,2,4,241,3,171,6,60,0,4,6,0,0,0,1,1,3,0,0,2,1,1,1,1,31,6,3,0,0,0,0,0,9,3,5
3,3,19,0,18,0,1,1,0,0,0,1,1,2,1,52,8,1248,2,10,1,2,4,526125,122521,47,4,2,2,563,3,272,6,40,3,4,6,0,0,0,6,1,4,0,0,2,1,1,1,1,52,8,3,0,0,0,0,0,19,1,5
3,2,9,0,9,0,8,0,0,0,0,4,1,6,1,43,7,1598,1,8,1,1,2,534680,181310,1,2,1,1,5,3,13,6,30,6,4,6,0,0,0,1,1,1,0,0,1,1,1,2,1,40,7,3,0,0,1,0,0,9,1,5
3,1,19,0,9,0,6,0,0,0,0,0,1,6,3,38,7,1598,1,8,1,1,3,496126,202068,43,3,1,5,478,3,416,6,30,3,4,6,2002,0,0,1,1,1,0,0,1,1,1,1,1,33,6,3,0,0,0,0,0,9,1,5
3,2,9,0,18,0,8,5,0,0,0,1,1,6,1,31,6,1360,1,13,1,5,4,404750,289430,20,4,5,7,300,3,41,6,30,3,4,6,0,0,0,4,1,1,0,0,1,1,5,2,2,34,6,3,0,0,1,0,0,9,1,1
3,2,9,0,3,0,8,0,0,0,0,0,1,6,2,27,6,1242,1,2,3,3,5,374190,294050,22,5,3,5,286,3,454,6,60,9,4,6,0,0,0,1,1,1,0,0,2,1,1,1,1,33,6,3,0,0,0,0,0,9,1,5
3,1,1,0,18,0,1,0,0,0,0,4,1,6,1,24,5,1598,1,8,1,1,2,540880,182730,1,2,1,2,17,3,124,6,30,6,2,3,112,0,5,4,2,2,0,0,1,1,1,1,1,24,5,3,0,0,0,0,0,1,1,1
2,1,10,0,18,0,8,0,7,0,0,1,1,3,1,67,10,2198,2,2,3,11,2,461699,333218,31,2,11,3,347,3,606,6,60,6,2,5,74,0,0,1,1,1,0,0,2,1,1,1,1,67,10,2,0,0,0,0,0,10,3,9
2,1,8,0,9,0,8,0,10,1,10,3,1,1,1,57,9,1968,2,9,1,2,4,380940,422780,4,4,2,3,82,6,0,6,20,6,4,6,0,0,0,4,1,2,0,0,1,1,2,2,1,41,7,3,0,0,1,0,0,8,1,3
3,1,9,0,9,0,2,0,0,0,0,1,1,6,1,75,10,3456,8,2,2,3,1,416867,220580,53,1,3,7,621,5,140,6,30,3,4,5,140,0,0,1,1,1,0,0,2,1,2,3,1,3,1,3,5,1,0,0,0,0,3,8
3,1,9,0,17,0,0,1,0,0,0,1,1,2,1,58,9,1598,1,8,3,1,2,623789,336279,36,2,1,4,405,4,1436,6,30,0,4,6,0,0,0,1,1,2,0,0,2,1,1,1,1,33,6,3,0,0,0,0,0,9,1,5
2,1,9,0,3,0,8,0,0,0,0,2,1,6,1,31,6,1598,1,13,1,1,2,532320,166220,1,2,1,6,20,3,212,3,30,3,2,3,212,0,5,1,2,2,0,0,1,1,1,1,1,31,6,2,0,0,0,0,0,9,1,4
2,4,9,0,3,0,1,0,0,0,0,3,1,2,1,62,9,1596,1,3,1,3,4,452755,348209,31,4,3,3,340,3,611,1,30,1,4,4,6009,0,0,1,1,1,0,0,1,1,3,1,1,62,9,3,0,0,0,0,0,9,1,8
3,1,9,0,18,0,0,2,0,1,4,1,1,6,2,17,4,1598,1,8,2,1,1,346670,309890,22,1,1,7,286,3,5,3,70,0,4,6,0,0,0,1,1,2,0,0,2,1,1,1,2,17,4,3,0,0,0,0,0,9,2,8
3,2,9,0,18,0,1,0,0,0,0,1,1,6,1,31,6,1598,1,12,1,1,2,538320,180650,1,2,1,3,5,3,1206,6,30,1,4,3,1261,0,0,1,1,1,0,0,1,1,1,1,1,33,6,3,0,0,0,0,0,9,1,5
3,1,9,0,5,0,1,0,0,0,0,3,1,6,2,45,7,1390,1,13,1,1,2,289889,66722,50,2,1,7,587,6,0,6,30,3,4,6,0,0,0,1,2,2,0,0,1,1,1,1,2,45,7,3,0,0,0,0,0,9,1,9
3,1,9,0,4,0,0,0,0,0,0,2,1,6,2,62,9,1339,1,9,2,1,2,460263,403573,14,2,1,5,211,3,18,6,40,0,4,6,0,0,0,1,1,1,0,0,2,1,1,1,2,62,9,3,0,0,0,0,0,9,2,3
3,5,9,0,4,0,0,0,0,0,0,2,1,6,2,37,7,1598,1,6,1,4,5,342688,374502,7,5,4,6,130,3,5117,6,60,0,4,6,0,0,0,1,1,1,0,0,1,1,1,1,1,33,6,3,0,0,0,0,0,9,1,5
3,1,9,0,18,0,0,0,0,0,0,4,1,6,3,38,7,1598,1,8,1,1,1,449576,359756,31,1,1,4,340,4,6028,6,30,0,4,6,0,0,0,1,1,1,0,0,1,2,1,3,1,17,4,3,6,8,0,0,0,0,1,7