accident_severity,vehicle_reference,vehicle_type,towing_and_articulation,vehicle_manoeuvre,vehicle_location-restricted_lane,junction_location,skidding_and_overturning,hit_object_in_carriageway,vehicle_leaving_carriageway,hit_object_off_carriageway,1st_point_of_impact,was_vehicle_left_hand_drive?,journey_purpose_of_driver,sex_of_driver,age_of_driver,age_band_of_driver,engine_capacity_(cc),propulsion_code,age_of_vehicle,driver_home_area_type,NUmber_of_Casualities_unique_to_accident_index,No_of_Vehicles_involved_unique_to_accident_index,location_easting_osgr,location_northing_osgr,police_force,number_of_vehicles,number_of_casualties,day_of_week,local_authority_(district),1st_road_class,1st_road_number,road_type,speed_limit,junction_detail,junction_control,2nd_road_class,2nd_road_number,pedestrian_crossing-human_control,pedestrian_crossing-physical_facilities,light_conditions,weather_conditions,road_surface_conditions,special_conditions_at_site,carriageway_hazards,urban_or_rural_area,did_police_officer_attend_scene_of_accident,casualty_reference,casualty_class,sex_of_casualty,age_of_casualty,age_band_of_casualty,casualty_severity,pedestrian_location,pedestrian_movement,car_passenger,bus_or_coach_passenger,pedestrian_road_maintenance_worker,casualty_type,casualty_home_area_type,casualty_imd_decile
3,1,9,0,9,0,5,0,0,0,0,1,1,6,3,38,7,1598,1,8,1,1,2,398065,356393,21,2,1,2,256,6,291,6,30,3,4,6,291,0,0,1,1,1,0,0,1,2,1,1,1,33,6,3,0,0,0,0,0,9,1,5
3,2,9,0,18,0,8,0,0,0,0,4,1,6,1,61,9,1499,1,6,1,1,2,366359,161038,52,2,1,3,611,6,0,6,30,3,4,3,39,0,0,1,1,1,0,0,2,1,1,1,1,61,9,3,0,0,0,0,0,9,1,5
3,1,9,0,9,0,8,0,0,0,0,1,1,6,2,38,7,2148,2,9,1,2,3,531130,167330,1,3,2,6,20,6,0,6,30,3,4,6,0,0,0,4,2,2,0,0,1,1,1,1,2,38,7,3,0,0,0,0,0,9,1,4
3,3,9,0,18,0,0,0,0,0,0,1,1,6,1,19,4,1242,1,2,1,1,3,527190,153442,45,3,1,7,513,1,25,3,70,0,4,6,0,0,0,1,1,1,0,0,2,1,1,1,1,33,6,3,0,0,0,0,0,9,1,5
2,1,9,0,9,0,6,0,0,0,0,3,1,6,1,81,11,1360,1,13,1,4,2,638720,167970,46,2,4,6,541,3,255,6,30,8,4,6,0,0,0,1,1,1,0,0,1,1,1,1,1,81,11,3,0,0,0,0,0,9,1,1
3,2,19,0,18,0,0,0,0,0,0,4,1,2,1,54,8,1560,2,5,1,1,3,507656,201318,41,3,1,6,436,1,25,3,70,0,4,6,0,0,0,1,2,2,0,0,2,1,1,1,1,33,6,3,0,0,0,0,0,9,1,5
3,1,9,0,18,0,8,0,0,0,0,1,1,6,1,66,10,1242,1,10,3,2,2,561954,301903,36,2,2,2,407,3,10,6,60,3,4,5,32,0,0,1,1,1,0,0,2,1,1,1,1,66,10,3,0,0,0,0,0,9,3,9
3,2,9,0,4,0,0,0,0,0,0,2,1,6,1,48,8,1968,2,8,1,2,3,502923,228876,40,3,2,3,424,1,1,3,70,0,4,6,0,0,0,6,1,2,0,0,2,1,1,2,2,59,9,3,0,0,1,0,0,9,1,5
2,3,9,0,18,0,1,0,0,0,0,1,1,6,1,29,6,1349,1,1,1,4,3,374713,173981,52,3,4,3,612,3,46,6,60,3,4,6,0,0,0,1,1,1,0,0,2,1,3,1,1,29,6,2,0,0,0,0,0,9,1,5
3,2,9,0,9,0,8,0,0,0,0,4,1,6,1,29,6,1598,1,8,3,2,2,544530,174510,1,2,2,6,6,3,210,6,30,3,2,6,0,0,5,4,1,1,0,0,1,1,1,1,1,33,6,3,0,0,0,0,0,9,1,5
3,2,9,0,18,0,8,0,0,0,0,4,1,6,1,41,7,1560,2,9,1,2,2,426518,577031,10,2,2,7,139,3,1171,1,30,1,4,3,1172,0,0,1,1,1,0,0,1,1,1,1,1,41,7,3,0,0,0,0,0,9,1,5
3,1,9,0,18,0,0,0,10,1,10,1,1,6,1,43,7,1560,2,10,1,2,1,412220,284930,20,1,2,3,300,3,45,3,40,0,4,6,0,0,0,4,1,1,0,0,1,1,1,1,1,43,7,3,0,0,0,0,0,9,1,8
3,2,9,0,17,0,0,0,0,0,0,1,1,6,2,49,8,1689,2,12,1,3,2,368570,308820,22,2,3,7,284,4,4373,6,40,0,4,6,0,0,0,1,2,2,0,0,2,1,2,1,2,49,8,3,0,0,0,0,0,9,1,7
1,1,5,0,16,0,1,1,0,0,0,1,1,2,1,22,5,1598,1,8,1,1,2,503274,483367,12,2,1,6,186,6,825,6,30,3,4,6,0,0,0,1,1,1,0,0,1,1,1,1,1,22,5,1,0,0,0,0,0,5,1,7
3,1,9,0,18,0,0,0,0,0,0,2,1,6,2,54,8,1910,2,5,3,2,2,445878,424718,13,2,2,7,206,4,6136,6,30,0,4,6,0,0,0,1,1,2,0,0,1,1,1,1,1,33,6,3,0,0,0,0,0,9,1,5
3,3,19,0,18,0,1,0,0,0,0,3,1,1,1,34,6,6370,2,12,1,3,4,389806,159641,54,4,3,6,635,3,350,6,60,8,4,6,0,0,0,1,1,1,0,0,2,1,1,1,1,33,6,3,0,0,0,0,0,9,1,5
3,1,90,0,1,0,0,0,0,0,0,2,1,6,3,38,7,1598,1,8,1,1,2,320820,671510,95,2,1,7,923,6,0,9,30,0,4,6,0,0,0,4,9,1,0,0,1,2,1,1,1,33,6,3,0,0,0,0,0,9,1,5
3,1,9,0,7,0,6,0,0,0,0,1,1,6,1,52,8,1753,2,5,1,1,2,522929,106123,47,2,1,7,557,6,0,6,30,3,4,6,0,0,0,4,1,2,0,0,1,1,1,1,1,33,6,3,0,0,0,0,0,9,1,5
2,3,9,0,18,0,6,0,0,1,9,3,1,6,2,43,7,2179,2,8,2,4,4,476694,512961,12,4,4,3,186,3,171,6,60,3,4,4,1266,0,0,1,1,1,0,0,2,1,2,2,2,26,6,2,0,0,1,0,0,9,2,8
3,2,21,1,16,0,0,0,0,0,0,3,1,1,1,63,9,10837,2,3,1,1,2,449118,411723,13,2,1,4,206,3,638,6,60,0,4,6,0,0,0,1,1,1,0,0,2,1,1,1,1,33,6,3,0,0,0,0,0,9,1,5
3,1,9,0,9,0,8,0,0,0,0,4,1,6,1,28,6,999,1,8,1,1,2,540090,169720,1,2,1,5,19,3,21,6,30,3,4,6,0,0,0,1,1,1,0,0,1,1,1,1,1,33,6,3,0,0,0,0,0,9,1,5
3,1,9,0,9,0,5,0,0,0,0,1,1,6,2,49,8,1984,1,13,1,1,2,386156,159300,54,2,1,4,635,6,0,6,30,3,4,6,0,0,0,4,2,2,0,0,1,1,1,1,1,33,6,3,0,0,0,0,0,9,1,5
3,2,3,0,18,0,3,0,0,0,0,4,1,6,1,23,5,125,1,1,1,1,2,278487,654402,97,2,1,6,932,4,754,1,30,1,4,6,0,0,0,4,1,1,0,0,1,1,1,1,1,23,5,3,0,0,0,0,0,3,1,5
1,2,3,0,18,0,0,0,0,0,0,1,1,6,1,72,10,89,1,29,1,1,3,459425,307880,33,3,1,6,364,3,563,6,50,0,4,6,0,0,0,1,1,1,0,0,2,1,1,1,1,72,10,1,0,0,0,0,0,3,1,1
3,2,9,0,18,0,8,0,0,0,0,1,1,6,1,32,6,1596,1,10,1,1,2,452955,364012,31,2,1,6,344,6,0,6,50,3,4,6,0,0,0,1,1,1,0,0,2,1,1,1,1,33,6,3,0,0,0,0,0,9,1,5
3,1,9,0,5,0,0,0,0,0,0,1,1,6,3,38,7,1798,1,12,1,1,1,370193,355972,7,1,1,6,129,6,0,9,20,0,4,6,0,0,0,1,1,2,0,0,1,1,1,3,1,22,5,3,9,5,0,0,0,0,1,3
3,1,9,0,18,0,0,0,0,0,0,1,1,6,2,73,10,1086,1,9,1,1,2,652195,292897,37,2,1,5,416,3,1117,6,30,0,4,6,0,0,0,4,1,1,0,0,1,1,1,1,2,73,10,3,0,0,0,0,0,9,1,7
2,2,1,0,18,0,8,0,0,0,0,3,1,6,1,21,5,1598,1,8,1,1,2,530510,170160,1,2,1,3,9,3,23,6,30,3,2,4,273,0,5,4,1,1,0,0,1,1,1,1,1,21,5,2,0,0,0,0,0,1,1,1
3,1,9,0,18,0,0,0,0,7,10,3,1,6,1,17,4,1124,1,15,3,1,1,564490,159840,46,1,1,1,542,5,22,6,60,0,4,6,0,0,0,6,1,1,0,0,2,1,1,1,1,17,4,3,0,0,0,0,0,9,3,7
3,1,9,0,5,0,1,0,0,0,0,1,1,2,1,50,8,1399,2,6,1,1,2,501969,421532,16,2,1,4,232,3,15,7,70,1,4,3,1077,0,0,4,1,2,0,0,2,1,1,1,1,33,6,3,0,0,0,0,0,9,1,5
3,1,9,0,9,0,6,0,0,0,0,3,1,6,1,37,7,1598,1,10,1,1,2,271379,656957,97,2,1,6,938,4,7071,3,40,3,4,6,0,0,0,1,1,1,0,0,1,1,1,1,1,33,6,3,0,0,0,0,0,9,1,5
3,1,9,0,1,0,2,0,0,0,0,2,1,6,3,38,7,1598,1,8,1,1,1,534370,183560,1,1,1,7,4,5,0,6,30,3,4,6,0,0,0,1,1,1,0,0,1,1,1,3,2,67,10,3,5,1,0,0,2,0,1,2
3,1,9,0,4,0,1,0,0,0,0,1,1,6,2,30,6,1349,1,5,1,1,2,346040,462890,4,2,1,6,76,6,0,6,30,1,4,3,683,0,0,1,1,1,0,0,1,1,1,1,1,33,6,3,0,0,0,0,0,9,1,5
3,2,9,0,18,0,1,0,0,0,0,1,1,6,2,38,7,998,1,8,1,1,2,455847,342669,31,2,1,4,346,4,682,6,30,3,4,6,0,0,0,4,1,1,0,0,1,1,1,1,1,33,6,3,0,0,0,0,0,9,1,5
3,2,9,0,18,0,0,0,0,0,0,1,1,6,1,26,6,1956,2,1,1,1,2,435160,329120,30,2,1,4,328,5,86,6,60,0,4,6,0,0,0,6,4,1,0,0,2,1,1,1,1,33,6,3,0,0,0,0,0,9,1,5
3,2,9,0,18,0,0,0,0,0,0,2,1,6,1,39,7,1598,1,8,1,3,2,457113,275313,34,2,3,7,381,1,1,3,50,0,4,6,0,0,0,6,3,2,4,0,2,1,1,1,1,39,7,3,0,0,0,0,0,9,1,5
3,2,1,0,9,0,4,0,0,0,0,1,1,1,1,52,8,1598,1,8,1,1,2,489375,151634,45,2,1,4,511,4,3411,1,30,1,4,4,3206,0,0,1,1,1,0,0,1,1,1,1,1,52,8,3,0,0,0,0,0,1,1,8
2,1,9,0,14,0,0,0,0,0,0,1,1,6,2,50,8,1386,1,8,1,1,1,393060,393870,6,1,1,3,110,5,0,6,20,0,4,6,0,1,0,1,1,2,0,0,1,1,1,3,2,26,6,2,5,2,0,0,0,0,1,4
1,1,9,0,18,0,0,1,0,1,4,4,1,6,1,27,6,2979,1,15,3,2,1,646491,281606,37,1,2,5,416,6,0,6,60,0,4,6,0,0,0,6,1,1,0,0,2,1,2,2,1,25,5,1,0,0,1,0,0,9,1,2
3,1,1,0,1,0,1,0,0,0,0,0,1,6,3,38,7,1598,1,8,1,1,2,586357,187867,42,2,1,3,460,6,0,6,30,3,4,6,0,0,0,1,1,1,0,0,1,2,1,1,1,33,6,3,0,0,0,0,0,9,1,5
3,2,9,0,9,0,6,0,0,0,0,4,1,6,1,56,9,998,1,8,1,1,3,453486,392278,14,3,1,1,213,4,6427,6,30,3,4,6,0,0,0,4,2,2,0,0,1,1,1,1,1,33,6,3,0,0,0,0,0,9,1,5
3,2,9,0,18,0,1,0,0,0,0,1,1,2,1,27,6,1598,1,8,2,2,2,491562,353240,32,2,2,2,353,3,17,6,50,3,4,5,1,0,0,1,1,2,0,0,2,1,2,1,1,27,6,3,0,0,0,0,0,9,2,6
1,2,9,0,9,0,8,0,0,7,0,3,1,6,1,27,6,1598,1,8,1,4,3,280858,359739,60,3,4,1,721,3,470,6,60,3,4,6,0,0,0,1,1,1,0,0,2,1,3,2,2,26,6,3,0,0,1,0,0,9,1,5
3,2,9,0,5,0,8,0,0,0,0,3,1,6,1,79,11,1991,2,6,1,3,2,360450,430180,4,2,3,7,83,3,59,3,50,7,2,3,677,0,0,1,1,1,0,0,2,1,1,2,2,78,11,3,0,0,1,0,0,9,1,9
3,2,9,0,18,0,8,0,0,0,0,3,1,6,1,25,5,1596,1,6,1,3,2,537810,187670,1,2,3,7,13,6,0,6,30,6,4,6,0,0,0,1,1,1,0,0,1,1,3,2,1,24,5,3,0,0,1,0,0,9,1,1
3,2,1,0,18,0,0,0,0,0,0,3,1,4,1,14,3,1598,1,8,1,1,2,487178,157187,44,2,1,4,499,3,325,6,40,0,4,6,0,0,4,1,1,1,0,0,1,1,1,1,1,14,3,3,0,0,0,0,0,1,1,10
3,1,9,0,18,0,1,0,0,0,0,1,1,6,1,31,6,1399,2,6,1,1,2,370155,165302,52,2,1,5,611,6,0,6,30,1,4,6,0,0,0,1,1,1,0,0,2,1,1,1,1,33,6,3,0,0,0,0,0,9,1,5
2,1,11,0,18,0,0,0,0,0,0,4,1,1,1,52,8,8268,2,12,1,3,2,538170,181030,1,2,3,2,5,3,13,3,30,0,4,6,0,0,0,4,2,2,0,0,1,1,2,2,2,48,8,3,0,0,0,4,0,11,3,7
2,2,9,0,18,0,8,0,0,0,0,3,1,6,1,28,6,2261,1,8,1,1,2,538321,101897,47,2,1,5,565,3,259,3,30,3,2,6,0,0,0,1,1,1,0,0,2,2,1,2,2,35,6,2,0,0,2,0,0,9,1,4
3,2,9,0,4,0,0,0,0,0,0,2,1,6,2,53,8,1753,2,8,1,1,2,506170,193980,41,2,1,2,436,3,404,3,30,0,4,6,0,0,1,4,1,1,0,0,1,1,1,1,1,33,6,3,0,0,0,0,0,9,1,5
3,2,9,0,3,0,0,0,0,0,0,1,1,1,1,33,6,1124,1,6,1,2,2,538300,187420,1,2,2,5,13,5,0,6,30,0,4,6,0,0,0,1,2,2,0,0,1,1,2,1,1,33,6,3,0,0,0,0,0,9,1,3
3,1,9,0,4,0,1,0,0,0,0,1,1,1,1,31,6,1598,1,8,1,3,2,452970,367680,30,2,3,2,321,4,6407,6,30,6,4,4,6407,0,0,1,2,2,0,0,1,2,1,1,1,33,6,3,0,0,0,0,0,9,1,5
3,2,3,0,18,0,8,0,0,0,0,1,1,6,1,30,6,180,1,17,1,1,2,527020,173840,1,2,1,6,10,3,214,6,30,3,4,6,0,0,0,1,1,1,0,0,1,1,1,1,1,30,6,3,0,0,0,0,0,3,1,5
3,1,9,0,7,0,6,0,0,0,0,1,1,6,3,38,7,1598,1,8,1,1,1,407550,286947,20,1,1,4,300,6,0,2,30,9,4,6,0,0,0,4,1,1,0,0,1,2,1,3,2,22,5,3,5,1,0,0,0,0,1,1
3,2,21,0,1,0,6,0,0,0,0,3,1,1,1,44,7,1598,1,8,3,1,2,302890,289530,63,2,1,2,753,3,470,6,60,3,4,6,0,0,0,6,2,2,0,0,2,2,1,1,1,33,6,3,0,0,0,0,0,9,1,5
3,2,9,0,18,0,0,0,0,0,0,3,1,6,1,28,6,1598,1,8,1,1,2,590152,200230,42,2,1,2,458,4,1018,6,60,0,4,6,0,0,0,6,4,2,0,0,2,2,1,1,1,28,6,3,0,0,0,0,0,9,1,1
3,1,1,0,18,0,0,0,0,0,0,1,1,2,1,46,8,1598,1,8,1,1,2,258584,666898,97,2,1,6,926,3,81,6,30,0,4,6,0,0,0,1,1,1,0,0,1,1,1,1,1,46,8,3,0,0,0,0,0,1,1,5
3,1,9,0,18,0,2,0,0,0,0,1,1,6,2,55,8,1598,1,8,1,1,1,524252,212823,41,1,1,3,438,3,1000,6,30,6,4,6,389,0,4,4,8,2,0,0,1,2,1,3,2,26,6,3,1,1,0,0,0,0,1,6
3,3,9,0,4,0,0,0,0,0,0,2,1,6,1,72,10,1149,1,5,1,1,3,265395,843802,91,3,1,7,927,3,82,6,30,0,4,6,0,0,0,1,2,2,0,0,1,1,1,1,1,33,6,3,0,0,0,0,0,9,1,5
3,2,9,0,3,0,1,0,0,0,0,2,1,3,2,32,6,1299,1,12,1,4,3,525684,105851,47,3,4,6,565,3,270,3,40,6,2,6,0,0,0,1,2,2,0,0,1,1,3,2,2,76,11,3,0,0,1,0,0,9,1,8
3,2,9,0,18,0,1,0,0,0,0,2,1,2,2,37,7,1560,2,3,1,1,2,332305,397830,5,2,1,6,93,3,565,6,30,3,2,6,0,0,0,1,1,1,0,0,1,1,1,1,2,37,7,3,0,0,0,0,0,9,1,1
3,2,9,0,7,0,8,0,0,0,0,0,1,6,2,27,6,1598,1,11,1,1,2,542770,176460,1,2,1,5,6,3,205,6,30,3,4,6,0,0,0,4,2,2,0,0,1,1,1,1,1,33,6,3,0,0,0,0,0,9,1,5
3,1,9,0,7,0,5,0,0,7,11,1,1,1,2,38,7,1753,2,5,1,1,1,340347,365979,7,1,1,1,130,3,5268,3,30,3,4,6,0,0,4,4,1,2,0,0,1,1,1,1,2,38,7,3,0,0,0,0,0,9,1,9
3,1,9,0,18,0,1,0,0,0,0,0,1,6,1,38,7,2191,2,8,1,1,1,530470,186010,1,1,1,6,3,3,503,6,30,6,2,3,1,0,5,1,1,1,0,0,1,2,1,3,1,76,11,3,10,9,0,0,2,0,1,6
3,2,9,0,18,0,0,1,7,5,10,1,1,6,1,25,5,1598,1,8,1,4,2,382960,397010,6,2,4,3,102,3,5067,3,30,0,4,6,0,0,0,4,1,1,0,0,1,1,2,2,1,21,5,3,0,0,2,0,0,9,1,1
3,2,9,0,3,0,0,0,0,0,0,2,1,6,1,23,5,2171,1,13,1,1,3,470908,112337,44,3,1,1,497,4,2149,6,60,0,4,6,0,0,0,1,1,1,0,0,2,1,1,1,1,23,5,3,0,0,0,0,0,9,1,3
3,2,9,0,18,0,0,0,0,0,0,4,1,6,2,51,8,1597,1,7,1,1,2,533390,240360,41,2,1,4,433,3,505,1,70,0,4,6,0,0,0,1,9,1,0,0,2,2,1,1,2,51,8,3,0,0,0,0,0,9,1,10
2,1,9,0,18,0,0,1,0,0,0,1,1,6,1,50,8,1596,1,6,1,2,2,492607,140829,45,2,2,6,517,3,3,3,70,0,4,6,0,0,0,1,1,1,0,0,2,1,2,2,2,85,11,2,0,0,0,0,0,9,2,9
3,1,9,0,7,0,2,0,0,0,0,1,1,6,2,44,7,2987,2,6,1,1,1,373910,410500,6,1,1,2,100,5,0,6,30,5,4,6,0,0,0,1,2,2,0,0,1,1,1,3,1,64,9,3,5,1,0,0,0,0,1,1
3,2,9,0,7,0,8,0,0,0,0,1,1,6,1,38,7,1598,1,8,1,1,2,516550,173530,1,2,1,6,24,3,305,6,30,3,4,6,0,0,0,4,2,2,0,0,1,1,1,1,1,33,6,3,0,0,0,0,0,9,1,5
3,1,9,0,7,0,5,0,0,0,0,1,1,1,1,48,8,1896,2,9,1,2,2,387862,325550,21,2,2,6,255,5,154,6,60,8,4,6,0,0,0,1,1,1,0,0,2,2,1,1,1,48,8,3,0,0,0,0,0,9,1,4
3,2,9,0,7,0,8,0,0,0,0,1,1,6,2,38,7,1560,2,8,1,3,2,545990,179940,1,2,3,7,6,3,2016,1,30,1,4,3,2041,0,0,1,1,1,0,0,2,1,3,1,2,33,6,3,0,0,0,0,0,9,1,5
3,3,9,0,18,0,8,0,0,0,0,1,1,6,1,81,11,1598,1,8,1,2,3,357900,406210,6,3,2,4,114,4,5375,6,30,8,4,6,0,0,0,1,1,1,0,0,1,1,2,2,2,75,10,3,0,0,1,0,0,9,1,9
3,1,9,0,5,0,6,0,0,0,0,3,1,6,2,40,7,998,1,12,1,1,2,526265,137289,47,2,1,1,560,6,0,6,30,3,4,6,0,0,0,1,1,1,0,0,1,1,1,1,2,40,7,3,0,0,0,0,0,9,1,5
3,2,9,0,18,0,0,0,0,0,0,2,1,6,2,41,7,1598,1,8,3,1,2,317310,691355,94,2,1,2,925,3,92,3,70,0,4,6,0,0,0,1,2,2,0,0,2,1,1,1,1,33,6,3,0,0,0,0,0,9,1,5
3,2,9,0,4,0,1,0,0,0,0,1,1,6,2,38,7,1896,2,11,1,1,2,552090,182580,1,2,1,4,15,3,1306,1,30,1,4,4,1335,0,0,1,1,1,0,0,2,2,1,1,1,33,6,3,0,0,0,0,0,9,1,5
3,1,9,0,5,0,0,0,0,0,0,1,1,6,1,38,7,1388,1,11,1,1,1,440497,113102,44,1,1,1,500,3,3057,6,30,0,4,6,0,0,0,1,1,1,0,0,1,1,1,3,1,68,10,3,5,1,0,0,0,0,1,3
2,2,9,0,18,0,1,0,0,0,0,1,1,6,2,80,11,1198,1,4,3,4,3,359712,148753,52,3,4,1,606,4,3135,6,60,6,4,4,3139,0,0,6,1,1,0,0,2,1,1,1,2,80,11,2,0,0,0,0,0,9,3,7
3,3,9,0,4,0,0,0,0,0,0,4,1,3,2,25,5,1598,1,8,1,1,3,432292,444272,13,3,1,3,204,3,61,6,60,0,4,6,0,0,0,1,1,2,0,0,2,1,1,1,1,33,6,3,0,0,0,0,0,9,1,5
3,1,9,0,9,0,8,0,0,0,0,1,1,2,1,48,8,1242,1,8,1,2,2,265189,662513,97,2,2,1,926,3,74,3,30,6,2,4,765,0,5,1,1,1,0,0,1,1,2,1,1,48,8,3,0,0,0,0,0,9,1,5
3,2,9,0,18,0,8,1,0,1,7,1,1,6,1,22,5,1598,1,8,1,2,2,333722,385364,5,2,2,2,95,4,5136,6,30,3,4,6,0,0,4,1,1,1,0,0,1,1,1,2,2,23,5,3,0,0,1,0,0,9,1,1
3,2,9,0,17,0,8,0,0,0,0,1,1,6,1,20,4,1242,1,8,1,1,2,428607,431051,13,2,1,4,204,6,0,6,30,3,4,6,0,0,0,1,1,2,0,0,1,1,1,2,2,19,4,3,0,0,1,0,0,9,1,9
3,1,9,0,18,0,1,0,0,0,0,1,1,6,1,36,7,1390,1,7,1,1,2,518640,178330,1,2,1,3,25,3,4,3,30,9,2,5,0,0,5,1,1,1,0,0,1,1,1,1,1,33,6,3,0,0,0,0,0,9,1,5
2,2,1,0,18,0,8,1,0,0,0,0,1,6,1,41,7,1598,1,8,1,1,2,387780,446310,4,2,1,6,77,6,0,6,20,8,4,6,0,0,0,1,1,1,0,0,1,1,1,1,1,41,7,2,0,0,0,0,0,1,1,6
3,3,9,0,3,0,1,0,0,0,0,2,1,6,1,75,10,1998,2,9,1,1,4,537600,194900,1,4,1,3,13,3,110,6,30,6,2,3,112,0,5,1,1,1,0,0,1,1,1,1,1,33,6,3,0,0,0,0,0,9,1,5
3,2,8,0,4,0,8,0,0,0,0,2,1,2,1,37,7,1896,2,9,1,1,2,505638,223739,40,2,1,1,421,6,0,6,30,3,4,6,0,0,4,1,1,1,0,0,1,1,1,1,1,37,7,3,0,0,0,0,0,8,1,3
2,2,9,0,16,0,0,0,0,0,0,1,1,6,1,55,8,1364,1,7,3,3,2,535263,309393,32,2,3,2,354,4,1166,6,40,0,4,6,0,0,0,1,1,1,0,0,2,1,2,1,1,55,8,3,0,0,0,0,0,9,3,5
3,3,9,0,3,0,0,0,0,0,0,2,1,2,2,47,8,1596,1,6,2,3,3,412731,309760,21,3,3,5,252,3,5127,6,30,0,4,6,0,0,4,1,1,1,0,0,1,1,3,1,2,47,8,3,0,0,0,0,0,9,2,9
3,1,9,0,5,0,6,0,0,0,0,1,1,6,1,22,5,1242,1,1,3,1,2,471784,447659,16,2,1,5,231,6,0,6,60,3,4,6,0,0,0,1,1,1,0,0,2,1,1,1,1,33,6,3,0,0,0,0,0,9,1,5
3,2,9,0,4,0,1,0,0,0,0,2,1,6,2,31,6,1796,1,10,1,1,3,520680,186380,1,3,1,1,28,3,4088,6,40,3,4,6,0,0,8,1,1,1,0,0,1,1,1,2,2,33,6,3,0,0,2,0,0,9,1,2
3,1,9,0,18,0,6,0,0,0,0,1,1,6,1,26,6,998,1,1,1,1,2,465454,104235,44,2,1,5,498,3,2047,6,30,3,4,3,3,0,0,4,1,1,0,0,1,1,1,1,1,33,6,3,0,0,0,0,0,9,1,5
3,1,19,0,4,0,0,1,0,0,0,1,1,1,1,40,7,1598,1,8,1,3,4,240690,219490,63,4,3,2,751,3,40,3,40,0,4,6,0,0,0,1,1,2,0,0,2,1,1,1,1,33,6,3,0,0,0,0,0,9,1,5
3,2,19,0,7,0,8,0,0,0,0,4,1,6,1,38,7,1598,1,8,1,1,2,520400,177950,1,2,1,3,25,3,4,3,40,6,2,5,0,0,0,4,1,1,0,0,1,2,1,1,1,33,6,3,0,0,0,0,0,9,1,5
3,1,9,0,18,0,2,0,0,0,0,1,1,6,2,32,6,1796,1,9,1,1,1,595832,199732,42,1,1,2,458,4,1018,6,30,3,4,6,0,0,0,1,1,1,0,0,2,1,1,3,2,10,2,3,5,3,0,0,0,0,1,5
3,1,9,0,18,0,0,0,11,0,0,1,1,6,1,52,8,1896,2,12,1,1,2,370860,314410,22,2,1,4,284,3,518,6,60,0,4,6,0,0,0,6,1,1,0,1,1,1,1,1,1,52,8,3,0,0,0,0,0,9,1,1
3,2,1,0,18,4,8,0,0,0,0,1,1,2,1,41,7,1598,1,8,1,1,2,376250,409080,6,2,1,4,101,3,58,6,40,3,4,5,0,0,0,1,1,2,0,0,1,1,1,1,1,41,7,3,0,0,0,0,0,1,1,2
3,2,9,0,18,0,8,0,0,0,0,1,1,2,1,20,4,1149,1,12,1,1,2,582348,186685,42,2,1,2,460,6,0,6,30,6,4,6,0,0,0,1,1,1,0,0,1,1,1,1,1,33,6,3,0,0,0,0,0,9,1,5
3,1,9,0,9,0,8,0,0,0,0,1,1,6,2,44,7,1560,2,1,1,1,3,413499,188993,54,3,1,5,633,4,4534,3,40,3,2,6,0,0,5,1,1,1,0,0,1,1,1,1,1,33,6,3,0,0,0,0,0,9,1,5
3,1,9,0,18,0,0,0,0,0,0,1,1,6,1,34,6,1240,1,7,3,1,1,387649,145003,54,1,1,1,635,4,3414,6,30,0,4,6,0,0,1,1,1,2,0,0,1,1,1,3,1,48,8,3,1,1,0,0,0,0,1,5
3,1,9,0,5,0,2,0,0,0,0,1,1,6,1,25,5,1598,2,1,1,1,1,533430,182880,1,1,1,6,4,3,10,6,30,3,4,6,0,0,4,4,1,1,0,0,1,2,1,3,1,33,6,3,1,3,0,0,2,0,1,1
1,2,21,1,18,0,0,3,0,0,0,1,1,1,1,69,10,12900,2,3,1,4,3,390341,142937,54,3,4,2,635,3,36,6,60,0,4,6,0,0,0,1,1,2,0,0,2,1,1,1,1,33,6,3,0,0,0,0,0,9,1,5
3,2,3,0,13,0,1,0,0,0,0,1,1,2,1,18,4,125,1,13,1,1,2,411195,92579,55,2,1,5,640,3,3049,6,30,3,4,6,0,0,0,1,1,1,0,0,1,1,1,1,1,18,4,3,0,0,0,0,0,3,1,3
3,3,9,0,4,0,0,0,0,0,0,2,1,6,2,25,5,1598,2,3,1,2,5,542640,243840,35,5,2,5,395,3,505,6,60,0,4,6,0,0,0,1,1,1,0,0,2,1,2,1,2,25,5,3,0,0,0,0,0,9,1,7
3,1,9,0,17,0,0,0,0,8,4,1,1,2,1,21,5,1997,1,8,1,1,1,429600,459959,12,1,1,6,182,4,6165,6,60,0,4,6,0,0,0,1,2,2,0,0,2,1,1,1,1,21,5,3,0,0,0,0,0,9,1,10
2,1,9,0,5,0,8,0,0,0,0,3,1,6,2,24,5,1598,1,8,1,1,1,535831,241866,41,1,1,5,433,6,907,6,30,3,4,6,1410,0,0,1,1,1,0,0,1,1,1,3,1,3,1,2,5,4,0,0,0,0,1,5
3,2,9,0,4,0,7,0,11,0,0,1,1,6,2,78,11,1242,1,17,1,2,2,568766,182337,42,2,2,2,462,6,0,6,30,6,4,6,0,0,0,1,1,1,0,2,1,1,2,2,2,33,6,3,0,0,1,0,0,9,1,5
3,1,9,0,17,0,0,0,0,0,0,1,1,6,1,24,5,1248,2,8,1,2,2,285013,645344,97,2,2,3,938,6,0,6,60,0,4,6,0,0,0,1,1,1,0,0,2,1,1,1,1,33,6,3,0,0,0,0,0,9,1,5