accident_severity,vehicle_reference,vehicle_type,towing_and_articulation,vehicle_manoeuvre,vehicle_location-restricted_lane,junction_location,skidding_and_overturning,hit_object_in_carriageway,vehicle_leaving_carriageway,hit_object_off_carriageway,1st_point_of_impact,was_vehicle_left_hand_drive?,journey_purpose_of_driver,sex_of_driver,age_of_driver,age_band_of_driver,engine_capacity_(cc),propulsion_code,age_of_vehicle,driver_home_area_type,NUmber_of_Casualities_unique_to_accident_index,No_of_Vehicles_involved_unique_to_accident_index,location_easting_osgr,location_northing_osgr,police_force,number_of_vehicles,number_of_casualties,day_of_week,local_authority_(district),1st_road_class,1st_road_number,road_type,speed_limit,junction_detail,junction_control,2nd_road_class,2nd_road_number,pedestrian_crossing-human_control,pedestrian_crossing-physical_facilities,light_conditions,weather_conditions,road_surface_conditions,special_conditions_at_site,carriageway_hazards,urban_or_rural_area,did_police_officer_attend_scene_of_accident,casualty_reference,casualty_class,sex_of_casualty,age_of_casualty,age_band_of_casualty,casualty_severity,pedestrian_location,pedestrian_movement,car_passenger,bus_or_coach_passenger,pedestrian_road_maintenance_worker,casualty_type,casualty_home_area_type,casualty_imd_decile
3,1,9,0,18,0,1,0,0,0,0,1,1,6,1,39,7,1598,1,8,1,2,2,197280,205390,63,2,2,5,752,3,477,6,60,9,4,6,0,0,0,4,5,2,0,0,2,1,2,2,1,27,6,3,0,0,1,0,0,9,1,5
3,1,9,0,18,0,0,0,0,0,0,1,1,6,1,34,6,2993,2,8,1,1,1,633430,169660,46,1,1,1,541,6,4149,6,30,0,4,6,0,0,0,1,1,1,0,0,1,1,1,3,1,33,6,3,9,5,0,0,0,0,1,5
3,2,1,0,18,0,8,0,0,0,0,1,1,6,1,29,6,1598,1,8,1,1,2,325760,674310,95,2,1,4,923,5,0,6,30,3,2,6,0,0,4,1,1,1,0,0,1,1,1,1,1,29,6,3,0,0,0,0,0,1,1,5
3,1,9,0,18,0,1,0,0,0,0,1,1,2,1,25,5,1956,2,8,2,1,2,413418,93206,55,2,1,5,640,3,35,6,30,3,4,6,0,0,0,1,9,1,0,0,1,3,1,1,1,33,6,3,0,0,0,0,0,9,1,5
3,1,9,0,18,0,0,1,0,1,10,1,1,6,1,20,4,1400,2,7,3,1,1,428653,405070,14,1,1,5,210,6,0,6,40,0,4,6,0,0,0,6,1,1,0,7,2,1,1,1,1,20,4,3,0,0,0,0,0,9,3,9
3,1,9,0,18,0,0,0,0,0,0,1,1,6,1,60,9,1968,2,9,3,1,2,629054,308406,36,2,1,7,401,3,1042,6,60,0,4,6,0,0,0,4,2,2,0,0,2,1,1,2,2,51,8,3,0,0,1,0,0,9,3,7
3,1,9,0,18,0,1,0,0,0,0,1,1,6,2,24,5,1242,1,1,1,1,2,436153,290853,23,2,1,5,291,3,444,1,30,1,4,3,444,0,0,1,1,1,0,0,1,2,1,1,1,33,6,3,0,0,0,0,0,9,1,5
2,2,1,0,18,0,8,0,0,0,0,1,1,6,2,38,7,1598,1,8,1,1,2,331322,411077,5,2,1,7,93,3,565,6,30,3,4,6,0,0,0,1,1,1,0,0,1,1,1,1,2,38,7,2,0,0,0,0,0,1,1,6
3,1,9,0,4,0,0,1,0,4,0,2,1,1,1,60,9,1598,1,8,1,1,2,469569,152466,44,2,1,4,490,1,3,3,70,0,4,6,0,0,0,6,1,2,0,0,2,1,1,1,1,33,6,3,0,0,0,0,0,9,1,5
2,1,1,0,16,0,0,0,0,0,0,1,1,6,1,67,10,1598,1,8,1,1,2,245888,72853,50,2,1,1,589,3,390,6,60,0,4,6,0,0,0,1,1,2,0,0,1,1,1,1,1,67,10,2,0,0,0,0,0,1,1,4
3,1,9,0,18,0,0,0,0,0,0,1,1,6,1,33,6,1598,1,8,1,1,2,363153,177878,52,2,1,7,612,1,32,3,70,0,4,6,0,0,0,4,5,2,0,0,2,1,1,1,1,33,6,3,0,0,0,0,0,9,1,5
3,1,9,0,18,0,8,0,0,0,0,3,1,2,1,41,7,1997,2,5,1,1,2,523300,179960,1,2,1,2,11,3,219,6,30,7,2,3,4020,0,5,1,1,1,0,0,1,1,1,1,1,41,7,3,0,0,0,0,0,9,1,6
3,1,9,0,16,0,0,0,0,0,0,1,1,6,1,74,10,1997,2,3,2,1,2,253626,120579,50,2,1,4,588,4,3227,6,60,0,4,6,0,0,0,6,2,2,0,0,2,1,1,1,1,33,6,3,0,0,0,0,0,9,1,5
3,1,9,0,18,0,0,0,0,0,0,3,1,6,2,56,9,1296,1,8,1,1,1,454250,340838,31,1,1,1,346,6,0,6,30,0,4,6,0,0,0,1,1,1,0,0,1,1,1,3,2,7,2,3,9,9,0,0,0,0,1,10
3,2,1,0,18,0,1,0,0,0,0,3,1,2,1,26,6,1598,1,8,1,1,2,431749,435501,13,2,1,4,204,6,0,6,30,3,4,6,0,0,0,1,1,1,0,0,1,1,1,1,1,26,6,3,0,0,0,0,0,1,1,8
3,1,9,0,18,0,1,0,0,0,0,1,1,6,3,38,7,1598,1,8,1,1,2,431540,568495,10,2,1,6,148,5,218,6,30,1,4,6,2057,0,1,4,4,2,0,0,1,1,1,1,1,33,6,3,0,0,0,0,0,9,1,5
3,2,9,0,4,0,0,0,0,0,0,1,1,6,1,30,6,1360,1,11,1,1,2,575957,223226,42,2,1,4,451,6,0,6,30,0,4,6,0,0,0,1,1,1,0,0,1,1,1,1,1,33,6,3,0,0,0,0,0,9,1,5
2,1,1,0,18,0,2,0,4,0,0,1,1,6,1,30,6,1598,1,8,1,1,2,454620,204877,43,2,1,4,482,6,320,6,20,3,4,6,0,0,0,1,2,2,0,0,1,1,1,1,1,30,6,2,0,0,0,0,0,1,1,3
3,1,9,0,18,0,0,0,0,0,0,1,1,6,1,48,8,2393,1,16,3,1,1,567280,155420,46,1,1,2,542,6,1801,6,30,0,4,6,0,1,1,1,1,1,0,0,2,2,1,3,1,48,8,3,5,3,0,0,0,0,1,1
3,2,9,0,3,0,0,0,0,0,0,2,1,6,1,47,8,1991,2,9,1,8,3,426655,299839,23,3,8,7,290,3,5,6,50,0,4,6,0,0,0,1,1,1,4,0,2,1,6,2,2,16,4,3,0,0,2,0,0,9,1,5
3,1,1,0,18,9,0,0,8,0,0,1,1,6,1,5,1,1598,1,8,1,1,2,408850,277260,22,2,1,7,270,6,0,6,30,0,4,6,0,0,0,1,1,1,0,0,1,1,1,1,1,5,1,3,0,0,0,0,0,1,1,10
3,1,9,0,18,0,1,0,0,0,0,4,1,6,1,30,6,2720,2,6,1,1,2,536610,182590,1,2,1,1,5,3,11,3,40,3,4,6,0,0,4,1,1,1,0,0,1,2,1,1,1,30,6,3,0,0,0,0,0,9,1,1
3,1,9,0,8,0,6,0,0,0,0,4,1,6,1,61,9,1896,2,12,3,1,2,357385,170796,52,2,1,6,601,6,0,6,30,1,4,3,3029,0,8,1,1,1,0,0,1,2,1,1,1,33,6,3,0,0,0,0,0,9,1,5
3,2,9,0,3,0,0,0,0,0,0,2,1,6,1,35,6,1995,1,6,1,3,3,508672,207558,41,3,3,3,431,3,414,3,70,0,4,6,0,0,0,1,1,1,0,0,2,1,2,1,1,35,6,3,0,0,0,0,0,9,1,6
3,2,9,0,3,0,0,0,0,0,0,2,1,6,2,57,9,1598,1,8,1,1,2,318941,692512,94,2,1,2,925,3,92,3,70,0,4,6,0,0,0,1,1,2,0,0,2,1,1,1,2,57,9,3,0,0,0,0,0,9,1,5
3,1,9,0,3,0,0,0,0,0,0,3,1,6,2,36,7,1598,1,8,1,2,2,174294,44060,50,2,2,5,596,6,0,6,60,0,4,6,0,0,0,6,2,2,0,0,2,1,1,1,2,36,7,3,0,0,0,0,0,9,1,6
3,2,9,0,18,0,8,0,0,0,0,2,1,6,2,25,5,1598,1,5,1,2,2,415620,419328,13,2,2,7,203,6,0,6,30,3,4,6,0,0,1,1,1,1,0,0,1,1,2,2,2,5,1,3,0,0,1,0,0,9,1,1
3,1,9,0,7,0,8,0,0,0,0,1,1,3,1,30,6,1560,2,10,1,2,2,390982,346306,21,2,2,4,257,3,5272,6,30,3,4,6,0,0,0,1,1,1,0,0,1,1,2,2,1,5,1,3,0,0,2,0,0,9,1,2
3,1,9,0,16,0,3,0,0,0,0,3,1,6,2,20,4,1199,1,13,1,1,2,628620,165600,46,2,1,4,541,3,299,1,70,1,4,3,253,0,0,1,1,1,0,0,2,2,1,1,2,20,4,3,0,0,0,0,0,9,1,7
3,1,2,0,18,0,1,1,0,0,0,3,1,2,1,18,4,49,1,2,1,1,1,309951,687720,94,1,1,2,925,3,907,6,30,3,4,6,0,0,0,1,2,2,0,0,1,1,1,1,1,18,4,3,0,0,0,0,0,2,1,5
3,1,9,0,9,0,1,0,0,0,0,4,1,6,2,29,6,1796,1,15,1,1,2,428955,265284,23,2,1,4,294,3,445,6,30,8,4,6,0,0,4,1,1,1,0,0,1,1,1,1,1,33,6,3,0,0,0,0,0,9,1,5
3,2,4,0,18,0,8,0,0,0,0,1,1,6,1,23,5,124,1,3,1,1,2,448583,519182,17,2,1,2,243,6,0,6,30,3,4,6,0,0,0,1,1,1,0,0,1,1,1,1,1,23,5,3,0,0,0,0,0,4,1,9
3,2,9,0,18,0,1,0,0,0,0,1,1,6,2,50,8,1997,2,2,3,4,2,323864,112767,52,2,4,1,608,4,3170,6,60,6,4,6,0,0,0,1,1,1,0,0,2,1,2,1,2,50,8,3,0,0,0,0,0,9,3,7
3,1,8,0,9,0,5,0,0,0,0,1,1,6,1,43,7,1598,1,8,1,1,2,417260,285370,20,2,1,3,306,6,0,6,30,6,4,6,0,0,0,1,9,1,0,0,1,1,1,1,1,33,6,3,0,0,0,0,0,9,1,5
3,2,9,0,18,0,0,0,0,0,0,1,1,6,2,42,7,2993,2,4,3,2,2,479411,438603,16,2,2,2,231,3,163,6,40,0,4,6,0,0,0,1,1,1,4,0,2,1,2,1,2,42,7,3,0,0,0,0,0,9,3,6
3,1,9,0,18,0,2,0,0,0,0,1,1,2,1,62,9,1339,1,12,1,2,1,506978,428698,16,1,2,4,228,3,1105,3,30,3,4,6,0,0,4,1,1,1,0,0,1,1,2,3,1,12,3,3,1,1,0,0,0,0,1,1
3,1,9,0,18,0,1,0,0,0,0,1,1,1,1,48,8,1968,2,1,1,2,3,430582,118245,44,3,2,3,496,3,36,6,30,3,4,6,0,0,0,1,1,1,0,0,2,1,1,1,1,48,8,3,0,0,0,0,0,9,1,7
3,1,9,0,18,0,0,0,0,0,0,1,1,6,1,44,7,1390,1,15,3,2,2,251856,121083,50,2,2,7,588,4,3232,6,60,0,4,6,0,0,0,6,1,1,0,0,2,1,1,1,1,44,7,3,0,0,0,0,0,9,3,4
3,2,1,0,18,0,1,0,0,0,0,1,1,6,1,19,4,1598,1,8,1,1,2,411147,420892,13,2,1,6,202,4,6114,6,30,3,4,6,0,0,0,1,1,1,0,0,1,2,1,1,1,19,4,3,0,0,0,0,0,1,1,8
3,1,9,0,9,0,5,0,0,0,0,1,1,6,1,20,4,1560,2,2,2,1,2,347650,463030,4,2,1,5,76,3,6,3,30,3,4,6,0,0,5,1,1,1,0,0,1,1,1,1,1,33,6,3,0,0,0,0,0,9,1,5
3,1,9,0,14,0,5,0,0,0,0,1,1,6,2,29,6,1596,1,11,1,1,2,403841,319317,21,2,1,6,250,6,89,6,30,3,4,3,460,0,0,1,1,1,0,0,1,2,1,1,1,33,6,3,0,0,0,0,0,9,1,5
3,2,9,0,2,0,0,0,0,1,0,3,1,6,2,38,7,1598,1,8,3,1,2,241662,59318,50,2,1,5,596,6,0,6,30,0,4,6,0,0,0,4,1,2,0,0,1,1,1,1,1,33,6,3,0,0,0,0,0,9,1,5
3,2,9,0,2,9,0,0,0,0,0,2,1,6,2,38,7,1242,1,7,1,1,3,528139,151562,45,3,1,3,513,6,1261,6,30,0,4,6,0,0,0,4,1,1,0,0,1,1,1,1,1,33,6,3,0,0,0,0,0,9,1,5
3,1,9,0,18,0,0,1,0,0,0,4,1,6,3,38,7,1598,1,8,1,1,2,435179,436737,13,2,1,4,204,6,0,6,20,0,4,6,0,0,0,4,1,2,0,0,1,1,1,1,1,33,6,3,0,0,0,0,0,9,1,5
3,1,9,0,14,0,1,0,0,0,0,1,1,6,2,22,5,1349,1,1,1,2,1,452180,189176,43,1,2,3,484,6,189,6,30,3,4,6,0,0,0,1,1,1,0,0,1,2,1,3,1,12,3,3,5,2,0,0,0,0,1,5
3,2,9,0,8,0,1,0,0,0,0,2,1,6,1,43,7,998,1,1,1,1,2,378980,395560,6,2,1,4,112,3,5181,3,30,9,2,4,5211,0,0,1,1,1,0,0,1,1,1,1,1,43,7,3,0,0,0,0,0,9,1,1
3,3,9,0,2,0,0,0,0,0,0,3,1,6,3,38,7,1686,2,11,1,1,3,490325,409513,16,3,1,3,232,6,0,6,30,0,4,6,0,0,0,1,1,1,0,0,1,1,1,1,1,33,6,3,0,0,0,0,0,9,1,5
3,1,90,0,4,0,1,0,0,0,0,1,1,6,1,23,5,1598,1,8,1,1,1,382070,407370,6,1,1,5,101,5,0,6,30,3,4,6,0,0,0,1,2,2,0,0,1,1,1,3,2,15,3,3,5,1,0,0,0,0,1,6
2,2,9,0,18,0,1,0,0,0,0,1,1,6,2,28,6,1910,2,7,3,4,2,370623,838268,92,2,4,1,911,4,9001,6,60,6,4,4,992,0,0,1,1,1,0,0,2,1,2,1,2,28,6,3,0,0,0,0,0,9,3,5
3,1,10,0,18,0,0,1,0,0,0,1,1,1,2,50,8,2500,2,8,1,4,3,437634,438085,13,3,4,3,204,3,64,6,60,0,4,6,0,0,0,1,1,2,0,0,2,1,3,2,2,22,5,3,0,0,2,0,0,10,1,2
2,1,9,0,9,0,8,0,0,0,0,1,1,6,2,55,8,1685,2,3,1,3,3,454876,517387,17,3,3,4,241,5,113,6,30,3,4,6,0,0,0,1,1,1,0,0,1,1,1,1,2,55,8,3,0,0,0,0,0,9,1,9
3,2,9,0,4,0,0,0,0,1,7,2,1,6,1,47,8,1896,2,14,1,7,6,502914,178182,43,6,7,3,473,1,4,3,70,0,4,6,0,0,0,1,1,1,0,0,2,1,1,1,1,33,6,3,0,0,0,0,0,9,1,5
3,2,9,0,5,0,2,0,0,0,0,1,1,6,2,49,8,1199,1,11,1,1,2,533226,344613,32,2,1,2,350,3,16,6,30,3,2,5,779,2,4,1,1,1,0,0,1,1,1,1,2,49,8,3,0,0,0,0,0,9,1,2
3,1,9,0,18,0,0,0,0,0,0,1,1,6,1,46,8,1796,1,7,1,1,3,385385,156165,54,3,1,5,635,3,363,6,30,0,4,6,0,0,0,1,1,1,0,0,1,1,1,1,1,33,6,3,0,0,0,0,0,9,1,5
3,2,1,0,13,0,1,0,0,0,0,1,1,6,1,59,9,1598,1,8,3,1,2,382555,160298,54,2,1,2,635,4,3109,6,30,3,4,6,0,0,0,1,1,1,0,0,2,1,1,1,1,59,9,3,0,0,0,0,0,1,3,6
3,1,9,0,4,0,0,1,0,0,0,1,1,6,1,18,4,1360,1,13,1,1,2,596180,162850,46,2,1,5,540,6,2821,6,60,0,4,6,0,0,0,6,2,2,0,0,2,1,1,1,1,33,6,3,0,0,0,0,0,9,1,5
3,1,9,0,18,0,0,0,0,7,4,1,1,6,1,62,9,1995,2,1,1,2,1,385036,367645,7,1,2,7,129,3,34,6,60,0,4,6,0,0,0,1,1,1,0,0,2,1,1,1,1,62,9,3,0,0,0,0,0,9,1,5
3,1,19,0,5,0,0,0,0,0,0,3,1,1,1,64,9,1998,2,11,1,1,2,512218,154101,45,2,1,7,511,6,265,6,30,0,4,6,0,0,0,1,1,1,0,0,1,1,1,1,1,33,6,3,0,0,0,0,0,9,1,5
3,1,19,0,4,0,1,0,0,0,0,1,1,6,1,38,7,1998,2,13,1,2,2,436770,278620,20,2,2,5,302,3,4082,6,30,3,2,3,428,0,0,4,1,1,0,0,1,2,1,1,1,33,6,3,0,0,0,0,0,9,1,5
3,1,9,0,9,0,8,0,0,0,0,3,1,2,1,37,7,1598,1,8,1,1,2,535420,185150,1,2,1,2,4,6,0,6,30,3,4,6,0,0,0,1,1,1,0,0,1,1,1,1,1,33,6,3,0,0,0,0,0,9,1,5
3,1,9,0,14,0,0,0,0,0,0,1,1,6,1,66,10,1242,1,2,1,2,3,487959,288140,34,3,2,4,380,6,5059,6,30,0,4,6,0,0,0,1,4,1,0,0,1,1,1,1,1,66,10,3,0,0,0,0,0,9,1,5
3,1,9,0,18,0,0,0,0,7,2,1,1,6,2,28,6,1349,1,13,1,1,1,342297,392668,5,1,1,2,91,6,0,6,30,0,4,6,0,0,0,1,1,1,0,0,1,1,1,1,2,28,6,3,0,0,0,0,0,9,1,1
3,1,9,0,18,0,1,0,0,0,0,1,1,6,3,38,7,1598,1,8,1,3,2,370570,429030,4,2,3,6,75,3,6119,3,50,3,2,6,0,0,5,4,2,2,0,0,1,1,1,1,1,33,6,3,0,0,0,0,0,9,1,5
2,1,9,0,18,0,0,1,0,1,0,3,1,6,1,19,4,1198,1,12,1,2,1,403669,296308,20,1,2,1,307,3,34,6,30,0,4,6,0,0,0,1,2,2,0,0,1,1,3,2,2,17,4,2,0,0,1,0,0,9,1,1
3,1,9,0,18,0,8,0,0,0,0,1,1,6,1,48,8,2148,2,13,1,3,2,454351,318513,33,2,3,1,362,3,6,6,30,3,4,6,6603,0,0,4,4,2,0,0,1,1,1,1,1,33,6,3,0,0,0,0,0,9,1,5
3,1,9,0,5,0,0,0,0,0,0,3,1,6,2,32,6,1595,1,9,1,1,2,527950,174830,1,2,1,3,10,6,0,6,30,0,4,6,0,0,0,1,1,1,0,0,1,1,1,1,1,33,6,3,0,0,0,0,0,9,1,5
3,1,9,0,12,0,0,0,0,0,0,3,1,6,1,48,8,1995,2,2,3,1,2,505470,178340,1,2,1,4,26,1,4,3,70,0,4,6,0,0,0,1,1,1,0,0,2,1,1,1,1,33,6,3,0,0,0,0,0,9,1,5
3,2,9,0,10,0,1,0,0,0,0,2,1,6,2,18,4,1242,1,2,2,3,2,430916,264817,23,2,3,5,294,6,0,6,40,1,3,3,452,0,0,1,1,1,0,0,2,2,3,2,2,16,4,3,0,0,1,0,0,9,2,8
3,1,9,0,7,0,1,0,0,0,0,1,1,6,2,45,7,1199,1,15,1,1,2,294548,91825,50,2,1,2,581,6,0,6,30,3,4,6,0,0,8,4,2,2,0,0,1,1,1,1,1,33,6,3,0,0,0,0,0,9,1,5
3,2,9,0,3,0,1,0,0,0,0,2,1,6,1,39,7,3490,1,16,1,2,2,632780,169910,46,2,2,6,541,3,28,3,40,3,4,6,0,0,0,1,1,1,0,0,1,1,2,2,2,13,3,3,0,0,1,0,0,9,1,3
3,1,19,0,12,0,0,0,0,0,0,0,1,1,1,34,6,1598,1,8,1,1,2,465141,171625,43,2,1,4,471,3,4,3,30,0,4,6,0,0,0,7,2,2,0,0,2,1,1,1,1,33,6,3,0,0,0,0,0,9,1,5
3,2,9,0,18,0,0,0,0,0,0,2,1,6,1,80,11,1242,1,4,2,1,3,504667,249342,40,3,1,7,420,3,5141,6,30,0,4,6,0,0,4,1,1,1,0,0,1,1,1,1,1,80,11,3,0,0,0,0,0,9,2,5
2,1,9,0,18,0,0,0,0,0,0,4,1,6,2,65,9,1598,1,6,1,1,1,299249,680191,96,1,1,5,924,6,0,6,30,0,4,6,0,0,0,1,2,2,0,0,1,1,1,3,2,10,2,2,5,1,0,0,0,0,1,5
3,2,1,0,18,0,8,0,0,0,0,3,1,2,2,35,6,1598,1,8,2,1,2,545590,257600,35,2,1,3,390,3,1307,6,30,3,4,6,0,0,4,1,1,2,0,0,1,1,1,1,2,35,6,3,0,0,0,0,0,1,2,9
3,1,9,0,18,0,0,1,0,0,0,1,1,6,1,22,5,2494,1,17,1,5,3,345802,136328,52,3,5,7,606,3,39,6,30,0,4,6,0,0,0,4,1,1,0,0,1,1,3,2,1,31,6,3,0,0,1,0,0,9,1,5
3,1,97,0,18,0,1,0,0,0,0,1,1,6,1,18,4,1598,1,8,1,2,2,265975,194900,62,2,2,6,745,4,4603,6,30,9,4,6,0,0,0,1,1,1,0,0,1,1,3,2,1,18,4,3,0,0,0,0,0,97,1,5
2,1,9,0,18,0,0,0,0,0,0,4,1,6,1,18,4,2495,2,13,3,1,1,393217,305366,21,1,1,4,254,6,533,6,30,0,4,6,0,0,0,1,1,1,0,0,2,2,1,3,1,66,10,2,9,8,0,0,0,0,2,8
3,1,9,0,12,0,7,1,0,0,0,1,1,6,1,17,4,1596,1,1,2,2,2,256576,664283,97,2,2,7,926,1,8,3,50,5,4,1,77,0,0,1,1,2,0,0,1,1,1,1,1,33,6,3,0,0,0,0,0,9,1,5
3,1,9,0,5,0,8,0,0,0,0,1,1,6,2,51,8,1598,1,8,1,1,2,551811,381698,32,2,1,3,351,3,1111,6,30,8,4,6,0,0,0,1,1,1,0,0,1,2,1,1,1,33,6,3,0,0,0,0,0,9,1,5
3,1,9,0,5,0,1,0,0,0,0,1,1,6,2,25,5,1598,1,6,3,1,2,419437,252423,23,2,1,6,293,6,0,6,30,3,4,4,4632,0,0,1,1,1,0,0,2,1,1,1,2,25,5,3,0,0,0,0,0,9,3,8
3,1,11,0,18,0,0,0,0,0,0,1,1,1,1,47,8,9360,2,8,3,1,2,319290,672920,95,2,1,6,923,3,8,6,40,0,4,6,0,0,5,1,1,1,0,0,1,1,1,1,1,33,6,3,0,0,0,0,0,9,1,5
2,1,9,0,18,0,4,0,0,0,0,1,1,2,1,55,8,1598,1,5,1,1,2,448494,197366,43,2,1,6,483,6,100,1,30,1,4,6,0,0,0,1,1,1,0,0,1,1,1,1,1,33,6,3,0,0,0,0,0,9,1,5
2,1,9,0,16,0,0,0,0,7,0,1,1,6,1,21,5,1995,2,2,3,2,2,358988,359309,7,2,2,1,129,3,51,6,30,0,4,6,0,0,0,1,1,1,0,0,2,1,1,1,1,33,6,3,0,0,0,0,0,9,1,5
2,1,9,4,5,0,0,0,0,0,0,1,1,1,1,59,9,1951,2,14,1,1,2,332548,330923,22,2,1,4,286,3,495,6,30,0,4,6,0,0,0,1,1,2,0,0,2,1,1,3,2,40,7,2,9,5,0,0,0,0,2,5
3,1,9,0,18,0,0,0,0,0,0,1,1,6,2,75,10,1598,1,14,1,4,3,492429,368747,32,3,4,7,352,3,46,3,70,0,4,6,0,0,0,1,1,1,0,0,2,1,1,1,2,75,10,3,0,0,0,0,0,9,1,5
3,1,5,0,18,0,1,0,0,0,0,1,1,2,1,51,8,955,1,15,1,1,2,437619,110206,44,2,1,3,496,3,326,6,40,3,4,6,0,0,0,1,1,1,0,0,2,1,1,1,1,51,8,3,0,0,0,0,0,5,1,2
3,1,9,0,3,0,1,0,0,0,0,2,1,6,2,37,7,1598,1,4,3,1,4,565290,138630,46,4,1,4,543,3,21,6,60,3,4,6,0,0,0,1,1,1,0,0,2,1,1,1,1,33,6,3,0,0,0,0,0,9,1,5
3,2,9,0,18,0,1,0,0,0,0,1,1,6,2,82,11,1896,2,10,3,2,2,370245,233178,53,2,2,1,622,4,4216,6,60,6,4,5,57,0,0,6,1,1,0,0,2,1,2,2,2,92,11,3,0,0,1,0,0,9,2,6
3,1,9,0,18,0,0,0,0,0,0,1,2,1,1,49,8,1229,1,1,1,1,1,256149,666566,97,1,1,5,926,6,0,6,30,0,4,6,0,0,4,1,2,2,0,0,1,2,1,3,1,22,5,3,5,4,0,0,0,0,1,5
3,2,9,0,18,0,0,0,0,0,0,1,1,6,2,38,7,1598,1,11,1,3,2,521520,183540,1,2,3,2,28,3,404,2,30,0,4,6,0,0,0,1,1,1,0,0,1,2,1,1,1,33,6,3,0,0,0,0,0,9,1,5
3,2,9,0,4,0,1,0,0,0,0,2,1,6,2,76,11,1995,2,10,1,1,3,524256,234639,41,3,1,5,433,3,507,6,40,8,4,6,0,0,0,1,1,1,0,0,2,1,1,1,1,33,6,3,0,0,0,0,0,9,1,5
3,1,9,0,9,0,6,0,0,0,0,1,1,1,1,57,9,1461,2,5,1,1,2,629115,233028,37,2,1,6,415,3,154,6,30,3,4,6,0,0,0,7,1,1,0,0,1,2,1,1,1,33,6,3,0,0,0,0,0,9,1,5
2,2,9,0,9,0,6,0,0,0,0,3,1,6,2,68,10,1329,1,1,1,2,2,524800,189270,1,2,2,1,30,3,598,6,30,3,4,6,0,0,0,4,1,1,0,0,1,1,2,1,2,68,10,3,0,0,0,0,0,9,1,3
3,2,97,0,3,0,1,0,0,0,0,2,1,6,1,40,7,998,1,11,1,1,2,449563,90065,44,2,1,3,505,6,0,6,40,1,4,3,3020,0,0,1,8,1,0,0,1,2,1,1,1,40,7,3,0,0,0,0,0,97,1,2
3,2,9,0,18,0,1,0,0,0,0,1,1,6,1,44,7,1396,1,2,1,1,2,463796,99631,44,2,1,1,498,6,0,6,30,3,4,6,0,0,1,1,1,1,0,0,1,1,1,2,1,14,3,3,0,0,2,0,0,9,1,1
1,2,17,4,9,0,8,0,0,0,0,4,1,1,1,20,4,4400,2,2,3,1,2,538769,109297,47,2,1,5,554,3,27,3,50,3,4,6,0,0,0,1,1,1,0,0,2,1,1,1,1,33,6,3,0,0,0,0,0,9,1,5
3,2,19,0,9,0,8,0,0,0,0,1,1,6,1,38,7,2198,2,6,1,1,2,521800,185540,1,2,1,2,28,3,4088,6,30,3,4,6,0,0,0,1,7,2,0,0,1,2,1,1,1,33,6,3,0,0,0,0,0,9,1,5
3,2,9,0,3,0,0,0,0,0,0,2,1,6,1,49,8,2993,2,1,1,1,2,430625,269583,23,2,1,2,294,3,452,6,40,0,4,6,0,0,0,1,1,1,0,0,2,1,1,1,1,33,6,3,0,0,0,0,0,9,1,5
3,2,9,0,16,0,2,0,0,0,0,1,1,2,2,37,7,1598,1,8,1,2,2,484486,132570,44,2,2,6,497,3,3,7,60,5,4,3,3,0,0,7,1,1,0,0,2,1,2,1,2,37,7,3,0,0,0,0,0,9,1,5
2,1,9,0,9,0,8,0,0,0,0,4,1,6,2,23,5,1598,1,4,1,2,2,532401,105541,47,2,2,6,565,6,0,6,20,3,4,6,0,0,0,1,1,1,0,0,1,1,2,1,2,23,5,3,0,0,0,0,0,9,1,10
3,1,9,0,9,0,8,0,0,0,0,4,1,6,3,69,10,1388,1,9,2,2,2,461139,432276,12,2,2,6,187,6,1202,6,30,6,2,3,19,0,0,1,1,1,0,0,1,1,1,1,1,33,6,3,0,0,0,0,0,9,1,5
3,1,9,0,9,0,5,0,0,0,0,1,1,6,1,58,9,2143,2,1,1,1,2,499227,149682,45,2,1,5,511,6,4003,6,30,3,4,6,0,0,0,1,1,1,0,0,1,1,1,1,1,33,6,3,0,0,0,0,0,9,1,5
3,1,9,0,7,0,8,0,0,0,0,3,1,6,2,26,6,1198,1,8,1,1,2,533360,190440,1,2,1,5,31,6,0,2,30,6,4,6,0,0,0,4,1,2,0,0,1,1,1,1,1,33,6,3,0,0,0,0,0,9,1,5
2,1,9,0,3,0,0,0,0,0,0,3,1,6,1,55,8,1560,2,1,1,1,2,568418,337503,36,2,1,1,407,3,149,6,40,0,4,6,0,0,0,1,1,1,0,0,2,1,1,1,1,33,6,3,0,0,0,0,0,9,1,5
3,1,1,0,18,0,1,1,0,0,0,3,1,6,1,28,6,1598,1,8,1,1,2,318890,172451,62,2,1,1,746,6,0,1,30,1,4,6,0,0,0,1,1,1,0,0,1,1,1,1,1,28,6,3,0,0,0,0,0,1,1,5
3,1,9,0,3,0,1,0,0,0,0,2,1,6,1,27,6,1997,2,14,1,7,4,486889,158009,45,4,7,4,515,1,3,3,70,1,2,3,331,0,0,1,1,1,0,0,2,1,2,2,2,57,9,3,0,0,2,0,0,9,1,8
2,2,9,0,18,0,0,2,0,1,11,3,1,6,1,27,6,1988,1,16,1,3,3,536298,109122,47,3,3,1,554,3,27,3,70,0,4,6,0,0,0,1,1,1,0,0,2,1,2,2,1,20,4,2,0,0,2,0,0,9,1,1