accident_severity,vehicle_reference,vehicle_type,towing_and_articulation,vehicle_manoeuvre,vehicle_location-restricted_lane,junction_location,skidding_and_overturning,hit_object_in_carriageway,vehicle_leaving_carriageway,hit_object_off_carriageway,1st_point_of_impact,was_vehicle_left_hand_drive?,journey_purpose_of_driver,sex_of_driver,age_of_driver,age_band_of_driver,engine_capacity_(cc),propulsion_code,age_of_vehicle,driver_home_area_type,NUmber_of_Casualities_unique_to_accident_index,No_of_Vehicles_involved_unique_to_accident_index,location_easting_osgr,location_northing_osgr,police_force,number_of_vehicles,number_of_casualties,day_of_week,local_authority_(district),1st_road_class,1st_road_number,road_type,speed_limit,junction_detail,junction_control,2nd_road_class,2nd_road_number,pedestrian_crossing-human_control,pedestrian_crossing-physical_facilities,light_conditions,weather_conditions,road_surface_conditions,special_conditions_at_site,carriageway_hazards,urban_or_rural_area,did_police_officer_attend_scene_of_accident,casualty_reference,casualty_class,sex_of_casualty,age_of_casualty,age_band_of_casualty,casualty_severity,pedestrian_location,pedestrian_movement,car_passenger,bus_or_coach_passenger,pedestrian_road_maintenance_worker,casualty_type,casualty_home_area_type,casualty_imd_decile
3,2,9,0,13,0,2,0,0,1,10,3,1,6,1,32,6,1598,1,8,1,3,2,353461,193852,61,2,3,4,732,3,48,6,30,7,2,6,0,0,5,1,1,1,0,0,1,1,3,2,2,21,5,3,0,0,1,0,0,9,1,5
3,3,9,0,2,0,8,0,0,0,0,3,1,6,3,38,7,1198,1,8,1,1,3,524320,170620,1,3,1,3,22,6,0,6,30,8,4,6,0,0,0,1,1,1,0,0,1,1,1,1,1,33,6,3,0,0,0,0,0,9,1,5
3,2,9,0,9,0,6,1,0,1,10,3,1,6,2,23,5,1398,1,3,1,1,2,509260,169406,45,2,1,2,40,3,244,3,30,6,2,6,0,0,8,1,2,2,0,0,1,1,1,1,2,23,5,3,0,0,0,0,0,9,1,6
3,1,9,0,18,0,2,0,0,0,0,4,1,6,1,67,10,999,1,8,1,1,1,131074,659853,97,1,1,3,913,3,846,6,30,9,4,3,846,0,0,1,1,1,0,0,2,1,1,3,1,9,2,3,5,1,0,0,0,0,2,5
3,1,3,0,14,0,8,0,4,0,0,1,1,2,1,23,5,1598,1,8,1,1,2,515570,171740,1,2,1,6,24,4,360,6,30,3,4,3,309,0,0,1,2,2,0,0,1,1,1,1,1,23,5,3,0,0,0,0,0,3,1,5
3,2,9,0,18,0,8,5,0,0,0,4,1,6,1,36,7,1686,2,8,1,2,2,460385,108246,44,2,2,5,502,6,0,6,60,3,4,6,0,0,0,1,1,1,0,0,2,1,2,2,1,4,1,3,0,0,2,0,0,9,1,7
3,2,1,0,18,0,8,0,0,0,0,1,1,6,2,9,2,1598,1,8,1,2,2,421856,303853,21,2,2,6,258,6,16,6,30,6,4,6,16,0,0,7,1,1,0,0,1,1,1,1,2,9,2,3,0,0,0,0,0,1,1,4
3,2,5,0,18,0,0,0,0,0,0,4,1,6,1,45,7,645,1,1,3,1,2,513522,197418,41,2,1,4,33,3,41,6,60,0,4,6,0,0,0,1,1,1,0,0,1,1,1,1,1,45,7,3,0,0,0,0,0,5,3,8
3,2,1,0,16,0,8,0,0,0,0,1,1,6,1,39,7,1598,1,8,1,1,2,387620,389210,6,2,1,6,109,4,5465,1,30,1,4,5,0,0,8,4,1,2,0,0,1,1,1,1,1,39,7,3,0,0,0,0,0,1,1,8
3,1,8,0,4,0,0,0,0,0,0,0,1,6,1,40,7,1560,2,6,3,3,1,257216,662032,97,1,3,1,926,3,77,6,30,0,4,6,0,0,0,4,1,1,0,0,1,2,1,2,2,3,1,3,0,0,2,0,0,8,1,5
3,1,9,0,18,0,0,0,0,0,0,4,1,6,3,38,7,1598,1,8,1,1,1,520727,160771,45,1,1,5,38,3,24,2,30,0,4,6,0,0,0,1,1,1,0,0,1,2,1,3,1,45,7,3,10,9,0,0,0,0,1,10
3,3,9,0,3,0,1,0,0,0,0,2,1,6,2,51,8,4196,1,9,1,8,3,433448,391455,14,3,8,3,215,3,61,3,40,3,2,6,0,0,4,1,9,1,0,0,1,1,1,1,1,33,6,3,0,0,0,0,0,9,1,5
3,2,9,0,18,0,1,0,0,0,0,1,1,6,1,18,4,1229,1,8,1,3,2,257196,665140,97,2,3,4,926,6,0,3,30,3,4,6,0,0,0,4,2,2,0,0,1,2,1,2,1,14,3,3,0,0,1,0,0,9,1,5
3,1,9,0,9,0,8,0,0,0,0,4,1,6,1,58,9,1796,1,10,1,2,2,531530,167040,1,2,2,2,20,5,0,6,30,3,4,3,235,0,1,1,1,1,0,0,1,1,2,2,2,33,6,3,0,0,1,0,0,9,1,4
3,2,9,0,18,0,8,0,0,0,0,4,1,6,2,56,9,1199,1,11,1,2,2,437891,391323,14,2,2,3,215,5,745,6,30,6,4,6,0,0,0,1,1,1,0,0,1,1,2,1,2,56,9,3,0,0,0,0,0,9,1,1
3,1,9,0,18,0,0,1,0,7,4,2,1,6,1,36,7,1598,1,8,1,3,1,495304,378116,32,1,3,4,356,4,1398,6,60,0,4,6,0,0,0,1,2,2,0,0,2,1,2,2,2,31,6,3,0,0,2,0,0,9,1,1
3,1,9,0,3,0,0,0,0,0,0,2,1,6,2,65,9,1984,1,8,1,1,2,409376,91258,55,2,1,1,640,4,3066,6,30,0,4,6,0,0,0,1,1,1,0,0,1,1,1,2,2,73,10,3,0,0,1,0,0,9,1,5
3,1,9,0,18,0,8,0,0,0,0,0,1,6,2,41,7,1600,1,3,1,1,1,525970,167090,1,1,1,5,22,6,0,6,30,3,4,6,0,0,0,1,1,1,0,0,1,1,1,3,1,14,3,3,5,1,0,0,2,0,1,5
3,2,9,0,18,0,0,0,0,0,0,1,1,6,1,55,8,1200,1,8,1,6,2,444720,372340,30,2,6,1,322,3,6192,6,40,0,4,6,0,0,0,1,1,1,0,0,2,1,5,2,2,50,8,3,0,0,1,0,0,9,1,5
3,2,9,0,18,0,1,0,0,0,0,1,1,6,3,38,7,1598,1,8,1,1,2,531450,186690,1,2,1,4,3,5,0,2,30,3,4,5,0,0,0,4,1,2,0,0,1,1,1,1,1,33,6,3,0,0,0,0,0,9,1,5
3,2,1,0,9,0,8,0,0,0,0,4,1,1,1,22,5,1598,1,8,3,1,2,463748,161081,44,2,1,2,490,6,0,6,30,3,4,6,0,0,0,1,7,2,0,0,2,1,1,1,1,22,5,3,0,0,0,0,0,1,3,9
3,1,9,0,18,0,8,0,0,0,0,4,1,6,1,22,5,1198,1,2,1,2,2,442866,111568,44,2,2,6,500,6,0,6,30,6,4,6,0,0,0,1,1,1,0,0,1,1,1,1,1,22,5,3,0,0,0,0,0,9,1,3
3,2,9,0,18,0,0,5,0,0,0,4,1,6,1,44,7,1596,1,7,1,2,2,554160,170190,46,2,2,1,532,1,25,3,70,0,4,6,0,0,0,1,1,1,0,0,2,1,2,2,2,50,8,3,0,0,1,0,0,9,1,9
3,1,11,0,18,0,1,0,0,0,0,1,1,1,3,38,7,4250,2,5,1,1,2,516461,158672,45,2,1,5,512,3,243,1,40,1,4,1,25,0,0,1,1,1,0,0,2,2,1,2,2,15,3,3,0,0,0,4,0,11,1,6
2,2,9,0,9,0,5,0,0,0,0,1,1,6,1,40,7,1994,1,13,1,1,2,461348,409520,14,2,1,7,211,6,0,6,30,6,4,6,0,0,0,1,1,1,0,0,2,2,1,1,1,33,6,3,0,0,0,0,0,9,1,5
3,1,9,0,13,0,0,0,0,1,0,1,1,6,1,23,5,1596,1,14,1,2,2,362950,410510,6,2,2,2,100,1,61,3,70,0,4,6,0,0,0,1,6,3,0,0,2,1,1,1,1,23,5,3,0,0,0,0,0,9,1,2
3,1,9,0,18,0,1,0,0,0,0,1,1,6,1,38,7,1242,1,13,1,3,2,453990,345408,31,2,3,4,346,6,0,6,30,3,4,6,0,0,0,1,1,1,0,0,1,1,2,2,1,22,5,3,0,0,1,0,0,9,1,1
3,1,9,0,18,0,8,0,0,0,0,4,1,6,1,23,5,1968,2,6,1,2,2,417260,285370,20,2,2,3,306,6,0,6,30,6,4,6,0,0,0,1,2,2,0,0,1,1,1,1,1,23,5,3,0,0,0,0,0,9,1,3
3,2,9,0,3,0,0,0,0,0,0,2,1,6,2,65,9,1796,1,9,1,6,4,615992,278631,36,4,6,4,406,3,143,6,50,0,4,6,0,0,0,1,1,1,0,0,2,1,2,1,2,65,9,3,0,0,0,0,0,9,1,3
3,2,1,0,18,0,1,0,0,0,0,4,1,6,1,69,10,1598,1,8,1,1,2,344843,382648,5,2,1,1,91,6,0,6,30,3,4,6,0,0,0,1,1,1,0,0,2,1,1,1,1,69,10,3,0,0,0,0,0,1,1,7
2,5,9,0,2,0,0,0,0,0,0,3,1,6,3,38,7,1242,1,13,1,1,6,335264,396327,5,6,1,3,93,6,0,6,30,0,4,6,0,0,0,1,1,1,0,0,1,1,1,1,1,33,6,3,0,0,0,0,0,9,1,5
3,1,9,0,4,0,0,0,0,0,0,1,1,2,1,50,8,1395,1,8,1,1,2,291233,64273,50,2,1,5,587,6,0,6,30,0,4,6,0,0,0,1,1,1,0,0,1,1,1,1,1,50,8,3,0,0,0,0,0,9,1,5
3,2,2,0,18,0,8,1,0,0,0,1,1,2,1,16,4,1598,1,8,3,1,2,192850,230630,63,2,1,2,752,4,4331,6,60,3,4,6,0,0,0,1,2,2,0,0,2,2,1,1,1,16,4,3,0,0,0,0,0,2,3,5
3,2,9,0,18,0,0,0,10,1,0,1,1,6,3,38,7,1598,1,8,1,1,2,524610,181930,1,2,1,3,12,5,0,6,30,0,4,6,0,0,0,1,1,1,0,0,1,2,1,1,1,33,6,3,0,0,0,0,0,9,1,5
3,1,9,0,18,0,1,0,4,0,0,1,1,6,1,20,4,1390,1,9,1,1,2,533430,169110,1,2,1,6,20,3,215,6,30,3,4,6,0,0,0,7,1,1,0,7,1,1,1,1,1,20,4,3,0,0,0,0,0,9,1,2
3,1,9,0,18,0,1,0,0,0,0,1,1,6,2,52,8,1229,1,2,1,1,1,429640,264832,23,1,1,4,294,3,425,6,30,3,4,6,0,0,0,1,1,2,0,0,1,1,1,3,1,12,3,3,5,1,0,0,0,0,1,7
3,2,9,0,18,0,0,0,11,0,0,3,1,6,2,27,6,1461,2,6,3,1,2,581073,163226,46,2,1,6,544,1,2,3,70,0,4,6,0,0,0,1,2,2,0,1,2,2,1,1,2,27,6,3,0,0,0,0,0,9,3,8
3,1,9,0,9,0,8,0,0,0,0,4,1,6,2,56,9,1332,1,17,1,1,2,532950,188290,1,2,1,3,31,3,503,6,30,3,4,6,0,0,4,1,1,1,0,0,1,1,1,1,1,33,6,3,0,0,0,0,0,9,1,5
3,2,2,0,7,0,8,0,0,0,0,3,1,6,1,16,4,49,1,4,1,1,2,391846,383214,7,2,1,2,129,3,523,1,30,1,4,5,416,0,8,1,1,1,0,0,1,1,1,1,1,16,4,3,0,0,0,0,0,2,1,5
3,4,9,0,3,0,0,0,0,0,0,0,1,6,2,28,6,1598,1,8,3,1,4,550789,302134,36,4,1,1,407,3,1101,6,40,0,4,6,0,0,0,1,2,2,6,0,2,1,1,1,1,33,6,3,0,0,0,0,0,9,1,5
3,1,9,0,9,0,8,0,0,0,0,4,1,6,2,63,9,1242,1,15,1,1,2,522590,180580,1,2,1,1,11,5,0,6,30,3,4,6,0,0,4,4,2,2,0,0,1,1,1,1,1,33,6,3,0,0,0,0,0,9,1,5
3,1,9,0,4,0,1,0,0,0,0,2,1,6,2,32,6,1386,1,10,1,2,2,539420,184580,1,2,2,1,17,4,164,6,30,6,2,3,118,0,5,1,1,1,0,0,1,2,1,1,2,32,6,3,0,0,0,0,0,9,1,3
3,2,9,0,18,0,0,0,0,0,0,2,1,6,1,50,8,1598,1,8,1,1,3,238820,207140,63,3,1,6,751,6,0,9,50,0,4,6,0,0,0,1,1,1,0,2,2,1,1,2,2,48,8,3,0,0,1,0,0,9,1,5
2,1,1,0,18,0,0,0,0,0,0,0,1,6,1,37,7,1598,1,8,1,1,1,517230,161520,1,1,1,6,23,3,243,6,30,0,4,6,0,0,0,1,1,1,0,0,2,1,1,1,1,37,7,2,0,0,0,0,0,1,1,5
3,1,9,0,7,0,8,0,0,0,0,4,1,6,2,25,5,1995,2,6,1,1,3,543444,209066,42,3,1,2,457,6,0,1,60,1,4,3,1025,0,0,1,1,1,0,0,2,1,1,1,1,33,6,3,0,0,0,0,0,9,1,5
2,1,1,0,17,0,8,0,0,0,0,0,1,6,1,40,7,1598,1,8,1,1,1,168847,41787,50,1,1,6,596,3,3047,1,30,1,4,3,3047,0,0,4,1,1,0,0,1,1,1,1,1,40,7,2,0,0,0,0,0,1,1,4
2,1,9,0,18,0,2,0,0,0,0,1,1,1,2,22,5,1242,1,10,1,1,1,404674,318102,21,1,1,2,250,6,93,6,30,1,4,6,93,2,4,1,1,1,0,0,1,2,1,3,1,80,11,2,4,1,0,0,0,0,1,3
3,2,9,0,18,0,8,0,0,0,0,1,1,6,1,31,6,1586,1,12,2,1,2,379210,434620,4,2,1,7,72,3,6068,6,50,3,4,6,0,0,0,1,1,2,0,0,1,1,1,1,1,33,6,3,0,0,0,0,0,9,1,5
3,4,9,0,2,0,1,0,0,0,0,2,1,6,3,38,7,1598,1,8,1,1,4,297912,188402,62,4,1,1,744,6,0,6,30,3,4,6,0,0,0,4,1,1,0,0,2,1,1,1,1,33,6,3,0,0,0,0,0,9,1,5
3,2,3,0,18,0,8,0,0,0,0,1,1,6,1,17,4,124,1,4,1,1,2,521359,105069,47,2,1,4,557,3,259,6,30,3,4,6,0,0,4,1,1,1,0,0,1,1,1,1,1,17,4,3,0,0,0,0,0,3,1,5
3,2,8,0,18,0,1,0,0,0,0,4,1,1,1,35,6,1995,2,4,1,1,2,526648,135707,47,2,1,2,560,3,23,6,30,3,4,6,0,0,0,1,1,1,0,0,1,1,1,1,1,35,6,3,0,0,0,0,0,8,1,8
3,1,9,0,18,0,2,0,0,1,11,1,1,6,2,33,6,1389,1,18,1,4,3,454840,227790,43,3,4,1,481,1,40,3,70,5,4,1,40,0,0,1,1,1,0,0,2,1,1,1,2,33,6,3,0,0,0,0,0,9,1,5
3,1,9,0,13,0,8,0,0,0,0,0,1,6,1,29,6,1951,2,12,1,1,2,517716,466481,16,2,1,5,231,6,0,6,30,3,4,6,0,0,0,1,1,1,0,0,1,2,1,1,1,33,6,3,0,0,0,0,0,9,1,5
3,2,9,0,9,0,8,0,0,0,0,1,1,6,2,29,6,1388,1,5,1,1,2,515088,199174,41,2,1,4,33,4,462,6,30,2,4,6,107,0,0,1,1,1,0,0,2,1,1,1,2,29,6,3,0,0,0,0,0,9,1,6
3,1,5,0,18,0,8,0,0,0,0,4,1,2,1,58,9,680,1,4,1,1,2,537840,183040,1,2,1,6,5,3,12,1,30,1,2,3,11,0,5,1,1,1,0,0,1,1,1,1,1,58,9,3,0,0,0,0,0,5,1,2
3,2,2,0,18,0,1,0,0,0,0,4,1,6,1,17,4,49,1,8,1,1,2,504016,488253,12,2,1,6,186,3,165,6,30,6,2,6,760,0,5,1,1,1,0,0,1,2,1,1,1,17,4,3,0,0,0,0,0,2,1,1
3,2,9,0,7,0,0,0,0,0,0,1,1,6,1,38,7,1598,1,8,1,1,2,518740,178370,1,2,1,3,25,3,4,6,40,0,4,6,0,0,0,1,1,1,0,0,1,2,1,1,1,33,6,3,0,0,0,0,0,9,1,5
3,3,9,0,4,0,0,0,0,0,0,1,1,6,1,59,9,1598,1,8,1,1,3,433671,563486,10,3,1,3,149,3,194,3,40,0,4,6,0,0,0,5,1,2,0,0,1,1,1,1,1,33,6,3,0,0,0,0,0,9,1,5
2,1,9,0,18,0,0,2,4,0,0,1,1,6,1,78,11,1197,1,4,1,3,2,431830,279450,20,2,3,2,302,4,4107,3,40,0,4,6,0,0,0,1,1,1,0,0,1,1,3,2,1,21,5,3,0,0,2,0,0,9,1,2
3,2,1,0,18,0,8,0,0,0,0,1,1,2,2,36,7,1598,1,8,1,1,2,529990,188110,1,2,1,2,31,3,103,6,30,3,4,6,0,0,0,1,1,1,0,0,1,1,1,1,2,36,7,3,0,0,0,0,0,1,1,8
3,3,19,0,2,0,1,0,0,0,0,3,1,1,1,65,9,1598,1,8,1,2,3,527700,184230,1,3,2,7,2,6,0,6,30,8,4,6,0,0,0,1,1,1,0,0,1,1,1,1,1,33,6,3,0,0,0,0,0,9,1,5
3,3,9,0,3,0,8,0,0,0,0,4,1,6,1,70,10,1395,1,1,1,2,3,516180,175770,1,3,2,5,25,3,310,1,30,2,4,3,3004,0,0,1,1,1,0,0,1,1,1,1,1,33,6,3,0,0,0,0,0,9,1,5
3,1,9,0,4,0,0,0,0,0,0,2,1,6,2,43,7,1991,2,9,1,1,2,514076,162561,45,2,1,4,510,3,244,7,40,0,4,6,0,0,0,1,1,1,0,0,2,1,1,1,2,43,7,3,0,0,0,0,0,9,1,9
3,1,10,0,9,0,8,0,0,0,0,1,1,2,1,47,8,2402,2,4,1,1,2,547445,195235,42,2,1,4,456,6,0,6,60,3,4,6,0,0,0,1,1,1,0,0,2,1,1,1,1,33,6,3,0,0,0,0,0,9,1,5
2,2,5,0,14,0,1,0,0,0,0,1,1,6,1,41,7,1598,1,8,1,2,3,501594,460981,16,3,2,1,231,4,1249,6,60,3,4,6,0,0,0,1,1,1,0,0,2,1,2,1,1,41,7,2,0,0,0,0,0,5,1,4
3,1,9,0,18,0,1,0,0,0,0,1,1,6,1,64,9,1242,1,3,1,1,2,463789,151784,44,2,1,7,490,6,0,2,30,3,4,6,0,0,8,4,1,1,0,0,1,1,1,1,1,33,6,3,0,0,0,0,0,9,1,5
3,1,9,0,9,0,1,0,0,0,0,1,1,6,1,50,8,1498,1,10,3,3,2,393509,221719,53,2,3,2,620,3,40,6,40,3,2,6,712,0,0,1,1,1,0,0,1,1,1,2,2,46,8,3,0,0,1,0,0,9,3,6
3,2,5,0,5,0,8,0,0,0,0,1,1,6,1,45,7,1598,1,8,1,1,2,271455,652830,97,2,1,7,938,3,723,1,30,1,4,6,0,0,0,1,1,1,0,0,1,1,1,1,1,33,6,3,0,0,0,0,0,9,1,5
3,2,9,0,18,0,0,0,0,0,0,1,1,1,1,49,8,1598,1,8,1,2,6,389320,328196,21,6,2,4,255,1,6,3,70,0,4,6,0,0,0,1,1,1,0,0,2,1,1,1,1,49,8,3,0,0,0,0,0,9,1,5
3,1,9,0,5,0,3,0,0,0,0,1,1,6,1,75,10,1242,1,6,1,1,1,460991,431931,12,1,1,5,187,3,19,1,30,2,4,6,1151,0,0,4,1,2,0,0,1,2,1,3,2,19,4,3,5,1,0,0,0,0,1,7
3,2,9,0,9,0,3,0,7,7,0,4,1,1,1,64,9,1686,2,3,1,1,2,393960,297930,20,2,1,3,309,6,0,1,30,2,4,6,0,0,0,1,1,1,0,0,1,1,1,1,1,64,9,3,0,0,0,0,0,9,1,2
2,1,8,0,18,0,2,0,0,0,0,4,1,6,1,38,7,1229,1,4,1,1,1,584679,193098,42,1,1,5,459,6,0,6,30,3,4,6,0,0,0,1,1,1,0,0,1,2,1,3,1,16,4,2,5,1,0,0,0,0,1,9
3,2,9,0,2,0,0,0,0,0,0,1,1,6,1,39,7,1997,2,8,1,1,2,432530,282510,20,2,1,1,302,6,0,6,30,0,4,6,0,0,0,1,1,1,0,0,1,1,1,1,1,33,6,3,0,0,0,0,0,9,1,5
2,2,9,0,18,0,0,0,0,0,0,2,1,6,1,47,8,2198,1,7,2,1,3,458050,333062,31,3,1,4,347,6,0,6,60,0,4,6,0,0,0,1,1,1,0,0,2,1,1,1,1,33,6,3,0,0,0,0,0,9,1,5
1,1,9,0,18,0,1,1,0,2,2,1,1,6,1,21,5,3000,1,22,1,2,1,331566,385805,5,1,2,4,95,6,0,6,30,3,4,6,0,0,0,4,1,2,0,0,1,1,1,1,1,21,5,2,0,0,0,0,0,9,1,6
3,1,9,0,3,0,0,0,0,0,0,2,1,6,1,46,8,2993,2,8,1,4,4,544960,188320,1,4,4,7,14,3,12,3,50,0,4,6,0,0,5,1,1,1,0,0,1,1,1,1,1,46,8,3,0,0,0,0,0,9,1,6
3,1,9,0,4,0,0,0,0,0,0,2,1,6,1,52,8,1598,1,8,1,1,2,531210,180250,1,2,1,6,9,3,3200,6,30,0,4,6,0,0,0,1,1,1,0,0,1,1,1,1,1,52,8,3,0,0,0,0,0,9,1,5
3,2,19,0,7,0,5,0,0,0,0,4,1,6,1,38,7,2998,2,10,1,1,2,403990,288040,20,2,1,6,300,6,0,6,30,3,4,4,4135,0,0,4,8,2,0,0,1,1,1,1,1,33,6,3,0,0,0,0,0,9,1,5
3,1,9,0,5,0,0,0,0,0,0,4,1,6,3,38,7,1598,1,8,1,1,1,531250,175490,1,1,1,6,9,6,0,6,30,0,4,6,0,0,0,4,1,1,0,0,1,1,1,3,2,25,5,3,9,9,0,0,2,0,1,7
3,2,9,0,7,0,6,0,0,0,0,3,1,6,2,62,9,1598,1,2,1,1,2,435490,385419,14,2,1,2,215,4,6388,6,30,6,4,4,6388,0,0,1,1,1,0,0,1,2,1,1,1,33,6,3,0,0,0,0,0,9,1,5
3,1,9,0,9,0,6,0,0,0,0,3,1,1,2,21,5,998,1,2,1,1,2,619823,245331,37,2,1,2,415,5,328,6,30,3,4,6,0,0,0,1,1,1,0,0,1,1,1,1,2,21,5,3,0,0,0,0,0,9,1,7
2,2,2,0,18,0,1,0,0,0,0,1,1,1,1,71,10,1598,1,8,3,1,2,472259,197759,43,2,1,3,484,4,4009,6,40,5,4,1,40,0,0,7,2,2,0,0,2,1,1,1,1,71,10,2,0,0,0,0,0,2,3,7
3,2,9,0,18,0,8,0,0,0,0,4,1,6,1,42,7,1596,1,14,1,1,2,638380,166480,46,2,1,2,541,6,4111,6,30,3,4,6,0,0,0,1,1,1,0,0,1,1,1,1,1,42,7,3,0,0,0,0,0,9,1,2
3,1,9,0,18,0,6,0,0,0,0,1,1,6,2,38,7,1968,2,8,1,1,2,435093,434736,13,2,1,6,204,3,64,3,40,3,4,6,0,0,0,1,1,1,0,0,1,1,1,1,1,33,6,3,0,0,0,0,0,9,1,5
3,2,9,0,18,0,0,1,0,1,10,2,1,6,1,64,9,1956,2,8,3,3,2,331780,556580,3,2,3,7,62,4,5307,6,60,0,4,6,0,0,0,1,1,1,0,0,2,2,2,1,1,64,9,3,0,0,0,0,0,9,3,5
3,1,9,0,18,0,1,1,0,0,0,1,1,2,2,21,5,1600,2,4,1,1,2,349580,259300,22,2,1,6,285,3,44,6,30,3,4,6,0,0,0,1,2,2,0,0,1,1,1,1,2,21,5,3,0,0,0,0,0,9,1,2
3,1,5,0,18,0,1,0,0,0,0,1,1,2,1,45,7,999,1,5,1,1,2,478187,352552,31,2,1,4,345,4,6166,1,30,1,4,3,46,0,0,1,1,1,0,0,2,1,1,1,1,45,7,3,0,0,0,0,0,5,1,4
2,3,5,0,18,0,0,0,0,0,0,1,1,6,1,34,6,599,1,12,1,3,3,345500,374193,7,3,3,7,130,1,56,3,70,0,4,6,0,0,0,1,1,1,0,0,2,1,2,1,1,34,6,2,0,0,0,0,0,5,1,2
3,2,1,0,15,0,0,0,8,0,0,1,1,6,2,28,6,1598,1,8,1,1,2,538640,188830,1,2,1,6,13,3,104,6,30,0,4,6,0,0,4,1,1,1,0,0,1,1,1,1,2,28,6,3,0,0,0,0,0,1,1,3
3,1,9,0,18,0,0,0,0,0,0,1,1,6,1,27,6,1598,1,14,1,1,2,506527,249823,40,2,1,5,420,3,5140,6,30,0,4,6,0,0,8,1,1,1,0,0,1,1,1,1,1,33,6,3,0,0,0,0,0,9,1,5
3,2,9,0,18,0,0,0,0,0,0,3,1,6,1,32,6,1598,1,8,1,1,2,364786,148362,52,2,1,2,606,3,367,9,60,0,4,6,0,0,0,1,2,2,0,0,2,1,1,1,1,32,6,3,0,0,0,0,0,9,1,2
2,2,9,0,16,0,1,0,0,0,0,1,1,6,1,19,4,1124,1,14,1,4,3,379378,147219,52,3,4,1,606,3,362,6,60,3,4,6,0,0,0,1,1,1,5,0,2,1,4,2,1,24,5,2,0,0,1,0,0,9,1,3
3,1,9,0,4,0,8,1,0,0,0,1,1,1,2,57,9,1200,1,2,1,1,2,510430,173320,1,2,1,6,25,4,3377,6,30,9,4,6,0,0,0,1,1,1,0,0,1,1,1,1,1,33,6,3,0,0,0,0,0,9,1,5
3,2,9,0,18,0,8,0,0,0,0,1,1,6,1,50,8,1582,2,1,1,1,2,254047,665628,97,2,1,3,926,6,0,3,30,6,4,6,0,0,0,1,1,1,0,0,1,1,1,2,1,59,9,3,0,0,1,0,0,9,1,5
3,2,17,0,18,0,2,0,0,0,0,1,1,1,1,38,7,1598,1,8,1,1,2,531720,181720,48,2,1,2,570,4,500,2,30,3,4,6,0,0,0,4,1,1,0,0,1,2,1,1,1,33,6,3,0,0,0,0,0,9,1,5
3,1,9,0,18,0,0,0,0,0,0,1,1,6,1,52,8,2143,2,2,1,1,2,419060,286260,20,2,1,4,306,3,452,6,50,0,4,6,0,0,0,1,1,1,0,0,2,1,1,1,1,33,6,3,0,0,0,0,0,9,1,5
3,1,9,0,7,0,8,0,0,0,0,2,1,6,2,42,7,1596,1,6,1,2,2,533580,185850,1,2,2,6,4,3,10,6,30,3,4,6,0,0,0,4,1,1,0,0,1,1,2,2,2,42,7,3,0,0,2,0,0,9,1,1
3,1,9,0,18,0,0,5,0,1,4,1,1,1,1,21,5,1598,1,8,1,1,1,299470,229250,63,1,1,4,753,3,40,6,60,0,4,6,0,0,0,6,1,1,0,0,2,1,1,1,1,21,5,3,0,0,0,0,0,9,1,5
3,1,9,0,18,0,0,0,0,0,0,1,1,6,1,23,5,1388,1,13,1,3,2,570916,206437,42,2,3,6,454,3,1060,3,40,0,4,6,0,0,4,1,1,1,0,0,1,2,1,1,1,33,6,3,0,0,0,0,0,9,1,5
3,1,8,0,6,0,2,0,0,0,0,3,1,1,1,29,6,1798,8,2,1,1,2,530970,181610,48,2,1,4,570,3,40,6,30,3,2,4,400,0,5,1,1,1,0,0,1,1,1,1,1,33,6,3,0,0,0,0,0,9,1,5
3,2,9,0,4,0,0,0,0,0,0,2,1,6,1,62,9,1991,2,8,1,3,2,484802,184206,43,2,3,4,474,3,404,3,70,0,4,6,0,0,0,1,1,1,0,0,2,1,3,2,2,62,9,3,0,0,1,0,0,9,1,4
3,1,9,0,12,0,8,0,0,0,0,4,1,6,2,76,11,1360,1,7,3,2,2,264278,656431,97,2,2,5,938,3,749,2,30,1,4,3,749,0,0,1,1,1,0,0,1,2,1,1,1,33,6,3,0,0,0,0,0,9,1,5
2,2,19,0,18,0,0,0,8,0,0,1,1,6,1,40,7,2198,2,3,1,1,2,407440,287950,20,2,1,4,300,6,0,6,20,0,4,6,0,0,0,1,1,1,0,0,1,2,1,3,2,20,4,2,9,5,0,0,0,0,1,8
2,2,9,0,18,0,0,0,0,0,0,1,1,6,1,47,8,1598,1,8,1,3,3,356832,172356,52,3,3,6,601,3,3029,3,40,0,4,6,0,0,7,1,1,1,0,0,2,1,2,1,1,47,8,3,0,0,0,0,0,9,1,10
3,2,9,0,2,0,1,0,0,0,0,2,1,6,3,38,7,1598,1,17,1,1,2,518256,129959,47,2,1,4,562,3,281,6,30,3,4,6,0,0,5,4,1,2,0,0,1,1,1,1,1,33,6,3,0,0,0,0,0,9,1,5
3,1,9,0,5,0,0,0,0,0,0,1,1,6,1,80,11,1591,1,5,1,2,1,458608,81269,44,1,2,3,505,6,0,6,20,0,4,6,0,0,0,1,1,1,0,0,2,1,2,3,1,74,10,3,6,9,0,0,0,0,1,9
3,1,9,0,18,0,0,0,0,0,0,1,1,6,2,27,6,1870,2,10,1,1,1,446660,342230,30,1,1,5,324,3,6007,3,40,0,4,6,0,0,4,1,1,1,0,0,1,1,1,3,2,48,8,3,1,3,0,0,0,0,1,5