accident_severity,vehicle_reference,vehicle_type,towing_and_articulation,vehicle_manoeuvre,vehicle_location-restricted_lane,junction_location,skidding_and_overturning,hit_object_in_carriageway,vehicle_leaving_carriageway,hit_object_off_carriageway,1st_point_of_impact,was_vehicle_left_hand_drive?,journey_purpose_of_driver,sex_of_driver,age_of_driver,age_band_of_driver,engine_capacity_(cc),propulsion_code,age_of_vehicle,driver_home_area_type,NUmber_of_Casualities_unique_to_accident_index,No_of_Vehicles_involved_unique_to_accident_index,location_easting_osgr,location_northing_osgr,police_force,number_of_vehicles,number_of_casualties,day_of_week,local_authority_(district),1st_road_class,1st_road_number,road_type,speed_limit,junction_detail,junction_control,2nd_road_class,2nd_road_number,pedestrian_crossing-human_control,pedestrian_crossing-physical_facilities,light_conditions,weather_conditions,road_surface_conditions,special_conditions_at_site,carriageway_hazards,urban_or_rural_area,did_police_officer_attend_scene_of_accident,casualty_reference,casualty_class,sex_of_casualty,age_of_casualty,age_band_of_casualty,casualty_severity,pedestrian_location,pedestrian_movement,car_passenger,bus_or_coach_passenger,pedestrian_road_maintenance_worker,casualty_type,casualty_home_area_type,casualty_imd_decile
3,1,9,0,3,0,0,0,0,0,0,2,1,6,2,47,8,1598,1,8,1,2,3,527850,171020,1,3,2,6,10,3,217,6,30,0,4,6,0,0,4,4,1,1,0,0,1,1,1,1,2,47,8,3,0,0,0,0,0,9,1,6
3,1,9,0,18,0,0,0,0,0,0,1,1,6,1,32,6,1999,2,8,1,1,2,386230,437190,4,2,1,1,77,6,0,6,20,0,4,6,0,0,0,4,1,1,0,0,1,1,1,2,2,26,6,3,0,0,1,0,0,9,1,8
3,2,11,0,18,0,1,2,0,0,0,3,1,1,1,38,7,9360,2,1,1,1,2,414613,562282,10,2,1,3,146,5,302,6,30,3,2,6,4178,0,5,1,1,2,0,0,1,1,1,2,1,44,7,3,0,0,0,4,0,11,1,5
3,1,9,0,9,0,6,0,0,0,0,1,1,2,2,54,8,1229,1,8,3,1,2,453848,205189,43,2,1,3,482,6,320,6,20,3,4,6,0,0,0,1,1,1,0,0,1,1,1,1,1,33,6,3,0,0,0,0,0,9,1,5
3,2,1,0,18,0,8,0,0,0,0,4,1,2,2,45,7,1598,1,8,1,1,2,549220,259230,35,2,1,2,395,3,1303,6,40,3,2,6,0,0,5,1,1,1,0,0,1,2,1,1,2,45,7,3,0,0,0,0,0,1,1,5
3,1,3,0,18,0,0,0,0,0,0,3,1,6,2,31,6,125,1,8,1,1,1,517660,180490,1,1,1,4,27,6,0,6,30,0,4,6,0,0,0,4,1,1,0,0,1,1,1,1,2,31,6,3,0,0,0,0,0,3,1,6
3,2,9,0,2,0,2,0,0,0,0,1,1,6,3,38,7,1997,2,14,1,1,2,362498,171743,52,2,1,3,601,6,0,6,30,3,4,6,0,0,0,1,2,2,0,0,1,1,1,1,1,33,6,3,0,0,0,0,0,9,1,5
3,2,9,0,18,0,0,0,0,0,0,1,1,6,1,26,6,1998,2,13,1,1,2,506279,174302,45,2,1,6,40,6,3223,6,30,0,4,6,0,0,0,1,1,1,0,0,1,1,1,1,1,33,6,3,0,0,0,0,0,9,1,5
1,1,9,0,18,0,1,0,0,6,2,4,1,6,1,22,5,4398,1,10,1,1,1,385370,390050,6,1,1,4,102,3,34,3,40,3,4,6,0,0,0,4,2,2,0,0,1,1,1,1,1,22,5,1,0,0,0,0,0,9,1,9
2,1,9,0,17,0,1,1,0,1,10,1,1,6,1,19,4,1229,1,2,3,2,1,370630,433600,4,1,2,5,80,6,0,6,60,3,4,6,0,0,0,6,1,2,0,0,2,1,1,1,1,19,4,3,0,0,0,0,0,9,3,9
3,1,9,0,17,0,2,0,0,1,9,1,1,6,2,48,8,999,1,7,2,1,1,409909,192025,54,1,1,1,635,5,70,6,60,3,4,6,0,0,0,1,1,1,0,0,2,1,1,1,2,48,8,3,0,0,0,0,0,9,2,4
2,1,9,0,18,9,8,0,0,7,11,1,1,6,1,52,8,999,1,7,1,2,1,370076,366364,7,1,2,6,129,5,837,2,30,3,4,6,0,0,0,1,1,1,0,0,1,1,2,3,1,79,11,3,6,9,0,0,0,0,1,8
2,1,9,0,18,0,8,0,0,0,0,1,1,2,2,58,9,1597,1,6,1,1,2,517840,178280,1,2,1,2,25,3,4,1,40,1,2,4,455,0,5,4,1,1,0,0,1,1,1,1,1,33,6,3,0,0,0,0,0,9,1,5
3,2,19,0,18,0,8,0,0,0,0,1,1,6,1,38,7,1598,1,8,1,1,2,527120,181620,1,2,1,6,1,3,5,6,30,6,2,3,4205,0,5,1,1,1,0,0,1,2,1,1,1,33,6,3,0,0,0,0,0,9,1,5
3,2,9,0,18,0,0,0,0,0,0,1,1,2,2,34,6,1598,1,8,3,1,2,280419,687828,96,2,1,3,939,1,80,3,70,0,4,6,0,0,0,1,1,1,0,0,2,1,1,1,1,33,6,3,0,0,0,0,0,9,1,5
3,2,1,0,15,4,1,0,0,0,0,3,1,2,1,29,6,1598,1,8,1,1,2,531220,182680,1,2,1,2,3,5,0,6,30,3,4,5,0,0,1,1,1,1,0,0,1,1,1,1,1,29,6,3,0,0,0,0,0,1,1,5
3,2,9,0,3,0,1,0,0,0,0,2,1,6,1,81,11,1124,1,11,1,2,2,454148,345475,31,2,2,6,346,6,0,6,30,3,2,4,682,0,4,1,1,1,0,0,1,2,1,1,1,81,11,3,0,0,0,0,0,9,1,1
3,1,9,0,4,0,0,0,0,0,0,2,1,6,2,41,7,1900,2,9,1,1,2,525870,171530,1,2,1,6,22,3,218,6,30,0,4,6,0,0,0,1,1,1,0,0,1,2,1,1,2,41,7,3,0,0,0,0,0,9,1,6
3,1,9,0,18,0,6,1,7,0,0,4,1,1,1,36,7,1968,2,9,2,1,2,428044,287288,23,2,1,5,290,4,4102,6,30,6,4,4,4098,0,8,1,1,1,0,0,2,1,1,1,1,36,7,3,0,0,0,0,0,9,2,9
3,1,5,0,17,0,0,0,0,0,10,0,1,6,1,57,9,1598,1,8,1,1,1,308002,190111,62,1,1,6,744,3,4054,6,30,0,4,6,0,0,0,1,5,2,0,0,1,1,1,1,1,57,9,3,0,0,0,0,0,5,1,5
3,2,9,0,18,0,8,0,0,0,0,1,1,6,3,38,7,1598,1,8,1,2,3,517350,179960,1,3,2,5,27,6,0,6,30,3,4,6,0,0,0,1,1,1,0,0,1,1,1,1,1,33,6,3,0,0,0,0,0,9,1,5
3,1,10,0,5,0,0,0,0,0,0,0,1,2,1,62,9,2143,2,3,1,4,1,398440,290360,20,1,4,5,305,6,0,6,30,0,4,6,0,0,0,1,1,1,0,0,1,1,2,2,1,49,8,3,0,0,2,0,0,10,1,2
3,2,9,0,18,0,0,0,0,0,0,2,1,6,2,34,6,1598,1,8,3,3,5,353420,435590,4,5,3,1,79,1,6,3,50,0,4,6,0,0,0,1,1,1,4,0,2,1,1,1,2,34,6,3,0,0,0,0,0,9,3,3
3,2,9,0,2,0,2,0,0,0,0,3,1,6,2,40,7,2922,1,11,1,1,2,443545,291084,33,2,1,5,361,1,69,7,70,1,4,3,5,0,8,1,1,1,0,3,2,2,1,1,1,33,6,3,0,0,0,0,0,9,1,5
3,2,9,0,18,0,8,0,0,0,0,4,1,6,2,49,8,1396,1,11,1,1,2,389032,347064,21,2,1,5,257,6,0,1,30,1,4,6,0,0,0,1,1,1,0,0,1,1,1,1,2,49,8,3,0,0,0,0,0,9,1,1
3,2,5,0,18,0,1,5,0,0,0,1,1,6,1,50,8,749,1,4,1,1,2,530820,140445,45,2,1,5,516,4,2037,6,30,6,4,5,68,0,0,1,1,1,0,0,1,1,1,1,1,50,8,3,0,0,0,0,0,5,1,10
3,1,21,1,18,0,0,2,0,6,6,1,1,1,1,46,8,10837,2,2,1,2,2,551600,259650,35,2,2,7,395,3,14,3,70,0,4,6,0,0,0,5,1,1,0,0,2,1,1,1,1,46,8,3,0,0,0,0,0,21,1,2
3,2,1,0,18,0,8,0,0,0,0,1,1,4,1,17,4,1598,1,8,2,1,2,545610,257610,35,2,1,6,390,3,1307,6,30,3,4,6,0,0,4,1,1,1,0,0,1,2,1,1,1,17,4,3,0,0,0,0,0,1,2,10
3,2,19,0,1,0,1,0,0,0,0,2,1,6,1,38,7,2198,2,9,1,1,2,526610,165580,1,2,1,3,21,6,0,6,30,3,4,6,0,0,0,1,1,1,0,0,1,2,1,1,1,33,6,3,0,0,0,0,0,9,1,5
3,2,9,0,7,0,6,0,0,0,0,2,1,6,1,34,6,1396,1,17,3,2,2,442208,107439,44,2,2,4,496,6,0,6,40,3,4,6,0,0,0,1,1,1,0,0,1,1,2,1,1,34,6,3,0,0,0,0,0,9,3,4
3,1,9,0,17,6,0,1,0,8,4,4,1,6,1,22,5,1590,1,14,1,2,1,521522,136020,47,1,2,1,562,6,0,6,60,0,4,6,0,0,1,6,1,1,0,0,2,1,2,2,1,22,5,3,0,0,1,0,0,9,1,10
3,2,9,0,18,0,0,0,0,0,0,1,1,6,1,52,8,1199,2,3,1,1,2,245745,663458,97,2,1,6,935,4,789,6,30,0,4,6,0,0,0,4,1,1,0,0,1,1,1,1,1,33,6,3,0,0,0,0,0,9,1,5
3,2,9,0,10,0,1,0,0,0,0,2,1,6,1,45,7,1995,2,1,3,5,2,551366,360505,32,2,5,7,351,3,52,6,50,3,4,6,0,0,0,1,1,1,0,0,2,1,1,1,1,45,7,3,0,0,0,0,0,9,3,3
3,1,9,0,18,0,0,0,0,0,0,1,1,2,1,40,7,1560,2,10,1,1,2,474148,199537,43,2,1,2,484,4,4009,6,30,0,4,6,0,0,0,1,1,1,0,0,2,2,1,1,1,33,6,3,0,0,0,0,0,9,1,5
2,2,9,0,18,0,0,0,0,0,0,3,1,6,1,45,7,1299,1,12,2,2,2,418998,543744,11,2,2,5,169,5,17,6,60,0,4,6,0,0,0,4,4,2,0,0,2,1,2,2,2,21,5,3,0,0,1,0,0,9,2,2
3,2,9,0,4,0,1,0,0,0,0,4,1,6,2,30,6,1995,2,9,1,1,2,327756,388159,5,2,1,2,95,6,0,6,30,3,2,3,5027,0,0,1,1,1,0,0,1,1,1,1,1,33,6,3,0,0,0,0,0,9,1,5
3,1,9,0,18,0,1,0,0,0,0,1,1,1,2,43,7,1596,1,7,1,1,2,344064,390884,5,2,1,5,90,4,5199,6,30,3,2,6,0,0,0,1,1,1,0,0,1,1,1,1,1,33,6,3,0,0,0,0,0,9,1,5
3,2,2,0,13,0,0,0,0,0,0,4,1,6,1,33,6,124,1,9,1,1,2,536280,198770,1,2,1,2,32,5,0,6,30,0,4,6,0,0,0,4,1,1,0,0,1,1,1,1,1,33,6,3,0,0,0,0,0,2,1,1
3,1,9,0,9,0,8,0,0,0,0,1,1,6,2,34,6,1598,1,2,1,1,1,368330,403430,6,1,1,4,114,6,0,6,30,3,4,6,0,0,0,4,2,2,0,0,1,2,1,3,2,75,10,3,8,9,0,0,0,0,1,7
3,2,19,0,18,0,0,0,0,0,0,4,1,6,1,78,11,1753,2,11,1,1,2,432822,452883,12,2,1,6,182,5,47,6,60,0,4,6,0,0,0,1,5,2,0,0,2,1,1,2,2,75,10,3,0,0,0,0,0,19,1,5
3,2,9,0,2,0,2,0,0,0,0,1,1,6,1,38,7,1598,1,8,1,1,10,631260,142100,46,10,1,7,533,3,256,2,30,3,4,6,0,0,0,4,1,2,0,0,1,1,1,1,1,33,6,3,0,0,0,0,0,9,1,5
3,1,9,0,16,0,8,0,0,0,0,2,1,6,1,27,6,1598,1,8,1,1,2,523200,181050,1,2,1,6,11,3,219,7,30,6,2,3,40,0,5,1,2,2,0,0,1,1,1,2,1,30,6,3,0,0,1,0,0,9,1,5
3,2,9,0,9,0,8,0,0,0,0,1,1,6,1,23,5,1364,1,8,1,1,2,525620,176700,1,2,1,4,11,3,217,6,30,6,4,6,0,0,0,1,1,1,0,0,1,1,1,1,1,33,6,3,0,0,0,0,0,9,1,5
3,3,9,0,18,0,1,0,0,0,0,1,1,6,1,18,4,1598,1,8,1,1,3,515000,188580,1,3,1,4,29,5,0,6,30,3,4,5,0,0,1,1,1,1,0,0,1,1,1,1,1,33,6,3,0,0,0,0,0,9,1,5
3,1,9,0,9,0,1,0,0,0,0,3,1,6,2,79,11,1296,1,7,1,1,2,373800,427690,4,2,1,3,75,6,0,6,20,6,4,6,0,0,0,1,1,1,0,0,1,1,1,1,1,33,6,3,0,0,0,0,0,9,1,5
3,3,20,0,3,0,7,0,0,0,0,2,1,1,1,38,7,7790,2,10,1,1,3,448650,206328,43,3,1,2,483,3,34,7,50,5,4,3,34,0,0,1,1,1,0,0,1,1,1,1,1,33,6,3,0,0,0,0,0,9,1,5
3,3,9,0,3,0,1,0,0,0,0,2,1,6,2,20,4,1199,1,16,1,1,3,453617,343606,31,3,1,6,346,6,0,1,30,1,4,3,610,0,0,1,1,1,0,0,1,2,1,1,2,20,4,3,0,0,0,0,0,9,1,1
3,1,11,0,9,0,3,0,0,0,0,0,1,1,1,40,7,1598,1,8,1,2,2,435006,569942,10,2,2,6,148,3,1058,1,30,1,4,3,192,0,0,1,1,1,0,0,1,2,1,2,2,30,6,3,0,0,0,4,0,11,1,5
3,2,9,0,2,0,0,0,0,0,0,2,1,6,1,32,6,1598,1,8,1,1,2,392990,292430,20,2,1,3,303,6,0,6,30,0,4,6,0,0,0,4,1,2,0,0,1,1,1,1,1,33,6,3,0,0,0,0,0,9,1,5
3,1,1,0,18,0,1,0,0,0,0,1,1,6,2,38,7,1598,1,8,1,2,2,613550,156500,46,2,2,2,531,6,3114,6,30,3,4,6,0,0,0,1,1,1,0,0,1,1,1,1,2,33,6,3,0,0,0,0,0,1,1,2
3,1,9,0,5,0,6,0,0,0,0,1,1,6,2,59,9,1149,1,4,1,1,2,341145,369439,7,2,1,3,130,5,218,6,30,3,4,6,0,0,1,1,1,2,0,0,1,1,1,1,1,33,6,3,0,0,0,0,0,9,1,5
3,1,8,0,18,0,8,0,0,0,0,3,1,1,3,38,7,1598,1,8,1,1,1,528440,181100,1,1,1,3,1,3,40,6,30,6,2,3,40,0,5,1,1,1,0,0,1,2,1,3,2,28,6,3,1,1,0,0,2,0,1,9
3,4,9,0,4,0,0,0,0,0,0,2,1,1,1,50,8,2143,2,3,3,2,4,366167,389146,7,4,2,4,128,1,6,3,70,0,4,6,0,0,0,1,1,1,0,0,1,1,1,1,1,50,8,3,0,0,0,0,0,9,3,7
3,2,1,0,18,0,8,0,0,0,0,4,1,5,1,48,8,1598,1,8,1,1,2,407448,275023,22,2,1,4,270,6,0,6,30,8,4,6,0,0,0,1,1,1,0,0,2,2,1,1,1,48,8,3,0,0,0,0,0,1,1,10
3,1,9,0,18,0,1,0,0,0,0,1,1,1,2,51,8,1956,2,5,3,1,2,522230,302640,35,2,1,5,394,5,338,1,30,2,4,6,0,0,0,1,8,1,0,0,2,1,1,1,1,33,6,3,0,0,0,0,0,9,1,5
3,1,9,0,18,0,1,0,0,7,11,3,1,6,1,46,8,1796,1,9,1,1,1,434191,404487,14,1,1,1,210,6,0,6,30,3,4,6,0,0,0,1,1,2,0,0,2,1,1,2,1,4,1,3,0,0,2,0,0,9,1,4
3,1,1,0,18,0,1,0,0,0,0,0,1,6,2,54,8,1598,1,8,1,1,1,349150,445430,4,1,1,4,85,6,0,6,20,1,4,6,0,0,0,1,1,1,0,0,2,1,1,1,2,54,8,3,0,0,0,0,0,1,1,8
2,2,9,0,4,0,0,0,0,0,0,2,1,6,2,57,9,998,1,7,2,2,3,251316,625698,97,3,2,3,919,3,76,6,60,0,4,6,0,0,0,1,1,1,0,0,2,1,2,1,2,57,9,3,0,0,0,0,0,9,2,5
3,1,9,0,4,0,8,0,0,1,0,2,1,6,1,33,6,1998,2,9,1,1,2,512550,183970,1,2,1,2,27,3,40,7,30,3,2,3,312,0,5,1,1,1,0,0,1,1,1,1,1,33,6,3,0,0,0,0,0,9,1,3
3,2,9,0,18,0,0,0,0,0,0,2,1,6,1,26,6,1796,1,12,3,1,2,444855,164725,43,2,1,6,471,6,7122,6,60,0,4,6,0,0,0,1,1,2,0,0,2,1,1,1,1,33,6,3,0,0,0,0,0,9,1,5
2,1,19,0,1,0,1,0,0,0,0,2,1,1,1,47,8,1560,2,6,1,1,1,405220,286560,20,1,1,4,300,6,0,6,30,3,4,6,0,0,0,1,1,1,0,0,1,1,1,3,2,67,10,2,5,3,0,0,0,0,1,2
3,2,9,0,18,0,1,0,0,1,10,1,1,6,1,18,4,1598,1,8,3,2,2,200360,220480,63,2,2,6,752,6,0,6,60,3,4,6,0,0,0,1,8,2,0,0,2,1,2,1,1,18,4,3,0,0,0,0,0,9,3,5
3,2,9,0,10,0,1,0,0,0,0,2,1,6,2,68,10,1598,1,8,3,2,2,255650,221980,63,2,2,6,751,3,40,6,60,6,4,6,0,0,0,1,1,1,0,0,2,1,1,1,2,68,10,3,0,0,0,0,0,9,3,5
3,1,9,0,18,0,1,0,0,0,0,2,1,6,1,25,5,1422,2,7,1,2,3,533010,165560,1,3,2,1,20,6,0,6,30,3,4,6,0,0,0,4,1,1,0,0,1,1,2,2,2,12,3,3,0,0,1,0,0,9,1,4
3,1,9,0,18,0,0,0,0,0,0,1,1,6,1,50,8,1598,1,8,1,1,2,322788,361621,60,2,1,4,724,6,0,6,30,0,4,6,0,0,0,1,1,1,0,0,2,2,1,1,1,33,6,3,0,0,0,0,0,9,1,5
3,1,9,0,4,0,1,0,11,0,0,1,1,6,2,39,7,1995,2,2,1,1,1,365106,352478,7,1,1,4,129,5,537,6,30,3,4,6,0,0,1,1,1,1,0,6,1,1,1,3,1,27,6,3,4,1,0,0,0,0,1,7
3,1,9,0,4,0,1,0,0,0,0,4,1,6,1,35,6,1598,1,8,1,1,1,519820,196970,41,1,1,3,33,3,5135,6,30,1,4,3,5135,0,8,1,4,2,0,0,1,2,1,3,1,70,10,3,5,3,0,0,0,0,1,6
3,1,9,0,18,0,1,0,0,0,0,1,1,4,2,26,6,1598,1,8,1,1,2,313724,176586,62,2,1,2,741,6,0,6,30,3,4,6,0,0,1,4,5,2,0,0,1,1,1,1,1,33,6,3,0,0,0,0,0,9,1,5
3,2,9,0,16,0,0,0,0,0,0,3,1,6,1,49,8,1995,2,2,1,2,2,473319,426379,16,2,2,1,231,3,614,6,30,0,4,6,0,0,0,1,2,2,0,0,2,1,1,1,1,49,8,3,0,0,0,0,0,9,1,5
3,1,9,0,17,0,8,0,0,0,0,1,1,6,1,36,7,1567,1,11,1,2,2,417827,424232,13,2,2,1,203,6,0,6,30,3,4,6,0,0,0,1,1,1,0,0,1,2,1,1,1,36,7,3,0,0,0,0,0,9,1,2
3,2,9,0,18,0,1,0,0,0,0,4,1,6,2,38,7,1999,1,11,1,2,2,288594,680187,96,2,2,6,924,6,0,6,30,3,2,3,803,0,0,1,1,1,0,0,1,2,2,2,2,10,2,3,0,0,2,0,0,9,1,5
3,1,9,0,2,0,1,0,0,0,0,0,1,6,1,39,7,1596,1,5,1,1,1,424353,434764,13,1,1,5,204,6,0,6,30,3,4,6,0,0,0,1,1,1,0,0,1,1,1,3,1,39,7,3,10,9,0,0,0,0,1,5
3,1,9,0,5,0,0,0,0,0,0,3,1,6,2,66,10,1796,1,10,1,1,2,525000,187800,1,2,1,4,30,5,0,6,30,0,4,6,0,0,0,1,1,1,0,0,1,1,1,1,1,33,6,3,0,0,0,0,0,9,1,5
3,2,9,0,18,0,8,0,0,0,0,1,1,6,1,37,7,1086,1,10,1,2,2,476549,265294,34,2,2,5,381,5,122,6,60,3,4,5,122,0,0,1,1,1,0,0,2,1,1,1,1,37,7,3,0,0,0,0,0,9,1,7
3,3,9,0,3,0,0,0,0,0,0,2,1,6,2,29,6,2148,2,8,1,3,4,528120,191360,1,4,3,1,30,3,406,3,40,0,4,6,0,0,0,4,1,1,0,0,1,1,1,1,1,33,6,3,0,0,0,0,0,9,1,5
1,1,9,0,18,0,1,5,12,2,10,1,1,6,1,20,4,1598,1,13,1,3,1,363126,126266,52,1,3,1,610,3,303,6,30,9,4,6,0,0,0,6,1,1,0,7,2,1,1,2,1,20,4,3,0,0,1,0,0,9,1,5
3,2,4,0,14,0,0,0,0,0,0,1,1,6,1,26,6,689,1,8,1,1,2,541610,191090,1,2,1,7,14,3,113,6,30,0,4,6,0,0,5,1,1,1,0,0,1,1,1,1,1,26,6,3,0,0,0,0,0,4,1,6
3,1,9,0,18,0,0,0,0,1,9,1,1,6,1,20,4,1598,1,15,1,2,1,347833,116564,52,1,2,4,610,6,0,3,60,0,4,6,0,0,0,6,1,1,0,0,2,1,2,2,2,17,4,3,0,0,2,0,0,9,1,2
3,1,9,0,16,0,0,1,0,1,0,1,1,6,1,17,4,1389,1,19,3,3,2,520700,279710,35,2,3,3,393,5,103,6,60,0,4,6,0,0,0,1,1,1,0,0,2,1,1,1,1,17,4,3,0,0,0,0,0,9,3,7
3,2,9,0,3,0,1,0,0,0,0,2,1,6,2,39,7,1781,1,13,1,3,2,619390,245116,37,2,3,4,412,3,1189,1,40,1,4,3,1214,0,0,4,1,1,0,0,1,1,2,1,2,39,7,3,0,0,0,0,0,9,1,2
3,1,20,0,1,0,1,0,0,0,0,2,1,1,1,35,6,2148,2,6,1,1,3,528810,105231,47,3,1,4,565,6,0,6,20,3,4,6,0,0,0,1,1,1,0,0,1,2,1,1,1,33,6,3,0,0,0,0,0,9,1,5
2,2,9,0,18,0,0,0,0,0,0,1,1,6,1,28,6,1124,1,19,1,5,2,340388,114929,52,2,5,4,610,6,0,6,60,0,4,6,0,0,0,6,2,2,0,0,2,1,2,1,1,28,6,3,0,0,0,0,0,9,1,3
3,1,9,0,18,0,2,0,0,0,0,1,1,1,2,39,7,1395,1,2,1,1,2,255803,660277,97,2,1,3,926,6,0,6,30,6,4,6,0,0,0,1,1,1,0,0,1,1,1,1,2,39,7,3,0,0,0,0,0,9,1,5
3,2,1,0,14,0,0,0,0,0,0,1,1,6,1,46,8,1598,1,8,1,1,2,516000,172470,1,2,1,1,24,3,310,6,30,0,4,6,0,0,0,1,1,1,0,0,1,1,1,1,1,46,8,3,0,0,0,0,0,1,1,9
3,1,3,0,18,0,2,0,0,0,0,1,1,6,1,38,7,108,1,2,1,2,1,541470,183230,1,1,2,5,17,3,124,6,30,3,2,4,167,0,5,1,1,1,0,0,1,1,1,1,1,33,6,3,0,0,0,0,0,3,1,5
3,2,2,0,18,0,3,0,0,0,0,1,1,6,1,37,7,1598,1,8,1,1,2,447084,517311,17,2,1,5,243,3,1130,1,30,1,4,3,1130,0,0,1,1,1,0,0,2,1,1,1,1,37,7,3,0,0,0,0,0,2,1,7
3,1,9,0,18,0,0,0,0,0,0,1,1,2,2,21,5,1229,1,8,1,1,2,507136,427567,16,2,1,4,228,3,1166,6,30,0,4,6,0,0,4,1,1,1,0,0,1,2,1,1,2,21,5,3,0,0,0,0,0,9,1,3
3,2,9,0,18,0,0,0,0,0,0,2,1,6,1,19,4,1299,1,8,1,2,2,433681,420631,13,2,2,1,206,3,61,3,30,0,4,6,0,0,0,4,1,2,0,0,1,2,1,1,1,19,4,3,0,0,0,0,0,9,1,2
2,2,9,0,4,0,0,0,0,0,0,2,1,6,1,39,7,1598,2,4,1,2,3,336357,421164,5,3,2,7,93,6,0,6,50,0,4,6,0,0,0,1,1,1,0,0,2,1,1,1,1,33,6,3,0,0,0,0,0,9,1,5
2,1,5,0,4,0,4,1,10,3,0,3,1,6,1,58,9,1598,1,8,2,2,1,491764,408631,16,1,2,5,232,3,18,1,40,1,4,3,1029,0,0,1,1,2,0,0,2,1,2,2,2,45,7,3,0,0,0,0,0,5,2,7
3,2,9,0,5,0,1,0,0,0,0,3,1,6,1,68,10,3226,2,15,3,2,2,543406,206569,42,2,2,2,456,6,0,6,30,3,4,6,0,0,0,1,1,1,0,0,1,1,2,1,1,68,10,3,0,0,0,0,0,9,3,5
3,2,9,0,4,0,1,0,0,0,0,2,1,6,1,31,6,2000,1,8,1,1,2,532040,165040,1,2,1,5,20,3,236,3,30,1,4,4,271,0,7,1,1,2,0,0,1,1,1,1,1,31,6,3,0,0,0,0,0,9,1,2
3,2,9,0,18,0,0,0,0,0,0,1,1,6,3,38,7,1598,1,8,1,1,3,363803,190794,52,3,1,4,612,6,0,6,30,0,4,6,0,0,0,1,1,1,0,0,1,1,1,1,1,33,6,3,0,0,0,0,0,9,1,5
3,1,2,0,4,0,2,0,0,0,0,1,1,1,1,24,5,108,1,2,1,1,2,534950,178440,1,2,1,3,8,3,2208,6,30,3,4,5,0,0,0,1,1,1,0,0,1,1,1,1,1,24,5,3,0,0,0,0,0,2,1,5
3,1,9,0,18,0,0,5,0,2,11,1,1,6,1,27,6,1968,2,9,3,1,1,194721,64689,50,1,1,7,596,4,3274,6,60,0,4,6,0,0,0,6,1,1,0,0,2,1,1,1,1,27,6,3,0,0,0,0,0,9,3,4
3,2,21,1,16,0,3,0,0,0,0,4,1,1,1,54,8,1598,1,8,1,1,2,415865,429834,13,2,1,5,200,3,6036,3,30,1,4,3,6036,0,0,4,2,2,0,0,1,1,1,1,1,33,6,3,0,0,0,0,0,9,1,5
3,1,90,0,18,0,1,0,0,0,0,4,1,6,3,38,7,1598,1,8,1,1,2,337745,731544,93,2,1,5,918,3,923,1,30,1,4,5,217,0,0,1,1,1,0,0,1,1,1,1,1,33,6,3,0,0,0,0,0,9,1,5
3,2,9,0,18,0,0,0,0,0,0,1,1,1,1,40,7,1896,2,16,1,1,2,500947,159321,45,2,1,6,518,3,320,6,50,0,4,6,0,0,0,1,1,1,0,0,2,2,1,1,1,33,6,3,0,0,0,0,0,9,1,5
3,2,9,0,16,0,4,0,0,0,0,3,1,1,2,58,9,1248,1,2,1,1,2,379550,400720,6,2,1,2,107,3,6,1,30,1,4,6,0,0,0,1,1,1,0,0,1,2,1,1,1,33,6,3,0,0,0,0,0,9,1,5
3,1,9,0,18,0,0,0,0,5,6,1,1,6,2,26,6,1390,1,13,1,2,1,454890,224610,43,1,2,2,481,1,40,3,70,0,4,6,0,0,0,6,2,2,0,0,2,1,1,1,2,26,6,3,0,0,0,0,0,9,1,10
3,2,9,0,17,0,1,0,0,0,0,1,1,6,2,32,6,1198,1,9,1,1,2,515540,187980,1,2,1,7,29,6,0,6,30,9,4,5,0,0,4,1,2,2,0,0,1,1,1,1,1,33,6,3,0,0,0,0,0,9,1,5
3,2,9,0,18,0,0,0,0,0,0,2,1,6,1,42,7,1598,1,9,1,2,3,545849,116362,47,3,2,7,556,3,26,6,50,0,4,6,0,0,0,1,1,1,0,0,2,1,2,1,1,42,7,3,0,0,0,0,0,9,1,4
3,1,9,0,5,0,4,0,0,0,0,1,1,6,1,20,4,1199,1,11,1,1,2,538960,287160,35,2,1,7,392,3,142,1,60,1,4,3,142,0,0,1,1,1,0,0,1,1,1,1,1,33,6,3,0,0,0,0,0,9,1,5
3,1,9,0,18,0,1,0,0,0,0,3,1,6,1,19,4,1198,1,9,1,3,3,506047,172764,45,3,3,7,40,6,6368,3,30,7,2,4,378,0,5,4,1,1,0,0,1,1,4,2,1,18,4,3,0,0,1,0,0,9,1,10
3,3,9,0,3,0,1,0,0,0,0,2,1,2,3,44,7,1618,1,2,1,3,5,271482,658476,97,5,3,4,932,1,74,3,50,5,4,3,725,0,0,5,1,2,4,0,2,1,1,1,1,33,6,3,0,0,0,0,0,9,1,5
3,1,9,0,18,0,0,0,0,0,0,4,1,6,1,26,6,2993,2,7,1,2,2,533670,187880,1,2,2,3,4,3,10,6,30,0,4,6,0,0,5,1,1,1,0,0,1,1,1,1,1,26,6,3,0,0,0,0,0,9,1,1
3,1,9,0,18,0,1,0,0,0,0,1,1,6,1,57,9,2997,1,8,1,1,1,530440,173620,1,1,1,6,9,3,23,6,30,3,4,6,0,0,0,4,1,2,0,0,1,1,1,3,1,57,9,3,5,1,0,0,2,0,1,2