accident_severity,vehicle_reference,vehicle_type,towing_and_articulation,vehicle_manoeuvre,vehicle_location-restricted_lane,junction_location,skidding_and_overturning,hit_object_in_carriageway,vehicle_leaving_carriageway,hit_object_off_carriageway,1st_point_of_impact,was_vehicle_left_hand_drive?,journey_purpose_of_driver,sex_of_driver,age_of_driver,age_band_of_driver,engine_capacity_(cc),propulsion_code,age_of_vehicle,driver_home_area_type,NUmber_of_Casualities_unique_to_accident_index,No_of_Vehicles_involved_unique_to_accident_index,location_easting_osgr,location_northing_osgr,police_force,number_of_vehicles,number_of_casualties,day_of_week,local_authority_(district),1st_road_class,1st_road_number,road_type,speed_limit,junction_detail,junction_control,2nd_road_class,2nd_road_number,pedestrian_crossing-human_control,pedestrian_crossing-physical_facilities,light_conditions,weather_conditions,road_surface_conditions,special_conditions_at_site,carriageway_hazards,urban_or_rural_area,did_police_officer_attend_scene_of_accident,casualty_reference,casualty_class,sex_of_casualty,age_of_casualty,age_band_of_casualty,casualty_severity,pedestrian_location,pedestrian_movement,car_passenger,bus_or_coach_passenger,pedestrian_road_maintenance_worker,casualty_type,casualty_home_area_type,casualty_imd_decile
3,2,1,0,18,0,8,0,0,0,0,1,1,6,1,29,6,1598,1,8,1,1,2,465192,98969,44,2,1,7,498,4,2154,6,30,3,4,4,2155,0,0,1,1,1,0,0,1,1,1,1,1,29,6,3,0,0,0,0,0,1,1,4
3,1,19,0,18,0,2,0,0,0,0,1,1,6,3,38,7,1598,1,8,1,1,2,459250,378730,31,2,1,6,341,6,0,6,30,3,4,4,6040,0,0,1,1,1,0,0,1,1,1,1,1,33,6,3,0,0,0,0,0,9,1,5
3,3,9,0,18,0,0,0,0,0,0,2,1,6,2,58,9,998,1,2,1,1,4,428418,434025,13,4,1,2,204,3,65,3,30,0,4,6,0,0,4,1,1,2,0,0,1,1,1,1,2,58,9,3,0,0,0,0,0,9,1,8
2,4,9,0,18,0,0,0,0,0,0,4,1,6,1,64,9,1560,2,5,1,7,5,547877,201405,42,5,7,7,456,1,11,3,70,0,4,6,0,0,0,1,2,5,0,0,2,1,6,1,1,64,9,3,0,0,0,0,0,9,1,10
3,2,9,0,18,0,8,0,0,0,0,1,1,6,1,21,5,998,1,6,1,2,2,394219,309902,21,2,2,5,254,3,5,6,50,6,4,6,347,0,0,1,1,1,0,0,2,1,2,1,1,21,5,3,0,0,0,0,0,9,1,5
3,1,9,0,9,0,5,0,0,0,0,1,1,6,1,21,5,1956,2,2,1,1,2,416292,431399,13,2,1,2,200,6,0,6,30,3,4,6,0,0,0,4,1,1,0,0,1,1,1,1,1,33,6,3,0,0,0,0,0,9,1,5
2,2,1,0,18,0,8,0,0,0,0,2,1,2,1,55,8,1598,1,8,1,1,2,534684,125376,47,2,1,2,563,4,2028,6,30,3,4,4,2111,0,8,1,1,2,0,0,1,1,1,1,1,55,8,2,0,0,0,0,0,1,1,9
3,1,19,0,18,0,0,1,0,1,10,1,1,1,1,25,5,2464,2,7,1,1,1,250253,626502,97,1,1,3,919,3,76,6,60,0,4,6,0,0,0,1,1,1,0,0,2,1,1,1,1,25,5,3,0,0,0,0,0,19,1,5
3,2,11,0,18,0,2,0,0,0,0,1,1,1,2,50,8,1598,1,8,1,1,2,370510,311320,22,2,1,2,284,6,0,6,30,1,4,6,0,0,0,1,1,1,0,0,1,1,1,1,2,50,8,3,0,0,0,0,0,11,1,1
3,2,9,0,4,0,0,0,0,0,0,2,1,6,2,22,5,1199,1,11,1,5,3,341960,242450,22,3,5,7,285,3,438,6,60,0,4,6,0,0,0,1,1,2,0,0,2,1,4,2,1,23,5,3,0,0,1,0,0,9,3,7
3,3,19,0,18,0,0,0,4,0,0,1,1,6,1,40,7,1598,1,8,2,2,3,261890,215370,63,3,2,3,751,6,0,6,30,0,4,6,0,0,0,1,1,2,0,0,2,1,2,2,1,50,8,3,0,0,0,0,0,19,1,5
3,1,9,0,18,0,8,0,10,1,2,1,1,6,1,70,10,1488,2,19,1,2,1,528000,174140,1,1,2,7,10,6,0,6,30,6,4,6,0,0,0,4,1,1,0,0,1,1,2,2,2,2,1,3,0,0,1,0,0,9,1,10
3,2,9,0,11,0,1,0,0,0,0,4,1,6,3,38,7,1995,2,6,1,1,2,532600,192540,1,2,1,4,32,3,406,1,30,1,4,3,10,0,0,1,1,1,0,0,1,2,1,1,1,33,6,3,0,0,0,0,0,9,1,5
2,1,9,0,17,0,1,0,0,1,0,1,1,6,1,24,5,1149,1,16,1,2,1,493866,151774,45,1,2,6,511,3,323,6,30,3,4,6,0,0,0,6,1,1,0,0,2,1,3,1,1,24,5,3,0,0,0,0,0,9,1,4
2,1,9,0,18,0,0,1,0,0,0,1,1,6,1,18,4,1388,1,12,1,5,2,585467,114400,47,2,5,1,555,6,0,6,60,0,4,6,0,0,0,1,1,1,0,0,2,1,1,2,1,17,4,2,0,0,1,0,0,9,1,5
3,1,9,0,11,0,1,0,0,0,0,3,1,6,2,29,6,998,1,7,1,1,2,376692,166601,52,2,1,4,611,3,46,7,40,9,4,6,0,0,0,1,1,1,0,0,2,1,1,1,1,33,6,3,0,0,0,0,0,9,1,5
3,1,9,0,18,0,1,0,0,0,0,0,1,6,2,26,6,1149,1,11,1,1,3,449344,400316,14,3,1,5,211,6,0,6,60,6,1,6,0,0,0,1,1,1,0,0,2,2,1,1,2,26,6,3,0,0,0,0,0,9,1,6
2,1,9,0,18,0,0,1,0,0,0,3,1,6,1,54,8,1799,1,4,1,2,3,377410,364649,7,3,2,4,129,3,50,6,60,0,4,6,0,0,0,6,1,2,0,0,2,1,1,1,1,54,8,2,0,0,0,0,0,9,1,5
3,1,9,0,16,0,0,2,0,7,9,1,1,6,1,20,4,1598,1,8,1,1,1,508741,334072,32,1,1,4,355,5,418,6,60,0,4,6,0,0,0,1,1,1,0,0,2,1,1,1,1,20,4,3,0,0,0,0,0,9,3,5
3,2,19,0,18,0,8,0,0,0,0,1,1,1,1,35,6,1598,1,8,1,1,2,522241,163147,45,2,1,3,38,3,24,3,40,6,2,3,24,0,4,1,1,1,0,0,1,1,1,1,1,33,6,3,0,0,0,0,0,9,1,5
3,2,90,0,9,0,8,0,0,0,0,1,1,6,1,70,10,1598,1,8,1,2,2,434104,422010,13,2,2,2,206,3,642,6,30,3,4,6,0,0,0,1,1,1,0,0,2,1,2,2,2,50,8,3,0,0,1,0,0,90,1,4
3,1,9,0,4,0,8,1,0,0,0,1,1,6,1,43,7,1598,1,8,1,2,3,305655,208487,62,3,2,2,742,6,0,6,30,8,4,6,0,0,0,1,1,1,0,0,1,1,4,2,2,43,7,3,0,0,1,0,0,9,1,5
3,2,1,0,11,0,0,0,0,0,0,0,1,6,2,40,7,1598,1,8,1,1,2,516660,466992,16,2,1,3,231,3,1038,6,40,0,4,6,0,0,0,1,1,1,0,0,1,1,1,1,2,40,7,3,0,0,0,0,0,1,1,1
2,1,9,0,18,0,0,0,0,0,0,1,1,1,1,62,9,1956,2,5,1,2,2,452285,341290,31,2,2,3,346,6,0,3,30,0,4,6,0,0,0,1,1,1,0,0,1,1,1,1,1,62,9,2,0,0,0,0,0,9,1,4
3,2,9,0,18,0,0,0,0,0,0,2,1,6,2,47,8,1198,1,5,1,1,2,421884,420074,13,2,1,1,203,6,0,6,30,0,4,6,0,0,0,1,1,1,0,0,1,2,1,1,2,47,8,3,0,0,0,0,0,9,1,2
2,1,9,0,18,0,8,0,0,0,0,1,1,6,2,20,4,1242,1,6,1,1,2,394257,424274,13,2,1,1,202,3,646,6,30,3,4,6,0,0,0,1,1,1,0,0,1,1,1,1,1,33,6,3,0,0,0,0,0,9,1,5
3,2,17,4,18,0,0,0,0,0,0,3,1,1,1,46,8,1598,2,5,3,1,2,342500,416610,4,2,1,4,84,6,0,6,40,0,4,6,0,0,0,1,8,2,7,0,2,1,1,1,1,33,6,3,0,0,0,0,0,9,1,5
3,2,9,0,18,0,8,0,0,0,0,0,1,6,3,38,7,1198,1,9,1,1,2,529190,183560,1,2,1,6,2,5,0,6,30,6,2,6,0,0,5,1,1,1,0,0,1,2,1,1,1,33,6,3,0,0,0,0,0,9,1,5
3,1,8,0,5,0,0,0,0,0,0,1,1,1,3,38,7,1598,1,8,1,1,1,340150,555590,3,1,1,6,62,6,0,6,30,0,4,6,0,0,0,1,1,1,0,0,1,2,1,3,1,17,4,3,10,9,0,0,0,0,1,5
3,2,9,0,18,0,1,0,0,0,0,1,1,6,3,38,7,1598,1,8,1,1,2,450352,519214,17,2,1,3,243,3,172,6,30,1,4,3,1085,0,0,1,1,1,0,0,1,2,1,1,1,33,6,3,0,0,0,0,0,9,1,5
3,1,9,0,18,0,0,0,0,0,0,0,1,6,1,76,11,1598,1,8,1,1,3,279923,184871,62,3,1,6,743,1,4,3,70,0,4,6,0,0,0,6,1,1,0,0,2,1,1,1,1,33,6,3,0,0,0,0,0,9,1,5
3,1,9,0,5,0,0,0,0,0,0,1,1,6,1,54,8,2498,1,18,1,1,2,531590,184760,1,2,1,4,3,3,1,6,30,0,4,6,0,0,4,1,9,1,0,0,1,1,1,1,1,33,6,3,0,0,0,0,0,9,1,5
3,1,9,0,9,0,8,0,0,0,0,4,1,6,1,27,6,1598,1,8,1,2,2,506622,223850,40,2,2,2,421,4,579,6,30,3,4,6,0,0,0,1,1,1,0,0,1,1,1,1,1,27,6,3,0,0,0,0,0,9,1,1
3,2,9,0,7,0,8,0,0,0,0,4,1,6,1,38,7,2494,1,19,1,1,2,527420,175130,1,2,1,5,10,3,3,6,30,6,4,3,3,0,0,1,1,1,0,0,1,2,1,1,1,33,6,3,0,0,0,0,0,9,1,5
2,1,9,0,17,0,8,1,0,1,0,1,1,6,1,43,7,3528,1,8,3,4,2,506834,266021,40,2,4,6,420,5,5,6,60,8,4,6,0,0,0,1,1,1,0,0,2,1,1,1,1,43,7,2,0,0,0,0,0,9,3,5
3,1,9,0,16,0,0,0,0,7,0,1,1,2,2,44,7,1390,1,10,2,1,1,354093,677096,95,1,1,1,921,4,1347,6,60,0,4,6,0,0,0,6,8,2,0,0,2,1,1,1,2,44,7,3,0,0,0,0,0,9,2,5
3,2,1,0,18,0,1,0,0,0,0,1,1,6,1,33,6,1598,1,8,1,1,2,465475,99950,44,2,1,7,498,3,2030,6,30,3,4,6,0,0,0,1,1,1,0,0,1,2,1,1,1,33,6,3,0,0,0,0,0,1,1,5
1,1,9,0,16,0,0,0,0,0,0,4,1,1,2,19,4,1149,1,13,1,2,2,518992,370444,32,2,2,3,351,6,0,6,60,0,4,6,0,0,0,1,5,2,5,0,2,1,2,1,2,19,4,3,0,0,0,0,0,9,1,5
2,1,9,0,18,0,0,0,0,0,0,1,1,6,2,61,9,1598,1,8,1,1,2,328172,340599,60,2,1,6,725,3,5,6,60,0,4,6,0,0,0,1,2,2,0,0,2,1,1,1,1,33,6,3,0,0,0,0,0,9,1,5
3,1,9,0,18,0,1,0,0,0,0,1,1,6,3,38,7,1598,1,8,1,2,2,381530,403460,6,2,2,4,101,3,56,6,30,3,2,6,0,0,5,4,1,1,0,0,1,1,1,1,1,33,6,3,0,0,0,0,0,9,1,5
3,1,9,0,3,0,1,0,0,0,0,1,1,6,1,33,6,2979,1,10,1,1,2,527260,185170,1,2,1,7,2,3,502,6,30,3,4,6,0,0,4,4,1,1,0,0,1,1,1,1,1,33,6,3,0,0,0,0,0,9,1,1
2,1,9,0,4,0,1,0,0,1,0,1,1,1,1,19,4,1598,1,13,3,1,2,526970,120341,47,2,1,2,563,3,23,7,70,5,4,3,2300,0,0,1,1,1,0,0,2,1,1,1,1,19,4,2,0,0,0,0,0,9,3,8
3,2,9,0,5,0,0,0,0,0,0,0,1,6,1,46,8,2993,2,2,3,1,2,356450,431170,4,2,1,1,79,3,5085,6,30,0,4,6,0,0,0,1,1,1,0,0,1,1,1,2,2,43,7,3,0,0,1,0,0,9,3,6
3,2,1,0,18,0,1,0,0,1,0,3,1,6,2,39,7,1598,1,8,1,1,2,341560,433060,4,2,1,7,74,6,0,6,30,3,4,6,0,0,0,1,2,2,0,0,1,1,1,1,2,39,7,3,0,0,0,0,0,1,1,8
3,2,9,0,4,0,0,0,0,0,0,2,1,2,1,49,8,1956,2,6,1,3,2,337833,362625,7,2,3,4,130,3,55,3,70,0,4,6,0,0,0,6,1,1,4,0,2,1,2,2,1,59,9,3,0,0,1,0,0,9,1,9
3,2,9,0,7,0,8,0,0,0,0,1,1,6,2,28,6,1598,1,10,2,2,2,291141,65243,50,2,2,1,587,6,0,6,30,3,4,6,0,0,0,1,1,1,0,0,1,1,1,1,2,28,6,3,0,0,0,0,0,9,2,6
3,2,9,0,13,0,0,0,0,0,0,2,1,2,1,47,8,1995,2,8,1,1,2,488410,353493,32,2,1,4,353,3,17,6,60,0,4,6,0,0,0,6,1,1,0,0,2,1,1,1,1,33,6,3,0,0,0,0,0,9,1,5
3,2,9,0,18,0,4,0,0,0,0,4,1,2,1,59,9,1388,1,5,1,1,2,521090,295630,35,2,1,6,394,6,0,1,30,1,4,6,0,0,0,7,2,1,5,0,2,2,1,1,1,59,9,3,0,0,0,0,0,9,1,6
3,2,9,0,3,0,0,0,0,0,0,2,1,6,2,23,5,998,1,1,1,2,2,489401,268028,34,2,2,7,386,6,9478,2,30,0,4,6,0,0,0,1,1,1,0,0,1,1,1,1,2,23,5,3,0,0,0,0,0,9,1,3
3,1,9,0,16,0,0,0,0,0,0,1,1,6,1,40,7,1896,2,12,2,1,2,520882,116423,47,2,1,1,562,6,0,6,30,0,4,6,0,0,0,1,1,2,0,0,2,1,1,1,1,33,6,3,0,0,0,0,0,9,1,5
3,1,9,0,18,0,0,0,0,0,0,2,1,6,2,41,7,1700,2,19,1,1,2,398260,292310,20,2,1,7,305,6,0,6,30,0,4,6,0,0,0,1,1,1,0,0,1,1,1,1,2,41,7,3,0,0,0,0,0,9,1,5
3,1,3,0,16,0,2,1,0,0,0,1,1,2,1,25,5,125,1,7,1,1,1,424910,558660,10,1,1,7,146,5,324,3,40,1,4,3,1,0,0,1,1,1,0,0,2,1,1,1,1,25,5,3,0,0,0,0,0,3,1,4
3,1,9,0,18,0,0,0,0,0,0,1,1,6,2,25,5,1796,1,5,1,1,2,334703,389932,5,2,1,7,91,6,0,6,30,0,4,6,0,0,0,4,1,1,0,0,1,1,1,1,1,33,6,3,0,0,0,0,0,9,1,5
3,2,9,0,18,0,0,0,0,0,0,2,1,6,2,37,7,1560,2,7,1,3,2,444001,397042,14,2,3,5,213,3,633,6,30,0,4,6,0,0,0,1,7,1,0,0,1,1,1,1,1,33,6,3,0,0,0,0,0,9,1,5
3,4,9,0,4,0,0,0,0,0,0,2,1,6,2,40,7,1598,1,11,3,4,4,455067,219010,43,4,4,1,481,3,34,3,70,0,4,6,0,0,0,1,1,1,0,0,2,1,4,2,2,47,8,3,0,0,1,0,0,9,2,7
3,3,5,0,13,0,1,0,0,0,0,1,1,6,2,53,8,781,1,12,1,1,3,527876,143908,45,3,1,7,513,6,336,6,30,3,4,6,0,0,0,1,8,2,0,0,1,1,1,1,2,53,8,3,0,0,0,0,0,5,1,3
3,2,9,0,18,0,8,0,0,0,0,4,1,6,2,20,4,998,1,1,1,2,2,443118,393680,14,2,2,6,213,3,633,1,30,1,4,6,0,0,0,1,2,2,0,0,1,1,2,2,2,18,4,3,0,0,1,0,0,9,1,1
3,1,9,0,18,0,0,0,0,1,10,1,1,6,1,86,11,1339,1,6,3,1,1,573419,168888,46,1,1,6,544,6,0,6,30,0,4,6,0,0,4,1,1,1,0,0,1,1,1,1,1,86,11,3,0,0,0,0,0,9,3,4
3,1,3,0,18,0,8,0,0,0,0,1,1,6,1,36,7,125,1,7,1,1,2,525430,190980,1,2,1,5,30,3,598,6,30,3,4,6,0,0,0,1,1,1,0,0,1,1,1,1,1,36,7,3,0,0,0,0,0,3,1,2
3,1,9,0,9,0,6,0,0,0,0,1,1,1,2,50,8,1242,1,1,1,2,2,424552,558904,10,2,2,2,146,6,4090,6,30,3,4,6,4090,0,0,1,2,2,0,0,1,1,1,1,2,50,8,3,0,0,0,0,0,9,1,3
3,2,1,0,18,0,1,0,0,0,0,1,1,2,1,27,6,1598,1,8,1,1,2,629115,233028,37,2,1,6,415,3,154,6,30,3,4,6,0,0,0,7,1,1,0,0,1,2,1,1,1,27,6,3,0,0,0,0,0,1,1,3
2,1,9,0,6,0,2,0,0,8,10,3,1,6,2,47,8,1360,1,3,1,1,3,530117,104145,47,3,1,6,565,3,259,3,30,3,4,4,2122,0,4,1,1,1,0,0,1,1,1,1,2,47,8,2,0,0,0,0,0,9,1,10
3,1,9,0,18,0,0,0,0,0,0,1,1,6,1,22,5,1149,1,14,1,1,2,294747,90188,50,2,1,2,581,3,3015,6,40,0,4,6,0,0,0,1,1,1,0,0,1,2,1,1,1,33,6,3,0,0,0,0,0,9,1,5
3,1,9,0,1,0,1,0,0,0,0,2,1,6,2,89,11,1598,1,8,1,1,2,306643,382800,60,2,1,7,723,6,0,2,30,3,4,6,0,0,0,1,1,1,0,0,1,1,1,1,1,33,6,3,0,0,0,0,0,9,1,5
3,2,3,0,4,0,0,0,0,0,0,3,1,2,1,25,5,108,1,2,1,1,2,520370,178630,1,2,1,6,25,4,490,6,30,0,4,6,0,0,0,4,1,2,0,0,1,1,1,1,1,25,5,3,0,0,0,0,0,3,1,5
3,1,9,0,18,0,8,0,0,0,0,4,1,6,1,19,4,998,1,8,3,3,2,540239,141447,45,2,3,5,516,5,90,6,40,6,4,6,0,0,0,1,1,1,0,0,2,1,3,2,2,48,8,3,0,0,2,0,0,9,1,10
3,2,5,0,18,0,8,0,0,0,0,1,1,6,1,36,7,645,1,7,1,1,2,505875,223558,40,2,1,6,421,6,0,6,30,3,4,6,0,0,0,1,1,1,0,0,1,1,1,1,1,36,7,3,0,0,0,0,0,5,1,2
3,1,3,0,18,0,1,0,0,0,0,1,1,6,1,22,5,1598,1,8,1,2,1,532600,180090,1,1,2,6,8,3,3,6,30,3,4,6,0,0,0,1,1,1,0,0,1,1,2,3,1,44,7,3,5,1,0,0,2,0,1,5
3,2,21,0,18,0,0,0,0,0,0,1,1,1,1,28,6,1598,1,8,1,1,2,437671,116914,44,2,1,6,501,1,27,6,50,0,4,6,0,0,0,1,1,1,4,0,2,1,1,1,1,33,6,3,0,0,0,0,0,9,1,5
3,1,21,0,18,0,5,0,0,0,0,1,1,1,1,45,7,1598,2,11,1,1,2,332540,433950,4,2,1,5,71,6,0,6,30,3,4,6,0,0,0,1,1,2,0,0,1,1,1,1,1,33,6,3,0,0,0,0,0,9,1,5
3,2,3,0,18,0,1,0,0,0,0,1,1,1,1,27,6,125,1,3,1,1,2,531480,190590,1,2,1,1,31,3,109,6,30,3,4,6,0,0,4,4,1,1,0,0,1,1,1,1,1,27,6,3,0,0,0,0,0,3,1,3
3,3,9,0,3,0,1,0,0,0,0,2,1,6,2,58,9,1388,1,7,1,3,3,349460,258870,22,3,3,6,285,6,0,6,30,1,4,4,4361,0,0,4,1,1,0,0,1,1,2,1,2,58,9,3,0,0,0,0,0,9,1,5
3,2,9,0,18,0,0,0,0,0,0,3,1,6,2,42,7,1798,1,7,2,1,2,447272,515049,17,2,1,6,243,3,174,3,50,0,4,6,0,0,0,1,1,1,4,0,2,1,1,1,2,42,7,3,0,0,0,0,0,9,2,9
3,3,9,0,2,0,0,0,0,0,0,1,1,6,1,38,7,1061,1,10,1,2,4,293900,73202,50,4,2,5,585,6,0,6,30,0,4,6,0,0,0,4,2,2,0,0,1,1,1,1,1,33,6,3,0,0,0,0,0,9,1,5
3,2,9,0,18,0,1,0,0,0,0,1,1,6,1,18,4,1229,1,8,1,3,2,257196,665140,97,2,3,4,926,6,0,3,30,3,4,6,0,0,0,4,2,2,0,0,1,2,2,2,1,48,8,3,0,0,2,0,0,9,1,5
3,1,9,0,5,0,0,0,0,0,0,1,1,6,1,70,10,1560,2,3,1,1,1,457250,402796,14,1,1,3,211,3,630,3,40,0,4,6,0,0,0,1,1,2,0,0,1,1,1,3,2,40,7,3,5,1,0,0,0,0,1,1
3,2,1,0,18,0,0,1,0,0,0,3,1,6,1,26,6,1598,1,8,2,1,2,589767,200169,42,2,1,2,458,4,1010,6,60,0,4,6,0,0,0,1,1,1,0,0,2,2,1,1,1,26,6,3,0,0,0,0,0,1,2,5
3,1,9,0,9,0,8,0,0,0,0,1,1,6,2,58,9,1587,1,8,1,2,2,601280,143570,46,2,2,7,530,3,28,6,30,3,2,3,28,0,5,4,1,1,0,0,1,1,2,2,1,68,10,3,0,0,1,0,0,9,1,6
3,1,3,0,14,0,8,0,0,0,0,4,1,6,2,33,6,1598,1,8,1,2,2,532700,179330,1,2,2,6,8,3,2,6,30,3,4,6,0,0,0,1,1,1,0,0,1,1,1,1,2,33,6,3,0,0,0,0,0,3,1,4
3,1,9,0,18,0,1,0,0,0,0,1,1,6,2,49,8,1242,1,11,1,1,1,434006,428850,13,1,1,7,204,6,0,6,30,3,4,6,0,0,0,1,1,1,0,0,1,1,1,3,1,28,6,3,5,1,0,0,0,0,1,9
3,1,9,0,3,0,2,0,0,0,0,2,1,6,2,17,4,1598,1,10,3,1,2,499778,151030,45,2,1,3,511,3,320,1,30,1,4,3,3,0,0,1,1,1,0,0,1,1,1,2,1,18,4,3,0,0,0,0,0,9,3,5
3,1,9,0,18,0,0,0,0,0,0,3,1,6,1,38,7,1598,1,8,1,1,1,419445,430617,13,1,1,6,200,6,0,6,30,0,4,6,0,0,0,1,1,1,0,0,1,2,1,3,2,12,3,3,5,3,0,0,0,0,1,1
1,1,9,0,17,0,0,1,0,7,3,4,1,6,1,21,5,1796,1,17,1,1,2,399545,80085,55,2,1,3,644,3,351,6,30,0,4,6,0,0,0,6,1,1,0,0,2,1,1,1,1,21,5,1,0,0,0,0,0,9,1,8
3,1,5,0,3,0,0,0,4,0,0,1,1,6,1,32,6,689,1,8,1,1,2,510920,173680,1,2,1,6,25,3,312,6,30,0,4,6,0,0,0,1,1,1,0,0,1,1,1,1,1,32,6,3,0,0,0,0,0,5,1,8
3,1,9,0,3,0,0,0,0,0,0,2,1,6,1,29,6,1364,1,5,1,2,2,508264,429580,16,2,2,6,228,6,0,6,30,0,4,6,0,0,4,1,1,1,0,0,1,2,1,1,1,29,6,3,0,0,0,0,0,9,1,1
2,2,9,0,18,0,1,0,0,0,0,1,1,6,2,40,7,1598,1,7,1,5,2,485098,100879,47,2,5,1,559,4,2201,6,60,3,4,6,0,0,0,1,1,1,0,0,2,1,2,2,2,3,1,2,0,0,2,0,0,9,1,10
3,2,9,0,4,0,0,0,0,1,10,2,1,6,1,21,5,2967,2,8,3,1,4,489521,440322,16,4,1,5,231,3,1034,6,60,0,4,6,0,0,0,1,1,1,0,0,2,1,1,1,1,21,5,3,0,0,0,0,0,9,3,9
3,1,11,0,4,2,0,0,0,0,0,0,1,1,1,40,7,9360,2,6,3,1,1,319450,672950,95,1,1,7,923,3,8,6,30,0,4,6,0,0,8,5,1,1,0,0,1,2,1,2,2,86,11,3,0,0,0,2,0,11,1,5
3,1,8,0,18,0,8,0,0,0,0,1,1,6,1,69,10,1896,2,10,1,1,2,394280,404500,6,2,1,6,104,6,0,6,30,6,4,6,0,0,0,1,1,1,0,0,1,1,1,1,1,33,6,3,0,0,0,0,0,9,1,5
3,1,9,0,7,0,5,0,0,0,0,1,1,6,1,38,7,1598,1,8,1,1,2,410320,286290,20,2,1,5,300,6,0,6,30,3,4,6,0,0,1,1,1,1,0,0,1,2,1,1,1,33,6,3,0,0,0,0,0,9,1,5
2,1,9,0,18,0,1,0,0,0,0,1,1,2,1,26,6,1489,1,18,2,2,3,232704,83861,50,3,2,2,596,3,388,6,30,6,2,6,0,0,4,1,1,1,0,0,2,1,1,1,1,26,6,3,0,0,0,0,0,9,2,2
3,1,9,0,1,0,1,0,0,0,0,2,1,6,3,38,7,1598,1,8,1,1,1,576141,167717,46,1,1,4,544,3,231,3,30,3,2,6,0,0,5,4,1,1,0,0,1,1,1,3,1,28,6,3,1,3,0,0,0,0,1,10
3,1,9,0,5,0,8,0,0,0,0,1,1,6,2,41,7,1895,1,14,1,1,1,389820,284470,20,1,1,4,303,3,458,2,30,7,4,3,458,0,8,1,1,1,0,0,1,1,1,3,1,62,9,3,5,4,0,0,0,0,1,5
3,2,1,0,18,0,1,0,0,0,0,3,1,6,1,32,6,1598,1,8,1,1,2,543540,183960,1,2,1,6,16,3,124,3,30,1,4,3,406,0,0,1,1,1,0,0,1,1,1,1,1,32,6,3,0,0,0,0,0,1,1,1
2,3,9,0,3,0,2,0,0,0,0,2,1,6,1,30,6,1398,2,3,1,1,3,272420,660507,97,3,1,6,932,3,721,1,30,1,4,3,721,0,8,1,1,1,0,0,1,1,1,1,1,33,6,3,0,0,0,0,0,9,1,5
3,2,9,0,18,0,1,0,0,0,0,0,1,6,3,38,7,1598,1,8,1,1,2,535070,177380,1,2,1,3,8,3,2,6,30,3,4,6,0,0,0,1,4,1,0,0,1,1,1,1,1,33,6,3,0,0,0,0,0,9,1,5
3,1,9,0,18,0,0,0,0,0,0,3,1,6,1,38,7,1598,1,8,1,1,1,537080,168690,1,1,1,2,19,5,0,6,30,0,4,6,0,0,0,1,1,1,0,0,1,1,1,3,1,11,3,3,5,3,0,0,2,0,1,8
3,1,9,0,18,0,8,0,0,0,0,1,1,6,3,38,7,1598,1,8,1,1,1,515680,180180,1,1,1,1,27,3,4020,6,30,6,2,5,0,0,5,4,7,2,0,0,1,1,1,3,1,25,5,3,1,1,0,0,2,0,1,3
3,2,9,0,18,0,6,0,0,0,0,1,1,6,1,43,7,1587,1,13,1,2,2,387890,400680,6,2,2,7,102,3,62,6,30,6,2,5,0,0,5,4,1,2,0,0,1,1,2,2,2,17,4,3,0,0,1,0,0,9,1,9
2,1,9,0,18,0,1,1,0,0,0,3,1,6,1,48,8,1229,1,9,3,1,1,352260,241050,22,1,1,4,285,3,465,6,30,6,4,6,0,0,0,1,1,1,0,0,1,1,1,3,1,12,3,2,5,3,0,0,0,0,1,5
3,1,9,0,18,0,0,0,0,0,0,1,1,6,1,30,6,1998,2,5,1,1,2,456730,341074,31,2,1,5,346,6,0,6,30,0,4,6,0,0,0,1,1,1,0,0,1,2,1,1,1,33,6,3,0,0,0,0,0,9,1,5
3,2,1,0,18,0,8,0,0,0,0,1,1,6,1,34,6,1598,1,8,1,1,2,529310,175130,1,2,1,2,9,3,24,6,30,3,4,6,0,0,0,1,1,1,0,0,1,1,1,1,1,34,6,3,0,0,0,0,0,1,1,8
3,1,9,0,18,0,1,0,0,0,0,1,1,2,1,64,9,1598,1,8,1,1,3,315410,669610,95,3,1,4,923,3,71,6,30,3,4,6,0,2,5,1,1,1,0,0,2,1,1,1,1,33,6,3,0,0,0,0,0,9,1,5
3,2,9,0,7,0,8,0,0,0,0,4,1,6,2,57,9,1240,1,5,1,1,2,532650,191640,1,2,1,4,31,3,10,3,30,3,4,6,0,0,0,4,1,2,0,0,1,1,1,1,1,33,6,3,0,0,0,0,0,9,1,5
3,2,5,0,18,0,0,0,0,0,0,4,1,6,1,70,10,740,1,20,1,2,2,528270,178210,1,2,2,3,12,3,3216,6,30,0,4,6,0,0,0,1,1,1,0,0,2,1,2,1,1,70,10,3,0,0,0,0,0,5,1,5
3,1,9,0,17,0,0,1,0,2,2,1,1,6,2,39,7,1870,2,7,1,2,1,429110,315870,30,1,2,2,328,3,444,6,40,0,4,6,0,0,0,1,2,2,0,0,1,1,2,2,1,13,3,3,0,0,2,0,0,9,1,5
3,1,19,0,4,0,0,1,0,0,0,1,1,6,1,39,7,2402,2,4,1,5,4,596050,158840,46,4,5,6,540,1,2,3,70,0,4,6,0,0,0,1,1,1,0,0,2,1,1,1,1,33,6,3,0,0,0,0,0,9,1,5
3,1,9,0,17,0,0,2,10,8,10,1,1,2,1,24,5,1199,1,11,3,1,1,385203,334729,21,1,1,3,255,5,2,6,60,0,4,6,0,0,0,1,1,1,0,0,2,1,1,1,1,24,5,3,0,0,0,0,0,9,3,8