accident_severity,vehicle_reference,vehicle_type,towing_and_articulation,vehicle_manoeuvre,vehicle_location-restricted_lane,junction_location,skidding_and_overturning,hit_object_in_carriageway,vehicle_leaving_carriageway,hit_object_off_carriageway,1st_point_of_impact,was_vehicle_left_hand_drive?,journey_purpose_of_driver,sex_of_driver,age_of_driver,age_band_of_driver,engine_capacity_(cc),propulsion_code,age_of_vehicle,driver_home_area_type,NUmber_of_Casualities_unique_to_accident_index,No_of_Vehicles_involved_unique_to_accident_index,location_easting_osgr,location_northing_osgr,police_force,number_of_vehicles,number_of_casualties,day_of_week,local_authority_(district),1st_road_class,1st_road_number,road_type,speed_limit,junction_detail,junction_control,2nd_road_class,2nd_road_number,pedestrian_crossing-human_control,pedestrian_crossing-physical_facilities,light_conditions,weather_conditions,road_surface_conditions,special_conditions_at_site,carriageway_hazards,urban_or_rural_area,did_police_officer_attend_scene_of_accident,casualty_reference,casualty_class,sex_of_casualty,age_of_casualty,age_band_of_casualty,casualty_severity,pedestrian_location,pedestrian_movement,car_passenger,bus_or_coach_passenger,pedestrian_road_maintenance_worker,casualty_type,casualty_home_area_type,casualty_imd_decile
3,2,9,0,9,0,5,0,0,0,0,2,1,6,2,25,5,1397,1,5,1,1,2,558920,156170,46,2,1,5,542,3,25,6,50,8,4,6,0,0,0,1,1,1,0,0,2,1,1,1,2,25,5,3,0,0,0,0,0,9,1,10
3,1,9,0,18,0,0,0,0,0,0,2,1,6,1,52,8,1390,1,5,3,2,2,500347,158925,45,2,2,5,518,3,320,3,30,0,4,6,0,0,0,1,1,1,0,0,1,2,2,2,1,11,3,3,0,0,1,0,0,9,3,9
3,2,5,0,18,0,1,0,0,4,2,3,1,2,1,48,8,600,1,12,1,1,2,532760,180710,48,2,1,4,570,3,3211,3,50,6,2,3,3211,0,5,4,1,1,1,0,1,1,1,1,1,48,8,3,0,0,0,0,0,5,1,8
3,2,9,0,2,0,1,0,0,0,0,2,1,6,3,38,7,1360,1,15,1,1,2,579285,112180,47,2,1,1,552,4,2159,6,30,3,4,6,0,0,0,4,2,2,0,0,1,1,1,1,1,33,6,3,0,0,0,0,0,9,1,5
3,2,9,0,18,0,8,0,0,0,0,1,1,6,1,53,8,1995,2,13,1,6,2,355420,429830,4,2,6,7,79,3,59,6,30,6,2,6,0,0,5,4,1,1,0,0,1,1,4,2,2,49,8,3,0,0,2,0,0,9,1,5
3,2,9,0,17,0,0,0,0,0,0,1,1,6,1,68,10,1599,1,10,1,2,2,400460,279380,20,2,2,3,300,6,0,6,30,0,4,6,0,0,0,1,1,1,0,0,1,1,2,2,2,16,4,3,0,0,1,0,0,9,1,1
3,2,1,0,17,0,8,0,0,0,0,3,1,6,1,30,6,1598,1,8,3,1,2,625437,284281,36,2,1,7,406,5,209,6,60,3,4,5,209,0,0,1,1,1,0,0,2,1,1,1,1,30,6,3,0,0,0,0,0,1,3,9
2,2,9,0,18,0,0,0,0,0,0,3,1,6,2,41,7,2204,2,9,1,1,6,236072,628737,97,6,1,5,937,3,79,3,70,0,4,6,0,0,0,1,1,1,0,0,1,1,1,1,1,33,6,3,0,0,0,0,0,9,1,5
3,1,9,0,18,0,1,0,0,7,0,1,1,6,1,21,5,998,1,1,1,1,2,334820,438500,4,2,1,5,85,6,0,6,30,3,4,6,0,0,0,4,1,2,0,0,1,1,1,1,1,33,6,3,0,0,0,0,0,9,1,5
3,1,9,0,18,0,8,0,0,0,0,1,1,6,2,31,6,1999,1,11,1,1,2,544020,170660,1,2,1,4,19,6,0,1,30,1,4,4,263,0,0,1,1,1,0,0,1,1,1,1,2,31,6,3,0,0,0,0,0,9,1,1
3,1,9,0,16,0,0,5,4,0,0,3,1,6,2,38,7,1598,2,8,1,2,2,268377,664341,97,2,2,2,926,6,0,6,30,0,4,6,0,0,0,4,1,2,0,0,1,1,2,1,2,38,7,3,0,0,0,0,0,9,1,5
3,1,9,0,4,0,0,0,0,0,0,2,1,6,1,26,6,1997,2,4,1,1,2,453108,362673,31,2,1,7,344,3,6075,6,30,0,4,6,0,0,0,1,4,2,0,0,2,1,1,1,1,33,6,3,0,0,0,0,0,9,1,5
3,1,8,0,13,0,0,0,0,0,0,4,1,6,3,40,7,1896,2,7,1,1,2,526790,220676,41,2,1,2,432,6,64,6,30,0,4,6,0,0,0,1,1,1,0,0,2,2,1,1,1,33,6,3,0,0,0,0,0,9,1,5
3,2,9,0,18,0,1,0,0,0,0,1,1,6,1,70,10,1461,2,11,1,2,2,576460,153420,46,2,2,2,536,3,229,6,30,3,2,6,0,0,5,1,1,1,0,0,1,1,2,2,2,67,10,3,0,0,1,0,0,9,1,9
3,1,9,0,18,0,0,0,0,0,0,3,1,6,1,42,7,2199,2,8,1,1,1,502933,171005,45,1,1,2,514,6,3154,6,30,0,4,6,0,0,0,1,1,1,0,0,1,1,1,3,1,6,2,3,5,4,0,0,0,0,1,5
3,1,2,0,18,0,0,1,0,0,0,1,1,6,1,16,4,1598,1,8,1,1,1,498177,180894,43,1,1,5,473,6,7302,6,30,0,4,6,0,0,0,1,1,1,0,0,1,1,1,3,1,61,9,3,10,5,0,0,0,0,1,5
3,1,9,0,18,0,8,0,0,0,0,4,1,6,2,22,5,1242,1,4,2,2,2,347221,176550,52,2,2,4,605,6,0,6,20,3,4,6,0,0,0,1,1,1,0,0,1,1,2,2,1,30,6,3,0,0,1,0,0,9,1,6
3,2,9,0,9,0,3,0,0,0,0,4,1,3,2,39,7,1242,1,1,1,1,2,226116,675553,97,2,1,5,928,3,78,1,30,1,4,4,7054,0,0,1,1,1,0,0,1,2,1,1,2,39,7,3,0,0,0,0,0,9,1,5
3,1,9,0,6,0,2,0,0,0,0,4,1,6,2,38,7,3311,8,8,1,1,2,524810,188870,1,2,1,4,30,3,598,6,30,3,4,6,0,0,0,1,1,1,0,0,1,1,1,1,1,33,6,3,0,0,0,0,0,9,1,5
3,1,9,0,18,0,0,1,0,1,4,1,1,1,2,41,7,1598,1,8,1,1,1,389540,142252,54,1,1,6,635,6,0,6,30,0,4,6,0,0,0,1,1,4,0,0,2,1,1,1,2,41,7,3,0,0,0,0,0,9,1,6
3,2,9,0,2,0,0,0,0,0,0,2,1,6,1,32,6,2148,2,9,1,1,2,518320,191240,1,2,1,6,29,4,461,6,30,0,4,6,0,0,0,4,1,1,0,0,1,1,1,1,1,33,6,3,0,0,0,0,0,9,1,5
2,2,9,4,7,0,5,0,0,0,0,4,1,6,1,53,8,1598,1,8,3,1,2,392196,306157,21,2,1,7,254,5,234,6,40,6,4,6,409,0,0,1,1,1,0,0,2,1,1,1,1,33,6,3,0,0,0,0,0,9,1,5
3,3,9,0,18,0,8,0,0,0,0,1,1,6,3,38,7,1299,1,12,1,2,3,532470,179760,1,3,2,1,8,3,2,6,30,3,2,3,2198,0,5,4,1,1,0,0,1,1,1,1,1,33,6,3,0,0,0,0,0,9,1,5
3,2,9,0,3,0,1,0,0,0,0,2,1,6,1,56,9,2497,2,10,1,2,2,368523,372659,7,2,2,6,130,3,556,1,60,1,4,3,530,0,0,1,2,2,0,0,2,1,1,1,1,56,9,3,0,0,0,0,0,9,1,6
3,1,9,0,18,0,8,0,0,0,0,1,1,6,1,67,10,1686,2,13,1,1,2,235758,621008,97,2,1,4,937,3,70,6,30,3,2,3,70,2,5,4,1,1,0,0,1,1,1,1,1,67,10,3,0,0,0,0,0,9,1,5
2,1,5,0,18,0,3,0,0,0,0,1,1,6,1,21,5,1598,1,8,2,1,2,264323,192278,62,2,1,2,745,4,4290,6,30,1,4,6,0,0,1,1,1,1,0,0,1,1,1,1,1,21,5,2,0,0,0,0,0,5,2,5
3,1,9,0,18,0,1,0,0,0,0,1,1,6,3,38,7,1598,1,8,1,1,1,536990,169360,1,1,1,4,19,3,222,6,30,1,4,3,234,0,1,4,1,2,0,0,1,2,1,3,1,26,6,3,1,3,0,0,2,0,1,9
3,1,9,0,9,0,5,0,0,0,0,1,1,6,1,38,7,1956,2,8,1,1,2,331898,387286,5,2,1,5,95,4,5148,6,30,3,4,6,0,0,0,1,1,1,0,0,1,1,1,1,1,33,6,3,0,0,0,0,0,9,1,5
3,2,9,0,4,0,0,0,0,1,0,2,1,1,1,45,7,998,1,8,1,1,2,530100,138241,47,2,1,4,560,1,23,3,70,0,4,6,0,0,0,1,1,2,0,0,1,1,1,1,1,45,7,3,0,0,0,0,0,9,1,5
3,3,9,0,4,0,0,0,0,0,0,3,1,6,1,71,10,1989,1,15,1,1,3,458270,304796,33,3,1,3,364,3,50,6,30,0,4,6,0,0,0,1,1,1,0,0,1,1,1,1,1,33,6,3,0,0,0,0,0,9,1,5
3,1,19,0,1,0,0,0,0,0,0,2,1,2,1,35,6,1399,2,5,1,1,2,246613,54560,50,2,1,4,583,6,0,6,30,0,4,6,0,0,0,1,1,2,0,0,1,1,1,1,1,33,6,3,0,0,0,0,0,9,1,5
3,2,9,0,17,0,8,0,0,0,0,3,1,6,1,39,7,2987,2,9,1,1,2,474396,423793,16,2,1,2,231,6,0,6,20,3,4,6,0,0,0,1,1,1,0,0,1,2,1,1,1,33,6,3,0,0,0,0,0,9,1,5
2,2,21,1,18,0,0,0,0,0,0,3,1,1,1,29,6,11946,2,4,1,1,2,451836,405225,14,2,1,4,211,3,635,6,40,0,4,6,0,0,0,4,1,2,0,0,2,1,1,1,1,33,6,3,0,0,0,0,0,9,1,5
3,2,9,0,18,0,8,0,0,0,0,1,1,2,1,29,6,1896,2,12,1,3,3,625172,231042,42,3,3,6,461,4,1414,6,30,3,4,6,0,0,0,4,1,1,0,0,1,1,3,1,1,29,6,3,0,0,0,0,0,9,1,4
3,1,11,0,18,0,1,0,0,0,0,0,1,1,1,55,8,6700,2,5,1,2,1,533340,189590,1,1,2,3,31,4,153,6,30,3,4,6,0,0,1,4,1,1,0,6,1,1,1,2,2,45,7,3,0,0,0,3,0,11,1,2
3,6,21,0,3,0,0,0,0,0,0,2,1,1,1,59,9,10518,2,8,2,1,6,373690,397990,6,6,1,6,107,1,62,3,70,0,4,6,0,0,0,1,1,1,0,0,2,1,1,1,1,33,6,3,0,0,0,0,0,9,1,5
3,2,3,0,18,0,1,5,0,0,0,1,1,6,1,18,4,98,1,20,1,1,2,251383,53043,50,2,1,5,583,6,0,6,30,3,4,6,0,0,0,1,2,2,0,0,1,1,1,1,1,18,4,3,0,0,0,0,0,3,1,5
3,2,9,0,18,0,1,0,0,0,0,1,1,6,2,25,5,1360,1,15,1,3,2,454357,400072,14,2,3,2,211,6,0,6,30,3,4,6,0,0,0,1,1,4,0,0,1,1,3,2,2,55,8,3,0,0,1,0,0,9,1,1
3,2,9,0,18,0,0,0,0,0,0,1,1,6,2,24,5,1299,1,15,1,1,2,504776,165045,45,2,1,2,514,6,3023,6,30,0,4,6,0,0,0,1,1,1,0,0,1,2,1,1,1,33,6,3,0,0,0,0,0,9,1,5
1,2,9,0,2,0,2,0,0,0,0,1,1,6,1,47,8,1587,1,13,1,4,2,395780,289490,20,2,4,7,303,6,0,6,30,3,4,6,0,0,0,1,1,2,0,0,1,1,4,2,1,33,6,3,0,0,2,0,0,9,1,5
3,2,9,0,3,0,0,0,0,0,0,2,1,1,2,30,6,1149,1,5,1,1,2,390040,263180,22,2,1,6,277,6,0,6,30,0,4,6,0,0,0,1,1,1,0,0,1,2,1,1,2,30,6,3,0,0,0,0,0,9,1,4
3,1,9,0,18,0,0,0,0,0,0,2,1,6,2,33,6,973,1,12,1,1,2,441541,389322,14,2,1,7,213,1,1,3,70,0,4,6,0,0,0,1,1,1,0,0,2,1,1,2,2,25,5,3,0,0,1,0,0,9,1,1
2,2,9,0,17,0,0,0,0,0,0,1,1,6,2,77,11,1197,1,2,3,1,2,352130,548500,3,2,1,2,62,6,0,6,60,0,4,6,0,0,0,1,1,1,0,0,2,1,1,1,1,33,6,3,0,0,0,0,0,9,1,5
3,1,9,0,18,0,1,0,10,1,5,1,1,6,2,72,10,1339,1,2,1,1,3,385680,388430,6,3,1,4,109,3,5149,6,30,3,4,6,0,0,0,1,1,1,0,0,1,1,1,2,1,9,2,3,0,0,2,0,0,9,1,10
3,2,9,0,3,0,0,0,0,0,0,2,1,6,2,49,8,1997,2,6,1,1,2,399220,297350,20,2,1,4,307,1,6,3,70,0,4,6,0,0,0,1,1,1,4,0,1,2,1,1,2,49,8,3,0,0,0,0,0,9,1,9
3,1,11,0,5,0,1,0,0,0,0,0,1,1,1,41,7,4461,2,2,1,1,1,411222,94628,55,1,1,5,640,3,3060,3,30,3,4,6,0,0,0,4,1,1,0,0,1,2,1,2,2,52,8,3,0,0,0,1,0,11,1,1
3,1,19,0,9,0,5,0,0,0,0,1,1,6,1,43,7,1598,1,8,1,1,1,461445,342959,31,1,1,6,343,6,0,6,30,3,4,3,6211,0,4,1,1,1,0,0,2,2,1,3,2,12,3,3,4,3,0,0,0,0,1,8
3,2,1,0,18,0,1,0,0,0,0,3,1,6,1,26,6,1598,1,8,1,1,2,534870,183300,1,2,1,3,5,4,127,6,30,6,2,3,107,0,5,1,2,2,0,0,1,1,1,1,1,26,6,3,0,0,0,0,0,1,1,3
2,1,3,0,16,9,0,0,0,0,0,1,1,6,1,14,3,1598,1,8,1,1,2,505557,224617,40,2,1,2,421,4,579,6,30,0,4,6,0,0,4,1,1,1,0,0,1,2,1,1,1,33,6,3,0,0,0,0,0,9,1,5
3,1,9,0,3,0,2,0,0,0,0,2,1,6,1,32,6,2204,2,10,1,2,3,507890,178500,1,3,2,5,26,1,4,3,70,5,4,6,0,0,0,1,1,1,0,0,1,1,1,1,1,33,6,3,0,0,0,0,0,9,1,5
3,1,9,0,5,0,6,0,0,0,0,1,1,6,3,38,7,1360,1,8,1,1,2,401785,278799,20,2,1,3,300,3,38,3,40,6,4,6,0,0,0,4,4,2,0,0,1,1,1,1,1,33,6,3,0,0,0,0,0,9,1,5
2,2,9,0,18,0,1,0,0,0,0,1,1,6,1,63,9,1984,1,14,1,1,2,590610,167110,46,2,1,6,540,3,249,3,70,5,4,6,0,0,0,4,1,1,0,0,2,1,1,1,1,33,6,3,0,0,0,0,0,9,1,5
3,2,9,0,18,0,8,0,0,0,0,1,1,6,2,72,10,1598,1,8,1,1,2,297412,168648,62,2,1,7,746,6,0,6,30,3,4,6,0,0,4,1,1,2,0,0,1,1,1,1,1,33,6,3,0,0,0,0,0,9,1,5
3,1,3,0,18,0,0,0,0,0,0,1,1,6,1,29,6,1598,1,8,1,1,2,524020,179970,1,2,1,3,12,3,402,6,30,0,4,6,0,0,0,4,1,1,0,0,1,2,1,1,1,29,6,3,0,0,0,0,0,3,1,3
3,1,9,0,5,0,8,0,0,0,0,1,1,6,1,37,7,1597,1,12,1,1,2,364484,173914,52,2,1,5,601,3,420,6,20,3,4,6,0,0,0,1,1,1,0,0,1,1,1,1,1,33,6,3,0,0,0,0,0,9,1,5
3,2,11,0,2,2,0,0,0,0,0,2,1,6,1,27,6,4250,2,6,1,5,2,435320,335930,30,2,5,3,323,5,100,2,30,0,4,6,0,0,0,1,1,1,0,0,1,1,1,2,2,66,10,3,0,0,0,4,0,11,1,4
3,1,5,0,5,0,8,0,0,0,0,1,1,2,1,22,5,1598,1,8,2,1,2,458222,300229,33,2,1,6,364,3,563,1,30,1,2,4,5366,0,5,1,1,1,0,0,1,1,1,1,1,22,5,3,0,0,0,0,0,5,2,9
3,1,19,0,18,0,2,0,10,1,11,1,1,6,1,28,6,1461,2,3,1,1,1,573982,107498,47,1,1,6,555,6,0,2,30,3,4,4,2098,0,1,4,1,1,0,0,1,1,1,1,1,28,6,3,0,0,0,0,0,19,1,3
3,2,9,0,18,0,8,0,0,0,0,1,1,6,1,59,9,1969,2,1,1,1,2,522359,204714,41,2,1,4,438,5,174,6,60,3,4,6,1454,0,0,1,2,2,0,0,2,1,1,1,1,59,9,3,0,0,0,0,0,9,1,9
3,1,9,0,18,0,2,0,0,0,0,4,1,1,1,55,8,1360,1,14,1,1,1,451319,206170,43,1,1,7,482,6,320,6,20,3,4,3,420,0,4,1,1,1,0,0,1,1,1,3,1,63,9,3,9,9,0,0,0,0,1,4
3,2,9,0,18,0,8,0,0,0,0,2,1,6,2,53,8,1753,2,9,1,1,2,318240,468540,3,2,1,4,61,6,0,6,30,6,4,6,0,0,0,1,1,1,0,0,2,1,1,1,1,33,6,3,0,0,0,0,0,9,1,5
3,2,20,0,17,0,0,0,0,0,0,1,1,1,1,56,9,1598,1,8,3,2,2,386866,576002,10,2,2,4,139,4,6320,6,60,0,4,6,0,0,0,6,2,2,6,0,2,1,2,1,1,56,9,3,0,0,0,0,0,20,3,6
3,1,8,0,18,0,0,0,0,0,0,1,1,1,1,29,6,1364,2,8,1,1,1,424983,564059,10,1,1,2,147,3,186,6,30,0,4,6,0,0,0,4,9,1,0,0,1,2,1,3,1,30,6,3,5,1,0,0,0,0,1,5
3,1,9,0,5,0,1,0,0,0,0,1,1,6,1,63,9,1997,2,1,1,1,1,400750,287520,20,1,1,3,305,6,0,6,30,3,4,6,0,0,0,1,1,1,0,0,1,2,1,3,2,12,3,3,5,3,0,0,0,0,1,1
3,1,9,0,17,0,8,0,0,0,0,3,1,6,2,43,7,1753,2,6,3,1,2,455735,220302,43,2,1,1,481,6,161,6,60,3,4,6,0,0,0,1,1,1,0,6,2,1,1,1,1,33,6,3,0,0,0,0,0,9,1,5
3,2,98,0,2,0,0,0,0,0,0,2,1,6,3,34,6,2402,2,4,1,1,2,426088,301389,23,2,1,2,290,6,0,6,30,0,4,6,0,0,0,4,1,2,0,0,2,1,1,1,1,33,6,3,0,0,0,0,0,9,1,5
3,2,1,0,18,0,8,0,0,0,0,3,1,6,1,55,8,1598,1,8,1,1,2,387090,392760,6,2,1,4,102,5,0,6,30,6,4,6,0,0,0,4,1,1,0,0,1,1,1,1,1,55,8,3,0,0,0,0,0,1,1,1
3,1,9,0,9,0,5,0,0,0,0,3,1,6,1,43,7,1796,7,8,1,4,2,385380,434170,4,2,4,7,72,6,0,6,30,3,4,6,0,0,0,4,5,1,0,0,1,1,4,2,1,43,7,3,0,0,1,0,0,9,1,1
3,1,11,0,5,0,1,0,0,0,0,4,1,1,1,66,10,4250,2,11,1,1,1,386405,170566,54,1,1,5,635,4,3353,6,30,3,4,6,0,0,0,1,1,1,0,0,1,2,1,3,1,16,4,3,6,9,0,0,0,0,1,9
3,1,9,0,18,0,1,0,0,0,0,1,1,6,1,46,8,1598,1,8,1,1,2,441819,116213,44,2,1,1,500,3,33,6,40,3,4,6,0,0,0,1,1,1,0,0,1,1,1,1,1,33,6,3,0,0,0,0,0,9,1,5
3,1,9,0,16,0,0,0,0,0,0,1,1,6,2,34,6,1399,2,11,1,1,3,499622,250152,40,3,1,6,420,3,422,6,60,0,4,6,0,0,0,1,1,1,0,0,2,1,1,1,1,33,6,3,0,0,0,0,0,9,1,5
3,1,9,0,18,0,8,0,0,0,0,1,1,6,2,51,8,1997,1,8,1,1,2,383520,396170,6,2,1,4,102,6,0,6,30,6,4,6,0,0,0,4,1,1,0,0,1,2,1,1,2,51,8,3,0,0,0,0,0,9,1,1
3,1,19,0,7,0,2,0,0,0,0,4,1,1,1,50,8,2298,2,8,1,1,1,532980,182100,1,1,1,2,4,5,0,6,20,6,4,5,0,0,0,1,1,1,0,0,1,1,1,3,1,36,7,3,5,1,0,0,2,0,1,8
3,3,9,0,14,0,0,0,0,0,0,1,1,6,1,49,8,1595,1,18,1,2,4,419452,172659,54,4,2,6,635,3,346,6,50,0,4,6,0,0,0,6,2,2,0,0,2,1,1,1,1,49,8,3,0,0,0,0,0,9,1,3
3,1,9,0,1,0,1,0,0,0,0,2,1,6,1,35,6,1560,2,2,1,1,2,514266,103431,47,2,1,6,564,6,0,6,30,3,4,6,0,0,0,1,1,1,0,0,1,2,1,3,2,17,4,3,8,3,0,0,0,0,1,6
3,2,9,0,7,0,6,0,0,0,0,3,1,1,1,33,6,2143,2,8,1,1,2,391060,809189,92,2,1,7,910,6,0,3,30,3,4,3,96,0,0,1,1,1,0,0,1,1,1,1,1,33,6,3,0,0,0,0,0,9,1,5
3,1,9,0,10,0,1,0,0,0,0,1,1,6,2,31,6,1598,1,10,1,1,2,288334,60289,50,2,1,3,587,3,3022,6,30,9,4,6,0,0,0,4,1,1,0,0,1,1,1,1,1,33,6,3,0,0,0,0,0,9,1,5
3,1,9,0,13,0,0,5,0,0,0,1,1,6,1,24,5,1590,1,20,1,3,3,497657,272724,34,3,3,2,382,3,45,6,60,0,4,6,0,0,0,6,1,1,0,0,2,1,1,1,1,24,5,3,0,0,0,0,0,9,1,5
3,1,19,0,18,0,8,0,0,1,7,1,1,1,1,28,6,2143,2,8,1,1,2,547133,200124,42,2,1,2,456,1,11,3,70,3,4,1,25,0,0,1,1,1,0,0,2,1,1,1,1,28,6,3,0,0,0,0,0,19,1,6
3,2,9,0,5,0,1,0,0,0,0,3,1,2,1,29,6,1796,1,8,1,1,2,257710,662494,97,2,1,4,926,3,77,6,30,3,4,6,0,0,0,1,1,1,0,0,1,1,1,1,1,33,6,3,0,0,0,0,0,9,1,5
3,2,1,0,18,0,1,0,0,0,0,2,1,6,1,57,9,1598,1,8,3,1,2,503688,133162,47,2,1,2,559,4,2133,6,60,3,4,6,0,0,0,7,9,1,0,0,2,2,1,1,1,57,9,3,0,0,0,0,0,1,3,10
3,2,9,0,11,0,8,0,0,0,0,4,1,2,2,35,6,1422,2,11,1,1,2,543940,182820,1,2,1,2,17,3,406,1,40,1,4,3,13,0,0,1,1,1,0,0,2,1,1,1,2,35,6,3,0,0,0,0,0,9,1,2
2,1,9,0,17,0,0,5,0,7,0,4,1,6,1,55,8,2088,2,17,3,1,1,545740,251040,35,1,1,3,395,5,284,6,40,0,4,6,0,0,0,6,1,1,0,0,2,1,1,1,1,55,8,2,0,0,0,0,0,9,3,8
3,2,8,0,18,0,2,0,0,0,0,1,1,1,1,57,9,1991,2,5,1,3,3,443095,541241,11,3,3,6,169,6,0,6,30,3,4,6,0,0,0,1,1,1,0,0,1,1,1,1,1,57,9,3,0,0,0,0,0,8,1,1
2,1,9,0,7,0,2,0,0,8,10,1,1,1,1,29,6,1242,1,12,1,2,1,386690,402240,6,1,2,1,102,6,0,6,20,3,4,6,0,0,0,1,1,1,0,0,1,1,2,2,2,28,6,2,0,0,1,0,0,9,1,5
3,2,9,0,13,0,3,0,0,0,0,4,1,6,1,30,6,1968,2,8,1,1,2,509252,219139,40,2,1,7,421,6,0,6,30,1,4,3,1081,0,0,1,1,1,0,0,2,1,1,1,1,33,6,3,0,0,0,0,0,9,1,5
3,1,9,0,17,0,0,1,0,7,4,2,1,6,2,22,5,998,1,8,1,1,1,224100,609591,97,1,1,4,937,3,719,6,60,0,4,6,0,0,0,1,2,2,0,0,2,1,1,1,2,22,5,3,0,0,0,0,0,9,1,5
3,2,9,0,9,0,5,0,0,0,0,0,1,2,1,60,9,1391,1,15,1,1,2,541698,383052,32,2,1,4,351,3,157,6,60,3,4,5,534,0,0,1,1,1,0,0,2,1,1,1,1,33,6,3,0,0,0,0,0,9,1,5
3,1,9,0,1,0,6,0,0,0,0,2,1,6,2,59,9,1461,2,2,2,2,2,422133,303672,21,2,2,6,258,6,17,6,30,8,4,6,0,0,0,1,1,1,0,0,1,2,1,1,2,59,9,3,0,0,0,0,0,9,2,6
3,1,9,0,18,0,0,0,0,0,0,1,1,6,1,29,6,1598,2,4,1,4,3,528350,193300,1,3,4,3,30,5,0,6,30,0,4,6,0,0,0,4,1,2,0,0,1,1,1,2,2,27,6,3,0,0,1,0,0,9,1,6
3,1,9,0,18,0,4,2,9,0,0,1,1,6,1,34,6,1248,2,7,1,1,1,334820,428170,4,1,1,2,74,6,0,1,30,1,4,6,0,0,0,4,1,1,0,0,1,1,1,1,1,34,6,3,0,0,0,0,0,9,1,5
3,1,9,0,15,0,0,0,0,0,0,4,2,6,2,47,8,1499,2,1,1,1,2,350888,386113,7,2,1,5,124,5,2010,6,30,0,4,6,0,0,4,1,1,1,0,0,1,2,1,3,2,10,2,3,5,1,0,0,0,0,1,1
3,1,9,0,18,0,1,0,0,0,0,1,1,6,1,38,7,1896,2,13,1,1,2,537360,209090,41,2,1,2,430,3,1170,3,40,1,4,3,1170,0,0,4,1,1,0,0,1,2,1,1,1,33,6,3,0,0,0,0,0,9,1,5
3,1,5,0,14,0,8,0,0,0,0,4,1,6,1,29,6,649,1,9,1,1,2,531030,168470,1,2,1,7,20,3,23,6,30,3,4,6,0,0,0,4,1,1,0,0,1,1,1,1,1,29,6,3,0,0,0,0,0,5,1,6
3,1,9,0,11,0,2,0,0,2,7,1,1,6,1,26,6,1390,1,5,1,1,1,483869,156605,44,1,1,1,494,1,3,3,50,5,4,1,3,0,0,1,1,1,4,0,2,1,1,1,1,26,6,3,0,0,0,0,0,9,1,10
3,2,1,0,18,0,8,0,0,0,0,3,1,6,1,41,7,1598,1,8,1,1,2,524020,181050,1,2,1,6,12,5,0,6,30,3,4,6,0,0,0,1,1,1,0,0,1,1,1,1,1,41,7,3,0,0,0,0,0,1,1,2
3,2,9,0,18,0,8,0,0,0,0,1,1,1,1,58,9,1598,1,8,1,1,2,429226,514098,11,2,1,5,161,6,0,6,30,6,4,6,0,0,0,1,1,1,0,0,1,1,1,1,1,33,6,3,0,0,0,0,0,9,1,5
3,4,9,0,18,0,0,0,0,0,0,1,1,6,1,38,7,2148,2,10,1,1,4,543630,182550,1,4,1,4,17,3,13,7,50,0,4,6,0,0,0,1,1,1,0,0,1,1,1,1,1,33,6,3,0,0,0,0,0,9,1,5
2,2,9,0,2,0,0,0,0,0,0,2,1,6,3,38,7,1598,1,8,1,1,3,517360,259540,35,3,1,3,393,6,0,6,30,0,4,6,0,0,0,1,1,1,0,0,1,1,1,1,1,33,6,3,0,0,0,0,0,9,1,5
2,3,9,0,4,0,8,0,0,1,0,1,1,6,1,40,7,1794,1,12,2,6,4,597980,281864,36,4,6,3,400,3,1066,6,60,6,4,6,0,0,0,1,1,1,0,0,2,1,1,1,1,40,7,2,0,0,0,0,0,9,2,6
3,1,9,0,9,0,5,0,0,0,0,1,1,6,1,24,5,1995,2,6,1,1,2,339373,374489,7,2,1,1,130,3,5032,6,30,8,4,6,0,0,0,4,1,1,0,0,1,1,1,1,1,24,5,3,0,0,0,0,0,9,1,9
3,1,90,0,18,0,0,0,0,0,0,1,1,1,1,56,9,1598,1,8,1,1,1,622180,136260,46,1,1,6,539,3,259,6,30,0,4,6,0,0,1,4,1,1,0,6,1,2,1,3,2,16,4,3,10,9,0,0,0,0,1,5
3,2,9,0,12,0,0,0,0,0,0,3,1,6,3,38,7,1598,1,8,1,1,2,545000,178740,1,2,1,2,6,3,206,2,30,0,4,6,0,0,0,1,2,2,0,0,1,1,1,1,1,33,6,3,0,0,0,0,0,9,1,5
3,2,9,0,3,0,1,0,0,0,0,2,1,2,1,58,9,1995,2,3,1,2,2,404520,287660,20,2,2,4,300,4,4135,6,30,3,4,3,457,0,0,1,1,1,0,0,1,1,2,1,1,58,9,3,0,0,0,0,0,9,1,5
3,1,9,0,17,0,0,2,10,1,10,4,1,6,2,20,4,1229,1,7,1,1,1,392786,175184,54,1,1,1,635,4,4069,6,50,0,4,6,0,0,0,6,1,2,7,0,2,1,1,1,2,20,4,3,0,0,0,0,0,9,1,7
3,2,9,0,3,0,0,0,0,0,0,3,1,6,1,44,7,1995,1,14,1,1,2,524790,182160,1,2,1,1,1,3,404,6,30,0,4,6,0,0,0,1,2,2,0,0,1,1,1,1,1,33,6,3,0,0,0,0,0,9,1,5