accident_severity,vehicle_reference,vehicle_type,towing_and_articulation,vehicle_manoeuvre,vehicle_location-restricted_lane,junction_location,skidding_and_overturning,hit_object_in_carriageway,vehicle_leaving_carriageway,hit_object_off_carriageway,1st_point_of_impact,was_vehicle_left_hand_drive?,journey_purpose_of_driver,sex_of_driver,age_of_driver,age_band_of_driver,engine_capacity_(cc),propulsion_code,age_of_vehicle,driver_home_area_type,NUmber_of_Casualities_unique_to_accident_index,No_of_Vehicles_involved_unique_to_accident_index,location_easting_osgr,location_northing_osgr,police_force,number_of_vehicles,number_of_casualties,day_of_week,local_authority_(district),1st_road_class,1st_road_number,road_type,speed_limit,junction_detail,junction_control,2nd_road_class,2nd_road_number,pedestrian_crossing-human_control,pedestrian_crossing-physical_facilities,light_conditions,weather_conditions,road_surface_conditions,special_conditions_at_site,carriageway_hazards,urban_or_rural_area,did_police_officer_attend_scene_of_accident,casualty_reference,casualty_class,sex_of_casualty,age_of_casualty,age_band_of_casualty,casualty_severity,pedestrian_location,pedestrian_movement,car_passenger,bus_or_coach_passenger,pedestrian_road_maintenance_worker,casualty_type,casualty_home_area_type,casualty_imd_decile
3,1,9,0,9,0,1,0,0,0,0,1,1,6,1,38,7,2967,2,5,1,1,1,456557,401554,14,1,1,3,211,3,60,3,40,3,2,3,630,0,5,4,1,1,0,0,1,1,1,3,1,64,9,3,1,1,0,0,0,0,1,1
3,2,9,0,18,0,8,0,0,0,0,1,1,2,1,45,7,998,1,3,1,1,2,540050,298100,35,2,1,3,392,3,141,6,50,8,4,6,0,0,0,1,1,1,0,0,1,1,1,1,1,45,7,3,0,0,0,0,0,9,1,3
3,1,9,0,18,0,1,0,0,0,0,1,1,6,3,20,4,1598,1,8,3,5,2,577264,121020,47,2,5,4,555,6,0,6,40,3,4,4,2089,0,0,4,1,1,0,0,2,2,1,1,1,33,6,3,0,0,0,0,0,9,1,5
3,2,3,0,18,0,1,0,0,0,0,1,1,6,1,21,5,124,1,6,1,1,2,336472,396823,5,2,1,5,91,3,59,6,30,5,4,6,0,0,5,4,1,1,0,0,1,1,1,1,1,21,5,3,0,0,0,0,0,3,1,4
3,3,9,0,16,0,8,0,0,0,0,1,1,6,1,38,7,1198,1,12,1,3,3,529130,168250,1,3,3,6,22,4,272,6,30,3,4,4,272,0,0,1,1,1,0,0,1,1,1,1,1,33,6,3,0,0,0,0,0,9,1,5
3,2,9,0,18,0,1,0,0,0,0,4,1,6,1,17,4,1796,1,11,1,1,2,573593,107074,47,2,1,4,555,6,0,6,30,8,4,6,0,0,0,1,2,2,0,0,1,1,1,1,1,33,6,3,0,0,0,0,0,9,1,5
3,1,1,0,18,0,8,0,0,0,0,1,1,6,1,33,6,1598,1,8,1,1,2,528800,174090,1,2,1,3,10,3,24,6,30,6,4,6,0,0,0,4,1,1,0,0,1,1,1,1,1,33,6,3,0,0,0,0,0,1,1,10
3,2,9,0,17,0,2,0,0,0,0,1,1,6,1,46,8,1398,1,5,1,1,2,251244,56106,50,2,1,1,583,6,0,6,30,9,4,6,0,0,0,1,2,2,0,0,1,1,1,2,2,50,8,3,0,0,1,0,0,9,1,5
3,2,5,0,18,0,1,0,0,0,0,1,1,6,1,54,8,656,1,7,2,1,2,324920,467040,3,2,1,1,61,3,5087,6,60,8,4,6,0,0,0,1,1,1,0,0,2,1,1,1,1,54,8,3,0,0,0,0,0,5,2,5
3,2,5,0,18,0,0,0,0,0,0,3,1,6,1,41,7,998,1,9,1,1,3,559558,195345,42,3,1,5,452,3,12,3,70,0,4,6,0,0,0,1,1,1,0,0,2,2,1,1,1,41,7,3,0,0,0,0,0,5,1,7
3,2,9,0,2,0,0,0,0,0,0,2,1,6,1,38,7,1956,2,3,1,1,4,402580,278670,20,4,1,2,300,6,0,6,30,0,4,6,0,0,0,4,1,1,0,0,1,1,1,1,1,33,6,3,0,0,0,0,0,9,1,5
3,1,9,0,9,0,8,0,0,0,0,4,1,6,2,32,6,1242,1,9,1,1,2,520520,188540,1,2,1,6,28,3,4006,6,30,6,2,4,454,0,0,1,1,1,0,0,1,1,1,1,1,33,6,3,0,0,0,0,0,9,1,5
2,2,2,0,18,0,8,0,0,0,0,1,1,6,1,22,5,124,1,10,1,1,2,548060,175460,1,2,1,5,18,3,207,6,30,3,4,6,0,0,0,1,1,1,0,0,1,1,1,1,1,22,5,2,0,0,0,0,0,2,1,1
3,2,9,0,17,0,0,0,0,0,0,2,1,6,2,38,7,1242,1,8,1,2,2,458832,193535,43,2,2,5,484,3,4074,6,40,0,4,6,0,0,0,1,1,1,0,0,2,1,2,1,2,38,7,3,0,0,0,0,0,9,1,2
3,2,8,0,2,0,0,0,0,0,0,1,1,1,1,39,7,2143,2,3,1,2,2,558720,146000,46,2,2,7,542,6,4211,6,30,0,4,6,0,0,0,1,1,1,0,0,1,1,2,1,1,39,7,3,0,0,0,0,0,8,1,3
3,2,19,0,18,0,0,0,0,0,0,1,1,6,1,20,4,2148,2,6,1,1,3,551620,176260,1,3,1,6,18,3,206,3,30,0,4,6,0,0,0,1,1,1,0,0,1,1,1,1,1,33,6,3,0,0,0,0,0,9,1,5
3,1,19,0,11,0,8,0,0,0,0,4,1,2,1,33,6,1995,2,2,1,1,2,523730,223754,41,2,1,2,435,3,602,1,40,1,4,3,1070,0,7,1,1,1,0,0,1,1,1,1,1,33,6,3,0,0,0,0,0,9,1,5
3,1,9,0,18,0,1,0,0,0,0,0,1,6,3,38,7,1598,1,8,1,1,2,572290,170923,46,2,1,5,544,3,289,3,70,5,4,6,0,0,0,1,1,1,0,0,2,1,1,1,1,33,6,3,0,0,0,0,0,9,1,5
3,2,9,0,9,0,0,0,0,0,0,4,1,1,1,24,5,1461,2,7,1,1,2,390777,289682,20,2,1,4,303,6,0,1,30,0,4,6,0,0,0,1,2,2,4,0,1,2,1,1,1,24,5,3,0,0,0,0,0,9,1,2
3,1,9,0,18,0,0,0,0,0,0,1,1,6,2,40,7,2996,1,5,2,4,4,570688,189892,42,4,4,5,450,3,1235,3,50,0,4,6,0,0,7,1,2,2,0,0,2,1,1,1,1,33,6,3,0,0,0,0,0,9,1,5
3,1,19,0,18,0,0,0,0,0,0,0,1,1,1,51,8,1598,1,8,1,1,5,535646,152854,45,5,1,7,516,1,25,3,70,0,4,6,0,0,0,1,1,2,0,0,2,1,1,1,1,33,6,3,0,0,0,0,0,9,1,5
3,2,1,0,18,0,0,0,0,0,0,0,1,6,1,34,6,1598,1,8,1,1,2,300620,511960,3,2,1,3,63,3,595,6,60,0,4,6,0,0,0,1,1,2,0,0,2,2,1,1,1,34,6,3,0,0,0,0,0,1,1,2
3,1,9,0,9,0,8,0,0,0,0,1,1,6,2,44,7,1995,2,9,1,1,3,523500,179390,1,3,1,1,11,3,219,6,30,3,4,6,0,0,0,1,1,1,0,0,1,1,1,1,1,33,6,3,0,0,0,0,0,9,1,5
3,2,9,0,4,0,2,0,0,0,0,2,1,6,2,54,8,2148,2,12,1,3,2,532530,176750,1,2,3,1,8,3,202,3,30,6,2,3,215,0,5,1,1,1,0,0,1,1,3,2,2,16,4,3,0,0,2,0,0,9,1,5
3,1,9,0,4,9,0,0,0,1,0,1,1,6,1,32,6,1587,1,11,1,1,1,406340,289910,20,1,1,3,300,6,0,6,30,0,4,6,0,0,0,1,1,1,0,0,1,2,1,3,2,41,7,3,6,9,0,0,0,0,1,5
3,2,5,0,18,0,0,1,0,0,0,1,1,6,1,34,6,1000,1,8,1,2,2,245093,58863,50,2,2,6,583,6,0,6,30,0,4,6,0,0,0,1,1,1,0,0,1,1,2,1,1,34,6,3,0,0,0,0,0,5,1,1
3,2,19,0,18,0,0,0,0,1,0,3,1,1,1,26,6,1598,1,8,2,3,2,550230,221290,41,2,3,6,432,3,1250,6,30,0,4,6,0,0,0,1,1,2,0,0,1,1,2,1,1,26,6,3,0,0,0,0,0,19,2,8
3,1,9,0,7,0,0,0,7,3,10,1,1,6,1,25,5,2495,2,19,1,1,2,442622,388858,14,2,1,7,213,6,0,6,30,0,4,6,0,0,0,1,1,1,0,0,1,1,1,1,1,33,6,3,0,0,0,0,0,9,1,5
3,2,3,0,18,0,0,0,0,0,0,3,1,6,1,21,5,124,1,4,1,1,2,523340,179840,1,2,1,6,11,3,219,6,30,0,4,6,0,0,0,1,1,1,0,0,1,1,1,1,1,21,5,3,0,0,0,0,0,3,1,5
3,1,9,0,17,0,0,0,0,1,2,1,1,2,1,34,6,1598,1,8,1,1,1,348883,394158,5,1,1,4,92,3,58,6,30,0,4,6,0,1,4,1,2,2,0,0,1,1,1,1,1,34,6,3,0,0,0,0,0,9,1,7
1,1,9,0,18,0,0,0,0,0,0,1,1,6,1,27,6,2987,2,6,1,2,1,405723,91915,55,1,2,6,643,3,35,6,30,0,4,6,0,0,4,4,1,1,4,0,1,1,2,3,1,89,11,1,4,1,0,0,0,0,1,6
3,2,9,0,18,0,8,0,0,0,0,1,1,6,2,22,5,1995,2,12,1,1,2,419995,311790,21,2,1,3,252,3,513,6,60,3,4,5,294,0,0,1,1,1,0,0,2,1,1,1,2,22,5,3,0,0,0,0,0,9,1,5
3,1,9,0,13,0,2,0,0,0,0,3,1,6,1,25,5,1229,1,4,1,1,2,520210,180950,1,2,1,3,27,3,4000,6,30,3,4,6,0,0,0,4,1,1,0,0,1,1,1,1,1,33,6,3,0,0,0,0,0,9,1,5
3,2,19,0,18,0,1,0,0,0,0,1,1,1,1,36,7,1248,2,1,1,2,2,207721,65700,50,2,2,5,596,4,3268,6,30,3,4,6,0,0,0,4,2,2,0,0,1,1,1,1,1,36,7,3,0,0,0,0,0,19,1,7
3,1,9,0,4,0,6,0,0,0,0,1,1,6,2,79,11,1598,1,8,1,1,1,295582,197028,62,1,1,1,744,3,4061,6,30,3,4,6,0,0,1,1,1,1,0,0,1,1,1,3,2,12,3,3,1,1,0,0,0,0,1,5
3,1,9,0,1,3,0,0,0,0,0,2,1,6,1,38,7,1984,1,14,1,1,1,599453,225201,42,1,1,7,455,3,1124,2,20,0,4,6,0,0,4,1,1,1,0,0,1,2,1,3,2,63,9,3,4,9,0,0,0,0,1,6
3,2,9,0,18,0,0,0,0,0,0,1,1,6,1,52,8,2993,2,3,1,2,2,334015,115081,52,2,2,2,610,3,303,6,60,0,4,6,0,0,0,1,2,2,0,0,2,1,1,1,1,52,8,3,0,0,0,0,0,9,1,10
3,1,19,0,7,0,0,0,0,0,0,4,1,6,3,38,7,1598,1,8,1,1,2,441927,512709,17,2,1,4,245,3,67,6,30,0,4,6,0,0,0,1,1,1,0,0,1,2,1,1,1,33,6,3,0,0,0,0,0,9,1,5
3,1,11,0,5,2,0,0,0,0,0,0,1,1,1,20,4,6700,2,3,3,1,1,517640,301660,35,1,1,2,394,3,15,3,30,0,4,6,0,0,4,1,8,1,0,0,1,2,1,2,1,65,9,3,0,0,0,3,0,11,2,10
3,2,9,0,4,0,2,0,0,0,0,1,1,6,1,49,8,2000,2,4,1,2,2,531170,176660,1,2,2,6,9,3,23,6,30,3,4,6,0,0,4,1,1,1,0,0,1,1,1,1,1,33,6,3,0,0,0,0,0,9,1,5
3,1,9,0,9,0,6,0,0,0,0,1,1,6,2,76,11,1596,1,8,1,1,2,585188,264079,37,2,1,5,414,5,757,6,30,3,4,6,0,0,0,1,1,1,0,0,1,1,1,1,2,76,11,3,0,0,0,0,0,9,1,10
3,1,9,0,18,0,0,5,0,8,0,1,1,2,2,40,7,1242,1,6,3,1,1,325847,640323,95,1,1,6,914,3,72,6,60,0,4,6,0,0,0,1,1,1,6,0,2,1,1,1,2,40,7,3,0,0,0,0,0,9,3,5
3,1,9,0,17,0,0,1,0,2,4,3,1,6,2,28,6,1995,1,13,1,1,1,528376,125974,47,1,1,6,563,4,2115,6,60,0,4,6,0,0,0,1,2,2,0,0,2,1,1,1,2,28,6,3,0,0,0,0,0,9,1,8
3,1,9,0,7,0,1,0,0,0,0,1,1,6,2,29,6,1398,2,6,1,1,2,532734,343563,32,2,1,4,350,6,1,6,30,9,4,6,26,0,0,1,1,1,0,0,1,1,1,1,1,33,6,3,0,0,0,0,0,9,1,5
3,2,9,0,18,0,8,0,0,0,0,4,1,6,2,20,4,1299,1,16,1,1,2,579750,163598,46,2,1,6,544,6,0,6,30,2,4,6,0,0,8,4,1,1,0,0,1,1,1,1,2,20,4,3,0,0,0,0,0,9,1,1
3,2,9,0,9,0,8,0,0,0,0,1,1,6,1,63,9,2143,2,1,1,1,2,523860,184480,1,2,1,6,28,3,4003,6,30,3,4,3,4003,0,0,1,1,1,0,0,1,1,1,1,1,33,6,3,0,0,0,0,0,9,1,5
3,2,9,0,3,0,0,0,0,0,0,2,1,6,2,36,7,1461,2,2,1,2,2,401100,285300,20,2,2,2,300,3,456,3,40,0,4,6,0,0,5,1,2,2,0,0,1,1,1,1,2,36,7,3,0,0,0,0,0,9,1,7
3,1,9,0,18,0,1,0,0,0,0,2,1,6,1,34,6,1799,1,8,1,1,2,483916,146199,45,2,1,2,517,3,31,6,50,3,4,6,0,0,0,1,1,1,0,0,2,1,1,1,1,33,6,3,0,0,0,0,0,9,1,5
2,1,97,0,18,0,0,5,0,1,4,1,1,6,1,24,5,1598,1,8,1,2,1,315227,197177,61,1,2,4,731,6,0,6,30,0,4,6,0,0,0,1,8,2,0,0,1,1,1,1,1,24,5,3,0,0,0,0,0,97,1,5
3,2,1,0,5,0,4,0,0,0,0,1,1,4,1,11,3,1598,1,8,1,1,2,387720,220169,53,2,1,4,625,5,364,1,30,2,4,6,2416,0,0,1,1,1,0,0,1,2,1,1,1,11,3,3,0,0,0,0,0,1,1,10
3,2,19,0,18,0,8,0,0,0,0,1,1,1,2,30,6,1598,2,2,1,2,2,368183,356672,7,2,2,2,129,5,527,6,30,3,4,6,0,0,1,1,1,2,0,0,1,1,2,1,2,30,6,3,0,0,0,0,0,19,1,1
3,2,9,0,18,0,8,0,0,0,0,1,1,6,1,43,7,1299,1,13,1,1,2,442935,113613,44,2,1,3,500,3,335,6,40,6,2,6,0,0,0,4,1,1,0,0,2,1,1,1,1,43,7,3,0,0,0,0,0,9,1,1
3,1,9,0,7,0,5,0,0,0,0,1,1,6,1,38,7,1598,1,8,1,1,1,405956,440969,13,1,1,6,200,3,629,6,30,3,4,6,0,0,0,4,1,1,0,0,1,2,1,3,1,35,6,3,5,1,0,0,0,0,1,3
3,1,9,0,17,0,0,1,0,7,11,2,1,6,2,25,5,1796,1,11,3,1,1,427728,462292,12,1,1,2,182,5,31,6,60,0,4,6,0,0,0,1,1,2,0,0,2,1,1,1,2,25,5,3,0,0,0,0,0,9,3,8
2,1,9,0,18,0,2,0,0,0,0,1,1,6,2,23,5,1360,1,10,1,1,1,285252,71477,50,1,1,4,585,6,0,6,20,3,4,6,0,0,0,1,1,1,0,0,1,2,1,3,1,6,2,2,8,2,0,0,0,0,1,2
3,1,9,0,18,0,1,0,0,0,0,0,1,6,1,24,5,1229,1,11,1,2,2,425633,573666,10,2,2,5,148,4,1321,6,30,3,4,6,2200,0,0,4,2,2,0,0,1,1,1,2,2,18,4,3,0,0,1,0,0,9,1,5
3,1,19,0,2,0,0,0,0,0,0,3,1,6,3,38,7,4116,2,9,1,1,3,511105,432346,16,3,1,6,228,6,0,6,30,0,4,6,0,0,0,1,1,1,0,0,1,1,1,1,1,33,6,3,0,0,0,0,0,9,1,5
2,1,5,0,16,0,0,0,0,0,0,4,1,6,1,29,6,998,1,9,2,1,2,480764,401109,16,2,1,4,232,6,0,6,60,0,4,6,0,0,0,1,1,1,0,0,2,1,1,1,1,29,6,2,0,0,0,0,0,5,2,5
3,1,9,0,17,0,0,0,0,0,0,3,1,2,2,25,5,1242,1,3,1,1,2,258522,660620,97,2,1,6,926,6,0,2,30,0,4,6,0,0,0,1,2,2,0,0,1,1,1,3,1,8,2,3,5,1,0,0,0,0,1,5
3,1,9,0,9,0,6,0,0,0,0,1,1,6,1,78,11,1497,1,10,1,1,2,448853,192597,43,2,1,7,483,6,299,6,30,3,4,6,0,0,0,1,1,1,0,0,1,1,1,1,1,78,11,3,0,0,0,0,0,9,1,10
3,1,9,0,9,0,8,0,0,0,0,1,1,6,3,38,7,1598,1,8,1,1,2,525340,183710,1,2,1,1,2,3,5,6,30,3,2,4,451,0,5,4,1,1,0,0,1,1,1,1,1,33,6,3,0,0,0,0,0,9,1,5
3,1,9,0,18,0,8,0,0,0,0,1,1,6,2,38,7,2993,2,8,1,1,2,412460,281730,20,2,1,4,300,6,0,6,30,6,4,6,0,0,0,1,9,1,0,0,1,2,1,1,1,33,6,3,0,0,0,0,0,9,1,5
3,1,9,0,7,0,6,0,0,0,0,1,1,6,2,70,10,1399,1,5,3,2,2,604798,321000,36,2,2,2,400,4,1145,6,30,3,4,6,0,0,0,1,1,1,0,0,2,2,1,1,1,33,6,3,0,0,0,0,0,9,1,5
3,1,9,0,18,0,0,0,0,1,0,1,1,4,2,42,7,1596,1,10,1,2,1,521211,154926,45,1,2,1,513,1,25,3,70,0,4,6,0,0,0,4,1,1,0,0,2,1,2,2,2,18,4,3,0,0,1,0,0,9,1,10
3,1,9,0,18,0,6,0,0,0,0,1,1,6,1,19,4,1124,1,12,3,3,2,598330,142220,46,2,3,5,530,6,1112,6,30,6,4,6,0,0,0,4,1,1,0,0,1,1,1,1,1,19,4,3,0,0,0,0,0,9,3,6
3,2,9,0,9,0,8,0,0,0,0,1,1,6,2,27,6,1598,1,8,1,1,2,518740,189570,1,2,1,1,29,3,4140,6,30,9,2,5,0,0,5,1,7,2,0,0,1,1,1,1,1,33,6,3,0,0,0,0,0,9,1,5
3,2,9,0,5,0,0,0,0,0,0,2,1,6,2,19,4,1199,1,13,2,1,2,276956,648475,97,2,1,4,938,4,7078,6,60,0,4,6,0,0,0,1,1,2,0,0,1,2,1,1,2,19,4,3,0,0,0,0,0,9,2,5
3,1,9,0,18,0,0,0,0,0,0,1,1,2,2,21,5,1149,1,12,1,1,1,396441,227238,53,1,1,6,625,6,494,6,30,0,4,6,0,0,0,1,1,1,0,0,1,2,1,3,1,13,3,3,5,4,0,0,0,0,1,5
2,2,1,0,18,0,1,0,0,0,0,1,1,6,1,52,8,1598,1,8,3,1,2,427574,402674,14,2,1,4,210,3,629,6,60,6,4,4,6449,0,0,1,2,2,0,0,2,1,1,1,1,52,8,2,0,0,0,0,0,1,3,8
2,1,19,0,17,0,0,0,0,7,10,1,1,6,1,22,5,1149,1,8,1,2,1,554670,145390,46,1,2,5,538,6,1591,6,60,0,4,6,0,0,0,1,1,1,0,0,2,1,2,2,1,21,5,3,0,0,0,0,0,19,1,5
3,2,9,0,4,0,1,0,0,0,0,2,1,6,1,30,6,1242,1,8,2,1,2,410403,130011,54,2,1,1,635,3,3094,6,40,8,4,6,0,0,0,1,2,2,0,0,2,1,1,2,2,28,6,3,0,0,1,0,0,9,2,10
3,2,9,0,3,0,0,0,0,0,0,2,1,1,2,24,5,1242,1,15,1,1,2,507006,161304,45,2,1,3,518,3,245,6,40,0,4,6,0,0,0,4,2,2,0,0,2,1,1,1,2,24,5,3,0,0,0,0,0,9,1,10
3,2,9,0,4,0,0,0,0,0,0,2,1,6,1,27,6,1248,2,1,1,1,2,511660,176330,1,2,1,6,25,3,3006,3,40,0,4,6,0,0,5,4,1,1,0,0,1,1,1,1,1,27,6,3,0,0,0,0,0,9,1,9
3,1,9,0,17,0,0,5,0,0,0,4,1,6,1,25,5,1598,1,8,1,2,1,601789,222361,42,1,2,6,455,6,0,6,60,0,4,6,0,0,0,6,1,1,0,0,2,1,2,2,1,34,6,3,0,0,1,0,0,9,1,4
3,1,9,0,18,0,0,0,0,1,10,1,1,6,2,17,4,1390,1,8,1,1,2,507720,195480,41,2,1,1,436,6,376,6,30,0,4,6,0,0,0,1,1,1,0,0,1,1,1,1,2,17,4,3,0,0,0,0,0,9,1,9
3,2,9,0,3,0,1,0,0,0,0,2,1,6,2,46,8,1598,1,8,1,1,2,260245,197307,62,2,1,7,745,3,484,1,30,1,4,4,4620,0,8,1,1,2,0,0,1,1,2,1,2,46,8,3,0,0,0,0,0,9,1,5
3,1,19,0,9,0,6,0,0,0,0,2,1,6,1,35,6,1968,2,5,1,1,2,523190,305760,35,2,1,1,394,6,0,6,60,3,3,4,1443,0,0,1,9,2,0,0,2,1,1,1,1,33,6,3,0,0,0,0,0,9,1,5
3,1,9,0,18,0,1,0,0,0,0,1,1,6,1,47,8,1596,1,10,2,1,3,575789,168250,46,3,1,1,544,3,231,6,30,3,4,6,0,0,0,1,1,1,0,0,1,1,1,1,1,33,6,3,0,0,0,0,0,9,1,5
3,2,9,0,7,0,1,0,0,0,0,2,1,6,1,17,4,1600,2,5,1,2,2,510727,166697,45,2,2,3,510,6,3814,6,30,3,4,6,0,0,0,1,1,1,0,0,1,1,1,1,1,17,4,3,0,0,0,0,0,9,1,7
3,2,1,0,7,0,6,0,0,0,0,1,1,6,1,12,3,1598,1,8,1,1,2,573258,169651,46,2,1,5,544,6,0,6,30,3,4,6,0,0,0,1,1,2,0,0,1,2,1,1,1,12,3,3,0,0,0,0,0,1,1,7
3,1,9,0,18,0,0,1,0,5,6,1,1,6,1,48,8,995,1,11,1,1,3,468486,104859,44,3,1,3,498,3,27,3,70,0,4,6,0,0,0,1,5,2,0,0,2,2,1,1,1,48,8,3,0,0,0,0,0,9,1,4
3,1,9,0,9,0,8,0,0,0,0,1,1,6,2,69,10,1598,1,12,1,1,2,527830,172170,1,2,1,6,10,3,24,6,30,3,4,6,0,0,0,1,1,1,0,0,1,1,1,1,1,33,6,3,0,0,0,0,0,9,1,5
3,4,9,0,2,0,2,0,0,0,0,2,1,6,1,38,7,2198,1,19,1,5,4,442870,413021,13,4,5,2,206,6,0,6,30,3,2,6,0,0,4,1,1,1,0,0,2,1,1,1,1,33,6,3,0,0,0,0,0,9,1,5
3,1,9,0,9,0,5,0,0,0,0,1,1,6,1,73,10,1598,1,8,3,2,2,637164,260503,37,2,2,4,415,3,12,6,50,3,4,3,1094,0,0,1,1,1,0,0,2,1,1,1,1,73,10,3,0,0,0,0,0,9,3,8
3,2,9,0,5,0,8,0,0,0,0,1,1,6,2,22,5,1299,1,10,1,1,2,534360,197470,1,2,1,2,32,3,10,3,30,6,2,5,0,0,5,4,2,2,0,0,1,1,1,1,1,33,6,3,0,0,0,0,0,9,1,5
3,3,19,0,18,0,0,0,0,0,0,0,1,6,3,38,7,1598,1,8,1,1,3,452104,186015,43,3,1,3,483,3,417,6,50,0,4,6,0,0,0,1,1,2,0,0,2,1,1,1,1,33,6,3,0,0,0,0,0,9,1,5
3,1,9,0,18,0,0,0,0,0,0,1,1,2,2,32,6,1598,1,12,1,2,2,537000,187540,1,2,2,6,13,3,1006,6,30,0,4,6,0,0,0,1,2,2,0,0,1,1,1,1,2,32,6,3,0,0,0,0,0,9,1,3
3,1,9,0,3,0,1,0,0,0,0,3,1,6,1,25,5,1242,1,13,1,3,2,532294,343926,32,2,3,6,350,6,0,1,30,1,4,3,52,0,0,1,2,2,0,0,1,1,2,2,2,25,5,3,0,0,2,0,0,9,1,2
3,1,3,0,9,0,6,0,0,0,0,0,1,6,1,38,7,1598,1,8,1,1,2,437470,338010,30,2,1,6,323,6,0,6,30,3,4,6,0,0,0,1,1,1,0,0,1,2,1,1,1,33,6,3,0,0,0,0,0,9,1,5
2,2,9,0,7,0,8,0,0,0,0,1,1,6,1,20,4,2143,2,2,1,1,2,546320,186720,1,2,1,5,14,4,177,6,30,3,4,6,0,0,0,1,9,1,0,0,1,1,1,1,1,33,6,3,0,0,0,0,0,9,1,5
3,2,9,0,16,0,0,0,0,0,0,1,1,6,2,68,10,2149,2,8,1,2,2,627310,164970,46,2,2,2,541,6,1861,6,60,0,4,6,0,0,0,1,1,4,0,0,2,1,2,1,2,68,10,3,0,0,0,0,0,9,1,5
3,4,9,0,4,0,0,0,0,0,0,2,1,6,1,26,6,1600,1,17,1,1,5,506414,222130,40,5,1,3,421,3,505,6,40,0,4,6,0,0,0,1,1,1,0,0,1,1,1,1,1,33,6,3,0,0,0,0,0,9,1,5
3,1,3,0,3,0,1,0,0,0,0,2,1,6,2,56,9,1598,1,8,1,1,2,524790,180320,1,2,1,2,12,3,402,6,30,3,2,4,450,0,5,1,1,1,0,0,1,2,1,1,2,56,9,3,0,0,0,0,0,3,1,2
3,3,9,0,2,0,0,0,0,1,0,4,1,6,1,38,7,1396,1,15,1,2,4,367020,428530,4,4,2,2,70,6,0,6,20,0,4,6,0,0,0,1,1,1,0,0,1,1,1,1,1,33,6,3,0,0,0,0,0,9,1,5
2,1,3,0,13,0,1,1,0,0,0,4,1,6,1,25,5,124,1,16,2,2,2,481711,213089,43,2,2,4,476,6,2117,6,30,6,4,6,2117,0,0,1,1,1,0,0,1,1,2,2,1,27,6,2,0,0,0,0,0,3,1,3
2,2,9,0,18,0,0,0,0,0,0,1,1,6,1,33,6,1800,1,21,1,3,2,525894,146897,45,2,3,6,513,3,217,6,40,0,4,6,0,0,0,6,2,2,0,0,2,1,2,1,1,33,6,3,0,0,0,0,0,9,1,10
3,1,9,0,18,0,2,0,0,0,0,2,1,6,2,36,7,998,1,1,1,2,3,436986,113669,44,3,2,4,496,3,35,6,50,5,4,3,36,0,0,1,1,1,0,0,2,1,2,2,2,12,3,3,0,0,2,0,0,9,1,5
3,1,19,0,18,0,0,0,0,0,0,1,1,6,1,38,7,1560,2,1,1,3,4,499863,224051,40,4,3,6,424,3,5,6,60,0,4,6,0,0,0,4,2,2,4,0,2,1,1,1,1,33,6,3,0,0,0,0,0,9,1,5
3,2,9,0,18,0,8,0,0,0,0,4,1,2,2,19,4,998,1,8,1,2,2,356230,426160,4,2,2,1,83,6,0,6,30,6,4,6,0,0,0,1,1,2,0,0,1,1,2,1,2,19,4,3,0,0,0,0,0,9,1,4
3,2,9,0,17,0,0,0,0,7,11,1,1,6,2,70,10,1198,1,7,1,4,2,420260,413124,13,2,4,5,203,6,0,6,30,0,4,6,0,0,0,1,1,2,0,0,1,1,4,1,2,70,10,3,0,0,0,0,0,9,1,5
3,2,5,0,18,0,8,0,0,0,0,1,1,6,1,25,5,1050,1,10,3,1,2,528270,178440,1,2,1,4,1,3,3214,6,30,3,4,6,0,0,0,1,1,1,0,0,1,1,1,1,1,25,5,3,0,0,0,0,0,5,3,7
1,1,9,0,18,0,1,0,7,7,1,1,1,6,1,76,11,1598,1,8,1,2,2,391520,303350,20,2,2,6,309,3,449,3,40,1,4,6,0,0,4,1,1,2,4,0,1,1,1,1,1,76,11,2,0,0,0,0,0,9,1,8
3,1,9,0,4,0,0,0,0,0,0,2,1,6,1,43,7,1598,1,8,1,1,2,451161,392071,14,2,1,2,213,3,631,6,40,0,4,6,0,0,0,1,1,1,0,0,1,1,1,1,1,33,6,3,0,0,0,0,0,9,1,5
3,1,9,0,5,0,0,0,0,0,0,1,1,6,1,38,7,1598,1,10,1,1,1,502978,307794,32,1,1,3,355,6,0,6,30,0,4,6,0,0,0,1,1,1,0,0,1,2,1,3,2,7,2,3,5,1,0,0,0,0,1,6
3,1,9,0,18,0,0,0,0,0,0,1,1,6,3,38,7,998,1,7,2,1,2,409327,283652,20,2,1,3,300,3,34,9,30,0,4,6,0,0,0,4,2,2,0,0,1,2,1,1,1,33,6,3,0,0,0,0,0,9,1,5
3,2,9,0,10,0,0,0,0,0,0,2,1,1,2,23,5,1598,1,8,3,2,2,334435,372736,7,2,2,2,130,3,550,6,60,0,4,6,0,0,0,1,1,1,0,0,2,1,2,1,2,23,5,3,0,0,0,0,0,9,1,5
3,2,9,0,18,0,1,0,0,0,0,1,1,6,2,54,8,1596,1,1,1,2,2,414660,287030,20,2,2,2,300,6,0,6,30,3,4,6,0,0,0,1,2,2,0,0,1,1,2,1,2,54,8,3,0,0,0,0,0,9,1,2