accident_severity,vehicle_reference,vehicle_type,towing_and_articulation,vehicle_manoeuvre,vehicle_location-restricted_lane,junction_location,skidding_and_overturning,hit_object_in_carriageway,vehicle_leaving_carriageway,hit_object_off_carriageway,1st_point_of_impact,was_vehicle_left_hand_drive?,journey_purpose_of_driver,sex_of_driver,age_of_driver,age_band_of_driver,engine_capacity_(cc),propulsion_code,age_of_vehicle,driver_home_area_type,NUmber_of_Casualities_unique_to_accident_index,No_of_Vehicles_involved_unique_to_accident_index,location_easting_osgr,location_northing_osgr,police_force,number_of_vehicles,number_of_casualties,day_of_week,local_authority_(district),1st_road_class,1st_road_number,road_type,speed_limit,junction_detail,junction_control,2nd_road_class,2nd_road_number,pedestrian_crossing-human_control,pedestrian_crossing-physical_facilities,light_conditions,weather_conditions,road_surface_conditions,special_conditions_at_site,carriageway_hazards,urban_or_rural_area,did_police_officer_attend_scene_of_accident,casualty_reference,casualty_class,sex_of_casualty,age_of_casualty,age_band_of_casualty,casualty_severity,pedestrian_location,pedestrian_movement,car_passenger,bus_or_coach_passenger,pedestrian_road_maintenance_worker,casualty_type,casualty_home_area_type,casualty_imd_decile
3,2,9,0,17,0,0,0,0,1,10,1,1,6,1,51,8,1149,1,11,1,4,2,422900,366560,30,2,4,6,329,3,6,6,50,0,4,6,0,0,0,1,1,1,0,0,2,1,1,1,1,51,8,3,0,0,0,0,0,9,1,5
3,3,9,0,18,0,0,1,0,0,0,1,1,6,2,33,6,1461,2,2,2,1,4,337120,527370,3,4,1,6,64,3,66,6,60,0,4,6,0,0,0,1,1,1,0,0,2,1,1,1,1,33,6,3,0,0,0,0,0,9,1,5
3,3,9,0,3,0,0,0,0,0,0,2,1,6,2,57,9,1968,2,5,1,2,3,366650,383923,7,3,2,6,129,1,56,3,70,0,4,6,0,0,0,1,2,2,0,0,2,2,1,1,1,33,6,3,0,0,0,0,0,9,1,5
3,2,9,0,18,0,1,0,0,0,0,1,1,6,1,38,7,1242,1,14,1,1,2,501303,175936,43,2,1,4,474,6,7406,6,30,3,4,6,7406,0,0,4,1,2,0,0,2,1,1,1,1,33,6,3,0,0,0,0,0,9,1,5
3,1,9,0,9,0,4,0,0,0,0,3,1,6,1,20,4,1124,1,10,1,2,2,424177,430454,13,2,2,5,204,3,58,6,30,3,4,6,0,0,0,1,1,2,0,0,1,1,1,1,1,20,4,3,0,0,0,0,0,9,1,6
3,3,9,0,2,0,8,0,0,0,0,1,1,6,3,38,7,1598,1,8,1,1,3,514220,174540,1,3,1,1,25,6,0,6,30,3,4,6,0,0,0,1,2,2,0,0,1,1,1,1,1,33,6,3,0,0,0,0,0,9,1,5
3,2,9,0,18,0,0,0,0,0,0,1,1,6,3,38,7,1149,1,12,1,1,2,449891,107522,44,2,1,5,492,6,0,6,30,0,4,6,0,0,0,1,1,1,0,0,1,2,1,1,1,33,6,3,0,0,0,0,0,9,1,5
3,2,1,0,18,0,4,0,0,0,0,4,1,1,1,28,6,1598,1,8,1,1,2,292180,90419,50,2,1,4,581,4,3123,1,30,1,4,6,0,0,0,1,1,1,0,0,1,2,1,1,1,28,6,3,0,0,0,0,0,1,1,7
3,1,9,0,5,0,1,0,0,0,0,1,1,1,2,57,9,1753,2,6,1,1,2,342799,368068,7,2,1,4,130,3,41,1,70,1,4,3,56,0,0,4,1,2,0,0,1,1,1,1,2,57,9,3,0,0,0,0,0,9,1,7
3,2,1,0,18,5,8,1,0,0,0,1,1,2,1,25,5,1598,1,8,1,1,2,458088,222595,43,2,1,3,481,6,129,6,30,3,4,6,0,0,0,1,1,1,0,0,1,2,1,1,1,25,5,3,0,0,0,0,0,1,1,5
3,1,9,0,9,0,8,0,0,0,0,1,1,6,2,24,5,1242,1,2,1,2,2,288691,681679,96,2,2,6,924,6,0,6,30,3,4,6,0,0,0,1,2,2,0,0,1,1,1,1,1,33,6,3,0,0,0,0,0,9,1,5
3,2,1,0,18,0,8,0,0,0,0,1,1,2,2,25,5,1598,1,8,1,1,2,428845,568992,10,2,1,3,148,3,191,6,40,3,4,6,2120,0,0,7,1,2,0,0,1,1,1,1,2,25,5,3,0,0,0,0,0,1,1,8
3,2,9,0,18,0,8,0,0,0,0,1,1,6,2,49,8,1596,1,8,1,2,2,403031,280676,20,2,2,3,300,3,38,3,40,3,4,6,0,0,0,4,1,1,0,0,1,1,1,1,2,49,8,3,0,0,0,0,0,9,1,1
3,2,9,0,2,6,1,0,0,0,0,2,1,6,1,35,6,1598,1,8,3,2,2,222260,234150,63,2,2,3,752,6,0,6,60,9,4,6,0,0,0,6,5,2,0,0,2,1,1,1,1,35,6,3,0,0,0,0,0,9,3,5
3,1,9,0,18,0,0,1,0,0,0,1,1,6,1,17,4,1388,1,12,3,1,2,327705,848593,92,2,1,3,930,3,941,6,60,0,4,6,0,0,0,4,3,3,4,0,2,1,1,1,1,33,6,3,0,0,0,0,0,9,1,5
3,3,9,0,8,0,8,0,0,0,0,4,1,6,2,41,7,1397,1,7,1,1,5,327669,386498,5,5,1,7,95,6,0,6,30,3,4,6,0,0,0,1,1,1,0,0,1,1,1,1,1,33,6,3,0,0,0,0,0,9,1,5
2,2,9,0,18,0,8,0,0,0,0,1,1,6,2,64,9,1242,1,7,1,2,2,403570,452269,12,2,2,1,180,3,65,6,60,3,4,6,2625,0,0,1,1,2,0,0,2,1,2,1,2,64,9,3,0,0,0,0,0,9,1,9
3,2,9,0,18,0,1,0,0,0,0,0,1,6,1,46,8,2498,1,17,1,2,2,560324,102266,47,2,2,7,551,6,0,6,30,3,4,6,0,0,0,1,1,1,0,0,1,1,1,2,2,41,7,3,0,0,1,0,0,9,1,3
3,2,9,0,1,0,0,0,0,0,0,2,1,6,1,27,6,2993,2,7,1,1,2,413454,92886,55,2,1,6,640,6,0,6,30,0,4,6,0,0,0,1,1,1,0,0,1,2,1,1,1,27,6,3,0,0,0,0,0,9,1,5
3,3,19,0,18,0,0,0,0,0,0,1,1,1,1,55,8,1598,1,8,1,3,3,565174,182905,42,3,3,7,462,3,128,6,50,0,4,6,0,0,0,1,1,1,0,0,2,1,3,2,1,64,9,3,0,0,0,0,0,19,2,7
3,1,1,0,18,0,8,0,0,0,0,3,1,6,1,77,11,1598,1,8,1,1,2,407728,91071,55,2,1,1,640,6,0,6,30,3,4,6,0,0,0,1,1,1,0,0,1,1,1,1,1,77,11,3,0,0,0,0,0,1,1,5
3,2,9,0,11,0,0,0,0,0,0,4,1,6,3,38,7,1390,1,10,1,1,2,533830,186490,1,2,1,6,4,3,10,2,30,0,4,6,0,0,0,1,1,1,0,0,1,2,1,1,1,33,6,3,0,0,0,0,0,9,1,5
3,2,9,0,4,0,2,0,0,0,0,1,1,1,1,38,7,1686,2,3,1,2,2,435650,372410,30,2,2,5,322,6,0,6,30,3,4,6,0,0,0,4,1,1,0,0,1,1,1,1,1,33,6,3,0,0,0,0,0,9,1,3
3,1,9,0,18,0,0,0,0,0,0,1,1,6,1,33,6,1995,2,10,1,2,2,384749,256855,22,2,2,4,276,3,38,6,30,0,4,6,0,0,0,4,1,2,0,0,1,1,1,1,1,33,6,3,0,0,0,0,0,9,1,5
2,1,9,0,18,0,0,0,0,0,0,1,1,6,1,24,5,1968,2,8,1,1,1,391517,283756,20,1,1,5,303,3,4036,6,30,0,4,6,0,0,4,4,1,1,0,0,1,2,1,3,2,15,3,2,1,1,0,0,2,0,1,9
3,3,9,0,3,0,8,0,0,0,0,2,1,2,2,61,9,1598,1,1,1,3,3,337700,427360,4,3,3,4,74,3,584,6,30,3,4,6,0,0,4,1,4,1,0,3,1,1,2,1,2,61,9,3,0,0,0,0,0,9,1,5
3,1,4,0,18,0,0,0,0,1,9,4,1,6,1,40,7,250,1,14,1,1,1,434601,98256,44,1,1,6,496,4,3054,6,40,0,4,6,0,0,0,6,8,2,0,0,2,1,1,1,1,40,7,3,0,0,0,0,0,4,1,4
3,1,4,0,18,0,0,0,0,0,0,3,1,6,1,20,4,321,1,8,1,1,2,521620,180840,1,2,1,6,11,5,0,2,30,0,4,6,0,0,0,4,1,1,0,0,1,1,1,1,1,20,4,3,0,0,0,0,0,4,1,4
2,1,8,0,5,0,2,0,0,0,0,0,1,1,1,38,7,1598,1,8,1,1,1,524080,180300,1,1,1,6,12,6,0,6,30,3,4,6,0,0,4,1,1,1,0,0,1,2,1,2,1,23,5,2,0,0,2,0,0,8,1,6
3,1,19,0,17,0,8,0,0,0,0,1,1,6,1,31,6,1598,1,8,1,3,2,401170,278850,20,2,3,7,300,6,0,6,30,3,4,6,0,0,0,1,1,1,0,0,1,1,3,2,2,31,6,3,0,0,0,0,0,19,1,2
2,1,5,0,18,0,0,0,0,0,0,1,1,6,1,39,7,599,1,8,1,1,2,539650,181580,1,2,1,3,17,3,13,3,30,0,4,6,0,0,0,1,1,1,0,0,1,1,1,1,1,39,7,2,0,0,0,0,0,5,1,4
3,2,9,0,18,0,8,0,0,0,0,1,1,6,1,61,9,1598,1,8,1,3,2,384850,434350,4,2,3,2,72,6,0,6,20,6,4,6,0,0,0,1,1,1,0,0,1,1,2,2,2,2,1,3,0,0,2,0,0,9,1,4
3,1,9,0,17,0,8,0,7,3,7,1,1,6,2,30,6,1598,1,16,1,1,1,487173,431231,16,1,1,1,231,1,62,6,60,3,4,4,1230,0,0,1,1,1,0,0,2,1,1,1,2,30,6,3,0,0,0,0,0,9,1,5
3,2,9,0,18,0,1,0,0,0,0,1,1,6,3,38,7,1192,1,8,1,1,2,529720,192340,1,2,1,6,32,3,406,6,30,6,2,4,1452,0,5,4,1,1,0,0,1,2,1,1,1,33,6,3,0,0,0,0,0,9,1,5
3,3,9,0,4,0,0,0,0,0,0,2,1,6,1,32,6,1798,8,2,1,3,4,451609,134719,44,4,3,1,502,1,3,3,70,0,4,6,0,0,0,1,1,1,0,0,2,1,1,1,1,33,6,3,0,0,0,0,0,9,1,5
3,2,2,0,9,0,1,0,10,0,0,4,1,2,1,19,4,49,1,9,1,1,2,460573,406189,14,2,1,2,211,6,0,6,40,2,4,6,0,0,0,1,1,1,0,0,1,1,1,1,1,19,4,3,0,0,0,0,0,2,1,1
3,2,9,0,18,0,8,1,0,0,0,3,1,1,1,27,6,1968,2,5,1,4,2,485485,148942,45,2,4,1,517,4,3007,6,30,6,2,5,121,0,0,4,1,1,0,0,1,1,2,2,1,28,6,3,0,0,1,0,0,9,1,7
3,2,9,0,2,0,0,0,0,0,0,1,1,6,3,38,7,1994,2,7,1,1,3,536040,240330,41,3,1,7,433,4,1039,6,30,0,4,6,0,0,0,1,1,2,0,0,1,1,1,1,1,33,6,3,0,0,0,0,0,9,1,5
2,1,11,0,4,2,0,0,0,0,0,0,1,6,1,30,6,4461,2,8,1,1,1,245780,661336,97,1,1,4,935,6,0,3,30,0,4,6,0,0,0,1,1,1,0,0,1,2,1,2,2,70,10,2,0,0,0,3,0,11,1,5
2,4,9,0,4,0,1,0,0,0,0,0,1,6,1,30,6,1598,1,8,1,3,5,483157,100352,47,5,3,7,559,3,286,6,40,8,4,6,0,0,0,1,1,2,0,0,2,1,1,1,1,33,6,3,0,0,0,0,0,9,1,5
2,2,1,0,18,0,0,0,0,0,0,3,1,2,1,35,6,1598,1,8,1,1,2,425497,321807,21,2,1,2,251,5,359,6,30,0,4,6,0,0,0,4,1,1,0,0,1,2,1,1,1,35,6,2,0,0,0,0,0,1,1,2
3,1,9,0,18,0,2,0,0,0,0,2,1,6,1,22,5,1995,2,13,1,1,2,442901,383806,14,2,1,5,215,4,6053,6,40,1,4,3,57,0,0,6,1,2,0,0,2,1,1,2,2,15,3,3,0,0,1,0,0,9,1,2
3,1,9,0,12,0,0,0,0,0,0,2,1,6,2,58,9,1364,1,8,1,1,2,449725,344374,31,2,1,2,342,3,610,3,60,0,4,6,0,0,0,1,2,2,0,0,2,1,1,1,1,33,6,3,0,0,0,0,0,9,1,5
3,1,19,0,18,0,8,0,0,0,10,1,1,6,1,57,9,1998,2,11,1,3,2,371690,407980,6,2,3,2,100,5,0,6,30,6,4,5,0,0,0,1,1,1,0,0,1,1,1,1,1,57,9,3,0,0,0,0,0,19,1,5
3,1,9,0,18,0,0,0,0,0,0,1,1,6,2,25,5,1242,1,3,1,1,2,268882,664212,97,2,1,2,932,3,8,3,70,0,4,6,0,0,0,1,1,2,0,0,2,2,1,1,1,33,6,3,0,0,0,0,0,9,1,5
3,1,9,0,18,0,2,0,0,0,0,1,1,6,1,75,10,1339,1,6,1,1,2,560613,102185,47,2,1,6,551,6,0,6,30,3,4,6,0,0,1,1,1,1,0,0,1,2,1,1,1,33,6,3,0,0,0,0,0,9,1,5
3,1,9,0,18,0,8,0,0,0,0,3,1,1,1,35,6,998,1,8,1,1,2,258354,664331,97,2,1,4,926,3,8,2,30,9,2,3,8,0,0,1,1,1,0,0,1,2,1,1,1,33,6,3,0,0,0,0,0,9,1,5
3,2,5,0,18,0,0,0,0,0,0,3,1,2,1,37,7,996,1,17,1,1,2,265346,669117,97,2,1,3,932,1,80,3,70,0,4,6,0,0,0,1,1,1,0,0,2,2,1,1,1,37,7,3,0,0,0,0,0,5,1,5
3,2,9,0,2,0,0,0,0,0,0,2,1,6,2,32,6,1598,1,8,2,1,2,328520,478150,3,2,1,2,65,3,590,3,30,0,4,6,0,0,0,1,1,1,0,0,1,1,1,1,1,33,6,3,0,0,0,0,0,9,1,5
3,1,9,0,18,0,1,1,0,7,10,1,1,6,1,27,6,1324,1,14,3,1,1,268674,134756,50,1,1,4,582,6,0,6,30,3,4,6,0,0,0,6,1,1,0,0,2,1,1,1,1,27,6,3,0,0,0,0,0,9,3,4
3,1,19,0,17,0,0,0,0,1,0,1,1,6,1,35,6,1753,2,16,1,1,1,526676,146630,45,1,1,7,513,6,334,6,40,0,4,6,0,0,0,1,2,2,0,0,2,1,1,1,1,35,6,3,0,0,0,0,0,19,1,3
3,2,21,0,2,0,0,0,0,0,0,2,1,1,1,55,8,1598,1,8,3,1,2,322433,740030,93,2,1,4,934,6,0,6,30,0,4,6,0,0,0,1,2,2,0,0,2,1,1,1,1,33,6,3,0,0,0,0,0,9,1,5
2,1,9,0,18,0,8,0,0,0,0,2,1,2,1,32,6,1968,2,11,1,1,2,457018,264566,34,2,1,4,381,3,361,1,40,1,4,3,425,0,0,1,1,1,0,0,1,1,1,1,1,33,6,3,0,0,0,0,0,9,1,5
3,2,9,0,4,0,1,0,0,0,0,2,1,6,2,23,5,1124,1,12,1,1,2,449162,520406,17,2,1,4,243,6,0,6,30,6,2,6,0,0,5,4,1,1,0,0,1,2,1,1,2,23,5,3,0,0,0,0,0,9,1,3
3,1,9,0,18,0,0,0,0,0,0,4,1,6,2,21,5,1242,1,6,3,1,1,316160,537200,3,1,1,2,60,3,595,6,60,0,4,6,0,0,0,4,5,2,0,0,2,1,1,3,2,29,6,3,9,8,0,0,0,0,3,6
3,1,9,0,1,0,1,0,0,0,0,4,1,6,1,69,10,1197,1,8,1,1,2,434996,457032,12,2,1,7,182,6,1008,6,30,3,4,6,3277,0,0,1,1,1,0,0,1,1,1,3,1,69,10,3,9,5,0,0,0,0,1,6
2,3,9,0,11,0,0,0,0,0,0,4,1,6,1,55,8,1364,1,5,3,4,6,503277,194344,41,6,4,4,436,1,25,3,70,0,4,6,0,0,0,1,1,1,0,0,2,1,1,1,1,33,6,3,0,0,0,0,0,9,1,5
2,3,1,0,18,0,0,0,8,0,0,1,1,6,1,44,7,1598,1,8,1,2,3,524540,175820,1,3,2,2,11,6,0,6,30,0,4,6,0,0,0,4,1,1,0,0,1,1,2,1,1,44,7,2,0,0,0,0,0,1,1,10
2,1,9,0,18,0,0,0,0,0,0,4,1,6,2,76,11,1686,2,10,1,2,1,629748,316941,36,1,2,5,401,3,1151,6,30,0,4,6,0,0,0,1,1,1,0,0,2,1,2,3,1,55,8,2,5,1,0,0,0,0,3,6
2,1,9,0,3,0,0,0,0,0,0,1,1,6,3,38,7,1198,1,5,1,2,2,575558,188148,42,2,2,3,450,3,13,3,70,0,4,6,0,0,0,1,1,2,0,0,2,2,1,1,1,33,6,3,0,0,0,0,0,9,1,5
3,2,8,0,11,4,2,0,0,0,0,4,1,6,1,38,7,1598,1,8,1,1,2,532400,183890,1,2,1,5,3,3,1200,6,30,3,4,6,0,0,0,1,1,1,0,0,1,2,1,1,1,33,6,3,0,0,0,0,0,9,1,5
3,2,19,0,18,0,0,0,0,0,0,3,1,6,1,77,11,2402,2,12,3,1,2,334990,498810,3,2,1,3,65,4,5286,6,30,0,4,6,0,0,0,1,1,2,4,0,2,1,1,1,1,33,6,3,0,0,0,0,0,9,1,5
3,1,9,0,9,0,6,0,0,0,0,4,1,6,2,37,7,1598,1,9,1,1,2,417364,187296,54,2,1,6,633,4,4006,6,30,8,4,6,0,0,4,1,1,1,0,0,1,1,1,1,1,33,6,3,0,0,0,0,0,9,1,5
3,2,90,0,17,0,8,0,0,0,0,1,1,1,1,43,7,1598,1,8,1,2,2,384375,86885,55,2,2,5,644,3,352,6,30,3,4,4,3071,0,0,1,1,2,0,0,2,1,1,1,1,33,6,3,0,0,0,0,0,9,1,5
3,1,9,0,17,0,0,0,10,1,10,1,1,6,1,31,6,2926,2,12,1,1,2,536100,191870,1,2,1,2,32,6,0,6,30,0,4,6,0,0,0,1,2,2,0,0,1,1,1,1,1,31,6,3,0,0,0,0,0,9,1,2
3,1,9,0,18,0,0,0,0,0,0,1,1,6,1,49,8,1597,1,13,1,4,3,318000,670890,95,3,4,2,923,1,8,3,70,0,4,6,0,0,0,1,1,1,0,0,2,1,4,2,2,10,2,3,0,0,2,0,0,9,1,5
3,1,9,0,7,0,8,0,0,0,0,1,1,6,2,21,5,1242,1,6,1,1,2,525910,176630,1,2,1,1,11,5,0,6,30,3,4,6,0,0,0,4,1,2,0,0,1,1,1,1,1,33,6,3,0,0,0,0,0,9,1,5
3,2,1,0,18,0,0,0,0,0,0,3,1,1,1,55,8,1598,1,8,1,1,2,350168,175718,52,2,1,4,605,3,369,6,60,0,4,6,0,0,0,1,9,1,0,0,2,1,1,1,1,55,8,3,0,0,0,0,0,1,1,10
3,2,9,0,18,0,2,0,0,0,0,1,1,6,1,80,11,1390,1,13,1,1,3,513617,103327,47,3,1,2,564,3,2031,6,30,3,4,6,0,0,0,1,1,1,0,0,1,1,1,1,1,80,11,3,0,0,0,0,0,9,1,8
3,2,9,0,7,0,2,0,4,0,0,1,1,6,1,38,7,1598,1,8,1,2,2,541620,182990,1,2,2,2,17,6,0,6,30,3,4,6,0,0,0,1,2,2,0,0,1,2,1,1,1,33,6,3,0,0,0,0,0,9,1,5
2,1,9,0,17,0,0,2,0,1,4,1,1,6,2,46,8,1840,1,16,2,1,1,465712,196191,43,1,1,2,484,4,480,6,50,0,4,6,0,0,0,1,1,1,5,0,2,1,1,1,2,46,8,2,0,0,0,0,0,9,2,10
2,2,1,0,18,0,8,0,0,0,0,4,1,6,1,62,9,1598,1,8,1,1,2,398480,403670,6,2,1,1,104,3,635,6,40,6,4,4,6175,0,0,1,1,2,0,0,1,1,1,1,1,62,9,2,0,0,0,0,0,1,1,5
3,1,3,0,18,0,0,1,0,0,0,3,1,1,1,27,6,125,1,8,1,1,2,543050,185350,1,2,1,7,17,6,0,6,30,0,4,6,0,0,0,1,1,2,0,0,1,1,1,1,1,27,6,3,0,0,0,0,0,3,1,3
1,1,5,0,16,0,2,0,0,8,10,2,1,6,1,39,7,599,1,20,1,1,2,405250,382510,30,2,1,2,325,3,624,6,30,3,4,6,0,0,0,1,1,1,0,0,2,1,1,1,1,39,7,1,0,0,0,0,0,5,1,10
2,1,9,0,12,0,0,0,0,0,0,1,1,6,1,20,4,1686,2,8,1,5,2,433429,399048,14,2,5,5,210,3,616,6,60,0,4,6,0,0,0,4,1,2,0,0,2,1,1,1,1,20,4,3,0,0,0,0,0,9,1,3
3,1,20,0,5,0,6,0,0,0,0,4,1,1,1,31,6,8867,2,6,1,2,2,637890,165440,46,2,2,2,541,3,255,6,30,6,4,6,0,0,0,1,2,2,0,0,1,1,1,1,1,33,6,3,0,0,0,0,0,9,1,5
3,1,19,0,1,0,1,0,0,0,0,2,1,1,3,38,7,1598,1,8,1,1,2,636340,170820,46,2,1,6,541,6,4160,6,30,3,4,6,0,0,0,1,9,1,0,0,1,2,1,1,1,33,6,3,0,0,0,0,0,9,1,5
3,1,9,0,15,0,0,0,0,0,0,1,1,6,2,30,6,998,1,7,1,1,2,440049,450048,12,2,1,2,182,4,6164,6,30,0,4,6,0,0,0,1,1,1,0,0,2,1,1,3,2,50,8,3,5,2,0,0,0,0,3,7
3,2,9,0,18,0,1,0,0,0,0,3,1,6,2,46,8,1242,1,8,1,1,2,530112,138252,47,2,1,7,560,1,23,3,70,5,4,3,264,0,0,1,1,1,0,0,1,1,1,1,2,46,8,3,0,0,0,0,0,9,1,7
3,2,9,0,18,0,0,0,0,0,0,1,1,6,1,40,7,2987,2,9,1,1,3,537870,190930,1,3,1,1,13,3,406,3,50,0,4,6,0,0,0,4,1,1,0,0,1,1,1,2,2,39,7,3,0,0,1,0,0,9,1,5
2,1,9,0,18,0,8,0,10,3,11,1,1,6,1,24,5,1596,1,11,1,2,1,299199,680522,96,1,2,7,924,6,0,6,30,3,4,6,0,0,0,4,1,1,0,0,1,1,1,1,1,24,5,2,0,0,0,0,0,9,1,5
3,1,9,0,7,0,8,0,0,0,0,3,1,6,2,31,6,1248,1,4,1,1,2,531520,167040,1,2,1,5,20,3,235,6,30,3,4,5,0,0,0,1,1,1,0,0,1,1,1,1,1,33,6,3,0,0,0,0,0,9,1,5
3,3,9,0,5,0,0,0,0,0,0,2,1,5,1,35,6,2179,2,8,1,2,3,436130,290840,23,3,2,6,291,3,444,3,40,0,4,6,0,0,0,4,2,2,0,0,1,1,2,1,1,35,6,3,0,0,0,0,0,9,1,9
3,1,1,0,18,0,0,0,0,0,0,1,1,6,1,26,6,1598,1,8,1,2,1,529750,181370,1,1,2,6,1,3,40,6,30,0,4,6,0,0,0,1,1,1,0,0,1,1,2,3,1,33,6,3,5,1,0,0,2,0,1,5
3,1,5,0,18,0,3,0,0,0,0,4,1,6,1,51,8,847,1,1,3,1,2,470420,137552,44,2,1,1,497,3,31,1,70,1,4,6,0,0,0,1,1,1,0,0,2,2,1,1,1,51,8,3,0,0,0,0,0,5,3,8
2,2,9,0,17,0,8,0,0,7,1,1,1,6,1,18,4,1242,1,14,1,5,2,434514,224522,43,2,5,2,485,4,4026,6,60,3,4,6,0,0,0,1,1,1,0,0,2,1,4,2,2,27,6,2,0,0,2,0,0,9,1,9
2,1,19,0,9,0,8,0,0,0,0,1,1,1,1,24,5,1997,2,9,1,1,2,445466,515003,17,2,1,2,245,3,174,6,40,3,2,3,1044,0,0,1,1,1,4,0,2,1,1,1,1,33,6,3,0,0,0,0,0,9,1,5
3,1,9,0,7,0,6,0,0,0,0,1,1,6,1,32,6,1596,1,6,1,1,2,382840,432920,4,2,1,2,72,6,0,6,20,9,4,6,0,0,0,1,1,1,0,2,1,1,1,1,1,33,6,3,0,0,0,0,0,9,1,5
2,1,9,0,18,0,0,0,0,7,4,1,1,6,2,53,8,1598,1,8,1,1,1,318842,181228,62,1,1,5,741,6,0,6,30,0,4,6,0,0,0,1,1,1,0,0,1,1,1,1,2,53,8,2,0,0,0,0,0,9,1,5
2,2,1,0,13,0,0,0,0,0,0,1,1,6,1,47,8,1598,1,8,1,1,2,467236,103292,44,2,1,3,498,6,0,6,30,0,4,6,0,0,0,7,1,1,0,0,1,2,1,1,1,47,8,2,0,0,0,0,0,1,1,8
3,1,19,0,18,0,8,0,0,0,0,1,1,6,1,38,7,1560,2,5,1,1,2,527580,180940,1,2,1,4,1,3,402,6,30,3,4,6,0,0,4,4,1,1,0,0,1,1,1,1,1,33,6,3,0,0,0,0,0,9,1,5
2,1,90,0,9,0,6,5,0,0,0,1,1,6,2,84,11,1598,1,8,2,1,2,345080,420410,4,2,1,3,84,6,0,6,20,3,4,6,0,0,0,1,1,1,0,0,2,1,1,1,2,84,11,2,0,0,0,0,0,90,2,9
3,3,9,0,3,0,1,0,0,0,0,2,1,6,1,43,7,1461,2,5,2,1,5,432189,262338,23,5,1,6,294,6,0,6,50,9,4,6,0,0,0,1,1,1,0,0,2,1,1,1,1,33,6,3,0,0,0,0,0,9,1,5
3,1,9,0,4,0,8,0,0,0,0,2,1,6,2,49,8,1984,1,4,1,1,2,516260,177370,1,2,1,7,25,3,4,6,30,6,2,4,454,0,5,1,1,1,0,0,1,1,1,1,2,49,8,3,0,0,0,0,0,9,1,5
3,2,9,0,18,0,1,0,0,0,0,1,1,1,1,25,5,1598,1,10,1,1,2,428160,430064,13,2,1,3,204,6,0,6,30,3,4,6,0,0,0,1,1,1,0,0,1,2,1,1,1,33,6,3,0,0,0,0,0,9,1,5
3,1,9,0,5,0,1,0,0,0,0,1,1,2,1,42,7,1973,1,15,1,1,1,545817,208655,42,1,1,2,457,6,0,6,30,9,4,6,0,0,0,4,1,1,0,0,1,2,1,3,2,11,3,3,5,1,0,0,0,0,1,4
3,3,9,0,18,0,0,1,0,0,0,4,1,6,1,34,6,2967,2,8,1,1,3,442323,389056,14,3,1,5,213,1,1,3,70,0,4,6,0,0,0,1,1,1,0,0,2,1,1,1,1,34,6,3,0,0,0,0,0,9,1,7
3,1,9,0,18,0,0,0,0,0,0,0,1,6,3,38,7,1598,1,8,1,1,1,342790,431860,4,1,1,6,74,6,0,6,30,0,4,6,0,0,0,1,4,1,0,0,1,1,1,3,2,11,3,3,5,1,0,0,0,0,1,5
3,1,9,0,18,0,1,0,0,0,0,1,1,6,1,42,7,1493,1,16,1,2,2,361461,180564,52,2,2,6,612,4,4057,6,30,3,4,6,0,0,0,1,1,1,0,0,1,1,2,2,1,4,1,3,0,0,2,0,0,9,1,5
3,1,9,0,18,0,2,0,0,0,0,1,1,6,2,29,6,1995,2,12,1,1,2,376380,387930,6,2,1,2,112,3,56,6,30,6,2,5,0,0,7,1,1,1,0,0,1,1,1,3,2,29,6,3,10,9,0,0,0,0,1,4
2,1,9,0,18,0,0,0,0,0,0,1,1,6,1,18,4,1199,1,16,2,3,2,480256,481520,12,2,3,7,185,3,169,6,60,0,4,6,0,0,0,1,2,2,0,0,2,1,1,1,1,18,4,2,0,0,0,0,0,9,2,5
3,1,9,0,4,0,1,0,0,0,0,2,1,6,1,47,8,1998,1,14,1,1,2,541470,190180,1,2,1,7,14,3,1400,3,40,3,2,6,0,0,5,1,1,1,0,0,1,2,1,1,1,47,8,3,0,0,0,0,0,9,1,8
3,2,1,0,9,0,5,1,0,0,0,0,1,6,1,60,9,1598,1,8,1,1,2,559750,141800,46,2,1,6,543,6,4311,6,30,3,2,6,0,0,5,1,1,1,6,0,1,2,1,1,1,60,9,3,0,0,0,0,0,1,1,9
3,1,19,0,5,0,0,1,0,1,0,1,1,1,1,39,7,2402,2,15,1,1,1,542832,198814,42,1,1,5,456,3,121,6,30,0,4,6,0,0,0,6,1,2,0,0,2,2,1,2,1,42,7,3,0,0,0,0,0,19,1,4
3,2,9,0,18,0,8,0,0,1,10,1,1,6,1,19,4,1598,1,8,1,3,2,503320,234979,40,2,3,1,424,5,103,6,30,8,4,6,0,0,4,4,1,1,0,0,1,1,1,1,1,19,4,3,0,0,0,0,0,9,1,10
3,2,9,0,4,0,8,1,0,0,0,1,1,6,1,58,9,1995,2,14,1,1,2,447447,327519,33,2,1,6,366,3,453,1,50,1,2,3,453,0,0,1,1,1,0,0,2,1,1,1,1,33,6,3,0,0,0,0,0,9,1,5
3,1,1,4,18,0,0,0,4,0,0,1,1,6,1,30,6,1598,1,8,1,1,2,323320,672420,95,2,1,7,923,3,71,6,30,0,4,6,0,0,0,4,2,2,0,0,1,1,1,1,1,30,6,3,0,0,0,0,0,1,1,5