accident_severity,vehicle_reference,vehicle_type,towing_and_articulation,vehicle_manoeuvre,vehicle_location-restricted_lane,junction_location,skidding_and_overturning,hit_object_in_carriageway,vehicle_leaving_carriageway,hit_object_off_carriageway,1st_point_of_impact,was_vehicle_left_hand_drive?,journey_purpose_of_driver,sex_of_driver,age_of_driver,age_band_of_driver,engine_capacity_(cc),propulsion_code,age_of_vehicle,driver_home_area_type,NUmber_of_Casualities_unique_to_accident_index,No_of_Vehicles_involved_unique_to_accident_index,location_easting_osgr,location_northing_osgr,police_force,number_of_vehicles,number_of_casualties,day_of_week,local_authority_(district),1st_road_class,1st_road_number,road_type,speed_limit,junction_detail,junction_control,2nd_road_class,2nd_road_number,pedestrian_crossing-human_control,pedestrian_crossing-physical_facilities,light_conditions,weather_conditions,road_surface_conditions,special_conditions_at_site,carriageway_hazards,urban_or_rural_area,did_police_officer_attend_scene_of_accident,casualty_reference,casualty_class,sex_of_casualty,age_of_casualty,age_band_of_casualty,casualty_severity,pedestrian_location,pedestrian_movement,car_passenger,bus_or_coach_passenger,pedestrian_road_maintenance_worker,casualty_type,casualty_home_area_type,casualty_imd_decile
3,1,9,0,18,0,0,0,0,0,0,1,1,6,2,33,6,1299,1,14,1,1,1,460700,524672,17,1,1,4,241,6,0,6,30,0,4,6,0,0,0,1,1,1,0,0,1,1,1,3,1,11,3,3,5,3,0,0,0,0,1,2
3,1,9,0,13,0,0,0,0,0,0,1,1,6,1,35,6,1596,1,21,1,1,2,525966,135745,47,2,1,5,560,3,2220,3,40,0,4,6,0,0,0,1,1,1,0,0,1,2,1,1,1,33,6,3,0,0,0,0,0,9,1,5
2,1,9,0,18,0,2,0,0,0,0,1,1,1,2,27,6,1598,1,8,1,1,1,402270,288150,20,1,1,4,305,3,4030,6,30,3,4,6,0,0,4,1,1,2,0,0,1,1,1,3,1,73,10,2,1,1,0,0,0,0,1,1
3,2,19,0,2,0,0,0,0,0,0,2,1,6,1,38,7,1998,2,14,1,1,2,439900,373470,30,2,1,4,322,6,0,6,30,0,4,6,0,0,0,1,1,1,0,0,1,1,1,1,1,33,6,3,0,0,0,0,0,9,1,5
3,2,9,0,17,0,0,0,0,0,0,1,1,6,2,30,6,1968,2,3,3,4,2,355970,162731,52,2,4,7,611,6,0,6,60,0,4,6,0,0,0,1,1,1,0,0,2,1,1,1,2,30,6,3,0,0,0,0,0,9,3,10
3,2,9,0,18,0,1,0,0,0,0,2,1,6,1,24,5,1598,1,7,1,1,3,555590,171820,46,3,1,1,532,1,25,3,70,5,4,3,2,0,0,1,1,1,0,0,2,1,1,1,1,33,6,3,0,0,0,0,0,9,1,5
3,1,9,0,18,0,0,5,0,0,0,1,1,6,2,71,10,1560,2,5,1,1,5,378470,422170,4,5,1,5,82,4,6214,6,30,0,4,6,0,0,0,1,2,1,0,0,1,1,1,1,2,71,10,3,0,0,0,0,0,9,1,10
3,1,9,0,9,0,8,0,0,0,0,4,1,6,1,33,6,1796,2,1,1,1,2,534520,183200,1,2,1,5,5,3,1208,6,30,3,4,6,0,0,0,1,1,1,0,0,1,1,1,1,1,33,6,3,0,0,0,0,0,9,1,5
2,2,4,0,7,0,8,0,0,1,2,1,1,6,1,54,8,1598,1,8,1,1,2,307941,208105,62,2,1,3,742,3,465,1,70,1,4,3,4060,0,0,1,1,1,0,0,2,1,2,1,1,54,8,2,0,0,0,0,0,4,1,5
3,1,9,0,17,0,0,1,0,1,4,3,1,6,1,17,4,1360,1,14,3,3,1,637255,255900,37,1,3,7,415,4,1069,6,60,0,4,6,0,0,0,1,2,2,0,0,2,1,3,2,2,17,4,3,0,0,1,0,0,9,3,5
3,1,9,0,4,0,1,0,0,0,0,1,1,1,1,28,6,1582,2,3,1,1,2,366820,426190,4,2,1,7,70,6,0,1,30,1,4,6,0,0,0,4,1,1,0,0,1,1,1,1,1,33,6,3,0,0,0,0,0,9,1,5
3,1,19,0,18,0,0,0,0,1,2,1,1,1,1,55,8,1598,1,8,2,1,1,565790,159320,46,1,1,6,542,1,20,3,70,0,4,6,0,0,0,1,1,1,0,0,2,1,1,2,2,27,6,3,0,0,0,0,0,19,2,8
3,2,9,0,3,0,0,0,0,0,0,2,1,6,2,42,7,1995,2,10,1,1,2,400787,90290,55,2,1,1,643,6,0,6,30,0,4,6,0,0,0,1,1,1,0,0,1,1,1,1,1,33,6,3,0,0,0,0,0,9,1,5
3,1,9,0,18,0,0,0,0,0,0,1,1,6,2,34,6,1596,1,10,1,1,1,360683,173731,52,1,1,4,601,4,4465,6,20,0,4,6,0,0,0,4,1,2,0,0,1,1,1,3,2,7,2,3,5,2,0,0,0,0,1,2
3,2,11,0,14,0,0,0,8,0,0,1,1,1,1,57,9,6700,2,6,1,2,2,404700,290460,20,2,2,4,300,6,0,3,30,0,4,6,0,0,0,1,1,1,0,0,1,1,1,1,1,57,9,3,0,0,0,0,0,11,1,6
3,2,9,0,18,0,1,0,0,0,0,4,1,6,2,34,6,1422,2,7,1,1,2,573572,169164,46,2,1,4,544,3,2,3,30,7,2,6,0,0,5,1,1,1,0,0,1,1,1,1,2,34,6,3,0,0,0,0,0,9,1,2
3,1,19,0,13,0,0,0,0,0,0,4,1,6,3,38,7,1598,1,8,1,1,2,438920,354970,30,2,1,3,320,4,6013,6,40,0,4,6,0,0,0,1,5,2,0,0,2,1,1,1,1,33,6,3,0,0,0,0,0,9,1,5
3,1,9,0,18,0,4,0,0,0,0,3,1,6,2,35,6,1998,1,13,1,1,2,453011,345565,31,2,1,1,346,3,6002,1,30,1,4,6,0,0,0,1,1,1,0,0,1,1,1,1,1,33,6,3,0,0,0,0,0,9,1,5
3,1,9,0,18,0,0,5,0,1,9,1,1,6,2,22,5,1398,2,6,3,2,1,388643,162686,54,1,2,1,635,4,3107,6,60,0,4,6,0,0,0,1,1,1,0,0,2,1,1,1,2,22,5,3,0,0,0,0,0,9,3,6
3,4,9,0,18,0,0,0,0,0,0,1,1,6,2,50,8,1995,2,2,1,2,4,441910,113862,44,4,2,5,500,3,33,6,30,0,4,6,0,0,0,1,1,1,0,0,1,1,1,1,1,33,6,3,0,0,0,0,0,9,1,5
2,2,5,0,13,0,0,0,0,0,0,1,1,6,1,27,6,1598,1,8,1,2,3,312420,292070,63,3,2,7,753,3,483,6,40,0,4,6,0,0,0,1,1,1,0,0,1,1,2,2,2,41,7,2,0,0,0,0,0,5,3,8
3,2,4,0,18,0,1,1,0,0,0,1,1,6,1,18,4,125,1,8,1,1,2,567520,141890,46,2,1,4,543,5,50,6,30,8,4,6,0,0,0,1,1,1,0,0,2,1,1,1,1,18,4,3,0,0,0,0,0,4,1,5
3,1,9,0,16,0,0,1,0,0,0,1,1,2,1,25,5,1390,1,9,1,1,2,559160,167150,46,2,1,4,538,5,269,6,40,0,4,6,0,0,0,1,1,1,0,0,2,1,1,1,1,33,6,3,0,0,0,0,0,9,1,5
3,1,9,0,3,0,1,0,0,0,0,2,1,6,1,35,6,1896,2,15,1,2,2,535960,171440,1,2,2,7,7,3,212,6,30,3,4,6,0,0,4,1,1,1,0,0,1,1,1,1,1,35,6,3,0,0,0,0,0,9,1,1
2,1,9,0,16,0,8,2,0,3,4,1,1,6,1,63,9,2690,1,17,1,1,1,452177,215935,43,1,1,1,481,3,34,3,70,5,4,3,34,0,0,1,2,2,0,0,2,1,1,1,1,63,9,2,0,0,0,0,0,9,1,9
3,2,9,0,18,0,2,0,0,0,0,2,1,6,1,29,6,2497,2,18,2,2,2,343700,366410,7,2,2,2,130,3,55,3,70,5,4,3,51,0,0,1,1,1,0,0,2,1,2,2,2,24,5,3,0,0,1,0,0,9,2,4
3,1,9,0,18,0,1,0,0,1,10,1,1,6,1,85,11,1390,1,11,1,1,2,504238,101966,47,2,1,3,558,6,0,6,30,8,4,6,0,0,0,1,1,1,0,0,1,1,1,1,1,85,11,3,0,0,0,0,0,9,1,8
3,2,1,0,5,0,8,0,0,1,0,3,1,2,1,34,6,1598,1,8,1,1,2,518630,181000,1,2,1,5,27,3,406,6,30,3,4,6,0,0,0,1,1,1,0,0,1,1,1,1,1,34,6,3,0,0,0,0,0,1,1,9
3,1,9,0,1,6,1,0,0,0,0,2,1,6,1,28,6,1598,1,8,1,1,1,258579,665171,97,1,1,7,926,6,0,7,30,9,4,6,0,0,0,1,1,1,0,0,1,1,1,3,1,51,8,3,9,6,0,0,0,0,1,5
2,2,9,0,16,0,1,0,0,0,0,1,1,6,1,73,10,1388,1,6,1,4,2,398032,306591,21,2,4,3,254,5,49,6,30,3,4,5,50,0,0,1,1,1,0,0,1,1,2,1,1,73,10,2,0,0,0,0,0,9,1,8
3,2,9,0,13,0,2,0,0,0,0,4,1,6,3,38,7,1598,1,8,1,1,2,532800,178630,1,2,1,6,8,5,0,6,30,3,4,6,0,0,1,4,1,2,0,0,1,1,1,1,1,33,6,3,0,0,0,0,0,9,1,5
3,1,9,0,18,0,0,2,10,2,4,2,2,6,1,18,4,1149,1,7,1,1,2,358845,382644,7,2,1,6,124,4,5356,6,60,0,4,6,0,0,0,1,1,1,0,0,2,1,1,1,1,18,4,3,0,0,0,0,0,9,1,1
3,2,9,0,17,0,8,0,0,0,0,4,1,2,2,32,6,1200,1,3,2,1,2,283717,77577,50,2,1,3,585,4,3344,6,60,3,4,4,3193,0,0,1,1,1,0,0,2,1,1,1,2,32,6,3,0,0,0,0,0,9,2,10
3,2,9,0,3,0,1,0,0,0,0,2,1,2,2,39,7,2204,2,5,2,1,2,606790,258601,37,2,1,4,413,3,1120,1,60,1,4,3,14,0,0,1,1,1,0,0,2,1,1,1,2,39,7,3,0,0,0,0,0,9,2,10
3,2,9,0,18,0,0,0,0,0,0,2,1,6,1,59,9,1598,1,8,1,1,3,408330,291340,20,3,1,1,300,3,4040,6,30,0,4,6,0,0,0,1,1,1,0,0,1,1,1,1,1,59,9,3,0,0,0,0,0,9,1,5
3,1,11,0,5,0,2,0,0,0,0,1,1,1,1,45,7,10450,2,25,1,1,2,455448,303362,33,2,1,2,364,6,1701,6,30,3,4,6,1708,0,0,1,1,1,0,0,1,1,1,1,1,33,6,3,0,0,0,0,0,9,1,5
3,1,11,0,9,0,8,0,0,0,0,4,1,6,1,38,7,1598,1,8,1,1,1,460444,451751,12,1,1,7,189,6,7210,6,30,3,4,6,7210,0,4,1,1,1,0,0,1,2,1,3,2,46,8,3,6,9,0,0,0,0,1,7
3,1,9,0,18,0,0,0,0,0,0,4,1,6,2,22,5,1368,1,5,1,1,1,547810,271820,35,1,1,3,391,4,1049,6,60,0,4,6,0,0,0,7,9,2,7,0,2,1,1,1,2,22,5,3,0,0,0,0,0,9,1,3
3,2,9,0,18,0,0,0,0,0,3,2,1,6,3,38,7,1398,1,2,1,1,2,424009,94799,44,2,1,1,496,6,0,6,30,0,4,6,0,0,0,4,1,1,0,0,1,1,1,1,1,33,6,3,0,0,0,0,0,9,1,5
2,1,1,0,18,0,8,0,0,0,0,3,1,6,1,21,5,1598,1,8,1,1,1,527750,171140,1,1,1,7,10,3,217,6,30,3,4,6,0,0,0,4,1,1,0,0,1,2,1,1,1,21,5,2,0,0,0,0,0,1,1,5
3,1,1,0,18,4,0,1,0,0,0,2,1,6,2,26,6,1598,1,8,1,1,2,358751,173255,52,2,1,7,601,3,4044,2,20,0,4,6,0,0,0,1,1,1,0,0,1,2,1,1,2,26,6,3,0,0,0,0,0,1,1,2
2,2,9,0,9,0,1,0,0,0,0,4,1,6,3,64,9,1598,1,8,1,1,2,358330,417370,4,2,1,4,73,6,0,6,20,9,4,6,0,0,0,4,5,2,0,0,1,1,1,1,1,33,6,3,0,0,0,0,0,9,1,5
3,1,9,0,5,0,4,0,0,0,0,1,1,6,1,28,6,1910,2,8,1,1,2,414270,422902,13,2,1,5,202,3,644,1,30,1,4,3,6025,0,0,1,1,1,0,0,1,1,1,1,1,33,6,3,0,0,0,0,0,9,1,5
3,1,9,0,17,0,0,0,0,0,0,1,1,2,1,23,5,1984,1,8,2,1,1,480147,240445,43,1,1,3,479,6,1129,6,30,0,4,6,0,0,0,4,1,1,0,0,1,1,1,3,1,51,8,3,9,8,0,0,0,0,1,9
3,2,5,0,18,0,1,0,0,0,0,1,1,2,1,42,7,749,1,13,1,3,2,473690,233178,43,2,3,4,476,3,421,6,60,3,4,5,1,0,0,1,1,1,0,0,2,1,2,1,1,42,7,3,0,0,0,0,0,5,1,9
3,4,9,0,3,0,0,0,0,0,0,2,1,6,2,43,7,1598,1,10,1,1,4,411050,281850,20,4,1,2,300,3,4040,3,30,0,4,6,0,0,4,1,1,1,0,0,1,1,1,1,1,33,6,3,0,0,0,0,0,9,1,5
3,2,19,0,4,0,1,0,0,0,0,2,1,6,1,63,9,2198,2,3,2,1,2,370820,635702,95,2,1,6,914,3,6089,6,60,3,4,3,699,0,0,1,1,1,0,0,2,1,1,1,1,33,6,3,0,0,0,0,0,9,1,5
3,2,1,0,18,0,1,0,0,0,0,1,1,6,1,18,4,1598,1,8,1,1,2,292507,92567,50,2,1,2,581,4,3212,6,30,6,2,6,0,0,5,4,2,2,0,0,1,1,1,1,1,18,4,3,0,0,0,0,0,1,1,1
3,1,9,0,9,0,8,0,0,0,0,3,1,1,1,46,8,1598,1,8,1,1,2,396240,291210,20,2,1,3,305,3,461,6,30,3,4,6,0,0,0,1,2,2,0,0,1,1,1,1,1,33,6,3,0,0,0,0,0,9,1,5
3,2,19,0,18,0,8,0,0,0,0,4,1,1,1,43,7,2143,2,4,1,1,2,434590,279260,20,2,1,6,302,6,0,6,30,3,4,6,0,0,8,4,9,1,0,0,1,2,1,1,1,43,7,3,0,0,0,0,0,19,1,3
3,1,9,0,3,0,0,0,0,0,0,2,1,6,1,22,5,1560,2,1,1,4,3,509740,172140,1,3,4,1,25,3,244,6,30,0,4,6,0,0,1,1,1,1,0,0,1,2,3,2,1,22,5,3,0,0,2,0,0,9,1,1
3,2,90,0,18,0,8,5,0,0,0,0,1,6,1,21,5,1598,1,8,3,2,2,448254,507196,12,2,2,4,181,5,1,6,60,8,4,6,0,0,0,1,1,1,0,0,2,1,2,2,2,21,5,3,0,0,0,0,0,90,3,8
3,1,9,0,17,0,1,1,0,8,0,1,1,6,1,31,6,1364,1,9,1,1,1,531655,155130,45,1,1,7,516,4,2031,6,30,3,4,6,0,0,0,4,1,2,0,0,2,1,1,1,1,31,6,3,0,0,0,0,0,9,1,7
3,1,9,0,18,0,0,0,4,0,0,1,1,6,2,66,10,1896,2,17,3,2,2,344117,154622,52,2,2,5,607,3,371,6,40,0,4,6,0,0,0,1,1,1,0,0,2,2,1,1,2,66,10,3,0,0,0,0,0,9,3,7
2,1,11,0,18,0,3,0,0,0,0,1,1,1,1,61,9,7300,1,11,3,1,3,272420,660507,97,3,1,6,932,3,721,1,30,1,4,3,721,0,8,1,1,1,0,0,1,1,1,2,2,47,8,2,0,0,0,4,0,11,1,5
3,1,9,0,7,0,6,1,10,1,11,1,1,6,2,78,11,1596,1,15,1,3,1,509410,434370,16,1,3,4,228,6,0,6,30,3,4,6,0,0,0,1,1,1,0,0,1,1,3,2,2,83,11,3,0,0,2,0,0,9,1,1
3,2,9,0,18,0,3,0,0,0,0,1,1,6,1,45,7,1994,1,16,1,2,2,575081,171358,46,2,2,1,544,3,229,3,70,1,4,3,228,0,0,1,1,1,0,0,2,2,2,2,1,21,5,3,0,0,1,0,0,9,1,3
3,1,1,0,18,0,0,0,0,0,0,0,1,6,1,59,9,1598,1,8,1,1,2,358719,172439,52,2,1,7,601,6,0,6,20,0,4,6,0,0,0,1,1,1,0,0,1,2,1,1,1,59,9,3,0,0,0,0,0,1,1,1
3,1,9,0,17,0,0,0,0,1,11,1,1,2,1,21,5,1995,2,6,1,1,1,450864,351790,31,1,1,4,340,3,611,6,50,0,4,6,0,0,0,1,1,1,0,0,2,1,1,1,1,21,5,3,0,0,0,0,0,9,1,1
3,1,1,0,13,0,0,0,8,0,0,1,1,6,1,13,3,1598,1,8,1,1,2,260882,663812,97,2,1,1,926,6,0,6,30,0,4,6,0,0,0,4,1,1,0,0,1,2,1,1,1,13,3,3,0,0,0,0,0,1,1,5
3,1,9,0,5,0,0,0,0,0,0,3,1,6,1,27,6,2171,1,14,1,1,2,428386,426124,13,2,1,2,204,3,650,3,30,0,4,6,0,0,0,1,2,2,0,0,1,1,1,1,1,33,6,3,0,0,0,0,0,9,1,5
3,2,19,0,1,0,0,0,0,0,0,2,1,6,1,38,7,2151,2,11,1,1,2,535150,182140,1,2,1,6,5,5,0,6,30,0,4,6,0,0,0,1,1,1,0,0,1,2,1,1,1,33,6,3,0,0,0,0,0,9,1,5
3,1,9,0,18,0,0,5,0,7,3,1,1,6,1,21,5,1149,1,13,1,2,2,356369,367804,7,2,2,6,130,3,54,6,60,0,4,6,0,0,0,6,1,2,0,0,2,1,2,2,2,17,4,3,0,0,1,0,0,9,1,8
3,1,9,0,5,0,6,1,0,0,0,1,1,1,2,52,8,1396,1,13,1,3,2,413108,434415,13,2,3,5,200,5,111,6,30,6,4,6,0,0,0,1,7,2,0,0,1,1,2,2,2,49,8,3,0,0,1,0,0,9,1,9
3,1,9,0,9,0,5,0,0,0,0,1,1,6,1,32,6,998,1,9,1,1,2,404211,94139,55,2,1,3,643,4,3068,6,30,8,4,6,0,0,0,1,1,1,0,0,1,1,1,1,1,33,6,3,0,0,0,0,0,9,1,5
3,3,19,0,3,0,0,0,0,0,0,2,1,1,1,52,8,2287,2,4,1,1,4,256283,659283,97,4,1,6,922,3,77,6,30,0,4,6,0,0,0,1,2,2,0,0,1,1,1,1,1,33,6,3,0,0,0,0,0,9,1,5
3,2,9,0,10,0,1,0,0,0,0,4,1,3,2,42,7,1560,2,7,3,2,2,568924,319619,36,2,2,5,407,4,1145,6,60,3,4,5,55,0,0,1,1,1,0,0,2,1,2,1,2,42,7,3,0,0,0,0,0,9,3,4
3,1,9,0,18,0,0,0,0,0,0,1,1,6,1,18,4,996,1,2,1,6,3,508746,222704,40,3,6,3,421,3,6,6,30,0,4,6,0,0,0,1,1,1,0,0,1,1,1,1,1,33,6,3,0,0,0,0,0,9,1,5
3,1,9,0,18,0,0,0,0,1,0,1,1,6,1,44,7,1497,1,12,1,1,1,423103,564315,10,1,1,2,147,6,1090,6,30,0,4,6,0,0,0,1,1,2,0,0,1,2,1,3,1,55,8,3,6,7,0,0,0,0,1,3
2,1,9,0,6,0,8,0,0,0,0,2,1,6,1,20,4,1598,1,10,1,5,2,434853,396272,14,2,5,6,215,4,113,6,30,3,4,6,0,0,0,4,2,2,0,0,1,1,1,1,1,20,4,3,0,0,0,0,0,9,1,5
3,1,9,0,5,0,2,0,0,0,0,1,1,6,1,50,8,1686,2,1,1,1,2,574495,107520,47,2,1,3,555,4,2182,6,30,3,3,6,0,0,1,4,1,1,0,0,1,2,1,1,1,33,6,3,0,0,0,0,0,9,1,5
2,1,9,0,18,0,1,0,0,0,0,4,1,2,2,40,7,996,1,3,1,1,2,509484,170185,45,2,1,7,40,3,308,3,40,3,2,6,0,0,5,1,1,1,0,0,1,1,1,1,2,40,7,2,0,0,0,0,0,9,1,3
3,1,9,0,18,0,1,0,0,0,0,1,1,6,2,68,10,1598,1,5,1,1,2,329270,693247,94,2,1,6,925,3,921,6,30,8,4,6,0,0,0,1,1,2,0,0,1,1,1,1,1,33,6,3,0,0,0,0,0,9,1,5
3,2,9,0,17,0,0,0,0,0,0,1,1,2,2,34,6,1968,2,10,1,2,2,272414,129001,50,2,2,4,582,6,0,6,30,0,4,6,0,0,0,6,1,2,0,0,2,1,2,1,2,34,6,3,0,0,0,0,0,9,1,1
3,1,9,0,15,0,0,0,0,0,0,4,1,6,1,43,7,1598,1,8,1,1,2,352126,400220,5,2,1,4,92,3,570,3,60,0,4,6,0,0,0,1,1,1,0,0,2,1,1,3,1,43,7,3,9,9,0,0,0,0,1,8
3,2,3,0,18,0,8,0,0,0,0,4,1,6,1,22,5,1598,1,8,1,1,2,332127,189253,61,2,1,5,733,4,4,6,30,7,4,6,0,0,4,1,1,1,0,0,1,1,1,1,1,22,5,3,0,0,0,0,0,3,1,5
3,1,5,0,4,0,0,0,0,0,0,1,1,6,1,48,8,1690,1,8,1,1,2,259812,666292,97,2,1,6,926,1,8,3,50,0,4,6,0,0,0,1,1,1,0,0,1,1,1,1,1,48,8,3,0,0,0,0,0,5,1,5
3,1,9,0,9,0,1,0,0,0,0,1,1,6,2,41,7,1910,2,8,1,1,2,300310,528270,3,2,1,1,60,4,5296,6,30,3,4,6,0,0,0,4,1,2,0,0,1,1,1,1,1,33,6,3,0,0,0,0,0,9,1,5
2,3,9,0,18,0,0,0,0,0,0,4,1,6,2,48,8,1360,1,13,1,1,3,525826,136641,47,3,1,7,560,6,0,6,30,0,4,6,0,0,0,1,1,1,0,0,1,1,1,1,1,33,6,3,0,0,0,0,0,9,1,5
3,1,9,0,9,0,5,0,0,0,0,1,1,2,1,52,8,2993,2,4,1,2,1,485583,187370,43,1,2,2,480,3,4155,6,30,3,4,6,1967,0,0,4,2,2,0,0,1,1,1,1,1,52,8,3,0,0,0,0,0,9,1,10
3,2,9,0,4,0,1,0,0,0,0,2,1,6,2,39,7,1229,1,11,1,1,2,533900,166830,1,2,1,3,20,6,0,6,30,3,4,6,0,0,0,1,1,1,0,0,1,1,1,2,1,4,1,3,0,0,2,0,0,9,1,2
3,2,9,0,18,0,0,0,0,0,0,2,1,6,1,17,4,1364,1,7,1,1,2,568690,159630,46,2,1,3,542,1,20,3,70,0,4,6,0,0,0,1,1,1,0,0,2,1,1,1,1,17,4,3,0,0,0,0,0,9,1,2
3,2,21,1,4,0,0,0,0,0,0,2,1,1,1,43,7,11946,2,3,1,1,2,557531,178742,42,2,1,5,462,1,25,3,50,0,4,6,0,0,0,1,1,1,0,0,2,1,1,1,1,33,6,3,0,0,0,0,0,9,1,5
3,2,9,0,17,0,8,0,0,0,0,1,1,6,2,38,7,998,1,10,1,1,2,514250,179600,1,2,1,4,27,4,454,6,30,2,4,3,4127,0,0,4,1,1,0,0,1,1,1,1,1,33,6,3,0,0,0,0,0,9,1,5
3,1,9,0,4,0,1,0,0,0,0,2,1,1,1,38,7,1598,1,8,1,5,2,538360,180220,1,2,5,5,5,3,1206,6,20,3,4,6,0,0,0,4,1,1,0,0,1,1,3,2,1,33,6,3,0,0,2,0,0,9,1,5
3,1,9,0,4,0,4,1,10,0,10,1,1,6,1,23,5,1796,1,15,1,2,1,349760,316600,22,1,2,2,286,3,528,1,40,1,4,6,0,0,0,4,1,1,0,0,2,1,1,1,1,23,5,3,0,0,0,0,0,9,1,2
1,3,9,0,16,0,0,0,0,0,0,1,1,6,1,45,7,1598,1,8,1,1,3,234458,700277,97,3,1,1,913,3,82,6,60,0,4,6,0,0,0,1,1,1,0,0,2,1,1,1,1,33,6,3,0,0,0,0,0,9,1,5
3,1,9,0,18,0,4,1,9,3,0,1,1,6,1,35,6,2494,1,13,1,1,2,423704,303229,21,2,1,1,258,6,46,1,40,1,4,6,47,0,0,1,1,1,0,0,1,1,1,1,1,35,6,3,0,0,0,0,0,9,1,3
2,1,5,0,16,0,0,0,0,0,0,1,1,6,1,63,9,805,1,4,1,2,2,459025,203832,43,2,2,2,484,6,256,6,60,0,4,6,0,0,0,1,1,1,0,0,2,1,1,1,1,63,9,2,0,0,0,0,0,5,1,7
2,3,9,0,17,0,0,0,0,0,0,1,1,2,1,45,7,2295,1,13,1,5,3,506897,193151,41,3,5,4,436,3,404,6,40,0,4,6,0,0,0,1,1,2,0,0,1,1,3,1,1,45,7,3,0,0,0,0,0,9,1,9
3,2,9,0,3,0,1,0,0,0,0,2,1,6,3,38,7,1896,2,10,1,1,3,520870,192810,1,3,1,4,30,3,5109,6,30,1,2,3,41,0,0,1,9,2,0,0,1,2,1,1,1,33,6,3,0,0,0,0,0,9,1,5
3,2,9,0,18,0,1,0,0,0,0,1,1,6,1,54,8,1796,1,8,3,1,2,615380,158170,46,2,1,7,531,3,28,6,30,3,4,6,0,0,8,4,1,1,0,0,1,1,1,1,1,33,6,3,0,0,0,0,0,9,1,5
3,1,9,0,18,0,0,0,0,1,2,1,1,6,2,35,6,1992,2,7,1,3,1,529520,272330,35,1,3,1,393,3,1123,6,40,0,4,6,0,0,0,1,1,2,0,0,2,1,1,1,2,35,6,3,0,0,0,0,0,9,1,9
3,2,9,0,18,0,8,0,0,0,0,3,1,2,1,32,6,2179,2,8,1,1,2,402150,279840,20,2,1,6,300,4,4121,6,30,6,2,4,4121,0,5,4,1,2,0,0,1,1,1,1,1,33,6,3,0,0,0,0,0,9,1,5
3,2,1,0,18,0,8,0,0,0,0,4,1,6,1,67,10,1598,1,8,2,1,2,495924,237514,40,2,1,4,424,5,94,1,60,1,4,5,76,0,0,1,1,1,0,0,2,1,1,1,1,67,10,3,0,0,0,0,0,1,2,10
3,3,9,0,2,0,2,0,0,0,0,4,1,6,3,38,7,1998,1,12,1,1,3,331597,391473,5,3,1,1,95,6,0,6,30,3,4,3,551,0,0,1,2,2,0,0,1,1,1,1,1,33,6,3,0,0,0,0,0,9,1,5
3,4,9,0,18,0,0,0,0,0,0,3,1,6,2,54,8,1497,8,2,1,2,4,445710,281633,23,4,2,7,292,1,6,3,70,0,4,6,0,0,0,6,1,1,0,0,2,1,1,1,1,33,6,3,0,0,0,0,0,9,1,5
3,3,9,0,18,0,0,5,0,0,11,0,1,6,2,29,6,1910,2,6,1,1,3,302830,108757,50,3,1,3,586,1,5,3,70,0,4,6,0,0,0,6,5,2,0,0,2,1,1,1,1,33,6,3,0,0,0,0,0,9,1,5
3,2,9,0,7,0,1,0,0,0,0,2,1,6,2,36,7,1796,1,14,1,5,2,416113,446951,13,2,5,1,200,3,65,1,30,1,4,6,0,0,0,1,2,2,0,0,2,1,2,2,1,38,7,3,0,0,1,0,0,9,1,10
3,3,9,0,18,0,1,0,0,0,0,1,1,6,1,53,8,1968,2,5,1,2,3,536190,171520,1,3,2,5,7,3,212,6,30,3,4,6,0,0,0,1,1,1,0,0,1,1,1,1,1,33,6,3,0,0,0,0,0,9,1,5
3,2,97,0,18,0,8,0,0,0,0,1,1,6,1,45,7,656,1,7,1,1,2,357508,170387,52,2,1,5,601,3,38,6,30,8,4,6,0,0,0,1,2,2,0,0,1,1,1,1,1,45,7,3,0,0,0,0,0,97,1,5
3,2,9,0,17,0,0,0,0,0,0,1,1,6,1,19,4,1598,1,8,1,1,2,266899,197998,62,2,1,5,745,6,0,6,30,0,4,6,0,0,5,4,1,1,0,0,1,1,1,1,1,33,6,3,0,0,0,0,0,9,1,5
3,2,9,0,2,0,8,0,0,0,0,4,1,6,2,38,7,1598,1,8,1,1,2,545610,164260,1,2,1,4,19,6,0,6,30,3,4,6,0,0,0,1,2,2,0,0,1,1,1,1,1,33,6,3,0,0,0,0,0,9,1,5
3,2,9,0,18,0,0,0,0,0,0,2,1,6,2,41,7,1390,1,5,1,1,3,390548,333672,21,3,1,6,255,4,5027,6,30,0,4,6,0,0,0,1,1,1,0,0,1,1,1,1,1,33,6,3,0,0,0,0,0,9,1,5
3,1,9,0,9,0,1,0,0,0,0,2,1,6,1,61,9,1796,1,14,1,1,2,411985,415687,13,2,1,2,203,3,62,6,30,3,3,6,0,0,0,1,1,2,0,0,1,2,1,1,1,33,6,3,0,0,0,0,0,9,1,5
3,1,9,0,17,0,0,0,0,1,10,3,1,6,2,32,6,5998,1,1,3,2,2,397870,262230,22,2,2,3,277,6,0,6,60,0,4,6,0,0,0,1,1,2,0,0,2,1,1,1,1,33,6,3,0,0,0,0,0,9,1,5
3,1,9,0,5,0,4,1,0,0,0,1,1,2,1,34,6,1968,2,4,1,1,2,291133,64934,50,2,1,5,587,6,0,1,30,1,4,6,0,0,0,1,1,2,0,0,1,1,1,1,1,33,6,3,0,0,0,0,0,9,1,5