accident_severity,vehicle_reference,vehicle_type,towing_and_articulation,vehicle_manoeuvre,vehicle_location-restricted_lane,junction_location,skidding_and_overturning,hit_object_in_carriageway,vehicle_leaving_carriageway,hit_object_off_carriageway,1st_point_of_impact,was_vehicle_left_hand_drive?,journey_purpose_of_driver,sex_of_driver,age_of_driver,age_band_of_driver,engine_capacity_(cc),propulsion_code,age_of_vehicle,driver_home_area_type,NUmber_of_Casualities_unique_to_accident_index,No_of_Vehicles_involved_unique_to_accident_index,location_easting_osgr,location_northing_osgr,police_force,number_of_vehicles,number_of_casualties,day_of_week,local_authority_(district),1st_road_class,1st_road_number,road_type,speed_limit,junction_detail,junction_control,2nd_road_class,2nd_road_number,pedestrian_crossing-human_control,pedestrian_crossing-physical_facilities,light_conditions,weather_conditions,road_surface_conditions,special_conditions_at_site,carriageway_hazards,urban_or_rural_area,did_police_officer_attend_scene_of_accident,casualty_reference,casualty_class,sex_of_casualty,age_of_casualty,age_band_of_casualty,casualty_severity,pedestrian_location,pedestrian_movement,car_passenger,bus_or_coach_passenger,pedestrian_road_maintenance_worker,casualty_type,casualty_home_area_type,casualty_imd_decile
3,1,9,0,4,0,0,0,0,0,0,1,1,6,1,18,4,1229,1,5,1,1,2,433540,568893,10,2,1,2,148,3,1058,3,30,0,4,6,0,0,0,1,1,1,4,0,1,2,1,1,1,33,6,3,0,0,0,0,0,9,1,5
2,1,9,0,17,0,8,1,0,0,0,1,1,6,1,25,5,1598,1,8,3,2,2,548555,99477,47,2,2,5,554,6,0,6,30,3,4,6,0,0,0,4,1,1,0,0,1,1,1,1,1,25,5,3,0,0,0,0,0,9,3,6
3,1,9,0,4,0,0,0,0,0,0,1,1,2,2,27,6,1086,1,11,1,1,2,448820,333040,30,2,1,3,324,6,0,6,30,0,4,6,0,0,0,1,1,2,0,0,1,2,1,1,1,33,6,3,0,0,0,0,0,9,1,5
3,2,9,0,4,0,1,0,0,0,0,2,1,5,2,36,7,1995,2,7,1,1,2,391727,297340,20,2,1,7,309,3,4123,6,30,3,4,6,0,0,0,1,2,2,0,0,1,1,1,1,2,36,7,3,0,0,0,0,0,9,1,3
3,2,9,0,4,0,1,0,0,0,0,1,1,3,2,59,9,1596,1,6,3,1,2,446670,337920,30,2,1,2,324,5,163,6,30,3,4,5,163,0,0,1,2,2,0,0,1,1,1,2,2,11,3,3,0,0,1,0,0,9,3,7
3,2,9,0,18,0,0,0,0,1,10,1,1,2,2,23,5,1598,1,8,3,1,2,292830,313820,63,2,1,7,753,3,458,6,60,0,4,6,0,0,0,1,1,3,0,0,2,1,1,1,1,33,6,3,0,0,0,0,0,9,1,5
3,3,9,0,18,0,0,0,0,0,0,1,1,1,1,55,8,1360,1,14,1,3,3,454281,278923,33,3,3,2,363,1,6,3,70,0,4,6,0,0,0,1,1,1,0,0,2,1,3,2,1,25,5,3,0,0,2,0,0,9,1,5
3,3,9,0,9,0,8,0,0,0,0,1,1,6,1,37,7,1598,1,8,1,1,3,535280,173650,1,3,1,2,7,5,0,6,30,3,4,6,0,0,0,4,1,2,0,0,1,1,1,1,1,33,6,3,0,0,0,0,0,9,1,5
3,1,1,0,18,4,8,0,0,0,0,1,1,6,1,18,4,1598,1,8,1,1,2,381770,396000,6,2,1,5,112,4,5217,6,30,3,4,6,0,0,0,1,1,1,0,0,1,2,1,1,1,18,4,3,0,0,0,0,0,1,1,5
3,2,9,0,7,0,6,0,10,1,1,3,1,6,1,48,8,1896,2,10,1,1,2,399820,296350,20,2,1,3,305,3,461,3,40,3,2,6,0,0,0,4,1,2,0,0,1,1,1,1,1,48,8,3,0,0,0,0,0,9,1,7
3,2,9,0,8,0,4,0,0,0,0,2,1,6,2,37,7,1599,1,7,1,1,2,319770,671480,95,2,1,2,923,6,0,1,30,1,4,6,0,0,0,1,2,2,0,0,1,2,1,1,2,37,7,3,0,0,0,0,0,9,1,5
3,2,9,0,7,0,6,0,0,1,10,1,1,6,1,38,7,1796,1,14,1,3,2,548480,155370,46,2,3,2,538,3,25,3,30,6,2,4,2211,0,5,1,1,1,0,0,2,1,2,2,2,31,6,3,0,0,1,0,0,9,1,7
3,3,9,0,18,0,0,0,0,0,0,3,1,6,3,38,7,1968,2,1,1,1,3,467331,167704,43,3,1,1,471,6,7113,6,30,0,4,6,0,0,0,6,1,1,0,0,2,2,1,1,1,33,6,3,0,0,0,0,0,9,1,5
3,1,9,0,3,0,0,0,0,0,0,2,1,6,2,50,8,1499,1,8,2,2,2,504463,151207,45,2,2,6,511,3,247,6,30,0,4,6,0,0,0,1,9,1,0,0,2,2,3,1,2,50,8,3,0,0,0,0,0,9,2,10
3,1,3,0,18,0,3,5,0,0,0,3,1,6,2,50,8,125,1,1,1,1,2,426843,437981,13,2,1,4,204,3,660,1,40,1,4,3,6120,0,0,1,1,1,0,0,2,1,1,1,2,50,8,3,0,0,0,0,0,3,1,9
3,1,9,0,18,0,8,0,0,7,4,1,1,1,1,27,6,1560,2,1,1,2,2,439059,240194,43,2,2,6,481,6,346,6,60,6,4,6,0,0,0,1,2,2,0,0,2,1,1,1,1,27,6,3,0,0,0,0,0,9,1,5
3,2,3,0,18,0,8,0,0,0,0,4,1,6,1,48,8,125,1,9,1,1,2,367178,81706,55,2,1,4,646,3,354,1,30,1,4,4,3159,0,0,4,1,1,0,0,1,2,1,1,1,48,8,3,0,0,0,0,0,3,1,5
2,3,9,0,18,0,0,0,0,1,0,1,1,6,1,64,9,1248,2,6,1,3,4,358120,490540,3,4,3,6,65,1,6,3,70,0,4,6,0,0,0,1,2,5,0,0,2,1,3,1,1,64,9,2,0,0,0,0,0,9,1,5
3,2,9,0,18,0,0,0,0,0,0,1,1,6,3,38,7,1997,2,1,1,1,2,354838,179521,52,2,1,4,601,1,5,3,70,0,4,6,0,0,0,6,1,1,0,0,2,2,1,1,1,33,6,3,0,0,0,0,0,9,1,5
3,2,9,0,2,0,0,0,0,1,0,2,1,6,3,38,7,1997,1,13,1,1,2,512560,189010,1,2,1,7,29,5,0,6,30,0,4,6,0,0,0,1,1,1,0,0,1,2,1,1,1,33,6,3,0,0,0,0,0,9,1,5
3,1,9,0,16,0,0,0,0,0,0,1,1,6,2,25,5,1968,2,6,1,1,2,538290,183450,1,2,1,5,17,6,0,6,30,0,4,6,0,0,0,1,1,1,0,0,1,1,1,1,1,33,6,3,0,0,0,0,0,9,1,5
3,2,9,0,18,0,0,0,0,0,0,4,1,6,1,23,5,1598,1,6,1,2,2,341433,669287,95,2,2,6,921,6,0,6,30,0,4,6,0,0,0,1,1,1,0,0,2,1,2,2,1,30,6,3,0,0,1,0,0,9,1,5
3,2,9,0,13,0,8,0,0,0,0,1,1,1,1,45,7,1598,1,8,1,1,2,449899,405220,14,2,1,5,211,3,635,6,60,8,4,6,0,0,0,1,1,1,0,0,2,1,1,1,1,33,6,3,0,0,0,0,0,9,1,5
3,2,9,0,3,0,1,0,0,0,0,2,1,6,1,54,8,2993,2,5,3,1,2,407576,141052,54,2,1,6,635,3,303,6,40,3,4,4,3083,0,0,1,1,1,0,0,2,1,1,1,1,33,6,3,0,0,0,0,0,9,1,5
3,2,1,0,4,0,0,0,0,0,0,1,1,6,1,43,7,1598,1,8,1,1,2,337290,391010,5,2,1,7,91,3,57,6,30,0,4,6,0,0,0,1,9,1,0,0,1,2,1,1,1,43,7,3,0,0,0,0,0,1,1,1
3,1,9,0,18,0,4,1,0,1,0,2,1,6,1,38,7,1995,2,8,3,1,1,511649,153837,45,1,1,2,511,5,43,6,60,1,4,6,0,0,0,7,1,1,0,0,1,1,1,1,1,33,6,3,0,0,0,0,0,9,3,9
3,1,19,0,9,0,2,0,0,0,0,2,1,1,1,27,6,2464,2,8,1,3,2,484136,237095,43,2,3,5,479,5,8006,3,70,3,4,6,1085,0,0,1,1,1,0,0,1,1,1,1,1,27,6,3,0,0,0,0,0,19,1,8
3,3,9,0,18,0,0,0,0,0,0,1,1,6,1,46,8,1598,1,8,1,1,3,558896,177880,42,3,1,1,462,6,0,6,30,0,4,6,0,0,0,4,1,1,0,0,1,1,1,1,1,33,6,3,0,0,0,0,0,9,1,5
3,2,9,0,3,0,0,0,0,0,0,2,1,6,2,20,4,1149,1,8,1,5,5,427798,426248,13,5,5,6,204,3,650,3,40,0,4,6,0,0,0,1,3,3,0,0,1,1,1,1,2,20,4,3,0,0,0,0,0,9,1,10
3,1,9,0,9,0,8,0,0,0,0,1,1,1,1,33,6,2231,2,7,1,2,1,504467,250206,40,1,2,2,420,3,600,6,30,3,4,6,0,0,0,1,1,1,0,0,1,1,1,3,1,37,7,3,5,3,0,0,0,0,1,3
3,1,3,0,18,0,4,0,0,0,0,1,1,6,1,18,4,124,1,13,3,1,2,414387,128504,54,2,1,3,635,3,354,1,30,1,4,5,328,0,0,4,1,1,0,0,1,1,1,1,1,18,4,3,0,0,0,0,0,3,3,7
2,2,1,0,18,0,8,0,0,0,0,4,1,6,1,55,8,1598,1,8,1,1,2,579946,188809,42,2,1,7,453,3,129,6,30,1,4,6,0,0,1,1,1,1,0,0,1,1,1,1,1,55,8,2,0,0,0,0,0,1,1,8
3,1,9,0,18,0,0,0,0,0,0,1,1,2,1,29,6,1598,1,8,1,2,5,373273,372494,7,5,2,3,130,1,6,3,70,0,4,6,0,0,0,1,1,1,0,0,2,1,1,1,1,33,6,3,0,0,0,0,0,9,1,5
3,2,9,0,18,0,8,0,0,0,0,3,1,6,1,23,5,1598,1,10,3,2,2,553410,190520,1,2,2,1,15,3,12,1,40,1,4,3,127,0,0,4,1,2,0,0,1,1,2,2,2,23,5,3,0,0,1,0,0,9,1,5
2,1,9,0,18,0,0,0,12,0,0,1,1,6,1,70,10,1598,1,8,1,3,2,562155,179610,42,2,3,5,462,6,0,6,30,0,4,6,0,0,0,1,1,1,0,7,1,1,1,2,2,89,11,3,0,0,1,0,0,9,1,5
3,1,9,0,18,0,0,1,0,0,0,2,1,6,1,42,7,1998,1,8,1,1,1,246019,123680,50,1,1,6,588,3,386,6,30,0,4,6,0,0,0,1,2,2,0,0,2,1,1,1,1,42,7,3,0,0,0,0,0,9,1,4
3,1,3,0,15,0,0,0,0,0,0,1,1,6,1,18,4,124,1,16,1,1,1,593250,172900,46,1,1,7,540,4,2008,6,30,0,4,6,0,0,5,1,1,1,0,0,1,1,1,3,1,37,7,3,10,9,0,0,0,0,1,9
3,2,9,0,18,0,8,0,0,0,0,4,1,5,2,25,5,1299,1,10,1,3,2,410268,286283,20,2,3,7,300,6,0,6,30,6,4,6,0,0,0,1,1,1,0,0,1,1,2,2,2,31,6,3,0,0,2,0,0,9,1,5
3,1,9,0,9,0,5,0,0,0,0,3,1,6,3,38,7,2179,2,8,1,1,2,351160,431990,4,2,1,3,79,6,0,6,30,3,4,6,0,0,0,1,1,1,0,0,1,1,1,1,1,33,6,3,0,0,0,0,0,9,1,5
2,2,5,0,18,0,8,0,0,0,0,1,1,6,1,30,6,599,1,22,1,1,2,567797,112180,47,2,1,7,556,3,269,6,60,3,4,3,271,0,0,6,1,1,0,0,2,1,1,1,1,30,6,2,0,0,0,0,0,5,1,1
3,1,9,0,18,0,0,1,0,0,0,1,1,6,2,29,6,2171,1,11,3,1,2,233801,642429,97,2,1,3,931,4,785,6,60,0,4,6,0,0,0,1,1,1,0,0,2,1,1,1,1,33,6,3,0,0,0,0,0,9,1,5
3,1,11,0,18,0,2,0,0,0,0,1,1,1,1,60,9,8268,2,13,1,1,2,509443,428975,16,2,1,3,228,6,0,6,30,3,4,6,0,0,0,1,1,1,0,0,1,1,1,1,1,33,6,3,0,0,0,0,0,9,1,5
3,2,2,0,16,0,0,0,0,0,0,1,1,6,1,33,6,124,1,8,1,1,2,539720,187910,1,2,1,4,13,3,12,7,30,0,4,6,0,0,5,4,1,1,0,0,2,1,1,1,1,33,6,3,0,0,0,0,0,2,1,4
3,2,2,0,9,0,8,1,0,0,0,1,1,2,1,30,6,125,1,8,1,1,2,518330,166670,1,2,1,2,23,3,243,1,30,2,4,4,3364,0,0,1,1,1,0,0,1,1,1,1,1,30,6,3,0,0,0,0,0,2,1,5
3,2,9,0,1,0,8,0,0,0,0,2,1,6,2,40,7,2497,2,10,1,1,2,535010,162250,1,2,1,5,20,3,2022,6,30,6,2,5,0,0,0,1,1,1,0,0,1,1,1,1,1,33,6,3,0,0,0,0,0,9,1,5
2,2,11,0,17,0,0,0,0,0,0,1,1,1,1,43,7,9000,2,16,1,38,2,602095,214350,42,2,38,4,455,6,0,6,40,0,4,6,0,0,0,1,1,1,0,0,2,1,25,2,1,16,4,3,0,0,0,4,0,11,1,5
3,2,3,0,14,0,8,0,0,0,0,4,1,6,1,38,7,125,1,3,1,1,2,530470,170210,1,2,1,5,9,3,23,6,30,6,4,6,0,0,0,1,1,1,0,0,1,1,1,1,1,33,6,3,0,0,0,0,0,3,1,6
3,1,9,0,18,0,1,0,0,0,0,1,1,6,1,44,7,2996,1,9,1,1,1,531170,168150,1,1,1,2,20,3,23,6,30,3,4,6,0,0,0,1,1,1,0,0,1,2,1,3,1,9,2,3,5,1,0,0,2,0,1,4
1,1,9,0,18,0,1,1,0,0,0,1,1,6,1,70,10,1590,1,23,1,1,1,416146,433089,13,1,1,2,200,3,6181,2,30,7,2,6,0,0,4,1,1,2,0,0,1,1,1,3,2,92,11,1,1,3,0,0,0,0,1,8
3,2,9,0,18,0,8,0,0,0,0,4,1,6,1,33,6,2967,2,8,1,1,2,535920,167270,1,2,1,2,20,5,0,6,30,3,4,6,0,0,0,4,1,1,0,0,1,1,1,1,1,33,6,3,0,0,0,0,0,9,1,5
3,2,9,0,2,0,0,0,0,0,0,2,1,6,3,38,7,1968,2,10,1,1,2,575207,191981,42,2,1,1,450,6,0,6,30,0,4,6,0,0,0,5,8,4,0,0,1,1,1,1,1,33,6,3,0,0,0,0,0,9,1,5
3,1,8,0,9,0,8,0,0,0,0,1,1,2,1,59,9,1956,2,2,1,1,2,518700,176400,1,2,1,5,24,3,307,6,20,2,3,5,0,0,1,4,1,1,0,0,1,1,1,1,1,33,6,3,0,0,0,0,0,9,1,5
3,2,9,0,18,0,8,0,0,0,0,1,1,6,3,38,7,1328,1,8,1,1,2,530250,178970,1,2,1,6,1,3,3212,1,30,1,4,3,3203,0,1,4,2,2,0,0,1,2,1,1,1,33,6,3,0,0,0,0,0,9,1,5
3,3,9,0,3,0,1,0,0,0,0,1,1,1,1,37,7,1598,1,8,1,6,3,586453,245891,37,3,6,6,410,4,1064,6,30,3,4,5,711,0,0,1,1,1,0,0,2,1,4,2,2,31,6,3,0,0,1,0,0,9,1,3
3,2,9,0,10,0,5,0,0,0,0,2,1,6,1,36,7,1896,2,9,1,2,2,489811,175222,43,2,2,7,474,6,7402,6,60,8,4,6,0,0,0,1,1,1,0,0,2,2,2,2,2,32,6,3,0,0,2,0,0,9,1,7
3,1,3,0,18,0,0,0,10,4,4,1,1,6,1,17,4,125,1,1,1,1,2,506300,182980,1,2,1,6,26,3,4020,3,40,0,4,6,0,0,0,4,1,1,0,0,1,1,1,1,1,17,4,3,0,0,0,0,0,3,1,5
2,2,9,0,17,0,0,0,0,1,11,1,1,6,2,28,6,1388,1,6,3,2,2,379036,858741,92,2,2,1,911,6,0,6,60,0,4,6,0,0,0,1,1,1,0,0,2,1,2,1,2,28,6,3,0,0,0,0,0,9,3,5
3,1,9,0,18,0,0,0,0,0,0,3,1,6,3,38,7,1598,1,8,1,1,2,580850,128080,46,2,1,7,543,3,268,6,60,0,4,6,0,0,0,6,1,2,0,0,2,1,1,1,1,33,6,3,0,0,0,0,0,9,1,5
3,1,1,0,11,0,0,0,0,0,0,1,1,6,1,16,4,1598,1,8,1,1,2,453295,204312,43,2,1,1,482,6,320,6,20,0,4,6,0,0,0,1,1,1,0,0,1,1,1,1,1,16,4,3,0,0,0,0,0,1,1,5
3,3,9,0,4,0,0,0,0,0,0,2,1,6,2,48,8,2179,2,8,1,1,3,574570,163500,46,3,1,5,542,4,2097,6,60,0,4,6,0,0,0,1,1,2,0,0,1,1,1,1,1,33,6,3,0,0,0,0,0,9,1,5
3,1,9,0,18,0,8,1,0,1,2,1,1,6,1,59,9,2685,2,12,1,1,1,398778,308901,21,1,1,1,250,3,460,1,50,1,4,6,111,0,0,1,1,2,0,0,2,1,1,2,2,57,9,3,0,0,0,0,0,9,1,6
3,1,9,0,18,0,0,1,10,0,4,1,1,6,2,29,6,1997,1,14,1,1,1,368784,357193,7,1,1,2,129,6,0,6,30,0,4,6,0,0,0,1,4,2,0,0,1,1,1,1,2,29,6,3,0,0,0,0,0,9,1,2
3,3,9,0,2,0,1,0,0,0,0,2,1,6,2,36,7,1598,1,8,1,1,4,281747,380358,60,4,1,4,721,6,0,6,30,3,4,6,0,0,0,4,1,1,0,0,2,1,1,1,1,33,6,3,0,0,0,0,0,9,1,5
3,2,19,0,3,0,0,0,0,0,0,2,1,2,1,34,6,1598,2,8,3,2,2,362253,388985,7,2,2,6,128,3,57,6,30,0,4,6,0,0,0,1,1,2,0,0,1,2,2,2,1,31,6,3,0,0,1,0,0,19,1,6
3,1,3,0,18,0,0,0,0,0,0,1,1,6,1,29,6,1598,1,8,1,1,1,533650,188960,1,1,1,3,31,3,10,3,30,0,4,6,0,0,5,4,1,1,0,0,1,1,1,3,1,40,7,3,4,1,0,0,2,0,1,2
3,1,5,0,13,0,8,0,0,0,0,4,1,2,1,47,8,660,1,7,1,1,2,425400,567678,10,2,1,2,147,3,189,6,30,3,4,6,1291,0,0,1,1,1,0,0,1,1,1,1,1,47,8,3,0,0,0,0,0,5,1,10
3,2,9,0,7,0,4,0,0,0,0,4,1,2,2,29,6,1149,1,15,1,1,2,429741,262074,23,2,1,6,294,3,452,6,50,1,4,3,452,0,0,1,1,1,0,0,2,2,1,1,2,29,6,3,0,0,0,0,0,9,1,5
3,1,9,0,9,0,8,0,0,0,0,3,1,2,1,48,8,1248,2,1,1,2,2,421612,447480,12,2,2,5,182,4,6451,6,30,3,4,4,6451,0,0,1,1,2,0,0,2,1,1,1,1,33,6,3,0,0,0,0,0,9,1,5
3,1,90,0,4,0,1,0,0,0,0,2,1,1,1,54,8,1598,1,8,1,1,2,374400,430000,4,2,1,4,75,1,65,7,30,5,4,3,6185,0,0,1,3,3,0,0,2,1,1,1,1,33,6,3,0,0,0,0,0,9,1,5
3,1,9,0,16,0,0,5,0,7,10,1,1,6,1,58,9,1598,1,8,1,1,1,442620,330150,30,1,1,5,328,3,50,7,70,0,4,6,0,0,0,1,2,2,0,0,2,1,1,1,1,58,9,3,0,0,0,0,0,9,1,2
3,1,1,0,7,0,6,0,0,0,0,1,1,2,1,49,8,1598,1,8,1,1,2,545260,257660,35,2,1,3,390,3,603,6,30,3,4,6,0,0,0,1,1,1,3,0,1,1,1,1,1,49,8,3,0,0,0,0,0,1,1,9
3,1,1,0,18,0,4,0,0,0,0,1,1,2,1,25,5,1598,1,8,1,1,2,338419,392543,5,2,1,5,91,3,5049,3,30,1,4,6,0,0,0,4,2,2,0,0,1,2,1,1,1,25,5,3,0,0,0,0,0,1,1,2
3,1,1,0,18,0,0,0,0,0,0,1,1,6,1,54,8,1598,1,8,1,1,2,376494,377466,7,2,1,7,129,3,537,6,30,0,4,6,0,0,0,5,1,1,0,0,1,1,1,1,1,54,8,3,0,0,0,0,0,1,1,6
3,2,3,0,18,0,8,0,0,0,0,1,1,5,1,23,5,125,1,8,1,1,2,405575,307812,21,2,1,2,252,5,271,6,30,3,4,6,299,0,0,1,1,1,0,0,1,2,1,1,1,23,5,3,0,0,0,0,0,3,1,8
3,2,9,0,18,0,1,0,0,0,0,1,1,6,2,30,6,1596,1,9,1,2,2,508800,177340,1,2,2,6,26,3,437,6,30,3,4,6,0,0,0,1,1,1,0,0,1,1,1,1,2,30,6,3,0,0,0,0,0,9,1,5
3,1,11,0,4,0,0,0,0,0,0,4,1,6,1,43,7,9000,2,5,1,1,1,435679,394536,14,1,1,4,215,3,6135,6,30,0,4,6,0,0,0,1,1,1,0,0,1,2,1,3,2,12,3,3,6,9,0,0,0,0,1,2
3,1,9,0,18,0,8,0,0,2,2,1,1,1,2,67,10,998,1,7,1,1,2,477220,260721,34,2,1,3,384,5,38,6,30,3,4,6,8250,0,0,1,1,2,0,0,1,1,1,1,2,67,10,3,0,0,0,0,0,9,1,3
3,2,9,0,4,8,0,1,0,0,0,2,1,6,1,37,7,1591,1,1,1,1,4,575100,162270,46,4,1,5,542,1,2,3,70,0,4,6,0,0,0,1,2,2,0,0,1,1,1,1,1,33,6,3,0,0,0,0,0,9,1,5
2,1,9,0,18,0,1,1,0,0,0,1,1,1,2,35,6,2495,2,11,1,3,3,576080,155570,46,3,3,2,536,3,229,2,30,8,4,6,0,0,0,1,1,2,0,0,1,1,3,3,1,55,8,2,6,9,0,0,0,0,1,5
3,2,9,0,7,0,1,0,0,0,0,3,1,6,1,37,7,1598,1,8,2,1,2,315394,200336,61,2,1,2,730,3,4049,6,30,6,2,4,4511,0,4,1,1,1,0,0,1,1,1,1,1,33,6,3,0,0,0,0,0,9,1,5
3,2,9,0,4,0,8,0,0,0,0,4,1,6,1,20,4,1598,1,8,1,2,2,274900,196750,62,2,2,6,743,6,0,6,30,3,4,6,0,0,0,4,2,2,0,0,1,1,3,2,2,35,6,3,0,0,1,0,0,9,1,5
3,1,9,0,13,0,0,0,0,0,0,0,1,6,3,38,7,1598,1,8,1,1,3,273040,218420,63,3,1,7,751,3,4069,6,40,0,4,6,0,0,0,1,1,1,0,0,2,1,1,1,1,33,6,3,0,0,0,0,0,9,1,5
3,2,9,0,16,0,2,0,0,0,0,1,1,6,2,36,7,1595,1,8,1,2,2,530980,190030,1,2,2,1,31,4,151,6,30,9,4,4,138,0,0,7,9,1,0,0,1,1,2,2,2,36,7,3,0,0,1,0,0,9,1,4
2,1,9,0,18,0,4,0,0,0,0,1,1,6,1,17,4,998,1,5,1,5,2,433108,420384,13,2,5,7,206,3,638,1,30,1,4,3,636,0,0,4,1,1,0,0,1,1,4,2,1,10,2,3,0,0,2,0,0,9,1,1
3,1,9,0,4,0,1,0,0,0,0,2,1,1,1,32,6,1598,1,9,1,1,2,418135,288245,23,2,1,6,290,4,4114,6,50,1,4,3,452,0,0,1,1,1,0,0,2,1,1,1,1,33,6,3,0,0,0,0,0,9,1,5
3,2,9,0,9,0,8,0,0,0,0,1,1,6,1,20,4,1598,1,8,1,1,2,318415,176958,62,2,1,7,741,6,0,6,30,3,2,6,0,0,5,4,1,1,0,0,1,1,1,1,1,33,6,3,0,0,0,0,0,9,1,5
3,1,9,0,18,0,8,0,0,0,0,1,1,6,2,22,5,1598,1,8,1,1,2,541090,175720,1,2,1,4,6,3,2,3,50,3,2,3,2,0,5,4,1,1,0,0,1,1,1,2,1,2,1,3,0,0,2,0,0,9,1,5
3,1,3,0,17,0,0,1,0,1,0,1,1,6,1,20,4,108,1,2,3,1,1,595132,306798,36,1,1,3,400,3,1075,6,40,0,4,6,0,0,0,1,1,1,7,0,2,1,1,1,1,20,4,3,0,0,0,0,0,3,3,6
3,2,9,0,4,0,0,0,0,0,0,2,1,6,2,64,9,1386,1,12,1,2,2,356770,430700,4,2,2,6,79,6,0,6,30,0,4,6,0,0,0,1,1,1,0,0,1,1,2,2,2,17,4,3,0,0,1,0,0,9,1,1
3,1,9,0,1,0,0,0,0,0,0,0,1,6,3,38,7,1598,1,8,1,1,2,436256,561336,10,2,1,6,149,3,184,6,30,0,4,6,0,0,0,1,1,1,0,0,1,2,1,1,1,33,6,3,0,0,0,0,0,9,1,5
2,4,9,0,18,0,8,1,0,0,0,1,1,1,1,24,5,1461,2,1,1,2,8,336184,379057,7,8,2,3,130,1,53,3,70,9,4,3,41,0,0,1,2,2,0,0,2,1,1,1,1,33,6,3,0,0,0,0,0,9,1,5
2,1,9,0,18,0,0,0,0,0,0,1,1,2,2,39,7,1461,2,1,1,2,2,332302,385621,5,2,2,7,95,5,0,6,30,0,4,6,0,0,0,1,1,1,0,0,1,1,1,1,2,39,7,3,0,0,0,0,0,9,1,1
2,2,9,0,17,0,0,0,0,0,0,3,1,6,2,22,5,998,1,8,3,2,2,491823,370028,32,2,2,4,353,5,129,6,60,0,4,6,0,0,0,1,1,1,0,0,2,1,2,1,2,22,5,3,0,0,0,0,0,9,3,9
2,1,11,0,18,0,0,0,0,0,0,1,1,1,1,62,9,1598,1,8,1,35,5,307421,179663,62,5,35,7,746,1,4,3,70,0,4,6,0,0,0,1,1,1,0,0,2,1,26,2,2,53,8,3,0,0,0,4,0,11,2,5
3,2,19,0,18,0,0,0,0,0,0,1,1,1,1,45,7,2151,2,10,1,2,2,543220,188420,1,2,2,5,14,3,12,3,40,0,4,6,0,0,4,1,1,2,0,0,1,1,1,1,1,33,6,3,0,0,0,0,0,9,1,5
3,2,9,0,18,8,1,1,0,0,0,1,1,6,2,70,10,1240,1,6,1,2,2,172568,44127,50,2,2,3,596,4,3298,6,30,6,3,6,0,0,0,1,2,2,0,0,1,1,1,2,2,62,9,3,0,0,1,0,0,9,1,8
2,3,9,0,4,0,2,0,0,0,0,0,1,6,1,22,5,1149,1,13,1,1,3,522592,106070,47,3,1,3,557,6,0,6,30,3,4,6,0,0,4,1,1,1,0,0,1,1,1,1,1,33,6,3,0,0,0,0,0,9,1,5
3,1,9,0,1,9,0,0,0,0,0,4,1,6,1,53,8,1896,2,10,1,1,1,408700,442178,13,1,1,6,200,6,0,6,30,0,4,6,0,0,0,1,1,1,0,0,1,2,1,3,1,4,1,3,6,9,0,0,0,0,1,8
3,1,3,0,18,0,1,0,0,0,0,3,1,6,1,36,7,124,1,11,1,1,2,530460,188760,1,2,1,5,31,3,103,6,30,3,4,5,0,0,1,1,9,1,0,0,1,2,1,1,1,36,7,3,0,0,0,0,0,3,1,2
2,2,9,0,4,0,0,0,0,0,0,2,1,6,2,37,7,2143,2,1,1,4,6,531082,152103,45,6,4,6,516,1,23,3,70,0,4,6,0,0,0,1,1,2,0,0,2,1,2,2,1,35,6,3,0,0,0,0,0,9,1,6
3,1,9,0,7,0,6,0,0,0,0,1,1,6,2,72,10,1998,1,13,3,1,2,591330,163490,46,2,1,6,540,6,4005,9,30,9,4,6,0,0,0,1,1,1,0,0,1,1,1,1,2,72,10,3,0,0,0,0,0,9,3,5
3,1,9,0,5,0,3,0,0,0,0,2,1,6,1,24,5,1587,1,9,1,1,2,463000,306220,33,2,1,3,364,3,563,1,30,1,4,6,2818,0,0,1,1,1,0,0,1,1,1,1,1,24,5,3,0,0,0,0,0,9,1,5
3,1,9,0,18,0,1,0,0,0,0,1,1,6,1,52,8,1998,2,8,1,1,2,401410,285280,20,2,1,7,300,6,0,6,30,3,4,6,0,0,0,1,1,1,0,0,1,1,1,1,1,52,8,3,0,0,0,0,0,9,1,3
3,2,9,0,18,0,8,0,0,0,0,4,1,6,1,73,10,2191,2,1,1,1,2,554300,151360,46,2,1,7,538,3,225,1,60,1,4,6,0,0,0,1,1,1,0,0,2,1,1,1,1,33,6,3,0,0,0,0,0,9,1,5
2,2,19,0,2,0,0,0,0,0,0,1,1,6,1,53,8,1998,2,14,1,3,2,435146,265009,23,2,3,7,294,6,0,6,50,0,4,6,0,0,0,1,1,1,0,0,2,1,2,2,2,52,8,3,0,0,1,0,0,19,1,5
3,1,9,0,18,0,0,0,0,0,0,1,1,2,2,54,8,1560,2,8,1,1,2,435215,116372,44,2,1,6,501,1,27,3,70,0,4,6,0,0,0,1,1,1,0,0,2,1,1,1,2,54,8,3,0,0,0,0,0,9,1,6
3,1,9,0,3,0,1,0,0,0,0,2,1,6,2,25,5,1149,1,8,1,1,2,457442,359087,31,2,1,6,344,3,6191,1,40,1,4,3,617,0,0,4,1,1,0,0,2,2,1,1,2,25,5,3,0,0,0,0,0,9,1,2