accident_severity,vehicle_reference,vehicle_type,towing_and_articulation,vehicle_manoeuvre,vehicle_location-restricted_lane,junction_location,skidding_and_overturning,hit_object_in_carriageway,vehicle_leaving_carriageway,hit_object_off_carriageway,1st_point_of_impact,was_vehicle_left_hand_drive?,journey_purpose_of_driver,sex_of_driver,age_of_driver,age_band_of_driver,engine_capacity_(cc),propulsion_code,age_of_vehicle,driver_home_area_type,NUmber_of_Casualities_unique_to_accident_index,No_of_Vehicles_involved_unique_to_accident_index,location_easting_osgr,location_northing_osgr,police_force,number_of_vehicles,number_of_casualties,day_of_week,local_authority_(district),1st_road_class,1st_road_number,road_type,speed_limit,junction_detail,junction_control,2nd_road_class,2nd_road_number,pedestrian_crossing-human_control,pedestrian_crossing-physical_facilities,light_conditions,weather_conditions,road_surface_conditions,special_conditions_at_site,carriageway_hazards,urban_or_rural_area,did_police_officer_attend_scene_of_accident,casualty_reference,casualty_class,sex_of_casualty,age_of_casualty,age_band_of_casualty,casualty_severity,pedestrian_location,pedestrian_movement,car_passenger,bus_or_coach_passenger,pedestrian_road_maintenance_worker,casualty_type,casualty_home_area_type,casualty_imd_decile
3,1,9,0,14,0,1,0,0,0,0,1,1,6,1,21,5,1984,1,12,1,1,4,398750,289510,20,4,1,6,305,3,457,1,30,1,4,6,0,0,0,1,1,1,0,0,1,1,1,1,1,33,6,3,0,0,0,0,0,9,1,5
3,2,9,0,4,0,1,0,0,0,0,2,1,6,1,47,8,1598,1,8,1,1,2,276664,190274,62,2,1,2,743,4,4286,1,30,1,4,6,0,0,4,1,1,1,0,0,1,1,2,1,1,47,8,3,0,0,0,0,0,9,1,5
2,1,8,0,5,6,0,0,0,0,0,0,1,1,2,49,8,1998,2,10,1,1,1,330630,435920,4,1,1,4,71,6,0,2,30,0,4,6,0,0,4,1,1,1,0,0,1,1,1,2,2,72,10,2,0,0,2,0,0,8,1,5
2,1,9,0,9,0,6,0,0,0,0,1,1,1,2,24,5,1299,1,15,3,2,2,628458,299993,36,2,2,3,406,4,1332,6,60,3,4,6,0,0,0,1,1,1,0,0,2,1,1,1,2,24,5,2,0,0,0,0,0,9,3,9
3,1,9,0,9,0,8,0,0,0,0,1,1,6,1,23,5,1390,1,12,1,3,3,521310,183720,1,3,3,1,28,3,404,6,30,3,2,6,0,0,5,4,1,1,0,0,1,1,1,1,1,23,5,3,0,0,0,0,0,9,1,2
3,1,9,0,18,0,0,0,0,0,0,1,1,6,3,38,7,1598,1,8,1,1,2,558270,138160,46,2,1,2,543,3,267,6,30,0,4,6,0,0,1,1,1,1,0,0,1,1,1,1,1,33,6,3,0,0,0,0,0,9,1,5
2,1,19,4,18,0,0,3,0,1,4,3,1,1,1,61,9,2953,2,7,1,1,1,365865,109394,55,1,1,5,645,3,352,6,60,0,4,6,0,0,0,1,8,2,0,0,2,1,1,1,1,61,9,2,0,0,0,0,0,19,1,5
3,1,17,0,7,0,1,0,0,0,0,1,1,1,1,36,7,4400,2,3,3,1,2,308762,101698,50,2,1,5,580,6,0,6,30,8,4,6,0,0,0,1,1,2,0,0,2,1,1,1,1,33,6,3,0,0,0,0,0,9,1,5
3,2,21,0,11,0,0,0,0,0,0,1,1,6,1,36,7,12740,2,5,2,1,2,510603,428756,16,2,1,1,228,3,63,3,40,0,4,6,0,0,0,1,1,2,0,0,1,1,1,1,1,33,6,3,0,0,0,0,0,9,1,5
3,1,9,0,18,0,0,0,0,0,0,3,1,6,1,22,5,1598,1,8,1,2,2,545530,163350,1,2,2,1,19,3,21,6,30,0,4,6,0,0,0,1,1,1,0,0,1,1,1,1,1,33,6,3,0,0,0,0,0,9,1,5
3,1,9,0,1,0,5,0,0,0,0,2,1,5,1,40,7,1600,1,2,3,1,1,562769,221940,42,1,1,4,463,6,0,6,30,3,4,6,0,0,0,4,2,2,0,0,2,1,1,3,2,14,3,3,5,3,0,0,0,0,3,7
3,1,9,0,17,0,0,0,0,7,4,2,1,6,1,18,4,1229,1,8,2,3,1,343082,676110,95,1,3,6,921,3,198,6,60,0,4,6,0,0,0,6,1,2,0,0,2,1,3,2,1,18,4,3,0,0,2,0,0,9,2,5
3,2,9,0,6,0,2,0,0,0,0,3,1,6,1,33,6,1598,1,8,1,1,2,541020,176090,1,2,1,1,6,3,2213,6,30,3,4,6,0,0,0,1,1,1,0,0,1,1,1,1,1,33,6,3,0,0,0,0,0,9,1,5
3,1,9,0,9,0,2,0,0,0,0,1,1,6,2,48,8,1995,2,4,3,1,1,483383,483045,12,1,1,3,185,3,170,6,30,6,4,5,67,0,4,1,1,1,0,0,2,1,1,3,2,83,11,3,1,3,0,0,0,0,1,5
3,2,9,0,4,0,1,0,0,0,0,2,1,6,1,29,6,1598,1,8,1,1,2,360670,225520,22,2,1,1,285,3,40,3,60,1,4,3,40,0,0,1,1,1,0,0,2,1,1,2,2,28,6,3,0,0,1,0,0,9,1,8
3,3,9,0,18,0,0,0,0,0,0,1,1,1,1,55,8,1360,1,14,1,3,3,454281,278923,33,3,3,2,363,1,6,3,70,0,4,6,0,0,0,1,1,1,0,0,2,1,1,2,1,25,5,3,0,0,2,0,0,9,1,5
3,1,9,0,9,0,2,0,0,0,0,0,1,6,3,38,7,1598,1,8,1,2,3,636680,149800,46,3,2,4,533,3,258,6,30,3,4,6,0,0,0,1,1,1,0,0,1,1,1,1,1,33,6,3,0,0,0,0,0,9,1,5
3,1,9,0,18,0,8,0,0,3,11,1,1,6,2,41,7,1598,1,8,2,1,2,418672,528932,11,2,1,3,169,4,6282,6,40,6,4,5,93,0,0,1,2,2,0,0,2,1,1,1,1,33,6,3,0,0,0,0,0,9,1,5
3,1,9,0,4,0,1,0,0,0,0,3,1,6,1,57,9,1762,1,15,1,1,4,441898,113904,44,4,1,7,500,3,33,6,40,3,4,6,0,0,8,1,1,1,0,0,1,1,1,1,1,33,6,3,0,0,0,0,0,9,1,5
3,2,4,0,18,0,8,0,0,0,0,1,1,6,1,40,7,395,1,9,1,1,2,529320,184390,1,2,1,3,2,3,503,6,30,3,4,6,0,0,0,1,1,1,0,0,1,1,1,1,1,40,7,3,0,0,0,0,0,4,1,2
3,1,9,0,18,0,0,1,0,7,9,1,1,6,2,18,4,1198,1,8,1,1,1,456436,381832,31,1,1,6,341,5,154,6,30,0,4,6,0,0,0,1,2,2,0,2,2,1,1,1,2,18,4,3,0,0,0,0,0,9,1,1
3,2,9,0,18,0,0,0,0,0,0,2,1,6,2,34,6,1360,1,9,1,2,3,350953,392788,5,3,2,5,92,3,570,3,70,0,4,6,0,0,0,1,1,1,0,0,2,1,1,1,2,34,6,3,0,0,0,0,0,9,1,1
2,2,98,1,2,0,1,0,0,0,0,2,1,1,1,44,7,1598,1,8,1,1,2,465685,320404,33,2,1,4,365,6,6111,6,60,8,4,6,1,0,0,6,1,3,0,0,2,1,1,1,1,33,6,3,0,0,0,0,0,9,1,5
3,2,9,0,16,0,0,0,0,0,0,1,1,6,2,43,7,1598,1,8,3,2,2,197920,200820,63,2,2,3,752,6,0,6,30,0,4,6,0,0,0,1,1,1,0,0,2,1,2,1,2,43,7,3,0,0,0,0,0,9,3,5
3,1,19,0,18,0,0,0,0,0,0,1,1,1,1,40,7,1560,2,2,1,3,2,534520,189870,1,2,3,6,31,3,1055,6,40,0,4,6,0,0,0,1,1,1,0,0,1,1,1,1,1,40,7,3,0,0,0,0,0,19,1,5
2,1,9,0,18,0,0,0,0,0,0,1,1,6,1,20,4,2776,2,10,1,4,2,521740,169940,1,2,4,5,23,3,238,3,50,0,4,6,0,0,0,4,1,2,0,0,1,1,2,2,1,42,7,2,0,0,1,0,0,9,1,8
3,2,9,0,18,0,2,0,0,0,0,2,1,6,2,44,7,1360,1,5,2,2,2,431957,282282,20,2,2,7,302,6,0,6,30,3,4,6,0,0,0,4,1,1,0,0,1,2,2,2,2,17,4,3,0,0,0,0,0,9,2,8
3,2,9,0,4,0,0,0,0,0,0,2,1,6,1,34,6,2987,2,8,1,1,3,417048,105660,44,3,1,1,496,3,31,3,70,0,4,6,0,0,0,1,1,1,0,0,2,1,1,2,2,30,6,3,0,0,1,0,0,9,1,2
3,1,9,0,4,0,1,0,0,0,0,1,1,6,2,38,7,1339,1,7,1,1,1,486722,233533,43,1,1,4,479,4,4034,6,30,1,4,6,1030,0,8,4,1,2,0,0,1,3,1,3,1,13,3,3,5,2,0,0,0,0,1,8
3,2,1,0,18,0,8,0,0,0,0,1,1,2,2,28,6,1598,1,8,1,1,2,528510,139656,47,2,1,2,560,6,0,1,30,1,4,6,0,0,0,1,1,1,0,0,2,1,1,1,2,28,6,3,0,0,0,0,0,1,1,8
3,1,9,0,16,0,0,0,0,0,0,3,1,6,2,43,7,1598,1,8,1,1,2,318455,368601,60,2,1,4,724,6,0,6,60,0,4,6,0,0,0,1,1,1,0,0,2,2,1,1,1,33,6,3,0,0,0,0,0,9,1,5
3,2,9,0,5,0,6,0,0,0,0,1,1,6,1,50,8,1368,1,4,1,1,2,490230,408661,16,2,1,3,232,4,1450,6,30,8,4,6,0,0,0,1,1,1,0,0,1,2,1,1,1,33,6,3,0,0,0,0,0,9,1,5
3,1,9,0,4,0,0,0,0,0,0,1,1,1,1,31,6,1995,2,2,1,1,2,579761,265748,37,2,1,3,414,3,14,3,70,0,4,6,0,0,0,1,1,1,0,0,2,1,1,1,1,33,6,3,0,0,0,0,0,9,1,5
3,1,9,0,3,0,0,0,0,0,0,2,1,1,1,53,8,1968,2,9,1,1,2,456775,404254,14,2,1,7,211,3,19,6,30,0,4,6,0,0,0,1,1,1,0,0,1,1,1,2,2,42,7,3,0,0,2,0,0,9,1,3
3,1,9,0,5,0,0,0,0,0,0,3,1,3,2,42,7,1598,1,8,1,1,1,435397,286811,23,1,1,3,291,6,0,6,30,0,4,6,0,0,0,1,1,1,0,0,1,2,1,3,2,5,1,3,5,4,0,0,0,0,1,5
3,1,19,0,18,0,0,0,0,0,0,1,1,1,1,46,8,2151,2,15,1,2,2,472940,339290,31,2,2,5,347,3,52,6,50,0,4,6,0,0,0,4,1,1,4,0,2,1,1,1,1,33,6,3,0,0,0,0,0,9,1,5
3,3,9,0,3,0,4,0,0,0,0,2,1,3,2,74,10,1598,1,8,1,1,4,486021,180403,43,4,1,6,474,6,7408,1,30,2,4,6,7408,0,0,1,1,2,0,0,2,1,1,1,1,33,6,3,0,0,0,0,0,9,1,5
3,2,9,0,3,0,1,0,0,0,0,2,1,3,2,29,6,2497,1,11,1,1,2,387314,158533,54,2,1,4,635,6,0,6,30,1,4,3,361,0,0,1,1,1,0,0,1,2,1,1,2,29,6,3,0,0,0,0,0,9,1,9
3,3,9,0,4,0,0,0,0,0,0,2,1,2,1,55,8,1560,2,4,1,3,4,537590,183240,1,4,3,6,5,3,12,3,50,0,4,6,0,0,0,4,1,1,0,0,1,1,2,1,1,55,8,3,0,0,0,0,0,9,1,4
3,1,19,0,18,0,0,0,0,0,0,1,1,1,1,24,5,2148,2,7,1,1,3,570688,107838,47,3,1,2,555,3,259,6,30,0,4,6,0,0,0,1,1,1,0,0,1,1,1,1,1,33,6,3,0,0,0,0,0,9,1,5
3,2,5,0,13,0,0,1,0,0,0,4,1,2,1,53,8,865,1,3,1,1,2,578298,193755,42,2,1,4,459,3,1245,6,60,0,4,6,0,0,0,1,1,1,0,0,2,1,1,1,1,53,8,3,0,0,0,0,0,5,1,9
3,2,9,0,2,0,0,0,0,0,0,2,1,6,1,38,7,1596,1,9,1,1,3,522094,163021,45,3,1,1,38,4,2200,6,30,0,4,6,0,0,0,1,1,1,0,0,1,1,1,1,1,33,6,3,0,0,0,0,0,9,1,5
3,3,9,0,18,0,8,0,0,0,0,2,1,6,2,32,6,1124,1,14,1,2,3,429643,556504,10,3,2,3,150,3,1231,1,70,1,4,3,182,0,0,1,1,2,1,0,1,2,1,1,1,33,6,3,0,0,0,0,0,9,1,5
3,1,9,0,18,0,0,0,0,0,0,1,1,6,2,39,7,1997,2,11,1,2,3,529696,138658,47,3,2,5,560,3,2011,3,70,0,4,6,0,0,0,1,1,1,0,0,2,1,1,1,2,39,7,3,0,0,0,0,0,9,1,2
3,1,9,0,9,0,8,0,0,0,0,3,1,6,2,53,8,1349,1,4,1,1,2,423447,437675,13,2,1,4,204,6,0,6,30,9,4,6,0,0,0,1,2,2,0,0,1,2,1,1,1,33,6,3,0,0,0,0,0,9,1,5
3,2,1,0,18,0,0,0,0,0,0,2,1,6,1,44,7,1598,1,8,1,1,2,588300,168240,46,2,1,1,540,6,1471,6,60,0,4,6,0,0,0,1,1,1,0,0,2,1,1,1,1,33,6,3,0,0,0,0,0,9,1,5
3,2,9,0,1,0,1,0,0,0,0,2,1,6,3,38,7,1598,1,8,1,2,2,517940,185070,1,2,2,6,28,3,404,6,30,6,2,6,0,0,5,1,5,2,0,0,1,1,1,1,1,33,6,3,0,0,0,0,0,9,1,5
1,4,17,0,18,0,0,0,0,0,0,2,1,6,1,52,8,1598,2,9,1,1,4,366337,168398,52,4,1,5,611,3,4,3,70,0,4,6,0,0,0,1,1,1,0,0,1,1,1,1,1,33,6,3,0,0,0,0,0,9,1,5
2,1,9,0,16,0,0,0,0,0,0,1,1,6,1,24,5,1396,1,11,2,2,2,316367,868341,92,2,2,5,930,4,9012,6,60,0,4,6,0,0,0,6,1,1,0,0,2,1,1,1,1,24,5,3,0,0,0,0,0,9,2,5
3,2,9,0,7,0,8,0,0,0,0,3,1,6,1,84,11,1124,1,14,1,1,3,539530,177580,1,3,1,4,6,5,0,1,30,2,4,6,0,0,0,1,1,1,0,0,1,1,1,1,1,33,6,3,0,0,0,0,0,9,1,5
3,1,20,0,18,0,0,0,0,0,0,1,1,1,1,25,5,1598,1,8,1,2,3,254541,370448,60,3,2,6,722,3,55,3,50,0,4,6,0,0,0,4,1,1,0,0,2,1,1,1,1,25,5,3,0,0,0,0,0,20,1,5
3,1,9,0,9,0,8,0,0,0,0,1,1,6,2,25,5,1598,1,8,1,1,2,399700,303620,20,2,1,2,307,3,34,6,30,3,2,6,0,0,0,4,7,2,0,0,1,1,1,1,2,25,5,3,0,0,0,0,0,9,1,1
3,2,9,0,9,0,5,0,0,0,0,4,1,6,1,45,7,1598,1,8,1,1,2,169021,44255,50,2,1,1,596,4,3300,6,60,8,4,6,0,0,0,1,4,1,0,0,2,1,1,1,1,33,6,3,0,0,0,0,0,9,1,5
3,2,9,0,6,0,1,0,0,0,0,0,1,6,1,47,8,1560,2,3,1,1,2,358621,172471,52,2,1,7,601,6,0,6,20,3,2,6,0,0,8,1,1,1,0,0,1,1,1,1,1,33,6,3,0,0,0,0,0,9,1,5
1,1,5,0,16,0,8,0,0,0,0,1,1,2,1,53,8,1187,1,6,1,1,2,340530,406290,4,2,1,5,84,4,5197,6,30,3,4,6,0,0,0,1,1,1,0,0,1,1,1,1,1,53,8,1,0,0,0,0,0,5,1,6
3,2,9,0,18,0,0,0,0,0,0,1,1,6,2,46,8,998,1,12,1,2,2,414036,434446,13,2,2,5,200,6,0,6,30,0,4,6,0,0,0,1,1,1,0,0,1,1,2,2,2,16,4,3,0,0,1,0,0,9,1,6
3,2,9,0,18,0,8,0,0,0,0,1,1,6,1,41,7,1368,1,8,1,1,2,434429,387378,14,2,1,5,215,3,61,1,40,1,2,4,6539,0,0,1,1,1,0,0,1,2,1,1,1,33,6,3,0,0,0,0,0,9,1,5
3,1,9,0,5,0,8,0,0,0,0,1,1,2,1,34,6,1988,1,12,1,1,2,510540,174350,1,2,1,5,25,3,312,6,30,6,2,3,315,0,5,4,1,1,0,0,1,1,1,1,1,33,6,3,0,0,0,0,0,9,1,5
3,1,9,0,18,0,8,0,0,0,0,1,1,6,1,41,7,1797,8,3,1,1,2,526640,190630,1,2,1,5,30,6,0,6,30,3,4,6,0,0,0,1,1,1,0,0,1,1,1,1,1,41,7,3,0,0,0,0,0,9,1,8
3,1,9,0,3,0,2,0,0,0,0,2,1,6,1,21,5,1598,1,10,1,3,2,518040,184980,1,2,3,6,28,3,4089,6,30,3,4,6,0,0,0,1,1,1,0,0,1,1,2,2,1,18,4,3,0,0,1,0,0,9,1,4
3,1,9,0,14,0,0,0,0,0,0,4,1,6,3,38,7,1598,1,8,1,1,1,398374,355902,21,1,1,1,256,6,290,6,30,0,4,6,0,0,0,1,1,1,0,0,1,2,1,3,2,42,7,3,9,5,0,0,0,0,1,4
3,1,9,0,18,0,0,0,0,8,11,1,1,6,1,17,4,1598,1,8,3,2,1,383218,363499,7,1,2,1,129,3,54,6,40,0,4,6,0,0,0,4,1,2,0,0,2,1,2,2,1,18,4,3,0,0,1,0,0,9,3,10
3,1,9,0,3,0,0,0,0,0,0,2,1,6,1,43,7,1390,1,4,1,1,2,415729,131705,54,2,1,4,635,3,30,6,30,0,4,6,0,0,0,1,1,1,0,0,1,1,1,1,1,33,6,3,0,0,0,0,0,9,1,5
3,2,9,0,18,0,8,0,0,0,0,1,1,6,2,58,9,1399,2,10,3,2,2,390726,358058,21,2,2,4,256,6,198,6,30,6,4,6,198,0,0,1,1,1,0,0,2,1,2,1,2,58,9,3,0,0,0,0,0,9,3,8
2,2,9,0,2,0,2,0,0,0,0,4,1,6,3,38,7,1598,1,8,1,1,2,285548,194362,62,2,1,6,740,3,4063,6,30,3,4,6,0,0,0,4,2,2,0,0,1,1,1,1,1,33,6,3,0,0,0,0,0,9,1,5
3,1,9,0,6,0,0,0,0,0,0,0,1,6,3,38,7,1598,1,8,1,1,2,511656,164693,45,2,1,2,510,6,3848,6,30,0,4,6,0,0,0,7,1,1,0,0,1,1,1,1,1,33,6,3,0,0,0,0,0,9,1,5
2,1,9,0,18,0,1,0,0,0,0,1,1,6,3,39,7,1598,1,8,3,1,2,173058,41336,50,2,1,6,596,6,0,6,30,3,4,4,3298,0,0,1,2,2,0,0,2,2,1,1,1,33,6,3,0,0,0,0,0,9,1,5
3,3,9,0,10,0,8,0,0,0,0,3,1,6,1,69,10,1753,2,9,3,2,3,535940,123701,47,3,2,5,563,4,2111,6,40,3,4,3,272,0,0,1,1,1,0,0,2,1,1,1,1,33,6,3,0,0,0,0,0,9,1,5
3,1,19,0,18,0,2,0,0,0,0,1,1,1,1,43,7,1968,2,8,1,1,3,513617,103327,47,3,1,2,564,3,2031,6,30,3,4,6,0,0,0,1,1,1,0,0,1,1,1,1,1,33,6,3,0,0,0,0,0,9,1,5
3,1,19,0,7,0,6,0,0,0,0,4,1,1,1,27,6,1598,1,8,1,1,2,433536,562833,10,2,1,4,149,5,405,6,30,3,4,5,405,0,0,4,1,2,0,0,1,1,1,1,1,33,6,3,0,0,0,0,0,9,1,5
3,1,9,0,9,0,6,0,0,0,0,3,1,6,1,67,10,1461,2,1,1,1,2,507117,428772,16,2,1,4,228,6,0,6,30,8,4,6,0,0,0,1,1,1,0,0,1,1,1,1,1,33,6,3,0,0,0,0,0,9,1,5
3,2,9,0,2,0,1,0,0,0,0,4,1,6,1,40,7,1596,1,15,1,1,2,444111,296411,33,2,1,1,361,5,5114,6,30,3,4,6,5120,0,0,4,1,2,0,0,1,1,1,1,1,33,6,3,0,0,0,0,0,9,1,5
3,4,9,0,3,0,0,0,0,0,0,3,1,6,1,68,10,2000,2,9,1,1,4,546550,246620,35,4,1,1,395,1,11,3,70,0,4,6,0,0,0,1,1,1,0,0,2,1,1,1,1,33,6,3,0,0,0,0,0,9,1,5
2,1,9,0,18,0,1,5,0,2,4,4,1,6,1,29,6,3200,2,11,3,2,1,590550,163450,46,1,2,1,540,6,4004,6,30,3,4,6,0,0,0,4,1,1,0,0,1,1,1,1,1,29,6,2,0,0,0,0,0,9,3,1
3,2,9,0,4,0,8,0,0,0,0,2,1,6,1,21,5,1242,1,8,1,2,4,588319,186881,42,4,2,7,460,4,1015,6,30,3,4,6,0,0,0,1,1,1,0,0,1,1,2,1,1,21,5,3,0,0,0,0,0,9,1,6
3,2,9,0,2,0,1,0,0,0,0,4,1,6,1,46,8,1598,2,8,2,1,3,254627,621902,97,3,1,6,919,4,7036,6,30,3,4,6,0,0,0,1,5,2,0,0,2,2,1,1,1,33,6,3,0,0,0,0,0,9,1,5
3,1,9,0,18,0,0,0,4,0,0,1,1,6,2,38,7,1493,1,16,1,4,2,410950,291710,20,2,4,4,300,4,4139,6,30,0,4,6,0,0,0,1,8,1,0,0,1,2,1,3,2,31,6,3,9,5,0,0,0,0,1,1
2,1,3,0,18,0,0,1,0,1,0,1,1,2,1,19,4,125,1,4,1,1,1,421178,450824,12,1,1,2,182,4,6451,6,60,0,4,6,0,0,0,1,1,1,0,0,2,1,1,1,1,19,4,2,0,0,0,0,0,3,1,1
3,2,9,0,18,0,1,0,0,0,0,2,1,6,2,36,7,1360,1,6,2,4,2,427948,562365,10,2,4,4,146,3,184,3,40,3,2,6,6032,0,0,1,1,1,0,0,1,1,2,2,1,50,8,3,0,0,1,0,0,9,1,5
3,1,9,0,17,0,0,1,0,1,0,4,1,6,2,18,4,1242,1,8,2,1,1,249807,635526,97,1,1,4,919,4,744,6,60,0,4,6,0,0,0,1,1,2,0,0,2,1,1,2,2,18,4,3,0,0,1,0,0,9,1,5
3,2,9,0,18,0,1,0,0,0,0,1,1,2,2,20,4,1598,1,8,2,1,2,573890,152040,46,2,1,4,536,5,65,6,50,8,4,6,0,0,0,6,1,1,0,0,2,1,1,1,2,20,4,3,0,0,0,0,0,9,2,5
3,1,1,0,4,0,8,0,0,0,0,2,1,6,2,35,6,1598,1,8,1,1,2,504747,174236,45,2,1,3,40,3,3044,3,30,3,1,4,378,0,5,1,1,2,0,0,2,2,1,1,2,35,6,3,0,0,0,0,0,1,1,5
3,1,3,0,18,0,8,0,0,0,0,1,1,6,1,38,7,1598,1,8,1,1,2,453105,349811,31,2,1,5,340,6,0,6,30,3,4,6,0,0,0,1,1,1,0,0,1,1,1,1,1,33,6,3,0,0,0,0,0,9,1,5
3,2,9,0,7,0,8,0,0,0,0,4,1,6,2,21,5,1390,1,2,1,1,2,280611,688681,96,2,1,6,939,3,872,1,60,5,4,1,80,0,0,1,1,1,0,0,2,1,1,2,2,17,4,3,0,0,1,0,0,9,1,5
3,3,9,0,4,0,1,0,0,0,0,1,1,6,3,38,7,2995,1,10,1,2,3,532430,177800,1,3,2,7,8,3,215,6,30,3,4,6,0,0,1,4,1,1,0,0,1,1,1,1,1,33,6,3,0,0,0,0,0,9,1,5
2,1,9,0,18,0,8,0,0,0,0,1,1,6,1,76,11,1995,1,8,1,1,2,498072,179887,43,2,1,2,473,3,4,1,30,1,4,6,7302,0,0,1,1,1,0,0,1,1,1,1,1,33,6,3,0,0,0,0,0,9,1,5
3,1,9,0,18,0,0,0,0,0,0,1,1,6,1,31,6,1598,1,9,1,2,2,510639,157721,45,2,2,1,510,1,25,3,70,0,4,6,0,0,0,1,1,1,0,0,2,1,1,1,1,31,6,3,0,0,0,0,0,9,1,10
3,1,9,0,5,0,1,0,0,0,0,1,1,6,1,18,4,898,1,8,1,2,2,332640,673130,95,2,2,4,923,4,6415,3,30,5,4,3,199,0,0,1,7,2,0,0,1,2,1,1,1,33,6,3,0,0,0,0,0,9,1,5
2,1,9,0,5,0,4,0,0,0,0,1,1,1,2,38,7,998,1,3,1,1,2,455319,305245,33,2,1,7,364,3,563,1,30,1,4,5,1136,0,4,1,1,1,0,0,1,1,1,1,1,33,6,3,0,0,0,0,0,9,1,5
3,2,9,0,3,0,1,0,0,0,0,0,1,1,2,31,6,1582,2,3,1,2,2,351173,384972,7,2,2,1,124,3,562,3,40,6,2,5,2020,0,0,4,1,1,0,0,1,2,1,1,1,33,6,3,0,0,0,0,0,9,1,5
3,4,9,0,3,0,0,0,0,0,0,0,1,1,1,35,6,1997,2,1,1,2,4,516387,129397,47,4,2,4,562,4,2237,6,40,0,4,6,0,0,0,1,1,1,0,0,1,1,1,1,1,33,6,3,0,0,0,0,0,9,1,5
3,2,9,0,4,0,2,0,0,0,0,2,1,6,2,42,7,1995,2,13,2,1,2,430372,567744,10,2,1,5,148,3,1058,3,70,5,4,3,1058,0,0,1,1,1,0,0,1,2,1,1,2,42,7,3,0,0,0,0,0,9,2,5
3,2,1,0,18,0,0,0,0,0,0,3,1,6,1,28,6,1598,1,8,1,1,2,453024,205601,43,2,1,5,482,4,480,6,20,0,4,6,0,0,0,4,1,1,0,0,1,2,1,1,1,28,6,3,0,0,0,0,0,1,1,6
3,1,9,0,17,0,8,0,0,0,0,1,1,6,2,45,7,1598,1,11,1,2,2,456424,305481,33,2,2,7,364,6,1537,6,30,3,4,6,1541,0,0,1,1,1,0,0,1,1,1,1,2,45,7,3,0,0,0,0,0,9,1,1
3,1,9,0,4,0,4,0,0,0,0,1,1,6,3,38,7,1598,1,8,1,1,2,392886,223190,53,2,1,2,620,6,675,1,30,2,4,5,9037,0,0,1,1,1,0,0,1,1,1,1,1,33,6,3,0,0,0,0,0,9,1,5
3,2,9,0,3,0,0,0,0,0,0,2,1,6,1,67,10,1598,1,8,1,6,3,363789,180258,52,3,6,1,612,1,4,3,70,0,4,6,0,0,0,1,1,1,0,0,2,1,6,2,2,65,9,3,0,0,1,0,0,9,1,5
2,1,9,0,7,0,6,0,0,0,0,1,1,6,1,62,9,1985,1,18,1,1,2,505244,250876,40,2,1,3,420,6,0,6,30,3,4,6,0,0,0,4,1,2,0,0,1,1,1,1,1,33,6,3,0,0,0,0,0,9,1,5
3,1,3,0,18,0,8,0,0,0,0,4,1,6,1,22,5,125,1,1,1,1,2,524320,174240,1,2,1,2,10,3,3,6,30,3,4,6,0,0,0,1,1,1,0,0,1,1,1,1,1,22,5,3,0,0,0,0,0,3,1,2
3,1,9,0,1,9,5,0,0,0,0,1,1,6,1,16,4,1537,1,18,1,1,3,431339,435069,13,3,1,5,204,6,0,6,30,3,4,3,58,0,0,4,1,1,0,0,1,1,1,3,1,32,6,3,6,9,0,0,0,0,1,6
3,1,9,0,18,0,1,0,0,0,0,1,1,2,1,29,6,1364,1,9,1,1,2,435941,561921,10,2,1,2,149,6,3015,6,30,3,4,6,3015,0,0,1,1,1,0,0,2,1,1,1,1,33,6,3,0,0,0,0,0,9,1,5
2,1,1,0,18,0,0,0,0,0,0,3,1,6,1,43,7,1598,1,8,1,1,2,444020,295199,33,2,1,3,361,4,4668,6,40,0,4,6,0,0,0,6,1,1,0,0,2,2,1,1,1,43,7,2,0,0,0,0,0,1,1,6
3,1,9,0,18,0,0,5,0,7,0,1,1,6,1,45,7,2993,2,3,1,1,3,451153,398593,14,3,1,7,211,6,0,2,30,0,4,6,0,0,0,1,1,1,0,0,1,1,1,1,1,45,7,3,0,0,0,0,0,9,1,1
3,2,9,0,18,0,8,0,0,0,0,1,1,6,2,31,6,1390,1,13,1,2,2,522670,175410,1,2,2,6,24,3,205,6,30,3,4,6,0,0,0,1,1,1,0,0,1,1,2,1,2,31,6,3,0,0,0,0,0,9,1,2
3,2,9,0,18,0,0,0,0,0,0,1,1,1,2,26,6,996,1,5,2,2,2,309954,97009,50,2,2,7,580,6,0,6,60,0,4,6,0,0,0,1,1,1,0,0,2,1,1,1,2,26,6,3,0,0,0,0,0,9,2,9
3,2,9,0,15,0,0,0,0,0,0,3,1,6,1,52,8,1242,1,2,1,1,2,517220,182830,1,2,1,1,27,3,40,3,30,0,4,6,0,0,0,4,1,1,0,0,1,1,1,1,1,33,6,3,0,0,0,0,0,9,1,5
3,2,9,0,4,0,2,0,0,0,0,2,1,1,1,49,8,1598,1,8,1,1,2,302358,378147,60,2,1,3,723,6,0,6,30,3,4,6,0,0,4,4,1,1,0,0,2,1,1,1,1,49,8,3,0,0,0,0,0,9,1,5
3,1,9,0,18,0,6,0,0,0,0,1,1,2,1,58,9,1596,1,11,1,3,2,405774,91114,55,2,3,2,643,5,2,6,30,6,4,6,0,0,0,1,1,1,0,0,1,1,1,1,1,58,9,3,0,0,0,0,0,9,1,3