accident_severity,vehicle_reference,vehicle_type,towing_and_articulation,vehicle_manoeuvre,vehicle_location-restricted_lane,junction_location,skidding_and_overturning,hit_object_in_carriageway,vehicle_leaving_carriageway,hit_object_off_carriageway,1st_point_of_impact,was_vehicle_left_hand_drive?,journey_purpose_of_driver,sex_of_driver,age_of_driver,age_band_of_driver,engine_capacity_(cc),propulsion_code,age_of_vehicle,driver_home_area_type,NUmber_of_Casualities_unique_to_accident_index,No_of_Vehicles_involved_unique_to_accident_index,location_easting_osgr,location_northing_osgr,police_force,number_of_vehicles,number_of_casualties,day_of_week,local_authority_(district),1st_road_class,1st_road_number,road_type,speed_limit,junction_detail,junction_control,2nd_road_class,2nd_road_number,pedestrian_crossing-human_control,pedestrian_crossing-physical_facilities,light_conditions,weather_conditions,road_surface_conditions,special_conditions_at_site,carriageway_hazards,urban_or_rural_area,did_police_officer_attend_scene_of_accident,casualty_reference,casualty_class,sex_of_casualty,age_of_casualty,age_band_of_casualty,casualty_severity,pedestrian_location,pedestrian_movement,car_passenger,bus_or_coach_passenger,pedestrian_road_maintenance_worker,casualty_type,casualty_home_area_type,casualty_imd_decile
3,1,9,0,18,0,8,0,0,0,0,1,1,6,1,56,9,1896,2,11,1,1,2,411782,290624,20,2,1,3,300,6,0,3,30,8,4,6,0,0,0,1,8,2,0,0,1,2,1,1,1,56,9,3,0,0,0,0,0,9,1,1
3,1,3,0,18,0,1,1,0,0,0,1,1,6,1,36,7,124,1,2,1,1,3,569508,187861,42,3,1,5,450,6,0,6,30,3,4,6,0,0,0,4,1,1,0,0,1,1,1,1,1,36,7,3,0,0,0,0,0,3,1,5
3,1,9,0,16,0,0,0,0,0,0,1,1,6,2,52,8,1598,1,1,1,1,3,426218,552553,11,3,1,3,169,5,183,6,60,0,4,6,0,0,0,6,1,2,0,0,2,1,1,1,2,52,8,3,0,0,0,0,0,9,1,2
3,3,9,0,18,0,1,0,0,0,0,1,1,6,1,44,7,1398,2,4,1,5,3,430995,297736,23,3,5,7,290,4,4116,1,30,2,4,6,0,0,1,1,1,1,0,0,1,1,2,1,1,44,7,3,0,0,0,0,0,9,1,4
2,1,9,0,9,0,5,0,0,0,0,1,1,6,1,62,9,1590,1,11,1,3,2,427971,562359,10,2,3,3,146,3,184,3,40,3,2,6,6032,0,0,5,1,1,0,0,1,1,1,1,1,62,9,3,0,0,0,0,0,9,1,2
3,2,97,0,18,0,0,0,0,0,0,1,1,6,1,29,6,125,1,8,1,1,2,449962,88927,44,2,1,7,505,6,0,2,30,0,4,6,0,0,1,1,1,1,0,0,1,2,1,1,1,29,6,3,0,0,0,0,0,97,1,4
2,1,9,0,18,0,0,0,0,0,0,4,1,6,1,64,9,2199,2,1,1,1,1,442341,90396,44,1,1,5,505,6,0,6,60,0,4,6,0,0,0,1,1,1,0,0,2,1,1,3,1,4,1,2,5,2,0,0,0,0,1,5
2,1,3,0,18,0,1,0,10,1,7,1,1,6,1,14,3,125,1,11,1,1,1,528660,175780,1,1,1,5,9,3,3036,6,30,3,4,6,0,0,0,4,1,1,0,0,1,1,1,1,1,14,3,2,0,0,0,0,0,3,1,3
3,1,9,0,18,0,8,1,10,1,10,1,1,6,1,37,7,1984,1,2,1,2,2,535380,183850,1,2,2,1,4,3,106,6,30,6,4,6,0,0,1,4,1,1,0,0,1,1,2,3,2,17,4,3,4,1,0,0,2,0,1,2
2,1,9,0,18,0,4,0,0,3,4,4,1,2,1,53,8,1560,2,1,1,1,1,528530,120547,47,1,1,5,563,3,2300,6,60,1,4,6,0,0,0,4,1,1,0,0,2,1,1,1,1,53,8,2,0,0,0,0,0,9,1,5
3,2,1,0,18,0,1,0,0,0,0,4,1,6,1,68,10,1598,1,8,1,1,2,305521,367217,60,2,1,6,723,6,0,6,30,3,4,6,0,0,0,1,1,1,0,0,2,2,1,1,1,68,10,3,0,0,0,0,0,1,1,5
3,2,9,0,2,0,2,0,0,0,0,2,1,6,2,45,7,1598,1,8,1,1,3,330662,358464,60,3,1,2,724,6,0,6,30,8,4,6,0,0,0,1,2,2,0,0,2,1,1,1,1,33,6,3,0,0,0,0,0,9,1,5
3,1,9,0,18,0,0,0,0,0,0,4,2,6,1,38,7,1598,1,8,1,1,1,352029,392426,5,1,1,2,92,4,5204,6,30,0,4,6,0,0,0,1,1,1,0,0,1,1,1,3,2,12,3,3,5,1,0,0,0,0,1,4
2,1,9,0,18,0,0,0,0,1,4,1,1,6,1,23,5,1598,1,8,1,1,2,288062,182597,62,2,1,7,740,1,4,3,70,0,4,6,0,0,0,6,1,2,0,0,2,1,1,1,1,23,5,2,0,0,0,0,0,9,1,5
3,2,1,0,9,0,8,0,0,0,0,3,1,6,1,25,5,1598,1,8,1,1,2,453737,206674,43,2,1,2,482,6,320,6,20,3,4,6,0,0,0,4,1,1,0,0,1,2,1,1,1,25,5,3,0,0,0,0,0,1,1,6
2,1,9,0,18,0,0,5,0,7,4,1,1,6,1,26,6,1796,1,9,2,1,1,173483,47748,50,1,1,1,596,4,3277,6,30,0,4,6,0,0,0,6,1,1,0,0,2,1,1,1,1,26,6,2,0,0,0,0,0,9,2,5
3,2,9,0,18,0,0,0,0,0,0,3,1,6,1,25,5,1598,1,8,1,1,2,378900,411420,6,2,1,1,101,5,0,6,30,0,4,6,0,0,0,4,1,1,0,0,1,1,1,1,1,25,5,3,0,0,0,0,0,9,1,5
2,1,5,0,11,0,0,1,0,7,0,1,1,2,1,32,6,750,1,6,3,1,1,498863,150822,45,1,1,5,511,3,25,3,40,0,4,6,0,2,1,4,1,1,0,0,1,1,1,1,1,32,6,2,0,0,0,0,0,5,3,5
3,1,9,0,18,0,0,0,4,0,0,1,1,6,1,39,7,1997,2,9,3,2,2,280007,59811,50,2,2,6,584,3,381,6,40,0,4,6,0,0,0,6,1,1,4,0,2,1,1,1,1,33,6,3,0,0,0,0,0,9,1,5
3,2,9,0,3,0,8,0,0,0,0,2,1,6,2,29,6,1753,2,13,1,3,2,459177,305650,33,2,3,5,364,3,607,1,30,1,2,4,5427,0,5,4,1,1,0,0,1,2,2,2,2,25,5,3,0,0,1,0,0,9,1,5
3,1,9,0,18,0,2,0,0,0,0,4,1,2,1,42,7,1910,2,8,1,1,2,519660,299750,35,2,1,3,394,6,0,6,30,3,4,6,0,0,0,1,1,1,0,0,1,1,1,1,1,33,6,3,0,0,0,0,0,9,1,5
3,1,9,0,3,0,1,0,0,0,0,2,1,6,2,27,6,1796,1,13,1,2,2,503594,488087,12,2,2,7,186,3,64,6,30,6,2,6,446,0,5,1,4,1,0,0,1,2,1,1,2,27,6,3,0,0,0,0,0,9,1,3
3,1,9,0,4,0,8,0,0,0,0,2,1,6,1,25,5,1956,2,3,1,1,2,544210,178920,1,2,1,6,6,3,206,6,30,3,4,6,0,0,0,4,1,1,0,0,1,1,1,1,1,25,5,3,0,0,0,0,0,9,1,5
3,1,19,0,18,0,0,1,0,7,11,1,1,1,1,18,4,2500,2,7,3,1,1,410625,417983,13,1,1,2,203,6,0,6,30,0,4,6,0,0,0,1,2,2,0,0,1,1,1,1,1,18,4,3,0,0,0,0,0,19,3,9
3,2,9,0,4,0,0,0,0,0,0,1,1,2,2,23,5,1598,1,3,1,1,3,512090,183520,1,3,1,3,27,3,312,3,30,0,4,6,0,0,0,1,1,1,0,0,1,1,1,2,2,65,9,3,0,0,1,0,0,9,1,1
3,1,9,0,18,0,0,0,0,0,0,1,1,6,1,71,10,1598,1,8,1,2,3,297403,377281,60,3,2,4,721,3,547,6,60,0,4,6,0,0,0,1,1,1,0,0,2,1,1,1,1,33,6,3,0,0,0,0,0,9,1,5
3,1,3,0,18,0,0,0,0,0,0,4,1,6,1,21,5,124,1,8,1,1,1,510050,180080,1,1,1,7,26,5,0,6,30,0,4,6,0,0,0,4,1,1,0,0,1,1,1,1,1,21,5,3,0,0,0,0,0,3,1,3
3,1,9,0,1,0,0,0,0,0,0,2,1,6,2,71,10,1995,1,6,1,1,2,528263,104377,47,2,1,3,565,6,0,6,30,0,4,6,0,0,0,1,1,1,0,0,1,1,1,1,1,33,6,3,0,0,0,0,0,9,1,5
3,1,9,0,3,0,1,0,0,0,0,2,1,6,1,25,5,1229,1,8,1,2,2,532750,180730,48,2,2,2,570,3,3211,3,40,6,2,5,0,0,5,4,1,1,0,0,1,1,2,2,2,24,5,3,0,0,2,0,0,9,1,7
3,1,9,0,17,0,0,5,0,8,4,4,1,6,1,19,4,1598,1,8,1,2,1,373760,319900,22,1,2,2,284,4,5062,6,60,0,4,6,0,0,0,6,1,1,0,0,2,1,1,1,1,19,4,3,0,0,0,0,0,9,1,5
3,1,9,0,18,0,1,0,0,0,0,1,1,6,1,76,11,1598,1,8,1,2,2,533650,186710,1,2,2,1,4,3,10,6,30,3,2,3,10,0,5,4,1,1,0,0,1,1,1,1,1,76,11,3,0,0,0,0,0,9,1,5
3,1,9,0,18,0,1,0,0,1,4,1,1,6,1,50,8,698,1,12,3,2,1,410217,531559,11,1,2,5,169,6,0,6,60,3,4,6,0,0,0,6,2,2,0,0,2,1,2,2,1,27,6,3,0,0,1,0,0,9,3,5
3,1,17,0,18,0,0,2,0,0,0,4,1,1,1,22,5,904,2,4,3,1,1,466920,127256,44,1,1,6,497,6,0,6,60,0,4,6,0,0,0,1,1,2,0,0,2,1,1,1,1,22,5,3,0,0,0,0,0,17,3,7
3,1,9,0,18,0,0,0,0,0,0,1,1,6,2,45,7,2999,2,15,1,1,2,346638,372824,7,2,1,3,130,6,0,6,60,0,4,6,0,0,0,6,1,2,0,0,2,1,1,2,1,18,4,3,0,0,2,0,0,9,1,2
2,2,1,0,4,0,6,0,0,0,0,1,1,2,1,39,7,1598,1,8,1,1,2,334436,395817,5,2,1,5,93,6,0,6,30,3,4,3,5098,0,0,4,2,2,0,0,1,1,2,1,1,39,7,2,0,0,0,0,0,1,1,1
3,1,9,0,9,0,6,0,0,0,0,4,1,1,2,25,5,1560,2,8,1,2,2,251420,59721,50,2,2,2,583,4,3432,6,30,9,3,6,0,0,0,1,1,1,0,0,1,1,1,1,2,25,5,3,0,0,0,0,0,9,1,8
1,2,21,1,18,0,0,1,0,0,0,3,1,1,1,63,9,12740,2,1,2,1,2,378311,207449,53,2,1,5,624,1,5,3,70,0,4,6,0,0,0,6,1,1,0,0,2,1,1,1,1,33,6,3,0,0,0,0,0,9,1,5
3,2,1,0,18,0,8,0,0,0,0,1,1,6,1,42,7,1598,1,8,1,1,2,537960,169420,1,2,1,6,19,3,222,6,30,3,4,6,0,0,0,1,1,1,0,0,1,1,1,1,1,42,7,3,0,0,0,0,0,1,1,10
3,2,19,4,18,0,0,0,0,0,0,4,1,6,3,38,7,1598,1,8,1,1,2,534125,155401,45,2,1,5,516,4,2030,2,30,0,4,6,0,0,5,7,1,1,0,0,1,2,1,1,1,33,6,3,0,0,0,0,0,9,1,5
3,1,9,0,18,0,8,0,0,0,0,3,1,1,2,35,6,1598,1,8,1,1,2,447800,311143,33,2,1,7,361,3,50,1,60,1,4,3,511,0,0,1,1,1,0,0,2,1,1,1,1,33,6,3,0,0,0,0,0,9,1,5
3,2,9,0,4,0,8,1,0,0,0,1,1,3,2,32,6,998,1,17,1,1,2,435512,408250,14,2,1,2,210,3,633,6,40,3,4,6,0,0,0,1,1,4,0,0,1,1,1,2,1,13,3,3,0,0,1,0,0,9,1,6
3,1,5,0,18,0,8,0,0,0,0,1,1,6,1,49,8,999,1,5,1,1,2,530800,195110,1,2,1,6,32,5,0,6,30,3,4,6,0,0,0,1,1,1,0,0,1,1,1,1,1,49,8,3,0,0,0,0,0,5,1,5
3,2,9,0,3,0,1,0,0,0,0,2,1,6,2,34,6,898,1,2,1,1,2,273296,662594,97,2,1,3,932,3,725,6,40,3,4,6,0,0,0,1,2,2,0,0,2,1,1,1,2,34,6,3,0,0,0,0,0,9,1,5
2,1,5,0,16,0,1,1,0,7,10,1,1,6,1,47,8,599,1,2,3,1,1,303539,828773,91,1,1,7,927,3,95,6,60,3,4,6,0,0,0,1,1,1,0,0,2,1,1,1,1,47,8,2,0,0,0,0,0,5,3,5
2,1,9,0,1,0,1,0,0,0,0,2,1,6,2,43,7,2993,2,3,3,1,1,278027,882102,91,1,1,5,927,4,9174,6,30,3,4,6,0,0,0,1,1,1,0,0,2,1,1,3,2,89,11,2,5,3,0,0,0,0,2,5
3,2,1,0,9,0,5,0,0,0,0,3,1,6,1,43,7,1598,1,8,1,1,2,457647,336212,31,2,1,1,347,6,0,6,30,3,4,6,0,0,0,1,1,1,0,0,1,2,1,1,1,43,7,3,0,0,0,0,0,1,1,7
3,2,9,0,18,0,1,0,0,0,0,1,1,6,1,56,9,1400,1,11,1,2,2,353350,431380,4,2,2,2,79,3,6,6,30,3,4,6,0,0,0,1,1,1,0,0,1,1,2,1,1,56,9,3,0,0,0,0,0,9,1,8
2,2,9,0,6,0,0,0,10,7,10,3,1,6,1,67,10,1997,2,1,1,4,2,399420,292840,20,2,4,7,305,3,4196,6,30,0,4,6,0,0,0,4,1,1,0,0,1,1,2,1,1,67,10,3,0,0,0,0,0,9,1,3
3,2,9,0,18,0,0,0,0,0,0,1,1,6,1,23,5,1149,1,11,1,1,2,441823,112008,44,2,1,6,500,6,0,6,30,0,4,6,0,0,0,1,1,1,0,0,1,2,1,1,1,23,5,3,0,0,0,0,0,9,1,6
3,2,9,0,9,0,8,0,0,0,0,3,1,6,1,25,5,2000,2,4,1,2,2,526550,167000,1,2,2,7,21,3,217,6,30,6,2,5,0,0,5,4,1,1,0,0,1,1,1,1,1,33,6,3,0,0,0,0,0,9,1,5
3,2,9,0,3,0,1,0,0,0,0,2,1,6,1,35,6,1598,1,8,2,2,2,292130,92230,50,2,2,5,581,3,3015,2,30,3,4,4,3212,0,5,1,1,1,0,0,1,2,1,1,1,35,6,3,0,0,0,0,0,9,2,6
3,2,9,0,3,0,1,0,0,0,0,2,1,2,2,19,4,1149,1,15,1,1,2,606832,258460,37,2,1,2,413,3,14,7,60,1,4,3,1120,0,0,1,1,1,0,0,2,1,1,1,2,19,4,3,0,0,0,0,0,9,1,6
3,2,9,0,18,0,8,1,0,0,0,1,1,6,2,23,5,1598,1,8,1,2,2,481851,258788,34,2,2,2,385,3,428,6,30,3,4,5,24,0,0,1,1,1,0,0,2,1,2,1,2,23,5,3,0,0,0,0,0,9,1,2
3,1,3,0,18,0,1,1,0,0,0,1,1,6,1,17,4,1598,1,8,3,1,3,202080,215640,63,3,1,3,752,3,40,6,60,3,4,6,0,0,0,1,1,1,0,0,2,1,1,1,1,17,4,3,0,0,0,0,0,3,3,5
3,2,9,0,3,0,0,0,0,0,0,2,1,2,2,22,5,1398,2,12,1,1,2,384250,278120,22,2,1,5,278,3,449,6,30,0,4,6,0,0,0,1,1,1,0,0,1,2,1,1,2,22,5,3,0,0,0,0,0,9,1,8
3,1,8,0,18,0,8,0,0,0,0,1,1,1,1,21,5,1968,2,4,1,3,2,488775,412148,16,2,3,6,232,6,0,6,30,6,4,6,0,0,0,4,2,2,0,0,1,1,3,2,1,35,6,3,0,0,1,0,0,8,1,1
3,2,1,0,18,5,1,0,0,0,0,1,1,5,2,13,3,1598,1,8,1,1,2,350879,313794,22,2,1,2,286,6,0,6,30,3,4,5,0,0,8,4,1,2,0,0,1,1,1,1,2,13,3,3,0,0,0,0,0,1,1,4
3,2,9,0,18,0,1,0,0,0,0,1,1,6,1,45,7,1598,1,13,1,5,3,534780,195730,1,3,5,4,32,5,0,6,30,3,4,6,0,0,8,1,1,1,0,0,1,1,4,2,2,43,7,3,0,0,1,0,0,9,1,4
3,1,9,0,4,0,8,0,0,0,0,1,1,1,1,39,7,1598,1,8,1,1,2,530800,178090,1,2,1,7,9,3,3204,6,30,3,4,6,0,0,0,1,1,1,0,0,1,1,1,1,1,33,6,3,0,0,0,0,0,9,1,5
3,1,90,0,11,0,0,0,0,0,0,3,1,1,1,24,5,1598,1,8,1,1,3,591482,223587,42,3,1,4,455,3,12,3,70,0,4,6,0,0,0,6,1,1,0,0,1,1,1,1,1,33,6,3,0,0,0,0,0,9,1,5
2,2,9,0,5,0,0,0,0,0,0,4,1,6,1,38,7,1364,1,1,1,1,2,539420,167400,1,2,1,4,19,4,251,6,30,0,4,6,0,0,0,1,1,1,0,0,1,2,1,1,1,33,6,3,0,0,0,0,0,9,1,5
3,2,9,0,17,0,1,0,0,0,0,1,1,6,1,79,11,1598,1,8,1,1,2,537896,206634,42,2,1,2,456,4,194,6,40,3,4,6,0,0,0,1,1,1,0,0,2,1,1,2,2,78,11,3,0,0,1,0,0,9,1,3
3,1,9,0,18,0,0,0,0,0,0,1,1,6,1,27,6,1896,2,9,1,2,1,409660,292120,20,1,2,5,300,6,0,3,30,0,4,6,0,0,0,1,1,1,0,0,1,1,2,3,1,33,6,3,6,9,0,0,0,0,1,7
3,2,1,0,18,0,4,0,0,0,0,4,1,1,1,31,6,1598,1,8,1,1,2,508998,195988,41,2,1,5,437,3,412,1,30,1,4,5,74,0,0,1,1,1,0,0,2,2,1,1,1,31,6,3,0,0,0,0,0,1,1,3
3,4,9,0,18,0,0,1,0,0,0,1,1,6,1,30,6,1598,1,8,1,3,4,437378,405457,14,4,3,7,210,3,633,2,40,0,4,6,0,0,0,4,9,1,0,0,1,1,1,1,1,33,6,3,0,0,0,0,0,9,1,5
3,2,2,0,18,0,8,0,0,0,0,1,1,6,1,43,7,1598,1,8,1,1,2,437410,407198,14,2,1,7,210,3,628,6,30,3,4,6,0,0,0,4,2,2,0,0,1,1,1,1,1,43,7,3,0,0,0,0,0,2,1,1
3,1,9,0,18,0,0,5,0,0,6,1,1,6,2,26,6,1497,1,10,1,1,1,545548,200633,42,1,1,1,456,1,25,3,70,0,4,6,0,0,0,6,1,1,0,0,2,1,1,1,2,26,6,3,0,0,0,0,0,9,1,2
2,1,5,0,18,0,8,0,0,0,0,1,1,2,1,48,8,782,1,12,1,1,2,461835,219418,43,2,1,2,481,4,4011,6,50,3,4,6,0,0,0,6,1,1,0,0,2,1,1,1,1,48,8,2,0,0,0,0,0,5,1,8
3,1,9,0,18,0,8,0,0,0,0,1,1,6,1,43,7,2198,1,10,1,2,2,521880,180110,1,2,2,1,11,3,4020,6,30,6,2,4,408,0,5,4,8,1,0,0,1,1,1,2,1,61,9,3,0,0,1,0,0,9,1,9
3,2,9,0,3,0,8,0,0,0,2,1,1,6,1,50,8,1396,1,14,1,1,2,476826,261201,34,2,1,3,384,6,8026,6,30,3,4,6,8405,0,0,4,1,1,0,0,1,3,1,1,1,50,8,3,0,0,0,0,0,9,1,1
3,2,9,0,17,0,8,0,0,0,0,1,1,6,1,69,10,1198,1,5,3,2,2,435490,426742,13,2,2,2,204,6,0,6,30,3,4,6,0,0,0,1,1,2,3,0,2,1,2,1,1,69,10,3,0,0,0,0,0,9,3,10
3,2,3,0,18,0,8,0,0,0,0,3,1,2,1,35,6,125,1,1,1,1,2,393250,804260,92,2,1,2,910,3,956,1,30,1,4,6,0,0,4,1,1,1,0,0,1,1,1,1,1,35,6,3,0,0,0,0,0,3,1,5
3,1,9,0,17,0,0,0,0,0,0,3,1,6,3,38,7,1598,1,8,1,1,2,304212,382557,60,2,1,7,723,6,0,6,30,0,4,6,0,0,0,1,9,2,0,0,1,2,1,1,1,33,6,3,0,0,0,0,0,9,1,5
2,2,9,0,17,0,8,0,0,0,0,1,1,6,1,50,8,1896,2,7,1,3,2,397959,563383,10,2,3,2,139,4,6307,6,60,3,4,6,0,0,0,1,1,2,0,0,2,1,2,1,1,50,8,3,0,0,0,0,0,9,1,8
3,2,9,0,18,0,0,0,0,0,0,2,1,6,2,25,5,1598,1,8,1,2,2,492579,336564,32,2,2,7,355,6,0,6,30,0,4,6,0,0,0,4,1,1,0,0,1,1,2,1,2,25,5,3,0,0,0,0,0,9,1,3
3,1,9,0,5,0,8,0,0,0,0,1,1,6,1,66,10,3456,8,9,1,1,2,529520,178270,1,2,1,7,1,5,0,6,30,6,4,6,0,0,0,1,1,2,0,0,1,1,1,1,1,33,6,3,0,0,0,0,0,9,1,5
3,1,9,0,18,0,0,0,0,0,0,1,1,6,2,42,7,1998,1,10,1,1,1,620050,136740,46,1,1,7,539,4,2064,6,30,0,4,6,0,0,0,1,1,1,0,0,1,1,1,2,2,40,7,3,0,0,1,0,0,9,1,2
3,2,9,0,18,0,1,0,0,0,0,1,1,6,1,36,7,2143,2,5,1,2,2,537640,186670,1,2,2,6,13,5,0,6,30,3,4,6,0,0,0,1,1,1,0,0,1,1,2,1,1,36,7,3,0,0,0,0,0,9,1,4
2,1,9,0,14,0,2,0,0,0,0,0,1,6,1,69,10,1390,1,14,1,1,1,634180,170500,46,1,1,6,541,6,4148,6,30,9,4,6,0,0,0,1,1,2,0,0,2,2,1,3,2,5,1,2,5,2,0,0,0,0,1,5
3,2,1,0,18,0,8,1,0,0,0,3,1,1,1,66,10,1598,1,8,1,1,2,585160,339192,36,2,1,4,407,4,1355,6,60,8,4,6,0,0,0,1,1,2,0,0,2,1,1,1,1,66,10,3,0,0,0,0,0,1,1,10
3,1,9,0,5,0,0,0,0,0,0,4,1,6,1,38,7,1970,1,12,1,1,1,541680,172500,1,1,1,4,19,4,226,6,30,0,4,6,0,0,0,1,1,1,0,0,1,1,1,3,1,52,8,3,9,9,0,0,2,0,1,5
3,2,16,0,18,0,0,0,0,0,0,2,1,6,2,23,5,1598,1,8,1,1,2,426287,583439,10,2,1,5,139,5,404,6,30,0,4,6,0,0,0,1,1,1,0,0,2,2,1,1,2,23,5,3,0,0,0,0,0,16,1,1
2,1,9,0,7,0,6,0,0,1,11,1,1,6,1,83,11,998,1,12,1,1,2,397821,355859,21,2,1,3,256,3,53,6,30,8,4,6,0,0,0,1,1,1,0,0,1,2,1,1,1,83,11,2,0,0,0,0,0,9,1,4
3,2,9,0,9,0,0,0,0,0,0,1,1,6,2,81,11,1598,1,13,3,1,2,519747,149448,45,2,1,5,512,5,54,6,30,0,4,6,0,0,0,1,1,1,0,0,2,1,1,1,1,33,6,3,0,0,0,0,0,9,1,5
3,1,9,0,6,0,0,0,7,6,0,3,1,6,2,25,5,1397,1,12,1,6,2,405120,286900,20,2,6,2,300,3,4540,3,40,0,4,6,0,0,0,1,2,2,0,0,1,1,1,1,2,25,5,3,0,0,0,0,0,9,1,1
2,1,9,0,5,0,6,0,0,0,0,1,1,6,1,24,5,1598,1,8,1,5,2,324055,356978,60,2,5,5,724,3,5104,6,60,9,4,6,0,0,0,1,1,1,0,0,2,1,1,1,1,24,5,2,0,0,0,0,0,9,1,5
3,3,9,0,4,0,0,0,0,0,0,2,1,1,1,55,8,1598,1,8,1,4,3,507450,200143,41,3,4,4,436,1,25,3,70,0,4,6,0,0,0,1,1,1,0,0,2,1,3,2,1,25,5,3,0,0,1,0,0,9,3,5
1,1,9,0,16,0,0,0,0,0,0,1,1,6,2,48,8,1995,2,5,1,4,3,633793,300209,36,3,4,2,406,3,146,6,60,0,4,6,0,0,0,1,1,1,0,0,2,1,1,1,2,48,8,2,0,0,0,0,0,9,1,8
3,1,3,0,18,0,8,0,0,0,0,1,1,6,1,38,7,125,1,5,1,1,2,531570,175490,1,2,1,3,9,3,2217,6,30,6,4,3,2217,0,0,1,1,1,0,0,1,1,1,1,1,33,6,3,0,0,0,0,0,3,1,3
3,1,9,0,18,0,0,0,0,0,0,4,1,1,2,44,7,1598,1,10,1,1,1,396069,292759,20,1,1,4,305,5,0,6,30,0,4,6,0,0,0,1,1,1,0,0,1,2,1,3,1,11,3,3,5,2,0,0,2,0,1,1
3,2,9,0,2,0,0,0,0,0,0,1,1,6,2,38,7,1997,1,10,1,1,2,290930,95040,50,2,1,4,581,3,377,6,30,0,4,6,0,0,0,1,1,1,0,0,1,1,1,1,1,33,6,3,0,0,0,0,0,9,1,5
3,2,4,0,15,0,8,1,0,0,0,1,1,6,1,27,6,400,1,23,1,1,2,525850,168960,1,2,1,4,22,3,24,6,30,8,4,6,0,0,0,1,1,1,0,0,1,1,1,1,1,27,6,3,0,0,0,0,0,4,1,10
3,1,9,0,18,0,0,1,0,0,0,1,1,6,1,19,4,1598,1,8,3,3,2,576030,130760,46,2,3,1,543,3,229,6,30,0,4,6,0,0,0,1,2,2,0,0,2,1,1,1,1,19,4,3,0,0,0,0,0,9,3,6
3,2,9,0,18,0,1,0,0,0,0,1,1,6,2,55,8,998,1,13,1,1,2,394870,394840,6,2,1,1,110,3,57,6,30,3,4,6,0,0,0,1,1,1,0,0,1,1,1,1,2,55,8,3,0,0,0,0,0,9,1,3
3,1,10,0,4,0,6,0,0,0,0,2,1,1,1,51,8,2198,2,2,1,4,2,506560,176910,1,2,4,3,57,6,0,6,30,3,4,6,0,0,0,4,1,1,0,0,1,1,1,2,1,39,7,3,0,0,0,0,0,10,1,5
3,2,9,0,4,0,0,0,0,0,0,2,1,6,1,27,6,3950,1,14,1,1,2,504625,248705,40,2,1,6,420,6,0,6,20,0,4,6,0,0,0,4,1,2,0,0,1,1,1,1,1,33,6,3,0,0,0,0,0,9,1,5
3,2,9,0,18,0,7,0,0,1,0,2,1,6,1,68,10,1339,1,11,1,3,3,619140,153270,46,3,3,3,531,3,2,7,70,5,4,6,0,0,0,1,1,1,0,0,2,1,2,2,1,92,11,3,0,0,1,0,0,9,1,7
3,1,9,0,14,0,1,0,0,0,0,1,1,6,1,77,11,1596,1,7,2,4,2,359360,479170,3,2,4,3,65,3,65,6,60,3,4,6,0,0,0,1,1,1,0,0,2,1,4,2,2,78,11,3,0,0,2,0,0,9,2,6
3,2,9,0,18,0,0,0,0,0,0,1,1,6,3,37,7,1598,1,10,1,2,2,508264,429580,16,2,2,6,228,6,0,6,30,0,4,6,0,0,4,1,1,1,0,0,1,2,1,1,1,33,6,3,0,0,0,0,0,9,1,5
3,2,9,0,17,0,1,1,0,0,0,1,1,6,2,71,10,1299,1,11,1,1,2,506340,223837,40,2,1,2,421,6,0,6,20,6,4,6,0,0,0,1,1,1,0,0,1,1,1,1,2,71,10,3,0,0,0,0,0,9,1,3
2,1,9,0,9,0,6,0,0,0,0,1,1,2,1,41,7,1796,1,12,1,1,2,383580,254950,22,2,1,4,276,6,0,6,30,3,4,6,0,0,0,4,1,1,0,0,1,1,1,1,1,33,6,3,0,0,0,0,0,9,1,5
3,2,9,0,10,0,1,0,0,7,1,2,1,6,1,51,8,2497,2,8,2,2,2,496774,387867,32,2,2,4,356,3,15,6,60,3,4,6,0,0,0,1,1,1,0,0,2,1,1,1,1,51,8,3,0,0,0,0,0,9,2,10
3,1,9,0,18,0,0,0,0,7,11,1,1,6,1,21,5,1598,1,8,2,2,1,480198,482027,12,1,2,7,185,3,169,6,60,0,4,6,0,0,0,6,1,1,4,0,2,1,2,2,2,17,4,3,0,0,1,0,0,9,2,5
3,3,9,0,3,0,0,0,0,0,0,0,1,6,1,43,7,1598,1,8,1,1,3,576286,119324,47,3,1,4,555,3,21,6,40,0,4,6,0,0,0,5,1,1,0,0,2,1,1,1,1,33,6,3,0,0,0,0,0,9,1,5
3,3,9,0,2,0,2,0,0,0,0,3,1,6,1,54,8,1968,2,8,1,1,3,404310,289170,20,3,1,6,300,3,4040,6,30,3,4,6,0,0,0,4,1,1,0,0,1,1,1,1,1,33,6,3,0,0,0,0,0,9,1,5
3,1,9,0,3,0,8,0,0,0,0,1,2,1,1,28,6,1595,1,10,1,2,2,432162,568414,10,2,2,4,148,3,19,1,20,1,2,3,1058,0,0,1,2,2,0,0,1,1,1,1,1,33,6,3,0,0,0,0,0,9,1,5
3,2,19,0,17,0,0,1,0,0,0,4,1,6,1,44,7,2300,2,12,2,2,4,419452,172659,54,4,2,6,635,3,346,6,50,0,4,6,0,0,0,6,2,2,0,0,2,1,1,1,1,33,6,3,0,0,0,0,0,9,1,5