accident_severity,vehicle_reference,vehicle_type,towing_and_articulation,vehicle_manoeuvre,vehicle_location-restricted_lane,junction_location,skidding_and_overturning,hit_object_in_carriageway,vehicle_leaving_carriageway,hit_object_off_carriageway,1st_point_of_impact,was_vehicle_left_hand_drive?,journey_purpose_of_driver,sex_of_driver,age_of_driver,age_band_of_driver,engine_capacity_(cc),propulsion_code,age_of_vehicle,driver_home_area_type,NUmber_of_Casualities_unique_to_accident_index,No_of_Vehicles_involved_unique_to_accident_index,location_easting_osgr,location_northing_osgr,police_force,number_of_vehicles,number_of_casualties,day_of_week,local_authority_(district),1st_road_class,1st_road_number,road_type,speed_limit,junction_detail,junction_control,2nd_road_class,2nd_road_number,pedestrian_crossing-human_control,pedestrian_crossing-physical_facilities,light_conditions,weather_conditions,road_surface_conditions,special_conditions_at_site,carriageway_hazards,urban_or_rural_area,did_police_officer_attend_scene_of_accident,casualty_reference,casualty_class,sex_of_casualty,age_of_casualty,age_band_of_casualty,casualty_severity,pedestrian_location,pedestrian_movement,car_passenger,bus_or_coach_passenger,pedestrian_road_maintenance_worker,casualty_type,casualty_home_area_type,casualty_imd_decile
2,1,9,0,18,0,6,0,0,0,0,1,1,6,1,57,9,1686,2,4,1,4,2,520576,386057,32,2,4,3,351,4,1225,6,60,6,4,3,157,0,0,1,1,1,0,0,2,1,2,2,2,64,9,3,0,0,1,0,0,9,1,4
3,1,21,1,17,0,0,0,0,0,0,3,1,1,1,44,7,11705,2,14,1,1,2,363575,379777,7,2,1,4,130,3,559,6,50,0,4,6,0,0,0,1,1,2,7,0,2,1,1,1,1,44,7,3,0,0,0,0,0,21,1,8
3,2,9,0,9,0,0,0,0,0,0,1,1,6,2,34,6,1968,2,8,3,1,2,357832,735220,93,2,1,4,912,6,0,6,60,0,4,6,0,0,0,1,1,1,0,0,1,1,1,1,2,34,6,3,0,0,0,0,0,9,3,5
2,2,1,0,18,0,8,0,0,0,0,1,1,2,1,50,8,1598,1,8,1,1,2,456874,339785,31,2,1,5,346,6,0,2,30,3,4,6,0,0,0,4,1,1,0,0,1,2,1,1,1,50,8,2,0,0,0,0,0,1,1,6
3,2,1,0,18,0,1,0,0,0,0,4,1,2,1,37,7,1598,1,8,1,1,2,246925,56421,50,2,1,6,583,6,0,3,70,3,2,6,0,0,0,1,1,1,0,0,1,2,1,1,1,37,7,3,0,0,0,0,0,1,1,5
3,3,9,0,8,0,1,0,0,0,0,2,1,2,1,38,7,1242,1,8,1,2,3,334489,667468,95,3,2,3,929,4,6414,6,30,3,4,4,6414,2,1,1,1,2,0,0,1,1,1,1,1,33,6,3,0,0,0,0,0,9,1,5
3,1,1,0,18,0,1,0,0,0,0,1,1,6,2,43,7,1598,1,8,1,1,2,301467,381001,60,2,1,4,723,3,525,6,30,3,4,6,0,0,0,1,1,1,0,0,1,1,1,1,2,43,7,3,0,0,0,0,0,1,1,5
3,1,9,0,18,0,1,0,0,0,0,1,1,6,2,40,7,1582,2,2,3,1,2,583948,262719,37,2,1,2,414,3,143,6,60,8,4,6,0,0,0,1,1,1,0,0,2,1,1,1,1,33,6,3,0,0,0,0,0,9,1,5
2,1,9,0,18,0,1,0,0,0,0,1,1,6,1,59,9,1499,2,8,1,1,2,292160,584491,98,2,1,7,917,3,76,6,60,9,4,6,0,0,0,1,1,1,0,0,2,1,1,1,1,33,6,3,0,0,0,0,0,9,1,5
3,2,9,0,3,0,0,0,0,0,0,2,1,1,1,58,9,1997,2,3,2,2,4,521930,191040,1,4,2,3,30,1,1,3,70,0,4,6,0,0,0,1,1,1,0,0,1,1,2,1,1,58,9,3,0,0,0,0,0,9,2,9
3,2,9,0,2,0,1,0,0,0,0,2,1,6,2,26,6,1242,1,8,1,3,3,408490,285840,20,3,3,6,300,3,4540,3,30,3,4,6,0,0,4,4,1,1,0,0,1,1,1,1,2,26,6,3,0,0,0,0,0,9,1,1
1,1,19,0,18,0,0,0,0,1,2,1,1,6,1,44,7,1560,2,8,1,3,1,349360,387095,7,1,3,1,124,5,2015,6,40,0,4,6,0,0,0,1,1,1,0,0,1,1,3,1,1,44,7,3,0,0,0,0,0,19,1,2
3,1,9,0,9,0,1,0,0,0,0,1,1,6,1,47,8,1896,2,9,3,1,2,335170,1013976,91,2,1,7,933,3,965,6,30,9,4,6,0,0,0,1,1,1,0,0,2,1,1,1,1,33,6,3,0,0,0,0,0,9,1,5
3,2,9,0,4,0,1,0,0,0,0,2,1,6,1,58,9,1995,2,8,3,1,2,507697,159391,45,2,1,4,511,1,25,3,50,5,4,1,25,0,0,1,1,1,0,0,2,1,1,2,2,54,8,3,0,0,1,0,0,9,3,6
3,2,9,0,18,0,8,0,0,1,0,3,1,6,2,22,5,1598,1,8,1,2,2,322750,299770,63,2,2,7,753,4,4388,6,30,6,4,6,0,0,0,1,1,1,0,0,2,2,1,1,2,22,5,3,0,0,0,0,0,9,1,6
3,2,3,0,13,0,8,0,0,0,0,1,1,6,1,18,4,1598,1,8,1,1,2,512300,172970,1,2,1,5,25,3,314,6,30,3,4,6,0,0,0,1,1,1,0,0,1,1,1,1,1,18,4,3,0,0,0,0,0,3,1,8
3,1,20,0,18,0,0,0,0,0,0,4,1,1,1,51,8,1598,1,8,1,1,1,525140,187500,1,1,1,6,30,3,598,6,30,0,4,6,0,0,4,1,1,1,0,0,1,1,1,3,2,71,10,3,1,1,0,0,2,0,1,9
3,1,9,0,1,0,0,0,0,0,0,3,1,6,1,40,7,1596,1,9,1,2,2,543530,177440,1,2,2,3,6,6,0,6,30,0,4,6,0,0,0,1,1,1,0,0,1,1,1,1,1,40,7,3,0,0,0,0,0,9,1,4
3,2,11,0,18,0,8,0,0,0,0,1,1,1,1,57,9,9600,2,18,1,1,2,402690,302800,20,2,1,4,307,6,0,6,30,3,4,6,0,0,0,1,1,1,0,0,1,1,1,1,1,33,6,3,0,0,0,0,0,9,1,5
3,2,3,0,18,0,8,0,0,0,0,1,1,2,2,57,9,113,1,11,1,1,2,488289,290503,34,2,1,4,380,6,5087,6,30,3,4,6,0,0,0,1,1,1,0,0,1,1,1,1,2,57,9,3,0,0,0,0,0,3,1,3
3,3,9,0,18,0,0,0,0,0,0,0,1,6,1,38,7,1596,1,11,1,2,3,460950,304805,33,3,2,6,364,4,6416,6,30,0,4,6,0,0,0,1,1,1,0,0,1,1,1,1,1,33,6,3,0,0,0,0,0,9,1,5
3,2,9,0,18,0,8,0,0,0,0,1,1,6,2,24,5,998,1,1,1,2,2,377170,402230,6,2,2,7,107,6,0,6,30,6,4,6,0,0,0,1,1,1,0,0,1,1,2,2,2,19,4,3,0,0,1,0,0,9,1,3
3,2,9,0,4,0,0,0,0,0,0,2,1,6,2,63,9,1968,2,3,1,1,2,454742,223251,43,2,1,5,481,1,40,3,70,0,4,6,0,0,0,1,1,1,0,0,2,1,1,1,1,33,6,3,0,0,0,0,0,9,1,5
3,2,9,0,16,0,1,0,0,0,0,1,1,6,1,60,9,1199,1,14,1,2,2,433634,398875,14,2,2,2,215,3,61,6,50,3,4,6,0,0,0,1,1,1,0,0,2,1,2,1,1,60,9,3,0,0,0,0,0,9,1,3
2,1,9,0,9,0,8,0,0,0,0,1,1,6,1,81,11,1229,1,4,2,2,2,353905,702527,94,2,2,2,925,3,917,6,50,3,4,4,942,0,0,1,7,1,0,0,2,1,1,1,1,81,11,3,0,0,0,0,0,9,2,5
3,1,9,0,10,0,1,0,0,0,0,4,1,6,1,22,5,1598,1,8,3,1,2,267530,213610,63,2,1,7,751,3,474,6,30,3,4,6,0,0,0,4,1,1,0,0,2,1,1,1,1,33,6,3,0,0,0,0,0,9,1,5
3,2,9,0,5,0,8,0,0,0,0,1,1,6,1,53,8,1997,2,1,1,1,2,561230,173280,46,2,1,1,532,3,2260,1,50,1,4,6,0,0,0,4,1,1,0,0,2,1,1,1,1,33,6,3,0,0,0,0,0,9,1,5
3,1,9,0,2,0,0,0,0,0,0,2,1,6,3,38,7,1598,1,8,1,1,2,601331,225168,42,2,1,6,455,6,0,6,30,0,4,6,0,0,0,6,1,1,0,0,1,2,1,1,1,33,6,3,0,0,0,0,0,9,1,5
3,2,9,0,2,0,0,0,0,0,0,2,1,6,3,38,7,1395,1,1,1,1,3,545700,261690,35,3,1,1,390,6,0,3,20,0,4,6,0,0,0,4,2,2,0,0,1,1,1,1,1,33,6,3,0,0,0,0,0,9,1,5
3,1,19,0,9,0,8,0,0,0,0,1,1,2,1,21,5,1560,2,1,3,1,1,504572,250359,40,1,1,3,420,3,600,6,30,3,4,6,0,0,1,4,2,2,0,0,1,1,1,3,2,60,9,3,4,2,0,0,0,0,1,5
3,2,9,0,18,0,0,0,0,0,0,2,1,1,1,53,8,1364,2,5,1,1,2,416510,360390,30,2,1,5,329,3,515,6,50,0,4,6,0,0,0,6,1,1,0,0,2,1,1,1,1,53,8,3,0,0,0,0,0,9,1,9
3,2,9,0,4,0,0,0,0,0,0,1,1,6,2,46,8,1798,1,7,2,1,2,401284,426025,13,2,1,4,202,3,646,6,30,0,4,6,0,0,0,1,1,1,0,0,2,2,1,1,1,33,6,3,0,0,0,0,0,9,1,5
3,1,9,0,18,0,4,0,0,0,0,2,1,6,1,24,5,1368,1,7,1,1,2,428526,431536,13,2,1,3,204,3,643,3,30,1,2,1,621,0,0,1,1,1,0,0,1,2,1,1,1,24,5,3,0,0,0,0,0,9,1,5
2,2,1,0,15,0,8,0,0,0,0,1,1,6,1,41,7,1598,1,8,1,1,2,542960,190090,1,2,1,2,14,5,0,6,30,3,4,6,0,0,4,1,1,1,0,0,1,1,1,1,1,41,7,2,0,0,0,0,0,1,1,2
3,1,8,0,12,0,0,0,0,0,0,3,1,6,1,57,9,1598,1,8,1,1,2,510429,429263,16,2,1,3,228,3,165,3,30,0,4,6,0,0,0,1,1,1,0,0,1,2,1,1,1,33,6,3,0,0,0,0,0,9,1,5
2,1,21,1,13,0,3,0,0,0,0,4,1,1,1,37,7,11705,2,7,3,1,2,588010,164240,46,2,1,4,540,3,2,1,40,1,4,6,0,0,8,1,1,1,0,0,2,1,1,1,1,33,6,3,0,0,0,0,0,9,1,5
3,1,9,0,7,0,5,0,0,0,0,4,1,6,2,21,5,1149,1,10,1,1,2,427569,434540,13,2,1,3,204,3,65,6,30,3,4,6,0,0,0,1,1,1,0,0,1,1,1,1,1,33,6,3,0,0,0,0,0,9,1,5
3,1,9,0,4,0,0,0,0,0,0,0,1,1,2,25,5,2793,1,17,2,2,3,404160,416666,13,3,2,2,202,1,62,9,70,0,4,6,0,0,0,1,1,1,0,0,2,1,1,1,2,25,5,3,0,0,0,0,0,9,2,6
3,1,9,0,4,0,1,0,0,0,0,1,1,6,3,38,7,1598,1,8,1,1,2,265997,193077,62,2,1,3,745,3,4067,6,30,3,4,6,0,0,0,4,1,2,0,0,1,1,1,1,1,33,6,3,0,0,0,0,0,9,1,5
3,1,9,0,18,0,8,0,0,0,0,1,1,6,1,57,9,1560,2,6,1,1,2,510476,220238,40,2,1,7,424,3,1081,3,40,3,2,4,653,0,0,1,1,1,0,0,2,1,1,1,1,33,6,3,0,0,0,0,0,9,1,5
3,2,9,0,18,0,0,0,0,0,0,4,1,6,2,30,6,1799,1,9,1,3,3,506278,159862,45,3,3,7,511,1,25,3,70,0,4,6,0,0,0,1,1,1,0,0,2,1,3,2,1,33,6,3,0,0,1,0,0,9,1,4
3,4,9,0,4,0,0,0,0,0,0,2,1,4,1,37,7,1896,2,8,1,1,4,520900,181110,1,4,1,4,27,3,40,3,40,0,4,6,0,0,0,4,8,2,0,0,1,1,1,1,1,33,6,3,0,0,0,0,0,9,1,5
2,1,9,0,9,0,6,0,0,0,0,1,1,6,2,18,4,1000,1,15,1,1,2,497064,157956,45,2,1,2,518,3,324,6,30,9,4,6,0,0,0,1,1,1,0,0,1,1,1,1,1,33,6,3,0,0,0,0,0,9,1,5
3,1,9,0,9,0,8,0,0,0,0,1,1,5,1,35,6,1686,2,10,2,1,2,424109,321583,21,2,1,5,251,4,5018,6,30,3,4,5,357,0,0,1,1,1,0,0,1,1,1,1,1,33,6,3,0,0,0,0,0,9,1,5
2,1,9,0,17,0,0,0,0,0,0,1,1,2,1,25,5,1998,1,7,1,2,2,437094,420586,13,2,2,3,206,3,655,6,40,0,4,6,0,0,0,4,2,2,0,0,2,1,1,1,1,25,5,2,0,0,0,0,0,9,1,1
3,1,9,0,17,0,0,1,0,2,10,1,1,5,1,45,7,1686,2,10,1,1,1,398893,286102,20,1,1,6,305,1,5,3,70,0,4,6,0,0,0,1,2,2,0,0,1,1,1,1,1,45,7,3,0,0,0,0,0,9,1,5
3,1,9,0,18,0,1,0,0,0,0,1,1,6,1,38,7,1798,1,8,1,1,1,589330,133340,46,1,1,5,530,6,2802,6,30,6,4,6,0,0,0,1,1,1,0,0,2,1,1,3,1,7,2,3,10,9,0,0,0,0,3,8
3,2,3,0,18,0,8,0,0,0,0,1,1,6,1,38,7,125,1,6,3,1,2,544030,178080,1,2,1,5,6,5,0,6,30,6,4,6,0,0,0,1,1,1,0,0,1,1,1,1,1,33,6,3,0,0,0,0,0,3,3,6
3,2,9,0,3,0,2,0,0,0,0,2,1,1,1,45,7,1248,2,6,1,2,2,370737,355734,7,2,2,7,129,3,5019,6,30,1,2,3,532,0,4,4,1,2,0,0,1,1,2,2,1,36,7,3,0,0,1,0,0,9,1,5
3,2,9,0,18,0,1,0,0,0,0,1,1,6,1,85,11,1461,2,6,1,3,3,630420,168370,46,3,3,5,541,6,4141,6,30,3,4,6,0,0,0,1,1,1,0,0,1,1,3,2,2,85,11,3,0,0,1,0,0,9,1,5
3,1,9,0,18,0,0,0,0,0,0,0,1,6,2,37,7,1198,1,3,1,1,2,299790,527490,3,2,1,5,60,6,0,2,30,0,4,6,0,0,0,1,1,1,0,0,1,1,1,1,1,33,6,3,0,0,0,0,0,9,1,5
3,1,9,0,17,0,0,2,0,0,0,4,1,6,1,28,6,1598,1,8,3,1,1,226481,106097,50,1,1,1,596,4,3254,6,60,0,4,6,0,0,0,1,2,2,0,0,2,1,1,1,1,28,6,3,0,0,0,0,0,9,3,4
3,2,9,0,13,0,0,0,0,0,0,4,1,6,2,25,5,1596,1,9,1,1,2,527320,170670,1,2,1,1,22,6,0,6,30,0,4,6,0,0,0,1,1,1,0,0,1,2,1,1,1,33,6,3,0,0,0,0,0,9,1,5
3,1,8,0,18,0,1,0,0,0,0,1,1,1,1,49,8,2664,2,13,1,1,1,529200,183360,1,1,1,7,2,3,4200,6,30,6,2,4,512,0,5,4,2,2,0,0,1,1,1,3,2,24,5,3,4,3,0,0,2,0,1,7
3,1,9,0,5,6,0,0,0,0,0,3,1,6,2,67,10,998,1,10,1,1,2,490878,409081,16,2,1,5,232,4,1501,6,40,0,4,6,0,0,0,4,1,1,0,0,1,1,1,1,1,33,6,3,0,0,0,0,0,9,1,5
3,1,9,0,7,0,8,0,0,0,0,1,1,6,2,72,10,1242,1,6,3,1,2,529370,171820,1,2,1,3,10,3,214,6,30,8,4,6,0,0,0,1,1,1,0,0,1,1,1,1,1,33,6,3,0,0,0,0,0,9,1,5
3,1,9,0,18,0,2,0,0,0,0,1,1,2,1,50,8,1199,1,15,1,1,2,406230,288700,20,2,1,1,300,6,0,6,30,3,4,6,0,0,0,1,1,1,0,0,1,1,1,1,1,33,6,3,0,0,0,0,0,9,1,5
3,2,19,0,18,0,8,5,0,0,0,3,1,6,1,46,8,970,1,26,1,1,2,487782,104105,47,2,1,1,559,3,27,1,60,1,4,3,259,0,7,4,1,2,0,0,2,1,1,1,1,46,8,3,0,0,0,0,0,19,1,6
3,1,9,0,18,0,0,1,0,0,0,1,1,6,1,70,10,1895,1,14,1,1,2,622150,138790,46,2,1,2,539,3,20,7,70,0,4,6,0,0,0,1,9,2,0,0,2,1,1,1,1,70,10,3,0,0,0,0,0,9,1,4
3,2,9,0,4,0,0,0,0,0,0,2,1,6,1,68,10,1685,2,1,1,1,2,465590,131175,44,2,1,1,497,6,0,6,60,0,4,6,0,0,0,1,1,1,0,0,2,1,1,1,1,33,6,3,0,0,0,0,0,9,1,5
2,1,9,0,5,0,6,0,0,0,0,3,1,6,1,84,11,1598,1,4,3,4,2,390876,194867,53,2,4,2,621,3,433,6,60,3,4,5,272,0,0,1,2,1,0,0,2,1,1,1,1,84,11,2,0,0,0,0,0,9,3,6
3,1,9,0,18,0,8,0,0,0,0,1,1,6,2,32,6,1598,1,8,1,1,2,529410,170040,1,2,1,7,9,4,272,6,30,3,4,6,0,0,0,1,1,1,0,0,1,1,1,1,2,32,6,3,0,0,0,0,0,9,1,3
3,1,9,0,6,0,8,0,0,0,0,3,1,6,1,37,7,1587,1,9,1,1,2,524860,192370,1,2,1,6,30,5,0,6,30,6,3,6,0,0,0,1,1,1,0,0,1,1,1,1,1,37,7,3,0,0,0,0,0,9,1,5
3,1,9,0,18,0,1,1,0,2,2,1,1,6,2,36,7,2184,2,8,1,1,2,407210,373580,30,2,1,4,325,6,0,6,20,3,4,6,0,0,0,1,3,3,0,0,1,1,1,3,2,5,1,3,10,5,0,0,0,0,1,3
3,2,9,0,1,0,6,0,0,0,0,2,1,6,1,27,6,1598,1,16,1,1,2,526421,410106,16,2,1,6,233,6,0,6,30,3,4,6,0,0,0,1,1,1,0,0,1,1,1,1,1,33,6,3,0,0,0,0,0,9,1,5
3,1,9,0,18,0,0,5,0,0,0,4,1,6,1,60,9,1197,1,3,2,1,1,307312,574377,98,1,1,1,917,5,30,6,60,0,4,6,0,0,0,1,1,4,5,2,2,1,1,1,1,60,9,3,0,0,0,0,0,9,2,5
3,1,9,0,4,0,0,0,0,0,0,2,1,6,2,22,5,1242,1,3,1,1,2,407800,288850,20,2,1,2,300,2,38,3,50,0,4,6,0,0,0,4,1,1,0,0,1,1,1,1,1,33,6,3,0,0,0,0,0,9,1,5
3,1,19,0,18,0,8,0,0,0,0,1,1,1,1,28,6,2198,2,2,1,1,1,527270,179200,1,1,1,5,12,3,4,3,30,3,4,6,0,0,4,4,1,1,0,0,1,1,1,3,1,19,4,3,4,1,0,0,2,0,1,3
3,2,9,0,7,0,8,0,0,0,0,4,1,6,3,38,7,1598,1,8,1,1,2,527290,189440,1,2,1,6,30,3,1000,6,30,6,2,3,504,0,5,1,1,1,0,0,1,2,1,1,1,33,6,3,0,0,0,0,0,9,1,5
3,2,9,0,4,0,1,0,0,0,0,1,1,6,1,28,6,1398,1,3,1,2,2,506056,222662,40,2,2,5,421,3,505,3,30,6,2,6,0,0,5,1,1,1,0,0,1,1,2,2,1,61,9,3,0,0,1,0,0,9,1,2
2,3,1,0,18,0,8,0,0,0,0,1,1,2,1,45,7,1598,1,8,1,1,3,415535,186093,54,3,1,3,633,5,416,6,30,3,4,6,0,0,0,1,1,1,0,0,1,1,1,1,1,45,7,2,0,0,0,0,0,1,1,8
3,1,9,0,3,0,8,0,0,1,0,2,1,6,1,25,5,1598,1,8,1,1,4,519260,178300,1,4,1,1,25,3,205,6,30,3,2,6,0,0,5,4,1,1,0,0,1,1,1,1,1,33,6,3,0,0,0,0,0,9,1,5
3,2,9,0,2,0,1,0,0,0,0,1,1,6,1,58,9,1390,1,14,1,1,2,449100,529464,17,2,1,3,240,6,0,6,30,8,4,6,0,0,0,1,1,1,0,0,1,1,1,1,1,33,6,3,0,0,0,0,0,9,1,5
3,4,9,0,3,0,8,0,0,0,0,2,1,6,2,27,6,1390,1,13,1,2,5,430872,436583,13,5,2,6,204,6,0,6,30,3,2,6,0,0,5,1,1,1,0,0,1,1,1,1,2,27,6,3,0,0,0,0,0,9,1,1
3,2,9,0,9,0,8,0,0,0,0,3,1,1,2,30,6,1998,2,9,1,2,2,432028,430984,13,2,2,7,204,3,639,6,30,3,2,6,0,0,0,1,1,1,0,0,1,1,2,2,2,1,1,3,0,0,2,0,0,9,1,5
3,1,9,0,17,0,2,0,0,1,9,4,1,6,1,21,5,1598,1,8,1,2,1,258766,363696,60,1,2,1,722,6,0,6,60,9,4,6,0,0,0,6,1,2,0,0,2,1,2,2,1,21,5,3,0,0,1,0,0,9,1,5
3,3,9,0,3,0,0,0,0,0,0,2,1,2,1,39,7,1229,1,8,2,5,3,509643,432739,16,3,5,2,228,3,1033,6,40,0,4,6,0,0,0,1,2,2,0,0,1,1,4,2,1,52,8,3,0,0,1,0,0,9,1,1
2,1,10,0,18,0,8,0,0,0,0,3,1,6,1,38,7,1598,1,8,1,1,1,495573,266941,34,1,1,1,382,3,5028,6,30,3,4,6,3503,0,1,1,1,1,0,0,1,1,1,3,2,81,11,2,5,3,0,0,0,0,1,5
3,2,9,0,18,0,0,0,0,0,0,1,1,2,1,42,7,1396,1,11,1,1,2,283027,76010,50,2,1,6,585,6,0,6,30,0,4,6,0,0,0,1,1,1,0,0,2,1,1,1,1,33,6,3,0,0,0,0,0,9,1,5
3,2,19,0,18,0,8,0,0,0,0,1,1,2,1,24,5,1998,2,10,1,1,2,422850,433733,13,2,1,2,204,6,0,6,30,3,4,6,0,0,0,1,1,1,0,0,1,1,1,1,1,33,6,3,0,0,0,0,0,9,1,5
3,1,9,0,18,0,8,0,0,0,0,1,1,2,1,22,5,1596,1,8,1,1,2,331550,438180,4,2,1,2,71,4,5124,1,30,1,4,4,5265,0,8,4,1,1,0,0,1,1,1,1,1,33,6,3,0,0,0,0,0,9,1,5
2,1,9,0,6,0,8,0,0,0,0,3,1,6,1,18,4,1242,1,11,2,2,2,651457,307575,36,2,2,2,402,3,12,6,50,3,4,6,0,0,0,1,1,1,0,0,2,1,1,1,1,18,4,3,0,0,0,0,0,9,2,4
3,1,9,0,18,0,1,0,0,0,0,1,1,6,2,67,10,1997,2,5,1,1,1,361113,175071,52,1,1,7,601,6,0,6,20,3,4,6,0,0,0,1,1,1,0,0,1,1,1,3,1,3,1,3,5,2,0,0,0,0,1,1
3,2,9,0,18,0,0,0,0,0,0,1,1,2,1,70,10,1339,8,9,1,2,3,571938,209782,42,3,2,7,454,3,131,6,60,0,4,6,0,0,0,1,1,1,0,0,2,1,2,1,1,70,10,3,0,0,0,0,0,9,1,9
3,1,9,0,18,0,0,0,0,0,0,1,1,6,2,43,7,1560,2,9,1,1,3,293733,73443,50,3,1,3,585,6,3192,6,30,0,4,6,0,0,0,4,1,2,0,0,1,1,1,1,1,33,6,3,0,0,0,0,0,9,1,5
3,1,9,0,18,0,1,0,0,0,0,1,1,6,1,26,6,1598,1,8,1,3,2,337934,364936,60,2,3,3,724,3,5104,6,30,8,4,6,0,0,0,4,2,2,0,0,1,1,1,1,1,26,6,3,0,0,0,0,0,9,1,5
3,2,2,0,13,0,1,0,0,0,0,1,1,6,1,19,4,125,1,2,1,1,2,528457,105350,47,2,1,2,565,3,2023,6,30,6,4,4,2,0,0,4,1,1,0,0,1,1,1,1,1,19,4,3,0,0,0,0,0,2,1,3
3,2,9,0,13,0,8,0,0,0,0,2,1,6,1,30,6,1798,8,3,1,2,2,518210,179290,1,2,2,3,27,4,4491,6,30,3,4,6,0,0,0,1,1,1,0,0,1,1,2,1,1,30,6,3,0,0,0,0,0,9,1,3
3,1,9,0,18,0,8,0,0,0,0,4,1,6,1,78,11,1242,1,7,1,1,1,545470,169520,1,1,1,3,19,6,0,6,30,3,4,6,0,0,0,1,1,1,0,0,1,1,1,3,1,8,2,3,5,2,0,0,2,0,1,3
3,2,9,0,4,0,2,0,0,0,0,2,1,6,2,36,7,998,1,11,1,1,2,412010,287640,20,2,1,5,300,6,0,6,30,3,4,6,0,0,1,1,2,2,0,0,1,1,1,1,2,36,7,3,0,0,0,0,0,9,1,1
3,2,1,0,18,0,0,0,0,0,0,4,1,6,1,24,5,1598,1,8,1,1,2,538130,180740,1,2,1,6,5,6,0,6,30,0,4,6,0,0,0,1,1,1,0,0,1,1,1,1,1,24,5,3,0,0,0,0,0,1,1,2
3,3,9,0,3,0,2,0,0,0,0,1,1,6,1,55,8,1747,1,15,1,1,3,529820,184990,1,3,1,6,3,3,503,6,30,6,2,3,5200,0,5,1,1,1,0,0,1,1,1,1,1,33,6,3,0,0,0,0,0,9,1,5
2,2,9,0,9,0,8,0,0,0,0,3,1,6,1,54,8,1896,2,7,1,1,2,419325,420370,13,2,1,6,203,6,0,6,30,3,4,6,0,0,0,1,1,1,0,0,1,1,1,1,1,33,6,3,0,0,0,0,0,9,1,5
3,1,9,0,9,0,8,0,0,0,0,3,1,2,2,37,7,1498,1,9,1,1,2,563001,191102,42,2,1,4,452,3,128,6,30,3,4,6,0,0,0,1,1,1,0,0,2,1,1,1,1,33,6,3,0,0,0,0,0,9,1,5
3,3,9,0,2,0,0,0,0,0,0,3,1,6,3,38,7,1598,1,8,1,1,3,525480,183010,1,3,1,5,1,5,0,6,30,0,4,6,0,0,5,4,1,1,0,0,1,1,1,1,1,33,6,3,0,0,0,0,0,9,1,5
3,1,9,0,18,0,8,0,0,0,0,3,1,2,1,55,8,2148,2,7,1,1,2,507440,178410,1,2,1,5,26,1,4,3,30,5,4,1,4,0,0,6,2,2,0,0,1,2,1,1,1,55,8,3,0,0,0,0,0,9,1,1
3,2,3,0,18,0,1,1,0,0,0,0,1,5,1,20,4,124,1,2,1,1,2,600216,222680,42,2,1,7,455,6,0,6,30,3,4,6,0,0,0,1,1,2,0,0,1,1,1,1,1,20,4,3,0,0,0,0,0,3,1,2
2,2,9,0,4,0,0,0,0,0,0,2,1,6,2,24,5,1896,2,7,1,2,2,454779,358241,31,2,2,2,344,3,617,6,60,0,4,6,0,0,0,4,2,2,0,0,2,1,2,1,2,24,5,3,0,0,0,0,0,9,1,4
3,1,9,0,17,0,0,2,0,0,0,4,1,1,1,23,5,1795,1,16,1,2,1,372706,371140,7,1,2,6,130,3,50,6,60,0,4,6,0,0,0,1,2,2,0,0,2,1,2,2,1,21,5,3,0,0,1,0,0,9,1,6
3,1,9,0,18,0,1,0,0,0,0,3,1,6,1,40,7,1796,1,12,1,2,2,419542,441601,13,2,2,1,204,3,65,6,30,3,2,6,0,0,4,1,1,1,0,0,1,1,1,1,1,33,6,3,0,0,0,0,0,9,1,5
3,2,9,0,18,0,1,0,0,0,0,1,1,6,1,21,5,1896,2,10,1,1,2,455613,344189,31,2,1,1,346,3,611,6,30,3,4,6,0,0,0,1,1,1,0,0,1,1,1,1,1,33,6,3,0,0,0,0,0,9,1,5
3,2,1,0,18,0,1,0,0,0,0,3,1,6,1,43,7,1598,1,8,1,1,2,529510,177910,1,2,1,3,1,3,3212,6,30,8,4,6,0,0,0,1,1,1,0,0,1,1,1,1,1,43,7,3,0,0,0,0,0,1,1,10
3,2,19,0,18,0,0,0,0,0,0,3,1,6,1,23,5,1598,1,8,1,2,2,400030,236730,22,2,2,1,277,3,46,6,60,0,4,6,0,0,0,1,1,1,0,0,2,1,1,1,1,23,5,3,0,0,0,0,0,19,1,7
3,1,9,0,18,0,3,0,0,0,0,0,1,6,3,38,7,1598,1,8,1,1,2,457571,454920,12,2,1,3,189,3,1237,6,60,1,4,3,19,0,0,7,9,2,0,0,2,2,1,1,1,33,6,3,0,0,0,0,0,9,1,5
3,1,9,0,18,0,1,1,0,0,0,1,1,6,1,26,6,1598,1,8,1,1,3,405660,96385,55,3,1,1,640,3,348,6,40,3,4,6,0,0,0,1,1,1,0,0,1,1,1,1,1,33,6,3,0,0,0,0,0,9,1,5
3,1,1,0,18,0,8,0,0,0,0,1,1,1,1,40,7,1598,1,8,1,1,2,532240,184030,1,2,1,4,3,3,1200,6,20,6,2,6,0,0,5,1,1,1,0,0,1,1,1,1,1,40,7,3,0,0,0,0,0,1,1,7
3,2,9,0,18,0,8,0,0,0,0,2,1,6,2,44,7,1242,1,6,1,1,3,546980,149150,46,3,1,6,538,4,2042,6,60,3,4,6,0,0,0,1,1,2,0,0,2,1,1,1,2,44,7,3,0,0,0,0,0,9,1,9