accident_severity,vehicle_reference,vehicle_type,towing_and_articulation,vehicle_manoeuvre,vehicle_location-restricted_lane,junction_location,skidding_and_overturning,hit_object_in_carriageway,vehicle_leaving_carriageway,hit_object_off_carriageway,1st_point_of_impact,was_vehicle_left_hand_drive?,journey_purpose_of_driver,sex_of_driver,age_of_driver,age_band_of_driver,engine_capacity_(cc),propulsion_code,age_of_vehicle,driver_home_area_type,NUmber_of_Casualities_unique_to_accident_index,No_of_Vehicles_involved_unique_to_accident_index,location_easting_osgr,location_northing_osgr,police_force,number_of_vehicles,number_of_casualties,day_of_week,local_authority_(district),1st_road_class,1st_road_number,road_type,speed_limit,junction_detail,junction_control,2nd_road_class,2nd_road_number,pedestrian_crossing-human_control,pedestrian_crossing-physical_facilities,light_conditions,weather_conditions,road_surface_conditions,special_conditions_at_site,carriageway_hazards,urban_or_rural_area,did_police_officer_attend_scene_of_accident,casualty_reference,casualty_class,sex_of_casualty,age_of_casualty,age_band_of_casualty,casualty_severity,pedestrian_location,pedestrian_movement,car_passenger,bus_or_coach_passenger,pedestrian_road_maintenance_worker,casualty_type,casualty_home_area_type,casualty_imd_decile
3,1,11,0,4,0,2,0,0,0,0,0,1,6,1,32,6,9360,2,7,1,1,1,323611,660865,95,1,1,4,929,6,0,6,30,3,4,6,0,0,5,1,5,2,0,0,1,2,1,2,2,80,11,3,0,0,0,3,0,11,1,5
3,2,9,0,18,0,0,0,0,0,0,2,1,3,2,41,7,1198,1,8,1,1,2,426498,431868,13,2,1,6,204,3,6110,3,40,0,4,6,0,0,0,1,1,1,0,0,1,1,1,1,2,41,7,3,0,0,0,0,0,9,1,8
3,2,9,0,4,0,1,0,0,0,0,2,1,6,1,41,7,1900,2,9,1,3,2,340339,731558,93,2,3,3,918,3,929,6,30,3,4,6,0,0,0,1,2,2,0,0,1,1,1,1,1,41,7,3,0,0,0,0,0,9,1,5
3,1,9,0,18,0,0,0,0,0,0,1,1,6,1,18,4,1796,1,9,1,2,4,537531,200528,41,4,2,7,430,3,121,6,40,0,4,6,0,0,0,1,1,2,0,0,1,1,1,1,1,33,6,3,0,0,0,0,0,9,1,5
3,1,9,0,18,0,8,2,4,0,0,1,1,6,1,27,6,2987,2,7,1,4,2,503852,249275,40,2,4,7,420,6,0,6,20,3,4,6,0,0,0,4,1,1,0,0,1,1,2,2,2,17,4,3,0,0,2,0,0,9,1,7
3,1,19,0,7,0,6,0,0,0,0,3,1,6,3,38,7,2198,2,1,1,1,2,546880,155030,46,2,1,4,538,3,25,6,30,3,4,6,0,0,0,4,1,1,0,0,2,1,1,1,1,33,6,3,0,0,0,0,0,9,1,5
3,2,3,0,18,0,8,0,0,0,0,1,1,6,1,19,4,125,1,5,1,1,2,527780,171120,1,2,1,1,10,3,217,6,30,3,4,5,0,0,0,1,1,1,0,0,1,1,1,1,1,19,4,3,0,0,0,0,0,3,1,3
3,2,9,0,17,0,8,0,0,0,0,1,1,6,2,20,4,998,1,1,1,1,2,553410,190510,1,2,1,2,15,3,12,1,50,1,4,3,127,0,4,4,1,1,0,0,1,1,1,1,2,20,4,3,0,0,0,0,0,9,1,10
3,1,11,0,18,0,8,0,0,0,0,2,1,1,1,55,8,12000,2,10,2,17,2,456498,398420,14,2,17,4,211,1,18,1,60,1,4,2,1,0,0,1,1,1,0,0,2,1,10,2,2,15,3,3,0,0,0,4,0,11,3,9
3,4,9,0,18,0,5,0,0,0,0,0,1,1,1,36,7,2993,2,1,1,2,4,530459,141590,47,4,2,2,560,1,23,7,70,5,2,1,23,0,0,4,1,1,0,0,2,1,1,1,1,33,6,3,0,0,0,0,0,9,1,5
3,1,19,0,18,0,0,0,0,0,0,1,1,1,1,46,8,2143,2,5,1,1,2,438440,333210,30,2,1,4,323,3,5111,6,40,0,4,6,0,0,0,1,1,1,0,0,1,1,1,1,1,33,6,3,0,0,0,0,0,9,1,5
3,1,9,0,18,0,6,0,0,3,1,4,1,6,1,57,9,1995,2,9,1,4,2,415305,433563,13,2,4,1,200,6,0,6,30,6,4,6,0,0,0,1,1,1,0,0,1,1,3,2,2,55,8,3,0,0,2,0,0,9,1,3
3,1,9,0,18,0,8,0,0,0,0,1,1,6,1,26,6,1598,1,8,1,3,2,328254,202131,61,2,3,1,734,6,0,1,30,1,4,6,0,0,0,4,1,1,0,0,1,1,1,1,1,33,6,3,0,0,0,0,0,9,1,5
3,3,9,0,6,0,0,0,0,0,0,2,1,6,2,46,8,998,1,8,1,1,3,524772,159455,45,3,1,6,513,3,217,3,40,0,4,6,0,0,0,1,1,1,0,0,1,1,1,1,1,33,6,3,0,0,0,0,0,9,1,5
3,1,9,0,18,0,0,0,0,0,0,1,1,6,1,70,10,1995,1,12,1,2,5,598593,228770,42,5,2,7,455,3,12,3,70,0,4,6,0,0,0,1,1,1,0,0,2,1,1,2,2,67,10,3,0,0,1,0,0,9,1,6
3,2,9,0,4,0,0,0,0,0,0,2,1,6,2,40,7,1242,1,2,1,1,3,300260,528160,3,3,1,3,60,6,0,6,30,0,4,6,0,0,0,1,1,1,0,0,1,1,1,1,2,40,7,3,0,0,0,0,0,9,1,7
3,1,9,0,2,0,2,0,0,0,0,3,1,6,1,35,6,1149,1,6,1,1,2,448779,519532,17,2,1,3,243,6,0,6,20,3,4,6,0,0,0,1,2,2,0,0,1,1,1,1,1,35,6,3,0,0,0,0,0,9,1,9
3,3,9,0,4,0,0,0,0,0,0,2,1,2,1,54,8,1364,1,5,1,1,3,381420,432140,4,3,1,2,72,6,0,6,30,0,4,6,0,0,0,1,1,1,0,0,1,1,1,1,1,33,6,3,0,0,0,0,0,9,1,5
2,1,9,0,9,0,8,0,0,0,0,1,1,6,3,38,7,1598,1,8,1,1,2,475184,263425,34,2,1,6,384,3,508,6,30,3,4,6,8173,0,0,4,1,1,0,0,1,3,1,1,1,33,6,3,0,0,0,0,0,9,1,5
3,1,9,0,9,0,6,0,0,0,0,1,1,6,1,42,7,1796,1,4,1,1,1,394050,299850,20,1,1,4,309,6,0,6,30,8,4,6,0,0,0,1,1,1,0,0,1,2,1,3,1,42,7,3,5,1,0,0,0,0,1,2
3,1,9,0,5,0,4,0,0,0,0,1,1,6,1,83,11,1591,1,2,1,1,2,623336,308896,36,2,1,7,404,5,813,1,30,1,4,5,813,0,0,1,8,1,0,0,1,2,1,1,1,33,6,3,0,0,0,0,0,9,1,5
3,2,9,0,18,0,8,0,0,0,0,3,1,6,2,44,7,1796,1,8,1,1,2,546150,192230,1,2,1,5,14,6,0,6,30,6,4,6,0,0,0,1,1,1,0,0,1,1,1,1,1,33,6,3,0,0,0,0,0,9,1,5
3,1,9,0,18,0,0,1,0,0,0,1,1,3,2,29,6,1597,1,15,1,4,2,366683,80875,55,2,4,6,646,3,354,6,50,0,4,6,0,0,0,1,1,1,0,0,2,1,3,2,1,4,1,3,0,0,2,0,0,9,1,5
2,1,9,0,5,0,8,0,0,0,0,4,1,2,1,45,7,2198,2,7,1,2,2,339903,385744,5,2,2,6,91,6,0,3,30,6,4,6,0,0,0,1,1,1,0,0,1,1,1,1,1,33,6,3,0,0,0,0,0,9,1,5
3,1,9,0,11,0,3,0,0,0,0,4,1,6,2,25,5,1598,1,8,1,1,2,329502,199951,61,2,1,7,734,3,4042,1,40,1,4,3,4,0,0,1,1,1,0,0,1,1,1,1,1,33,6,3,0,0,0,0,0,9,1,5
3,2,9,0,18,0,8,0,0,5,6,2,1,6,1,42,7,1598,1,8,1,1,2,568320,169660,46,2,1,1,535,3,2,3,70,5,4,6,0,0,0,4,1,1,0,0,2,1,1,1,1,42,7,3,0,0,0,0,0,9,1,9
3,2,9,0,18,0,8,0,0,0,0,1,1,6,1,28,6,2143,2,3,1,1,2,416504,433784,13,2,1,2,200,6,0,6,30,3,2,6,0,0,4,1,1,1,0,0,1,1,1,1,1,28,6,3,0,0,0,0,0,9,1,5
3,2,1,0,18,0,8,0,0,0,0,4,1,6,1,39,7,1598,1,8,1,1,2,332997,350340,60,2,1,3,725,3,5152,1,30,6,4,6,0,0,0,1,1,1,0,0,1,1,1,1,1,39,7,3,0,0,0,0,0,1,1,5
3,2,9,0,18,0,8,2,0,0,0,0,1,1,2,64,9,1364,2,9,3,1,2,485084,262515,34,2,1,4,386,3,45,3,70,5,4,3,45,0,0,1,1,1,0,0,2,1,1,1,2,64,9,3,0,0,0,0,0,9,3,6
3,1,9,0,10,0,0,0,0,0,0,2,1,2,1,36,7,2597,1,11,2,1,2,335393,378418,7,2,1,6,130,4,5133,6,40,0,4,6,0,0,0,1,1,2,0,0,2,1,1,1,1,36,7,3,0,0,0,0,0,9,2,10
3,2,9,0,18,0,8,0,0,0,0,1,1,6,1,27,6,1995,2,8,1,1,2,543940,187460,1,2,1,7,14,6,0,6,30,3,4,6,0,0,0,1,1,1,0,0,1,1,1,1,1,27,6,3,0,0,0,0,0,9,1,6
3,3,9,0,3,0,0,0,0,1,0,2,1,6,1,58,9,1598,1,8,2,1,4,427530,372140,30,4,1,5,329,3,619,6,50,0,4,6,0,0,0,6,2,2,4,0,2,1,1,1,1,58,9,3,0,0,0,0,0,9,2,9
3,2,5,0,18,0,0,0,0,0,0,3,1,6,1,46,8,1050,1,7,1,1,2,441346,445094,13,2,1,7,204,2,1,3,70,0,4,6,0,0,0,1,1,1,0,0,2,1,1,1,1,46,8,3,0,0,0,0,0,5,1,5
3,1,9,0,17,0,0,2,0,1,0,1,1,2,1,29,6,1598,1,8,1,2,1,244214,379212,60,1,2,5,720,4,5111,6,30,0,4,6,0,0,0,4,2,2,0,0,2,1,2,2,1,44,7,3,0,0,2,0,0,9,1,5
3,1,9,0,7,0,8,0,0,0,0,4,1,6,2,40,7,1598,1,8,1,1,2,543150,179220,1,2,1,4,6,3,206,1,30,1,4,3,2204,0,0,1,1,1,0,0,1,1,1,1,1,33,6,3,0,0,0,0,0,9,1,5
3,1,9,0,9,0,8,0,0,0,0,3,1,6,2,34,6,1598,1,8,1,1,2,297412,168648,62,2,1,7,746,6,0,6,30,3,4,6,0,0,4,1,1,2,0,0,1,1,1,1,2,34,6,3,0,0,0,0,0,9,1,5
3,2,1,0,18,0,8,0,0,0,0,3,1,6,1,49,8,1598,1,8,1,1,2,427525,564724,10,2,1,4,147,4,1314,6,30,3,4,6,1159,0,0,4,1,1,0,0,1,1,1,1,1,49,8,3,0,0,0,0,0,1,1,1
3,2,9,0,5,0,8,0,0,0,0,2,1,6,2,20,4,1198,1,5,1,2,2,427791,425855,13,2,2,5,204,3,653,3,40,6,2,6,0,0,5,4,1,1,0,0,1,2,2,2,2,18,4,3,0,0,1,0,0,9,1,6
3,1,9,0,18,0,0,0,4,0,0,4,1,6,3,38,7,1598,1,8,1,1,2,618090,167910,46,2,1,4,531,6,3127,6,30,0,4,6,0,0,0,1,1,1,0,0,1,1,1,3,2,43,7,3,9,5,0,0,0,0,2,6
3,2,5,0,16,0,8,0,0,0,0,0,1,2,1,38,7,649,1,2,1,1,2,526877,137795,47,2,1,2,560,3,23,1,30,1,2,6,0,0,5,4,1,1,0,0,1,2,1,1,1,38,7,3,0,0,0,0,0,5,1,3
2,1,8,0,18,0,0,0,0,0,0,1,1,1,1,55,8,1910,2,5,1,1,1,523752,213503,41,1,1,1,438,5,147,6,30,0,4,6,0,0,0,5,1,1,0,0,1,1,1,3,1,18,4,2,10,9,0,0,0,0,1,9
3,1,9,0,18,0,6,0,0,0,0,4,1,6,1,56,9,1461,2,5,1,5,2,578220,150500,46,2,5,4,536,6,342,6,60,6,3,6,0,0,0,1,2,2,0,0,2,1,4,2,1,15,3,3,0,0,2,0,0,9,1,5
3,1,9,0,18,0,2,0,0,0,0,1,1,6,3,38,7,1598,1,8,1,2,1,417258,416486,13,1,2,4,203,3,629,6,30,3,4,6,0,0,0,4,5,2,0,0,1,2,1,3,2,16,4,3,5,9,0,0,0,0,1,5
3,3,9,0,4,0,0,0,0,0,0,2,1,2,1,48,8,1598,1,8,1,1,3,588720,160470,46,3,1,6,540,1,2,3,70,0,4,6,0,0,0,1,1,2,0,0,2,1,1,1,1,33,6,3,0,0,0,0,0,9,1,5
3,5,9,0,18,0,0,0,11,0,0,3,1,6,1,35,6,2987,2,3,1,1,5,407370,272970,22,5,1,3,270,1,42,3,70,0,4,6,0,0,0,1,1,1,5,2,2,1,1,1,1,33,6,3,0,0,0,0,0,9,1,5
3,2,9,0,12,0,0,0,0,0,0,3,1,2,2,44,7,1598,1,10,3,1,2,393790,277260,22,2,1,2,270,3,491,3,50,0,4,6,0,0,0,1,1,1,0,0,2,1,1,1,1,33,6,3,0,0,0,0,0,9,1,5
3,2,9,0,18,0,8,0,0,0,0,3,1,6,2,24,5,1198,1,9,1,2,2,355110,430270,4,2,2,4,79,6,0,6,30,6,4,6,0,0,0,1,1,2,0,0,1,1,2,2,2,54,8,3,0,0,1,0,0,9,1,1
3,2,4,0,15,0,8,0,0,0,0,1,1,2,2,46,8,124,1,9,1,1,3,623577,309766,36,3,1,2,404,5,815,6,30,6,4,6,0,0,0,4,1,1,0,0,1,1,1,1,2,46,8,3,0,0,0,0,0,4,1,7
3,2,9,0,18,0,8,0,0,0,0,2,1,6,1,38,7,2143,2,4,1,1,2,526730,182040,1,2,1,1,1,3,5,6,30,3,4,6,0,0,1,4,1,1,0,0,1,1,1,1,1,38,7,3,0,0,0,0,0,9,1,5
3,2,9,0,18,0,0,0,0,0,0,1,1,6,2,28,6,1598,1,8,3,1,3,307270,244930,63,3,1,3,753,3,470,6,60,0,4,6,0,0,0,1,1,2,0,0,2,1,1,1,2,28,6,3,0,0,0,0,0,9,3,5
3,2,9,0,4,0,0,0,0,0,0,2,1,6,1,18,4,998,1,5,3,2,3,559204,121806,47,3,2,6,556,3,265,6,40,0,4,6,0,0,0,1,1,1,0,0,2,1,1,1,1,18,4,3,0,0,0,0,0,9,3,6
2,2,9,0,18,0,2,0,0,0,0,1,1,6,3,38,7,1598,1,8,1,1,2,532520,183360,1,2,1,3,4,6,0,6,30,3,4,6,0,0,0,1,1,1,0,0,1,1,1,1,1,33,6,3,0,0,0,0,0,9,1,5
3,1,9,0,5,0,2,0,0,0,0,3,1,1,2,36,7,2179,2,3,3,1,2,402628,203081,53,2,1,2,621,5,100,6,40,8,4,6,0,0,0,1,1,1,0,0,1,1,1,1,1,33,6,3,0,0,0,0,0,9,1,5
3,1,9,0,18,0,0,0,0,0,0,4,1,6,1,85,11,1339,1,11,3,1,1,387763,168976,54,1,1,4,635,4,3353,6,40,0,4,6,0,0,0,1,1,1,0,0,1,2,1,3,1,46,8,3,9,8,0,0,0,0,3,9
3,2,9,0,2,9,2,0,0,0,0,3,1,6,1,47,8,1596,1,8,1,1,3,441960,335280,30,3,1,7,324,5,89,6,30,5,3,3,52,0,0,4,2,2,0,0,1,2,1,1,1,47,8,3,0,0,0,0,0,9,1,9
3,2,9,0,4,0,0,0,0,0,0,3,1,1,1,24,5,1997,2,8,1,1,4,387161,334492,21,4,1,3,255,1,6,3,70,0,4,6,0,0,0,1,1,1,0,0,2,2,1,1,1,24,5,3,0,0,0,0,0,9,1,10
3,1,9,0,18,0,4,0,0,0,0,1,1,6,2,59,9,1598,1,8,2,2,2,300704,187421,62,2,2,3,744,3,4093,1,30,1,4,3,4119,0,0,4,2,2,0,0,2,1,1,1,2,59,9,3,0,0,0,0,0,9,2,5
3,1,1,0,18,0,0,0,0,1,9,3,1,6,2,48,8,1598,1,8,1,1,2,393090,652530,95,2,1,3,914,4,6461,6,60,0,4,6,0,0,0,1,1,1,0,0,2,1,1,1,2,48,8,3,0,0,0,0,0,1,1,5
3,5,9,0,4,0,0,0,0,0,0,2,1,6,2,19,4,1248,2,4,1,8,5,567845,190051,42,5,8,7,450,3,127,3,70,0,4,6,0,0,0,1,1,1,0,0,1,1,7,1,2,19,4,3,0,0,0,0,0,9,1,1
3,1,9,0,9,0,8,0,0,0,0,3,1,6,2,21,5,998,1,13,1,1,2,529850,160190,1,2,1,3,20,3,237,6,30,6,4,6,0,0,0,7,1,1,0,0,1,1,1,1,2,21,5,3,0,0,0,0,0,9,1,5
3,1,9,0,11,0,1,1,0,1,1,1,1,6,1,80,11,1596,1,4,1,2,1,438670,333680,30,1,2,6,323,3,5111,3,30,3,2,6,0,0,5,1,1,1,0,0,1,1,1,1,1,80,11,3,0,0,0,0,0,9,1,4
3,2,9,0,12,0,0,0,0,0,0,3,1,6,1,38,7,1497,8,9,1,1,2,533480,182380,1,2,1,5,4,3,10,6,30,0,4,6,0,0,4,1,1,1,0,0,1,2,1,1,1,33,6,3,0,0,0,0,0,9,1,5
3,2,9,0,18,0,8,0,0,0,0,1,1,6,2,60,9,1598,1,12,3,1,2,455295,292110,33,2,1,6,363,3,426,6,60,8,4,6,0,0,0,1,2,2,0,0,2,1,1,1,2,60,9,3,0,0,0,0,0,9,3,9
3,2,9,0,18,0,2,2,10,6,10,1,1,6,1,68,10,1339,1,9,1,2,2,406640,287150,20,2,2,3,300,3,4400,3,30,6,2,6,0,0,5,1,1,1,0,0,1,1,2,2,2,68,10,3,0,0,1,0,0,9,1,10
3,1,9,0,16,0,0,1,0,0,0,1,1,5,1,21,5,1997,1,13,1,3,2,448518,273841,23,2,3,7,292,4,4642,6,30,0,4,6,0,0,0,1,5,2,0,0,1,2,1,1,1,21,5,3,0,0,0,0,0,9,1,5
3,2,9,0,9,0,1,0,0,0,0,2,1,2,1,24,5,1783,1,12,1,1,2,559273,121819,47,2,1,6,556,3,265,6,40,3,4,4,2096,0,0,1,1,1,0,0,2,2,1,1,1,24,5,3,0,0,0,0,0,9,1,10
3,2,9,0,18,0,8,0,0,0,0,1,1,6,1,36,7,1598,1,13,1,1,2,261502,665943,97,2,1,2,926,6,0,6,30,5,4,1,8,0,0,4,2,2,3,0,1,1,1,1,1,36,7,3,0,0,0,0,0,9,1,5
2,1,9,0,18,0,8,1,0,7,0,1,1,6,1,17,4,998,1,14,2,4,2,498043,120458,47,2,4,7,559,6,0,6,60,3,4,6,0,0,0,1,2,2,0,0,2,1,4,1,1,17,4,2,0,0,0,0,0,9,2,5
3,3,10,0,18,0,0,0,0,0,0,3,1,1,1,62,9,2464,2,6,1,1,5,535646,152854,45,5,1,7,516,1,25,3,70,0,4,6,0,0,0,1,1,2,0,0,2,1,1,1,1,33,6,3,0,0,0,0,0,9,1,5
3,2,9,0,18,0,8,0,0,0,0,3,1,6,2,58,9,1498,1,9,1,1,2,411690,289330,20,2,1,5,300,3,4040,3,40,6,2,6,0,0,5,1,1,2,0,0,1,1,1,1,2,58,9,3,0,0,0,0,0,9,1,9
3,1,9,0,18,0,8,0,0,0,0,1,1,6,1,44,7,1596,1,6,1,1,2,336116,379104,5,2,1,5,95,3,41,1,40,1,2,1,53,0,0,1,1,1,0,0,2,2,1,1,1,33,6,3,0,0,0,0,0,9,1,5
3,1,9,0,3,0,0,0,0,0,0,4,1,1,2,26,6,1461,2,2,1,1,2,525247,152479,45,2,1,6,513,1,25,3,70,0,4,6,0,0,0,4,9,1,0,0,2,2,1,1,2,26,6,3,0,0,0,0,0,9,1,3
3,2,9,0,4,0,0,0,0,0,0,0,2,6,2,39,7,1997,2,7,1,4,2,553555,372163,32,2,4,2,351,3,52,6,30,0,4,6,0,0,0,1,1,2,0,0,2,1,1,1,1,33,6,3,0,0,0,0,0,9,1,5
3,1,8,0,2,0,1,0,0,0,0,3,1,1,1,59,9,1896,2,7,1,2,2,449550,520594,17,2,2,7,243,6,0,6,30,3,4,6,0,0,5,1,1,1,0,0,1,2,2,2,1,27,6,3,0,0,1,0,0,8,1,2
3,1,9,0,16,0,0,1,0,1,2,1,1,6,2,34,6,1360,1,11,1,1,1,448247,113305,44,1,1,6,491,3,334,3,60,0,4,6,0,0,0,1,2,2,6,0,2,1,1,1,2,34,6,3,0,0,0,0,0,9,1,4
3,2,9,0,16,0,1,0,0,0,0,4,1,6,1,26,6,2993,2,9,1,5,2,530012,106381,47,2,5,2,565,6,0,6,20,3,4,6,0,0,0,4,2,2,0,0,1,1,2,2,1,27,6,3,0,0,1,0,0,9,1,3
2,2,9,0,2,6,0,0,0,0,0,3,1,1,1,44,7,2993,2,4,1,2,3,371740,405070,6,3,2,7,100,1,61,3,70,0,4,6,0,0,0,1,1,1,0,0,1,1,2,1,1,44,7,2,0,0,0,0,0,9,1,5
3,2,9,0,18,0,8,0,0,0,0,0,1,6,2,28,6,1598,1,8,1,3,2,532718,108845,47,2,3,6,565,6,0,6,30,3,4,6,0,0,0,1,1,1,0,0,1,1,3,2,2,3,1,3,0,0,2,0,0,9,1,4
3,2,9,0,9,0,5,0,0,0,0,1,1,6,1,38,7,1599,1,7,1,1,2,407450,290040,20,2,1,1,300,4,4140,6,30,7,4,6,0,0,0,1,1,1,0,0,1,2,1,1,1,33,6,3,0,0,0,0,0,9,1,5
3,1,9,0,16,0,0,0,0,0,0,0,1,6,3,38,7,1598,1,8,1,1,2,636332,316857,36,2,1,7,405,3,1062,6,60,0,4,6,0,0,0,1,1,1,0,0,2,1,1,1,1,33,6,3,0,0,0,0,0,9,1,5
2,2,9,0,18,0,1,0,0,0,0,1,1,6,2,24,5,2204,2,9,3,3,2,348456,134462,52,2,3,2,606,4,3151,6,60,6,4,6,0,0,0,1,2,2,0,0,2,1,2,1,2,24,5,2,0,0,0,0,0,9,3,4
3,2,5,0,18,0,1,0,0,0,0,1,1,6,1,48,8,1598,1,8,3,1,2,320460,297710,63,2,1,7,753,4,4385,6,60,8,4,6,0,0,0,1,1,1,0,0,2,2,1,1,1,48,8,3,0,0,0,0,0,5,3,5
3,1,9,0,18,0,6,0,0,0,0,1,1,6,1,19,4,1598,1,8,3,3,2,475474,385976,31,2,3,2,341,3,620,6,50,6,4,6,0,0,0,1,1,1,0,0,2,1,3,1,1,19,4,3,0,0,0,0,0,9,3,8
3,1,11,0,4,0,2,0,0,0,0,4,1,1,3,38,7,1598,1,8,1,1,1,545270,178520,1,1,1,6,6,5,0,6,30,3,4,6,0,0,0,1,1,1,0,0,1,1,1,3,2,24,5,3,6,9,0,0,2,0,1,5
3,1,9,0,9,0,8,0,0,0,0,3,1,6,1,53,8,1797,1,18,1,1,2,527580,176220,1,2,1,4,10,3,3220,6,30,3,4,6,0,0,0,1,1,1,0,0,1,1,1,1,1,33,6,3,0,0,0,0,0,9,1,5
3,2,9,0,4,0,0,0,0,0,0,2,1,6,2,37,7,1686,2,3,1,2,2,429832,586239,10,2,2,4,139,3,189,3,70,0,4,6,0,0,0,4,1,1,0,0,2,1,1,1,2,37,7,3,0,0,0,0,0,9,1,2
3,3,19,0,18,0,0,0,0,1,0,1,1,1,1,38,7,1598,2,1,1,1,3,444670,371260,30,3,1,6,327,3,632,6,40,0,4,6,0,0,0,1,2,2,0,0,2,1,1,1,1,33,6,3,0,0,0,0,0,9,1,5
3,2,9,0,3,0,1,0,0,0,0,2,1,6,2,25,5,1242,1,11,1,1,2,248050,54750,50,2,1,7,583,6,0,3,30,3,2,6,0,0,0,1,1,1,0,0,1,2,1,1,2,25,5,3,0,0,0,0,0,9,1,10
3,1,9,0,5,0,0,0,0,0,0,4,1,6,3,19,4,1229,1,10,1,3,1,495920,368632,32,1,3,7,352,6,932,6,30,0,4,6,0,0,0,4,1,2,0,0,1,1,2,3,2,15,3,3,5,9,0,0,0,0,1,1
3,1,9,0,9,0,5,0,0,0,0,1,1,6,3,38,7,1598,1,8,1,1,2,556841,365555,32,2,1,3,351,6,0,6,30,3,4,3,52,0,0,1,1,1,0,0,1,1,1,1,1,33,6,3,0,0,0,0,0,9,1,5
3,1,9,0,4,0,0,0,0,0,0,1,1,6,1,68,10,2295,1,11,1,1,2,319480,469280,3,2,1,2,61,6,0,6,30,0,4,6,0,0,0,1,1,1,0,0,1,1,1,1,1,33,6,3,0,0,0,0,0,9,1,5
3,1,9,0,18,0,0,0,0,1,11,1,1,6,1,26,6,1998,2,14,1,1,1,441009,113439,44,1,1,1,500,6,0,6,30,0,4,6,0,0,0,1,2,2,0,0,1,1,1,1,1,26,6,3,0,0,0,0,0,9,1,5
3,1,9,0,18,0,0,2,0,0,0,1,1,6,1,63,9,1598,1,8,2,1,1,465586,518503,17,1,1,3,241,6,0,6,30,0,4,6,0,0,0,1,1,2,0,0,2,1,1,1,1,63,9,3,0,0,0,0,0,9,2,2
3,2,8,0,18,0,8,1,0,0,0,1,1,6,1,38,7,1997,2,12,1,1,2,406740,286530,20,2,1,7,300,3,38,3,30,3,4,6,0,0,0,7,9,1,0,0,1,2,1,2,2,21,5,3,0,0,2,0,0,8,1,2
3,2,9,0,18,0,0,0,0,0,0,2,1,1,1,35,6,1896,2,7,1,1,2,423872,424239,13,2,1,2,203,6,0,6,30,0,4,6,0,0,0,1,1,1,0,0,1,2,1,2,2,22,5,3,0,0,2,0,0,9,1,6
3,1,19,0,17,0,0,0,0,0,0,3,1,6,3,38,7,1598,1,8,1,1,2,603190,137790,46,2,1,4,530,6,1811,6,60,0,4,6,0,0,0,1,1,1,0,0,2,2,1,1,1,33,6,3,0,0,0,0,0,9,1,5
3,2,9,0,3,0,0,0,0,0,0,2,1,1,2,29,6,1587,1,8,1,2,2,496973,179765,43,2,2,4,473,4,3027,2,30,0,4,6,0,0,0,1,1,1,0,0,1,2,2,2,1,29,6,3,0,0,1,0,0,9,1,4
3,1,9,0,18,0,0,0,0,0,0,4,1,6,3,38,7,1598,1,8,1,1,1,502980,307580,32,1,1,7,355,6,363,6,30,0,4,6,0,0,0,1,1,1,0,0,1,2,1,3,2,57,9,3,6,9,0,0,0,0,1,5
3,2,9,0,18,0,0,2,0,0,0,4,1,6,1,55,8,1796,1,7,1,2,2,443310,116740,44,2,2,1,501,1,27,3,70,0,4,6,0,0,0,1,1,1,0,3,2,1,2,2,2,55,8,3,0,0,1,0,0,9,1,8
3,1,9,0,4,0,0,1,0,0,0,1,1,6,1,44,7,2776,2,9,1,1,2,491469,239686,43,2,1,6,479,1,1,3,70,0,4,6,0,0,0,1,1,1,0,0,2,1,1,2,2,40,7,3,0,0,2,0,0,9,1,2
2,1,9,0,14,0,1,0,0,0,0,1,1,6,1,56,9,1242,1,15,2,1,2,606545,221501,42,2,1,2,461,6,0,6,30,3,4,6,0,0,0,1,1,1,0,0,2,1,1,3,1,14,3,2,5,1,0,0,0,0,1,5
3,1,9,0,18,0,8,0,0,0,0,1,1,6,3,38,7,1598,1,8,1,1,2,409460,283450,20,2,1,3,300,3,34,6,30,3,4,6,0,0,0,1,9,1,0,0,1,2,1,1,1,33,6,3,0,0,0,0,0,9,1,5
3,1,9,0,9,0,8,0,10,3,2,1,1,6,1,28,6,1995,2,8,1,1,2,507800,181580,1,2,1,5,26,3,437,3,30,6,4,4,465,0,4,1,1,1,0,0,1,1,1,1,1,28,6,3,0,0,0,0,0,9,1,10
3,3,9,0,18,0,1,0,0,0,0,1,1,6,3,38,7,1598,1,8,1,1,3,370095,180979,52,3,1,2,612,6,0,6,30,2,4,6,0,0,0,1,1,1,0,0,2,1,1,1,1,33,6,3,0,0,0,0,0,9,1,5
2,1,9,0,9,0,6,0,0,0,0,1,1,1,2,44,7,2995,1,11,2,2,2,491899,161197,45,2,2,3,515,4,311,6,30,3,4,6,0,0,0,1,1,2,0,0,2,1,3,1,2,44,7,3,0,0,0,0,0,9,2,9
3,2,9,0,5,0,8,0,0,0,0,4,1,6,1,45,7,1582,2,2,1,1,2,264881,665012,97,2,1,6,926,6,0,6,30,6,4,6,0,0,0,1,1,1,0,0,1,1,1,1,1,33,6,3,0,0,0,0,0,9,1,5
3,1,9,0,12,0,0,0,0,0,0,2,1,6,1,38,7,1598,1,14,1,4,2,451649,341905,31,2,4,6,346,4,6004,6,30,0,4,6,0,0,0,1,9,1,0,0,2,2,3,2,2,16,4,3,0,0,2,0,0,9,1,1