accident_severity,vehicle_reference,vehicle_type,towing_and_articulation,vehicle_manoeuvre,vehicle_location-restricted_lane,junction_location,skidding_and_overturning,hit_object_in_carriageway,vehicle_leaving_carriageway,hit_object_off_carriageway,1st_point_of_impact,was_vehicle_left_hand_drive?,journey_purpose_of_driver,sex_of_driver,age_of_driver,age_band_of_driver,engine_capacity_(cc),propulsion_code,age_of_vehicle,driver_home_area_type,NUmber_of_Casualities_unique_to_accident_index,No_of_Vehicles_involved_unique_to_accident_index,location_easting_osgr,location_northing_osgr,police_force,number_of_vehicles,number_of_casualties,day_of_week,local_authority_(district),1st_road_class,1st_road_number,road_type,speed_limit,junction_detail,junction_control,2nd_road_class,2nd_road_number,pedestrian_crossing-human_control,pedestrian_crossing-physical_facilities,light_conditions,weather_conditions,road_surface_conditions,special_conditions_at_site,carriageway_hazards,urban_or_rural_area,did_police_officer_attend_scene_of_accident,casualty_reference,casualty_class,sex_of_casualty,age_of_casualty,age_band_of_casualty,casualty_severity,pedestrian_location,pedestrian_movement,car_passenger,bus_or_coach_passenger,pedestrian_road_maintenance_worker,casualty_type,casualty_home_area_type,casualty_imd_decile
3,1,9,0,18,0,8,0,0,0,0,3,1,6,2,31,6,1360,1,11,1,2,2,541050,168180,1,2,2,7,19,3,21,6,30,3,2,3,21,0,5,1,1,1,0,0,1,1,1,1,2,31,6,3,0,0,0,0,0,9,1,3
3,1,9,0,18,0,1,0,0,0,0,4,1,6,2,30,6,1598,1,8,1,1,1,623486,310515,36,1,1,5,404,6,0,6,30,3,4,6,0,0,0,1,1,1,0,0,1,2,1,3,2,14,3,3,9,9,0,0,0,0,1,5
3,1,9,0,9,0,8,0,0,0,0,1,1,6,2,27,6,1364,1,11,1,1,2,577166,222945,42,2,1,2,451,6,0,6,30,3,4,6,0,0,0,1,1,1,0,0,1,1,1,1,1,33,6,3,0,0,0,0,0,9,1,5
3,1,9,0,5,0,6,0,0,0,0,1,1,2,1,25,5,1229,1,10,1,1,2,431838,387207,14,2,1,3,215,3,57,6,30,6,4,6,0,0,0,7,1,2,0,0,1,1,1,1,1,33,6,3,0,0,0,0,0,9,1,5
2,1,9,0,9,0,8,0,0,0,0,1,1,6,2,24,5,1998,1,8,1,1,2,351580,428430,4,2,1,5,83,6,0,6,30,6,2,6,0,0,1,1,1,1,0,0,1,1,1,1,1,33,6,3,0,0,0,0,0,9,1,5
3,2,9,0,18,0,0,0,0,0,0,3,1,6,2,42,7,1197,1,8,1,2,2,418011,525667,11,2,2,3,169,3,688,6,60,0,4,6,0,0,0,1,1,1,0,0,2,2,1,1,2,42,7,3,0,0,0,0,0,9,1,2
3,2,9,0,18,0,2,0,0,0,0,1,1,6,2,39,7,998,1,5,1,2,2,517492,130642,47,2,2,5,562,4,2195,6,30,3,2,6,0,0,0,4,1,1,0,0,1,1,2,1,2,39,7,3,0,0,0,0,0,9,1,10
3,2,9,0,18,0,8,0,0,0,0,4,1,6,1,41,7,1699,1,10,1,2,2,546320,187600,1,2,2,1,14,6,0,6,30,6,4,6,0,0,0,4,1,1,0,0,1,1,2,1,1,41,7,3,0,0,0,0,0,9,1,4
3,1,9,0,18,0,1,0,0,0,0,1,1,6,3,38,7,1598,1,8,1,1,2,617987,218931,42,2,1,7,461,6,0,3,40,3,4,6,0,0,0,1,1,1,0,0,2,2,1,1,1,33,6,3,0,0,0,0,0,9,1,5
3,1,9,0,18,0,8,1,0,4,11,1,1,6,1,23,5,1124,1,14,1,1,1,570326,188254,42,1,1,6,450,6,0,3,30,1,4,6,0,0,0,4,1,2,0,0,1,1,1,1,1,23,5,3,0,0,0,0,0,9,1,7
1,1,9,0,17,0,0,1,0,1,2,1,1,6,2,27,6,1587,1,12,3,1,1,451772,387601,14,1,1,1,213,6,0,6,60,0,4,6,0,0,0,4,1,1,0,0,2,1,1,1,2,27,6,1,0,0,0,0,0,9,3,6
2,2,1,0,18,0,1,0,0,0,0,1,1,6,1,80,11,1598,1,8,1,1,2,332086,352419,60,2,1,7,725,3,541,6,50,3,4,6,0,0,0,1,1,1,0,0,2,1,1,1,1,80,11,2,0,0,0,0,0,1,1,5
3,2,2,0,14,0,1,1,0,0,0,4,1,2,2,29,6,108,1,3,1,1,2,514370,189420,1,2,1,6,29,5,0,6,30,3,4,6,0,0,1,1,1,1,4,0,1,1,1,1,2,29,6,3,0,0,0,0,0,2,1,4
2,1,9,0,18,0,0,0,0,0,0,1,1,6,1,35,6,1386,1,9,1,1,1,251844,671150,97,1,1,7,926,6,0,6,30,0,4,6,0,0,0,1,2,2,0,0,1,1,1,3,1,53,8,2,5,1,0,0,0,0,1,5
3,1,21,0,18,0,0,0,0,0,0,2,1,1,1,33,6,6692,2,5,1,1,2,509670,158228,45,2,1,3,510,1,25,3,70,0,4,6,0,0,0,1,1,1,0,0,2,1,1,1,1,33,6,3,0,0,0,0,0,21,1,5
3,1,9,0,18,0,0,0,0,0,0,1,1,6,3,45,7,1598,1,8,1,1,1,269661,667786,97,1,1,6,932,4,806,3,30,0,4,6,0,0,0,4,1,2,0,0,2,1,1,3,2,28,6,3,6,9,0,0,0,0,1,5
2,3,9,0,2,0,0,0,0,0,0,1,1,6,3,38,7,1598,1,8,1,1,3,398237,93543,55,3,1,1,644,6,0,6,30,0,4,6,0,0,0,4,1,1,0,0,1,1,1,1,1,33,6,3,0,0,0,0,0,9,1,5
3,2,9,0,18,0,8,0,0,0,0,4,1,6,2,73,10,847,1,17,1,2,2,459797,91861,44,2,2,6,505,4,3330,6,30,3,4,6,0,0,4,1,1,1,0,0,1,1,2,1,2,73,10,3,0,0,0,0,0,9,1,4
3,3,9,0,4,0,1,1,0,1,4,1,1,2,2,21,5,1248,2,7,1,2,3,362740,423830,4,3,2,4,73,3,674,6,50,3,4,3,674,0,0,1,8,2,0,0,2,1,1,1,1,33,6,3,0,0,0,0,0,9,1,5
2,1,9,0,18,0,1,0,0,0,0,1,1,1,1,35,6,2198,2,9,1,1,1,406800,285470,20,1,1,5,300,3,38,3,30,6,2,3,4540,0,5,4,2,2,0,0,1,1,1,3,2,29,6,2,1,4,0,0,0,0,1,1
3,1,19,0,18,0,8,0,0,1,3,1,1,6,2,19,4,3198,2,1,3,1,1,440986,452083,12,1,1,5,182,6,27,6,60,3,4,6,0,0,0,6,1,2,0,0,2,1,1,1,2,19,4,3,0,0,0,0,0,19,3,10
3,1,9,0,9,0,8,0,0,0,0,1,1,6,1,38,7,1598,1,8,1,1,2,442754,425677,13,2,1,7,206,6,0,6,30,3,2,6,0,0,4,4,1,1,0,0,1,1,1,1,1,33,6,3,0,0,0,0,0,9,1,5
3,1,9,0,4,0,1,0,0,0,0,1,1,6,1,36,7,1998,1,14,1,1,2,539470,173060,1,2,1,7,7,5,0,6,30,3,4,6,0,0,0,4,1,2,0,0,1,1,1,1,1,33,6,3,0,0,0,0,0,9,1,5
3,2,9,0,7,0,8,0,0,0,0,1,1,6,2,80,11,1086,1,8,1,1,2,464636,98238,44,2,1,3,498,3,288,1,30,2,4,6,0,0,8,1,1,1,0,0,2,1,1,1,1,33,6,3,0,0,0,0,0,9,1,5
2,1,9,0,18,0,0,0,0,0,0,1,1,6,1,23,5,5439,1,12,1,5,4,500746,233405,40,4,5,2,424,1,1,3,70,0,4,6,0,0,0,1,1,2,0,0,2,1,3,1,1,23,5,3,0,0,0,0,0,9,1,9
3,1,9,0,2,0,0,0,0,0,0,3,1,1,1,42,7,1968,2,3,1,1,1,525690,178350,1,1,1,2,12,3,3220,2,30,0,4,6,0,0,0,1,1,1,0,0,1,1,1,3,2,21,5,3,9,9,0,0,2,0,1,4
3,2,9,0,18,0,1,0,0,0,0,1,1,6,2,32,6,1587,1,10,1,1,2,580030,192708,42,2,1,7,459,6,0,3,40,3,2,6,0,0,0,1,1,1,0,0,1,1,1,2,2,22,5,3,0,0,1,0,0,9,1,8
3,2,1,0,18,0,8,0,0,0,0,4,1,2,1,32,6,1598,1,8,1,1,2,381262,213798,53,2,1,2,623,6,2670,6,30,1,4,6,2670,0,0,1,1,1,0,0,2,1,1,1,1,32,6,3,0,0,0,0,0,1,1,5
3,1,9,0,4,0,8,1,0,1,0,1,1,6,1,66,10,1910,2,10,1,1,1,524970,170520,1,1,1,2,22,3,219,2,30,3,4,6,0,0,4,1,1,1,0,0,1,1,1,3,1,21,5,3,4,1,0,0,2,0,1,9
3,1,9,0,18,0,0,1,0,1,4,1,1,6,1,21,5,799,2,4,1,2,1,438240,372710,30,1,2,7,322,4,6057,6,30,0,4,6,0,0,0,1,2,2,0,0,1,1,1,1,1,21,5,3,0,0,0,0,0,9,1,8
2,1,3,0,16,0,0,1,0,7,11,1,1,2,1,33,6,124,1,1,1,1,1,490803,182191,43,1,1,1,477,6,61,6,30,0,4,6,0,0,0,1,2,2,0,0,1,1,1,1,1,33,6,2,0,0,0,0,0,3,1,10
3,2,9,0,18,0,2,0,0,0,0,1,1,6,2,30,6,1598,1,8,1,2,2,539660,187620,1,2,2,2,13,3,1199,6,30,3,4,6,0,0,0,1,1,1,0,0,1,2,1,1,1,33,6,3,0,0,0,0,0,9,1,5
3,3,9,0,17,0,0,0,0,0,0,1,1,6,1,53,8,1499,2,8,1,3,3,394000,268260,22,3,3,6,277,3,38,6,50,0,4,6,0,0,0,6,1,2,0,0,2,1,3,2,2,64,9,3,0,0,1,0,0,9,1,5
3,2,9,0,18,0,0,0,0,0,0,2,1,6,1,36,7,1598,1,8,3,4,5,502344,425387,16,5,4,3,231,3,15,3,50,0,4,6,0,0,0,1,1,1,0,0,2,1,1,1,1,33,6,3,0,0,0,0,0,9,1,5
3,1,19,0,4,0,2,0,0,0,0,1,1,1,1,44,7,2402,2,4,1,1,1,484152,146313,45,1,1,2,517,3,287,6,30,9,4,6,0,0,5,1,1,1,0,0,1,1,1,3,2,30,6,3,5,1,0,0,0,0,1,8
3,1,9,0,3,0,2,0,0,0,0,2,1,6,2,36,7,2143,2,2,3,1,2,425767,402857,14,2,1,3,210,4,6462,6,30,3,4,6,0,0,0,4,1,1,0,0,1,2,1,1,2,36,7,3,0,0,0,0,0,9,3,8
3,2,9,0,18,0,0,0,0,0,0,1,1,6,2,38,7,1995,2,1,3,3,2,185275,686231,97,2,3,2,913,3,83,6,40,0,4,6,0,0,0,1,1,1,0,0,2,1,3,1,2,38,7,3,0,0,0,0,0,9,3,5
3,1,9,0,18,0,1,0,0,0,0,3,1,6,1,20,4,1124,1,9,1,1,1,437590,564290,10,1,1,2,149,3,1300,6,30,3,4,6,3068,0,0,1,1,1,0,0,1,1,1,3,1,12,3,3,5,3,0,0,0,0,1,5
2,1,9,0,18,0,0,0,0,1,4,3,1,2,2,38,7,1598,1,1,3,1,1,361824,677414,95,1,1,6,921,3,1,3,70,0,4,6,0,0,0,1,1,2,0,0,2,1,1,1,2,38,7,2,0,0,0,0,0,9,3,5
3,1,9,0,18,0,0,0,0,0,0,1,1,6,1,23,5,1598,1,8,3,2,2,318510,295500,63,2,2,2,753,6,0,6,60,0,4,6,0,0,0,1,1,1,0,0,2,1,1,1,1,23,5,3,0,0,0,0,0,9,3,5
3,2,19,0,18,0,0,1,10,0,0,2,1,2,1,50,8,2402,2,4,1,2,7,244799,640007,97,7,2,1,919,3,77,3,70,0,4,6,0,0,0,6,8,4,0,0,2,1,1,1,1,33,6,3,0,0,0,0,0,9,1,5
3,1,9,0,17,0,8,0,0,0,0,1,1,6,1,38,7,1587,1,13,1,1,2,452394,164574,43,2,1,5,471,6,7152,6,40,3,4,6,7152,0,0,1,1,1,0,0,2,1,1,2,2,18,4,3,0,0,1,0,0,9,1,7
2,1,9,0,18,1,0,0,0,0,0,1,1,6,1,70,10,1560,2,10,1,1,1,573460,153610,46,1,1,6,536,5,153,6,30,0,4,6,0,0,0,1,1,1,0,0,2,1,1,3,1,62,9,2,5,9,0,0,2,0,2,4
3,1,9,0,5,0,1,0,0,0,0,1,1,6,1,56,9,1598,1,8,1,1,2,411142,290893,20,2,1,5,300,3,4040,3,30,3,4,6,0,0,0,4,1,2,0,0,1,1,1,1,1,33,6,3,0,0,0,0,0,9,1,5
3,1,9,0,16,0,0,0,0,7,4,1,1,6,2,78,11,1198,1,6,1,1,1,571735,130893,47,1,1,5,555,3,21,6,60,0,4,6,0,0,0,1,1,1,0,0,2,1,1,1,2,78,11,3,0,0,0,0,0,9,1,7
3,2,1,0,15,0,8,0,0,0,0,1,1,6,2,33,6,1598,1,8,1,1,2,523170,175270,1,2,1,4,10,3,205,6,30,3,4,6,0,0,0,1,1,1,0,0,1,1,1,1,2,33,6,3,0,0,0,0,0,1,1,4
3,1,9,0,3,0,4,0,0,0,0,2,1,6,1,77,11,2597,1,13,1,1,2,499111,158550,45,2,1,4,518,5,142,6,30,1,4,3,324,0,0,4,1,1,0,0,1,2,1,2,2,71,10,3,0,0,1,0,0,9,1,5
3,2,9,0,13,0,8,2,0,0,0,1,1,2,1,18,4,1198,1,1,1,4,2,452313,314521,33,2,4,1,362,5,3209,6,60,8,4,6,6,0,0,1,1,1,0,0,2,1,4,1,1,18,4,3,0,0,0,0,0,9,1,5
3,4,9,0,3,0,1,0,0,0,0,2,1,6,2,48,8,2967,2,3,1,3,4,494588,160904,45,4,3,4,515,3,322,6,40,9,4,6,0,0,0,1,2,1,0,0,1,1,3,1,2,48,8,3,0,0,0,0,0,9,1,10
3,2,9,0,18,0,8,1,0,0,0,1,1,6,2,38,7,1598,1,8,1,3,2,403020,301510,20,2,3,1,307,3,461,6,30,3,4,6,0,0,0,4,2,2,0,0,1,1,2,1,2,33,6,3,0,0,0,0,0,9,1,5
3,2,19,0,4,0,3,0,0,0,0,2,1,2,1,27,6,2198,2,4,1,1,4,508605,199460,41,4,1,3,436,3,41,1,50,5,2,1,25,0,0,1,1,1,0,0,2,1,1,1,1,33,6,3,0,0,0,0,0,9,1,5
3,1,3,0,13,0,8,0,0,0,0,1,1,6,1,24,5,125,1,8,1,1,2,528580,177630,1,2,1,4,10,3,3216,6,30,3,4,6,0,0,4,1,1,1,0,0,1,1,1,1,1,24,5,3,0,0,0,0,0,3,1,3
2,3,9,0,17,0,0,0,0,0,0,1,1,6,2,54,8,2688,2,12,1,4,3,412930,306105,21,3,4,6,252,3,38,3,70,0,4,6,0,0,0,6,1,1,0,0,2,1,1,1,1,33,6,3,0,0,0,0,0,9,1,5
1,3,5,0,18,0,0,0,0,0,0,0,1,6,3,38,7,1598,1,8,1,2,3,471711,233387,43,3,2,1,476,3,421,6,60,0,4,6,0,0,0,1,1,1,0,0,2,1,1,1,1,33,6,3,0,0,0,0,0,9,1,5
3,2,9,0,8,0,8,0,0,0,0,1,1,6,1,29,6,1461,2,1,3,1,2,425475,562082,10,2,1,5,146,6,4147,6,30,9,4,6,4147,0,0,1,1,1,0,0,1,2,1,1,1,29,6,3,0,0,0,0,0,9,3,3
3,1,5,0,9,0,8,0,0,0,0,1,1,2,1,38,7,1598,1,8,1,1,3,521550,167690,1,3,1,4,23,3,2043,6,30,3,4,6,0,0,0,1,1,1,0,0,1,1,1,1,1,33,6,3,0,0,0,0,0,5,1,5
3,2,9,0,3,0,1,0,0,0,0,2,1,6,2,29,6,1299,1,12,1,1,2,416445,93310,55,2,1,4,641,4,3059,6,40,1,4,3,35,0,0,4,1,1,0,0,2,2,1,1,2,29,6,3,0,0,0,0,0,9,1,9
3,1,9,0,18,0,2,0,7,0,0,1,1,6,1,86,11,1598,1,8,1,1,1,516190,185720,1,1,1,6,28,3,4005,6,30,3,4,6,0,0,0,4,1,1,0,2,1,1,1,1,1,86,11,3,0,0,0,0,0,9,1,5
3,1,9,0,4,0,0,1,0,1,0,1,1,2,2,18,4,1598,1,8,3,1,2,390477,161599,54,2,1,2,635,3,350,6,60,0,4,6,0,0,0,1,1,1,0,0,2,1,1,1,2,18,4,3,0,0,0,0,0,9,3,7
2,3,9,0,18,0,0,0,0,0,0,3,1,6,1,38,7,1598,1,8,1,1,6,236072,628737,97,6,1,5,937,3,79,3,70,0,4,6,0,0,0,1,1,1,0,0,1,1,1,1,1,33,6,3,0,0,0,0,0,9,1,5
3,2,3,0,9,0,8,0,0,0,0,1,1,6,1,18,4,1598,1,8,1,1,2,524160,178800,1,2,1,2,11,3,315,6,30,3,4,6,0,0,0,1,1,1,0,0,1,1,1,1,1,33,6,3,0,0,0,0,0,9,1,5
2,1,9,0,18,0,0,5,0,1,4,1,1,6,2,21,5,1598,1,8,2,1,1,574897,311653,36,1,1,5,400,5,45,6,60,0,4,6,0,0,0,6,4,1,0,0,2,1,1,1,2,21,5,2,0,0,0,0,0,9,2,9
3,2,19,0,2,0,0,0,0,0,0,4,1,6,2,38,7,1998,2,11,2,2,4,293900,73202,50,4,2,5,585,6,0,6,30,0,4,6,0,0,0,4,2,2,0,0,1,1,2,1,2,33,6,3,0,0,0,0,0,19,2,8
3,2,9,0,5,0,1,0,0,0,0,1,1,6,2,38,7,1598,2,1,1,1,2,351382,368421,7,2,1,5,130,3,54,6,50,3,3,6,0,0,0,1,1,1,0,0,2,2,1,1,1,33,6,3,0,0,0,0,0,9,1,5
3,1,11,0,4,2,1,0,0,0,0,0,1,1,1,37,7,8300,2,9,1,1,1,530710,185740,1,1,1,5,3,3,1,3,20,3,4,6,0,0,4,1,1,1,0,0,1,1,1,2,2,19,4,3,0,0,0,3,0,11,1,2
2,2,5,0,18,0,8,0,0,0,0,1,1,2,1,51,8,249,1,4,1,1,2,427263,435169,13,2,1,4,204,6,0,6,30,3,4,6,0,0,0,1,2,2,0,0,1,1,1,1,1,51,8,2,0,0,0,0,0,5,1,2
3,1,19,0,18,0,0,1,0,0,0,1,1,1,1,40,7,2402,2,9,1,2,2,575594,188983,42,2,2,3,450,6,0,6,30,0,4,6,0,0,0,1,1,1,0,0,1,1,1,1,1,40,7,3,0,0,0,0,0,19,1,2
3,2,3,0,18,0,8,0,0,0,0,1,1,6,1,23,5,125,1,1,1,1,2,524320,181290,1,2,1,5,12,4,450,6,30,6,2,5,0,0,5,4,1,1,0,0,1,1,1,1,1,23,5,3,0,0,0,0,0,3,1,5
3,2,9,0,18,0,8,0,0,0,0,1,1,6,1,76,11,1198,1,5,1,2,2,529695,137375,47,2,2,2,560,4,2036,6,30,3,4,6,0,0,0,1,1,2,0,0,1,1,2,2,1,67,10,3,0,0,1,0,0,9,1,5
3,2,9,0,9,0,8,0,0,0,0,4,1,6,2,35,6,1360,1,9,1,1,2,251976,666538,97,2,1,4,935,3,736,1,30,1,4,3,8,0,0,1,2,2,0,0,1,1,1,1,2,35,6,3,0,0,0,0,0,9,1,5
2,3,11,0,3,0,1,0,0,0,0,1,1,1,1,51,8,6692,2,3,2,1,3,427671,542153,11,3,1,7,169,5,98,6,30,8,4,6,0,0,4,4,2,2,0,0,1,1,1,1,1,33,6,3,0,0,0,0,0,9,1,5
2,2,19,0,16,0,0,1,0,0,0,1,1,1,1,61,9,1598,1,8,1,3,2,190190,211570,63,2,3,6,752,6,0,6,60,0,4,6,0,0,0,1,2,2,0,0,2,1,1,2,1,35,6,3,0,0,0,0,0,19,1,5
3,2,9,0,18,0,0,0,0,1,4,1,1,6,1,59,9,1998,2,8,1,2,2,339930,419730,4,2,2,5,84,3,565,3,70,0,4,6,0,0,0,4,2,2,0,0,2,1,2,1,1,59,9,3,0,0,0,0,0,9,1,10
3,1,9,0,18,0,8,0,0,0,0,4,1,6,1,28,6,1598,1,8,2,1,1,421118,530151,11,1,1,4,169,5,188,6,30,3,4,6,0,0,0,1,1,1,0,0,1,2,1,3,1,48,8,3,9,5,0,0,0,0,2,9
3,1,9,0,18,0,0,0,0,0,0,1,1,6,3,38,7,1598,1,7,1,1,2,446460,241015,43,2,1,6,481,6,120,6,30,0,4,6,0,0,0,4,1,1,0,0,1,1,1,1,1,33,6,3,0,0,0,0,0,9,1,5
3,1,9,0,18,0,0,1,0,1,11,1,1,6,1,18,4,1596,1,15,1,1,1,299102,662556,95,1,1,1,940,6,0,6,30,0,4,6,0,0,0,1,1,2,0,0,2,1,1,1,1,18,4,3,0,0,0,0,0,9,1,5
3,1,9,0,9,0,8,0,0,0,0,1,1,6,2,42,7,1596,1,8,1,2,2,559200,156540,46,2,2,3,542,3,25,6,50,3,4,6,0,0,0,1,2,2,0,0,2,1,2,2,1,45,7,3,0,0,1,0,0,9,1,5
3,2,9,0,14,0,0,0,8,0,0,4,1,6,1,71,10,2496,1,12,1,1,2,404700,289440,20,2,1,7,300,3,41,6,30,0,4,6,0,0,0,1,1,1,0,0,1,1,1,2,2,61,9,3,0,0,1,0,0,9,1,1
3,1,9,0,8,0,7,0,0,0,0,2,1,6,2,39,7,1587,1,9,3,2,2,233792,83767,50,2,2,2,596,3,30,7,30,5,4,3,388,0,0,1,1,1,0,0,2,1,1,1,2,39,7,3,0,0,0,0,0,9,3,4
3,1,9,0,5,0,6,0,0,0,0,3,1,6,1,81,11,1999,1,9,1,1,2,638800,168480,46,2,1,2,541,4,2053,6,30,6,3,6,0,0,8,1,1,1,0,0,1,1,1,1,1,33,6,3,0,0,0,0,0,9,1,5
3,1,9,0,7,0,1,0,0,0,0,4,1,1,1,61,9,1248,2,2,1,1,2,460855,452085,12,2,1,5,189,3,1036,6,30,3,2,6,7210,0,5,1,1,2,0,0,1,1,1,1,1,33,6,3,0,0,0,0,0,9,1,5
3,2,9,0,9,0,8,0,0,0,0,4,1,6,1,24,5,2354,1,10,1,2,2,523970,188420,1,2,2,5,30,3,406,3,50,7,2,3,502,0,0,4,1,1,0,0,1,1,2,1,1,24,5,3,0,0,0,0,0,9,1,2
3,1,9,0,18,0,1,0,0,0,0,1,1,6,2,28,6,1598,1,14,1,1,2,496433,179750,43,2,1,3,473,3,355,1,30,1,4,6,7302,0,0,1,1,1,0,0,1,2,1,1,2,28,6,3,0,0,0,0,0,9,1,3
3,3,9,0,4,0,0,0,0,0,0,2,1,6,1,32,6,1198,1,6,3,3,4,441470,477673,12,4,3,1,181,3,168,3,70,0,4,6,0,0,0,6,2,2,0,0,2,1,1,1,1,33,6,3,0,0,0,0,0,9,1,5
3,7,9,0,18,0,0,0,0,0,0,1,1,1,1,46,8,5439,1,11,1,3,7,354510,418950,4,7,3,2,73,1,6,3,70,0,4,6,0,0,0,1,1,1,0,0,2,1,2,1,1,46,8,3,0,0,0,0,0,9,1,10
3,2,9,0,3,0,0,0,0,0,0,2,1,6,1,59,9,2143,2,4,3,1,3,419052,294153,23,3,1,6,290,1,42,3,70,0,4,6,0,0,0,1,1,1,0,0,2,1,1,1,1,33,6,3,0,0,0,0,0,9,1,5
3,1,9,0,18,0,1,0,0,0,0,1,1,2,1,55,8,1560,2,4,1,1,2,455737,339135,31,2,1,2,346,3,6005,1,30,1,4,3,6130,0,4,1,1,1,0,0,1,1,1,1,1,33,6,3,0,0,0,0,0,9,1,5
3,2,5,0,11,0,0,0,0,0,0,4,1,6,1,60,9,649,1,8,1,1,2,511410,171460,1,2,1,6,25,3,316,3,50,0,4,6,0,0,0,1,1,1,0,0,1,1,1,1,1,60,9,3,0,0,0,0,0,5,1,8
3,2,9,0,18,0,2,0,0,0,0,1,1,6,1,38,7,1997,2,4,1,1,2,531970,171780,1,2,1,6,9,5,0,2,30,3,4,6,0,0,0,1,1,1,0,0,1,1,1,1,1,33,6,3,0,0,0,0,0,9,1,5
3,1,21,0,18,0,0,0,0,0,0,1,1,1,1,42,7,12580,2,9,1,12,8,257994,665740,97,8,12,2,926,1,8,3,50,0,4,6,0,0,0,1,1,1,0,0,1,1,12,1,1,42,7,3,0,0,0,0,0,21,1,5
2,2,19,0,4,0,0,0,0,0,0,2,1,6,1,35,6,1598,1,8,1,5,4,356050,433110,4,4,5,7,79,1,6,3,70,0,4,6,0,0,0,4,2,2,0,0,2,1,4,2,1,64,9,3,0,0,1,0,0,19,1,5
3,1,9,0,18,0,0,0,0,0,0,4,1,6,1,45,7,2171,1,12,1,1,3,534560,172470,1,3,1,4,7,5,0,6,30,0,4,6,0,0,0,1,2,2,0,0,1,1,1,1,1,33,6,3,0,0,0,0,0,9,1,5
3,1,9,0,18,0,8,0,0,0,0,1,1,6,1,64,9,1598,1,8,1,2,2,536930,162810,1,2,2,5,20,5,0,6,30,3,4,6,0,0,0,1,1,1,0,0,1,1,1,1,1,64,9,3,0,0,0,0,0,9,1,9
3,1,9,0,17,0,1,0,0,1,0,1,1,6,2,48,8,1560,2,2,1,1,2,341310,408490,4,2,1,1,84,3,570,6,30,3,4,6,0,0,1,1,1,1,0,0,1,1,1,1,2,48,8,3,0,0,0,0,0,9,1,3
3,2,9,0,9,0,8,0,0,0,0,3,1,6,1,63,9,1586,1,7,1,3,2,533557,119403,47,2,3,1,554,6,0,6,60,3,4,4,2112,0,0,1,1,1,0,0,2,1,2,2,2,19,4,3,0,0,1,0,0,9,1,8
3,1,19,0,4,0,1,0,0,0,0,1,1,1,1,28,6,1598,2,1,1,1,2,505050,205310,41,2,1,6,431,3,41,7,60,1,4,3,41,0,0,1,1,1,0,0,2,1,1,1,1,33,6,3,0,0,0,0,0,9,1,5
3,2,9,0,9,0,2,0,0,0,0,1,1,6,1,19,4,1198,1,4,1,3,2,537960,187020,1,2,3,4,13,3,112,6,30,3,4,6,0,0,0,4,1,1,0,0,1,1,1,1,1,33,6,3,0,0,0,0,0,9,1,5
3,1,9,0,17,0,2,5,0,1,4,1,1,2,1,43,7,1598,1,8,1,1,1,491988,188087,43,1,1,4,480,5,103,6,40,3,4,6,1894,0,0,1,1,3,0,0,2,1,1,1,1,43,7,3,0,0,0,0,0,9,1,9
3,2,9,0,3,0,8,0,0,0,0,1,1,6,1,32,6,1598,1,8,1,2,4,522960,181690,1,4,2,6,11,3,219,6,30,3,2,6,0,0,5,4,1,1,0,0,1,1,2,2,2,30,6,3,0,0,1,0,0,9,1,5
3,2,9,0,18,0,0,0,0,0,0,1,1,6,2,48,8,1598,1,8,1,2,2,546100,155470,46,2,2,7,538,1,25,3,70,0,4,6,0,0,0,1,1,1,0,0,2,2,1,2,1,42,7,3,0,0,2,0,0,9,1,5
3,2,1,0,18,0,8,0,0,0,0,3,1,6,2,24,5,1598,1,8,1,1,2,545600,257590,35,2,1,6,390,3,1307,6,30,3,4,6,0,0,0,1,9,1,0,0,1,2,1,1,2,24,5,3,0,0,0,0,0,1,1,6
3,2,9,0,3,0,1,0,0,0,0,2,1,6,1,56,9,1598,1,11,1,1,2,559250,148040,46,2,1,6,542,3,227,6,30,1,4,6,0,0,0,1,1,1,0,0,1,1,1,2,2,55,8,3,0,0,1,0,0,9,1,9
3,1,9,0,18,0,0,0,0,0,0,1,1,1,1,33,6,1956,2,6,1,2,2,435094,385813,14,2,2,4,215,6,0,6,20,0,4,6,0,0,0,4,1,1,0,0,1,1,1,1,1,33,6,3,0,0,0,0,0,9,1,5
3,2,9,0,18,0,0,0,0,0,0,1,1,6,2,58,9,1997,1,1,1,1,2,352520,404520,4,2,1,1,84,1,58,3,70,0,4,6,0,0,0,1,3,3,0,0,2,1,1,1,1,33,6,3,0,0,0,0,0,9,1,5
3,2,20,0,2,9,1,0,4,0,0,2,1,6,1,44,7,1598,1,8,1,1,4,577141,168180,46,4,1,2,544,5,376,6,30,3,4,6,0,0,0,1,1,1,0,0,1,1,1,1,1,33,6,3,0,0,0,0,0,9,1,5
3,1,9,0,18,0,4,0,0,0,0,1,1,2,1,51,8,1995,2,3,3,1,2,571192,206694,42,2,1,7,454,3,1099,1,30,1,4,6,0,0,0,4,1,1,0,0,1,1,1,1,1,33,6,3,0,0,0,0,0,9,1,5