accident_severity,vehicle_reference,vehicle_type,towing_and_articulation,vehicle_manoeuvre,vehicle_location-restricted_lane,junction_location,skidding_and_overturning,hit_object_in_carriageway,vehicle_leaving_carriageway,hit_object_off_carriageway,1st_point_of_impact,was_vehicle_left_hand_drive?,journey_purpose_of_driver,sex_of_driver,age_of_driver,age_band_of_driver,engine_capacity_(cc),propulsion_code,age_of_vehicle,driver_home_area_type,NUmber_of_Casualities_unique_to_accident_index,No_of_Vehicles_involved_unique_to_accident_index,location_easting_osgr,location_northing_osgr,police_force,number_of_vehicles,number_of_casualties,day_of_week,local_authority_(district),1st_road_class,1st_road_number,road_type,speed_limit,junction_detail,junction_control,2nd_road_class,2nd_road_number,pedestrian_crossing-human_control,pedestrian_crossing-physical_facilities,light_conditions,weather_conditions,road_surface_conditions,special_conditions_at_site,carriageway_hazards,urban_or_rural_area,did_police_officer_attend_scene_of_accident,casualty_reference,casualty_class,sex_of_casualty,age_of_casualty,age_band_of_casualty,casualty_severity,pedestrian_location,pedestrian_movement,car_passenger,bus_or_coach_passenger,pedestrian_road_maintenance_worker,casualty_type,casualty_home_area_type,casualty_imd_decile
3,2,90,0,18,9,0,0,4,0,0,1,1,6,2,58,9,1598,1,8,1,1,2,546040,261210,35,2,1,2,390,6,0,6,20,0,4,6,0,0,0,1,1,2,0,0,1,2,1,1,2,58,9,3,0,0,0,0,0,90,1,7
3,2,9,0,3,0,0,0,0,0,0,2,1,2,2,23,5,1242,1,2,1,1,2,433580,281020,20,2,1,4,302,6,0,6,30,0,4,6,0,0,0,1,1,1,0,0,1,2,1,1,2,23,5,3,0,0,0,0,0,9,1,5
2,1,9,0,17,0,0,1,0,1,3,1,1,6,1,18,4,1796,1,11,1,1,1,501070,175947,43,1,1,3,474,6,7406,6,40,0,4,6,0,0,0,1,1,1,0,0,2,1,1,1,1,18,4,2,0,0,0,0,0,9,1,5
3,1,9,0,9,0,6,0,0,0,0,3,1,6,1,36,7,1783,1,14,1,1,2,401520,299940,20,2,1,2,307,6,0,6,30,3,4,6,0,0,0,1,2,2,0,0,1,1,1,1,1,33,6,3,0,0,0,0,0,9,1,5
3,2,9,0,18,0,0,0,0,0,0,2,1,6,1,33,6,3199,1,16,1,3,4,545870,188900,1,4,3,2,14,3,12,3,40,0,4,6,0,0,0,4,1,1,0,0,1,1,1,2,1,23,5,3,0,0,1,0,0,9,1,2
3,1,9,0,7,0,0,0,0,0,0,2,1,6,2,31,6,1343,1,14,1,1,2,347941,116514,52,2,1,4,610,6,0,6,60,0,4,6,0,0,0,1,1,1,0,0,2,2,1,1,2,31,6,3,0,0,0,0,0,9,1,4
3,2,1,0,18,0,8,0,0,0,0,1,1,2,2,32,6,1598,1,8,1,1,2,293440,92432,50,2,1,5,581,6,0,6,30,6,2,6,0,0,5,4,5,2,0,0,1,2,1,1,2,32,6,3,0,0,0,0,0,1,1,6
3,1,9,0,4,0,1,0,0,0,0,3,1,2,2,29,6,1598,2,3,3,1,2,404762,101797,55,2,1,3,647,6,0,6,60,3,4,6,0,0,0,6,4,2,0,0,2,1,1,1,2,29,6,3,0,0,0,0,0,9,3,7
2,1,9,0,7,0,0,0,0,0,0,1,1,6,2,64,9,1296,1,9,1,1,1,426296,427802,13,1,1,7,204,6,0,2,30,0,4,6,0,0,0,1,1,2,0,0,1,1,1,3,2,79,11,2,5,9,0,0,0,0,1,3
3,1,9,0,18,0,1,0,10,1,10,4,1,6,2,51,8,1598,1,8,1,1,1,532330,178480,1,1,1,1,8,6,0,6,30,3,4,6,0,0,0,4,1,1,0,0,1,1,1,1,2,51,8,3,0,0,0,0,0,9,1,5
3,1,9,0,18,0,0,0,0,0,0,1,1,6,2,23,5,1398,2,6,1,2,2,513605,216340,41,2,2,3,434,4,653,6,40,0,4,6,0,0,0,6,1,1,0,0,2,1,1,1,2,23,5,3,0,0,0,0,0,9,1,10
2,1,9,0,18,0,2,0,0,0,0,3,1,1,1,58,9,2685,2,12,1,1,1,396890,291910,20,1,1,7,305,3,461,6,30,3,4,6,0,0,4,1,1,1,0,0,1,1,1,3,1,50,8,2,4,3,0,0,0,0,1,1
3,1,9,0,5,0,6,0,0,0,0,3,1,2,2,52,8,1398,1,4,1,1,2,445108,422042,13,2,1,5,206,3,639,3,30,3,4,6,0,0,0,1,1,1,0,0,1,1,1,1,1,33,6,3,0,0,0,0,0,9,1,5
3,1,9,0,13,0,0,0,0,0,0,1,1,6,1,38,7,1598,1,8,1,1,2,479551,263721,34,2,1,5,384,6,8026,6,30,0,4,6,0,0,0,1,1,1,0,0,1,2,1,1,1,33,6,3,0,0,0,0,0,9,1,5
3,1,9,0,18,0,2,0,0,7,11,1,1,6,1,68,10,1598,1,2,1,1,1,277991,609931,98,1,1,1,917,3,76,6,30,3,4,6,305,0,0,1,1,1,0,0,2,1,1,1,1,68,10,3,0,0,0,0,0,9,1,7
3,2,11,0,18,0,1,0,0,0,0,1,1,1,1,31,6,4500,2,5,1,1,2,523070,188210,1,2,1,6,30,6,0,6,40,3,4,3,41,0,0,1,1,1,0,0,1,1,1,1,1,33,6,3,0,0,0,0,0,9,1,5
3,2,9,0,18,0,8,0,0,0,0,1,1,6,1,38,7,1968,2,2,1,3,2,531760,172700,1,2,3,5,9,3,215,6,30,3,4,6,0,0,0,4,1,1,0,0,1,1,3,2,2,21,5,3,0,0,1,0,0,9,1,4
3,3,9,0,3,0,2,0,0,0,0,2,1,6,2,47,8,1397,1,6,3,1,5,488930,160322,45,5,1,3,515,6,3525,6,30,3,4,6,0,0,0,1,1,1,0,0,1,1,1,1,1,33,6,3,0,0,0,0,0,9,1,5
3,1,9,0,18,0,8,0,0,0,0,4,1,2,2,26,6,1499,2,8,1,1,2,405479,264935,22,2,1,4,274,6,0,3,40,3,4,6,0,0,0,4,1,1,0,0,2,1,1,1,1,33,6,3,0,0,0,0,0,9,1,5
3,1,9,0,1,0,0,0,0,0,0,2,1,6,1,60,9,1598,1,8,1,1,1,255969,666588,97,1,1,7,926,6,0,6,30,0,4,6,0,0,0,1,2,2,0,0,1,1,1,3,1,46,8,3,5,9,0,0,0,0,1,5
2,1,9,0,18,0,0,0,0,1,10,1,1,6,1,77,11,1598,1,12,1,1,1,465747,124010,44,1,1,7,497,6,0,6,60,0,4,6,0,0,0,1,1,1,0,0,2,1,1,1,1,77,11,2,0,0,0,0,0,9,1,3
3,1,9,0,5,0,4,0,0,0,0,2,1,6,1,46,8,1686,2,6,1,1,2,447867,311071,33,2,1,6,361,1,1,7,70,1,4,3,50,0,0,1,1,1,0,0,2,1,1,1,1,46,8,3,0,0,0,0,0,9,1,9
3,1,9,0,5,0,6,0,0,0,0,4,1,6,1,40,7,1461,2,7,1,1,2,529085,203594,41,2,1,1,438,4,157,6,40,6,4,5,154,0,0,1,1,1,0,0,2,1,1,1,1,33,6,3,0,0,0,0,0,9,1,5
3,1,8,0,4,0,1,0,0,0,0,0,1,1,1,38,7,1598,1,8,1,1,1,434610,279850,20,1,1,7,302,4,4110,6,30,3,4,6,0,0,1,1,1,1,0,0,1,2,1,2,1,4,1,3,0,0,2,0,0,8,1,1
3,2,9,0,12,0,0,0,0,0,0,3,1,6,2,38,7,1497,8,9,1,2,2,536080,181130,1,2,2,4,5,3,13,6,30,0,4,6,0,0,0,1,1,1,0,0,1,1,2,1,2,38,7,3,0,0,0,0,0,9,1,5
3,1,9,0,5,0,8,0,0,0,0,1,1,6,1,46,8,1242,1,11,1,1,2,412430,288410,20,2,1,1,300,3,4040,3,30,6,2,4,4114,0,5,4,1,1,0,0,1,2,1,1,1,46,8,3,0,0,0,0,0,9,1,1
3,2,9,0,10,0,8,0,0,0,0,2,1,2,2,50,8,1242,1,4,2,1,2,495072,267963,34,2,1,5,382,4,645,6,30,3,4,6,3508,0,0,1,1,1,0,0,1,1,1,1,2,50,8,3,0,0,0,0,0,9,2,9
3,1,19,0,17,0,0,0,0,0,0,1,1,2,1,40,7,1248,2,8,3,1,2,455415,266170,34,2,1,4,381,5,76,6,60,0,4,6,0,0,0,1,1,1,0,0,2,1,1,1,1,33,6,3,0,0,0,0,0,9,1,5
3,1,9,0,12,0,8,0,0,0,0,1,1,6,1,38,7,1598,1,8,1,1,2,475090,260237,34,2,1,3,384,3,428,1,30,1,2,3,428,0,0,1,1,1,0,0,1,3,1,1,1,33,6,3,0,0,0,0,0,9,1,5
3,1,9,0,15,0,1,0,4,0,0,1,1,6,1,44,7,1086,1,7,1,1,3,369805,366217,7,3,1,2,129,3,530,6,30,3,4,6,0,0,0,1,1,2,0,0,1,1,1,1,1,44,7,3,0,0,0,0,0,9,1,2
3,2,9,0,18,0,0,0,0,0,0,1,1,6,1,18,4,1598,1,8,1,1,2,540250,190530,1,2,1,7,14,3,406,3,50,0,4,6,0,0,0,4,1,1,4,0,1,2,1,1,1,33,6,3,0,0,0,0,0,9,1,5
3,1,9,0,9,0,8,0,0,0,0,3,1,6,2,46,8,1388,1,10,1,1,2,510280,189560,1,2,1,1,26,4,472,3,30,3,4,6,0,0,0,1,1,1,0,0,1,1,1,1,1,33,6,3,0,0,0,0,0,9,1,5
3,2,9,0,7,0,8,0,0,0,0,3,1,1,1,47,8,1560,2,6,1,1,2,439405,559534,10,2,1,7,150,4,1291,6,30,3,4,6,5363,0,1,4,1,1,0,0,1,1,1,1,1,33,6,3,0,0,0,0,0,9,1,5
3,1,9,0,18,0,1,0,7,0,0,1,1,6,1,41,7,1995,2,4,1,1,2,570772,188843,42,2,1,7,450,3,1321,3,40,3,2,6,0,0,5,4,1,1,0,0,1,1,1,1,1,33,6,3,0,0,0,0,0,9,1,5
3,2,9,0,18,0,0,0,0,0,0,1,1,6,2,20,4,1390,1,8,1,2,2,371473,177731,52,2,2,6,612,1,4,3,70,0,4,6,0,0,0,1,1,1,0,0,2,1,1,1,2,20,4,3,0,0,0,0,0,9,1,4
3,2,2,0,18,0,8,0,0,0,0,4,1,6,1,21,5,1598,1,8,1,1,2,516890,174560,1,2,1,7,24,3,316,6,30,3,4,6,0,0,0,1,1,1,0,0,1,1,1,1,1,21,5,3,0,0,0,0,0,2,1,4
3,1,9,0,18,0,0,0,4,0,0,4,1,6,2,50,8,1796,1,5,1,1,2,325640,676230,95,2,1,1,923,6,0,6,30,0,4,6,0,0,0,1,2,2,0,0,1,1,1,1,2,50,8,3,0,0,0,0,0,9,1,5
3,1,9,0,16,0,1,0,0,0,0,1,1,6,2,50,8,1598,1,6,2,3,2,506140,187360,1,2,3,4,26,5,0,6,50,3,4,6,0,0,0,1,2,2,0,0,2,1,1,1,2,50,8,3,0,0,0,0,0,9,2,4
3,2,9,0,17,0,0,0,0,0,0,3,1,6,1,48,8,1598,3,1,3,3,2,450090,86281,44,2,3,7,505,6,0,6,60,0,4,6,0,0,0,1,2,2,0,0,2,1,3,2,1,24,5,3,0,0,1,0,0,9,3,6
3,1,9,0,9,0,0,0,0,0,0,4,1,1,1,29,6,1598,1,10,1,1,2,537740,189790,1,2,1,5,13,3,503,3,40,0,4,6,0,0,0,1,1,1,0,0,1,1,1,1,1,33,6,3,0,0,0,0,0,9,1,5
3,2,9,0,2,0,8,0,0,0,0,3,1,6,1,38,7,1995,1,4,1,2,2,531530,161330,1,2,2,1,20,6,0,6,30,3,4,6,0,0,0,1,1,1,0,0,1,1,1,1,1,33,6,3,0,0,0,0,0,9,1,5
3,2,9,0,2,0,2,0,0,0,0,3,1,6,1,67,10,1599,1,15,1,1,4,391417,343921,21,4,1,2,257,4,5039,6,30,3,4,6,0,0,4,1,1,1,0,0,1,1,1,1,1,33,6,3,0,0,0,0,0,9,1,5
3,1,9,0,2,0,2,0,0,0,0,1,1,6,2,25,5,1242,1,13,1,1,2,433737,387091,14,2,1,2,215,6,0,2,30,3,4,6,0,0,0,1,9,1,0,0,1,2,1,1,2,25,5,3,0,0,0,0,0,9,1,4
3,1,9,0,18,0,0,0,0,0,0,1,1,6,2,50,8,1242,1,11,1,1,2,503852,428995,16,2,1,4,231,4,1231,6,30,0,4,6,0,0,1,1,1,1,0,0,1,2,1,1,1,33,6,3,0,0,0,0,0,9,1,5
3,2,9,0,18,0,8,0,0,0,0,1,1,2,1,29,6,998,1,15,1,5,2,510040,187300,1,2,5,5,26,5,0,6,30,6,2,5,0,0,5,1,1,1,0,0,1,1,2,1,1,29,6,3,0,0,0,0,0,9,1,10
3,2,9,0,3,0,1,0,0,0,0,2,1,6,2,31,6,1461,2,8,1,1,2,428056,434296,13,2,1,4,204,3,65,3,30,6,2,6,0,0,5,1,1,1,0,0,1,2,1,1,2,31,6,3,0,0,0,0,0,9,1,5
3,2,9,0,3,0,1,0,0,0,0,2,1,6,1,33,6,2993,2,8,1,1,2,400470,298730,20,2,1,2,307,3,454,3,30,6,2,6,0,0,5,4,8,1,0,0,1,2,1,1,1,33,6,3,0,0,0,0,0,9,1,3
3,2,9,0,18,0,8,0,0,0,0,1,1,6,1,53,8,1560,2,5,1,2,2,504290,196217,41,2,2,3,436,3,404,3,40,3,4,6,587,0,0,1,9,1,0,0,1,1,2,1,1,53,8,3,0,0,0,0,0,9,1,3
3,2,9,0,3,0,0,0,0,0,0,2,1,6,1,50,8,1753,2,11,1,2,3,408840,290140,20,3,2,4,300,2,38,3,50,0,4,6,0,0,0,1,1,1,4,0,1,1,1,1,1,50,8,3,0,0,0,0,0,9,1,1
3,2,9,0,3,0,0,0,0,0,0,2,1,6,1,57,9,1598,1,8,1,1,4,305444,343705,60,4,1,7,723,3,5,6,60,0,4,6,0,0,0,1,1,2,0,0,2,1,1,1,1,33,6,3,0,0,0,0,0,9,1,5
3,1,19,0,18,0,1,0,0,0,0,1,1,6,1,30,6,2198,2,3,3,5,2,577447,195233,42,2,5,2,454,3,132,7,60,5,4,3,1245,0,0,1,1,1,0,0,2,1,1,2,2,31,6,3,0,0,0,0,0,19,1,5
3,1,9,0,4,1,0,0,0,0,0,2,1,6,1,35,6,1598,1,8,2,4,4,337957,186201,61,4,4,7,733,3,4810,3,50,0,4,6,0,0,0,1,1,1,0,0,2,1,1,1,1,33,6,3,0,0,0,0,0,9,1,5
2,1,3,0,18,0,0,0,0,0,0,1,1,6,1,20,4,1598,1,8,3,1,2,526110,272860,35,2,1,2,393,3,1123,6,50,0,4,6,0,0,0,1,1,2,0,0,2,1,1,1,1,20,4,2,0,0,0,0,0,3,3,9
3,1,8,0,12,0,0,0,0,0,0,4,1,1,1,40,7,1896,2,6,1,1,2,258010,665075,97,2,1,7,926,1,8,3,50,0,4,6,0,0,0,4,2,2,0,0,1,2,1,1,1,33,6,3,0,0,0,0,0,9,1,5
3,2,9,0,4,0,0,0,0,0,0,2,1,1,2,52,8,1598,1,8,1,1,3,315849,182740,62,3,1,6,741,1,4,3,70,0,4,6,0,0,0,1,1,1,0,0,2,1,2,1,2,52,8,3,0,0,0,0,0,9,1,8
3,2,9,0,5,0,1,0,0,0,0,3,1,6,2,31,6,1229,1,4,1,1,2,276585,666206,97,2,1,6,932,3,8010,3,30,3,4,6,0,0,0,1,1,1,0,0,1,2,1,1,2,31,6,3,0,0,0,0,0,9,1,5
3,3,9,0,18,0,0,0,0,0,0,2,1,6,2,59,9,1248,2,2,1,1,5,340988,393498,5,5,1,5,91,6,0,6,30,0,4,6,0,0,0,1,1,1,0,0,1,1,1,1,1,33,6,3,0,0,0,0,0,9,1,5
3,2,9,0,4,0,0,0,0,0,0,2,1,6,1,45,7,1798,1,5,1,1,2,233649,638237,97,2,1,6,931,4,7081,6,40,0,4,6,0,0,0,1,4,1,0,0,1,2,1,1,1,33,6,3,0,0,0,0,0,9,1,5
3,2,9,0,9,0,1,0,0,0,0,0,1,6,2,29,6,2204,2,11,1,1,2,425641,434241,13,2,1,1,204,3,647,3,40,3,2,6,0,0,0,1,1,1,4,0,1,1,1,1,1,33,6,3,0,0,0,0,0,9,1,5
3,2,9,0,18,0,4,0,0,0,0,1,1,6,1,38,7,1598,1,8,1,1,2,499111,158550,45,2,1,4,518,5,142,6,30,1,4,3,324,0,0,4,1,1,0,0,1,2,1,1,1,33,6,3,0,0,0,0,0,9,1,5
1,1,9,0,18,0,0,0,0,0,0,1,1,6,1,19,4,1999,1,10,1,1,2,500650,206210,41,2,1,7,431,3,41,3,70,0,4,6,0,0,0,6,2,2,0,0,2,1,1,1,1,33,6,3,0,0,0,0,0,9,1,5
3,2,1,0,18,0,4,0,0,0,0,1,1,6,1,21,5,1598,1,8,1,1,2,385868,158050,54,2,1,2,635,6,0,1,30,2,4,6,0,0,0,4,2,2,0,0,1,2,1,1,1,21,5,3,0,0,0,0,0,1,1,4
3,2,9,0,9,0,6,0,10,0,0,1,1,6,2,49,8,2231,2,2,1,1,4,524489,212940,41,4,1,2,438,5,158,6,30,8,4,6,0,0,0,4,1,2,0,0,1,1,1,1,1,33,6,3,0,0,0,0,0,9,1,5
3,1,9,0,4,0,0,0,0,0,0,2,1,6,1,50,8,1997,2,1,1,1,2,300449,837999,91,2,1,1,927,3,939,6,60,0,4,6,0,0,0,1,3,3,0,0,2,1,1,1,1,33,6,3,0,0,0,0,0,9,1,5
2,1,9,0,18,0,2,0,0,0,0,1,1,1,3,53,8,1896,2,10,1,1,1,529520,170210,1,1,1,6,9,4,272,6,30,3,4,6,0,0,0,7,1,1,0,0,1,1,1,3,2,30,6,2,5,1,0,0,2,0,1,5
3,1,9,0,10,0,5,0,0,0,0,2,1,6,2,25,5,1598,1,8,1,3,2,332093,204428,61,2,3,4,732,3,4042,6,40,3,4,6,0,0,0,1,1,1,0,0,2,1,1,1,2,25,5,3,0,0,0,0,0,9,1,5
3,1,9,0,9,0,8,0,0,0,0,4,1,6,2,47,8,1598,1,8,1,1,2,506110,184770,1,2,1,3,26,4,483,3,30,6,2,6,0,0,5,1,1,1,0,0,1,1,1,1,1,33,6,3,0,0,0,0,0,9,1,5
3,2,9,0,2,0,0,0,0,0,0,2,1,6,3,38,7,2143,2,4,1,1,2,510160,199010,41,2,1,6,437,6,213,6,30,0,4,6,0,0,0,7,1,2,0,0,1,1,1,1,1,33,6,3,0,0,0,0,0,9,1,5
3,1,9,0,18,0,1,0,0,0,0,1,1,6,1,85,11,1560,2,1,3,4,2,310780,89982,50,2,4,5,580,3,3052,6,30,3,4,6,0,0,0,1,1,1,0,0,2,1,3,2,2,76,11,3,0,0,1,0,0,9,3,9
2,1,9,0,18,0,0,0,0,0,0,1,1,6,1,83,11,1753,2,7,1,2,4,495826,237967,40,4,2,4,424,3,421,7,70,0,4,6,0,0,0,6,4,2,0,0,2,1,1,1,1,83,11,3,0,0,0,0,0,9,1,10
3,1,9,0,3,0,1,0,0,0,0,2,1,6,2,22,5,1587,1,9,1,4,2,330686,137570,52,2,4,6,607,6,0,6,30,3,4,6,0,0,0,4,1,1,0,0,1,2,2,2,2,25,5,3,0,0,1,0,0,9,1,5
3,2,9,0,18,0,3,0,0,0,0,1,1,6,1,32,6,1388,1,10,1,1,2,447419,327550,33,2,1,4,366,3,453,1,60,1,2,3,453,0,0,4,1,1,4,0,2,1,1,1,1,32,6,3,0,0,0,0,0,9,1,9
3,2,9,0,18,0,8,0,0,0,0,3,2,6,2,42,7,1149,1,14,1,2,2,336572,399478,5,2,2,6,93,3,5207,3,40,6,2,3,5036,0,5,4,1,1,0,0,1,1,2,2,2,18,4,3,0,0,2,0,0,9,1,5
3,1,9,0,11,0,0,0,0,0,0,4,1,6,2,23,5,1198,1,8,1,1,2,543750,186240,1,2,1,2,14,3,118,3,40,0,4,6,0,0,0,1,1,1,0,0,1,1,1,1,1,33,6,3,0,0,0,0,0,9,1,5
3,3,9,0,3,0,8,0,0,0,0,2,1,6,2,36,7,1598,1,8,1,2,3,524580,196440,1,3,2,6,30,3,411,6,30,9,2,3,1000,0,0,1,1,1,0,0,1,1,1,1,1,33,6,3,0,0,0,0,0,9,1,5
3,2,8,0,18,0,8,0,0,0,0,3,1,1,1,53,8,1497,8,8,1,2,2,475152,261033,34,2,2,7,384,3,4500,6,30,3,4,6,8390,0,0,1,1,1,0,0,1,3,1,2,1,26,6,3,0,0,2,0,0,8,1,5
3,1,9,0,3,0,0,0,0,0,0,2,1,2,2,61,9,1587,1,15,1,1,3,436118,393910,14,3,1,2,215,3,6135,6,30,0,4,6,0,0,0,1,1,1,0,0,1,1,1,1,1,33,6,3,0,0,0,0,0,9,1,5
2,2,3,0,9,0,8,0,0,0,0,4,1,6,1,16,4,124,1,7,1,1,2,539590,170770,1,2,1,6,19,6,0,6,30,6,4,6,0,0,0,1,1,1,0,0,1,1,1,1,1,16,4,2,0,0,0,0,0,3,1,2
3,2,19,0,9,0,1,0,0,0,0,2,1,1,1,52,8,2198,2,1,2,1,2,400470,298720,20,2,1,5,307,3,4148,3,30,7,2,6,0,0,5,1,1,1,0,0,1,2,1,1,1,52,8,3,0,0,0,0,0,19,2,2
3,1,21,1,12,0,0,0,0,0,0,1,2,1,1,57,9,1598,1,8,1,1,2,395935,306118,21,2,1,5,254,1,6,3,70,0,4,6,0,0,0,1,1,1,4,0,2,1,1,1,1,33,6,3,0,0,0,0,0,9,1,5
3,2,9,0,17,0,0,1,0,0,0,3,1,6,3,58,9,1598,1,8,1,2,3,428321,552304,11,3,2,2,169,3,183,6,60,0,4,6,0,0,0,1,1,2,0,0,2,1,1,1,1,33,6,3,0,0,0,0,0,9,1,5
2,2,90,0,2,0,0,0,0,0,0,2,1,6,1,26,6,2198,2,8,1,4,2,493597,189687,43,2,4,7,477,1,40,3,70,0,4,6,0,0,0,1,2,2,0,0,2,1,3,2,2,46,8,2,0,0,0,0,0,90,1,7
3,1,2,0,11,0,8,1,0,0,0,2,1,6,2,23,5,49,1,8,1,1,2,504374,171888,45,2,1,4,40,3,308,1,30,1,2,3,30,0,0,1,4,2,0,0,1,1,1,1,2,23,5,3,0,0,0,0,0,2,1,4
3,2,9,0,4,0,0,0,0,0,0,2,1,6,1,34,6,1598,1,8,1,1,2,331763,368204,60,2,1,7,724,4,5441,6,30,0,4,6,0,0,0,1,2,2,0,0,1,1,1,1,1,33,6,3,0,0,0,0,0,9,1,5
3,2,9,0,4,0,0,0,0,0,0,2,1,2,2,23,5,1461,2,1,3,3,4,458400,347305,31,4,3,3,343,3,60,6,40,0,4,6,0,0,0,1,1,1,0,0,2,1,1,1,2,23,5,3,0,0,0,0,0,9,3,7
3,1,9,0,9,0,2,0,0,0,0,1,1,6,1,47,8,1248,1,6,1,1,1,391963,323075,21,1,1,3,255,4,5066,6,30,2,4,3,5127,0,0,7,1,2,0,0,1,1,1,3,2,65,9,3,1,3,0,0,0,0,1,9
3,1,1,0,16,0,0,0,0,0,0,1,1,6,1,39,7,1598,1,8,3,1,2,259056,123417,50,2,1,1,582,5,830,6,60,0,4,6,0,0,0,1,1,1,0,0,2,2,1,1,1,39,7,3,0,0,0,0,0,1,3,8
2,3,9,0,10,0,8,0,0,0,0,0,1,6,1,45,7,2967,2,1,1,6,3,393475,338741,21,3,6,7,255,4,5066,6,60,3,4,6,0,0,0,1,1,1,0,0,2,1,1,1,1,33,6,3,0,0,0,0,0,9,1,5
3,2,9,0,4,0,0,0,0,0,0,2,1,6,2,32,6,1896,2,13,2,2,3,374940,273870,22,3,2,1,278,3,456,6,40,0,4,6,0,0,0,1,1,1,0,0,2,1,1,1,1,33,6,3,0,0,0,0,0,9,1,5
3,1,9,0,18,0,0,0,7,0,7,4,1,1,1,36,7,1582,2,4,1,2,2,445712,389269,14,2,2,3,213,1,1,3,70,0,4,6,0,0,0,1,1,1,0,0,2,1,1,1,1,36,7,3,0,0,0,0,0,9,1,1
3,2,9,0,4,0,0,0,0,0,0,1,1,1,1,43,7,2993,2,4,1,1,2,461799,303043,33,2,1,3,364,6,747,6,30,0,4,6,0,0,0,1,1,1,0,0,1,1,1,1,1,33,6,3,0,0,0,0,0,9,1,5
3,1,9,0,18,0,0,0,0,0,0,4,1,3,2,36,7,1998,2,13,1,1,1,446592,111638,44,1,1,5,500,6,0,6,30,0,4,6,0,0,0,1,1,1,0,0,1,1,1,3,1,8,2,3,5,1,0,0,0,0,1,4
3,1,8,0,3,0,1,0,0,0,0,2,1,1,1,49,8,1753,2,9,1,2,2,394510,296050,20,2,2,4,309,3,463,3,40,1,4,3,4039,0,0,1,9,1,0,0,1,2,2,2,2,71,10,3,0,0,2,0,0,8,1,3
3,1,9,0,18,0,8,0,0,0,0,1,1,6,1,26,6,998,1,7,1,1,2,389530,403410,6,2,1,6,104,3,663,3,40,6,2,1,60,0,5,1,1,1,0,0,1,1,1,1,1,33,6,3,0,0,0,0,0,9,1,5
3,2,3,0,4,0,1,0,0,0,0,4,1,6,1,30,6,108,1,6,1,1,2,524760,182630,1,2,1,2,1,6,0,6,30,3,4,6,0,0,0,1,1,2,0,0,1,1,1,1,1,30,6,3,0,0,0,0,0,3,1,2
3,2,1,0,3,0,4,0,0,0,0,2,1,2,2,35,6,1598,1,8,3,1,2,507593,434408,16,2,1,4,231,3,1079,1,40,1,4,3,1174,0,0,4,1,2,0,0,2,1,1,1,2,35,6,3,0,0,0,0,0,1,3,7
3,1,9,0,18,0,0,0,0,0,0,3,1,1,2,46,8,998,1,12,2,2,1,552630,159370,46,1,2,4,538,5,296,6,30,0,4,6,0,0,1,1,1,1,0,0,2,1,2,3,2,44,7,3,1,3,0,0,0,0,2,9
3,3,9,0,18,0,8,0,0,0,0,3,1,2,2,55,8,1686,2,1,1,2,3,445005,458637,12,3,2,6,182,4,6265,6,60,3,4,5,277,0,0,1,1,1,0,0,2,1,2,1,2,55,8,3,0,0,0,0,0,9,1,10
3,1,2,0,18,0,0,0,0,0,0,1,1,6,1,41,7,124,1,5,1,1,2,515020,183970,1,2,1,6,27,3,4127,6,30,0,4,6,0,0,0,1,1,1,0,0,1,1,1,1,1,41,7,3,0,0,0,0,0,2,1,3
3,2,9,0,18,0,8,0,0,0,0,1,1,6,1,36,7,973,1,16,1,4,2,404640,289460,20,2,4,6,300,3,41,6,30,6,2,6,0,0,5,4,1,1,0,0,1,1,1,2,2,38,7,3,0,0,1,0,0,9,1,1
2,2,9,0,18,0,8,0,0,0,0,1,1,6,1,51,8,2972,1,12,3,2,2,597592,300748,36,2,2,7,400,4,1108,6,60,8,4,6,0,0,0,6,1,1,0,0,2,1,2,2,1,17,4,3,0,0,1,0,0,9,1,5
3,2,2,0,3,0,8,0,0,0,0,2,1,1,1,22,5,49,1,6,1,1,2,476871,262394,34,2,1,6,384,3,5123,6,30,3,4,6,8057,0,0,1,1,1,0,0,1,3,1,1,1,22,5,3,0,0,0,0,0,2,1,2
3,1,9,0,18,0,0,0,0,0,0,1,1,6,1,33,6,1598,1,8,1,1,2,333282,188204,61,2,1,7,733,6,0,6,30,0,4,6,0,0,0,1,1,1,0,0,1,2,1,1,1,33,6,3,0,0,0,0,0,9,1,5
3,2,9,0,3,0,8,0,0,0,0,2,1,6,1,27,6,1299,1,8,1,2,2,417873,430758,13,2,2,1,200,3,6177,3,30,3,2,6,0,0,0,1,1,2,0,0,1,2,1,1,1,27,6,3,0,0,0,0,0,9,1,2
3,1,9,0,9,0,8,0,0,0,0,1,1,6,1,51,8,1497,8,10,1,1,2,536080,182260,1,2,1,3,5,3,11,6,30,3,4,5,0,0,4,1,1,1,0,0,1,1,1,1,1,33,6,3,0,0,0,0,0,9,1,5
3,2,1,0,13,0,8,0,0,0,0,4,1,6,1,24,5,1598,1,8,1,1,2,525180,169940,1,2,1,3,22,3,238,6,30,3,4,6,0,0,0,1,1,1,0,0,1,1,1,1,1,24,5,3,0,0,0,0,0,1,1,8
3,1,9,0,18,0,0,0,0,0,0,1,1,6,2,66,10,1598,1,8,1,1,2,398630,287930,20,2,1,7,305,1,5,7,70,0,4,6,0,0,0,6,5,2,0,0,1,1,1,1,2,66,10,3,0,0,0,0,0,9,1,5