accident_severity,vehicle_reference,vehicle_type,towing_and_articulation,vehicle_manoeuvre,vehicle_location-restricted_lane,junction_location,skidding_and_overturning,hit_object_in_carriageway,vehicle_leaving_carriageway,hit_object_off_carriageway,1st_point_of_impact,was_vehicle_left_hand_drive?,journey_purpose_of_driver,sex_of_driver,age_of_driver,age_band_of_driver,engine_capacity_(cc),propulsion_code,age_of_vehicle,driver_home_area_type,NUmber_of_Casualities_unique_to_accident_index,No_of_Vehicles_involved_unique_to_accident_index,location_easting_osgr,location_northing_osgr,police_force,number_of_vehicles,number_of_casualties,day_of_week,local_authority_(district),1st_road_class,1st_road_number,road_type,speed_limit,junction_detail,junction_control,2nd_road_class,2nd_road_number,pedestrian_crossing-human_control,pedestrian_crossing-physical_facilities,light_conditions,weather_conditions,road_surface_conditions,special_conditions_at_site,carriageway_hazards,urban_or_rural_area,did_police_officer_attend_scene_of_accident,casualty_reference,casualty_class,sex_of_casualty,age_of_casualty,age_band_of_casualty,casualty_severity,pedestrian_location,pedestrian_movement,car_passenger,bus_or_coach_passenger,pedestrian_road_maintenance_worker,casualty_type,casualty_home_area_type,casualty_imd_decile
3,1,3,0,13,0,2,0,0,0,0,4,1,6,1,22,5,124,1,1,1,2,2,510720,179750,1,2,2,5,26,3,312,3,50,3,4,5,0,0,0,4,1,1,0,0,1,1,1,1,1,22,5,3,0,0,0,0,0,3,1,4
3,1,9,0,18,0,0,1,0,1,4,1,1,6,1,22,5,1598,1,8,1,2,1,583386,238032,42,1,2,7,451,6,0,6,60,0,4,6,0,0,0,6,1,4,0,0,2,2,1,2,2,19,4,3,0,0,1,0,0,9,1,3
3,1,9,0,18,0,1,0,0,0,0,1,1,6,3,38,7,1598,1,8,1,1,1,541040,184330,1,1,1,1,17,4,167,6,30,3,4,6,0,0,0,1,1,1,0,0,1,2,1,3,2,36,7,3,5,1,0,0,2,0,1,3
3,1,19,0,18,0,8,0,0,0,0,1,1,1,1,26,6,2143,2,4,1,3,2,526120,167190,1,2,3,3,22,5,0,3,30,6,2,3,297,0,5,1,1,1,0,0,1,1,2,2,1,22,5,3,0,0,0,0,0,19,1,3
2,1,90,0,16,0,0,5,0,7,3,3,1,1,1,46,8,8970,2,8,2,6,1,349378,676517,95,1,6,1,921,3,6137,6,60,0,4,6,0,0,0,7,8,2,0,0,2,1,6,2,1,28,6,3,0,0,0,0,0,90,2,5
3,1,9,0,9,0,8,0,0,0,0,4,1,1,1,29,6,1560,2,5,1,1,2,337643,388292,5,2,1,1,91,6,0,6,30,3,4,6,0,0,0,1,1,1,0,0,1,1,1,1,1,33,6,3,0,0,0,0,0,9,1,5
3,2,9,0,3,0,1,0,0,0,0,2,1,6,2,23,5,1242,1,10,1,2,2,554660,191180,1,2,2,7,15,3,12,3,40,6,2,5,0,0,5,4,1,1,0,0,1,1,2,2,2,24,5,3,0,0,1,0,0,9,1,8
3,1,10,0,18,0,0,0,0,0,0,1,1,1,2,58,9,2998,2,5,1,3,2,501551,170820,45,2,3,7,514,1,25,3,70,0,4,6,0,0,0,1,1,1,0,0,2,1,1,2,2,46,8,3,0,0,0,0,0,10,3,8
3,1,11,0,9,0,1,0,0,0,0,1,1,1,1,55,8,9000,2,8,1,1,1,325940,673640,95,1,1,6,923,3,7,6,30,6,4,5,0,0,5,1,5,2,0,0,1,1,1,3,1,21,5,3,4,1,0,0,0,0,3,5
3,1,9,0,4,0,1,0,0,0,0,1,1,6,1,32,6,1598,1,8,1,7,2,517744,214357,41,2,7,2,434,4,653,6,30,1,4,4,651,0,0,1,1,1,0,0,2,2,1,1,1,33,6,3,0,0,0,0,0,9,1,5
2,1,9,0,9,0,1,0,0,0,0,4,1,6,1,51,8,2497,2,18,1,1,2,508740,188040,1,2,1,6,26,3,4180,6,30,6,4,3,4180,0,0,4,1,1,0,0,1,1,1,1,1,33,6,3,0,0,0,0,0,9,1,5
2,1,9,0,18,0,1,0,0,0,0,1,1,6,1,18,4,1389,1,21,1,1,1,400300,301060,20,1,1,4,307,6,0,6,30,3,4,6,0,0,0,4,1,2,0,0,1,1,1,3,2,37,7,2,5,3,0,0,0,0,1,1
3,1,9,0,18,0,4,0,0,0,0,1,1,6,3,38,7,1598,1,8,1,1,2,366560,311510,22,2,1,2,284,3,5223,6,30,1,3,3,5223,0,0,1,1,1,0,0,1,2,1,1,1,33,6,3,0,0,0,0,0,9,1,5
3,1,19,0,7,0,8,2,0,1,4,3,1,1,1,33,6,1598,1,8,1,2,1,433989,518965,11,1,2,5,161,5,38,6,60,3,4,5,38,0,0,1,1,2,0,0,2,1,2,2,1,44,7,3,0,0,0,0,0,19,1,9
3,1,5,0,13,0,0,1,0,0,0,4,1,6,1,20,4,656,1,4,1,1,1,407871,93512,55,1,1,4,640,3,347,3,30,0,4,6,0,0,0,4,2,2,0,0,1,1,1,1,1,20,4,3,0,0,0,0,0,5,1,5
3,2,9,0,18,0,8,0,0,0,0,4,1,6,2,23,5,1299,1,7,1,2,2,431320,514137,11,2,2,6,161,4,6280,1,30,1,4,5,182,0,8,4,2,2,0,0,1,1,2,2,1,24,5,3,0,0,1,0,0,9,1,2
3,1,5,0,18,0,8,0,0,0,0,1,1,6,1,28,6,1157,1,14,1,1,2,527120,176050,1,2,1,7,10,5,0,6,30,3,4,6,0,0,0,4,1,1,0,0,1,2,1,1,1,28,6,3,0,0,0,0,0,5,1,5
2,1,5,0,18,0,8,0,0,0,0,0,1,6,1,39,7,750,1,6,1,1,2,531740,178540,1,2,1,2,8,3,3,6,30,3,4,6,0,0,0,1,1,1,0,0,1,1,1,1,1,39,7,2,0,0,0,0,0,5,1,5
3,4,9,0,11,0,1,0,0,0,0,1,1,6,2,31,6,1995,1,9,3,3,4,399960,285030,20,4,3,4,300,3,456,3,30,3,4,6,0,0,0,1,1,1,0,0,1,1,3,2,1,32,6,3,0,0,1,0,0,9,3,5
3,2,9,0,3,0,1,0,0,0,0,2,1,6,1,64,9,1796,1,9,1,2,2,573175,169310,46,2,2,5,544,3,2,6,30,3,4,6,0,0,0,1,1,1,0,0,1,1,2,1,1,64,9,3,0,0,0,0,0,9,1,3
3,1,3,0,18,0,1,1,0,0,0,1,1,6,1,19,4,49,1,5,1,1,2,498047,180839,43,2,1,5,473,6,7302,6,30,8,4,6,0,0,0,1,1,1,0,0,1,1,1,1,1,19,4,3,0,0,0,0,0,3,1,2
3,1,5,0,18,0,0,0,4,0,0,3,1,6,1,50,8,1298,1,5,1,1,3,451435,348270,31,3,1,5,340,6,0,6,30,0,4,6,0,0,0,1,1,1,0,0,1,1,1,1,1,50,8,3,0,0,0,0,0,5,1,8
3,1,9,0,9,0,6,0,0,0,0,1,1,1,1,64,9,2148,2,8,2,1,2,615800,158790,46,2,1,2,531,3,28,6,30,3,4,6,0,0,8,1,1,1,0,0,1,1,1,1,1,33,6,3,0,0,0,0,0,9,1,5
3,2,19,0,4,0,0,0,0,0,0,2,1,2,1,26,6,2148,2,8,1,2,3,515550,174070,1,3,2,7,24,3,316,3,40,0,4,6,0,0,0,1,1,1,0,0,1,1,1,1,1,26,6,3,0,0,0,0,0,19,1,3
3,5,9,0,2,0,1,0,0,0,0,2,1,6,1,74,10,1598,2,4,1,1,5,322000,674460,95,5,1,5,923,6,0,6,30,3,4,6,0,0,8,1,1,1,0,0,1,1,1,1,1,33,6,3,0,0,0,0,0,9,1,5
3,1,9,0,18,0,0,0,0,0,0,1,1,6,1,70,10,1461,2,1,3,1,3,633463,300476,36,3,1,4,406,3,146,6,60,0,4,6,0,0,0,1,1,1,0,0,2,1,1,1,1,33,6,3,0,0,0,0,0,9,1,5
3,2,9,0,18,0,8,0,0,0,0,3,1,2,1,26,6,1124,1,12,1,1,2,383896,167102,54,2,1,6,635,3,365,6,60,7,2,4,3109,0,0,1,2,2,0,0,2,1,1,1,1,26,6,3,0,0,0,0,0,9,1,2
2,1,9,0,4,0,1,0,0,0,0,1,1,6,3,38,7,1598,1,8,1,1,1,530390,181630,1,1,1,3,2,3,40,2,30,3,4,5,0,0,0,1,9,1,0,0,1,2,1,3,2,44,7,2,5,9,0,0,2,0,1,1
3,2,9,0,2,0,1,0,0,0,0,2,1,6,3,38,7,1390,1,10,1,1,2,533010,176070,1,2,1,7,8,3,2216,6,30,3,4,6,0,0,0,1,1,1,0,0,1,1,1,1,1,33,6,3,0,0,0,0,0,9,1,5
3,2,1,0,18,0,1,0,0,0,0,1,1,2,1,49,8,1598,1,8,3,1,2,275731,198723,62,2,1,2,743,3,4230,6,30,3,3,6,0,0,0,1,1,1,0,0,1,1,2,1,1,49,8,3,0,0,0,0,0,1,3,5
3,1,20,0,18,0,1,1,0,1,10,1,1,1,1,46,8,1598,2,11,1,2,2,362400,333430,22,2,2,6,286,3,41,6,60,3,4,6,0,0,0,1,1,1,0,0,2,1,1,1,1,46,8,3,0,0,0,0,0,20,1,5
3,3,9,0,2,0,0,0,0,0,0,3,1,6,3,38,7,1968,2,3,1,1,6,358762,174377,52,6,1,1,601,6,0,6,20,0,4,6,0,0,0,4,1,2,0,0,1,1,1,1,1,33,6,3,0,0,0,0,0,9,1,5
2,1,9,0,18,0,2,0,0,0,0,1,1,6,2,58,9,1798,1,10,1,1,1,478169,170559,43,1,1,1,475,3,329,6,40,6,2,4,3030,0,4,4,4,1,0,0,1,1,1,3,1,44,7,2,9,9,0,0,0,0,3,8
3,1,9,0,9,0,8,0,0,0,0,1,1,6,1,31,6,1968,2,7,1,1,2,484484,181856,43,2,1,3,474,3,4130,6,60,3,4,6,7401,0,0,1,1,1,0,0,2,1,1,1,1,33,6,3,0,0,0,0,0,9,1,5
3,1,9,0,18,0,3,0,10,7,2,4,1,6,3,38,7,1124,1,15,1,1,1,454316,407045,14,1,1,6,211,3,638,1,50,1,4,4,1220,0,0,7,1,1,0,0,2,2,1,2,1,15,3,3,0,0,1,0,0,9,1,1
3,1,19,0,7,0,8,0,0,0,0,4,1,6,1,29,6,1598,2,4,1,1,2,532550,163310,1,2,1,2,20,3,235,6,30,8,4,4,269,0,0,1,1,1,0,0,1,1,1,1,1,33,6,3,0,0,0,0,0,9,1,5
3,1,9,0,3,0,0,0,0,0,0,2,1,3,2,31,6,1998,1,12,1,1,3,497142,153292,45,3,1,2,511,3,322,6,40,0,4,6,0,0,0,1,1,1,0,0,1,1,1,1,1,33,6,3,0,0,0,0,0,9,1,5
3,2,9,0,18,0,4,0,0,0,0,1,1,6,2,56,9,1999,1,4,1,2,2,553043,131697,47,2,2,7,556,4,2157,1,30,2,4,4,2157,0,0,4,2,2,0,0,1,1,2,2,2,35,6,3,0,0,1,0,0,9,1,10
3,1,19,0,18,0,8,0,0,0,0,4,1,1,3,38,7,1598,1,8,1,1,2,423872,302665,21,2,1,5,258,4,5000,1,40,1,4,4,5080,0,0,1,1,1,0,0,1,2,1,1,1,33,6,3,0,0,0,0,0,9,1,5
3,3,9,0,18,0,0,0,0,0,0,0,1,6,3,38,7,1598,1,8,1,1,3,487189,303042,33,3,1,2,368,3,6003,6,60,0,4,6,0,0,0,1,2,2,0,0,2,1,1,1,1,33,6,3,0,0,0,0,0,9,1,5
3,1,3,0,16,0,0,0,0,0,0,1,1,6,1,23,5,124,1,2,1,3,1,528330,175200,1,1,3,7,10,3,3,6,30,0,4,6,0,0,0,5,7,2,0,0,1,1,1,1,1,23,5,3,0,0,0,0,0,3,1,4
3,1,9,0,4,0,1,0,0,0,0,1,1,6,2,39,7,1991,2,6,3,1,3,381370,276130,22,3,1,5,278,3,456,6,30,3,4,4,4549,0,0,1,1,1,0,0,1,1,1,1,2,39,7,3,0,0,0,0,0,9,3,8
3,3,9,0,18,0,1,1,0,0,0,1,1,6,1,38,7,1391,1,19,1,1,3,508247,164768,45,3,1,4,510,3,3050,6,30,3,4,6,0,0,0,1,1,1,0,0,1,1,1,1,1,33,6,3,0,0,0,0,0,9,1,5
3,1,9,0,18,0,0,1,0,1,0,1,1,6,1,23,5,1998,1,7,1,2,4,332170,442440,4,4,2,4,71,6,0,6,30,0,4,6,0,0,0,1,1,1,0,0,1,1,1,1,1,33,6,3,0,0,0,0,0,9,1,5
3,2,1,0,18,0,8,0,0,0,0,1,1,1,1,49,8,1598,1,8,1,1,2,485558,240318,43,2,1,4,479,4,4034,3,70,1,4,5,144,0,0,1,2,2,0,0,2,1,1,1,1,49,8,3,0,0,0,0,0,1,1,8
3,1,9,0,18,0,8,0,0,0,0,1,1,6,2,45,7,1364,1,7,1,1,2,529720,184860,1,2,1,5,2,3,503,6,30,6,2,3,5200,0,5,4,1,1,0,0,1,1,1,1,1,33,6,3,0,0,0,0,0,9,1,5
3,2,9,0,7,0,8,0,10,7,0,1,1,6,1,33,6,1991,2,10,1,2,2,453405,298748,33,2,2,3,360,6,4811,6,30,8,4,6,6,0,0,1,1,1,0,0,1,1,1,1,1,33,6,3,0,0,0,0,0,9,1,5
3,1,21,1,11,0,1,0,0,0,0,4,1,1,1,25,5,12900,2,3,1,1,2,574680,162650,46,2,1,6,542,3,229,3,40,3,4,6,0,0,4,1,1,1,0,0,1,1,1,1,1,33,6,3,0,0,0,0,0,9,1,5
3,1,9,0,18,9,0,0,0,7,10,1,1,6,2,24,5,1299,1,10,1,1,1,579323,186803,42,1,1,5,453,6,0,6,30,0,4,6,0,0,0,1,1,1,0,2,1,1,1,1,2,24,5,3,0,0,0,0,0,9,1,9
2,1,9,0,18,0,8,0,0,0,0,1,1,6,1,31,6,1800,1,15,1,3,2,569624,247502,37,2,3,3,414,3,143,6,60,3,4,4,1061,0,0,1,1,2,0,0,2,1,2,1,1,31,6,3,0,0,0,0,0,9,1,7
3,1,9,0,18,0,0,2,0,1,0,1,1,2,1,52,8,1560,2,4,2,1,2,536083,152771,45,2,1,6,516,1,25,3,70,0,4,6,0,0,0,1,1,1,0,0,2,1,1,2,2,48,8,3,0,0,0,0,0,9,2,7
3,1,9,0,13,0,8,0,0,0,0,1,1,6,1,25,5,1968,2,8,1,2,2,435855,387096,14,2,2,7,215,3,61,6,30,3,2,6,0,0,0,4,1,1,0,0,1,1,2,2,2,23,5,3,0,0,1,0,0,9,1,8
3,2,9,0,4,0,1,0,0,0,0,1,1,6,3,38,7,1598,1,12,1,1,2,448640,129294,44,2,1,1,502,4,3404,6,30,2,4,4,3330,0,0,1,1,1,0,0,1,2,1,1,1,33,6,3,0,0,0,0,0,9,1,5
3,2,9,0,3,0,0,0,0,0,0,2,1,6,1,21,5,1390,1,16,1,2,4,503075,105825,47,4,2,4,558,3,27,3,50,0,4,6,0,0,0,1,1,1,0,0,2,1,1,1,1,21,5,3,0,0,0,0,0,9,1,4
3,2,9,0,18,0,6,0,0,0,0,1,1,6,1,38,7,2400,1,20,1,2,2,457396,303213,33,2,2,4,364,3,5460,6,30,3,4,6,1791,0,4,4,1,1,0,0,1,1,1,1,1,33,6,3,0,0,0,0,0,9,1,5
3,2,9,0,4,0,1,0,0,0,0,2,1,6,2,24,5,1490,1,7,2,2,3,423330,574130,10,3,2,6,148,3,1,3,50,5,4,3,19,0,0,1,1,1,4,0,2,1,1,1,2,24,5,3,0,0,0,0,0,9,2,3
3,1,11,0,4,2,0,0,0,0,0,4,1,1,2,24,5,1598,1,8,1,1,1,472595,173265,43,1,1,5,472,3,329,2,30,0,4,6,0,0,5,1,1,1,0,0,1,1,1,3,1,14,3,3,9,7,0,0,0,0,1,5
3,2,9,0,4,0,8,0,0,0,0,2,1,6,2,75,10,1596,1,5,3,1,3,616580,159440,46,3,1,3,531,3,28,6,30,1,4,6,0,0,4,1,1,1,0,0,1,1,1,2,2,16,4,3,0,0,2,0,0,9,1,9
3,2,9,0,3,0,0,0,0,0,0,2,1,6,2,43,7,1242,1,1,1,2,3,329326,406857,5,3,2,6,93,6,0,6,30,0,4,6,0,0,4,1,1,2,0,0,1,1,1,1,1,33,6,3,0,0,0,0,0,9,1,5
3,1,8,0,5,0,0,0,0,0,0,3,1,1,1,61,9,1332,1,8,1,1,1,414810,434156,13,1,1,5,200,3,6177,6,30,0,4,6,0,0,0,4,1,2,0,0,1,1,1,3,2,4,1,3,5,9,0,0,0,0,1,1
3,1,9,0,18,0,8,0,0,7,0,1,1,6,1,22,5,1998,1,7,3,3,2,442600,358030,30,2,3,1,321,5,60,6,40,8,4,6,0,0,0,1,1,2,0,0,2,1,2,1,1,22,5,3,0,0,0,0,0,9,3,6
3,1,9,0,18,0,1,0,0,0,0,1,1,6,2,31,6,1995,2,12,1,1,1,458149,340902,31,1,1,6,346,6,0,6,30,3,4,6,0,0,8,1,2,2,0,0,1,1,1,3,1,7,2,3,5,3,0,0,0,0,1,5
2,2,9,0,18,0,8,0,0,0,0,1,1,6,1,35,6,1598,1,8,2,3,2,637734,309888,36,2,3,1,401,3,47,3,70,3,4,4,1140,0,0,4,1,4,0,0,2,1,2,1,1,35,6,3,0,0,0,0,0,9,2,5
3,2,22,0,5,0,0,5,0,0,0,1,1,6,2,60,9,1598,1,8,1,1,2,504494,483896,12,2,1,4,186,6,801,6,30,0,4,6,0,0,1,1,1,1,0,0,1,1,1,1,2,60,9,3,0,0,0,0,0,22,1,5
3,1,9,0,18,0,4,1,0,0,0,1,1,2,1,28,6,2993,2,6,1,1,4,245373,59067,50,4,1,3,583,3,38,1,30,1,4,4,3413,0,0,1,1,1,0,0,2,1,1,1,1,33,6,3,0,0,0,0,0,9,1,5
3,1,3,0,18,4,0,0,0,0,0,1,1,6,1,38,7,1598,1,8,1,1,1,405970,292610,20,1,1,4,300,3,34,3,40,0,4,6,0,0,0,1,8,1,0,0,1,2,1,3,2,26,6,3,5,4,0,0,0,0,1,4
3,1,9,0,18,0,0,1,0,0,0,1,1,6,2,19,4,1149,1,10,1,1,1,412092,289842,20,1,1,1,300,1,6,3,70,0,4,6,0,0,0,1,5,2,0,0,2,2,1,1,2,19,4,3,0,0,0,0,0,9,1,1
3,1,11,0,2,0,0,0,0,0,0,0,1,1,1,51,8,1598,1,8,1,1,1,503890,488334,12,1,1,5,186,3,64,6,30,0,4,6,0,0,0,1,4,2,0,0,1,2,1,2,2,85,11,3,0,0,0,2,0,11,1,3
3,2,9,0,18,0,8,0,0,0,0,3,1,6,2,47,8,1198,1,8,1,2,2,414125,432105,13,2,2,4,200,6,0,6,30,6,4,6,0,0,0,1,1,1,0,0,1,1,1,1,2,47,8,3,0,0,0,0,0,9,1,1
2,1,9,0,17,0,8,2,0,1,10,1,1,6,1,22,5,1896,2,13,1,4,1,314418,104497,50,1,4,7,580,6,0,6,60,6,4,6,0,0,0,6,1,1,0,0,2,1,2,2,1,27,6,2,0,0,2,0,0,9,3,6
2,1,9,0,9,0,2,0,0,0,0,1,1,6,2,47,8,1598,1,8,1,1,2,313967,358692,60,2,1,3,723,3,494,6,60,8,4,6,0,0,0,1,1,1,0,0,2,1,1,1,1,33,6,3,0,0,0,0,0,9,1,5
3,1,9,0,9,0,8,0,0,0,0,1,1,6,1,44,7,1197,1,2,1,2,2,392255,296574,20,2,2,3,309,3,4123,3,40,6,2,6,0,0,0,1,2,2,0,0,1,1,1,1,1,44,7,3,0,0,0,0,0,9,1,3
3,2,9,0,18,0,0,0,0,0,0,2,1,6,1,56,9,1796,1,1,1,2,2,268451,667301,97,2,2,3,926,4,806,6,30,0,4,6,0,0,0,5,5,2,0,0,2,1,2,2,1,44,7,3,0,0,2,0,0,9,1,5
3,2,9,0,9,0,8,0,0,0,0,4,1,6,1,25,5,1124,1,10,1,1,2,527130,167710,1,2,1,7,22,3,217,6,30,3,4,5,0,0,0,1,1,1,0,0,1,1,1,1,1,33,6,3,0,0,0,0,0,9,1,5
3,2,9,0,7,0,1,0,0,0,0,1,1,6,1,18,4,998,1,12,1,2,2,338772,361762,7,2,2,3,130,4,5445,6,60,3,4,5,206,0,0,4,1,2,0,0,2,1,1,1,1,18,4,3,0,0,0,0,0,9,1,5
2,1,9,0,18,0,8,0,0,0,0,1,1,6,2,51,8,1560,2,7,1,1,2,433650,435307,13,2,1,6,204,6,0,1,30,1,4,6,0,0,0,4,1,1,0,0,1,1,1,1,1,33,6,3,0,0,0,0,0,9,1,5
2,1,9,0,16,0,0,1,0,0,0,1,1,6,1,21,5,1598,1,8,1,4,2,425401,437525,13,2,4,7,204,6,0,6,30,0,4,6,0,0,0,1,1,2,0,0,1,1,2,2,1,24,5,2,0,0,1,0,0,9,1,5
3,1,9,0,1,0,1,0,0,0,0,2,1,2,1,44,7,1229,1,1,1,1,1,471150,173420,43,1,1,2,472,6,7201,6,30,3,4,6,7201,0,0,1,1,1,0,0,1,1,1,3,1,60,9,3,5,3,0,0,0,0,1,5
3,1,9,0,9,0,4,0,0,0,0,3,1,3,2,26,6,1398,1,1,1,1,2,453618,343598,31,2,1,2,346,3,610,1,30,1,4,6,0,0,8,1,1,1,0,0,1,1,1,1,1,33,6,3,0,0,0,0,0,9,1,5
3,1,9,0,18,0,0,0,0,0,0,1,1,6,3,38,7,1598,1,8,1,1,1,511386,429199,16,1,1,4,228,3,1033,6,40,0,4,6,0,0,1,4,1,1,0,0,1,2,1,3,1,25,5,3,1,1,0,0,0,0,1,4
2,1,9,0,9,0,5,0,0,0,0,1,1,6,1,72,10,1598,1,8,3,2,2,433115,452281,12,2,2,7,182,3,658,6,60,3,4,6,47,0,0,4,1,1,0,0,2,1,1,1,1,72,10,2,0,0,0,0,0,9,3,10
2,1,9,0,18,0,0,0,0,0,0,1,1,5,1,26,6,1596,1,11,1,1,2,414495,290284,20,2,1,2,300,6,0,6,30,0,4,6,0,0,0,1,1,1,0,0,1,2,1,1,1,33,6,3,0,0,0,0,0,9,1,5
3,2,9,0,14,0,4,0,0,0,0,3,1,6,1,19,4,1560,2,4,1,1,2,433859,282773,20,2,1,2,302,6,0,1,30,1,4,6,0,0,0,4,2,2,0,0,1,2,1,1,1,19,4,3,0,0,0,0,0,9,1,4
3,1,9,0,18,0,1,0,0,0,0,1,1,6,1,39,7,1975,1,11,1,1,1,611263,301251,36,1,1,3,406,4,1172,6,40,6,2,5,700,0,5,4,4,2,0,0,1,1,1,3,2,16,4,3,1,1,0,0,0,0,1,10
3,2,11,0,18,0,8,0,0,0,0,3,1,1,1,53,8,4250,2,6,1,7,2,431880,435456,13,2,7,1,204,6,0,6,30,3,4,6,0,0,0,1,1,2,0,0,1,1,5,2,1,74,10,3,0,0,0,4,0,11,1,9
3,2,9,0,3,0,1,0,0,0,0,2,1,6,2,39,7,1598,1,8,1,1,2,319220,178145,62,2,1,5,741,6,0,6,30,6,2,6,0,0,5,1,1,1,0,0,1,1,2,1,2,39,7,3,0,0,0,0,0,9,1,5
3,1,9,0,5,0,1,0,0,0,0,1,1,1,1,31,6,1598,1,8,1,1,2,619432,244038,37,2,1,4,412,4,1075,6,30,3,4,6,0,0,0,1,8,1,0,0,1,1,1,1,1,33,6,3,0,0,0,0,0,9,1,5
2,2,1,0,18,9,1,0,0,0,0,1,1,6,1,38,7,1598,1,8,1,2,2,636330,168610,46,2,2,3,541,3,254,6,40,8,4,6,0,0,0,1,1,1,0,2,1,1,2,1,1,38,7,3,0,0,0,0,0,1,1,1
3,2,9,0,4,0,8,0,0,0,0,2,1,6,1,36,7,1598,1,8,1,1,2,546270,174770,1,2,1,4,18,5,0,6,30,6,4,6,0,0,0,1,1,1,0,0,1,1,1,1,1,36,7,3,0,0,0,0,0,9,1,9
3,1,1,0,18,0,3,0,0,0,0,3,1,6,2,44,7,1598,1,8,1,1,2,381720,278050,22,2,1,7,278,3,442,1,30,1,4,4,4190,0,0,1,1,1,0,0,1,1,1,1,2,44,7,3,0,0,0,0,0,1,1,4
3,2,4,0,18,0,4,0,0,0,0,1,1,6,1,60,9,499,1,11,1,1,2,386710,345808,21,2,1,2,257,3,52,1,30,1,4,6,0,0,0,1,1,1,0,0,1,1,1,1,1,60,9,3,0,0,0,0,0,4,1,5
2,1,9,0,18,0,0,0,0,0,0,1,1,1,1,53,8,1598,1,8,1,2,1,431742,266837,23,1,2,7,294,3,452,6,30,0,4,6,0,0,0,5,1,1,0,0,1,1,1,1,1,53,8,3,0,0,0,0,0,9,1,5
3,2,9,0,4,0,1,0,0,0,0,2,1,6,2,31,6,1598,1,8,1,2,2,536975,211604,41,2,2,5,432,3,10,3,70,1,4,3,414,0,0,1,1,1,0,0,2,1,1,2,1,32,6,3,0,0,1,0,0,9,1,3
3,2,9,0,9,0,5,0,0,0,0,1,1,6,1,51,8,1598,1,14,1,1,2,559511,188606,42,2,1,4,452,4,186,7,70,5,4,3,127,0,0,4,1,1,0,0,2,2,1,1,1,51,8,3,0,0,0,0,0,9,1,2
2,3,19,0,7,0,5,0,0,0,0,0,1,6,1,33,6,2477,2,5,1,1,3,482303,508352,12,3,1,7,186,3,171,6,60,3,4,5,82,0,0,1,1,1,0,0,2,1,1,1,1,33,6,3,0,0,0,0,0,9,1,5
2,2,9,0,18,0,6,0,0,0,0,1,1,6,2,52,8,1598,1,8,1,3,2,351197,194419,61,2,3,1,732,4,4235,6,60,3,4,6,0,0,0,1,1,1,0,0,2,1,2,1,2,52,8,3,0,0,0,0,0,9,1,5
3,1,9,0,18,0,0,0,0,0,0,1,1,2,1,27,6,1997,2,6,1,1,1,423895,571953,10,1,1,6,148,5,226,6,30,0,4,6,0,0,0,1,1,1,0,0,2,1,1,3,1,12,3,3,5,3,0,0,0,0,3,7
3,2,21,1,7,0,8,0,0,0,0,3,1,1,1,56,9,12777,2,4,1,1,2,446204,113316,44,2,1,4,500,6,0,6,30,3,4,6,0,0,0,1,1,1,0,0,1,1,1,1,1,33,6,3,0,0,0,0,0,9,1,5
2,1,3,0,18,0,0,0,0,0,0,3,1,6,1,41,7,124,1,16,1,1,2,437109,115267,44,2,1,6,501,1,271,3,70,0,4,6,0,0,0,4,1,1,0,0,2,1,1,1,1,41,7,2,0,0,0,0,0,3,1,7
3,2,19,0,2,0,0,0,0,0,0,4,1,1,1,52,8,2500,2,14,1,1,2,412877,98458,55,2,1,5,641,6,0,6,40,0,4,6,0,0,0,6,1,1,0,0,2,1,1,1,1,33,6,3,0,0,0,0,0,9,1,5
3,2,3,0,9,0,8,0,0,0,0,1,1,2,2,30,6,124,1,10,1,1,2,519200,179450,1,2,1,5,27,3,4000,6,30,3,4,6,0,0,0,1,1,1,0,0,1,1,1,1,1,33,6,3,0,0,0,0,0,9,1,5
3,2,9,0,2,0,2,0,0,0,0,3,1,1,1,38,7,1598,1,8,1,1,2,527370,181170,1,2,1,4,1,6,0,6,30,6,4,6,0,0,0,1,1,1,0,0,1,2,1,1,1,33,6,3,0,0,0,0,0,9,1,5
3,1,3,0,18,0,0,1,0,0,0,3,1,2,1,28,6,124,1,8,1,1,1,507692,462075,16,1,1,4,231,3,614,6,60,0,4,6,0,0,0,1,1,2,0,0,2,1,1,1,1,28,6,3,0,0,0,0,0,3,1,6
3,1,1,0,18,0,0,0,0,0,0,1,1,6,1,13,3,1598,1,8,1,1,2,331271,138023,52,2,1,4,607,6,0,6,30,0,4,6,0,0,0,1,1,1,0,0,1,2,1,1,1,13,3,3,0,0,0,0,0,1,1,2
3,2,1,0,18,0,0,0,0,0,0,1,1,6,2,9,2,1598,1,8,1,1,2,502594,457978,16,2,1,7,231,6,0,6,30,0,4,6,0,0,0,1,1,1,0,0,1,2,1,1,2,9,2,3,0,0,0,0,0,1,1,3
3,1,3,0,18,0,8,0,0,0,0,1,1,6,1,21,5,108,1,1,1,1,2,525540,177240,1,2,1,4,11,3,304,6,30,6,4,6,0,0,0,1,1,1,0,0,1,1,1,1,1,21,5,3,0,0,0,0,0,3,1,5