accident_severity,vehicle_reference,vehicle_type,towing_and_articulation,vehicle_manoeuvre,vehicle_location-restricted_lane,junction_location,skidding_and_overturning,hit_object_in_carriageway,vehicle_leaving_carriageway,hit_object_off_carriageway,1st_point_of_impact,was_vehicle_left_hand_drive?,journey_purpose_of_driver,sex_of_driver,age_of_driver,age_band_of_driver,engine_capacity_(cc),propulsion_code,age_of_vehicle,driver_home_area_type,NUmber_of_Casualities_unique_to_accident_index,No_of_Vehicles_involved_unique_to_accident_index,location_easting_osgr,location_northing_osgr,police_force,number_of_vehicles,number_of_casualties,day_of_week,local_authority_(district),1st_road_class,1st_road_number,road_type,speed_limit,junction_detail,junction_control,2nd_road_class,2nd_road_number,pedestrian_crossing-human_control,pedestrian_crossing-physical_facilities,light_conditions,weather_conditions,road_surface_conditions,special_conditions_at_site,carriageway_hazards,urban_or_rural_area,did_police_officer_attend_scene_of_accident,casualty_reference,casualty_class,sex_of_casualty,age_of_casualty,age_band_of_casualty,casualty_severity,pedestrian_location,pedestrian_movement,car_passenger,bus_or_coach_passenger,pedestrian_road_maintenance_worker,casualty_type,casualty_home_area_type,casualty_imd_decile
2,1,9,0,4,0,0,0,0,0,0,2,1,6,2,56,9,1198,1,3,1,1,2,379770,263420,22,2,1,3,273,3,443,6,60,0,4,6,0,0,0,1,1,1,0,0,2,1,1,1,1,33,6,3,0,0,0,0,0,9,1,5
3,1,9,0,13,0,0,0,0,0,0,1,1,6,1,29,6,1598,1,8,1,1,2,443990,339790,30,2,1,3,324,3,6096,6,60,0,4,6,0,0,0,1,1,2,0,0,2,1,1,1,1,33,6,3,0,0,0,0,0,9,1,5
3,2,9,0,4,0,7,0,0,0,0,2,1,2,2,25,5,1198,1,2,1,1,3,531450,153033,45,3,1,3,516,1,25,3,70,5,4,1,23,0,0,1,1,2,0,0,2,1,1,1,2,25,5,3,0,0,0,0,0,9,1,9
3,2,9,0,16,0,8,0,0,0,0,4,1,6,2,41,7,1560,2,2,3,2,2,278766,702735,96,2,2,7,939,4,8033,6,40,5,4,4,8033,0,0,1,1,1,0,0,2,1,2,2,2,9,2,3,0,0,1,0,0,9,3,5
3,1,9,0,9,0,6,0,0,0,0,1,2,1,1,25,5,1598,1,8,1,1,2,329707,378628,7,2,1,4,130,4,5136,9,30,3,4,6,0,0,0,1,1,1,0,0,2,1,1,1,1,25,5,3,0,0,0,0,0,9,1,9
3,2,9,0,8,0,1,0,0,0,0,2,1,6,2,43,7,1796,1,9,1,3,2,459383,335548,31,2,3,1,347,6,0,6,30,3,2,3,606,0,0,1,1,1,0,0,1,1,1,1,2,43,7,3,0,0,0,0,0,9,1,6
3,2,9,0,18,0,0,0,0,0,0,1,1,6,1,46,8,1597,2,8,1,1,2,447117,384811,14,2,1,5,213,3,57,6,60,0,4,6,0,0,0,1,1,1,0,0,2,2,1,1,1,33,6,3,0,0,0,0,0,9,1,5
3,2,19,0,17,0,0,1,0,7,11,1,1,1,1,26,6,1598,1,8,1,3,2,341666,343568,60,2,3,4,725,3,525,6,60,0,4,6,0,0,0,6,3,4,0,0,2,1,3,2,1,36,7,3,0,0,1,0,0,19,1,5
3,1,9,0,3,0,1,0,0,0,0,2,1,2,2,31,6,1560,2,7,1,1,2,527330,193680,1,2,1,5,30,3,109,6,30,2,4,5,0,0,0,1,1,1,0,0,1,1,1,1,2,31,6,3,0,0,0,0,0,9,1,2
3,1,9,0,18,0,8,0,10,4,2,3,1,6,1,19,4,1598,1,8,1,1,1,448930,520439,17,1,1,7,243,4,1272,3,30,9,4,6,0,0,0,1,1,1,0,0,1,1,1,1,1,19,4,3,0,0,0,0,0,9,1,1
3,2,1,0,10,0,1,0,0,0,0,1,1,6,1,63,9,1598,1,8,1,1,2,300964,81955,50,2,1,5,580,6,0,6,30,3,4,6,0,0,0,1,1,1,0,0,1,1,1,1,1,33,6,3,0,0,0,0,0,9,1,5
2,2,19,0,18,0,8,0,0,0,0,1,1,1,1,42,7,1995,2,2,1,1,2,438812,402390,14,2,1,3,210,4,6096,6,30,6,4,6,0,0,0,1,5,2,4,0,1,1,1,1,1,33,6,3,0,0,0,0,0,9,1,5
3,1,9,0,6,0,0,0,0,0,0,3,1,6,2,68,10,1390,1,12,3,2,2,501151,187350,43,2,2,2,477,3,40,6,50,0,4,6,0,0,0,1,1,1,0,0,2,1,1,1,2,68,10,3,0,0,0,0,0,9,3,9
3,3,21,1,18,0,0,0,0,0,0,2,2,1,1,34,6,1598,1,8,1,1,4,379920,404470,6,4,1,5,101,1,60,3,70,0,4,6,0,0,0,1,1,2,0,0,2,1,1,1,1,33,6,3,0,0,0,0,0,9,1,5
3,2,9,0,4,0,2,0,0,0,0,2,1,6,2,55,8,1598,1,14,1,1,3,596824,225122,42,3,1,1,455,3,1124,6,30,3,4,6,0,0,0,1,1,1,0,0,1,1,1,1,1,33,6,3,0,0,0,0,0,9,1,5
3,2,9,0,9,0,0,0,0,0,0,1,1,1,1,51,8,5935,1,8,1,1,2,528430,176740,1,2,1,6,10,3,3205,6,30,0,4,6,0,0,4,4,1,1,0,0,1,1,1,1,1,33,6,3,0,0,0,0,0,9,1,5
2,2,5,0,5,0,1,0,0,0,0,1,1,6,1,54,8,652,1,1,1,1,3,531515,103911,47,3,1,1,565,3,259,6,30,3,4,6,0,0,8,1,1,1,0,0,1,1,1,1,1,54,8,2,0,0,0,0,0,5,1,2
3,1,9,0,1,0,1,0,8,0,0,2,1,6,1,47,8,2874,2,10,1,1,2,527540,192030,1,2,1,2,30,3,1003,2,30,3,4,6,0,0,5,4,1,1,0,0,1,1,1,1,1,33,6,3,0,0,0,0,0,9,1,5
3,2,8,0,4,0,0,0,0,0,0,2,1,1,1,51,8,1598,1,8,1,6,2,531372,151477,45,2,6,2,516,1,23,3,70,0,4,6,0,0,0,1,1,1,0,0,2,1,5,2,2,16,4,3,0,0,2,0,0,8,1,9
3,1,9,0,17,0,0,0,4,0,0,1,1,6,1,82,11,1339,1,2,1,1,3,421942,434350,13,3,1,4,204,4,6157,6,30,0,4,6,0,0,0,1,1,1,0,0,1,1,1,1,1,82,11,3,0,0,0,0,0,9,1,6
3,3,21,1,18,0,0,0,0,1,0,2,1,1,1,47,8,10308,2,3,3,1,3,409433,182867,54,3,1,6,635,3,3102,6,60,0,4,6,0,0,0,1,1,1,0,0,2,1,1,1,1,33,6,3,0,0,0,0,0,9,1,5
3,1,9,0,9,0,8,0,0,0,0,4,1,6,1,27,6,2171,1,14,1,2,2,520910,177100,1,2,2,7,25,3,316,6,30,6,2,5,0,0,5,4,2,2,0,0,1,1,2,2,1,33,6,3,0,0,2,0,0,9,1,5
3,1,9,0,18,0,0,0,0,0,0,1,1,6,1,57,9,1390,1,1,1,1,1,253523,667220,97,1,1,6,926,6,0,6,30,0,4,6,0,0,0,1,2,2,0,0,1,1,1,3,1,16,4,3,5,1,0,0,0,0,1,5
3,2,1,0,17,0,8,0,0,0,0,3,1,6,1,59,9,1598,1,8,1,1,2,395630,405090,6,2,1,2,104,5,0,6,30,3,4,5,0,0,0,1,8,2,0,0,1,1,1,1,1,59,9,3,0,0,0,0,0,1,1,10
3,2,9,0,3,0,0,0,0,0,0,1,1,2,2,29,6,1364,2,8,1,1,2,382735,456971,12,2,1,5,180,4,6478,6,60,0,4,6,0,0,0,1,1,1,0,0,2,1,1,1,2,29,6,3,0,0,0,0,0,9,1,5
3,1,9,0,18,0,4,0,0,0,0,1,1,6,2,66,10,1242,1,9,1,1,2,424378,577260,10,2,1,1,139,3,1068,1,60,1,4,3,1172,0,0,1,3,2,0,0,2,1,1,1,1,33,6,3,0,0,0,0,0,9,1,5
3,2,1,0,18,0,8,0,0,0,0,1,1,6,1,28,6,1598,1,8,1,1,2,411230,280490,20,2,1,6,300,3,34,1,30,1,2,4,4025,0,0,1,1,1,0,0,1,1,1,1,1,28,6,3,0,0,0,0,0,1,1,8
3,2,9,0,1,0,1,0,0,0,0,2,1,1,1,49,8,1598,1,8,2,1,2,311334,207712,61,2,1,6,731,6,0,6,30,3,4,6,0,0,0,1,1,1,0,0,2,2,1,1,1,33,6,3,0,0,0,0,0,9,1,5
2,2,9,0,9,0,1,0,0,0,0,4,1,6,2,78,11,1598,1,8,2,5,2,369636,156927,52,2,5,6,611,3,367,6,30,9,4,6,0,0,0,4,9,1,0,0,2,1,5,2,2,57,9,3,0,0,2,0,0,9,1,10
3,2,9,0,9,0,6,0,0,0,0,3,1,6,1,34,6,1560,2,3,1,2,2,385860,402760,6,2,2,5,102,3,664,6,30,3,2,5,0,0,8,4,2,2,0,0,1,1,2,1,1,34,6,3,0,0,0,0,0,9,1,1
3,1,8,0,18,0,0,0,0,0,0,1,1,6,1,32,6,2499,2,8,1,1,3,563734,189431,42,3,1,3,452,3,127,3,70,0,4,6,0,0,0,1,1,1,0,0,2,1,1,2,2,30,6,3,0,0,2,0,0,8,1,5
3,1,9,0,18,0,1,0,0,0,0,4,1,6,1,65,9,1596,1,7,1,1,1,479986,354132,31,1,1,4,345,6,0,6,30,3,4,6,0,0,0,4,1,1,0,0,1,1,1,3,1,12,3,3,5,1,0,0,0,0,1,3
3,1,9,0,12,0,0,0,0,7,10,2,1,6,2,48,8,698,1,10,1,1,2,364680,409270,6,2,1,5,100,3,6027,3,40,0,4,6,0,0,4,4,1,2,0,0,1,1,1,1,2,48,8,3,0,0,0,0,0,9,1,2
3,2,9,0,3,0,0,0,0,0,0,2,1,6,1,69,10,1398,1,1,1,1,3,421534,424662,13,3,1,6,203,6,0,6,30,0,4,6,0,0,0,1,1,2,0,0,1,2,1,1,1,69,10,3,0,0,0,0,0,9,1,2
3,1,90,0,9,0,6,0,0,0,0,1,1,6,2,43,7,1598,1,8,1,1,2,361308,389538,7,2,1,5,128,6,0,6,30,6,4,6,0,0,8,1,1,1,0,0,1,1,1,1,2,43,7,3,0,0,0,0,0,90,1,1
2,1,19,0,18,4,0,0,0,0,0,1,1,1,1,26,6,2143,2,3,1,1,2,524680,221460,41,2,1,2,435,4,197,6,60,0,4,6,0,0,0,4,1,1,0,0,2,1,1,1,1,33,6,3,0,0,0,0,0,9,1,5
3,1,9,0,18,0,1,0,0,0,0,1,1,6,1,75,10,1560,2,2,3,1,1,573826,169154,46,1,1,4,544,6,0,6,30,3,2,3,2,0,5,1,1,1,0,0,1,2,1,3,1,20,4,3,1,1,0,0,0,0,1,3
3,1,9,0,3,0,1,0,0,0,0,2,1,6,1,47,8,2993,2,5,1,2,2,530840,166900,1,2,2,5,20,3,23,6,30,3,4,6,0,0,0,1,1,1,0,0,1,2,1,1,1,47,8,3,0,0,0,0,0,9,1,5
3,1,11,0,4,0,1,0,0,0,0,0,1,1,1,54,8,9360,2,6,1,1,1,532760,182380,1,1,1,5,3,3,501,6,30,3,4,6,0,0,0,1,1,1,0,0,1,1,1,2,2,33,6,3,0,0,0,3,0,11,1,3
3,1,9,0,7,0,1,0,0,0,0,1,1,6,1,38,7,4196,1,8,1,1,1,531190,161490,1,1,1,5,20,3,23,6,30,8,4,6,0,0,0,4,1,1,0,0,1,1,1,3,1,59,9,3,5,3,0,0,2,0,1,6
3,2,9,0,18,0,0,0,10,0,10,4,1,6,1,21,5,1598,1,8,1,1,2,438192,557733,10,2,1,2,150,3,1231,6,30,0,4,6,0,0,0,1,1,1,0,0,1,1,1,2,1,16,4,3,0,0,1,0,0,9,1,5
3,1,1,0,18,4,1,1,0,0,0,1,1,2,1,26,6,1598,1,8,1,1,2,504896,432300,16,2,1,3,231,6,0,6,30,3,4,6,0,0,0,1,1,1,0,0,1,2,1,1,1,26,6,3,0,0,0,0,0,1,1,7
3,2,9,0,3,0,0,0,0,0,0,1,1,6,1,48,8,1598,1,8,1,2,3,445192,399283,14,3,2,3,213,3,6022,6,30,0,4,6,0,0,8,4,1,2,0,0,1,1,1,2,2,61,9,3,0,0,1,0,0,9,1,2
3,1,9,0,18,0,0,2,0,1,10,1,1,1,1,20,4,1598,1,8,3,1,1,229550,237730,63,1,1,4,751,6,0,2,60,0,4,6,0,0,0,1,8,4,0,0,2,1,1,1,1,20,4,3,0,0,0,0,0,9,3,5
3,1,9,0,18,0,8,0,0,0,0,1,1,6,1,38,7,1783,1,11,1,3,2,428905,429928,13,2,3,5,204,6,0,6,30,3,4,6,0,0,0,1,4,1,0,0,1,2,1,1,1,33,6,3,0,0,0,0,0,9,1,5
3,2,3,0,18,0,8,0,0,0,0,1,1,6,1,22,5,125,1,4,1,1,2,496897,368662,32,2,1,5,352,3,1434,6,30,8,4,6,0,0,4,4,1,1,0,0,1,1,1,1,1,22,5,3,0,0,0,0,0,3,1,8
3,2,9,0,18,0,0,0,0,0,0,4,1,1,1,30,6,2993,2,2,1,2,3,429811,395135,14,3,2,7,215,3,6102,6,40,0,4,6,0,0,0,7,1,1,0,0,2,1,1,1,1,30,6,3,0,0,0,0,0,9,1,1
2,4,9,0,3,0,0,0,0,0,0,2,1,6,1,44,7,1997,2,9,3,8,7,370492,195462,53,7,8,7,624,1,5,3,70,0,4,6,0,0,0,1,1,1,0,0,2,1,4,1,1,44,7,3,0,0,0,0,0,9,3,5
3,2,9,0,18,0,1,0,0,0,0,4,1,6,3,38,7,1598,1,8,1,1,2,531380,193340,1,2,1,1,32,3,105,6,30,6,2,3,111,0,5,4,1,2,0,0,1,1,1,1,1,33,6,3,0,0,0,0,0,9,1,5
3,1,9,0,7,0,5,0,0,0,0,4,1,2,2,20,4,1299,1,9,1,1,2,618213,307768,36,2,1,6,406,5,183,3,30,6,2,6,0,0,0,1,1,1,0,0,1,2,1,1,1,33,6,3,0,0,0,0,0,9,1,5
3,1,9,0,18,0,0,0,0,0,0,1,1,6,2,28,6,1299,1,10,1,1,1,489314,187764,43,1,1,2,480,6,1894,6,30,0,4,6,0,0,1,1,1,1,0,0,1,1,1,3,2,12,3,3,3,1,0,0,0,0,1,10
3,2,3,0,18,0,8,0,0,0,0,4,1,2,1,27,6,125,1,2,1,1,2,450120,88778,44,2,1,4,505,4,3341,6,30,3,4,6,0,0,0,4,2,2,0,0,1,1,1,1,1,27,6,3,0,0,0,0,0,3,1,2
3,3,9,0,3,0,0,0,0,0,0,2,1,6,2,51,8,1360,1,8,1,6,3,427876,559275,10,3,6,4,146,4,1296,6,20,0,4,6,0,0,0,4,1,1,0,0,1,1,3,1,2,51,8,3,0,0,0,0,0,9,1,2
3,2,1,0,18,0,2,0,0,0,0,4,1,6,1,22,5,1598,1,8,1,1,2,460113,452236,12,2,1,6,189,3,1036,6,30,3,2,3,19,0,4,1,1,1,0,0,1,2,1,1,1,22,5,3,0,0,0,0,0,1,1,7
3,2,9,0,9,0,8,0,0,0,0,1,1,6,2,36,7,2148,2,10,1,2,2,390670,413950,6,2,2,3,106,4,6266,1,30,2,4,5,0,0,0,1,1,1,3,0,1,1,2,1,2,36,7,3,0,0,0,0,0,9,1,1
3,2,9,0,1,0,0,0,0,0,0,2,1,6,1,38,7,1598,1,6,1,1,2,535420,184900,1,2,1,3,4,4,113,6,30,0,4,6,0,0,0,1,1,1,0,0,1,2,1,1,1,33,6,3,0,0,0,0,0,9,1,5
2,2,9,0,10,0,1,0,0,0,0,0,1,2,2,29,6,1598,1,8,3,1,2,496084,201181,43,2,1,4,478,3,416,6,30,3,4,6,4135,0,0,1,1,1,0,0,1,1,1,1,1,33,6,3,0,0,0,0,0,9,1,5
3,1,9,0,7,0,6,0,0,0,0,1,1,6,1,57,9,1997,2,8,1,1,2,409154,316174,21,2,1,6,252,3,513,6,30,3,4,4,5014,0,0,1,1,1,0,0,2,2,1,1,1,33,6,3,0,0,0,0,0,9,1,5
3,1,9,0,18,0,5,2,0,0,0,1,1,6,1,22,5,1124,1,12,2,1,1,484479,203862,43,1,1,5,480,5,63,6,60,3,4,5,77,0,0,1,1,1,0,0,2,1,1,1,1,22,5,3,0,0,0,0,0,9,2,10
3,2,1,0,4,4,1,1,0,0,0,1,1,2,1,24,5,1598,1,8,1,1,2,475291,171756,43,2,1,4,475,3,329,6,40,3,4,6,7504,0,0,1,2,2,0,0,1,1,1,1,1,24,5,3,0,0,0,0,0,1,1,4
3,1,21,1,18,0,1,0,0,0,0,1,1,1,1,22,5,12900,2,8,3,1,2,404330,264430,22,2,1,2,274,3,441,6,30,1,4,3,448,0,0,1,1,1,0,0,1,2,1,1,1,33,6,3,0,0,0,0,0,9,1,5
3,2,9,0,2,0,1,0,0,1,0,3,1,6,3,38,7,1595,1,14,1,1,2,474162,172425,43,2,1,2,472,3,329,6,30,3,4,6,7201,0,0,4,1,1,0,0,1,1,1,1,1,33,6,3,0,0,0,0,0,9,1,5
3,1,9,0,16,0,2,1,0,1,9,1,1,6,2,25,5,1199,1,16,3,1,1,582083,177294,46,1,1,1,544,6,0,6,60,3,4,6,0,0,0,1,1,2,0,0,2,1,1,1,2,25,5,3,0,0,0,0,0,9,3,4
3,2,9,0,9,0,6,0,0,0,0,1,1,6,2,77,11,1598,1,8,1,1,2,432008,387049,14,2,1,1,215,5,729,6,30,3,4,6,0,0,0,1,1,1,0,0,1,1,1,1,1,33,6,3,0,0,0,0,0,9,1,5
3,1,1,0,18,0,8,0,0,0,0,1,1,6,1,38,7,1598,1,8,1,1,2,544943,199177,42,2,1,6,456,6,0,6,30,3,4,4,172,0,0,1,1,1,0,0,2,2,1,1,1,33,6,3,0,0,0,0,0,1,1,5
3,2,9,0,9,9,1,1,0,3,11,1,1,6,2,33,6,1560,2,8,1,1,2,584197,186897,42,2,1,2,460,6,0,6,30,6,4,6,0,0,8,4,1,1,0,0,1,1,1,1,2,33,6,3,0,0,0,0,0,9,1,2
3,2,9,0,13,0,1,0,0,0,0,1,1,1,1,36,7,1598,1,8,1,1,2,313060,482350,3,2,1,4,63,3,595,6,60,3,3,3,5093,0,0,1,1,1,0,0,2,1,1,1,1,33,6,3,0,0,0,0,0,9,1,5
3,1,9,0,12,0,8,1,0,0,0,3,1,6,2,48,8,1598,1,13,1,2,2,415936,186368,54,2,2,7,633,3,4311,1,40,1,4,6,0,0,0,1,1,2,0,0,1,1,2,2,1,10,2,3,0,0,1,0,0,9,1,6
3,1,9,0,18,0,1,0,0,0,0,1,1,6,1,22,5,1686,2,9,1,1,2,364110,430460,4,2,1,7,83,3,677,6,30,3,4,6,0,0,0,4,2,5,0,0,2,1,1,1,1,33,6,3,0,0,0,0,0,9,1,5
3,1,9,0,17,0,1,0,4,0,0,1,1,6,1,66,10,1149,1,4,1,2,2,336481,397892,5,2,2,7,93,6,0,6,20,3,2,6,0,0,5,1,2,2,0,0,1,1,1,1,1,66,10,3,0,0,0,0,0,9,1,1
3,1,9,0,4,0,1,2,0,0,10,1,1,6,2,18,4,1149,1,9,1,2,1,307320,519540,3,1,2,3,63,3,5086,6,60,3,4,6,0,0,0,6,1,2,0,0,2,1,2,2,1,17,4,3,0,0,1,0,0,9,1,9
3,1,19,0,18,0,8,5,0,2,7,4,1,1,1,26,6,2198,2,1,1,2,2,336474,396793,5,2,2,6,91,6,0,6,30,3,2,6,0,0,5,4,1,1,2,0,1,1,1,1,1,26,6,3,0,0,0,0,0,19,1,1
3,1,9,0,17,0,0,0,0,0,0,1,1,6,1,68,10,1995,2,8,1,4,2,272229,659419,97,2,4,6,932,3,725,7,50,0,4,6,0,0,0,1,1,1,0,0,2,1,4,1,1,68,10,3,0,0,0,0,0,9,1,5
3,1,9,0,18,0,0,0,0,0,0,1,1,2,2,21,5,1598,1,8,3,1,2,632755,257752,37,2,1,3,415,3,12,3,70,0,4,6,0,0,0,6,1,2,0,0,2,1,1,1,2,21,5,3,0,0,0,0,0,9,3,5
3,1,9,0,18,0,0,0,0,0,0,1,1,6,3,38,7,1598,1,8,1,1,1,423796,300876,21,1,1,2,258,4,5404,6,30,0,4,6,0,0,0,4,2,2,0,0,1,2,1,3,1,19,4,3,5,1,0,0,0,0,1,5
3,1,22,0,18,0,0,0,0,0,0,3,1,6,2,35,6,1598,1,8,1,1,2,437802,404980,14,2,1,6,210,3,633,6,40,0,4,6,0,0,8,1,1,1,0,0,1,1,1,1,2,35,6,3,0,0,0,0,0,22,1,2
2,1,17,4,9,0,5,1,0,0,0,3,1,1,1,20,4,1598,1,8,3,1,2,215260,241580,63,2,1,6,752,3,487,6,60,3,4,6,0,0,0,1,1,1,0,0,2,1,1,1,1,33,6,3,0,0,0,0,0,9,1,5
2,1,1,0,18,0,0,0,0,0,0,1,1,6,1,53,8,1598,1,8,1,2,1,517780,174570,1,1,2,4,24,3,305,6,20,0,4,6,0,0,0,1,1,1,0,0,1,1,2,3,1,47,8,2,5,1,0,0,2,0,1,5
3,1,9,0,17,0,1,0,0,0,0,1,1,6,1,21,5,1598,1,8,1,2,2,331177,367004,60,2,2,6,724,6,0,6,30,3,4,6,0,0,0,1,1,1,0,0,2,2,2,1,1,21,5,3,0,0,0,0,0,9,1,5
3,1,9,0,18,0,1,0,0,0,0,1,1,6,1,53,8,1598,1,8,1,1,2,255253,666595,97,2,1,4,926,6,0,6,30,3,4,6,0,0,0,1,1,1,0,0,1,1,1,1,1,53,8,3,0,0,0,0,0,9,1,5
3,2,9,0,16,0,0,0,0,0,0,1,1,6,2,43,7,1299,1,12,1,4,2,272229,659419,97,2,4,6,932,3,725,7,50,0,4,6,0,0,0,1,1,1,0,0,2,1,1,2,2,16,4,3,0,0,1,0,0,9,1,5
3,1,1,0,18,4,8,0,0,0,0,1,1,6,1,37,7,1598,1,8,1,1,2,527650,171800,1,2,1,5,10,3,24,6,30,6,4,6,0,0,0,7,9,1,0,0,1,1,1,1,1,37,7,3,0,0,0,0,0,1,1,5
3,1,9,0,17,0,1,0,0,0,0,3,1,1,1,55,8,1598,1,8,2,1,2,179660,42241,50,2,1,2,596,6,0,6,60,3,4,6,0,0,0,1,3,3,0,0,2,1,1,1,1,33,6,3,0,0,0,0,0,9,1,5
3,2,9,0,13,0,1,1,0,7,1,3,1,2,2,21,5,998,1,2,3,1,2,347656,819541,92,2,1,7,911,3,97,6,60,3,4,3,944,0,0,1,1,1,0,0,2,1,1,1,2,21,5,3,0,0,0,0,0,9,3,5
3,2,9,0,13,0,0,0,0,0,0,4,1,1,1,52,8,999,1,8,1,1,2,436130,334140,30,2,1,4,323,6,0,6,30,0,4,6,0,0,0,1,1,1,0,0,1,2,1,1,1,33,6,3,0,0,0,0,0,9,1,5
3,2,8,0,1,0,8,0,0,0,0,4,1,1,1,30,6,1598,1,8,1,1,2,384984,343193,21,2,1,5,253,6,72,6,30,3,4,6,72,0,8,1,1,1,0,0,1,1,1,1,1,33,6,3,0,0,0,0,0,9,1,5
3,2,9,0,18,0,1,0,0,0,0,1,1,6,1,38,7,1598,1,8,1,1,2,451345,519130,17,2,1,4,243,5,118,6,30,3,4,6,0,0,0,1,2,2,0,0,1,2,1,1,1,33,6,3,0,0,0,0,0,9,1,5
2,1,9,0,9,0,6,0,0,0,0,3,1,6,1,23,5,1229,1,5,1,1,2,367960,181421,52,2,1,5,612,3,432,6,30,3,4,6,0,0,0,1,1,1,0,0,1,1,1,1,1,33,6,3,0,0,0,0,0,9,1,5
3,1,9,0,18,0,0,0,0,0,0,1,1,6,1,33,6,1769,1,11,1,2,3,573639,169160,46,3,2,1,544,3,2,2,30,0,4,6,0,0,5,1,1,1,0,0,1,1,1,1,1,33,6,3,0,0,0,0,0,9,1,5
3,2,9,0,4,0,0,0,0,0,0,2,1,6,1,32,6,1956,2,6,1,1,2,499089,180453,43,2,1,4,473,6,7302,6,30,0,4,6,0,0,0,5,1,1,0,0,1,2,1,1,1,32,6,3,0,0,0,0,0,9,1,4
3,2,9,0,18,0,1,0,0,0,0,2,1,6,2,66,10,1560,2,3,1,1,2,331900,437190,4,2,1,2,71,3,586,2,30,3,4,6,0,0,1,1,1,2,0,0,1,1,1,1,1,33,6,3,0,0,0,0,0,9,1,5
3,2,20,0,1,0,0,0,0,0,0,2,1,1,1,38,7,6374,2,2,1,1,2,599611,225039,42,2,1,6,455,6,0,2,30,0,4,6,0,0,0,1,1,1,0,0,1,1,1,1,1,33,6,3,0,0,0,0,0,9,1,5
3,5,9,0,18,0,0,1,0,4,6,1,1,2,1,51,8,2198,2,6,1,2,6,266848,56589,50,6,2,2,584,3,38,3,70,0,4,6,0,0,0,1,6,2,0,0,2,1,1,1,1,33,6,3,0,0,0,0,0,9,1,5
3,2,9,0,18,0,8,0,0,0,0,2,1,6,1,23,5,1995,2,5,1,2,2,381360,396340,6,2,2,1,112,3,5063,3,30,7,2,3,56,0,5,1,1,1,0,0,1,1,2,2,2,25,5,3,0,0,2,0,0,9,1,1
3,1,21,0,18,0,0,0,0,0,0,0,1,1,1,38,7,12777,2,8,1,1,2,437309,97832,44,2,1,3,496,6,0,6,30,0,4,6,0,0,0,1,1,1,0,0,2,2,1,1,1,33,6,3,0,0,0,0,0,9,1,5
3,1,9,0,3,0,0,0,0,0,0,2,1,6,2,28,6,1984,1,2,1,1,4,437478,116738,44,4,1,6,501,1,27,3,70,0,4,6,0,0,0,6,1,1,0,0,2,1,1,1,1,33,6,3,0,0,0,0,0,9,1,5
3,2,9,0,4,0,1,0,0,0,0,2,1,2,2,51,8,2179,2,1,3,1,2,544126,111692,47,2,1,2,554,4,2192,6,40,3,4,6,0,0,0,1,1,1,0,0,2,1,1,1,2,51,8,3,0,0,0,0,0,9,3,8
3,2,9,0,18,0,8,0,0,0,0,1,1,6,2,77,11,1598,1,9,3,1,2,331455,115301,52,2,1,3,610,6,0,6,30,6,3,6,0,0,0,1,1,1,0,0,2,2,1,1,2,77,11,3,0,0,0,0,0,9,3,7
3,1,9,0,16,0,1,0,0,7,1,1,1,6,1,79,11,1598,1,8,2,1,1,228527,94031,50,1,1,5,596,4,3254,6,60,3,4,6,0,0,0,1,1,2,0,0,2,1,1,1,1,79,11,3,0,0,0,0,0,9,2,6
3,1,9,0,4,0,2,0,0,0,0,1,1,6,1,38,7,2143,2,1,1,1,2,410700,288740,20,2,1,5,300,4,4114,6,30,3,4,6,0,0,1,1,1,1,0,0,1,2,1,1,1,33,6,3,0,0,0,0,0,9,1,5
3,2,19,0,4,0,1,0,0,0,0,2,1,2,1,35,6,2143,2,1,1,4,3,521220,186180,1,3,4,4,28,3,406,3,40,5,4,6,0,0,0,1,1,1,0,0,1,1,3,2,1,33,6,3,0,0,0,0,0,19,1,4
3,4,9,0,3,0,0,0,0,0,0,2,1,6,1,48,8,1968,2,1,1,2,4,326721,112110,52,4,2,5,610,3,303,6,60,0,4,6,0,0,0,1,5,2,0,0,2,1,1,1,1,33,6,3,0,0,0,0,0,9,1,5
3,2,9,0,18,0,8,0,0,0,0,1,1,6,1,29,6,1598,1,8,1,1,2,530900,165990,1,2,1,5,20,3,23,6,30,3,4,6,0,0,0,1,1,1,0,0,1,1,1,1,1,33,6,3,0,0,0,0,0,9,1,5
3,1,9,0,18,0,0,0,0,0,0,1,1,6,1,33,6,1896,2,10,1,2,2,455804,218643,43,2,2,6,481,1,40,3,70,0,4,6,0,0,0,6,1,1,0,0,2,1,1,1,1,33,6,3,0,0,0,0,0,9,1,1
2,1,9,0,14,0,8,0,0,0,0,1,1,6,1,31,6,1995,2,10,1,1,2,512200,176100,1,2,1,7,25,3,3006,6,30,3,4,6,0,0,4,1,1,1,0,0,1,1,1,1,1,33,6,3,0,0,0,0,0,9,1,5
3,1,1,0,18,0,0,0,0,0,0,0,1,6,1,49,8,1598,1,8,1,1,1,411450,426355,13,1,1,1,202,3,6036,6,30,0,4,6,0,0,0,1,1,1,0,7,1,1,1,1,1,49,8,3,0,0,0,0,0,1,1,7
3,4,19,0,18,0,0,0,0,0,0,1,1,6,1,38,7,2402,2,8,1,1,4,501669,168354,45,4,1,6,514,1,25,3,30,0,4,6,0,0,0,1,4,1,0,0,1,2,1,1,1,33,6,3,0,0,0,0,0,9,1,5