accident_severity,vehicle_reference,vehicle_type,towing_and_articulation,vehicle_manoeuvre,vehicle_location-restricted_lane,junction_location,skidding_and_overturning,hit_object_in_carriageway,vehicle_leaving_carriageway,hit_object_off_carriageway,1st_point_of_impact,was_vehicle_left_hand_drive?,journey_purpose_of_driver,sex_of_driver,age_of_driver,age_band_of_driver,engine_capacity_(cc),propulsion_code,age_of_vehicle,driver_home_area_type,NUmber_of_Casualities_unique_to_accident_index,No_of_Vehicles_involved_unique_to_accident_index,location_easting_osgr,location_northing_osgr,police_force,number_of_vehicles,number_of_casualties,day_of_week,local_authority_(district),1st_road_class,1st_road_number,road_type,speed_limit,junction_detail,junction_control,2nd_road_class,2nd_road_number,pedestrian_crossing-human_control,pedestrian_crossing-physical_facilities,light_conditions,weather_conditions,road_surface_conditions,special_conditions_at_site,carriageway_hazards,urban_or_rural_area,did_police_officer_attend_scene_of_accident,casualty_reference,casualty_class,sex_of_casualty,age_of_casualty,age_band_of_casualty,casualty_severity,pedestrian_location,pedestrian_movement,car_passenger,bus_or_coach_passenger,pedestrian_road_maintenance_worker,casualty_type,casualty_home_area_type,casualty_imd_decile
3,2,9,0,4,0,1,0,0,0,0,2,1,5,2,31,6,1560,2,4,2,1,3,450558,276875,23,3,1,4,292,3,426,3,40,1,2,6,0,0,5,1,1,1,0,0,1,1,1,2,1,11,3,3,0,0,1,0,0,9,2,7
3,1,9,0,18,0,0,1,0,0,0,1,1,1,1,22,5,1991,2,9,1,1,5,503810,195000,41,5,1,4,436,1,25,3,70,0,4,6,0,0,0,1,1,1,0,0,2,1,1,1,1,33,6,3,0,0,0,0,0,9,1,5
2,1,11,0,4,0,1,0,0,0,0,0,1,1,1,41,7,6700,2,8,1,1,1,527040,171680,1,1,1,5,10,3,217,6,30,6,4,3,217,0,1,1,1,1,0,0,1,1,1,2,2,33,6,2,0,0,0,3,0,11,1,6
3,1,19,0,13,0,0,0,0,0,0,4,1,6,3,38,7,2402,2,7,1,1,2,552020,189560,1,2,1,3,15,3,118,6,30,0,4,6,0,0,0,1,1,1,0,0,1,2,1,1,1,33,6,3,0,0,0,0,0,9,1,5
3,1,4,0,18,2,8,0,0,0,0,4,1,6,1,21,5,1598,1,8,1,1,2,585186,264428,37,2,1,7,414,5,757,6,30,6,4,3,1302,0,0,4,1,1,0,0,1,1,1,1,1,21,5,3,0,0,0,0,0,4,1,9
3,2,1,0,14,0,8,0,0,0,0,1,1,2,2,31,6,1598,1,8,1,1,2,524580,175230,1,2,1,2,10,3,3209,6,30,3,4,6,0,0,0,1,1,2,0,0,1,1,1,1,2,31,6,3,0,0,0,0,0,1,1,5
3,1,3,0,18,0,8,0,0,0,0,1,1,6,1,22,5,125,1,5,1,1,2,496214,100520,47,2,1,4,558,3,259,6,30,3,4,6,0,0,0,1,1,1,0,0,1,1,1,1,1,22,5,3,0,0,0,0,0,3,1,5
3,2,9,0,9,9,8,0,0,0,0,4,1,2,2,31,6,1598,1,9,1,1,2,433970,334830,30,2,1,3,323,3,5250,6,30,8,4,6,0,0,0,1,1,1,0,0,1,1,1,1,1,33,6,3,0,0,0,0,0,9,1,5
3,1,19,0,4,0,0,0,0,0,0,2,1,2,1,50,8,1998,2,13,1,1,2,465472,104361,44,2,1,3,498,3,3,6,30,0,4,6,0,0,0,1,1,1,0,7,1,1,1,1,1,50,8,3,0,0,0,0,0,19,1,1
2,2,19,0,18,0,8,0,0,0,0,1,1,1,1,62,9,1598,1,8,1,1,2,400281,452496,12,2,1,4,180,3,65,6,60,3,4,3,6131,0,0,1,1,1,0,0,2,1,1,1,1,33,6,3,0,0,0,0,0,9,1,5
3,1,9,0,17,0,0,0,0,0,0,1,1,6,1,27,6,1998,1,22,1,1,1,391257,346920,21,1,1,3,257,6,0,6,30,0,4,6,0,0,8,1,1,2,0,0,1,2,1,3,1,85,11,3,1,3,0,0,2,0,1,1
3,1,9,0,9,0,1,0,0,0,0,3,1,6,1,46,8,1998,2,7,1,1,2,534510,187130,1,2,1,4,4,3,107,6,30,3,4,6,0,0,0,4,1,1,0,0,1,1,1,1,1,33,6,3,0,0,0,0,0,9,1,5
3,1,9,0,18,0,0,0,0,0,0,1,1,6,2,21,5,1124,1,11,1,1,2,354919,115935,52,2,1,3,610,6,0,6,30,0,4,6,0,0,0,1,1,1,0,0,1,1,1,1,1,33,6,3,0,0,0,0,0,9,1,5
3,1,9,0,18,0,0,1,4,0,0,1,1,6,1,22,5,1199,1,11,1,2,3,498248,371899,32,3,2,1,352,3,158,6,30,0,4,6,0,0,0,1,1,1,0,0,1,1,1,1,1,33,6,3,0,0,0,0,0,9,1,5
3,1,17,0,18,0,0,5,0,1,0,4,1,6,1,21,5,1598,2,6,3,1,1,406110,371120,30,1,1,1,325,5,68,6,60,0,4,6,0,0,0,4,1,1,0,0,1,1,1,1,1,21,5,3,0,0,0,0,0,17,3,5
3,2,9,0,3,0,1,0,0,0,0,2,1,6,2,49,8,1598,1,12,2,2,2,471772,173253,43,2,2,4,472,3,329,6,30,6,2,6,7201,0,5,1,1,1,3,0,1,2,2,2,2,45,7,3,0,0,1,0,0,9,2,9
3,2,9,0,9,0,5,0,0,7,0,3,1,6,2,38,7,1995,2,1,1,1,2,453867,482200,12,2,1,7,185,3,170,6,60,8,4,6,0,0,0,1,1,1,0,0,2,1,1,1,2,38,7,3,0,0,0,0,0,9,1,5
3,1,9,0,18,0,7,0,0,0,0,4,1,6,1,42,7,1598,1,15,1,1,2,591377,223446,42,2,1,5,455,3,12,3,70,5,4,3,12,0,0,1,1,2,0,0,2,1,1,1,1,33,6,3,0,0,0,0,0,9,1,5
3,1,9,0,18,0,2,0,0,0,0,1,1,6,1,38,7,1598,1,8,1,1,1,530970,191790,1,1,1,4,32,3,105,6,30,3,4,6,0,0,1,4,1,1,0,0,1,1,1,3,2,18,4,3,1,1,0,0,2,0,1,5
3,1,9,0,3,0,1,0,0,0,0,2,1,1,1,53,8,1995,2,2,1,1,3,384061,169899,54,3,1,2,635,3,4,6,50,3,4,5,186,0,0,1,2,2,0,0,1,1,1,1,1,33,6,3,0,0,0,0,0,9,1,5
3,2,9,0,4,0,2,0,0,0,0,1,1,6,2,71,10,1598,1,9,1,1,2,520600,189840,1,2,1,2,30,3,5,6,30,3,4,6,0,0,0,1,1,1,0,0,1,1,1,1,1,33,6,3,0,0,0,0,0,9,1,5
3,1,9,0,18,0,0,0,0,0,0,1,1,6,2,43,7,3246,1,12,1,2,2,597900,171390,46,2,2,7,540,4,2231,6,60,0,4,6,0,0,0,1,1,1,0,0,2,2,1,1,1,33,6,3,0,0,0,0,0,9,1,5
3,2,9,0,10,0,1,0,0,7,11,2,1,1,1,56,9,1598,1,8,2,1,2,421581,542956,11,2,1,6,169,4,6302,6,40,3,4,6,0,0,0,1,1,1,0,0,2,1,1,1,1,56,9,3,0,0,0,0,0,9,2,7
3,1,9,0,4,0,8,0,0,0,0,2,1,6,1,30,6,1995,1,4,1,1,2,547530,174360,1,2,1,2,18,3,2,7,30,5,4,6,0,0,0,1,1,1,0,0,1,2,1,1,1,30,6,3,0,0,0,0,0,9,1,9
3,3,9,0,3,0,0,0,0,0,0,2,1,1,1,36,7,1598,1,8,1,5,3,425834,300237,23,3,5,2,291,3,5,3,50,0,4,6,0,0,0,1,1,1,4,0,2,1,2,1,1,36,7,3,0,0,0,0,0,9,1,5
3,1,9,0,18,0,1,0,0,0,0,1,1,1,1,33,6,2143,2,4,1,1,1,453885,398752,14,1,1,5,211,4,6376,6,30,3,4,6,0,0,0,1,1,1,0,0,1,1,1,3,1,12,3,3,5,2,0,0,0,0,1,3
3,1,9,0,18,0,0,2,0,1,0,1,1,6,2,20,4,1149,1,12,2,1,1,494933,147330,45,1,1,1,511,3,3,3,70,0,4,6,0,0,0,6,1,1,0,0,2,1,1,1,2,20,4,3,0,0,0,0,0,9,2,10
3,2,9,0,9,0,1,0,0,0,0,2,1,6,2,50,8,1896,2,12,1,2,2,282330,72019,50,2,2,3,585,3,383,6,60,9,4,6,0,0,0,1,1,1,0,0,2,1,1,1,2,50,8,3,0,0,0,0,0,9,1,3
2,1,9,0,9,0,1,0,0,0,0,1,1,6,1,40,7,1999,1,8,1,5,2,327030,675220,95,2,5,4,923,5,0,6,30,6,4,6,0,0,0,1,1,1,0,0,1,1,3,2,2,74,10,2,0,0,1,0,0,9,1,5
3,1,9,0,10,0,0,0,0,0,0,1,1,6,1,73,10,1229,1,5,1,1,2,263828,655446,97,2,1,6,938,6,0,6,30,0,4,6,0,0,0,1,1,1,0,0,1,1,1,1,1,33,6,3,0,0,0,0,0,9,1,5
3,2,9,0,18,0,1,0,0,0,0,1,1,1,2,39,7,1870,2,8,3,1,2,183926,61839,50,2,1,6,596,3,3058,6,30,3,4,3,3059,0,0,4,2,2,0,0,1,1,1,1,1,33,6,3,0,0,0,0,0,9,1,5
3,2,9,0,3,0,0,0,0,0,0,1,1,6,2,20,4,998,1,6,2,1,2,341890,407580,4,2,1,2,84,3,570,6,40,0,4,6,0,0,0,1,1,1,4,0,1,1,1,1,1,33,6,3,0,0,0,0,0,9,1,5
3,3,9,0,5,0,0,0,0,0,0,2,1,1,1,38,7,1598,1,8,1,1,3,574071,209031,42,3,1,6,454,3,12,3,70,0,4,6,0,0,0,6,1,1,0,0,1,1,1,1,1,33,6,3,0,0,0,0,0,9,1,5
3,1,9,0,18,0,2,0,10,0,0,4,1,1,1,49,8,1582,2,1,1,1,1,560524,98585,47,1,1,7,551,6,0,6,30,6,4,6,0,0,0,1,1,1,0,0,1,2,1,2,2,49,8,3,0,0,1,0,0,9,1,5
3,1,11,0,18,0,8,0,0,0,0,4,1,1,1,53,8,6700,2,6,1,1,2,372834,164482,52,2,1,4,611,6,0,6,30,3,4,6,0,0,0,4,1,1,0,0,1,1,1,1,1,33,6,3,0,0,0,0,0,9,1,5
3,2,1,0,9,0,8,0,0,0,0,4,1,6,1,15,3,1598,1,8,1,1,2,356280,420250,4,2,1,3,73,6,0,1,40,1,4,6,0,0,0,1,1,1,0,0,2,1,1,1,1,15,3,3,0,0,0,0,0,1,1,6
3,1,9,0,11,0,0,0,0,4,0,1,1,6,2,70,10,5000,1,2,1,3,2,538327,225413,41,2,3,6,432,3,10,3,70,0,4,6,0,0,0,1,1,1,0,0,2,1,1,1,2,70,10,3,0,0,0,0,0,9,1,6
3,1,9,0,18,0,1,0,0,0,0,1,1,6,1,26,6,1390,1,3,1,3,3,329056,670145,95,3,3,1,923,3,7,6,40,9,2,6,0,0,0,1,5,2,0,0,1,1,1,2,2,64,9,3,0,0,1,0,0,9,1,5
2,5,1,0,18,0,0,0,0,0,0,0,1,6,1,47,8,1598,1,8,1,2,7,507651,166668,45,7,2,4,40,6,6283,6,30,0,4,6,0,0,0,1,1,1,0,0,2,1,1,1,1,33,6,3,0,0,0,0,0,9,1,5
3,2,3,0,18,0,1,1,0,0,0,1,1,6,1,17,4,124,1,2,1,1,2,407093,91451,55,2,1,4,640,6,0,6,30,6,4,5,320,0,5,4,2,2,0,0,1,1,1,1,1,17,4,3,0,0,0,0,0,3,1,5
3,1,2,0,18,0,8,0,0,0,0,1,1,6,1,27,6,125,1,8,1,1,2,514245,431888,16,2,1,3,228,6,0,6,30,3,4,6,0,0,0,1,1,1,0,0,1,1,1,1,1,27,6,3,0,0,0,0,0,2,1,1
3,2,9,0,2,0,1,0,0,0,0,3,1,6,2,70,10,1248,1,1,1,1,2,436360,280544,20,2,1,3,302,6,0,6,30,6,2,6,0,0,0,1,1,2,0,0,1,1,1,1,2,70,10,3,0,0,0,0,0,9,1,6
3,2,3,0,18,0,1,2,0,0,0,1,1,2,1,27,6,124,1,2,1,1,2,296083,92651,50,2,1,4,581,3,3015,6,30,8,4,6,0,0,0,1,1,2,0,0,2,1,1,1,1,27,6,3,0,0,0,0,0,3,1,3
3,2,3,0,18,0,8,0,0,0,0,1,1,6,1,24,5,636,1,8,1,2,2,513600,189520,1,2,2,6,29,5,0,6,30,3,4,6,0,0,0,1,1,1,0,0,1,1,1,1,1,24,5,3,0,0,0,0,0,3,1,5
3,1,90,0,18,9,1,0,0,0,0,3,1,6,1,65,9,1598,1,8,1,1,2,361628,173533,52,2,1,3,601,3,420,9,20,3,2,6,0,0,5,1,1,1,0,0,1,1,1,1,1,65,9,3,0,0,0,0,0,90,1,3
3,2,9,0,9,0,8,0,0,0,0,0,1,6,3,38,7,1598,1,8,1,1,2,422602,99547,44,2,1,6,496,3,35,6,60,3,4,4,3058,0,0,4,1,2,0,0,2,1,1,1,1,33,6,3,0,0,0,0,0,9,1,5
3,2,9,0,9,0,6,0,0,0,0,3,1,6,2,63,9,2497,2,3,1,1,2,496635,158721,45,2,1,6,518,5,12,6,30,8,4,6,0,0,0,1,1,1,0,0,1,1,1,1,1,33,6,3,0,0,0,0,0,9,1,5
3,1,9,0,18,0,8,0,0,0,0,4,1,6,1,59,9,1998,1,11,1,1,2,444815,102883,44,2,1,4,496,6,0,6,30,3,4,6,0,0,0,1,1,1,0,0,2,1,1,1,1,33,6,3,0,0,0,0,0,9,1,5
3,2,1,0,18,4,1,0,0,0,0,1,1,6,1,29,6,1598,1,8,1,1,2,414113,93721,55,2,1,4,641,3,35,6,30,8,4,6,0,0,0,1,1,1,0,0,1,2,1,1,1,29,6,3,0,0,0,0,0,1,1,5
3,2,9,0,4,0,3,0,0,0,0,2,1,6,2,65,9,1896,2,12,3,1,2,351110,529100,3,2,1,3,64,3,592,6,60,1,4,6,0,0,0,1,1,2,4,2,1,1,1,1,2,65,9,3,0,0,0,0,0,9,3,7
2,1,9,0,16,0,0,5,0,7,4,1,1,6,1,63,9,1388,1,7,1,1,1,340252,93880,55,1,1,6,645,3,35,6,40,0,4,6,0,0,0,1,1,1,0,0,2,1,1,1,1,63,9,2,0,0,0,0,0,9,1,2
3,1,9,0,9,0,8,0,0,0,0,1,1,2,2,59,9,998,1,6,1,1,2,524030,169480,1,2,1,3,22,3,238,6,30,7,4,5,0,0,4,1,1,1,0,0,1,1,1,1,1,33,6,3,0,0,0,0,0,9,1,5
3,1,9,0,18,0,0,1,0,0,0,1,1,2,1,22,5,1686,2,16,1,1,2,430944,569969,10,2,1,5,148,3,19,3,70,0,4,6,0,0,0,1,1,1,0,0,2,1,1,1,1,33,6,3,0,0,0,0,0,9,1,5
3,1,9,0,18,0,0,0,0,0,0,4,1,1,1,52,8,1995,2,1,1,1,2,536426,148735,45,2,1,4,516,3,22,6,30,0,4,6,0,0,0,1,1,1,0,0,2,1,1,1,1,33,6,3,0,0,0,0,0,9,1,5
3,2,9,0,7,0,6,0,0,0,0,0,1,6,1,66,10,1200,1,1,3,2,2,423890,374860,30,2,2,7,329,3,625,6,30,8,4,6,0,0,5,1,1,1,0,0,2,2,1,1,1,33,6,3,0,0,0,0,0,9,1,5
3,2,9,0,3,0,1,0,0,0,0,2,1,2,2,46,8,1390,1,12,1,1,2,430083,566108,10,2,1,3,148,3,187,6,40,6,2,3,186,0,0,4,4,2,0,0,1,2,1,1,2,46,8,3,0,0,0,0,0,9,1,3
3,2,9,0,3,0,0,0,0,0,0,2,1,1,1,45,7,1598,1,8,1,1,3,447516,164551,43,3,1,3,471,3,339,6,50,0,4,6,0,0,0,1,1,1,0,0,2,1,1,1,1,45,7,3,0,0,0,0,0,9,1,10
3,1,9,0,17,0,0,5,0,1,9,1,1,6,1,49,8,1796,1,14,3,2,2,565147,309439,36,2,2,6,407,5,53,6,60,0,4,6,0,0,0,1,1,1,0,0,2,1,2,2,2,14,3,3,0,0,1,0,0,9,3,6
3,2,9,0,17,0,8,0,0,0,0,4,1,6,1,22,5,1590,1,13,1,1,2,534780,182370,1,2,1,4,5,4,135,6,30,6,4,6,0,0,0,1,2,2,4,0,1,1,1,1,1,22,5,3,0,0,0,0,0,9,1,2
3,2,9,0,4,0,0,0,0,0,0,2,1,6,1,40,7,1753,2,12,1,1,2,482504,162323,43,2,1,1,470,3,321,6,40,0,4,6,0,0,0,1,1,1,0,0,1,1,1,1,1,40,7,3,0,0,0,0,0,9,1,7
2,4,19,0,2,6,0,0,0,0,0,3,1,1,1,41,7,2198,2,2,1,1,4,447834,386179,14,4,1,7,213,1,1,3,70,0,4,6,0,0,0,1,1,1,2,0,2,1,1,3,1,41,7,2,9,9,0,0,0,0,1,2
3,1,9,0,18,0,0,0,0,1,11,1,1,6,1,17,4,1598,1,8,1,4,1,264258,339540,60,1,4,7,722,3,487,6,60,0,4,6,0,0,0,1,1,1,0,0,2,1,4,2,1,17,4,3,0,0,1,0,0,9,1,5
3,2,9,0,16,0,0,0,0,0,0,3,1,1,2,30,6,1582,2,8,1,1,2,350320,465460,4,2,1,7,76,6,0,6,60,0,4,6,0,0,0,1,2,2,7,0,2,1,1,1,2,30,6,3,0,0,0,0,0,9,1,2
3,1,9,0,4,0,1,0,0,0,0,1,1,6,2,90,11,998,1,2,1,1,2,256436,664854,97,2,1,6,926,6,0,3,30,3,2,6,0,0,4,1,1,2,0,0,1,1,1,1,1,33,6,3,0,0,0,0,0,9,1,5
3,2,9,0,3,0,1,0,0,0,0,2,1,6,2,28,6,1796,1,13,1,1,2,556742,364565,32,2,1,7,351,3,52,6,30,3,4,6,0,0,0,1,1,2,0,0,1,1,1,1,2,28,6,3,0,0,0,0,0,9,1,2
3,1,9,0,9,0,1,0,0,0,0,3,1,6,2,39,7,1390,1,14,1,1,2,533630,190330,1,2,1,3,31,3,10,6,30,3,4,6,0,0,0,1,9,1,0,0,1,1,1,1,1,33,6,3,0,0,0,0,0,9,1,5
3,2,9,0,18,0,1,0,0,0,0,1,1,6,1,38,7,1560,2,4,1,2,2,438700,370550,30,2,2,1,322,3,61,1,30,1,2,3,61,0,0,1,1,1,0,0,1,2,1,1,1,33,6,3,0,0,0,0,0,9,1,1
3,4,19,0,18,0,1,0,0,0,0,1,1,6,1,19,4,2148,2,10,1,1,4,517940,192700,1,4,1,2,29,3,410,6,30,5,4,6,0,0,0,1,1,1,0,0,1,1,1,1,1,33,6,3,0,0,0,0,0,9,1,5
3,1,9,0,18,0,1,0,0,0,0,0,1,6,1,65,9,1598,1,8,1,1,1,319366,177866,62,1,1,5,741,3,469,6,30,6,4,6,0,0,4,1,1,1,0,0,1,1,1,3,2,40,7,3,6,9,0,0,0,0,1,5
3,1,9,0,9,0,8,0,0,0,0,1,1,6,1,50,8,2360,1,8,1,1,1,351526,175517,52,1,1,4,605,6,0,6,30,3,4,6,0,0,0,4,1,1,0,0,1,1,1,3,1,73,10,3,5,9,0,0,0,0,1,10
3,1,9,0,18,0,0,0,0,0,0,4,1,6,2,77,11,1149,1,5,1,1,2,223108,643139,97,2,1,1,931,6,0,6,30,0,4,6,0,0,0,4,1,1,0,0,1,2,1,1,2,77,11,3,0,0,0,0,0,9,1,5
1,1,4,0,12,0,0,1,10,0,0,1,1,6,1,53,8,883,1,8,1,1,3,523243,215321,41,3,1,3,438,2,1,3,70,0,4,6,0,0,0,6,1,2,0,0,2,1,1,1,1,53,8,1,0,0,0,0,0,4,1,2
3,2,9,0,18,0,2,0,0,0,0,2,1,6,1,61,9,1560,2,2,1,1,2,527155,105193,47,2,1,4,565,6,0,6,20,3,4,6,0,0,0,1,1,1,3,0,1,1,1,2,2,55,8,3,0,0,1,0,0,9,1,3
3,1,1,0,18,0,8,0,0,0,0,4,1,2,1,27,6,1598,1,8,1,1,2,532440,180970,48,2,1,5,570,5,0,6,20,3,2,5,0,0,4,1,1,1,0,0,1,2,1,1,1,27,6,3,0,0,0,0,0,1,1,6
2,1,5,0,13,0,8,0,0,0,0,1,1,6,1,44,7,999,1,6,1,1,2,393917,324214,21,2,1,3,255,3,513,6,50,3,4,6,0,0,0,1,1,1,0,0,2,2,1,1,1,44,7,2,0,0,0,0,0,5,1,7
3,3,9,0,18,0,0,0,0,7,9,1,1,6,1,77,11,1798,1,9,1,3,3,458586,471728,12,3,3,1,181,4,1363,6,60,0,4,6,0,0,0,1,1,1,0,0,2,1,3,2,2,69,10,3,0,0,1,0,0,9,1,7
3,1,4,0,18,0,8,0,0,0,0,3,1,6,2,32,6,108,1,4,1,1,2,525760,182240,1,2,1,2,1,5,0,6,30,6,4,6,0,0,0,4,1,1,0,0,1,1,1,1,2,32,6,3,0,0,0,0,0,4,1,3
3,2,9,0,4,0,0,0,0,0,0,2,1,6,1,53,8,1598,1,8,1,3,3,309317,179154,62,3,3,6,741,3,4232,3,40,0,4,6,0,0,0,1,1,1,0,0,2,1,5,2,2,61,9,3,0,0,2,0,0,9,1,5
3,1,1,0,18,0,8,0,0,0,0,1,1,6,1,47,8,1598,1,8,1,1,2,532420,171020,1,2,1,4,9,3,214,6,30,3,4,4,232,0,0,1,1,1,0,0,1,1,1,1,1,47,8,3,0,0,0,0,0,1,1,5
3,1,9,0,17,0,8,0,9,0,0,4,1,6,1,28,6,1296,1,16,1,2,2,521520,184790,1,2,2,2,28,3,407,1,30,1,4,4,453,0,0,7,1,1,0,0,1,1,1,1,1,28,6,3,0,0,0,0,0,9,1,1
3,1,9,0,11,0,0,0,0,0,0,1,1,6,1,56,9,1781,1,12,1,1,2,479637,428759,16,2,1,1,231,1,62,3,70,0,4,6,0,0,0,1,1,2,0,0,2,1,1,1,1,33,6,3,0,0,0,0,0,9,1,5
3,1,9,0,18,0,1,0,0,3,10,1,1,6,2,35,6,1560,2,7,1,4,2,426089,411734,13,2,4,3,203,6,0,6,60,3,4,3,636,0,0,6,1,2,0,0,2,1,1,1,2,35,6,3,0,0,0,0,0,9,1,3
3,1,9,0,18,0,0,1,12,7,0,1,1,2,2,34,6,1598,1,11,2,1,1,603104,296355,36,1,1,1,400,4,1077,6,60,0,4,6,0,0,0,1,7,2,0,0,2,1,1,1,2,34,6,3,0,0,0,0,0,9,2,8
3,3,9,0,8,0,1,0,0,0,0,1,1,6,2,26,6,995,1,9,1,1,3,488774,412151,16,3,1,3,232,6,0,6,30,6,4,6,0,0,0,1,1,1,0,0,1,1,1,1,1,33,6,3,0,0,0,0,0,9,1,5
2,2,4,0,16,0,1,1,0,0,0,3,1,6,1,23,5,600,1,17,1,1,2,261931,658552,97,2,1,4,938,4,759,6,40,3,4,6,0,0,0,1,1,1,0,0,2,1,1,1,1,23,5,2,0,0,0,0,0,4,1,5
2,1,9,0,6,0,0,0,0,0,0,3,1,1,2,20,4,2993,2,1,1,1,2,460539,447968,12,2,1,6,189,4,1222,6,30,0,4,6,0,0,0,1,1,1,0,0,2,1,1,1,1,33,6,3,0,0,0,0,0,9,1,5
3,1,9,0,17,0,8,0,0,0,0,1,1,6,2,34,6,1299,1,11,1,1,2,465460,104237,44,2,1,4,498,3,3,6,30,3,4,3,2047,0,0,4,4,1,0,0,1,1,1,1,2,34,6,3,0,0,0,0,0,9,1,4
3,2,9,0,2,0,8,0,0,0,0,3,1,6,1,35,6,1798,1,7,1,1,2,527390,177160,1,2,1,3,10,5,0,6,30,3,4,6,0,0,0,1,1,1,0,0,1,1,1,1,1,33,6,3,0,0,0,0,0,9,1,5
2,1,9,0,18,0,0,0,0,2,0,3,1,6,2,18,4,1242,1,5,3,4,3,338539,363316,7,3,4,2,130,6,0,6,60,0,4,6,0,0,0,1,1,2,0,0,2,1,1,1,2,18,4,2,0,0,0,0,0,9,3,7
3,1,9,0,18,0,0,0,0,0,0,1,1,6,3,38,7,1598,1,8,1,1,1,271269,331776,60,1,1,6,722,6,0,6,60,0,4,6,0,0,0,4,9,1,0,0,2,2,1,3,1,41,7,3,9,8,0,0,0,0,1,5
3,1,8,0,17,0,8,0,0,0,0,3,1,1,1,58,9,2402,2,12,1,1,2,527780,175540,1,2,1,4,10,3,3220,6,30,6,2,3,3036,0,5,1,1,1,0,0,1,1,1,1,1,33,6,3,0,0,0,0,0,9,1,5
3,2,9,0,18,0,1,0,0,0,0,1,1,6,1,21,5,1400,1,16,1,2,2,516900,185300,1,2,2,6,28,3,404,6,30,3,4,6,0,0,0,4,1,1,0,0,1,1,1,1,1,33,6,3,0,0,0,0,0,9,1,5
3,1,8,0,18,9,6,0,0,0,0,1,1,6,1,46,8,1598,1,8,1,1,1,494616,367978,32,1,1,3,352,4,1190,6,30,8,4,6,0,0,0,1,2,2,0,0,1,2,1,3,1,74,10,3,6,9,0,0,0,0,1,10
3,2,9,0,3,0,2,0,0,0,0,3,1,6,2,49,8,1395,1,8,3,1,3,384170,254520,22,3,1,7,276,3,44,6,30,3,4,6,0,0,5,1,1,1,0,0,1,1,1,1,1,33,6,3,0,0,0,0,0,9,1,5
3,2,9,0,4,0,0,0,0,0,0,3,1,6,2,41,7,1598,1,8,3,1,2,639333,310037,36,2,1,3,401,6,0,6,30,0,4,6,0,0,0,1,1,1,0,0,2,2,1,1,2,41,7,3,0,0,0,0,0,9,3,6
3,2,8,0,9,0,8,0,0,0,0,1,1,1,1,52,8,1997,2,1,1,3,2,452678,273630,23,2,3,5,292,3,428,1,30,2,4,4,4229,0,0,1,1,1,0,0,1,1,3,2,1,24,5,3,0,0,2,0,0,8,1,5
3,2,9,0,17,0,0,0,0,0,0,3,1,6,2,43,7,1598,2,2,3,4,2,467030,358404,31,2,4,6,345,3,617,6,60,0,4,6,0,0,0,1,1,1,0,0,2,1,2,1,2,43,7,3,0,0,0,0,0,9,3,5
3,1,19,0,11,0,0,1,0,0,0,1,1,1,1,41,7,2143,2,1,1,2,4,399420,289250,20,4,2,3,305,1,5,3,30,0,4,6,0,0,0,1,1,1,0,0,1,1,1,1,1,33,6,3,0,0,0,0,0,9,1,5
3,1,9,0,1,0,0,0,0,0,0,4,1,6,1,81,11,1591,1,8,1,1,1,360020,224250,22,1,1,3,285,4,4234,6,30,0,4,6,0,0,0,1,1,1,0,0,1,1,1,3,2,81,11,3,6,9,0,0,0,0,1,8
2,1,9,0,13,0,0,0,10,0,0,3,1,6,1,18,4,1584,1,7,1,6,2,281492,689829,96,2,6,6,939,3,9,6,30,0,4,6,0,0,0,1,1,2,0,0,1,1,3,2,2,27,6,2,0,0,2,0,0,9,1,5
3,2,9,0,5,0,0,0,0,0,0,3,1,6,1,66,10,1598,1,8,1,1,2,586868,185875,42,2,1,7,460,6,0,6,30,0,4,6,0,0,0,1,1,1,0,0,1,2,1,1,1,66,10,3,0,0,0,0,0,9,1,8
3,1,9,0,18,0,1,2,0,0,0,1,1,6,3,38,7,1598,1,8,1,1,1,488329,182823,43,1,1,1,474,4,4447,6,30,3,4,4,4447,0,0,1,1,1,0,0,1,2,1,3,1,34,6,3,9,8,0,0,0,0,1,6
3,1,9,0,9,0,6,0,0,0,0,1,1,6,2,85,11,1870,2,11,3,1,2,565231,322515,36,2,1,5,407,3,148,6,40,3,4,6,0,0,0,1,1,1,0,0,2,1,1,1,1,33,6,3,0,0,0,0,0,9,1,5
3,1,9,0,18,0,8,0,0,0,0,1,1,6,2,36,7,2035,1,7,1,1,2,532270,166880,1,2,1,7,20,3,213,6,30,3,4,6,0,0,0,1,2,2,0,0,1,1,1,1,2,36,7,3,0,0,0,0,0,9,1,9
3,2,9,0,3,0,1,0,0,0,0,2,1,6,2,74,10,1299,1,11,3,1,2,387608,145036,54,2,1,3,635,4,3414,6,30,2,4,6,0,0,0,1,1,1,0,0,1,1,1,2,2,68,10,3,0,0,1,0,0,9,1,5
3,1,20,0,3,0,1,0,0,0,0,2,1,1,1,42,7,12777,2,8,1,2,3,535387,141753,45,3,2,5,516,4,2028,6,50,3,4,6,0,0,0,1,1,1,0,0,2,1,1,1,1,33,6,3,0,0,0,0,0,9,1,5
3,2,9,0,18,0,8,0,0,0,0,1,1,6,1,27,6,1395,1,8,1,1,2,526240,181260,1,2,1,7,1,5,0,6,30,6,4,6,0,0,0,1,1,1,0,0,1,1,1,1,1,27,6,3,0,0,0,0,0,9,1,2