accident_severity,vehicle_reference,vehicle_type,towing_and_articulation,vehicle_manoeuvre,vehicle_location-restricted_lane,junction_location,skidding_and_overturning,hit_object_in_carriageway,vehicle_leaving_carriageway,hit_object_off_carriageway,1st_point_of_impact,was_vehicle_left_hand_drive?,journey_purpose_of_driver,sex_of_driver,age_of_driver,age_band_of_driver,engine_capacity_(cc),propulsion_code,age_of_vehicle,driver_home_area_type,NUmber_of_Casualities_unique_to_accident_index,No_of_Vehicles_involved_unique_to_accident_index,location_easting_osgr,location_northing_osgr,police_force,number_of_vehicles,number_of_casualties,day_of_week,local_authority_(district),1st_road_class,1st_road_number,road_type,speed_limit,junction_detail,junction_control,2nd_road_class,2nd_road_number,pedestrian_crossing-human_control,pedestrian_crossing-physical_facilities,light_conditions,weather_conditions,road_surface_conditions,special_conditions_at_site,carriageway_hazards,urban_or_rural_area,did_police_officer_attend_scene_of_accident,casualty_reference,casualty_class,sex_of_casualty,age_of_casualty,age_band_of_casualty,casualty_severity,pedestrian_location,pedestrian_movement,car_passenger,bus_or_coach_passenger,pedestrian_road_maintenance_worker,casualty_type,casualty_home_area_type,casualty_imd_decile
3,1,9,0,5,0,8,0,0,0,0,1,1,6,2,38,7,1598,2,2,1,1,1,590340,163550,46,1,1,6,540,5,397,1,30,2,4,6,0,0,0,1,1,1,0,0,1,1,1,3,1,74,10,3,5,9,0,0,0,0,2,6
3,3,9,0,5,0,4,0,0,0,0,0,1,1,2,35,6,1560,2,1,1,3,3,552630,167620,46,3,3,1,538,3,20,1,60,1,2,4,2173,0,5,1,2,2,0,0,2,1,1,1,1,33,6,3,0,0,0,0,0,9,1,5
3,1,9,0,18,0,0,0,0,0,0,1,1,6,2,41,7,1896,2,8,1,1,1,458606,101719,44,1,1,5,493,4,3334,6,30,0,4,6,0,0,4,1,1,1,0,0,1,2,1,3,2,12,3,3,1,1,0,0,0,0,1,1
3,2,9,0,18,0,1,0,0,0,0,3,1,6,1,49,8,1396,1,18,3,1,2,610569,231858,42,2,1,2,461,4,1352,6,30,3,4,6,0,0,0,1,5,2,0,0,2,2,1,2,1,8,2,3,0,0,2,0,0,9,3,7
3,1,9,0,18,0,0,0,0,0,0,1,1,6,2,36,7,1968,2,8,1,1,1,430892,564467,10,1,1,7,149,4,1297,6,30,0,4,6,0,0,4,4,1,2,0,0,1,1,1,3,2,16,4,3,5,1,0,0,0,0,1,4
2,2,3,0,9,0,8,0,0,0,0,1,1,6,1,24,5,125,1,8,1,1,2,392809,322450,21,2,1,4,255,6,0,1,30,1,4,6,0,0,0,1,1,1,0,0,1,1,1,1,1,24,5,2,0,0,0,0,0,3,1,2
3,1,9,0,18,0,0,1,0,0,0,1,1,6,2,24,5,1197,1,1,1,4,5,526226,129196,47,5,4,7,563,3,23,3,70,0,4,6,0,0,0,4,1,1,0,0,2,1,1,1,1,33,6,3,0,0,0,0,0,9,1,5
3,1,9,0,18,0,2,0,0,0,0,4,1,6,1,69,10,1149,1,10,1,1,1,443385,382136,14,1,1,2,215,5,793,6,40,6,4,6,0,0,0,1,1,1,0,0,1,2,1,3,2,12,3,3,5,1,0,0,0,0,1,4
3,1,9,0,18,0,0,0,0,0,0,1,1,6,2,38,7,1598,1,8,1,1,2,581511,315862,36,2,1,2,407,5,66,6,60,0,4,6,0,0,0,1,1,1,0,0,2,2,1,1,1,33,6,3,0,0,0,0,0,9,1,5
3,2,1,0,18,0,1,0,0,0,0,1,1,6,1,5,1,1598,1,8,1,1,2,505222,225250,40,2,1,1,421,6,0,6,30,3,4,6,0,0,0,1,1,1,0,0,1,1,1,1,1,5,1,3,0,0,0,0,0,1,1,4
2,1,5,0,13,0,8,0,10,7,0,4,1,6,1,51,8,900,1,15,1,1,2,282783,680188,96,2,1,4,924,6,0,6,30,8,4,6,0,0,0,1,1,2,0,0,1,1,1,1,1,51,8,2,0,0,0,0,0,5,1,5
2,1,19,0,1,0,8,0,0,0,0,2,1,1,1,52,8,2143,2,1,1,2,1,380570,410550,6,1,2,3,101,6,0,6,30,3,4,6,0,0,0,1,1,2,0,0,1,1,1,3,2,83,11,2,8,9,0,0,0,0,1,1
3,1,9,0,12,0,0,0,0,0,0,4,1,6,1,28,6,1598,1,5,1,2,2,546160,191970,1,2,2,4,14,5,0,6,30,0,4,6,0,0,0,1,1,1,0,0,1,1,1,1,1,28,6,3,0,0,0,0,0,9,1,3
3,3,9,0,3,0,8,0,0,0,0,2,1,6,3,38,7,1598,1,8,1,1,3,251693,56646,50,3,1,2,583,6,0,1,40,1,2,6,0,0,0,1,1,1,0,0,2,2,1,1,1,33,6,3,0,0,0,0,0,9,1,5
3,1,9,0,18,0,1,0,0,0,0,1,1,1,1,24,5,1598,1,8,1,1,2,548730,264720,35,2,1,5,395,3,10,6,60,8,4,6,0,0,0,1,1,1,0,0,2,1,1,1,1,33,6,3,0,0,0,0,0,9,1,5
3,1,9,0,9,0,6,0,0,0,0,4,1,6,2,85,11,1086,1,9,1,1,2,561040,168800,46,2,1,4,532,4,260,6,30,3,4,6,0,0,0,1,1,1,0,0,2,1,1,1,1,33,6,3,0,0,0,0,0,9,1,5
3,2,19,0,18,0,1,0,0,0,0,1,1,1,1,38,7,2198,2,8,1,1,2,547400,201060,42,2,1,6,456,6,0,6,30,3,4,6,0,0,0,1,1,1,0,0,2,1,1,1,1,33,6,3,0,0,0,0,0,9,1,5
3,2,9,0,10,0,1,0,0,0,0,2,1,6,1,25,5,1360,1,14,2,2,3,576600,135460,46,3,2,5,543,3,229,6,40,3,3,6,0,0,0,1,1,1,0,0,2,1,1,1,1,25,5,3,0,0,0,0,0,9,2,6
3,1,1,0,18,0,2,0,0,0,0,1,1,6,1,38,7,1598,1,8,1,1,2,534960,182900,1,2,1,5,5,3,107,6,30,3,4,6,0,0,1,4,1,2,0,0,1,1,1,1,1,38,7,3,0,0,0,0,0,1,1,4
3,3,9,0,2,0,8,0,0,0,0,0,1,6,3,38,7,1598,1,8,1,1,3,562299,100405,47,3,1,3,551,3,259,6,30,3,4,6,0,0,0,4,1,1,0,0,1,1,1,1,1,33,6,3,0,0,0,0,0,9,1,5
3,1,9,0,11,0,0,0,0,1,0,1,1,1,2,33,6,1598,1,8,1,1,1,527840,169300,1,1,1,1,22,3,217,6,30,0,4,6,0,0,4,1,1,1,0,0,1,1,1,3,1,33,6,3,6,9,0,0,2,0,1,5
3,1,9,0,7,0,1,0,0,0,0,1,1,6,1,24,5,2521,1,8,1,1,2,446152,400189,14,2,1,1,211,3,6023,6,30,3,4,6,0,0,0,1,2,2,0,0,1,1,1,1,1,33,6,3,0,0,0,0,0,9,1,5
3,2,9,0,5,0,1,0,0,0,0,4,1,6,1,39,7,1910,2,8,1,1,2,531890,190620,1,2,1,1,31,3,109,6,30,8,4,6,0,0,0,4,2,2,0,0,1,1,1,1,1,33,6,3,0,0,0,0,0,9,1,5
3,2,9,0,18,0,1,0,0,0,0,1,1,1,1,63,9,1896,2,8,1,3,2,409639,93037,55,2,3,5,640,5,321,6,30,6,2,3,3049,2,5,4,1,1,0,0,1,1,3,2,2,41,7,3,0,0,2,0,0,9,1,5
2,1,3,0,18,0,8,0,0,0,0,1,1,6,1,18,4,124,1,4,1,1,2,467661,110029,44,2,1,3,495,4,2150,3,30,1,4,6,0,0,0,1,1,2,0,0,1,2,1,1,1,18,4,2,0,0,0,0,0,3,1,9
3,2,9,0,9,0,8,0,0,0,0,3,1,6,2,34,6,1900,2,9,1,1,2,436119,435559,13,2,1,1,204,3,6120,1,40,1,4,3,64,0,0,1,1,1,0,0,1,1,1,1,1,33,6,3,0,0,0,0,0,9,1,5
3,2,9,0,18,0,8,0,0,0,0,1,1,6,2,27,6,1598,1,8,1,1,2,623199,244159,37,2,1,4,415,5,322,6,60,3,4,5,351,0,0,1,1,1,0,0,2,1,1,1,1,33,6,3,0,0,0,0,0,9,1,5
3,2,9,0,3,0,4,0,0,0,0,2,1,2,2,25,5,1598,1,5,1,1,2,483546,168880,43,2,1,4,475,3,329,1,40,1,4,2,329,0,0,4,1,1,0,0,2,1,1,1,2,25,5,3,0,0,0,0,0,9,1,10
3,1,19,0,18,0,0,5,0,1,9,1,1,1,1,19,4,2143,2,2,2,1,1,134374,931684,91,1,1,4,941,3,859,6,60,0,4,6,0,0,0,1,5,2,0,0,2,1,1,1,1,19,4,3,0,0,0,0,0,19,2,5
3,2,9,0,18,0,0,5,0,1,7,2,1,6,2,44,7,1299,1,14,1,1,2,487942,241736,43,2,1,1,479,1,1,3,70,0,4,6,0,0,0,6,1,2,0,0,2,1,1,1,2,44,7,3,0,0,0,0,0,9,1,8
3,2,9,0,9,0,5,0,0,0,0,3,1,6,2,25,5,1149,1,12,1,2,2,518080,229350,41,2,2,4,433,3,505,2,30,8,4,6,0,0,0,1,1,1,0,0,1,1,2,1,2,25,5,3,0,0,0,0,0,9,1,4
3,1,1,0,18,0,8,0,0,0,0,1,1,6,1,27,6,1598,1,8,1,1,2,531730,169580,1,2,1,4,20,4,273,6,30,3,4,6,0,0,0,1,1,1,0,0,1,1,1,1,1,27,6,3,0,0,0,0,0,1,1,7
2,2,9,0,18,0,8,0,0,0,0,1,1,6,1,65,9,1389,1,11,1,1,2,512959,430498,16,2,1,1,228,6,0,3,30,6,4,6,0,0,0,1,1,1,0,0,1,1,1,1,1,33,6,3,0,0,0,0,0,9,1,5
3,1,9,0,18,0,0,5,0,1,0,3,1,6,2,39,7,1598,1,7,1,3,1,385280,404960,6,1,3,5,102,1,60,3,70,0,4,6,0,0,0,1,1,1,0,0,2,1,2,2,1,43,7,3,0,0,1,0,0,9,1,6
3,1,9,0,18,0,1,0,0,0,0,2,1,6,2,43,7,1198,1,6,1,2,2,444421,119362,44,2,2,5,491,3,335,6,30,6,2,6,0,0,0,1,1,1,0,0,1,1,2,2,2,16,4,3,0,0,1,0,0,9,1,6
2,2,9,0,18,0,8,0,10,3,10,3,1,6,2,55,8,1598,1,8,1,5,2,407690,286720,20,2,5,4,300,6,0,6,30,6,3,6,0,0,0,1,1,1,0,0,1,1,4,2,2,34,6,3,0,0,1,0,0,9,1,3
3,1,9,0,18,0,6,0,0,0,0,4,1,1,1,66,10,1997,2,3,1,2,2,508739,431023,16,2,2,6,228,3,1079,6,30,8,4,6,0,0,0,4,1,1,0,0,1,2,1,1,1,66,10,3,0,0,0,0,0,9,1,1
3,1,9,0,9,0,6,0,0,0,0,3,1,2,2,28,6,1398,2,12,1,1,2,371100,306830,22,2,1,6,284,6,0,6,40,3,4,6,0,0,0,4,1,2,0,0,1,1,1,1,1,33,6,3,0,0,0,0,0,9,1,5
3,4,9,0,4,0,0,0,0,0,0,2,1,1,1,42,7,2496,2,8,1,1,4,431938,568305,10,4,1,3,148,3,1058,3,70,0,4,6,0,0,0,1,1,2,0,0,1,1,1,1,1,33,6,3,0,0,0,0,0,9,1,5
3,2,9,0,18,0,0,0,0,0,0,1,1,6,1,31,6,2143,2,2,1,1,2,516650,159950,1,2,1,1,23,3,243,6,30,0,4,6,0,0,0,4,1,1,0,0,2,1,1,1,1,33,6,3,0,0,0,0,0,9,1,5
3,1,1,0,18,0,0,0,0,0,0,1,1,6,1,50,8,1598,1,8,1,1,2,503218,167046,45,2,1,4,514,6,3002,6,30,0,4,6,0,0,0,1,1,1,0,0,1,2,1,1,1,50,8,3,0,0,0,0,0,1,1,6
3,3,9,0,18,0,8,0,0,0,0,3,1,6,2,49,8,1896,2,6,1,2,3,369140,408020,6,3,2,7,100,6,0,6,30,3,4,6,0,0,0,1,3,3,0,0,1,1,1,1,2,49,8,3,0,0,0,0,0,9,1,7
3,1,9,0,1,0,8,0,0,0,0,2,1,6,2,28,6,1198,1,12,1,1,2,392110,301960,20,2,1,7,309,6,0,6,30,6,4,6,0,0,0,1,1,1,0,0,1,1,1,1,1,33,6,3,0,0,0,0,0,9,1,5
3,2,19,0,18,0,0,0,0,0,0,3,1,1,1,26,6,2143,2,1,1,2,3,208859,53493,50,3,2,6,596,6,0,6,30,0,4,6,0,0,0,6,1,2,0,0,2,2,1,1,1,26,6,3,0,0,0,0,0,19,1,4
3,2,1,0,18,2,1,0,0,0,0,1,1,6,1,24,5,1598,1,8,1,1,2,531090,185280,1,2,1,6,3,3,1,6,30,3,4,6,0,0,4,4,1,2,0,0,1,1,1,1,1,24,5,3,0,0,0,0,0,1,1,7
3,2,9,0,2,0,0,0,0,0,0,2,1,6,3,38,7,1598,1,8,1,3,2,623673,219943,42,2,3,5,461,4,1033,6,30,0,4,6,0,0,0,5,1,2,0,0,1,1,1,1,1,33,6,3,0,0,0,0,0,9,1,5
3,2,21,4,18,0,0,0,0,0,0,3,1,1,1,56,9,12419,2,2,2,1,2,366032,392636,7,2,1,3,128,3,574,6,30,0,4,6,0,0,8,4,1,1,0,0,1,1,1,1,1,33,6,3,0,0,0,0,0,9,1,5
3,2,9,0,2,0,1,0,0,0,0,2,1,6,2,49,8,1598,1,5,1,1,2,537380,177860,1,2,1,2,6,6,0,6,30,3,4,6,0,0,0,7,1,1,0,0,1,1,1,1,1,33,6,3,0,0,0,0,0,9,1,5
3,2,9,0,18,0,0,1,0,0,0,1,1,6,2,55,8,1598,1,14,3,1,2,246940,94928,50,2,1,2,589,6,0,6,60,0,4,6,0,0,0,1,2,2,0,0,2,1,1,1,2,55,8,3,0,0,0,0,0,9,3,4
3,1,9,0,18,0,2,0,0,0,0,1,1,6,2,74,10,1275,1,16,1,1,1,630200,168990,46,1,1,4,541,3,28,6,30,3,3,6,0,0,4,1,1,1,0,0,1,1,1,3,2,23,5,3,1,1,0,0,0,0,1,5
3,3,9,0,2,0,2,0,4,0,0,1,1,6,1,19,4,1598,1,8,3,2,3,430090,291386,23,3,2,2,290,4,4112,6,30,3,4,6,0,0,0,1,1,1,0,0,2,1,1,1,1,33,6,3,0,0,0,0,0,9,1,5
2,1,9,0,1,0,1,0,4,0,0,2,1,6,1,56,9,1598,1,8,1,1,2,533270,164650,1,2,1,6,20,3,212,6,30,3,4,6,0,0,0,1,1,1,0,0,1,2,1,1,1,56,9,2,0,0,0,0,0,9,1,2
3,2,1,0,18,4,1,0,0,0,0,1,1,6,2,41,7,1598,1,8,1,1,2,351170,530740,3,2,1,1,64,6,0,6,30,3,4,6,0,0,0,1,1,1,0,0,1,2,1,1,2,41,7,3,0,0,0,0,0,1,1,5
3,2,9,0,3,0,0,0,0,0,0,1,1,6,1,84,11,1598,1,8,1,3,2,181873,62003,50,2,3,4,596,6,0,6,30,0,4,6,0,0,0,1,1,1,0,0,1,1,2,1,1,84,11,3,0,0,0,0,0,9,1,3
3,3,9,0,13,0,0,1,0,0,0,2,1,6,2,45,7,898,1,2,1,3,3,618060,137160,46,3,3,5,539,1,20,3,70,0,4,6,0,0,0,1,2,2,0,0,2,1,2,1,2,45,7,3,0,0,0,0,0,9,1,2
3,1,9,0,18,0,8,0,0,0,0,1,1,6,1,24,5,1587,1,15,1,1,2,370160,407930,6,2,1,5,100,6,0,6,30,3,4,6,0,0,0,1,1,1,0,0,1,1,1,1,1,33,6,3,0,0,0,0,0,9,1,5
3,2,9,0,5,0,8,1,0,0,3,3,1,6,1,54,8,2143,2,2,1,1,2,447447,327523,33,2,1,1,366,3,453,1,50,1,2,3,453,0,0,1,8,2,0,0,2,1,1,1,1,33,6,3,0,0,0,0,0,9,1,5
3,2,9,0,10,0,8,0,0,0,0,2,1,1,1,49,8,2495,2,13,3,1,2,414777,107725,44,2,1,5,496,3,338,6,60,8,4,6,0,0,0,1,1,2,0,0,2,1,1,1,1,33,6,3,0,0,0,0,0,9,1,5
3,2,3,0,18,0,2,0,0,0,0,1,1,6,1,38,7,125,1,6,1,1,2,528370,186700,1,2,1,2,2,6,0,6,30,6,4,6,0,0,0,4,1,2,0,0,1,1,1,1,1,33,6,3,0,0,0,0,0,9,1,5
2,1,9,0,9,0,5,0,0,0,0,1,1,6,1,19,4,1229,1,8,1,1,2,504326,193806,41,2,1,6,436,3,412,6,30,3,4,6,234,0,4,4,1,2,0,0,1,1,1,1,1,33,6,3,0,0,0,0,0,9,1,5
3,2,9,0,2,0,8,0,0,1,0,3,1,6,2,48,8,1598,1,8,1,1,2,508210,177050,1,2,1,1,26,6,0,1,30,1,4,6,0,0,0,1,1,1,0,0,1,1,1,1,1,33,6,3,0,0,0,0,0,9,1,5
3,1,8,0,3,0,2,0,0,0,0,2,1,1,2,50,8,1686,2,7,1,3,2,505853,428109,16,2,3,2,228,3,1105,3,40,6,4,6,0,0,1,1,1,1,0,0,1,1,3,2,2,30,6,3,0,0,1,0,0,8,1,2
3,2,9,0,18,0,8,0,0,0,0,4,1,2,2,30,6,1368,1,3,1,2,2,261096,664248,97,2,2,6,926,6,0,6,30,6,4,6,0,0,0,1,2,2,5,0,1,1,1,1,2,30,6,3,0,0,0,0,0,9,1,5
3,2,9,0,18,0,0,0,0,0,0,3,1,6,1,20,4,1229,1,10,1,3,2,518120,190310,1,2,3,2,29,3,4140,3,40,0,4,6,0,0,0,4,1,1,0,0,1,1,1,1,1,33,6,3,0,0,0,0,0,9,1,5
3,2,9,0,9,0,1,0,0,0,0,1,1,6,2,34,6,1598,1,8,1,3,2,173674,36853,50,2,3,2,596,6,0,6,30,3,4,6,0,0,0,1,2,2,0,0,2,1,2,1,2,34,6,3,0,0,0,0,0,9,1,4
3,1,9,0,18,0,8,0,0,0,0,1,1,6,1,55,8,1956,2,1,1,5,3,347930,463190,4,3,5,3,76,6,0,6,30,3,4,6,0,0,0,4,1,1,0,0,1,1,4,2,2,0,1,3,0,0,2,0,0,9,1,4
3,1,9,0,18,0,0,0,0,0,0,1,1,6,3,38,7,1781,1,12,1,1,2,241877,638256,97,2,1,2,919,6,0,6,30,0,4,6,0,0,0,1,1,1,0,0,1,2,1,1,1,33,6,3,0,0,0,0,0,9,1,5
3,2,9,0,4,0,1,0,0,0,0,1,1,1,1,21,5,1781,1,13,1,1,2,525016,213466,41,2,1,5,438,4,195,6,40,1,4,3,1000,0,7,1,1,1,0,0,2,2,1,1,1,33,6,3,0,0,0,0,0,9,1,5
3,2,21,0,17,0,8,1,0,7,1,1,1,1,1,42,7,12419,2,2,1,1,2,384500,271730,22,2,1,4,277,3,449,6,40,3,4,4,4193,0,0,1,1,1,0,0,2,1,1,1,1,42,7,3,0,0,0,0,0,21,1,5
3,1,9,0,18,0,1,1,0,0,0,1,1,2,1,42,7,2204,2,9,1,1,2,426545,570095,10,2,1,5,148,3,188,3,30,1,4,3,189,0,0,1,4,1,0,0,2,2,1,1,1,33,6,3,0,0,0,0,0,9,1,5
3,2,1,0,18,0,1,0,0,0,0,1,1,6,1,43,7,1598,1,8,3,1,2,320160,468840,3,2,1,5,61,6,0,6,30,6,4,6,0,0,0,1,1,1,0,0,1,1,1,1,1,43,7,3,0,0,0,0,0,1,3,6
3,3,11,0,3,0,1,0,0,0,0,2,1,1,1,38,7,8268,2,11,1,2,5,392110,298590,20,5,2,5,309,3,454,3,30,3,2,3,454,0,0,1,1,1,0,0,1,2,1,1,1,33,6,3,0,0,0,0,0,9,1,5
2,1,9,0,18,0,1,5,0,0,0,0,1,6,1,27,6,1598,1,8,1,1,1,363796,155527,52,1,1,1,611,6,0,6,60,3,4,6,0,2,0,6,1,1,0,0,2,2,1,1,1,27,6,2,0,0,0,0,0,9,1,8
2,2,1,0,18,0,6,0,0,0,0,4,1,6,2,18,4,1598,1,8,1,1,2,513229,311258,32,2,1,7,355,3,1175,6,60,1,4,3,15,0,8,4,2,2,0,0,2,1,1,1,2,18,4,2,0,0,0,0,0,1,1,9
2,1,9,0,13,0,2,0,0,0,0,2,1,6,2,53,8,1360,1,6,1,1,2,378540,391360,6,2,1,5,112,5,0,6,30,3,4,6,0,0,0,1,2,2,0,0,1,1,1,1,1,33,6,3,0,0,0,0,0,9,1,5
3,1,19,0,18,0,0,0,0,7,5,3,1,1,1,48,8,1248,2,5,1,1,1,352546,393338,5,1,1,2,92,6,0,6,30,0,4,6,0,0,0,1,1,1,0,0,1,1,1,1,1,48,8,3,0,0,0,0,0,19,1,5
3,1,9,0,9,0,5,0,0,0,0,1,1,6,1,27,6,998,1,11,2,3,2,508842,428658,16,2,3,1,228,3,1105,6,30,3,2,6,0,0,0,1,1,1,0,0,1,1,1,1,1,27,6,3,0,0,0,0,0,9,2,9
3,1,9,0,18,0,8,0,0,0,0,1,1,6,2,58,9,2200,2,23,1,1,1,522430,173740,1,1,1,5,10,3,306,6,30,3,4,5,0,0,4,1,1,1,0,0,1,1,1,3,1,32,6,3,4,1,0,0,2,0,1,3
2,2,1,0,9,0,8,0,0,0,0,1,1,6,2,37,7,1598,1,8,1,1,2,527750,177950,1,2,1,4,12,4,302,6,30,6,4,6,0,0,1,1,1,1,0,0,1,2,1,1,2,37,7,2,0,0,0,0,0,1,1,5
3,3,9,0,18,0,1,0,0,0,0,0,1,6,1,55,8,1242,1,15,1,1,3,428791,435161,13,3,1,4,204,6,0,6,30,3,4,6,0,0,0,1,1,1,0,0,1,1,1,1,1,33,6,3,0,0,0,0,0,9,1,5
3,2,9,0,18,0,8,1,0,0,0,1,1,5,1,31,6,1798,1,9,1,3,2,368562,309462,22,2,3,7,284,6,0,6,30,3,4,6,0,0,0,1,2,2,0,0,1,1,1,2,2,29,6,3,0,0,1,0,0,9,1,4
3,2,9,0,4,0,0,0,0,0,0,2,1,6,2,36,7,1796,1,10,1,1,2,515270,181590,1,2,1,2,27,5,0,6,30,0,4,6,0,0,0,1,1,1,0,0,1,1,1,1,2,36,7,3,0,0,0,0,0,9,1,5
2,1,9,0,4,0,0,1,0,0,0,1,1,6,1,22,5,1598,1,8,3,2,2,429944,405769,14,2,2,2,210,3,628,6,50,0,4,6,0,0,0,1,2,2,6,6,2,1,1,1,1,22,5,3,0,0,0,0,0,9,3,6
3,2,9,0,18,0,1,0,0,0,0,1,1,6,2,50,8,1242,1,5,1,1,2,613510,165830,46,2,1,5,531,5,192,6,30,3,4,6,0,0,0,1,1,1,0,0,1,1,1,1,2,50,8,3,0,0,0,0,0,9,1,5
3,1,9,0,18,0,0,0,0,0,0,1,1,6,1,30,6,1998,2,9,1,1,2,408693,284244,20,2,1,1,300,6,0,6,30,0,4,6,0,0,0,1,1,1,0,0,1,1,1,1,1,33,6,3,0,0,0,0,0,9,1,5
3,1,9,0,9,0,1,0,0,0,0,2,1,6,1,46,8,1999,1,2,1,1,2,292140,90759,50,2,1,6,581,6,0,6,30,3,4,6,0,0,0,1,1,2,0,0,1,1,1,1,1,33,6,3,0,0,0,0,0,9,1,5
3,1,9,0,17,0,0,1,0,1,9,1,1,6,1,18,4,1598,1,8,3,1,1,596909,297422,36,1,1,7,400,4,1077,6,60,0,4,6,0,0,0,1,8,2,0,0,2,1,1,1,1,18,4,3,0,0,0,0,0,9,3,5
3,2,9,0,18,0,8,0,0,0,0,3,1,6,1,51,8,3199,1,13,1,1,2,517760,186260,1,2,1,7,28,3,4088,6,30,9,4,6,0,0,4,1,1,1,0,0,1,1,1,1,1,51,8,3,0,0,0,0,0,9,1,7
2,1,9,0,9,0,6,0,0,0,0,3,1,6,1,85,11,1560,2,3,2,2,4,327410,98198,50,4,2,7,580,3,35,6,50,3,4,6,0,0,0,1,1,1,0,0,2,1,1,2,1,82,11,3,0,0,1,0,0,9,2,6
3,1,3,0,9,0,1,0,0,0,0,1,1,6,1,28,6,125,1,8,1,2,2,531260,185220,1,2,2,3,3,6,0,6,30,3,4,6,0,0,0,1,1,1,0,0,1,1,1,1,1,28,6,3,0,0,0,0,0,3,1,3
3,1,19,0,15,0,1,0,0,0,0,4,1,6,1,38,7,1996,2,4,1,1,2,425936,561979,10,2,1,2,146,5,323,6,30,3,2,4,1296,0,0,5,1,1,0,0,1,2,1,1,1,33,6,3,0,0,0,0,0,9,1,5
3,1,9,0,7,0,6,0,0,0,0,3,1,6,1,23,5,1399,2,4,1,1,2,506804,431609,16,2,1,1,228,4,1233,6,30,8,4,6,0,0,0,1,1,1,0,0,1,2,1,1,1,33,6,3,0,0,0,0,0,9,1,5
3,2,9,0,18,0,1,0,0,0,0,1,1,6,2,38,7,2993,2,4,1,1,3,512160,189500,1,3,1,7,29,6,0,6,30,3,4,6,0,0,0,1,1,1,0,0,1,2,1,1,1,33,6,3,0,0,0,0,0,9,1,5
3,1,19,0,18,0,0,0,0,1,0,1,1,1,1,51,8,2402,2,7,2,1,2,218745,77199,50,2,1,2,596,3,30,3,70,0,4,6,0,0,0,1,1,1,0,0,2,1,1,1,1,51,8,3,0,0,0,0,0,19,2,10
3,1,9,0,9,0,8,0,0,0,0,1,1,6,1,22,5,1348,1,8,1,1,2,527020,193150,1,2,1,5,30,4,550,6,30,3,4,6,0,0,0,1,1,1,0,0,1,1,1,1,1,22,5,3,0,0,0,0,0,9,1,5
3,1,9,0,9,0,8,0,0,0,0,3,1,2,1,40,7,1716,2,15,1,1,2,410600,283920,20,2,1,5,300,3,41,6,30,3,4,6,0,0,4,1,1,1,0,0,1,1,1,1,1,33,6,3,0,0,0,0,0,9,1,5
2,1,9,0,18,0,1,0,0,0,0,1,1,6,1,50,8,2204,2,11,1,1,1,448479,518572,17,1,1,4,243,6,0,6,30,3,4,6,0,0,0,1,1,1,0,0,1,1,1,3,1,11,3,2,5,4,0,0,0,0,1,4
3,1,9,0,18,0,1,0,0,0,0,1,1,6,1,66,10,1686,2,7,1,1,1,420583,568822,10,1,1,5,147,5,107,6,30,3,4,6,1310,0,0,1,1,1,0,0,1,2,1,3,1,19,4,3,5,3,0,0,0,0,1,9
3,1,9,0,18,0,8,0,0,0,0,3,1,6,1,48,8,2993,2,10,1,1,2,532050,187460,1,2,1,1,4,3,105,6,30,6,2,3,503,0,5,4,1,1,0,0,1,1,1,2,2,39,7,3,0,0,1,0,0,9,1,5
3,1,9,0,5,0,1,0,0,0,0,1,1,6,3,38,7,1598,1,8,1,1,2,401133,90853,55,2,1,2,643,4,3068,6,30,3,2,6,0,0,5,1,1,1,0,0,1,1,1,1,1,33,6,3,0,0,0,0,0,9,1,5
3,2,19,0,17,0,0,0,0,0,0,1,1,1,1,34,6,1753,2,9,1,3,2,275534,669064,97,2,3,2,932,6,0,6,60,0,4,6,0,0,0,1,1,2,0,0,2,1,1,2,1,17,4,3,0,0,1,0,0,19,1,5
3,2,9,0,18,0,0,0,0,0,0,3,1,6,3,38,7,1598,1,8,1,1,2,480541,169235,43,2,1,6,475,6,7515,6,30,0,4,6,0,0,0,1,1,1,0,0,2,1,1,1,1,33,6,3,0,0,0,0,0,9,1,5
2,2,11,0,17,0,0,0,0,0,0,1,1,1,1,43,7,9000,2,16,1,38,2,602095,214350,42,2,38,4,455,6,0,6,40,0,4,6,0,0,0,1,1,1,0,0,2,1,34,2,1,66,10,3,0,0,0,4,0,11,1,5
3,2,21,1,18,0,0,0,0,0,0,1,1,1,1,50,8,16400,2,8,3,1,3,427905,553442,11,3,1,6,169,2,1,3,70,0,4,6,0,0,0,6,1,2,0,0,2,1,1,1,1,33,6,3,0,0,0,0,0,9,1,5
1,2,11,0,18,0,8,0,0,0,0,1,1,6,1,61,9,5880,2,11,1,1,2,324929,139156,52,2,1,6,607,3,39,1,30,1,4,6,0,0,0,1,1,1,0,0,2,1,1,1,1,33,6,3,0,0,0,0,0,9,1,5
3,2,9,0,4,0,0,0,0,0,0,2,1,6,1,53,8,1598,1,7,1,3,4,522254,199519,41,4,3,3,33,3,1,3,70,0,4,6,0,0,0,1,1,1,0,0,2,1,2,1,1,53,8,3,0,0,0,0,0,9,1,8
3,1,9,0,18,0,0,0,0,0,0,1,1,6,1,38,7,1390,1,7,1,1,1,543230,165200,1,1,1,6,19,3,232,6,30,0,4,6,0,0,4,1,1,1,0,0,1,1,1,3,2,68,10,3,1,1,0,0,2,0,1,6