accident_severity,vehicle_reference,vehicle_type,towing_and_articulation,vehicle_manoeuvre,vehicle_location-restricted_lane,junction_location,skidding_and_overturning,hit_object_in_carriageway,vehicle_leaving_carriageway,hit_object_off_carriageway,1st_point_of_impact,was_vehicle_left_hand_drive?,journey_purpose_of_driver,sex_of_driver,age_of_driver,age_band_of_driver,engine_capacity_(cc),propulsion_code,age_of_vehicle,driver_home_area_type,NUmber_of_Casualities_unique_to_accident_index,No_of_Vehicles_involved_unique_to_accident_index,location_easting_osgr,location_northing_osgr,police_force,number_of_vehicles,number_of_casualties,day_of_week,local_authority_(district),1st_road_class,1st_road_number,road_type,speed_limit,junction_detail,junction_control,2nd_road_class,2nd_road_number,pedestrian_crossing-human_control,pedestrian_crossing-physical_facilities,light_conditions,weather_conditions,road_surface_conditions,special_conditions_at_site,carriageway_hazards,urban_or_rural_area,did_police_officer_attend_scene_of_accident,casualty_reference,casualty_class,sex_of_casualty,age_of_casualty,age_band_of_casualty,casualty_severity,pedestrian_location,pedestrian_movement,car_passenger,bus_or_coach_passenger,pedestrian_road_maintenance_worker,casualty_type,casualty_home_area_type,casualty_imd_decile
3,1,5,0,18,0,1,0,0,0,0,1,1,1,1,25,5,599,1,17,2,2,1,352330,416520,4,1,2,3,73,6,0,6,30,6,4,6,0,1,0,1,1,1,0,0,2,1,1,1,1,25,5,3,0,0,0,0,0,5,2,8
3,2,1,0,18,0,0,0,0,0,0,3,1,6,1,16,4,1598,1,8,1,1,2,365550,307010,22,2,1,4,284,6,0,6,60,0,4,6,0,0,0,1,1,1,0,0,2,1,1,1,1,16,4,3,0,0,0,0,0,1,1,6
3,1,9,0,9,0,8,0,0,0,0,3,1,6,1,44,7,2967,2,5,1,1,2,523820,177560,1,2,1,3,11,3,3218,6,30,3,4,6,0,0,0,1,1,1,0,0,1,1,1,1,1,33,6,3,0,0,0,0,0,9,1,5
3,1,90,0,18,0,0,5,0,1,11,1,1,1,1,51,8,4461,2,4,1,2,1,423002,477595,12,1,2,3,182,5,31,6,60,0,4,6,0,0,0,1,1,2,0,0,2,1,1,1,1,51,8,3,0,0,0,0,0,90,1,8
3,2,9,0,4,0,1,0,0,0,0,2,1,6,2,44,7,1598,1,8,2,1,3,325885,214399,61,3,1,2,732,3,465,1,50,1,4,3,4077,0,0,4,1,1,0,0,2,1,1,1,1,33,6,3,0,0,0,0,0,9,1,5
3,1,9,0,9,0,1,0,0,0,0,1,1,6,3,38,7,1598,1,8,1,1,1,307991,186351,62,1,1,3,744,6,0,6,30,3,4,6,0,0,0,1,1,1,0,0,1,2,1,3,1,15,3,3,5,9,0,0,0,0,1,5
3,1,9,0,9,0,5,0,0,0,0,1,1,6,1,48,8,1229,1,4,1,1,2,456943,343281,31,2,1,3,346,6,0,6,20,3,4,6,0,0,0,4,4,1,0,0,1,1,1,1,1,33,6,3,0,0,0,0,0,9,1,5
3,1,19,0,9,0,6,1,0,0,0,1,1,2,1,29,6,1870,2,13,1,1,2,371670,292600,22,2,1,4,286,4,4373,6,30,3,4,4,4363,0,8,1,1,1,0,0,1,1,1,1,1,29,6,3,0,0,0,0,0,19,1,8
3,2,9,0,18,0,8,0,0,0,0,3,1,1,1,43,7,1598,1,8,1,1,3,393960,398390,6,3,1,6,110,5,0,6,30,6,4,6,0,0,0,1,1,1,0,0,1,1,1,1,1,33,6,3,0,0,0,0,0,9,1,5
3,1,9,0,9,0,5,0,0,0,0,3,1,6,1,38,7,1685,2,8,2,1,2,450082,386025,14,2,1,3,213,6,0,6,60,8,4,6,0,0,0,1,1,1,0,0,2,1,1,1,1,33,6,3,0,0,0,0,0,9,1,5
3,2,1,0,18,0,0,1,0,0,0,0,1,2,1,26,6,1598,1,8,1,1,2,446076,114734,44,2,1,4,491,3,27,6,30,0,4,6,0,0,0,1,1,1,0,0,1,2,1,1,1,26,6,3,0,0,0,0,0,1,1,10
3,1,9,0,18,0,1,0,0,0,0,1,1,6,1,17,4,1229,1,10,2,6,3,425775,461141,12,3,6,1,182,4,6165,6,50,8,4,6,0,0,0,1,1,1,0,0,2,1,6,2,2,16,4,3,0,0,2,0,0,9,2,9
3,2,9,0,4,0,1,0,0,0,0,2,1,6,1,49,8,1870,2,11,2,4,2,399490,296770,20,2,4,7,307,1,6,3,70,5,4,3,461,0,0,1,2,2,0,0,2,1,3,2,2,49,8,3,0,0,1,0,0,9,2,4
3,2,9,0,10,0,1,0,0,3,0,3,1,6,1,41,7,1910,2,9,1,2,2,405520,289790,20,2,2,1,300,6,0,6,30,3,4,4,4124,0,0,1,2,2,0,0,1,1,1,1,1,41,7,3,0,0,0,0,0,9,1,1
3,1,8,0,4,0,1,0,0,0,0,2,1,6,1,40,7,1797,8,4,1,1,2,527480,179510,1,2,1,6,1,6,0,2,30,3,4,6,0,0,0,4,1,1,0,0,1,2,1,1,1,40,7,3,0,0,0,0,0,8,1,5
3,1,9,0,18,0,0,2,0,2,11,3,1,6,2,35,6,1598,1,8,1,3,1,295412,628842,97,1,3,6,938,3,702,6,60,0,4,6,0,0,0,6,3,4,0,0,2,2,3,1,2,35,6,3,0,0,0,0,0,9,1,6
3,1,9,0,18,0,0,0,0,0,0,1,1,6,2,21,5,1400,1,10,1,1,2,552867,105125,47,2,1,2,556,3,27,6,60,0,4,6,0,0,0,1,7,2,0,0,2,1,1,2,1,54,8,3,0,0,2,0,0,9,1,4
3,1,19,0,18,0,4,0,0,0,0,1,1,1,1,54,8,1598,2,4,1,2,2,282901,75345,50,2,2,3,585,3,38,1,40,1,4,6,0,0,0,1,1,1,4,0,2,2,1,1,1,33,6,3,0,0,0,0,0,9,1,5
2,1,9,0,18,0,8,0,0,0,0,4,1,6,1,30,6,1598,1,8,1,1,1,394230,398940,6,1,1,3,110,3,635,6,30,1,2,4,6170,0,5,1,1,1,0,0,1,1,1,3,2,18,4,2,1,1,0,0,0,0,1,5
2,1,9,0,18,0,0,1,0,4,0,1,1,6,1,24,5,1242,1,8,1,3,2,473784,124412,44,2,3,7,497,3,3,3,70,0,4,6,0,0,0,6,1,1,0,0,2,1,1,1,1,33,6,3,0,0,0,0,0,9,1,5
3,1,9,0,3,0,8,0,0,0,0,3,1,6,1,73,10,1461,2,1,1,2,2,543960,184420,1,2,2,2,16,3,124,3,30,6,2,6,0,0,5,1,1,1,0,0,1,2,2,2,2,69,10,3,0,0,1,0,0,9,1,5
3,1,9,0,9,0,5,0,0,4,6,4,1,2,1,34,6,1996,1,17,1,4,2,504740,177150,1,2,4,7,26,3,4,3,50,6,2,3,3044,0,5,1,1,1,2,0,2,1,1,1,1,34,6,3,0,0,0,0,0,9,1,5
3,1,9,0,9,0,6,0,0,0,0,3,2,6,1,24,5,1598,1,8,1,2,2,459523,339550,31,2,2,3,346,6,0,6,30,8,4,6,0,0,0,1,1,1,0,0,1,2,1,1,1,24,5,3,0,0,0,0,0,9,1,1
3,1,19,0,18,0,0,0,0,0,0,1,1,1,1,25,5,2198,2,7,1,5,3,513423,429330,16,3,5,5,228,3,1033,3,40,0,4,6,0,0,0,1,1,1,0,0,1,1,1,1,1,25,5,3,0,0,0,0,0,19,1,1
3,2,9,0,10,0,5,0,0,0,0,1,1,6,2,35,6,1598,1,8,1,3,2,429333,586782,10,2,3,6,139,6,6714,6,30,3,4,6,6715,0,0,1,1,1,0,0,1,1,3,2,1,82,11,3,0,0,1,0,0,9,1,4
2,1,5,0,11,0,0,5,0,0,0,4,1,6,1,62,9,1195,1,2,1,1,1,427928,431350,13,1,1,4,204,1,621,3,50,0,4,6,0,0,0,1,1,1,0,0,1,1,1,1,1,62,9,2,0,0,0,0,0,5,1,10
3,2,9,0,15,0,1,0,0,0,0,0,1,6,1,38,7,1598,1,8,1,1,2,533410,179480,1,2,1,2,8,3,100,6,30,3,4,6,0,0,0,1,1,1,0,0,1,1,1,1,1,33,6,3,0,0,0,0,0,9,1,5
3,1,9,0,18,0,0,2,0,1,4,1,1,6,1,25,5,1328,1,4,1,1,1,559082,97475,47,1,1,1,551,4,2103,6,60,0,4,6,0,0,0,6,1,2,0,0,2,1,1,1,1,25,5,3,0,0,0,0,0,9,1,4
2,1,9,0,9,0,8,0,0,0,0,2,1,6,2,25,5,999,1,10,1,1,2,394950,407110,6,2,1,4,104,3,672,6,30,3,4,6,0,0,0,4,1,1,0,0,1,1,1,1,1,33,6,3,0,0,0,0,0,9,1,5
3,1,9,0,12,0,1,0,0,0,0,1,1,6,3,38,7,1598,1,8,1,1,2,526503,105821,47,2,1,6,565,3,270,3,30,6,2,3,2038,0,5,4,1,1,0,0,1,2,1,1,1,33,6,3,0,0,0,0,0,9,1,5
3,1,9,0,9,0,8,0,0,0,0,3,1,6,1,38,7,1598,1,8,1,2,2,535170,169280,1,2,2,4,19,3,214,6,30,6,4,6,0,0,0,1,1,1,0,0,1,1,2,2,2,48,8,3,0,0,1,0,0,9,1,5
3,3,9,0,2,0,1,0,0,0,0,1,1,6,2,22,5,1390,1,8,1,1,3,405180,289080,20,3,1,2,300,6,0,6,30,6,4,6,0,0,0,4,1,2,0,0,1,1,1,1,1,33,6,3,0,0,0,0,0,9,1,5
3,2,19,0,2,0,0,0,0,0,0,2,1,6,3,21,5,1598,1,8,1,1,2,496739,367944,32,2,1,1,352,5,1,6,30,0,4,6,0,0,0,4,1,1,0,0,1,1,1,1,1,33,6,3,0,0,0,0,0,9,1,5
3,2,9,0,3,0,1,0,0,0,0,2,1,6,1,36,7,3498,1,8,1,2,2,537480,190910,1,2,2,7,13,3,112,1,30,1,2,4,179,0,5,4,1,1,0,0,1,1,2,2,2,36,7,3,0,0,1,0,0,9,1,4
3,3,9,0,4,0,0,0,0,0,0,2,1,6,1,31,6,1598,2,4,1,1,4,454283,278945,33,4,1,1,363,1,6,3,70,0,4,6,0,0,0,1,1,1,4,0,2,1,1,1,1,33,6,3,0,0,0,0,0,9,1,5
3,1,9,0,7,0,5,0,0,0,0,1,1,6,1,60,9,1149,1,10,3,1,1,546710,310420,35,1,1,5,392,4,198,6,30,3,4,6,0,0,0,1,1,1,0,0,1,1,1,3,1,37,7,3,5,1,0,0,0,0,1,1
2,1,9,0,7,0,1,0,0,0,0,0,1,6,2,81,11,1400,1,9,3,1,2,217824,677222,97,2,1,1,913,3,815,6,30,3,3,4,8041,0,0,1,1,1,0,0,2,1,1,1,1,33,6,3,0,0,0,0,0,9,1,5
3,1,9,0,2,0,1,0,0,0,0,3,1,6,3,38,7,1388,1,4,1,1,2,573540,107231,47,2,1,1,555,6,0,6,30,3,4,6,0,0,0,1,1,1,0,0,1,1,1,1,1,33,6,3,0,0,0,0,0,9,1,5
3,1,11,0,18,0,1,0,0,0,0,0,1,6,1,40,7,6700,2,4,1,2,2,458659,386919,31,2,2,7,341,3,60,6,30,3,4,6,0,0,1,1,1,1,0,0,2,2,2,2,2,49,8,3,0,0,0,3,0,11,1,5
3,1,19,0,9,0,8,0,0,0,0,1,1,1,1,64,9,1870,2,9,1,1,2,340358,394757,5,2,1,3,91,6,0,6,30,6,2,6,0,0,0,1,1,1,0,0,1,1,1,1,1,33,6,3,0,0,0,0,0,9,1,5
1,1,9,0,17,0,8,1,0,7,3,4,1,6,2,30,6,1599,1,10,1,2,1,435999,506453,12,1,2,1,181,4,1264,6,60,3,4,5,254,0,0,1,1,1,0,0,2,1,1,1,2,30,6,1,0,0,0,0,0,9,1,1
3,1,9,0,15,0,8,0,0,0,0,1,1,6,1,25,5,1461,2,4,1,1,3,461179,305308,33,3,1,7,364,3,47,6,30,3,4,6,2510,0,5,1,1,1,0,0,1,1,1,2,1,13,3,3,0,0,1,0,0,9,1,2
3,2,9,0,3,0,1,0,0,0,0,2,1,6,1,58,9,1969,2,8,1,6,2,422508,302841,21,2,6,7,258,4,5440,6,40,3,2,6,41,0,0,1,1,1,0,0,1,1,6,1,1,58,9,3,0,0,0,0,0,9,1,10
1,2,1,0,18,0,0,0,0,1,0,2,1,6,1,48,8,1598,1,8,1,1,2,478876,143812,44,2,1,4,497,3,31,3,60,0,4,6,0,0,0,1,1,1,0,0,2,1,1,1,1,48,8,1,0,0,0,0,0,1,1,7
3,2,9,0,5,0,0,0,0,0,0,2,1,6,2,37,7,1461,2,1,1,3,2,434826,404502,14,2,3,7,210,6,0,6,30,0,4,6,0,0,0,1,1,1,0,0,1,1,2,1,2,37,7,3,0,0,0,0,0,9,1,1
2,1,9,0,18,0,2,0,0,0,0,1,1,6,3,38,7,1598,1,8,1,1,1,530270,184980,1,1,1,6,3,6,0,6,30,3,4,6,0,0,0,4,1,1,0,0,1,2,1,3,2,35,6,2,5,2,0,0,2,0,1,4
3,1,2,0,18,0,0,0,0,2,0,1,1,6,3,38,7,1598,1,8,1,1,1,444935,425359,13,1,1,1,206,6,0,6,30,0,4,6,0,0,0,4,1,2,0,0,1,1,1,3,1,17,4,3,6,9,0,0,0,0,1,1
3,1,9,0,18,0,0,0,0,0,0,1,1,5,2,22,5,1599,1,13,1,2,3,572638,191127,42,3,2,4,450,3,127,3,70,0,4,6,0,0,0,1,1,1,0,2,2,2,1,1,2,22,5,3,0,0,0,0,0,9,1,8
3,2,9,0,18,0,8,0,0,7,11,3,1,6,2,52,8,1598,1,3,1,2,2,336238,387923,5,2,2,6,91,6,0,6,20,6,4,6,0,0,0,4,2,2,0,0,1,1,1,2,2,78,11,3,0,0,1,0,0,9,1,3
3,2,9,0,4,0,1,0,0,0,0,4,1,6,2,59,9,1599,1,14,1,3,4,407883,103037,55,4,3,3,647,4,3072,6,30,3,4,6,0,0,0,1,1,1,0,0,1,1,3,2,1,54,8,3,0,0,1,0,0,9,1,5
3,1,9,0,18,0,0,0,0,0,0,1,1,6,3,38,7,1598,1,8,1,2,2,501092,232809,40,2,2,2,424,1,1,3,70,0,4,6,0,0,0,6,1,1,0,0,2,2,1,1,1,33,6,3,0,0,0,0,0,9,1,5
3,2,1,0,18,0,8,0,0,0,0,4,1,6,1,43,7,1598,1,8,1,1,2,509300,182140,1,2,1,4,26,5,0,1,30,1,4,6,0,0,0,1,2,2,0,0,1,1,1,1,1,43,7,3,0,0,0,0,0,1,1,3
3,2,9,0,18,0,8,0,0,7,10,4,1,6,1,45,7,1998,2,11,1,3,2,388840,400130,6,2,3,4,102,5,0,6,30,3,4,6,0,0,0,1,1,1,0,0,1,1,3,2,1,30,6,3,0,0,1,0,0,9,1,5
3,1,9,0,18,0,0,0,0,0,0,1,1,6,1,28,6,1360,1,11,1,1,1,589910,163460,46,1,1,6,540,6,4003,6,30,0,4,6,0,0,0,1,1,1,0,0,1,2,1,3,1,6,2,3,5,1,0,0,0,0,1,5
3,1,9,0,9,0,8,0,0,0,0,1,1,6,1,26,6,1461,2,11,1,1,2,360050,388149,7,2,1,3,128,3,5061,6,30,6,2,3,5061,0,4,4,1,1,0,0,1,1,1,2,2,22,5,3,0,0,1,0,0,9,1,3
3,2,20,0,9,0,8,0,0,0,0,1,1,6,3,38,7,1598,1,8,1,1,2,532360,181560,48,2,1,4,570,3,1211,6,20,6,2,5,0,0,5,1,1,1,0,0,1,2,1,1,1,33,6,3,0,0,0,0,0,9,1,5
3,1,9,0,5,0,1,0,0,0,0,1,1,6,1,45,7,1598,1,8,1,1,2,457592,451438,12,2,1,2,189,6,0,6,30,3,2,6,0,0,5,1,1,1,0,0,1,1,1,1,1,33,6,3,0,0,0,0,0,9,1,5
3,1,9,0,18,0,8,0,0,0,0,1,1,6,2,77,11,1360,1,13,1,2,4,588319,186881,42,4,2,7,460,4,1015,6,30,3,4,6,0,0,0,1,1,1,0,0,1,1,1,1,2,77,11,3,0,0,0,0,0,9,1,3
3,1,9,0,5,0,4,0,0,7,1,1,1,6,2,75,10,1242,1,9,1,2,1,565930,170330,46,1,2,5,535,6,641,1,30,1,4,3,2,0,0,1,1,1,0,0,2,2,2,2,2,55,8,3,0,0,1,0,0,9,1,5
3,1,9,0,18,0,8,0,0,0,0,1,1,3,1,42,7,2967,2,4,1,1,2,520480,173970,1,2,1,7,24,6,0,1,30,2,4,6,0,0,0,1,1,1,0,0,2,1,1,1,1,33,6,3,0,0,0,0,0,9,1,5
3,2,9,0,3,0,8,0,0,0,0,2,1,6,1,26,6,2000,2,6,1,2,2,525660,183350,1,2,2,5,2,3,5,6,30,3,4,4,414,0,1,4,1,1,0,0,1,1,1,1,1,26,6,3,0,0,0,0,0,9,1,3
3,1,9,0,7,0,8,0,0,0,0,3,1,6,1,58,9,1769,1,13,1,1,2,551430,188390,1,2,1,7,15,5,0,6,30,6,2,5,0,0,5,4,1,1,0,0,1,2,1,1,1,58,9,3,0,0,0,0,0,9,1,2
2,1,9,0,16,0,0,2,0,1,10,1,1,2,2,19,4,1149,1,11,1,1,1,360556,395349,5,1,1,1,92,6,0,6,60,0,4,6,0,0,0,1,1,2,0,0,2,1,1,1,2,19,4,2,0,0,0,0,0,9,1,2
3,1,9,0,17,0,0,0,0,1,4,1,1,6,1,22,5,1900,1,15,1,4,1,471504,466899,12,1,4,7,185,5,61,6,60,0,4,6,0,0,0,1,1,2,0,0,2,1,3,2,2,24,5,3,0,0,2,0,0,9,1,2
3,1,19,0,18,0,8,0,0,0,0,1,1,6,1,40,7,2148,2,8,1,1,2,412080,286900,20,2,1,1,300,4,4128,3,30,6,2,6,0,0,0,4,9,1,0,0,1,2,1,1,1,40,7,3,0,0,0,0,0,19,1,2
3,2,5,0,14,0,0,1,0,0,0,1,1,2,1,55,8,1157,1,12,3,2,2,556939,125916,47,2,2,6,556,3,267,6,60,0,4,6,0,0,0,1,1,1,0,0,2,1,2,1,1,55,8,3,0,0,0,0,0,5,3,7
2,1,9,0,18,0,0,0,0,4,6,1,1,6,1,38,7,1870,2,11,1,2,1,445835,516240,17,1,2,2,245,6,0,3,30,0,4,6,0,0,0,4,1,1,0,0,1,1,2,2,1,29,6,3,0,0,1,0,0,9,1,1
3,1,9,0,18,0,0,2,0,7,0,1,1,6,1,38,7,1242,1,15,1,1,1,565140,272440,35,1,1,3,391,4,1104,6,60,0,4,6,0,0,0,1,1,1,0,0,2,1,1,1,1,38,7,3,0,0,0,0,0,9,1,6
3,2,9,0,4,0,0,0,0,0,0,2,1,6,2,35,6,1598,1,8,3,1,2,600797,225672,42,2,1,2,455,3,133,3,40,0,4,6,0,0,0,1,1,1,0,0,1,1,1,1,2,35,6,3,0,0,0,0,0,9,3,7
3,1,19,0,18,0,1,0,0,0,0,1,1,6,3,38,7,2402,2,7,1,3,3,438373,115603,44,3,3,6,500,3,3057,6,30,1,4,6,0,0,0,4,1,1,0,0,2,1,3,3,1,23,5,3,9,5,0,0,0,0,1,8
3,1,9,0,18,0,8,0,0,0,0,3,1,6,2,37,7,1956,2,1,1,1,2,489469,268283,34,2,1,4,386,3,5128,6,30,3,4,6,9467,0,0,4,2,2,0,0,1,1,1,1,1,33,6,3,0,0,0,0,0,9,1,5
3,2,21,0,4,0,0,0,0,0,0,2,1,1,1,58,9,10518,2,3,1,1,2,445252,424489,13,2,1,3,206,6,0,6,30,0,4,6,0,0,0,1,4,1,0,2,1,1,1,1,1,33,6,3,0,0,0,0,0,9,1,5
3,2,9,0,4,0,0,0,0,1,1,1,1,6,2,23,5,1248,2,10,1,1,2,382110,396720,6,2,1,5,112,3,56,3,40,0,4,6,0,0,0,1,1,1,0,0,1,1,1,1,2,23,5,3,0,0,0,0,0,9,1,1
3,2,9,0,4,0,0,0,0,0,0,3,1,2,1,48,8,1598,1,9,1,1,2,423278,529513,11,2,1,2,169,3,689,3,60,0,4,6,0,0,0,1,1,1,0,0,2,1,1,1,1,48,8,3,0,0,0,0,0,9,1,6
3,2,19,0,2,9,2,0,0,0,0,3,1,6,3,38,7,1896,2,18,1,1,2,413111,93470,55,2,1,6,640,6,0,6,30,3,4,6,0,0,0,4,1,1,0,7,1,1,1,1,1,33,6,3,0,0,0,0,0,9,1,5
3,1,3,0,14,0,8,0,0,0,0,1,1,6,1,21,5,125,1,8,1,1,2,433856,393109,14,2,1,6,215,3,61,6,30,8,4,6,0,0,0,1,1,1,0,0,1,1,1,1,1,21,5,3,0,0,0,0,0,3,1,2
3,1,9,0,2,0,0,0,0,0,0,3,1,6,1,45,7,1796,1,15,1,1,2,470302,173459,43,2,1,5,472,3,329,6,30,0,4,6,0,0,0,1,1,1,0,0,1,2,1,1,1,33,6,3,0,0,0,0,0,9,1,5
2,1,9,0,18,0,1,0,0,0,0,1,1,6,1,38,7,1598,1,8,1,1,1,415736,430320,13,1,1,1,200,3,6177,3,30,3,2,6,0,0,5,4,1,1,0,0,1,1,1,3,1,56,9,2,1,9,0,0,0,0,1,5
3,1,20,0,3,0,1,0,0,0,0,2,1,1,1,39,7,2287,2,3,1,2,3,537390,191860,1,3,2,1,13,3,112,6,30,3,4,6,0,0,4,1,1,1,0,0,1,1,1,1,1,39,7,3,0,0,0,0,0,20,1,1
2,2,1,0,18,0,2,0,0,0,0,1,1,6,1,19,4,1598,1,8,1,1,2,411850,295340,20,2,1,2,300,6,0,6,30,6,4,3,5127,0,0,1,2,2,0,0,1,1,1,1,1,19,4,2,0,0,0,0,0,1,1,8
3,1,11,0,18,0,8,0,0,0,0,2,1,1,1,55,8,12000,2,10,2,17,2,456498,398420,14,2,17,4,211,1,18,1,60,1,4,2,1,0,0,1,1,1,0,0,2,1,17,2,2,15,3,3,0,0,0,4,0,11,3,8
3,1,9,0,3,0,1,0,0,0,0,2,1,6,1,65,9,4293,1,13,1,1,2,538410,177690,1,2,1,2,6,3,206,6,30,6,4,3,206,0,4,4,1,1,0,0,1,2,1,1,1,65,9,3,0,0,0,0,0,9,1,6
2,1,3,0,14,0,0,0,0,0,0,1,1,1,1,43,7,124,1,8,1,1,1,531390,183140,1,1,1,6,3,3,501,6,30,0,4,6,0,0,0,1,2,2,0,0,1,1,1,3,2,27,6,2,5,2,0,0,2,0,1,7
1,1,9,0,16,0,0,0,0,0,0,1,1,6,1,18,4,1248,2,6,1,3,2,310710,536050,3,2,3,5,60,6,0,6,60,0,4,6,0,0,0,6,1,1,0,0,2,1,1,1,1,18,4,2,0,0,0,0,0,9,1,2
2,3,9,0,2,0,1,0,0,0,0,1,1,6,1,38,7,1598,2,6,1,1,3,422217,564964,10,3,1,1,147,6,1172,6,20,3,4,6,1172,0,0,4,1,1,0,0,1,1,1,1,1,33,6,3,0,0,0,0,0,9,1,5
3,1,1,0,18,0,0,0,0,0,0,4,1,6,1,23,5,1598,1,8,1,1,2,358895,171912,52,2,1,1,601,6,0,6,30,0,4,6,0,0,0,1,1,1,0,0,1,2,1,1,1,23,5,3,0,0,0,0,0,1,1,6
3,3,8,0,18,0,1,0,0,0,0,1,1,1,1,39,7,1998,2,7,1,4,3,455047,343365,31,3,4,3,346,4,6004,6,30,7,2,4,682,0,5,1,1,1,0,0,1,1,4,2,2,48,8,3,0,0,2,0,0,8,1,1
3,1,9,0,17,0,0,0,0,0,0,4,1,6,2,49,8,1798,1,7,3,1,2,336750,303470,22,2,1,1,286,6,0,6,60,0,4,6,0,0,0,1,1,4,0,0,2,1,1,1,1,33,6,3,0,0,0,0,0,9,1,5
3,1,5,0,18,0,2,0,0,0,0,4,1,2,1,45,7,249,1,5,1,1,2,562125,319963,36,2,1,1,407,3,148,3,30,6,2,6,0,0,4,1,1,1,0,0,1,2,1,1,1,45,7,3,0,0,0,0,0,5,1,3
3,1,9,0,18,0,0,0,0,0,0,1,1,6,2,59,9,1997,1,14,1,1,1,566270,173340,46,1,1,6,535,3,226,6,30,0,4,6,0,0,4,1,4,1,0,0,1,1,1,3,1,15,3,3,4,1,0,0,0,0,3,9
3,2,9,0,18,0,0,0,0,0,0,1,1,2,1,39,7,1397,1,14,1,1,4,513880,185880,1,4,1,6,29,3,312,6,30,0,4,6,0,0,1,4,4,1,0,0,1,1,1,1,1,33,6,3,0,0,0,0,0,9,1,5
2,1,9,0,7,0,1,0,0,0,0,2,1,6,3,38,7,1598,1,8,1,1,2,555857,122336,47,2,1,6,556,3,267,6,50,3,4,4,2239,0,0,1,1,1,0,0,2,1,1,1,1,33,6,3,0,0,0,0,0,9,1,5
2,2,9,0,18,0,1,0,0,0,0,1,1,1,1,40,7,1598,1,8,1,2,2,420546,444956,13,2,2,1,204,6,0,6,30,3,4,6,0,0,0,1,2,2,0,0,1,1,2,1,1,40,7,3,0,0,0,0,0,9,1,5
3,2,9,0,10,0,0,0,0,0,0,2,1,5,2,37,7,4266,1,17,3,1,2,541970,195820,42,2,1,5,456,3,121,6,30,0,4,6,0,0,0,1,1,1,0,0,1,1,1,1,1,33,6,3,0,0,0,0,0,9,1,5
3,2,9,0,3,0,1,0,0,0,0,2,1,6,1,49,8,998,1,8,1,2,3,176748,50831,50,3,2,5,596,3,3075,6,40,3,4,6,0,0,0,1,1,1,0,0,2,1,1,1,1,33,6,3,0,0,0,0,0,9,1,5
3,2,5,0,18,0,8,0,0,0,0,1,1,6,1,25,5,1157,1,13,1,1,2,515393,234921,40,2,1,7,424,5,146,6,30,3,4,6,0,0,0,1,1,1,0,0,2,1,1,1,1,25,5,3,0,0,0,0,0,5,1,10
3,2,9,0,3,0,4,0,0,0,0,2,1,6,2,67,10,1198,1,8,1,2,2,366860,398300,6,2,2,6,114,3,580,1,60,1,4,3,574,0,0,1,2,2,0,0,2,2,1,1,2,67,10,3,0,0,0,0,0,9,1,9
3,1,9,0,18,0,2,1,0,1,4,1,1,6,1,38,7,1598,1,8,1,1,1,279322,380843,60,1,1,2,721,3,470,6,40,1,4,4,5115,0,0,1,2,2,0,0,2,1,1,1,1,38,7,3,0,0,0,0,0,9,1,5
3,1,9,0,18,0,0,0,0,0,0,1,1,6,1,35,6,1798,1,8,1,1,2,248213,664279,97,2,1,7,935,3,726,6,30,0,4,6,0,0,0,1,1,2,4,0,1,2,1,1,1,33,6,3,0,0,0,0,0,9,1,5
3,1,9,0,3,0,1,0,0,0,0,1,1,6,3,38,7,1598,1,8,1,1,2,411197,280470,20,2,1,3,300,4,4025,1,30,1,4,3,34,0,0,4,1,1,0,0,1,2,1,1,1,33,6,3,0,0,0,0,0,9,1,5
3,1,9,0,18,0,0,2,10,1,9,1,1,6,1,22,5,993,1,18,1,1,1,388353,185001,54,1,1,2,635,5,1,6,60,0,4,6,0,0,0,1,1,1,0,0,2,1,1,1,1,22,5,3,0,0,0,0,0,9,1,6
3,2,9,0,9,0,1,0,0,0,0,3,1,6,2,45,7,1896,2,13,1,1,2,374630,163481,52,2,1,3,611,3,367,6,30,9,4,6,0,0,4,4,1,1,0,0,1,2,1,1,1,33,6,3,0,0,0,0,0,9,1,5
3,2,9,0,4,0,0,0,0,0,0,1,1,6,3,38,7,1598,1,7,1,1,2,534960,173060,1,2,1,4,7,3,205,6,30,0,4,6,0,0,0,7,9,1,0,0,1,1,1,1,1,33,6,3,0,0,0,0,0,9,1,5
3,1,98,0,18,0,0,0,0,0,0,1,1,6,1,42,7,4461,2,6,3,1,2,281211,60556,50,2,1,6,587,6,0,6,30,0,4,6,0,0,0,1,1,1,0,0,2,1,1,1,1,33,6,3,0,0,0,0,0,9,1,5
3,1,9,0,18,0,0,2,0,1,10,1,1,2,1,21,5,1368,1,5,2,1,1,494096,428950,16,1,1,3,231,3,63,3,70,0,4,6,0,0,0,4,1,3,0,0,2,1,1,1,1,21,5,3,0,0,0,0,0,9,2,9
3,2,9,0,10,0,5,0,0,0,0,2,1,6,2,32,6,1229,1,10,3,2,2,181867,52733,50,2,2,7,596,3,30,6,60,8,4,6,0,0,0,1,1,1,0,0,2,1,1,1,2,32,6,3,0,0,0,0,0,9,3,5
3,1,9,0,18,0,8,0,0,0,0,4,1,3,2,28,6,1598,1,9,1,5,2,510038,201071,41,2,5,4,436,5,77,1,30,1,4,5,87,0,0,1,2,2,0,0,2,2,3,2,1,5,1,3,0,0,1,0,0,9,1,9