accident_severity,vehicle_reference,vehicle_type,towing_and_articulation,vehicle_manoeuvre,vehicle_location-restricted_lane,junction_location,skidding_and_overturning,hit_object_in_carriageway,vehicle_leaving_carriageway,hit_object_off_carriageway,1st_point_of_impact,was_vehicle_left_hand_drive?,journey_purpose_of_driver,sex_of_driver,age_of_driver,age_band_of_driver,engine_capacity_(cc),propulsion_code,age_of_vehicle,driver_home_area_type,NUmber_of_Casualities_unique_to_accident_index,No_of_Vehicles_involved_unique_to_accident_index,location_easting_osgr,location_northing_osgr,police_force,number_of_vehicles,number_of_casualties,day_of_week,local_authority_(district),1st_road_class,1st_road_number,road_type,speed_limit,junction_detail,junction_control,2nd_road_class,2nd_road_number,pedestrian_crossing-human_control,pedestrian_crossing-physical_facilities,light_conditions,weather_conditions,road_surface_conditions,special_conditions_at_site,carriageway_hazards,urban_or_rural_area,did_police_officer_attend_scene_of_accident,casualty_reference,casualty_class,sex_of_casualty,age_of_casualty,age_band_of_casualty,casualty_severity,pedestrian_location,pedestrian_movement,car_passenger,bus_or_coach_passenger,pedestrian_road_maintenance_worker,casualty_type,casualty_home_area_type,casualty_imd_decile
3,1,9,0,13,0,0,0,0,8,6,1,1,6,1,19,4,1598,1,8,1,4,1,528630,212080,41,1,4,2,432,3,414,3,70,0,4,6,0,0,0,1,1,1,0,0,2,1,2,2,2,18,4,3,0,0,2,0,0,9,1,5
3,2,9,0,2,0,1,0,0,0,0,2,1,6,3,38,7,1870,2,10,1,1,2,411396,439247,13,2,1,5,200,6,0,6,30,3,4,6,0,0,0,1,1,1,0,0,1,1,1,1,1,33,6,3,0,0,0,0,0,9,1,5
3,1,9,0,18,0,0,5,0,0,0,4,1,2,1,24,5,1975,1,6,1,1,2,430174,426446,13,2,1,5,204,1,62,3,70,0,4,6,0,0,0,1,1,1,0,0,1,1,1,1,1,24,5,3,0,0,0,0,0,9,1,4
3,1,9,0,18,0,2,0,0,0,0,4,1,6,1,70,10,1896,2,8,1,1,1,391561,374150,7,1,1,1,129,6,0,6,30,6,4,6,0,0,0,1,1,2,0,0,1,1,1,3,2,16,4,3,5,2,0,0,0,0,1,4
3,1,9,0,18,0,8,0,0,0,0,4,1,6,1,27,6,1299,1,8,1,1,1,419622,433581,13,1,1,4,204,6,0,1,30,1,4,6,0,0,0,1,1,1,0,0,1,1,1,3,1,43,7,3,5,1,0,0,0,0,1,1
3,2,9,0,18,0,0,0,0,0,0,4,1,6,1,23,5,1995,1,13,1,1,2,442169,397951,14,2,1,5,213,4,6089,6,40,0,4,6,0,0,0,4,1,1,0,0,2,1,1,1,1,23,5,3,0,0,0,0,0,9,1,7
1,1,9,0,17,0,0,1,0,0,0,4,1,2,1,40,7,1598,1,8,1,2,2,500879,219507,40,2,2,3,424,4,4541,6,60,0,4,6,0,0,0,1,1,4,0,0,2,1,1,1,1,40,7,1,0,0,0,0,0,9,1,2
3,1,9,0,3,0,1,0,0,0,0,2,1,6,2,19,4,1598,1,8,2,2,2,534630,193980,1,2,2,5,32,3,1010,6,30,3,2,3,1010,0,5,1,1,1,0,0,1,2,1,1,2,19,4,3,0,0,0,0,0,9,2,10
3,1,9,0,18,0,8,0,0,0,0,1,1,2,1,30,6,1363,2,11,1,1,2,532150,181230,48,2,1,4,570,5,0,6,30,6,2,5,0,0,5,4,1,1,0,0,1,1,1,1,1,30,6,3,0,0,0,0,0,9,1,3
3,1,9,0,18,0,0,0,0,0,0,1,1,6,2,26,6,1968,2,10,1,1,2,520150,299270,35,2,1,2,394,6,0,6,30,0,4,6,0,0,0,4,1,1,0,0,1,2,1,1,1,33,6,3,0,0,0,0,0,9,1,5
3,1,9,0,9,0,5,0,0,0,0,1,1,6,2,22,5,1598,1,12,1,1,1,458813,223483,43,1,1,3,481,6,129,6,30,3,4,6,0,0,4,1,1,1,0,0,1,1,1,3,1,30,6,3,4,1,0,0,0,0,1,5
2,3,9,0,3,0,0,0,0,0,0,2,1,6,2,27,6,1364,1,10,1,2,3,485127,184631,43,3,2,4,474,3,308,3,50,0,4,6,0,0,0,1,1,1,0,0,2,1,1,1,1,33,6,3,0,0,0,0,0,9,1,5
3,2,9,0,18,0,2,0,0,0,0,1,1,1,1,38,7,1896,2,5,1,2,3,554140,174300,46,3,2,1,532,3,226,9,30,6,2,3,226,0,5,1,1,1,0,0,1,1,1,1,1,33,6,3,0,0,0,0,0,9,1,6
3,1,9,0,18,0,0,5,4,1,0,1,1,6,1,83,11,1598,1,8,1,1,4,632580,144060,46,4,1,4,533,3,2,6,60,0,4,6,0,0,0,1,1,1,0,3,2,1,1,1,1,83,11,3,0,0,0,0,0,9,1,8
3,2,19,0,18,0,1,0,0,0,0,3,1,6,1,55,8,9186,2,1,1,1,2,531610,179450,1,2,1,3,8,3,301,1,30,1,4,3,3202,0,0,4,1,2,0,0,1,1,1,1,1,33,6,3,0,0,0,0,0,9,1,5
3,1,9,0,18,0,1,0,0,0,0,2,1,6,1,55,8,1598,1,8,1,3,4,517510,192580,1,4,3,1,29,3,410,6,30,3,4,6,0,0,4,4,1,1,0,0,1,1,1,1,1,55,8,3,0,0,0,0,0,9,1,5
3,1,9,0,18,0,8,0,0,0,0,1,1,6,1,35,6,1968,2,6,1,1,2,528950,163650,1,2,1,2,21,4,271,6,30,6,4,3,237,0,0,4,2,2,0,0,1,2,1,1,1,35,6,3,0,0,0,0,0,9,1,4
3,2,21,1,4,0,0,0,0,0,0,2,1,1,1,56,9,6370,2,9,3,1,2,447282,195209,43,2,1,6,483,3,34,3,70,0,4,6,0,0,0,6,1,1,4,2,2,1,1,1,1,56,9,3,0,0,0,0,0,21,3,9
3,1,9,0,3,0,1,0,0,0,0,2,1,6,1,72,10,1968,2,7,2,2,2,411816,186171,54,2,2,1,633,4,4534,6,40,1,4,6,0,0,0,1,2,2,0,0,2,1,2,2,1,41,7,3,0,0,2,0,0,9,2,5
3,2,9,0,4,0,0,0,0,0,0,2,1,6,2,36,7,1685,2,8,3,1,2,570748,206547,42,2,1,3,454,3,1060,3,40,0,4,6,0,0,0,1,1,2,0,0,1,1,1,1,2,36,7,3,0,0,0,0,0,9,3,6
3,1,9,0,17,0,0,1,10,1,4,2,1,2,1,57,9,1598,1,8,1,1,1,378050,295540,22,1,1,4,286,3,454,6,60,0,4,6,0,0,0,1,1,2,0,0,2,1,1,1,1,57,9,3,0,0,0,0,0,9,1,5
3,2,9,0,18,0,0,0,0,0,0,2,1,6,2,32,6,1149,1,3,1,2,3,304908,669965,95,3,2,2,940,3,899,3,50,0,4,6,0,0,0,4,2,2,0,0,1,1,1,1,2,32,6,3,0,0,0,0,0,9,1,5
3,2,9,0,18,0,8,0,0,0,0,1,1,6,2,51,8,1560,2,3,1,1,2,490760,334627,32,2,1,6,355,3,607,6,30,6,2,5,471,0,0,4,1,1,0,0,1,2,1,1,2,51,8,3,0,0,0,0,0,9,1,8
3,1,9,0,13,0,1,0,0,0,0,0,1,6,2,34,6,1998,1,17,1,1,2,432670,334280,30,2,1,5,323,4,5021,6,30,1,4,6,0,0,0,1,9,1,0,0,1,2,1,1,1,33,6,3,0,0,0,0,0,9,1,5
3,3,9,0,4,0,0,1,0,0,0,1,1,2,2,33,6,1242,1,8,1,1,3,452449,300363,33,3,1,3,360,4,582,6,40,0,4,6,0,0,0,6,5,2,0,0,2,1,1,1,1,33,6,3,0,0,0,0,0,9,1,5
3,2,9,0,5,0,4,0,0,0,0,2,1,6,1,55,8,1598,1,8,1,1,2,320356,179358,62,2,1,6,741,6,0,6,30,1,4,6,0,0,0,1,1,1,0,0,2,1,2,1,1,55,8,3,0,0,0,0,0,9,1,5
3,1,9,0,10,0,8,0,0,0,0,1,1,2,1,48,8,1198,1,1,1,1,2,436511,565881,10,2,1,4,149,4,1301,1,30,1,4,4,1298,0,0,1,1,1,0,0,1,1,1,1,1,33,6,3,0,0,0,0,0,9,1,5
3,2,9,5,9,0,6,0,0,0,0,2,1,1,1,31,6,2494,2,7,2,1,2,414911,324790,21,2,1,5,251,3,515,6,60,6,3,4,5234,0,0,1,1,1,0,0,2,2,1,1,1,33,6,3,0,0,0,0,0,9,1,5
3,1,9,0,18,0,0,1,0,2,7,1,1,6,2,28,6,1598,1,10,1,1,1,473255,153202,44,1,1,5,494,1,3,3,70,0,4,6,0,0,0,4,2,2,0,0,2,1,1,1,2,28,6,3,0,0,0,0,0,9,1,1
3,4,9,0,4,0,0,0,0,0,0,2,1,6,2,35,6,2000,2,10,1,3,4,522254,199519,41,4,3,3,33,3,1,3,70,0,4,6,0,0,0,1,1,1,0,0,2,1,3,1,2,35,6,3,0,0,0,0,0,9,1,7
1,1,10,0,16,0,0,0,0,1,10,3,2,2,1,27,6,1598,1,8,3,9,2,423318,326519,21,2,9,1,251,3,511,6,40,0,4,6,0,0,0,4,2,2,0,0,1,1,5,2,1,28,6,3,0,0,0,0,0,10,3,9
3,2,9,0,3,0,1,0,0,0,0,2,1,2,1,27,6,1398,1,12,1,1,2,411197,280470,20,2,1,3,300,4,4025,1,30,1,4,3,34,0,0,4,1,1,0,0,1,2,1,1,1,27,6,3,0,0,0,0,0,9,1,2
3,1,9,0,9,0,6,0,0,0,0,3,1,6,2,31,6,1910,2,8,1,1,2,354550,177199,52,2,1,3,601,4,4057,6,30,6,4,6,0,0,8,1,1,1,0,0,1,1,1,1,1,33,6,3,0,0,0,0,0,9,1,5
3,2,8,0,18,0,1,1,0,0,0,1,1,1,1,45,7,1910,2,7,1,1,4,448792,360406,31,4,1,4,340,4,6028,6,30,8,4,6,0,0,0,1,1,1,0,0,2,1,1,1,1,33,6,3,0,0,0,0,0,9,1,5
3,2,9,0,4,0,0,0,0,1,9,2,1,6,2,67,10,1086,1,6,1,1,2,579196,217373,42,2,1,6,451,6,0,6,60,0,4,6,0,0,0,1,1,2,0,0,2,1,1,1,2,67,10,3,0,0,0,0,0,9,1,6
3,1,9,0,18,0,8,0,0,0,0,1,1,6,2,29,6,1198,1,11,1,2,2,507310,428317,16,2,2,4,228,6,0,6,30,6,4,6,0,0,0,1,1,1,0,0,1,1,1,1,2,29,6,3,0,0,0,0,0,9,1,5
3,2,1,0,18,9,8,0,0,0,0,1,1,6,1,23,5,1598,1,8,2,1,2,385765,158419,54,2,1,4,635,6,0,6,30,3,4,6,0,0,0,1,1,1,0,0,1,1,1,1,1,23,5,3,0,0,0,0,0,1,2,6
2,1,9,0,9,0,6,0,0,0,0,1,1,6,1,79,11,1598,1,8,1,1,2,308340,188763,62,2,1,7,744,4,4595,6,30,3,4,6,0,0,0,1,1,1,0,0,1,1,1,1,1,33,6,3,0,0,0,0,0,9,1,5
3,1,9,0,9,0,8,0,0,0,0,1,1,6,2,18,4,1199,1,14,1,1,2,519108,196412,41,2,1,4,33,4,5378,6,30,2,4,5,85,0,4,4,1,1,0,0,1,2,1,1,2,18,4,3,0,0,0,0,0,9,1,4
3,1,9,0,18,0,0,1,0,0,0,1,1,6,1,17,4,1490,1,9,3,2,2,352920,527700,3,2,2,2,64,3,6,6,60,0,4,6,0,0,0,1,1,1,0,0,2,1,2,2,1,17,4,3,0,0,1,0,0,9,3,8
2,2,10,0,18,0,0,0,0,0,0,1,1,1,1,53,8,2148,2,6,2,4,2,438910,536007,11,2,4,5,169,5,22,6,60,0,4,6,0,0,0,6,2,2,0,0,2,1,4,2,1,80,11,3,0,0,0,0,0,10,2,3
3,3,9,0,18,0,0,0,0,0,0,2,1,6,1,51,8,4163,1,8,1,6,6,440539,172383,43,6,6,1,471,1,4,3,70,0,4,6,0,0,0,1,1,1,0,0,2,1,1,1,1,33,6,3,0,0,0,0,0,9,1,5
3,2,1,0,18,0,0,0,0,1,0,3,1,2,1,25,5,1598,1,8,1,1,2,433982,259580,23,2,1,3,293,4,4455,6,60,0,4,6,0,0,0,6,1,2,0,0,2,1,1,1,1,25,5,3,0,0,0,0,0,1,1,6
3,2,9,0,4,0,0,0,0,0,0,2,1,2,2,29,6,1598,2,5,1,1,2,460286,311332,33,2,1,5,362,3,46,3,70,0,4,6,0,0,0,1,2,2,0,0,2,1,1,1,1,33,6,3,0,0,0,0,0,9,1,5
2,1,9,0,13,0,0,0,0,0,0,4,1,6,3,38,7,1598,1,8,1,1,2,335293,396512,5,2,1,4,93,3,5038,3,30,0,4,6,0,0,0,1,1,1,0,0,1,1,1,1,1,33,6,3,0,0,0,0,0,9,1,5
3,2,9,0,4,0,0,0,0,0,0,2,1,6,1,49,8,2148,2,9,1,5,3,501564,187807,43,3,5,6,477,1,25,3,70,0,4,6,0,0,0,4,1,2,1,0,2,1,3,2,2,13,3,3,0,0,2,0,0,9,1,4
2,2,9,0,18,0,8,0,0,0,0,3,1,6,2,41,7,1398,2,6,1,1,2,485948,238342,43,2,1,2,479,6,1069,3,30,1,4,6,1069,0,0,1,1,1,0,0,1,1,1,1,1,33,6,3,0,0,0,0,0,9,1,5
3,2,9,0,18,0,1,0,0,1,10,1,1,6,2,26,6,1339,1,12,1,1,2,353380,430470,4,2,1,4,79,6,0,6,30,6,4,6,0,0,0,4,1,1,0,0,1,1,1,1,2,26,6,3,0,0,0,0,0,9,1,10
3,2,9,0,3,0,1,0,0,0,0,2,1,6,2,42,7,1598,1,7,1,2,3,434580,282320,20,3,2,7,302,4,4113,6,30,1,4,4,4082,0,0,1,1,1,0,0,1,2,2,2,1,14,3,3,0,0,1,0,0,9,1,1
3,1,9,0,18,0,0,0,0,0,0,1,1,6,1,64,9,2400,2,5,3,1,2,525945,137310,47,2,1,4,560,3,23,3,70,0,4,6,0,0,0,1,1,2,0,0,1,1,1,1,1,33,6,3,0,0,0,0,0,9,1,5
3,2,9,0,18,0,1,0,0,0,0,2,1,1,2,28,6,1598,1,2,1,1,2,405680,286140,20,2,1,2,300,6,0,3,30,1,4,3,456,0,0,4,1,1,0,0,1,2,1,1,2,28,6,3,0,0,0,0,0,9,1,5
3,2,9,0,18,0,0,0,0,0,0,4,1,6,1,51,8,1598,1,8,1,1,2,419853,562504,10,2,1,7,146,3,694,6,30,0,4,6,0,0,0,1,1,1,0,0,1,1,1,2,1,6,2,3,0,0,2,0,0,9,1,2
3,1,9,0,7,0,3,0,0,1,7,3,1,2,1,24,5,1598,1,8,1,1,2,418775,293533,23,2,1,6,290,3,446,1,60,1,4,3,4097,0,0,4,4,1,0,0,2,1,1,1,1,24,5,3,0,0,0,0,0,9,1,1
3,1,9,0,16,0,0,1,0,0,0,1,1,2,1,58,9,1997,2,7,1,1,1,366441,384543,7,1,1,5,128,1,6,7,70,0,4,6,0,0,0,4,2,2,0,0,2,1,1,1,1,58,9,3,0,0,0,0,0,9,1,5
3,2,9,0,18,0,2,0,0,4,0,1,1,5,2,24,5,1242,1,12,1,3,2,392329,287117,20,2,3,4,303,6,0,3,30,9,4,6,0,0,0,1,2,2,0,0,1,1,2,2,2,24,5,3,0,0,1,0,0,9,1,1
3,1,11,0,4,0,1,0,0,0,0,0,1,1,2,38,7,4500,2,1,1,1,1,537770,173840,1,1,1,7,7,3,21,6,30,3,4,6,0,0,0,1,1,1,0,0,1,1,1,2,2,4,1,3,0,0,0,3,0,11,1,3
3,1,9,0,9,0,8,0,0,1,0,3,1,6,1,60,9,2143,2,1,1,1,2,549420,190980,1,2,1,4,15,4,174,6,30,3,4,5,0,0,0,1,1,1,0,0,1,1,1,1,1,33,6,3,0,0,0,0,0,9,1,5
3,1,9,0,18,0,8,0,0,0,0,4,1,6,1,26,6,1984,1,5,1,3,2,529460,179950,1,2,3,7,1,5,0,6,30,3,2,6,0,0,5,4,1,1,0,0,1,1,1,2,1,29,6,3,0,0,2,0,0,9,1,5
3,1,9,0,5,0,1,0,0,0,0,3,1,6,2,27,6,1242,1,13,1,1,2,537970,174250,1,2,1,4,7,6,0,6,30,3,4,6,0,0,0,7,1,1,0,0,1,2,1,1,2,27,6,3,0,0,0,0,0,9,1,2
3,1,9,0,4,0,0,0,0,0,0,1,1,2,1,47,8,1596,1,10,1,2,3,515390,168680,1,3,2,7,24,3,308,6,30,0,4,6,0,0,0,1,1,1,0,0,1,1,1,1,1,47,8,3,0,0,0,0,0,9,1,6
3,2,9,0,18,0,0,0,0,0,0,1,1,6,1,43,7,1797,8,4,1,1,2,532740,182560,1,2,1,1,3,3,501,6,30,0,4,6,0,0,5,4,1,1,0,0,1,1,1,1,1,43,7,3,0,0,0,0,0,9,1,2
2,1,9,0,17,6,1,0,0,1,7,1,1,6,3,38,7,1998,2,12,1,3,1,633370,149000,46,1,3,7,533,6,2731,6,60,8,4,6,0,0,0,6,1,1,0,0,2,1,2,2,1,47,8,2,0,0,1,0,0,9,1,5
3,2,11,0,18,0,1,0,0,0,0,4,1,1,1,51,8,8268,2,11,1,2,2,336880,427210,4,2,2,2,74,6,0,6,20,6,4,6,0,0,1,1,1,1,0,0,1,1,1,2,1,86,11,3,0,0,0,4,0,11,2,10
2,1,21,0,4,0,0,1,0,1,7,1,1,1,1,39,7,7146,2,4,1,3,3,512353,199398,41,3,3,2,33,1,1,3,70,0,4,6,0,0,0,1,2,2,0,0,1,1,1,1,1,33,6,3,0,0,0,0,0,9,1,5
3,2,9,0,3,0,2,0,0,0,0,2,1,6,2,33,6,1364,1,1,1,1,3,530440,173610,1,3,1,4,9,3,23,6,30,3,4,6,0,0,4,4,1,1,0,0,1,1,1,1,2,33,6,3,0,0,0,0,0,9,1,4
3,1,9,0,18,0,0,0,0,0,0,1,1,6,1,82,11,1108,1,7,2,1,2,250969,636943,97,2,1,4,919,3,71,6,60,0,4,6,0,0,0,1,2,2,4,0,2,1,1,1,1,82,11,3,0,0,0,0,0,9,2,5
2,1,9,0,9,0,1,0,0,0,0,4,1,6,1,58,9,3000,1,9,1,1,2,207187,67107,50,2,1,3,596,6,0,6,30,3,4,6,0,0,0,4,1,1,0,0,1,1,1,1,1,33,6,3,0,0,0,0,0,9,1,5
3,2,8,0,18,0,8,0,0,1,1,1,1,1,1,47,8,1998,2,10,2,1,2,391585,375738,7,2,1,5,129,3,538,6,30,3,4,6,0,0,0,1,2,2,0,0,1,1,1,1,1,47,8,3,0,0,0,0,0,8,2,10
1,3,9,0,18,0,0,0,0,0,0,1,1,6,1,21,5,1596,1,14,1,6,3,606754,296926,36,3,6,7,400,3,11,3,70,0,4,6,0,0,0,6,1,2,0,0,2,1,4,2,2,18,4,3,0,0,1,0,0,9,1,2
2,2,9,0,3,0,2,0,0,0,0,2,1,6,2,35,6,1999,1,9,1,1,2,580096,111194,47,2,1,6,552,3,21,6,30,3,4,6,0,0,1,1,1,1,0,0,1,1,1,1,2,35,6,2,0,0,0,0,0,9,2,5
3,6,9,0,4,0,2,0,0,0,0,3,1,6,1,33,6,1329,1,4,1,2,7,507930,178510,1,7,2,4,26,1,4,3,70,5,4,6,0,0,0,4,1,1,0,0,1,1,1,1,1,33,6,3,0,0,0,0,0,9,1,5
3,1,9,0,18,0,8,0,0,0,0,1,1,1,2,18,4,1329,1,5,1,1,2,411120,293660,20,2,1,6,300,4,4142,6,30,3,4,6,0,0,0,1,1,4,0,0,1,1,1,1,1,33,6,3,0,0,0,0,0,9,1,5
3,2,9,0,18,0,8,0,0,0,0,1,1,6,1,26,6,1598,1,9,1,2,2,400170,296940,20,2,2,2,307,3,4148,3,30,6,2,6,0,0,5,4,2,2,0,0,1,1,2,1,1,26,6,3,0,0,0,0,0,9,1,2
3,1,9,0,18,0,0,2,4,0,0,1,1,1,1,38,7,1595,1,7,1,1,2,453693,338653,31,2,1,3,346,3,52,6,30,0,4,6,0,0,0,1,1,1,0,0,1,1,1,1,1,38,7,3,0,0,0,0,0,9,1,2
3,1,1,0,3,0,1,0,4,0,0,3,1,2,1,53,8,1598,1,8,1,1,2,457693,403446,14,2,1,3,211,6,0,6,30,7,2,6,0,0,5,1,1,1,0,0,1,1,1,1,1,53,8,3,0,0,0,0,0,1,1,1
3,2,9,0,2,0,0,0,0,0,0,2,1,1,1,60,9,1339,1,7,1,1,2,454912,302519,33,2,1,5,360,6,3263,6,30,0,4,6,0,0,0,1,1,2,0,0,1,1,1,1,1,33,6,3,0,0,0,0,0,9,1,5
3,2,9,0,17,0,0,0,10,1,1,3,1,6,2,50,8,1124,1,14,1,1,2,436409,292085,23,2,1,2,291,6,0,2,30,0,4,6,0,0,4,1,1,2,0,0,1,1,1,1,2,50,8,3,0,0,0,0,0,9,1,5
3,2,9,0,8,0,1,0,0,0,0,2,1,6,1,27,6,1461,2,1,1,4,2,384350,395210,6,2,4,4,102,5,0,6,30,6,2,5,0,0,5,1,1,1,0,0,1,2,4,2,1,19,4,3,0,0,2,0,0,9,1,2
3,3,9,0,4,0,0,0,0,0,0,2,1,6,1,51,8,1198,1,6,1,1,3,543290,186160,1,3,1,7,14,3,406,7,50,0,4,6,0,0,0,4,1,1,0,0,1,1,1,1,1,33,6,3,0,0,0,0,0,9,1,5
3,4,9,0,2,0,0,0,0,0,0,3,1,6,2,80,11,995,1,7,1,2,4,359666,176399,52,4,2,7,601,4,4469,9,20,0,4,6,0,0,0,4,1,1,0,0,1,1,1,1,1,33,6,3,0,0,0,0,0,9,1,5
3,2,9,0,2,0,1,0,0,0,0,2,1,6,2,49,8,1798,1,7,2,1,2,171966,620383,97,2,1,2,913,4,842,6,30,9,4,6,0,0,5,1,1,1,0,0,2,2,1,2,2,62,9,3,0,0,1,0,0,9,2,5
3,4,9,0,3,0,0,0,0,0,0,2,1,6,1,52,8,1995,2,1,1,1,4,510610,184440,1,4,1,2,26,3,40,3,60,0,4,6,0,0,0,4,1,1,0,0,1,1,1,1,1,33,6,3,0,0,0,0,0,9,1,5
3,2,19,0,13,0,0,0,0,0,0,1,1,6,1,38,7,1753,2,8,2,2,2,559270,267350,35,2,2,2,391,4,1102,6,30,0,4,6,0,0,0,1,1,1,0,0,2,2,1,1,1,33,6,3,0,0,0,0,0,9,1,5
3,1,9,0,9,0,5,0,0,0,0,1,1,2,1,23,5,1910,2,7,1,1,2,391430,279130,22,2,1,6,270,6,0,6,30,3,4,6,0,0,0,1,1,2,6,0,2,1,1,1,1,23,5,3,0,0,0,0,0,9,1,10
3,2,1,0,4,0,6,0,0,0,0,1,1,6,1,13,3,1598,1,8,1,1,2,406410,373670,30,2,1,1,325,3,6,6,30,3,4,6,0,0,4,1,1,1,0,0,1,1,1,1,1,13,3,3,0,0,0,0,0,1,1,5
3,1,10,0,4,0,1,0,0,0,0,1,1,1,1,38,7,2402,2,8,1,1,2,341596,366528,7,2,1,4,130,5,224,6,30,3,2,3,51,0,5,1,1,2,0,0,1,2,1,1,1,33,6,3,0,0,0,0,0,9,1,5
3,2,21,0,18,0,0,0,0,0,0,2,1,1,1,33,6,11946,2,9,1,2,2,380085,179304,54,2,2,3,635,1,4,3,70,0,4,6,0,0,0,1,1,1,0,0,2,1,1,1,1,33,6,3,0,0,0,0,0,9,1,5
3,1,9,0,18,0,0,1,0,0,0,4,1,6,2,20,4,1598,1,8,3,1,1,342744,147468,52,1,1,5,607,4,3139,9,20,0,4,6,0,0,0,7,1,2,0,0,2,1,1,2,2,18,4,3,0,0,1,0,0,9,1,2
2,1,19,0,17,0,0,0,0,0,0,1,1,6,1,26,6,1598,1,8,1,1,3,393935,323172,21,3,1,6,255,5,28,6,30,0,4,6,0,0,0,1,1,1,0,0,2,1,1,1,1,26,6,2,0,0,0,0,0,19,1,4
2,1,9,0,18,0,8,0,0,0,0,1,1,6,3,38,7,1598,1,8,1,1,1,343793,164077,52,1,1,3,605,3,370,6,30,6,2,3,370,0,0,1,1,1,0,0,2,1,1,3,2,84,11,2,8,9,0,0,0,0,2,9
3,2,9,0,8,0,8,0,0,0,0,3,1,6,2,17,4,1242,1,5,1,1,3,508750,188040,1,3,1,6,26,3,4180,6,30,6,4,3,4180,0,0,4,2,2,0,0,1,1,1,1,1,33,6,3,0,0,0,0,0,9,1,5
3,2,9,0,18,0,0,0,0,0,0,2,1,6,1,40,7,1988,1,14,1,3,2,464044,102692,44,2,3,7,498,1,275,6,60,0,4,6,0,0,0,1,1,1,0,0,2,1,2,1,1,40,7,3,0,0,0,0,0,9,1,3
3,2,9,0,18,0,8,0,0,0,0,1,1,6,1,26,6,1124,1,14,1,1,2,449146,520409,17,2,1,7,243,6,0,6,30,3,2,6,0,0,4,4,1,1,0,0,1,1,1,2,2,28,6,3,0,0,1,0,0,9,1,1
3,3,9,0,4,0,0,0,0,0,0,2,1,1,1,19,4,1598,1,8,2,2,3,558930,172720,46,3,2,3,532,3,2,3,70,0,4,6,0,0,0,1,1,1,0,0,2,1,1,1,1,33,6,3,0,0,0,0,0,9,1,5
3,3,9,0,4,0,0,0,0,0,0,2,1,6,2,44,7,1398,2,7,3,1,3,321530,474560,3,3,1,4,61,3,590,6,60,0,4,6,0,0,0,1,1,1,0,0,2,1,1,1,1,33,6,3,0,0,0,0,0,9,1,5
3,1,9,0,4,0,1,0,0,0,0,2,1,6,2,19,4,1242,1,3,1,2,2,547650,183590,1,2,2,1,16,5,0,6,30,3,4,3,13,0,0,1,2,2,0,0,1,2,2,2,1,22,5,3,0,0,1,0,0,9,1,3
3,2,9,0,1,0,0,0,0,0,0,2,1,6,2,40,7,1461,2,3,1,1,2,393370,805895,92,2,1,1,910,6,0,2,20,0,4,6,0,0,0,4,1,1,0,0,1,2,1,1,1,33,6,3,0,0,0,0,0,9,1,5
3,2,9,0,11,0,0,0,0,0,0,0,1,6,1,84,11,1493,2,7,1,1,4,487035,155685,44,4,1,5,499,3,325,6,40,0,4,6,0,0,0,1,1,1,0,0,1,1,1,1,1,33,6,3,0,0,0,0,0,9,1,5
3,1,9,0,18,0,8,0,0,0,0,4,1,6,1,30,6,2179,2,1,1,1,2,526247,104876,47,2,1,1,565,3,259,9,40,3,2,4,2194,0,5,1,1,1,0,0,1,2,1,1,1,33,6,3,0,0,0,0,0,9,1,5
3,2,9,0,10,0,1,0,0,0,0,2,1,6,2,27,6,2993,2,2,3,5,3,501817,426464,16,3,5,4,231,3,164,1,40,1,4,3,15,0,4,1,1,1,0,0,2,1,5,2,2,1,1,3,0,0,2,0,0,9,3,6
3,2,9,0,4,0,0,0,0,0,0,1,1,1,1,30,6,1598,1,7,1,1,2,457918,301242,33,2,1,5,364,6,38,6,30,0,4,6,0,0,0,4,1,1,0,0,1,1,1,1,1,33,6,3,0,0,0,0,0,9,1,5
3,1,9,0,12,0,3,0,0,0,0,1,1,1,2,27,6,1596,1,2,1,1,2,585419,188686,42,2,1,2,460,6,0,1,30,1,4,6,0,0,0,4,2,2,0,0,1,1,1,1,1,33,6,3,0,0,0,0,0,9,1,5
3,1,9,0,5,0,2,0,0,0,0,1,1,6,1,17,4,1242,1,10,1,1,2,461850,431661,12,2,1,3,187,3,1041,6,40,3,4,6,1140,0,0,5,1,1,0,0,1,1,1,1,1,33,6,3,0,0,0,0,0,9,1,5
3,2,9,0,18,0,8,0,0,0,0,3,1,6,1,50,8,1124,1,14,1,1,2,486102,150931,44,2,1,6,499,3,323,6,40,6,2,4,3007,0,4,1,1,1,0,0,1,1,1,1,1,50,8,3,0,0,0,0,0,9,1,7
3,1,9,0,3,0,1,0,0,0,0,2,1,6,1,36,7,1995,1,9,1,1,2,535000,182730,1,2,1,1,5,4,135,6,30,6,2,3,107,0,5,4,1,1,0,0,1,1,1,1,1,36,7,3,0,0,0,0,0,9,1,2
3,2,9,0,18,0,8,0,0,4,2,1,1,6,1,30,6,1598,1,8,1,1,2,558600,173880,46,2,1,7,532,4,255,3,40,1,3,6,0,0,0,1,1,1,0,0,2,1,1,1,1,30,6,3,0,0,0,0,0,9,1,4
3,1,11,0,7,0,2,0,0,0,0,0,1,1,3,38,7,1598,1,8,1,1,1,401246,293296,20,1,1,2,305,3,4031,6,30,3,1,6,0,0,0,1,8,2,0,0,1,2,1,2,1,70,10,3,0,0,0,3,0,11,1,3