accident_severity,vehicle_reference,vehicle_type,towing_and_articulation,vehicle_manoeuvre,vehicle_location-restricted_lane,junction_location,skidding_and_overturning,hit_object_in_carriageway,vehicle_leaving_carriageway,hit_object_off_carriageway,1st_point_of_impact,was_vehicle_left_hand_drive?,journey_purpose_of_driver,sex_of_driver,age_of_driver,age_band_of_driver,engine_capacity_(cc),propulsion_code,age_of_vehicle,driver_home_area_type,NUmber_of_Casualities_unique_to_accident_index,No_of_Vehicles_involved_unique_to_accident_index,location_easting_osgr,location_northing_osgr,police_force,number_of_vehicles,number_of_casualties,day_of_week,local_authority_(district),1st_road_class,1st_road_number,road_type,speed_limit,junction_detail,junction_control,2nd_road_class,2nd_road_number,pedestrian_crossing-human_control,pedestrian_crossing-physical_facilities,light_conditions,weather_conditions,road_surface_conditions,special_conditions_at_site,carriageway_hazards,urban_or_rural_area,did_police_officer_attend_scene_of_accident,casualty_reference,casualty_class,sex_of_casualty,age_of_casualty,age_band_of_casualty,casualty_severity,pedestrian_location,pedestrian_movement,car_passenger,bus_or_coach_passenger,pedestrian_road_maintenance_worker,casualty_type,casualty_home_area_type,casualty_imd_decile
2,2,1,0,18,0,8,0,0,0,0,1,1,6,1,38,7,1598,1,8,2,1,2,502621,252717,40,2,1,3,420,5,15,6,30,8,4,6,0,0,4,1,1,1,0,0,2,1,1,1,1,38,7,2,0,0,0,0,0,1,2,6
3,1,9,0,18,0,1,1,0,0,0,1,1,6,1,26,6,1598,1,8,1,5,2,282080,212600,63,2,5,1,753,3,4067,6,60,3,4,3,4221,0,0,1,2,2,0,0,2,1,3,1,1,26,6,3,0,0,0,0,0,9,1,2
3,2,9,0,2,0,0,0,0,0,0,2,1,6,1,63,9,1364,1,4,1,2,2,415242,434729,13,2,2,6,200,6,0,6,30,0,4,6,0,0,0,4,1,1,0,0,1,1,1,1,1,63,9,3,0,0,0,0,0,9,1,1
3,2,9,0,18,0,1,0,0,0,0,1,1,6,3,19,4,1299,1,14,1,1,2,443030,352740,30,2,1,2,320,6,0,6,30,3,4,6,0,0,0,4,1,1,0,0,1,1,1,1,1,33,6,3,0,0,0,0,0,9,1,5
3,4,9,0,18,0,0,0,0,0,0,2,1,6,1,19,4,973,1,12,1,4,5,451794,411939,14,5,4,1,211,3,1,3,70,0,4,6,0,0,0,4,1,1,0,0,2,1,1,1,1,19,4,3,0,0,0,0,0,9,1,3
3,2,1,0,18,0,1,0,0,0,0,4,1,6,1,18,4,1598,1,8,1,1,2,425563,568102,10,2,1,6,147,3,191,6,30,2,2,5,123,0,0,1,1,1,0,0,1,2,1,1,1,18,4,3,0,0,0,0,0,1,1,5
3,1,9,0,18,0,2,0,0,0,0,2,1,6,1,35,6,1984,1,12,1,1,2,403080,288630,20,2,1,7,305,3,457,3,40,3,4,4,4136,0,0,1,2,2,0,0,1,1,1,1,1,35,6,3,0,0,0,0,0,9,1,5
3,2,9,0,4,0,0,0,0,0,0,2,1,6,2,20,4,1560,2,2,1,1,2,397777,315009,21,2,1,1,254,5,32,6,60,0,4,6,0,0,0,1,5,2,0,0,2,2,1,1,2,20,4,3,0,0,0,0,0,9,1,5
3,1,9,0,18,0,1,1,0,7,11,1,1,6,1,45,7,3189,1,11,1,2,3,332263,386066,5,3,2,1,95,6,0,6,30,3,4,4,5148,0,0,1,1,1,0,0,1,1,1,1,1,45,7,3,0,0,0,0,0,9,1,1
3,2,9,0,18,0,0,0,0,0,0,1,1,6,1,38,7,1995,2,10,3,1,2,347359,176834,52,2,1,2,605,6,0,6,30,0,4,6,0,0,0,1,2,2,0,0,1,1,1,1,1,33,6,3,0,0,0,0,0,9,1,5
2,1,9,0,18,0,3,5,0,7,1,1,1,6,1,27,6,1598,1,8,1,2,1,446966,166416,43,1,2,6,471,3,343,1,30,1,4,3,339,0,4,4,1,2,0,0,1,1,2,2,1,34,6,2,0,0,2,0,0,9,3,5
3,2,9,0,18,0,0,0,0,0,0,3,1,6,2,55,8,998,1,3,2,1,2,437946,417740,13,2,1,7,206,6,0,6,30,0,4,6,0,0,0,1,1,1,0,0,2,1,1,1,2,55,8,3,0,0,0,0,0,9,2,5
2,1,5,0,18,0,8,0,0,0,0,1,1,6,1,67,10,1050,1,3,1,1,2,452445,119418,44,2,1,5,502,4,2177,6,40,3,4,6,0,0,0,1,1,1,0,0,2,1,1,1,1,67,10,2,0,0,0,0,0,5,1,3
2,1,9,0,17,0,0,0,0,0,0,1,1,6,1,29,6,2231,2,9,1,2,2,453599,162955,44,2,2,4,490,6,0,6,60,0,4,6,0,0,0,6,8,2,0,0,2,1,1,1,1,29,6,3,0,0,0,0,0,9,1,4
3,1,9,0,18,0,1,0,0,0,0,1,1,6,1,46,8,1990,1,19,1,2,3,393144,323297,21,3,2,1,255,3,518,6,30,3,4,5,28,0,0,1,1,1,0,0,1,1,1,1,1,46,8,3,0,0,0,0,0,9,1,6
3,1,9,0,18,0,1,0,0,0,0,1,1,6,1,41,7,1242,1,16,1,3,2,541156,101259,47,2,3,4,554,6,0,6,30,3,4,6,0,0,0,1,1,1,0,0,1,1,1,1,1,41,7,3,0,0,0,0,0,9,1,4
3,2,9,0,9,0,8,0,0,0,0,3,1,6,1,38,7,1596,1,8,1,1,2,527890,182070,1,2,1,7,1,3,41,2,30,3,4,6,0,0,0,1,1,1,0,0,1,2,1,1,1,33,6,3,0,0,0,0,0,9,1,5
3,1,9,0,18,0,0,0,0,0,0,1,1,6,2,21,5,1461,2,11,3,1,3,536471,117800,47,3,1,4,554,6,0,6,40,0,4,6,0,0,0,1,1,1,0,0,2,1,1,1,2,21,5,3,0,0,0,0,0,9,3,10
2,1,9,0,9,0,8,0,0,0,0,4,1,6,1,48,8,1397,1,5,3,1,2,547060,166410,1,2,1,4,19,6,0,6,30,3,4,6,0,0,0,1,1,1,0,0,1,1,1,1,1,33,6,3,0,0,0,0,0,9,1,5
2,2,1,0,18,0,0,0,0,0,0,1,1,6,1,44,7,1598,1,8,3,1,2,227170,236060,63,2,1,7,751,6,0,6,60,0,4,6,0,0,0,1,1,1,0,0,2,1,1,1,1,44,7,2,0,0,0,0,0,1,3,5
3,2,3,0,18,0,8,0,0,0,0,4,1,1,1,26,6,124,1,8,1,1,2,399310,300970,20,2,1,6,307,6,0,6,30,8,4,6,0,0,0,1,1,1,0,0,1,1,1,1,1,26,6,3,0,0,0,0,0,3,1,1
3,1,9,0,3,0,0,0,0,0,0,1,1,5,1,24,5,2616,1,11,1,1,2,406858,285656,20,2,1,6,300,3,38,3,30,0,4,6,0,0,5,4,1,1,0,0,1,1,1,1,1,33,6,3,0,0,0,0,0,9,1,5
3,1,9,0,18,0,1,0,0,0,0,1,1,6,1,79,11,1596,1,9,1,1,1,519322,229744,41,1,1,3,433,4,656,6,30,3,4,6,516,0,4,1,1,2,0,0,1,1,1,3,2,18,4,3,1,1,0,0,0,0,3,9
3,2,9,0,9,0,8,0,0,0,0,4,1,6,2,57,9,1198,1,12,1,1,2,387150,400890,6,2,1,2,102,4,6393,6,30,3,4,5,0,0,0,1,2,2,0,0,1,2,1,1,1,33,6,3,0,0,0,0,0,9,1,5
3,2,9,0,4,0,0,0,0,0,0,2,1,2,2,26,6,1598,1,8,1,1,2,510950,180750,1,2,1,3,26,3,312,3,40,0,4,6,0,0,0,4,9,1,0,0,1,2,1,1,2,26,6,3,0,0,0,0,0,9,1,2
3,1,9,0,18,0,0,0,0,0,0,1,1,6,1,37,7,1910,2,10,1,2,2,584831,266379,37,2,2,1,414,3,1101,6,30,0,4,6,0,0,0,1,2,2,0,0,1,1,2,2,2,8,2,3,0,0,2,0,0,9,1,5
3,1,19,0,1,0,2,0,0,0,0,2,1,6,3,38,7,1598,1,8,1,1,1,601560,161350,46,1,1,5,540,6,0,2,30,3,4,6,0,0,0,1,1,1,0,0,1,1,1,3,1,82,11,3,5,9,0,0,0,0,1,6
3,2,9,0,18,0,8,0,0,0,0,1,1,6,1,78,11,1242,1,5,1,3,2,388591,134007,54,2,3,6,635,3,303,6,60,3,4,3,350,0,0,1,1,1,0,0,2,1,2,1,1,78,11,3,0,0,0,0,0,9,1,8
3,2,9,0,11,2,0,0,0,0,0,0,1,6,3,38,7,1598,1,8,1,1,2,530420,181710,1,2,1,6,2,3,4200,6,30,0,4,6,0,0,0,1,1,1,0,0,1,1,1,1,1,33,6,3,0,0,0,0,0,9,1,5
3,1,9,0,18,0,1,0,0,0,0,4,1,6,1,21,5,1395,1,8,1,1,2,507090,176790,1,2,1,5,57,6,0,2,30,3,4,6,0,0,0,1,1,1,0,0,1,1,1,1,1,33,6,3,0,0,0,0,0,9,1,5
3,1,9,0,18,0,8,0,0,0,0,1,1,6,1,38,7,1968,2,7,1,1,2,407860,292730,20,2,1,3,300,3,453,3,30,8,4,6,0,0,0,1,9,1,0,0,1,2,1,1,1,33,6,3,0,0,0,0,0,9,1,5
3,1,1,0,18,0,2,0,0,0,0,1,1,6,1,30,6,1598,1,8,1,1,1,537760,180990,1,1,1,6,5,3,13,6,30,3,4,6,0,0,4,1,1,1,0,0,1,1,1,3,1,92,11,3,1,1,0,0,2,0,1,1
3,2,9,0,18,0,8,0,0,0,0,1,1,6,1,38,7,1396,1,1,1,1,2,523850,182500,1,2,1,4,1,3,404,6,30,6,2,4,450,0,5,4,2,2,0,0,1,2,1,1,1,33,6,3,0,0,0,0,0,9,1,5
3,1,9,0,4,0,1,0,0,0,0,1,1,6,2,55,8,1390,1,16,1,2,2,263461,654563,97,2,2,2,938,6,0,1,30,1,4,6,0,0,1,1,1,1,0,0,1,1,2,2,2,78,11,3,0,0,1,0,0,9,1,5
3,2,9,0,18,0,0,0,0,0,0,4,1,2,2,27,6,998,1,12,1,1,3,511713,157543,45,3,1,3,510,1,25,3,70,0,4,6,0,0,0,1,1,1,0,0,2,1,1,1,2,27,6,3,0,0,0,0,0,9,1,9
3,1,9,0,18,0,1,0,0,0,2,1,1,2,1,51,8,1598,1,8,3,1,1,306831,174074,62,1,1,4,746,3,48,3,30,3,4,6,0,0,0,1,1,2,0,0,2,1,1,1,1,51,8,3,0,0,0,0,0,9,3,5
3,2,8,0,18,0,0,0,0,0,0,1,1,6,2,38,7,1598,1,8,1,1,2,530130,175990,1,2,1,7,9,3,3,6,30,0,4,6,0,0,0,4,1,1,0,0,1,2,1,1,1,33,6,3,0,0,0,0,0,9,1,5
2,2,19,0,4,0,0,0,0,0,0,2,1,1,1,49,8,1905,2,17,1,1,2,426786,106307,44,2,1,7,496,3,35,6,60,0,4,6,0,0,0,1,1,1,0,0,2,1,1,1,1,33,6,3,0,0,0,0,0,9,1,5
3,1,9,0,1,0,1,0,0,0,0,2,1,6,1,26,6,1461,2,1,1,1,1,407370,286832,20,1,1,6,300,6,0,2,30,3,4,4,4100,0,0,1,1,1,0,0,1,1,1,3,1,48,8,3,5,3,0,0,0,0,1,1
3,1,9,0,18,0,8,0,0,0,0,0,1,6,1,79,11,1108,1,13,1,1,2,460450,306395,33,2,1,5,364,5,1315,6,30,3,4,6,919,0,0,1,1,1,0,0,1,1,1,1,1,33,6,3,0,0,0,0,0,9,1,5
3,1,9,0,18,0,4,0,0,0,0,3,1,6,1,18,4,1199,1,11,1,1,2,327424,691632,94,2,1,6,925,6,0,1,30,1,4,3,910,0,0,1,1,1,0,0,1,2,1,1,1,18,4,3,0,0,0,0,0,9,1,5
3,2,19,0,2,0,8,0,0,0,0,2,1,6,3,38,7,2198,2,5,1,1,2,458554,340331,31,2,1,7,346,4,686,6,30,3,4,6,0,0,4,1,1,1,0,0,1,1,1,1,1,33,6,3,0,0,0,0,0,9,1,5
3,1,9,0,13,0,4,5,0,0,0,1,1,6,1,48,8,1587,1,15,1,1,2,472675,209140,43,2,1,3,476,3,418,1,60,1,4,6,144,0,0,1,1,1,0,0,2,1,1,1,1,48,8,3,0,0,0,0,0,9,1,9
3,1,9,0,13,0,0,2,0,0,0,4,1,6,1,44,7,2497,2,8,1,1,2,342500,416610,4,2,1,4,84,6,0,6,40,0,4,6,0,0,0,1,8,2,7,0,2,1,1,1,1,44,7,3,0,0,0,0,0,9,1,6
3,2,9,0,2,6,0,0,0,0,0,1,1,6,1,48,8,1595,1,7,1,1,2,573003,193086,42,2,1,2,450,3,129,6,30,0,4,6,0,0,0,1,1,1,0,0,1,1,1,1,1,33,6,3,0,0,0,0,0,9,1,5
3,2,9,0,18,0,8,0,0,0,0,1,1,6,1,80,11,993,1,16,1,1,2,511501,433948,16,2,1,2,228,6,0,6,30,3,4,6,0,0,0,1,1,1,0,0,1,1,1,1,1,80,11,3,0,0,0,0,0,9,1,1
3,2,9,0,18,0,0,0,0,1,1,3,1,2,2,41,7,1968,2,2,1,1,2,501897,232220,40,2,1,2,424,6,0,6,60,0,4,6,0,0,0,1,1,1,0,0,2,2,1,1,2,41,7,3,0,0,0,0,0,9,1,5
3,2,9,0,18,0,0,0,0,0,0,1,1,6,1,36,7,1598,1,8,1,1,2,266268,197978,62,2,1,5,745,6,0,6,30,0,4,6,0,0,0,4,1,1,0,0,1,1,1,1,1,33,6,3,0,0,0,0,0,9,1,5
3,1,9,0,18,0,2,0,0,0,0,1,1,2,1,27,6,2967,2,3,3,1,2,387483,348298,21,2,1,3,257,3,53,6,30,3,4,6,0,0,4,1,1,1,0,0,1,1,1,1,1,33,6,3,0,0,0,0,0,9,1,5
3,1,9,0,18,0,0,5,0,8,11,1,1,6,1,39,7,1796,1,9,1,1,2,390426,592819,10,2,1,1,139,4,6341,6,60,0,4,6,0,0,0,1,1,1,0,0,2,1,1,1,1,39,7,3,0,0,0,0,0,9,1,5
3,1,21,1,18,0,0,1,0,0,0,1,1,1,1,49,8,12809,2,8,1,1,3,507265,426979,16,3,1,3,228,3,63,3,50,0,4,6,0,0,0,4,5,2,0,0,1,1,1,1,1,33,6,3,0,0,0,0,0,9,1,5
3,1,9,0,18,0,1,0,0,0,0,3,1,2,1,35,6,1600,1,23,1,1,2,476628,161397,44,2,1,3,494,6,0,6,60,3,4,6,0,0,0,1,1,1,0,0,2,1,1,1,1,35,6,3,0,0,0,0,0,9,1,10
3,1,9,0,9,0,4,0,0,0,0,1,1,6,2,71,10,1995,2,2,1,2,2,417196,417574,13,2,2,3,203,6,0,1,30,1,4,6,0,0,0,1,1,1,0,0,1,1,1,1,1,33,6,3,0,0,0,0,0,9,1,5
2,3,9,0,17,0,0,0,0,0,0,1,1,6,1,60,9,1796,1,2,2,4,3,411011,341154,21,3,4,1,251,4,5030,6,60,0,4,6,0,0,0,1,1,1,0,0,2,2,3,1,1,60,9,2,0,0,0,0,0,9,2,7
3,1,9,0,9,0,6,0,0,0,0,1,1,6,2,71,10,1596,1,3,1,2,2,431458,566586,10,2,2,5,148,3,187,6,40,3,4,6,6605,0,0,1,1,1,0,0,1,1,1,1,2,71,10,3,0,0,0,0,0,9,1,2
3,1,9,0,18,0,4,0,0,0,0,3,1,2,2,33,6,1783,1,14,1,1,2,356960,424800,4,2,1,7,73,3,6,1,50,1,4,1,6,0,0,1,1,1,0,0,2,1,1,1,1,33,6,3,0,0,0,0,0,9,1,5
2,1,4,0,13,0,0,0,0,0,0,3,1,6,2,26,6,296,1,1,1,1,3,420670,344160,30,3,1,4,329,3,52,6,50,0,4,6,0,0,0,1,1,1,0,0,2,1,1,1,2,26,6,2,0,0,0,0,0,4,1,5
3,2,9,0,18,0,0,1,0,1,9,2,1,6,2,42,7,1798,1,12,1,1,2,459941,268030,34,2,1,4,381,1,1,3,50,0,4,6,0,0,0,4,2,2,4,0,2,1,1,1,2,42,7,3,0,0,0,0,0,9,1,1
3,2,9,0,17,0,0,5,0,0,0,1,1,6,2,18,4,1598,1,8,3,4,2,316800,485030,3,2,4,3,63,3,595,6,60,0,4,6,0,0,0,6,1,1,0,0,2,1,2,1,2,18,4,3,0,0,0,0,0,9,3,4
3,1,2,0,18,0,0,2,0,0,0,1,1,6,1,21,5,50,1,14,1,2,1,571770,205690,42,1,2,5,454,4,1009,6,30,0,4,6,0,0,0,4,1,2,0,0,1,2,2,3,1,33,6,3,5,3,0,0,0,0,1,5
3,2,1,0,9,0,8,0,0,0,0,3,1,2,1,23,5,1598,1,8,1,1,2,333061,396285,5,2,1,1,93,3,566,6,40,3,2,3,565,0,0,1,1,1,0,0,1,1,1,1,1,23,5,3,0,0,0,0,0,1,1,1
3,1,3,0,18,0,0,1,4,0,0,1,1,2,1,52,8,124,1,5,1,1,2,514460,171180,1,2,1,5,24,3,311,6,20,0,4,6,0,0,0,1,2,2,0,0,1,1,1,1,1,52,8,3,0,0,0,0,0,3,1,6
3,1,9,0,12,0,1,0,0,0,0,1,1,6,1,69,10,1956,2,4,1,1,1,276565,665460,97,1,1,3,932,3,89,6,30,9,4,6,0,0,8,1,1,1,0,0,1,2,1,3,1,48,8,3,9,5,0,0,0,0,1,5
2,1,9,0,16,0,0,1,0,5,0,3,1,6,1,79,11,1998,1,6,1,1,1,490908,139577,45,1,1,5,517,3,3,3,70,0,4,6,0,0,0,1,1,1,0,0,2,1,1,1,1,79,11,2,0,0,0,0,0,9,1,5
3,5,4,0,13,0,0,0,0,0,0,0,1,4,3,38,7,1598,1,8,1,1,5,238310,226590,63,5,1,5,751,3,484,6,40,0,4,6,0,0,0,1,1,1,0,0,2,1,1,1,1,33,6,3,0,0,0,0,0,9,1,5
3,1,9,0,18,0,1,0,0,0,0,0,1,6,1,38,7,1997,2,5,1,1,2,623163,310148,36,2,1,7,404,4,1150,6,30,3,4,6,0,0,0,4,2,2,0,0,1,1,1,1,1,33,6,3,0,0,0,0,0,9,1,5
3,2,19,0,2,0,2,0,0,0,0,2,1,6,3,38,7,2402,2,14,1,1,4,410807,92752,55,4,1,7,640,6,0,6,30,3,4,3,3049,0,0,4,1,1,0,0,1,1,1,1,1,33,6,3,0,0,0,0,0,9,1,5
2,2,9,0,9,0,8,0,0,0,0,1,1,6,1,68,10,1598,1,9,3,1,2,478970,150241,44,2,1,5,494,3,287,6,50,3,4,6,0,0,8,1,1,1,0,0,2,1,1,1,1,33,6,3,0,0,0,0,0,9,1,5
3,1,9,0,16,0,1,0,0,0,0,2,1,6,1,33,6,1598,1,8,1,1,2,527930,169560,1,2,1,1,22,3,217,6,30,1,2,3,216,0,5,1,2,2,0,0,1,1,1,2,2,26,6,3,0,0,1,0,0,9,1,6
3,4,9,0,10,0,5,0,0,0,0,2,1,6,2,59,9,1598,1,19,1,6,4,253007,54960,50,4,6,6,583,6,0,6,40,8,4,6,0,0,0,1,1,1,0,0,2,1,5,2,2,68,10,3,0,0,1,0,0,9,1,9
3,2,9,0,18,0,8,0,0,0,0,1,1,6,2,24,5,1229,1,7,1,3,2,322510,674970,95,2,3,1,923,3,902,6,20,3,2,6,0,0,5,1,1,1,0,0,1,1,2,1,2,24,5,3,0,0,0,0,0,9,1,5
3,1,9,0,18,0,0,0,0,0,0,1,1,6,1,21,5,1800,1,15,1,1,3,373620,405620,6,3,1,7,100,3,575,6,30,0,4,6,0,0,0,4,1,1,0,0,1,1,1,1,1,33,6,3,0,0,0,0,0,9,1,5
3,1,9,0,18,0,0,0,0,0,0,1,1,6,1,38,7,1968,2,3,3,1,2,431900,363540,30,2,1,2,327,5,112,6,60,0,4,6,0,0,0,1,1,1,0,0,2,2,1,1,1,33,6,3,0,0,0,0,0,9,1,5
3,1,9,0,9,0,2,2,10,1,11,1,1,6,1,29,6,1590,1,12,1,1,1,507673,427292,16,1,1,4,228,6,0,6,30,3,4,6,0,0,0,4,5,2,0,0,1,1,1,1,1,29,6,3,0,0,0,0,0,9,1,2
3,2,9,0,3,0,2,0,0,0,0,2,1,6,1,26,6,998,1,13,1,1,2,397800,288630,20,2,1,2,305,6,0,6,30,3,2,6,0,0,0,4,2,2,0,0,1,2,1,1,1,26,6,3,0,0,0,0,0,9,1,2
2,1,8,0,13,0,0,0,0,0,0,3,1,6,1,30,6,1598,1,8,1,1,2,395340,397390,6,2,1,7,110,4,6175,6,30,0,4,6,0,0,0,4,2,2,0,0,1,2,1,1,1,33,6,3,0,0,0,0,0,9,1,5
3,1,9,0,18,0,3,0,0,0,0,1,1,6,2,31,6,1390,1,16,1,4,2,413420,289040,20,2,4,1,300,4,4114,1,30,1,4,4,4147,0,0,4,1,2,0,0,1,1,1,1,2,31,6,3,0,0,0,0,0,9,1,1
3,1,9,0,7,5,2,0,0,0,0,1,1,6,3,62,9,1598,1,8,1,1,1,256574,667048,97,1,1,7,926,6,0,6,30,3,4,6,0,0,0,1,2,2,0,0,1,1,1,3,2,38,7,3,9,7,0,0,0,0,1,5
3,1,1,0,14,0,1,0,0,0,0,1,1,6,1,29,6,1598,1,8,1,1,2,424319,322483,21,2,1,6,251,6,3,6,30,6,4,6,3,0,0,1,1,1,0,0,1,1,1,1,1,29,6,3,0,0,0,0,0,1,1,3
3,1,9,0,18,0,0,0,0,0,0,1,1,6,3,38,7,1598,1,8,1,1,1,335718,390053,5,1,1,1,91,6,0,6,30,0,4,6,0,0,8,1,1,1,0,0,1,2,1,3,1,23,5,3,8,3,0,0,0,0,1,1
2,1,9,0,9,0,6,0,0,0,0,1,1,6,1,58,9,1499,2,8,1,1,1,385080,435020,4,1,1,5,72,3,6114,6,30,3,4,6,0,0,8,1,2,2,0,0,1,1,1,3,2,69,10,2,5,9,0,0,0,0,1,4
3,2,21,0,2,0,1,0,0,0,0,1,1,1,1,40,7,4461,2,3,2,1,2,602288,226073,42,2,1,4,455,6,0,6,30,3,4,6,0,0,1,1,1,1,0,2,1,1,1,1,1,33,6,3,0,0,0,0,0,9,1,5
3,1,9,0,18,0,0,0,10,1,7,3,1,6,2,44,7,1587,1,18,1,1,1,522330,168250,1,1,1,1,22,3,3,6,50,0,4,6,0,0,0,1,2,2,0,0,1,1,1,2,1,2,1,3,0,0,2,0,0,9,1,5
2,2,9,0,18,0,0,0,0,0,0,1,1,6,1,29,6,1896,2,13,1,4,2,407388,91480,55,2,4,2,640,3,338,6,40,0,4,6,0,0,0,1,1,2,0,0,1,1,1,2,1,2,1,3,0,0,2,0,0,9,1,3
2,1,9,0,18,0,1,0,0,0,0,1,1,6,1,28,6,1461,2,1,1,1,2,541169,199221,42,2,1,7,456,6,0,6,30,3,4,6,0,0,0,1,1,1,0,0,2,1,1,1,1,33,6,3,0,0,0,0,0,9,1,5
3,2,9,0,18,0,0,0,0,0,0,2,1,6,2,21,5,1598,1,8,1,1,3,537677,199840,42,3,1,1,456,1,25,3,70,0,4,6,0,0,0,6,8,2,0,0,2,1,1,1,2,21,5,3,0,0,0,0,0,9,1,5
3,2,19,0,18,0,1,0,0,0,0,1,1,1,1,42,7,1998,2,12,1,2,2,401780,281260,20,2,2,5,300,6,0,3,30,3,4,4,4121,0,0,1,1,1,0,0,1,2,2,2,1,26,6,3,0,0,0,0,0,19,1,6
2,1,1,0,18,0,6,0,0,0,0,1,1,6,1,10,2,1598,1,8,1,1,2,420518,528058,11,2,1,6,169,6,0,6,30,3,4,6,0,0,0,1,1,1,0,0,1,1,1,1,1,10,2,2,0,0,0,0,0,1,1,1
3,2,9,0,18,0,0,1,0,1,7,4,1,6,2,47,8,1150,1,10,1,2,2,576730,157890,46,2,2,4,536,1,20,3,70,0,4,6,0,0,0,1,1,1,0,0,2,1,1,1,2,47,8,3,0,0,0,0,0,9,1,3
2,1,11,0,5,0,0,0,0,0,0,1,1,1,1,55,8,6700,2,3,1,1,1,535240,196110,1,1,1,1,32,3,1010,6,30,0,4,6,0,0,0,4,1,1,0,0,1,1,1,3,1,36,7,2,5,1,0,0,2,0,1,1
3,1,9,0,18,0,1,0,0,0,0,1,1,6,1,31,6,1461,2,5,1,1,2,562191,319565,36,2,1,2,407,3,148,6,30,3,2,6,0,0,5,1,1,1,0,0,1,1,1,1,1,33,6,3,0,0,0,0,0,9,1,5
3,2,9,0,10,0,1,0,0,0,0,1,1,6,1,34,6,1000,1,15,1,1,2,326750,674986,95,2,1,2,923,3,900,6,30,9,4,6,0,0,0,1,1,1,0,0,1,2,1,1,1,33,6,3,0,0,0,0,0,9,1,5
3,2,10,0,3,0,0,0,0,0,0,2,1,3,1,41,7,2198,2,2,1,8,3,539100,109355,47,3,8,2,554,3,27,3,50,0,4,6,0,0,0,4,1,1,0,0,2,1,6,2,1,22,5,3,0,0,0,0,0,10,3,6
3,2,9,0,18,0,0,0,0,0,0,1,1,3,1,63,9,1149,1,13,1,2,2,443961,400397,14,2,2,5,213,6,0,6,30,0,4,6,0,0,0,1,1,1,0,0,1,1,1,2,2,16,4,3,0,0,1,0,0,9,1,2
3,2,9,0,4,0,0,0,0,0,0,2,1,6,2,64,9,2143,2,2,1,1,2,570394,208070,42,2,1,3,454,6,0,6,30,0,4,6,0,0,0,1,1,1,0,0,1,1,1,1,1,33,6,3,0,0,0,0,0,9,1,5
3,2,9,0,18,0,8,0,0,0,0,1,1,6,2,38,7,1390,1,10,1,1,2,520070,178500,1,2,1,1,25,3,315,6,30,3,4,6,0,0,1,4,2,2,0,0,1,2,1,1,1,33,6,3,0,0,0,0,0,9,1,5
3,1,9,0,18,0,0,0,0,0,0,1,1,6,1,42,7,1149,1,1,1,2,2,635580,170240,46,2,2,3,541,3,254,6,30,0,4,6,0,0,4,1,2,2,0,0,1,1,1,1,1,33,6,3,0,0,0,0,0,9,1,5
3,1,9,0,18,0,0,0,0,0,0,1,1,1,1,47,8,1497,1,6,1,2,1,534670,186710,1,1,2,1,4,3,107,6,30,0,4,6,0,0,0,1,2,2,0,0,1,1,1,3,2,7,2,3,5,1,0,0,2,0,1,2
3,1,9,0,13,0,0,1,0,1,4,4,1,2,2,36,7,1598,1,8,1,2,2,593110,139950,46,2,2,4,530,3,28,6,30,0,4,6,0,0,0,1,2,2,0,0,2,1,1,1,2,36,7,3,0,0,0,0,0,9,1,5
3,1,9,0,4,0,1,0,0,0,0,1,1,6,3,38,7,1598,1,8,1,1,1,294413,664529,95,1,1,2,940,6,0,6,30,3,4,6,0,0,0,6,1,1,0,0,1,1,1,3,1,10,2,3,10,9,0,0,0,0,1,5
3,1,9,0,17,0,0,1,0,2,7,4,1,6,2,19,4,1364,2,12,2,2,1,457982,447704,12,1,2,2,189,3,64,3,70,0,4,6,0,0,0,1,2,2,0,0,2,1,1,1,2,19,4,3,0,0,0,0,0,9,2,9
2,4,9,0,2,0,2,0,0,0,0,2,1,6,3,38,7,1598,1,8,1,1,4,540638,102392,47,4,1,1,554,6,0,6,30,3,4,6,0,0,0,1,1,1,0,0,1,1,1,1,1,33,6,3,0,0,0,0,0,9,1,5
1,1,9,0,18,0,1,5,12,2,10,1,1,6,1,20,4,1598,1,13,1,3,1,363126,126266,52,1,3,1,610,3,303,6,30,9,4,6,0,0,0,6,1,1,0,7,2,1,3,1,1,20,4,1,0,0,0,0,0,9,1,9
3,1,9,0,18,0,0,0,0,0,0,1,1,1,2,37,7,1598,1,8,3,1,1,194750,214500,63,1,1,2,752,6,0,6,30,0,4,6,0,0,0,4,1,1,0,0,1,2,1,3,1,14,3,3,5,1,0,0,0,0,1,5
3,1,9,0,16,0,0,0,0,0,0,1,1,6,1,27,6,1199,7,10,1,1,2,260465,671768,97,2,1,6,920,6,0,6,60,0,4,6,0,0,0,1,2,2,0,0,2,1,1,1,1,27,6,3,0,0,0,0,0,9,1,5
3,1,9,0,4,0,0,0,0,0,0,2,1,1,1,53,8,1368,1,4,3,2,2,502401,166746,45,2,2,6,514,1,25,3,70,0,4,6,0,0,0,1,2,2,0,0,2,1,2,2,2,48,8,3,0,0,1,0,0,9,3,6
3,2,8,0,3,0,0,0,0,0,0,2,1,3,1,37,7,1896,2,9,1,2,2,453937,344316,31,2,2,3,346,6,0,6,30,0,4,6,0,0,0,1,1,1,0,0,1,1,1,1,1,37,7,3,0,0,0,0,0,8,1,3