accident_severity,vehicle_reference,vehicle_type,towing_and_articulation,vehicle_manoeuvre,vehicle_location-restricted_lane,junction_location,skidding_and_overturning,hit_object_in_carriageway,vehicle_leaving_carriageway,hit_object_off_carriageway,1st_point_of_impact,was_vehicle_left_hand_drive?,journey_purpose_of_driver,sex_of_driver,age_of_driver,age_band_of_driver,engine_capacity_(cc),propulsion_code,age_of_vehicle,driver_home_area_type,NUmber_of_Casualities_unique_to_accident_index,No_of_Vehicles_involved_unique_to_accident_index,location_easting_osgr,location_northing_osgr,police_force,number_of_vehicles,number_of_casualties,day_of_week,local_authority_(district),1st_road_class,1st_road_number,road_type,speed_limit,junction_detail,junction_control,2nd_road_class,2nd_road_number,pedestrian_crossing-human_control,pedestrian_crossing-physical_facilities,light_conditions,weather_conditions,road_surface_conditions,special_conditions_at_site,carriageway_hazards,urban_or_rural_area,did_police_officer_attend_scene_of_accident,casualty_reference,casualty_class,sex_of_casualty,age_of_casualty,age_band_of_casualty,casualty_severity,pedestrian_location,pedestrian_movement,car_passenger,bus_or_coach_passenger,pedestrian_road_maintenance_worker,casualty_type,casualty_home_area_type,casualty_imd_decile
3,1,9,0,18,0,0,5,0,0,0,4,1,6,2,23,5,1339,1,12,3,1,1,317806,102146,50,1,1,6,580,3,30,6,50,0,4,6,0,0,0,6,1,1,0,0,2,1,1,1,2,23,5,3,0,0,0,0,0,9,3,5
3,1,9,0,18,0,8,0,0,0,0,1,1,6,2,26,6,1343,1,11,1,1,2,539350,178170,1,2,1,1,6,3,206,6,30,3,4,6,0,0,0,1,1,1,0,0,1,1,1,1,1,33,6,3,0,0,0,0,0,9,1,5
3,1,9,0,7,0,8,0,0,0,0,4,1,6,1,18,4,1368,1,4,1,1,2,441910,512822,17,2,1,6,245,3,67,6,30,3,4,6,0,0,4,1,1,1,0,0,1,1,1,1,1,33,6,3,0,0,0,0,0,9,1,5
3,3,9,0,10,0,8,0,0,0,0,2,1,6,1,45,7,1968,2,1,3,1,3,512791,249454,40,3,1,6,420,3,603,6,50,8,4,6,0,0,0,1,2,2,0,0,2,2,1,1,1,33,6,3,0,0,0,0,0,9,1,5
3,1,3,0,18,0,8,0,0,0,0,4,1,6,1,64,9,124,1,5,1,1,2,404143,94049,55,2,1,3,643,4,3068,6,30,1,4,5,0,0,0,4,1,1,0,0,1,1,1,1,1,64,9,3,0,0,0,0,0,3,1,4
3,1,9,0,18,0,0,0,0,0,0,3,1,6,1,46,8,1994,2,7,1,1,1,506464,102791,47,1,1,7,558,4,2140,6,30,0,4,6,0,0,0,1,1,1,0,0,1,1,1,3,1,12,3,3,5,1,0,0,0,0,1,7
3,1,9,0,9,0,8,0,0,1,0,1,1,6,2,51,8,1242,1,3,2,1,2,532468,125759,47,2,1,4,563,6,0,6,60,3,4,6,0,0,0,1,1,1,0,0,2,1,1,1,1,33,6,3,0,0,0,0,0,9,1,5
2,2,1,0,18,0,8,0,0,0,0,3,1,6,2,42,7,1598,1,8,1,1,2,392921,425009,13,2,1,4,202,3,646,6,30,3,4,6,0,0,0,1,1,2,0,0,1,1,1,1,2,42,7,2,0,0,0,0,0,1,1,4
3,1,9,0,9,0,6,0,0,1,0,3,1,6,1,30,6,1995,2,4,1,1,2,563322,266072,37,2,1,5,411,3,142,6,60,3,4,3,14,0,0,1,5,2,0,0,2,1,1,1,1,33,6,3,0,0,0,0,0,9,1,5
3,2,90,0,18,0,8,0,0,0,0,1,1,6,3,38,7,1598,1,8,1,1,2,513270,177320,1,2,1,5,25,3,3005,6,30,3,4,6,0,0,4,1,1,1,0,0,1,1,1,1,1,33,6,3,0,0,0,0,0,9,1,5
3,1,9,0,5,0,4,0,0,0,0,2,1,6,1,25,5,1896,2,7,1,1,2,429793,438921,13,2,1,5,204,3,6120,1,40,1,4,6,0,0,0,1,1,1,0,0,1,1,1,1,1,25,5,3,0,0,0,0,0,9,1,1
3,2,9,0,3,0,0,0,0,0,0,2,1,6,1,43,7,1910,2,5,1,2,2,600460,144210,46,2,2,2,530,1,20,3,50,0,4,6,0,0,0,5,1,1,0,3,2,2,2,2,2,45,7,3,0,0,1,0,0,9,1,1
3,3,9,0,2,6,2,0,0,0,0,2,1,6,3,38,7,1995,2,11,1,2,5,514519,206572,41,5,2,4,434,3,5183,6,30,3,4,6,1551,0,4,1,1,1,0,0,1,1,1,1,1,33,6,3,0,0,0,0,0,9,1,5
2,3,9,0,4,0,0,0,0,0,0,2,1,6,1,46,8,1796,1,8,1,2,3,445101,241696,43,3,2,7,481,3,422,6,40,0,4,6,0,0,0,4,1,1,0,0,1,1,2,2,2,49,8,2,0,0,2,0,0,9,1,9
2,2,9,0,18,0,6,0,0,0,0,1,1,6,1,68,10,1598,1,8,3,1,2,320397,205778,61,2,1,4,730,3,467,6,60,3,4,6,0,0,0,1,1,1,0,0,2,1,1,1,1,33,6,3,0,0,0,0,0,9,1,5
3,2,9,0,18,0,0,0,0,0,0,1,1,6,1,26,6,1595,1,9,1,1,2,409337,286068,20,2,1,5,300,6,0,6,30,0,4,6,0,0,0,1,1,1,0,0,1,2,1,1,1,26,6,3,0,0,0,0,0,9,1,2
3,2,9,0,1,0,2,0,0,0,0,2,1,6,3,38,7,1598,1,8,1,1,2,535180,181280,1,2,1,1,5,5,0,6,30,6,2,3,13,0,5,4,1,1,0,0,1,1,1,1,1,33,6,3,0,0,0,0,0,9,1,5
3,1,9,0,18,0,8,0,0,0,0,1,1,6,1,43,7,1780,1,16,1,1,2,458148,336618,31,2,1,6,347,3,60,6,30,3,2,6,0,0,5,4,1,2,0,0,1,1,1,1,1,33,6,3,0,0,0,0,0,9,1,5
3,2,9,0,13,0,0,0,0,0,0,2,1,1,2,40,7,1598,1,8,1,2,2,381938,211791,53,2,2,6,624,1,5,3,70,0,4,6,0,0,0,6,1,1,0,0,2,1,2,2,1,23,5,3,0,0,1,0,0,9,1,4
3,1,9,0,9,0,6,0,0,0,0,3,1,6,1,20,4,1995,2,5,2,1,1,457587,381507,31,1,1,7,341,6,0,6,30,3,4,6,0,0,0,4,9,1,0,0,1,2,1,3,1,52,8,3,5,3,0,0,0,0,1,8
3,1,9,0,18,0,8,0,0,0,0,1,1,6,1,38,7,1598,1,8,1,1,1,524600,178330,1,1,1,6,11,4,317,6,30,3,4,6,0,0,1,4,1,1,0,0,1,2,1,3,2,25,5,3,1,3,0,0,2,0,1,4
3,1,1,0,12,0,2,0,0,0,0,3,1,2,1,24,5,1598,1,8,1,1,2,361780,390126,7,2,1,4,128,3,50,6,30,3,4,6,0,0,8,1,1,1,0,0,1,1,1,1,1,24,5,3,0,0,0,0,0,1,1,7
3,2,9,0,18,0,1,0,0,0,0,1,1,6,3,38,7,1598,1,8,1,1,2,465578,105043,44,2,1,6,498,3,397,6,30,3,4,6,0,0,4,1,1,1,0,0,2,1,1,1,1,33,6,3,0,0,0,0,0,9,1,5
3,1,19,0,9,0,8,0,0,0,0,3,1,6,2,54,8,1461,2,4,1,1,2,522420,182960,1,2,1,6,28,3,404,6,30,3,4,6,0,0,0,1,1,1,0,0,1,1,1,1,1,33,6,3,0,0,0,0,0,9,1,5
3,2,9,0,18,0,0,0,0,0,0,1,1,6,1,42,7,1796,1,16,1,1,2,531770,164920,1,2,1,4,20,3,232,6,30,0,4,6,0,0,0,4,2,2,0,0,1,1,1,1,1,42,7,3,0,0,0,0,0,9,1,2
3,1,9,0,12,0,0,0,11,0,0,1,1,1,1,24,5,1199,1,12,1,2,2,499771,408191,16,2,2,4,232,1,180,3,70,0,4,6,0,0,0,6,1,1,0,2,2,1,1,1,1,24,5,3,0,0,0,0,0,9,1,1
2,1,3,0,18,0,0,0,0,0,0,1,1,6,1,19,4,124,1,8,1,2,2,435232,285298,23,2,2,3,291,4,4113,6,30,0,4,6,0,0,0,4,1,2,0,0,1,1,1,1,1,19,4,2,0,0,0,0,0,3,1,2
3,2,19,0,17,0,8,0,0,0,0,3,1,6,1,25,5,1968,2,1,3,1,2,442701,164837,43,2,1,7,471,6,7122,6,60,3,4,6,7122,0,0,4,1,2,0,0,2,2,1,1,1,25,5,3,0,0,0,0,0,19,3,7
3,2,9,0,9,0,5,0,0,0,0,4,1,6,1,74,10,1948,1,14,1,2,2,418696,432644,13,2,2,3,200,3,6177,6,30,3,4,6,0,0,0,1,1,1,0,0,1,1,1,1,1,74,10,3,0,0,0,0,0,9,1,1
3,2,9,0,18,0,2,0,0,0,0,0,1,6,1,16,4,1598,1,8,1,1,2,414250,435484,13,2,1,4,200,6,0,6,30,9,4,6,0,0,0,1,9,1,0,0,1,2,1,1,1,16,4,3,0,0,0,0,0,9,1,3
3,2,9,0,18,0,1,0,0,0,0,1,1,6,1,19,4,698,1,11,1,3,2,533400,182020,1,2,3,7,4,3,10,6,20,6,2,5,0,0,5,4,2,2,0,0,1,1,1,1,1,33,6,3,0,0,0,0,0,9,1,5
3,2,9,0,10,0,1,0,0,0,0,2,1,6,2,48,8,1560,2,4,1,2,2,526267,104859,47,2,2,4,565,3,259,3,20,3,2,4,2194,0,5,1,9,1,0,0,1,2,1,1,2,48,8,3,0,0,0,0,0,9,1,8
3,1,9,0,16,0,8,0,0,0,0,1,1,6,1,22,5,999,1,1,1,1,2,523410,179750,1,2,1,3,11,3,402,2,30,6,2,3,219,0,5,1,1,1,0,0,1,1,1,1,1,33,6,3,0,0,0,0,0,9,1,5
3,1,19,0,18,0,0,0,0,0,0,1,1,1,1,31,6,2143,2,2,1,2,2,444170,355330,30,2,2,3,321,3,38,3,70,0,4,6,0,0,0,1,1,1,0,0,2,1,1,1,1,31,6,3,0,0,0,0,0,19,1,3
3,1,9,0,18,0,0,0,0,0,0,1,1,6,1,39,7,1598,1,8,1,1,2,335926,390967,5,2,1,4,91,3,580,3,30,0,4,6,0,0,0,4,1,2,0,0,1,1,1,2,2,47,8,3,0,0,1,0,0,9,1,1
3,1,2,0,18,0,1,1,0,0,0,1,1,6,1,17,4,124,1,9,1,1,3,630630,155100,46,3,1,2,533,6,871,6,30,3,4,6,0,0,0,1,2,2,0,0,2,1,1,1,1,17,4,3,0,0,0,0,0,2,1,5
3,1,8,0,7,0,8,0,0,0,0,4,1,6,1,53,8,2499,2,4,1,1,2,529350,181640,1,2,1,7,1,4,506,6,30,6,2,4,506,0,5,4,1,1,0,0,1,1,1,1,1,33,6,3,0,0,0,0,0,9,1,5
2,2,9,0,9,0,1,0,0,0,0,3,1,6,2,24,5,1242,1,4,1,1,2,330291,391844,5,2,1,6,95,6,0,6,30,3,4,6,0,0,0,1,1,1,0,0,1,1,1,1,1,33,6,3,0,0,0,0,0,9,1,5
3,1,9,0,18,0,0,0,0,0,0,1,1,6,2,71,10,1388,1,11,1,1,2,617890,222376,42,2,1,4,461,4,1033,6,30,0,4,6,0,0,1,1,1,1,0,0,2,1,1,1,2,71,10,3,0,0,0,0,0,9,1,5
3,2,9,0,18,0,0,0,0,0,0,1,1,6,2,38,7,1896,2,8,1,1,2,521910,193680,1,2,1,4,30,3,5109,6,30,0,4,6,0,0,0,1,1,1,0,0,1,2,1,1,1,33,6,3,0,0,0,0,0,9,1,5
3,2,9,0,18,0,8,0,0,0,0,1,1,6,1,25,5,2261,1,8,1,4,4,357583,180775,52,4,4,4,612,6,0,3,40,3,2,6,0,0,0,1,1,1,0,0,1,1,1,1,1,33,6,3,0,0,0,0,0,9,1,5
3,1,9,0,18,0,0,0,0,2,10,1,1,6,1,34,6,1242,1,10,2,1,1,352280,477250,3,1,1,1,65,6,0,6,60,0,4,6,0,0,0,6,2,2,0,0,2,1,1,1,1,34,6,3,0,0,0,0,0,9,2,10
3,2,9,0,7,0,8,0,0,0,0,1,1,6,2,48,8,1794,1,12,1,1,2,536610,177040,1,2,1,5,7,3,2,6,30,3,4,4,207,0,0,1,1,1,0,0,1,1,1,1,2,48,8,3,0,0,0,0,0,9,1,5
3,2,1,0,17,0,8,0,0,0,0,2,1,6,1,51,8,1598,1,8,1,1,2,409751,91741,55,2,1,4,640,3,35,1,30,1,4,4,3066,0,7,4,5,2,0,0,1,1,1,1,1,51,8,3,0,0,0,0,0,1,1,5
3,2,9,0,18,0,1,0,0,0,0,1,1,6,1,41,7,1598,1,8,3,1,2,304257,183039,62,2,1,3,744,4,4595,3,30,6,4,6,0,0,5,1,1,1,0,0,1,1,1,1,1,33,6,3,0,0,0,0,0,9,1,5
3,2,19,0,2,0,0,0,0,0,0,2,1,1,1,55,8,1997,2,14,1,1,2,353280,414430,4,2,1,3,73,4,5250,6,40,0,4,6,0,0,0,1,7,2,0,0,2,1,1,1,1,33,6,3,0,0,0,0,0,9,1,5
3,2,9,0,2,0,0,0,0,7,11,2,1,6,3,38,7,1753,2,12,1,1,2,298978,580079,98,2,1,2,917,6,5,6,30,0,4,6,0,0,0,1,1,1,0,0,2,1,1,1,1,33,6,3,0,0,0,0,0,9,1,5
3,3,9,0,18,0,0,0,0,0,0,0,1,6,3,38,7,1598,1,8,1,2,3,348138,119058,52,3,2,1,610,3,303,3,70,0,4,6,0,0,0,1,1,1,0,0,2,1,1,1,1,33,6,3,0,0,0,0,0,9,1,5
3,1,9,0,13,0,8,0,0,0,0,1,2,6,1,62,9,1582,1,52,1,2,3,400650,200761,53,3,2,6,621,3,429,6,60,8,4,6,0,0,0,1,1,1,0,0,2,1,2,2,2,62,9,3,0,0,1,0,0,9,1,5
3,1,9,0,9,0,6,1,0,0,0,2,1,6,2,20,4,1598,1,8,1,2,2,508746,222477,40,2,2,5,421,3,6,6,30,3,4,6,0,0,4,1,1,1,0,0,1,1,2,2,1,63,9,3,0,0,1,0,0,9,1,3
3,1,11,0,18,0,1,0,0,0,0,4,1,1,1,43,7,8268,2,14,1,1,1,326980,675890,95,1,1,3,923,6,0,6,30,6,2,3,900,0,5,1,1,1,0,0,1,1,1,3,2,63,9,3,1,1,0,0,0,0,1,5
2,1,8,0,9,0,1,0,0,0,0,1,1,1,1,36,7,1796,1,11,1,1,2,384906,382028,7,2,1,6,129,6,0,6,30,3,4,6,0,0,0,4,1,1,0,0,1,1,1,1,1,33,6,3,0,0,0,0,0,9,1,5
3,1,9,0,18,0,8,0,0,0,0,1,1,6,1,30,6,1968,2,2,1,1,2,508280,179370,1,2,1,4,26,6,0,6,30,6,4,6,0,0,0,4,1,2,0,0,1,1,1,1,1,30,6,3,0,0,0,0,0,9,1,4
3,2,9,0,18,0,0,0,0,0,0,1,1,6,1,22,5,995,1,9,1,2,4,409720,285160,20,4,2,6,300,3,45,3,40,0,4,6,0,0,4,1,1,1,0,0,1,1,1,1,1,33,6,3,0,0,0,0,0,9,1,5
3,2,9,0,17,0,8,0,10,0,0,4,1,6,1,42,7,1489,1,17,1,2,2,525541,114185,47,2,2,6,563,3,281,6,60,3,4,4,2117,0,0,6,1,1,3,0,2,1,2,1,1,42,7,3,0,0,0,0,0,9,1,2
3,1,9,0,18,0,1,1,0,0,0,1,1,6,2,28,6,1686,2,8,1,5,2,388760,415760,6,2,5,6,106,3,671,6,30,3,4,6,0,0,0,4,2,4,0,0,1,1,5,2,2,34,6,3,0,0,1,0,0,9,1,5
3,1,9,0,4,0,3,0,0,0,0,2,1,6,2,55,8,1248,2,2,1,2,2,519309,229785,41,2,2,5,433,3,505,6,30,1,4,3,505,0,1,1,2,2,0,0,1,1,1,1,2,55,8,3,0,0,0,0,0,9,1,7
3,1,9,0,18,0,1,0,0,0,0,1,1,6,2,83,11,1498,1,8,2,2,3,518063,110629,47,3,2,6,562,6,0,6,30,3,4,6,0,0,0,1,1,1,0,0,2,1,1,1,2,83,11,3,0,0,0,0,0,9,2,8
3,4,9,0,3,0,1,0,0,0,0,2,1,3,2,78,11,999,1,1,1,1,4,424311,267010,23,4,1,3,294,3,4177,6,40,3,4,6,0,0,0,1,1,1,0,0,2,1,1,1,1,33,6,3,0,0,0,0,0,9,1,5
3,2,9,0,3,0,0,0,0,0,0,3,1,1,1,59,9,1598,1,8,1,1,2,509604,428450,16,2,1,5,228,3,63,3,40,0,4,6,0,0,4,1,1,1,0,0,1,2,1,1,1,33,6,3,0,0,0,0,0,9,1,5
3,1,9,0,18,0,0,0,0,7,4,1,1,6,1,53,8,1587,1,13,2,1,1,554632,205430,42,1,1,7,456,6,0,6,60,0,4,6,0,0,0,6,1,2,0,0,2,1,1,1,1,53,8,3,0,0,0,0,0,9,2,4
3,1,9,0,18,0,1,0,0,0,0,1,1,6,1,23,5,1995,2,7,1,3,3,535390,180780,1,3,3,7,5,3,1203,6,30,6,2,3,1203,0,5,4,1,1,0,0,1,1,2,2,2,18,4,3,0,0,1,0,0,9,1,5
3,1,9,0,18,0,0,0,0,0,0,1,1,6,1,38,7,1598,1,8,1,1,2,536939,200409,41,2,1,3,430,3,121,3,40,0,4,6,0,0,4,1,1,1,0,0,1,2,1,1,1,33,6,3,0,0,0,0,0,9,1,5
3,2,1,0,18,0,0,0,0,1,11,1,1,6,1,58,9,1598,1,8,2,1,2,519252,109123,47,2,1,3,562,6,0,6,60,0,4,6,0,0,0,1,1,1,0,0,2,1,1,1,1,58,9,3,0,0,0,0,0,1,2,5
2,3,9,0,18,0,0,0,0,0,0,1,1,6,1,19,4,1598,1,8,1,2,3,449320,365340,30,3,2,5,321,3,617,6,50,0,4,6,0,0,0,6,3,3,0,0,2,2,2,1,1,19,4,2,0,0,0,0,0,9,1,1
3,1,9,0,18,0,1,0,0,7,10,1,1,6,1,80,11,1560,2,2,3,1,1,310889,637929,95,1,1,2,914,3,701,6,60,8,4,6,0,0,0,1,1,1,0,0,2,2,1,1,1,80,11,3,0,0,0,0,0,9,3,5
3,1,9,0,5,0,4,0,0,0,0,1,1,6,1,50,8,1968,2,8,1,1,2,523746,223748,41,2,1,3,435,3,602,1,40,1,4,4,197,0,0,1,1,1,0,0,1,2,1,1,1,33,6,3,0,0,0,0,0,9,1,5
2,1,19,0,18,0,0,0,0,0,0,4,1,1,1,51,8,1870,2,12,1,1,1,435088,572465,10,1,1,2,148,5,205,6,30,0,4,6,0,0,0,1,1,1,0,0,1,2,1,3,1,75,10,2,10,9,0,0,0,0,1,4
3,2,9,0,18,0,8,0,0,0,0,1,1,6,2,40,7,1596,1,6,1,2,2,414139,418327,13,2,2,1,203,6,0,6,30,6,2,6,0,0,0,1,1,1,0,0,1,1,1,1,2,40,7,3,0,0,0,0,0,9,1,1
3,3,9,0,18,0,2,0,0,0,0,1,1,6,2,24,5,1598,1,8,1,1,3,306095,203703,62,3,1,7,742,3,4054,6,40,3,4,6,0,0,0,1,2,2,0,0,1,1,2,1,2,24,5,3,0,0,0,0,0,9,1,5
3,1,9,0,14,0,0,1,0,1,4,3,1,1,2,49,8,1328,1,6,1,1,1,526430,294640,35,1,1,6,392,4,1040,6,60,0,4,6,0,0,0,1,8,4,0,0,2,1,1,1,2,49,8,3,0,0,0,0,0,9,1,2
2,2,9,0,17,0,0,0,0,0,0,3,1,6,1,55,8,1390,1,1,3,1,2,447754,140833,44,2,1,6,502,6,0,6,60,0,4,6,0,0,0,6,2,2,0,0,2,1,1,1,1,33,6,3,0,0,0,0,0,9,1,5
3,1,11,0,3,0,2,0,0,0,0,0,1,1,1,33,6,6700,2,3,1,1,1,535890,190700,1,1,1,5,13,4,179,6,30,6,4,6,0,0,1,1,1,1,0,0,1,1,1,2,2,79,11,3,0,0,0,3,0,11,1,2
3,2,9,0,18,0,8,0,0,0,0,1,1,6,2,19,4,1199,1,14,3,3,2,483422,164097,43,2,3,4,470,4,3348,6,30,6,2,6,7003,0,5,1,1,2,0,0,1,1,3,2,2,9,2,3,0,0,1,0,0,9,3,10
3,3,21,0,18,0,0,0,0,0,0,0,1,1,2,45,7,11946,2,4,1,1,3,529540,138618,47,3,1,5,560,3,2011,3,70,0,4,6,0,0,0,1,1,1,0,0,1,1,1,1,1,33,6,3,0,0,0,0,0,9,1,5
3,1,9,0,16,0,0,0,10,0,0,4,1,5,1,25,5,1910,2,8,1,3,1,395613,342998,21,1,3,2,256,5,68,6,60,0,4,6,0,0,0,6,1,1,0,0,2,2,3,2,2,15,3,3,0,0,2,0,0,9,1,3
3,1,9,0,18,0,0,0,0,0,0,3,1,6,1,38,7,1600,1,15,1,1,3,422271,563788,10,3,1,4,147,5,119,6,30,0,4,6,0,0,0,1,1,1,0,0,1,1,1,1,1,33,6,3,0,0,0,0,0,9,1,5
3,1,9,0,4,0,0,0,0,0,0,2,1,6,1,55,8,4999,1,3,3,1,2,513576,140802,45,2,1,7,512,6,290,6,40,0,4,6,0,0,0,1,1,1,0,0,2,1,1,1,1,33,6,3,0,0,0,0,0,9,1,5
3,2,8,0,18,0,0,0,0,0,0,1,1,1,1,56,9,2148,2,6,3,1,2,265859,48652,50,2,1,4,584,4,3392,6,60,0,4,6,0,0,0,1,1,1,0,0,2,2,1,1,1,56,9,3,0,0,0,0,0,8,3,5
3,2,9,0,4,0,8,1,0,1,0,1,1,6,2,22,5,1242,1,12,1,2,2,530380,200340,1,2,2,4,32,5,0,6,60,8,4,6,0,0,0,1,1,1,0,0,2,1,2,1,2,22,5,3,0,0,0,0,0,9,1,8
3,3,9,0,4,0,0,0,0,0,0,1,1,6,1,25,5,1956,2,2,1,4,3,423784,571792,10,3,4,6,147,3,1,3,70,0,4,6,0,0,0,1,1,1,0,2,2,2,1,1,1,25,5,3,0,0,0,0,0,9,1,4
3,2,9,0,3,0,0,0,0,0,0,2,1,6,1,32,6,1988,1,11,1,2,2,531223,212845,41,2,2,4,33,4,1000,6,30,0,4,6,0,0,4,1,1,1,0,0,1,2,2,2,2,30,6,3,0,0,1,0,0,9,1,5
3,2,9,0,9,0,6,0,0,0,0,1,1,6,1,40,7,1240,1,10,1,3,2,437405,393509,14,2,3,5,215,4,6082,6,40,3,4,4,6086,0,0,1,1,1,0,0,1,1,2,1,1,40,7,3,0,0,0,0,0,9,1,1
3,2,1,0,17,0,8,0,0,0,0,1,1,6,1,37,7,1598,1,8,1,1,2,354550,177199,52,2,1,3,601,4,4057,6,30,6,4,6,0,0,8,1,1,1,0,0,1,1,1,1,1,37,7,3,0,0,0,0,0,1,1,10
3,1,21,1,18,0,0,0,0,0,0,1,1,1,1,40,7,10837,2,5,1,1,2,613161,241714,37,2,1,2,410,3,14,3,70,0,4,6,0,0,0,1,1,1,0,0,2,1,1,1,1,33,6,3,0,0,0,0,0,9,1,5
3,1,9,0,18,0,0,0,0,0,0,1,1,6,2,33,6,1299,1,14,1,3,2,413999,93207,55,2,3,6,640,6,0,6,30,0,4,6,0,0,0,4,1,1,0,0,1,2,1,1,1,33,6,3,0,0,0,0,0,9,1,5
3,1,9,0,9,0,8,0,0,0,0,1,1,1,1,35,6,1910,2,9,1,1,1,432905,455944,12,1,1,1,182,6,691,6,30,3,4,3,59,0,0,4,2,2,0,0,1,1,1,3,2,52,8,3,5,3,0,0,0,0,1,7
3,2,9,0,18,0,1,0,0,0,0,3,1,6,2,56,9,2148,2,9,1,1,2,423898,155874,54,2,1,1,635,3,338,6,30,2,4,6,0,0,0,1,1,1,0,0,2,1,1,1,2,56,9,3,0,0,0,0,0,9,1,10
3,1,8,0,4,0,1,0,0,0,0,2,1,1,1,41,7,1598,1,8,1,1,2,539440,184570,1,2,1,7,17,3,118,6,30,6,2,4,164,0,5,1,1,1,0,0,1,2,1,1,1,41,7,3,0,0,0,0,0,8,1,3
3,1,9,0,9,0,8,0,0,0,0,4,1,2,1,35,6,1968,2,9,1,1,1,514872,103360,47,1,1,7,564,6,0,6,30,3,4,6,0,0,0,4,1,1,0,0,1,1,1,3,2,60,9,3,5,4,0,0,0,0,1,4
2,1,1,0,14,0,0,0,0,0,0,4,1,6,1,22,5,1598,1,8,1,1,2,439553,114666,44,2,1,6,500,6,0,6,30,0,4,6,0,0,0,1,1,1,0,0,1,2,1,1,1,22,5,2,0,0,0,0,0,1,1,4
3,1,9,0,6,0,0,0,0,7,0,1,1,6,2,21,5,1198,1,1,1,1,2,372260,431160,4,2,1,6,75,4,6535,6,50,0,4,6,0,0,8,4,4,1,0,0,2,1,1,1,1,33,6,3,0,0,0,0,0,9,1,5
3,1,9,0,18,0,8,0,0,0,0,1,1,1,1,32,6,1364,1,10,1,1,1,558350,139080,46,1,1,7,543,3,26,6,30,8,4,6,0,0,0,4,1,2,0,0,1,1,1,3,1,23,5,3,9,9,0,0,0,0,1,9
3,1,9,0,18,0,0,0,0,0,0,1,1,6,2,41,7,1797,8,4,1,1,3,534860,159780,1,3,1,5,20,4,269,6,30,0,4,6,0,0,0,1,1,1,0,0,1,1,1,1,2,41,7,3,0,0,0,0,0,9,1,2
3,2,3,0,4,0,8,0,0,0,0,1,1,6,1,23,5,125,1,9,1,1,2,531670,183790,1,2,1,2,3,3,1,6,20,3,4,5,0,0,1,1,2,2,0,0,1,1,1,1,1,23,5,3,0,0,0,0,0,3,1,3
3,1,9,0,18,0,0,0,0,7,10,1,1,6,1,23,5,3999,1,2,1,3,1,400720,298510,20,1,3,4,307,6,0,6,30,0,4,6,0,0,0,4,1,1,0,0,1,1,3,2,1,21,5,3,0,0,2,0,0,9,1,2
3,1,19,0,18,0,4,0,0,0,0,1,1,6,3,38,7,1598,1,8,1,1,2,406780,282960,20,2,1,5,300,6,0,6,30,2,4,6,0,0,0,1,9,1,0,0,1,1,1,1,1,33,6,3,0,0,0,0,0,9,1,5
3,1,1,0,18,0,8,0,0,0,0,1,1,6,2,49,8,1598,1,8,1,1,2,536210,169610,1,2,1,2,19,3,234,6,30,3,4,6,0,0,0,1,1,1,0,0,1,2,1,1,2,49,8,3,0,0,0,0,0,1,1,5
3,1,9,0,4,0,0,0,0,0,0,2,1,6,2,55,8,1995,2,3,1,1,2,519900,166120,1,2,1,2,23,3,3,6,30,0,4,6,0,0,0,1,1,1,0,0,1,1,1,1,2,55,8,3,0,0,0,0,0,9,1,8
3,1,9,0,18,0,1,0,0,0,0,4,1,3,2,29,6,1598,1,9,1,1,1,470624,172321,43,1,1,5,472,6,7201,6,30,3,4,6,7201,0,1,1,1,1,0,0,1,1,1,3,2,3,1,3,1,1,0,0,0,0,1,6
3,1,9,3,18,0,0,1,0,7,0,3,1,6,1,85,11,1995,2,8,3,3,1,403386,622305,10,1,3,1,139,3,697,6,50,0,4,6,0,0,0,1,1,1,5,0,2,1,3,2,2,80,11,3,0,0,2,0,0,9,1,5
3,1,9,0,4,0,1,0,7,0,0,1,1,6,1,79,11,1598,1,8,1,2,1,312169,167594,62,1,2,6,741,6,0,6,40,9,4,6,0,0,8,1,1,1,0,0,1,1,2,2,2,76,11,3,0,0,1,0,0,9,1,5
2,2,9,0,4,0,0,0,0,4,0,2,1,2,1,37,7,1299,1,10,1,2,2,566187,181682,42,2,2,4,462,3,13,3,70,0,4,6,0,0,0,1,1,1,0,0,2,1,2,1,1,37,7,3,0,0,0,0,0,9,1,3
3,1,9,0,4,0,0,0,0,0,0,2,1,1,2,31,6,3824,1,10,1,2,3,474742,151808,44,3,2,4,494,3,287,6,60,0,4,6,0,0,0,1,1,1,0,0,2,1,1,1,1,33,6,3,0,0,0,0,0,9,1,5
3,4,9,0,18,0,4,0,0,0,0,0,1,6,2,38,7,1598,1,8,1,4,4,460180,358538,31,4,4,5,345,3,617,1,60,1,4,4,6020,0,0,1,9,1,0,0,2,2,1,1,1,33,6,3,0,0,0,0,0,9,1,5
2,1,9,0,9,0,6,0,0,0,0,1,1,1,1,38,7,1598,1,8,1,1,2,433840,281540,20,2,1,5,302,4,4118,6,30,3,4,6,0,0,0,1,1,1,0,0,1,2,1,1,1,33,6,3,0,0,0,0,0,9,1,5
3,1,9,0,5,0,4,0,0,0,0,1,1,6,2,50,8,1796,1,12,3,1,2,599206,312724,36,2,1,6,400,5,584,1,30,1,4,5,585,0,0,1,2,2,0,0,1,1,1,1,2,50,8,3,0,0,0,0,0,9,3,7