accident_severity,vehicle_reference,vehicle_type,towing_and_articulation,vehicle_manoeuvre,vehicle_location-restricted_lane,junction_location,skidding_and_overturning,hit_object_in_carriageway,vehicle_leaving_carriageway,hit_object_off_carriageway,1st_point_of_impact,was_vehicle_left_hand_drive?,journey_purpose_of_driver,sex_of_driver,age_of_driver,age_band_of_driver,engine_capacity_(cc),propulsion_code,age_of_vehicle,driver_home_area_type,NUmber_of_Casualities_unique_to_accident_index,No_of_Vehicles_involved_unique_to_accident_index,location_easting_osgr,location_northing_osgr,police_force,number_of_vehicles,number_of_casualties,day_of_week,local_authority_(district),1st_road_class,1st_road_number,road_type,speed_limit,junction_detail,junction_control,2nd_road_class,2nd_road_number,pedestrian_crossing-human_control,pedestrian_crossing-physical_facilities,light_conditions,weather_conditions,road_surface_conditions,special_conditions_at_site,carriageway_hazards,urban_or_rural_area,did_police_officer_attend_scene_of_accident,casualty_reference,casualty_class,sex_of_casualty,age_of_casualty,age_band_of_casualty,casualty_severity,pedestrian_location,pedestrian_movement,car_passenger,bus_or_coach_passenger,pedestrian_road_maintenance_worker,casualty_type,casualty_home_area_type,casualty_imd_decile
3,2,9,0,10,0,1,0,0,0,0,2,1,6,1,52,8,1796,1,12,1,1,2,435810,281000,20,2,1,5,302,6,0,6,30,3,4,6,0,0,0,1,1,1,0,0,1,2,1,1,1,52,8,3,0,0,0,0,0,9,1,3
3,3,9,0,2,0,0,0,0,0,0,4,1,6,1,59,9,1560,2,7,1,2,3,521960,174270,1,3,2,2,10,6,0,6,30,0,4,6,0,0,0,1,1,1,0,0,1,1,1,1,1,33,6,3,0,0,0,0,0,9,1,5
3,2,1,0,15,0,0,0,0,1,7,3,1,6,1,59,9,1598,1,8,1,1,2,520860,183940,1,2,1,4,28,3,404,6,30,0,4,6,0,0,8,7,1,1,0,0,1,1,1,1,1,59,9,3,0,0,0,0,0,1,1,5
3,2,21,1,18,0,0,0,0,1,9,0,1,1,1,45,7,1598,1,8,1,1,2,534853,354825,32,2,1,5,351,3,16,6,60,0,4,6,0,0,0,6,2,2,0,0,2,1,1,1,1,45,7,3,0,0,0,0,0,21,1,5
2,1,9,0,4,0,1,0,0,0,0,2,1,6,2,43,7,1490,1,7,1,3,3,525444,226179,41,3,3,7,435,3,1155,6,40,3,4,6,536,0,0,1,1,1,0,0,1,1,1,2,2,9,2,3,0,0,2,0,0,9,1,5
3,6,9,0,18,0,0,0,0,0,0,1,1,1,2,35,6,1968,2,1,1,3,6,421782,259366,23,6,3,2,293,3,46,6,60,0,4,6,0,0,0,6,1,2,0,0,2,1,1,1,1,33,6,3,0,0,0,0,0,9,1,5
2,2,1,0,18,0,8,0,0,0,0,1,1,6,2,61,9,1598,1,8,1,1,2,346049,170389,52,2,1,5,605,6,0,6,30,6,4,6,0,0,0,1,1,2,0,0,1,1,1,1,2,61,9,2,0,0,0,0,0,1,1,9
3,4,9,0,11,0,0,0,0,0,0,1,1,6,1,40,7,1598,1,8,1,4,4,516140,182980,1,4,4,4,27,3,40,3,40,0,4,6,0,0,0,1,1,1,0,0,1,1,4,2,1,10,2,3,0,0,2,0,0,9,1,5
3,1,1,0,18,0,0,0,8,0,0,1,1,6,1,65,9,1598,1,8,1,1,2,533200,184700,1,2,1,7,4,6,0,6,30,0,4,6,0,0,0,1,1,1,0,0,1,1,1,1,1,65,9,3,0,0,0,0,0,1,1,4
3,1,21,1,12,0,1,0,0,0,0,3,1,1,3,38,7,10677,2,8,1,1,2,434633,557195,10,2,1,2,150,3,19,7,50,1,4,3,1231,0,0,1,1,2,0,0,2,2,1,1,1,33,6,3,0,0,0,0,0,9,1,5
2,1,9,0,18,0,0,0,0,0,0,1,1,3,1,26,6,1598,1,8,1,3,2,305417,205262,62,2,3,4,742,3,4054,6,30,0,4,6,0,0,0,1,1,1,0,0,1,1,3,2,2,4,1,2,0,0,1,0,0,9,1,5
2,2,1,0,18,0,0,0,0,0,0,1,1,6,1,4,1,1598,1,8,1,1,2,508160,196060,41,2,1,6,436,5,74,6,30,0,4,6,0,0,0,1,1,1,0,0,1,1,1,1,1,4,1,2,0,0,0,0,0,1,1,10
3,1,9,0,18,0,2,0,0,0,0,1,1,6,1,41,7,1598,2,8,1,1,2,433790,470369,12,2,1,6,182,4,6265,6,60,3,4,6,2760,0,0,1,1,1,0,0,2,1,1,2,1,38,7,3,0,0,1,0,0,9,1,1
3,1,9,0,7,0,5,2,0,0,0,3,1,6,1,43,7,1149,1,14,1,1,1,327573,391469,5,1,1,5,95,6,0,6,30,3,4,6,0,0,0,1,1,1,0,0,1,1,1,1,1,43,7,3,0,0,0,0,0,9,1,1
3,1,9,0,18,0,1,0,0,0,0,1,1,6,1,38,7,1590,1,13,1,1,2,457668,340252,31,2,1,6,346,6,0,1,30,1,4,6,0,0,1,1,1,1,0,0,1,1,1,1,1,33,6,3,0,0,0,0,0,9,1,5
3,1,9,0,16,0,0,0,0,1,0,3,1,6,1,39,7,2495,2,18,3,1,2,356574,98000,55,2,1,5,645,5,44,6,60,0,4,6,0,0,0,1,1,2,7,0,2,1,1,1,1,33,6,3,0,0,0,0,0,9,1,5
3,1,9,0,16,0,2,0,0,0,0,1,1,2,2,19,4,998,1,6,1,1,2,386850,413920,6,2,1,6,106,5,0,6,30,9,4,5,0,0,0,1,1,1,0,0,1,1,1,1,2,19,4,3,0,0,0,0,0,9,1,2
2,1,9,3,18,0,0,0,0,0,0,0,1,6,1,57,9,2999,2,14,1,1,3,367429,89736,55,3,1,5,645,3,35,6,60,0,4,6,0,0,0,1,1,1,0,2,2,1,1,1,1,33,6,3,0,0,0,0,0,9,1,5
3,1,9,0,4,0,1,0,0,0,0,3,1,6,2,42,7,2967,2,1,1,1,3,355450,428130,4,3,1,6,83,3,6,3,30,3,2,6,0,0,0,1,1,2,0,0,2,1,1,1,1,33,6,3,0,0,0,0,0,9,1,5
3,1,9,0,18,0,1,2,0,1,0,1,1,6,2,18,4,1388,1,10,1,1,1,623067,241533,37,1,1,4,415,3,14,3,70,5,4,3,14,0,0,1,1,1,0,0,2,1,1,1,2,18,4,3,0,0,0,0,0,9,1,7
3,2,21,0,2,6,0,0,0,0,0,3,1,6,1,52,8,12900,2,3,2,1,4,312054,671211,95,4,1,3,940,1,8,7,70,0,4,6,0,0,0,1,1,1,0,0,2,1,1,1,1,33,6,3,0,0,0,0,0,9,1,5
3,2,90,0,4,0,8,0,0,0,0,1,1,6,1,30,6,1598,1,8,1,1,2,526830,177810,1,2,1,2,12,3,3217,6,30,3,4,6,0,0,0,1,2,2,0,0,1,1,1,1,1,33,6,3,0,0,0,0,0,9,1,5
1,2,21,0,18,0,0,0,0,0,0,1,1,1,1,32,6,1598,1,8,1,2,2,501111,437978,16,2,2,4,231,3,1079,6,60,0,4,6,0,0,0,1,1,1,0,0,2,1,2,2,1,22,5,3,0,0,0,0,0,21,1,5
3,2,1,0,18,0,8,0,0,0,0,4,1,6,2,26,6,1598,1,8,1,1,2,652735,306572,36,2,1,4,402,5,629,6,30,6,2,5,609,0,0,1,1,1,0,0,1,2,1,1,2,26,6,3,0,0,0,0,0,1,1,1
3,2,9,0,4,0,0,0,0,0,0,2,1,6,1,42,7,2616,1,11,1,1,2,505928,249012,40,2,1,7,420,3,603,3,40,0,4,6,0,0,0,1,1,1,0,0,1,2,1,1,1,42,7,3,0,0,0,0,0,9,1,10
3,1,9,0,11,0,0,0,0,0,0,4,1,6,1,38,7,1798,1,8,1,1,2,533760,180650,1,2,1,6,5,3,100,3,30,0,4,6,0,0,0,1,1,1,0,0,1,1,1,1,1,33,6,3,0,0,0,0,0,9,1,5
3,2,9,0,3,0,0,0,0,0,0,2,1,6,1,20,4,1999,1,9,1,2,2,581613,189927,42,2,2,4,459,3,1015,6,30,0,4,6,0,0,1,1,1,1,0,0,1,1,2,2,1,18,4,3,0,0,1,0,0,9,1,10
3,2,9,0,5,0,4,0,0,0,0,2,1,6,2,21,5,1753,2,9,1,1,3,383490,252150,22,3,1,7,273,3,449,6,40,1,4,3,4440,0,0,1,1,1,0,0,2,2,1,1,2,21,5,3,0,0,0,0,0,9,1,5
3,2,19,0,18,0,0,0,0,0,0,1,1,6,1,35,6,1598,1,8,1,3,2,383434,354533,21,2,3,7,253,6,31,6,30,0,4,6,0,0,0,1,2,2,0,0,1,2,1,1,1,35,6,3,0,0,0,0,0,19,1,6
3,1,3,0,9,0,0,0,0,0,0,1,1,6,1,16,4,1598,1,8,3,2,3,547093,370796,32,3,2,6,351,4,1196,6,60,0,4,6,0,0,0,1,1,1,0,0,2,1,1,1,1,16,4,3,0,0,0,0,0,3,3,3
3,2,1,0,18,4,1,0,0,0,0,3,1,6,1,35,6,1598,1,8,1,1,2,379170,422230,4,2,1,1,82,3,680,6,30,3,4,6,0,0,0,1,2,2,3,0,1,1,1,1,1,35,6,3,0,0,0,0,0,1,1,5
3,2,9,0,18,0,8,0,0,0,0,1,1,2,2,26,6,1388,1,5,1,2,2,403490,302230,20,2,2,6,307,3,461,6,30,6,2,6,0,0,5,1,1,1,0,0,1,1,2,1,2,26,6,3,0,0,0,0,0,9,1,2
3,2,8,0,9,0,8,0,0,0,0,4,1,1,1,72,10,2402,2,11,2,1,2,533380,180870,48,2,1,4,570,5,0,6,30,3,4,6,0,0,0,1,1,1,0,0,1,1,1,1,1,33,6,3,0,0,0,0,0,9,1,5
3,1,9,0,17,0,0,0,0,0,0,4,1,1,2,56,9,1398,1,8,1,1,2,531022,120051,47,2,1,1,563,6,0,6,30,0,4,6,0,0,0,1,1,1,0,0,1,1,1,1,2,56,9,3,0,0,0,0,0,9,1,6
3,2,8,0,17,0,0,0,0,0,0,1,1,1,1,39,7,1896,2,10,1,6,2,373920,440270,4,2,6,5,80,3,671,6,50,0,4,6,0,0,0,4,1,1,0,0,2,1,5,2,1,28,6,3,0,0,2,0,0,8,1,6
3,2,9,0,16,0,2,0,0,0,0,3,1,1,2,44,7,1364,1,7,1,1,2,425746,323216,21,2,1,6,251,3,511,3,30,3,2,4,5008,0,0,1,1,1,0,0,2,1,1,1,2,44,7,3,0,0,0,0,0,9,1,10
3,2,9,0,2,0,0,0,0,0,0,2,1,2,3,38,7,1598,1,8,1,1,2,562500,174080,46,2,1,3,535,6,3502,3,30,0,4,6,0,0,0,4,2,2,0,0,1,1,1,1,1,33,6,3,0,0,0,0,0,9,1,5
2,2,9,0,18,0,0,0,0,1,0,1,1,1,1,32,6,1598,2,1,1,4,2,166153,41186,50,2,4,1,596,3,3047,6,30,0,4,6,0,0,0,4,4,2,0,0,1,1,4,2,1,17,4,3,0,0,2,0,0,9,1,4
3,1,9,0,10,0,6,0,0,0,0,1,1,6,2,46,8,1995,2,2,1,2,2,288903,59610,50,2,2,6,587,6,0,6,30,3,4,6,0,0,0,1,1,1,0,0,1,2,1,1,1,33,6,3,0,0,0,0,0,9,1,5
3,2,9,0,2,0,0,0,0,0,0,2,1,6,2,75,10,1398,1,14,1,1,4,332560,436530,4,4,1,5,71,4,5266,6,30,0,4,6,0,0,0,1,1,2,0,0,1,1,1,1,1,33,6,3,0,0,0,0,0,9,1,5
3,1,9,0,18,0,0,0,0,0,0,4,1,6,1,55,8,1998,1,14,1,1,1,544220,187700,1,1,1,4,14,6,0,6,30,0,4,6,0,0,0,1,1,1,0,0,1,1,1,3,1,3,1,3,9,5,0,0,2,0,1,6
3,2,9,0,18,0,0,0,0,0,0,2,1,6,1,25,5,1794,1,12,1,1,2,478646,155504,44,2,1,4,494,1,3,3,70,0,4,6,0,0,0,1,1,1,0,0,2,1,1,1,1,33,6,3,0,0,0,0,0,9,1,5
3,3,90,0,18,0,0,0,0,0,0,2,1,6,1,50,8,1598,1,8,1,3,3,384400,432520,4,3,3,6,72,3,682,6,30,0,4,6,0,0,0,1,1,1,4,0,1,1,3,2,1,21,5,3,0,0,1,0,0,90,1,7
3,2,9,0,18,0,0,0,0,0,0,3,1,1,1,47,8,1560,2,4,1,2,2,517086,139797,45,2,2,2,512,3,24,6,60,0,4,6,0,0,0,1,1,1,0,0,2,1,2,1,1,47,8,3,0,0,0,0,0,9,1,7
3,1,9,0,18,0,0,5,0,1,0,4,1,6,2,59,9,1339,1,1,1,1,1,510579,345363,32,1,1,1,353,3,17,6,60,0,4,6,0,0,0,1,1,2,0,0,2,1,1,1,2,59,9,3,0,0,0,0,0,9,1,2
3,2,9,0,18,0,1,0,0,0,0,1,1,6,1,28,6,1598,1,8,1,2,2,536880,182690,1,2,2,3,5,3,11,6,30,3,4,6,0,0,0,4,1,1,0,0,1,1,2,2,1,28,6,3,0,0,1,0,0,9,1,1
3,1,9,0,5,0,6,0,0,0,0,4,1,6,1,43,7,1991,2,7,1,1,3,360563,174250,52,3,1,1,601,3,432,6,20,6,4,6,0,0,1,4,1,1,0,0,1,1,1,1,1,33,6,3,0,0,0,0,0,9,1,5
3,2,9,0,9,0,1,0,0,0,0,1,1,6,1,17,4,1598,1,8,1,2,2,563291,196343,42,2,2,1,452,6,0,6,60,3,4,6,0,0,0,1,1,1,0,0,2,1,1,1,1,17,4,3,0,0,0,0,0,9,1,10
3,1,5,0,4,0,4,5,0,4,0,3,1,1,1,39,7,1170,1,1,1,1,1,525348,153439,45,1,1,4,513,3,217,3,40,1,4,6,0,0,0,1,1,1,0,0,2,1,1,1,1,39,7,3,0,0,0,0,0,5,1,8
3,1,3,0,18,0,8,0,0,0,0,4,1,5,1,17,4,124,1,8,1,1,2,383072,348746,21,2,1,2,253,6,59,6,30,8,4,6,0,0,0,1,1,1,0,0,1,1,1,1,1,17,4,3,0,0,0,0,0,3,1,4
3,1,3,0,13,0,1,0,0,0,0,3,1,6,1,31,6,124,1,3,1,1,2,496047,189770,43,2,1,4,477,3,40,6,50,8,4,6,1954,0,0,1,1,1,0,0,2,1,1,1,1,31,6,3,0,0,0,0,0,3,1,5
3,2,9,0,18,0,8,0,0,0,0,4,1,6,1,23,5,1896,2,11,1,1,2,612586,302662,36,2,1,2,406,4,1135,1,30,1,4,4,1172,0,0,4,1,1,0,0,1,1,1,1,1,23,5,3,0,0,0,0,0,9,1,4
3,1,9,0,18,0,4,0,0,0,0,3,1,6,2,33,6,1999,1,13,1,2,2,426646,550678,11,2,2,7,169,5,91,1,30,1,4,6,0,0,0,1,1,1,0,0,1,1,1,1,2,33,6,3,0,0,0,0,0,9,1,1
3,1,3,0,4,0,0,0,0,0,0,2,1,6,1,22,5,124,1,5,1,1,3,536740,182640,1,3,1,3,5,3,11,3,30,0,4,6,0,0,0,1,1,1,0,0,1,1,1,1,1,22,5,3,0,0,0,0,0,3,1,2
3,2,9,0,9,0,1,0,0,0,0,1,1,6,1,17,4,1399,2,7,2,5,2,448899,388769,14,2,5,7,213,5,10,6,30,3,4,6,0,0,0,1,1,1,0,0,2,1,5,2,1,18,4,3,0,0,2,0,0,9,2,2
3,2,9,0,4,0,0,0,0,0,0,2,1,1,1,34,6,1124,1,15,1,2,3,528515,410218,16,3,2,6,233,3,180,3,30,0,4,6,0,0,0,1,1,1,0,0,1,1,1,1,1,34,6,3,0,0,0,0,0,9,1,1
2,1,11,0,2,1,0,0,0,0,0,2,1,1,1,34,6,7300,2,12,1,1,2,531670,181480,48,2,1,4,570,3,40,6,20,0,4,6,0,0,0,4,1,1,0,0,1,1,1,1,1,33,6,3,0,0,0,0,0,9,1,5
2,1,5,0,18,0,0,1,0,0,0,3,1,6,1,44,7,744,1,8,1,1,1,533460,108111,47,1,1,7,565,3,270,3,30,0,4,6,0,0,0,1,1,1,5,0,2,1,1,1,1,44,7,2,0,0,0,0,0,5,1,8
2,1,9,0,17,0,0,2,0,7,4,1,1,6,2,58,9,1769,1,12,1,3,1,370571,347999,7,1,3,1,129,3,51,6,60,0,4,6,0,0,0,1,1,1,0,0,2,1,3,2,1,47,8,2,0,0,2,0,0,9,1,2
3,1,9,0,18,0,8,0,0,0,0,1,1,6,3,38,7,1598,1,8,1,1,2,443301,520483,17,2,1,2,245,3,177,1,30,1,4,3,1027,0,0,1,1,1,0,0,1,1,1,1,1,33,6,3,0,0,0,0,0,9,1,5
3,2,1,0,9,0,6,0,0,0,0,1,1,6,1,38,7,1598,1,8,1,1,2,530430,183170,1,2,1,5,3,6,0,2,20,8,4,6,0,0,0,1,1,1,0,0,1,1,1,1,1,33,6,3,0,0,0,0,0,9,1,5
3,1,9,0,4,0,0,0,0,0,0,1,1,1,1,31,6,1997,2,2,1,2,3,400980,395830,30,3,2,6,325,5,316,6,30,0,4,6,0,0,0,1,1,1,0,0,1,1,1,1,1,33,6,3,0,0,0,0,0,9,1,5
3,1,9,0,18,0,8,0,0,0,0,1,1,6,1,35,6,1242,1,14,1,1,2,542810,178570,1,2,1,6,6,6,0,6,30,3,4,6,0,0,0,1,1,1,0,0,1,1,1,1,1,33,6,3,0,0,0,0,0,9,1,5
2,1,9,0,5,0,2,0,0,0,0,3,1,6,1,35,6,1956,2,4,1,1,2,537260,187740,1,2,1,6,13,3,104,6,30,3,4,5,0,0,4,4,1,1,0,0,1,1,1,1,1,33,6,3,0,0,0,0,0,9,1,5
3,2,1,0,18,0,8,0,0,0,0,3,1,6,1,33,6,1598,1,8,1,1,2,537060,182750,1,2,1,6,5,3,11,6,30,3,4,6,0,0,0,4,2,2,0,0,1,1,1,1,1,33,6,3,0,0,0,0,0,1,1,2
3,1,9,0,18,0,6,0,0,0,0,1,1,6,1,32,6,1995,2,1,2,1,2,375850,310890,22,2,1,4,286,3,5,6,30,6,4,4,4379,0,0,1,1,1,0,0,2,1,1,1,1,33,6,3,0,0,0,0,0,9,1,5
2,1,9,0,18,0,0,0,0,0,0,1,1,6,3,38,7,1598,1,8,1,1,1,442760,114195,44,1,1,2,500,6,0,6,30,0,4,6,0,0,1,1,9,1,0,0,1,2,1,3,1,17,4,2,1,1,0,0,0,0,1,2
3,2,9,0,4,0,0,0,0,0,0,2,1,6,2,24,5,1598,1,8,1,2,2,320778,180239,62,2,2,2,741,3,48,7,70,0,4,6,0,0,0,4,1,1,0,0,2,1,2,1,2,24,5,3,0,0,0,0,0,9,1,7
2,1,9,0,16,0,0,0,0,0,0,1,1,6,2,23,5,1199,1,12,3,2,2,478261,405508,16,2,2,4,232,3,161,6,40,0,4,6,0,0,0,1,1,2,0,0,2,1,1,1,2,23,5,3,0,0,0,0,0,9,3,9
3,1,9,0,18,0,8,0,10,1,0,4,1,6,3,38,7,1896,2,10,1,1,2,425725,587778,10,2,1,5,139,3,197,6,30,8,4,6,0,0,8,1,1,1,0,0,1,1,1,1,1,33,6,3,0,0,0,0,0,9,1,5
3,3,9,0,18,0,0,0,0,0,0,2,1,6,2,40,7,1396,1,14,1,4,3,387537,340940,21,3,4,4,257,6,0,6,30,0,4,6,0,0,0,1,1,1,0,0,1,2,2,1,2,40,7,3,0,0,0,0,0,9,1,1
2,1,9,0,17,0,0,0,0,0,0,1,1,6,1,18,4,1598,1,10,2,2,2,331003,91368,50,2,2,4,580,3,3052,6,60,0,4,6,0,0,0,6,1,1,0,0,2,1,1,1,1,18,4,3,0,0,0,0,0,9,2,5
3,2,1,0,9,0,8,5,0,0,0,4,1,6,1,27,6,1598,1,8,1,1,2,445396,422139,13,2,1,6,206,6,0,6,30,3,4,6,0,0,0,1,1,1,0,0,1,1,1,1,1,27,6,3,0,0,0,0,0,1,1,1
3,3,9,0,18,0,0,0,0,0,0,1,1,6,2,36,7,1598,1,8,1,2,3,240789,59852,50,3,2,7,596,3,38,3,50,0,4,6,0,0,0,1,1,1,0,0,2,1,1,1,1,33,6,3,0,0,0,0,0,9,1,5
3,2,9,0,4,0,3,0,0,0,0,2,1,6,1,39,7,1968,2,1,1,1,3,443702,381394,14,3,1,7,215,4,6058,1,30,1,4,4,6058,0,0,1,9,1,0,0,1,1,1,1,1,39,7,3,0,0,0,0,0,9,1,8
3,1,9,0,18,0,4,0,0,0,0,1,1,1,2,47,8,1686,2,11,3,1,3,418789,256956,23,3,1,5,293,3,46,1,50,1,4,3,3400,0,0,1,1,1,0,0,2,1,1,1,1,33,6,3,0,0,0,0,0,9,1,5
3,1,9,0,18,0,8,0,0,0,0,3,1,2,2,26,6,1360,1,8,1,1,1,367868,90406,55,1,1,5,645,4,3150,6,30,3,4,6,0,0,0,1,1,1,0,0,1,2,1,3,2,13,3,3,5,3,0,0,0,0,1,6
3,1,9,0,18,0,1,0,0,0,0,1,1,6,1,79,11,1398,1,4,1,3,2,515701,207956,41,2,3,6,434,6,362,6,30,3,4,5,143,0,0,1,1,1,0,0,1,1,2,2,2,79,11,3,0,0,1,0,0,9,1,4
3,1,9,0,18,0,8,0,0,0,0,4,1,6,1,49,8,1422,2,10,1,2,2,254436,666882,97,2,2,3,926,3,814,6,30,6,2,6,0,0,0,1,2,2,0,0,1,1,1,1,1,33,6,3,0,0,0,0,0,9,1,5
2,1,9,0,17,0,0,0,0,1,11,4,1,6,2,29,6,1598,1,8,1,4,1,250836,382629,60,1,4,7,720,4,5108,6,30,0,4,6,0,0,0,1,1,1,0,0,2,1,3,2,2,3,1,3,0,0,2,0,0,9,1,5
3,1,9,0,18,0,0,1,0,5,0,1,1,6,2,22,5,1499,1,8,1,1,5,306448,670660,95,5,1,1,940,1,8,3,70,0,4,6,0,0,0,6,1,1,0,0,2,1,1,1,2,22,5,3,0,0,0,0,0,9,1,5
2,1,9,0,18,0,0,1,0,2,7,1,1,6,2,18,4,1198,1,10,1,1,1,415198,105617,44,1,1,6,496,3,31,3,70,0,4,6,0,0,0,1,1,2,0,0,1,1,1,1,2,18,4,2,0,0,0,0,0,9,1,5
1,1,4,0,14,0,1,0,0,0,0,1,1,6,1,23,5,244,1,9,1,2,1,512270,179380,1,1,2,7,27,6,0,6,30,3,4,6,0,0,1,1,4,1,0,0,1,1,2,3,2,72,10,1,4,3,0,0,2,0,1,2
3,2,9,0,18,0,8,1,10,2,0,3,1,2,1,44,7,1560,2,5,1,1,2,551630,250660,35,2,1,5,395,3,1307,3,60,6,4,6,0,0,8,1,1,1,0,3,2,1,1,3,1,37,7,3,4,2,0,0,0,0,2,9
3,1,9,0,2,0,0,0,0,0,0,1,1,6,1,31,6,1896,2,8,1,1,2,406695,295194,20,2,1,2,307,3,4041,3,40,0,4,6,0,0,0,1,7,1,0,0,1,1,1,1,1,33,6,3,0,0,0,0,0,9,1,5
3,1,1,0,18,0,8,0,0,0,0,1,1,6,1,28,6,1598,1,8,1,1,2,531060,186490,1,2,1,7,3,3,503,6,30,3,4,6,0,0,0,1,1,1,0,0,1,1,1,1,1,28,6,3,0,0,0,0,0,1,1,5
1,1,9,0,18,0,0,0,0,5,6,1,1,6,1,23,5,1910,2,11,1,3,3,386518,346735,21,3,3,7,257,3,500,3,50,0,4,6,0,0,0,4,1,2,0,0,1,1,3,2,1,22,5,1,0,0,1,0,0,9,2,10
3,1,9,0,18,0,8,5,0,0,0,3,1,6,1,77,11,999,1,8,3,2,2,445523,352498,31,2,2,1,340,4,6016,6,60,6,4,6,0,0,0,1,1,1,0,0,2,1,2,2,2,74,10,3,0,0,1,0,0,9,3,6
2,1,9,0,18,0,0,2,0,1,11,4,1,6,1,22,5,2926,2,12,1,4,1,311731,586343,98,1,4,4,917,2,74,3,70,0,4,6,0,0,0,6,4,2,0,0,2,1,1,1,1,22,5,3,0,0,0,0,0,9,1,5
3,1,2,0,4,0,8,0,0,0,0,2,1,1,1,62,9,49,1,6,1,1,2,512930,174870,1,2,1,7,25,3,3063,6,30,3,4,6,0,0,1,4,1,1,0,0,1,1,1,1,1,62,9,3,0,0,0,0,0,2,1,5
3,1,9,0,1,0,0,0,0,0,0,2,1,6,3,38,7,1598,1,8,1,1,1,582098,109369,47,1,1,6,552,3,259,6,30,0,4,6,0,0,0,4,1,1,0,0,1,2,1,3,2,21,5,3,5,1,0,0,0,0,1,7
3,2,9,0,8,0,1,0,0,0,0,2,1,6,2,20,4,1242,1,16,1,2,2,380560,245350,22,2,2,2,273,6,0,6,30,3,4,4,4211,0,0,1,1,1,0,0,2,2,2,2,2,20,4,3,0,0,1,0,0,9,1,5
3,1,8,0,1,0,0,0,0,0,0,2,1,6,3,38,7,1598,1,8,1,1,1,335344,389979,5,1,1,7,91,6,0,6,30,0,4,6,0,0,0,5,1,1,0,0,1,2,1,3,1,28,6,3,6,7,0,0,0,0,1,1
3,2,9,0,2,0,0,0,0,0,0,4,1,6,3,38,7,1598,1,8,1,1,2,319650,176878,62,2,1,7,741,6,0,6,30,0,4,6,0,0,0,4,1,1,0,0,1,1,1,1,1,33,6,3,0,0,0,0,0,9,1,5
3,2,9,0,18,0,8,1,0,0,0,1,1,6,1,27,6,1600,1,23,1,2,2,506622,223850,40,2,2,2,421,4,579,6,30,3,4,6,0,0,0,1,1,1,0,0,1,1,2,1,1,27,6,3,0,0,0,0,0,9,1,2
3,3,9,0,18,0,0,0,0,0,0,2,1,6,1,27,6,1242,1,4,1,1,3,258003,665680,97,3,1,6,926,1,8,3,50,0,4,6,0,0,0,4,1,2,0,0,1,1,1,1,1,33,6,3,0,0,0,0,0,9,1,5
3,1,9,0,5,0,8,0,0,0,0,3,1,6,1,28,6,1598,1,8,1,1,2,441929,112515,44,2,1,4,500,3,3024,6,30,6,2,6,0,0,0,1,1,1,0,0,1,2,1,1,1,33,6,3,0,0,0,0,0,9,1,5
3,1,9,0,18,0,2,1,4,0,0,3,1,6,1,19,4,1397,1,13,1,4,2,409740,288310,20,2,4,6,300,4,4114,6,30,3,4,6,0,0,0,1,1,1,0,0,1,1,3,2,2,25,5,3,0,0,1,0,0,9,1,1
3,1,3,0,18,0,1,0,0,0,0,1,1,6,1,38,7,1598,1,8,1,1,1,543180,171530,1,1,1,7,19,3,208,6,30,3,4,6,0,0,0,4,1,2,0,0,1,1,1,3,1,22,5,3,5,3,0,0,2,0,1,8
3,2,21,0,2,0,0,0,0,0,0,1,1,6,1,56,9,5193,2,8,1,1,2,356550,492120,3,2,1,3,65,3,684,6,60,0,4,6,0,0,0,1,1,2,0,0,2,1,1,1,1,33,6,3,0,0,0,0,0,9,1,5
3,2,9,0,18,0,8,0,0,0,0,4,1,1,1,50,8,1896,2,7,2,1,2,391868,374052,7,2,1,5,129,3,523,1,30,1,4,3,537,0,0,1,1,1,0,0,1,2,1,2,2,53,8,3,0,0,1,0,0,9,1,3
3,2,9,0,18,0,8,0,0,0,0,1,1,6,1,38,7,1497,8,8,1,1,2,533920,183890,1,2,1,3,4,4,108,6,30,3,4,6,0,0,0,4,1,2,0,0,1,1,1,1,1,33,6,3,0,0,0,0,0,9,1,5
3,1,9,0,18,0,8,0,0,0,0,4,1,2,1,34,6,1598,1,8,1,2,2,487206,278933,34,2,2,6,383,6,7077,6,30,6,4,6,7000,0,0,1,1,1,0,0,1,1,2,2,2,19,4,3,0,0,1,0,0,9,1,5
3,1,9,0,18,0,0,0,0,5,6,1,1,6,1,32,6,2494,1,12,1,1,1,497793,188102,43,1,1,1,477,1,40,3,70,0,4,6,0,0,0,1,5,2,0,0,2,1,1,2,2,18,4,3,0,0,1,0,0,9,1,7
3,2,9,0,3,0,0,0,0,0,0,2,1,6,2,43,7,1895,1,16,1,1,2,521630,167030,1,2,1,2,23,3,2043,6,30,0,4,6,0,0,0,1,9,1,0,0,1,1,1,1,2,43,7,3,0,0,0,0,0,9,1,9
3,2,9,0,9,0,1,0,0,0,0,1,1,6,2,39,7,1399,2,6,1,1,2,406768,92070,55,2,1,3,643,6,0,6,30,6,2,6,0,0,0,4,1,1,0,0,1,1,1,1,1,33,6,3,0,0,0,0,0,9,1,5
3,3,9,0,2,0,1,0,0,0,0,1,1,6,1,30,6,1229,1,10,1,5,3,404150,290230,20,3,5,1,300,3,4040,6,30,3,4,6,0,0,0,1,1,1,0,0,1,1,2,1,1,30,6,3,0,0,0,0,0,9,1,2