accident_severity,vehicle_reference,vehicle_type,towing_and_articulation,vehicle_manoeuvre,vehicle_location-restricted_lane,junction_location,skidding_and_overturning,hit_object_in_carriageway,vehicle_leaving_carriageway,hit_object_off_carriageway,1st_point_of_impact,was_vehicle_left_hand_drive?,journey_purpose_of_driver,sex_of_driver,age_of_driver,age_band_of_driver,engine_capacity_(cc),propulsion_code,age_of_vehicle,driver_home_area_type,NUmber_of_Casualities_unique_to_accident_index,No_of_Vehicles_involved_unique_to_accident_index,location_easting_osgr,location_northing_osgr,police_force,number_of_vehicles,number_of_casualties,day_of_week,local_authority_(district),1st_road_class,1st_road_number,road_type,speed_limit,junction_detail,junction_control,2nd_road_class,2nd_road_number,pedestrian_crossing-human_control,pedestrian_crossing-physical_facilities,light_conditions,weather_conditions,road_surface_conditions,special_conditions_at_site,carriageway_hazards,urban_or_rural_area,did_police_officer_attend_scene_of_accident,casualty_reference,casualty_class,sex_of_casualty,age_of_casualty,age_band_of_casualty,casualty_severity,pedestrian_location,pedestrian_movement,car_passenger,bus_or_coach_passenger,pedestrian_road_maintenance_worker,casualty_type,casualty_home_area_type,casualty_imd_decile
3,1,9,0,18,0,1,0,0,1,4,1,1,6,1,21,5,1591,1,8,1,2,2,406063,441339,13,2,2,6,200,3,629,3,30,3,2,6,0,0,5,1,1,1,0,0,1,1,1,1,1,33,6,3,0,0,0,0,0,9,1,5
3,1,9,0,14,0,0,0,0,0,0,1,1,6,1,62,9,1598,1,3,1,1,1,392170,286060,20,1,1,6,303,6,0,6,30,0,4,6,0,0,0,1,1,1,0,0,1,1,1,3,1,16,4,3,5,2,0,0,0,0,1,4
3,1,4,0,7,0,5,0,0,0,0,3,1,6,1,50,8,1598,1,8,1,1,1,525942,407892,16,1,1,1,233,3,46,6,30,6,4,6,0,0,8,1,1,1,0,0,1,1,1,1,1,50,8,3,0,0,0,0,0,4,1,1
3,2,9,0,18,0,1,0,0,0,0,1,1,2,2,49,8,1587,1,12,1,2,2,458022,342296,31,2,2,4,346,4,684,6,30,3,4,6,0,0,8,1,1,1,0,0,1,1,2,1,2,49,8,3,0,0,0,0,0,9,1,5
3,2,3,0,18,0,8,0,0,0,0,3,1,6,1,34,6,125,1,16,1,1,2,445463,240447,43,2,1,3,481,6,120,6,30,3,4,6,0,0,1,4,1,1,0,0,1,2,1,1,1,34,6,3,0,0,0,0,0,3,1,6
3,1,9,0,9,0,2,0,0,0,0,3,1,6,1,38,7,1598,1,8,1,1,1,532700,182650,1,1,1,6,3,3,501,6,30,3,4,6,0,0,0,4,1,2,0,0,1,2,1,3,2,44,7,3,5,3,0,0,2,0,1,6
3,2,9,0,10,0,1,0,0,0,0,2,1,6,2,39,7,1396,1,16,3,3,2,403594,347146,21,2,3,1,256,3,52,6,40,3,4,6,125,0,0,1,1,1,0,0,2,1,2,1,2,39,7,3,0,0,0,0,0,9,3,5
3,1,9,0,18,0,8,0,0,0,0,4,1,6,2,42,7,1497,8,10,1,1,2,428501,434555,13,2,1,5,204,5,0,6,30,3,4,6,0,0,0,1,1,1,0,0,1,2,1,1,2,42,7,3,0,0,0,0,0,9,1,4
3,2,9,0,3,0,1,0,0,0,0,2,1,6,2,22,5,1560,2,8,1,1,2,519230,297940,35,2,1,3,394,3,605,6,30,9,2,3,15,0,0,1,1,1,0,0,1,2,1,1,2,22,5,3,0,0,0,0,0,9,1,2
3,1,9,0,7,0,5,0,0,0,0,4,1,6,1,53,8,2143,2,1,1,2,2,531590,186910,1,2,2,1,4,3,503,6,30,8,4,6,0,0,0,1,1,1,0,0,1,1,2,2,2,9,2,3,0,0,1,0,0,9,1,1
3,2,1,0,18,0,8,0,0,0,0,1,1,6,1,30,6,1598,1,8,1,1,2,404540,287640,20,2,1,6,300,3,457,6,30,3,4,4,4135,0,0,1,8,1,0,0,1,2,1,1,1,30,6,3,0,0,0,0,0,1,1,10
3,1,19,0,15,0,0,2,0,2,7,3,1,6,1,52,8,1560,2,7,1,2,2,443310,116740,44,2,2,1,501,1,27,3,70,0,4,6,0,0,0,1,1,1,0,3,2,1,1,1,1,52,8,3,0,0,0,0,0,19,1,7
3,2,9,0,18,0,8,0,0,1,0,1,1,6,2,38,7,1461,2,3,1,2,2,267321,664632,97,2,2,6,926,3,8,3,40,6,2,4,7058,0,5,1,1,1,0,0,1,1,1,1,2,38,7,3,0,0,0,0,0,9,1,5
3,1,9,0,18,0,1,0,0,0,0,1,1,6,2,29,6,1596,1,8,1,1,1,331093,387300,5,1,1,7,95,3,552,6,30,9,4,6,0,0,0,4,1,1,0,0,1,1,1,3,2,13,3,3,8,1,0,0,0,0,1,3
3,2,9,0,2,0,0,0,0,0,0,2,1,6,3,38,7,1598,1,8,1,1,5,317240,178987,62,5,1,4,741,3,469,6,30,0,4,6,0,0,0,4,1,1,0,0,1,1,1,1,1,33,6,3,0,0,0,0,0,9,1,5
3,1,9,0,18,0,0,0,0,1,4,1,1,6,2,74,10,1896,2,10,3,1,1,562355,237925,42,1,1,5,463,4,1054,6,60,0,4,6,0,0,0,1,1,1,0,0,2,1,1,1,2,74,10,3,0,0,0,0,0,9,3,7
3,1,9,0,18,0,8,0,0,0,0,1,1,6,1,25,5,1598,2,5,1,1,2,333875,397776,5,2,1,7,93,6,0,6,30,9,4,6,0,0,0,1,1,1,0,0,1,2,1,2,2,7,2,3,0,0,2,0,0,9,1,5
3,2,8,0,3,0,1,0,0,0,0,1,1,6,1,51,8,1339,8,3,1,1,2,531890,181360,48,2,1,5,570,5,0,6,30,3,4,3,40,0,0,1,1,1,0,0,1,2,1,1,1,33,6,3,0,0,0,0,0,9,1,5
2,1,8,0,18,0,0,0,0,0,0,4,1,1,1,53,8,1560,2,6,1,1,1,421113,434889,13,1,1,5,204,6,0,6,30,0,4,6,0,0,0,1,1,1,0,0,1,1,1,3,1,9,2,2,5,2,0,0,0,0,1,3
3,4,9,0,18,0,0,0,0,0,0,1,1,6,1,49,8,1395,1,1,1,3,5,290708,78552,50,5,3,2,585,4,3192,6,60,0,4,6,0,0,0,6,7,2,0,0,2,1,1,1,1,33,6,3,0,0,0,0,0,9,1,5
2,1,4,0,18,0,1,1,0,0,0,1,1,6,1,70,10,150,1,41,1,1,2,553475,204775,42,2,1,4,456,3,414,6,60,3,4,6,0,0,0,1,1,1,0,0,2,1,1,1,1,70,10,2,0,0,0,0,0,4,1,3
3,1,9,0,4,0,4,0,0,0,0,1,1,6,1,50,8,1200,1,1,1,1,2,191114,59788,50,2,1,3,596,3,392,1,60,1,4,6,0,0,0,1,1,1,0,0,2,1,1,1,1,33,6,3,0,0,0,0,0,9,1,5
3,1,9,0,18,0,2,0,0,0,0,3,1,6,1,27,6,1995,1,8,1,1,1,651966,304402,36,1,1,4,402,5,626,6,30,6,2,5,604,0,4,4,1,1,0,0,1,1,1,3,2,13,3,3,4,3,0,0,0,0,1,1
3,2,9,0,1,0,6,0,0,0,0,2,1,6,2,18,4,1242,1,1,1,1,2,408895,94359,55,2,1,3,640,6,0,6,30,8,4,6,0,0,0,1,1,1,0,0,1,2,1,1,2,18,4,3,0,0,0,0,0,9,1,4
3,2,9,0,13,0,0,0,0,0,0,2,1,5,1,53,8,2993,2,9,1,1,2,404632,245636,22,2,1,1,277,3,46,6,60,0,4,6,0,0,0,1,1,2,0,0,2,1,1,2,2,6,2,3,0,0,2,0,0,9,1,9
3,2,9,0,18,0,8,0,0,0,0,3,1,6,1,24,5,1896,2,10,1,1,2,604847,258671,37,2,1,7,413,3,1308,6,30,6,2,4,1115,0,5,1,2,2,0,0,1,2,1,1,1,33,6,3,0,0,0,0,0,9,1,5
2,1,9,0,18,0,0,0,0,0,0,1,1,6,2,47,8,998,1,13,3,1,3,512456,199119,41,3,1,5,437,1,1,3,70,0,4,6,0,0,0,1,1,1,0,0,2,1,1,1,2,47,8,2,0,0,0,0,0,9,3,8
3,2,9,0,18,0,0,0,0,0,0,1,1,6,1,39,7,1995,2,11,3,3,2,446506,526666,17,2,3,5,240,3,689,3,50,0,4,6,0,0,0,1,1,1,0,0,2,1,1,1,1,33,6,3,0,0,0,0,0,9,1,5
3,2,9,0,11,0,2,0,0,0,0,4,1,6,1,38,7,1598,1,8,1,1,2,525010,174610,1,2,1,5,10,3,3,6,30,3,4,6,0,0,0,1,1,1,0,0,1,2,1,1,1,33,6,3,0,0,0,0,0,9,1,5
2,1,5,0,16,0,0,1,0,7,11,1,1,6,1,29,6,749,1,12,1,1,1,382614,803460,92,1,1,5,910,4,979,6,60,0,4,6,0,0,0,1,1,1,0,0,2,1,1,1,1,29,6,2,0,0,0,0,0,5,1,5
3,2,9,0,2,0,0,0,0,1,11,2,1,6,1,75,10,1590,1,10,1,1,2,518334,103795,47,2,1,3,557,3,259,6,30,0,4,6,0,0,0,1,1,1,0,0,1,1,1,1,1,75,10,3,0,0,0,0,0,9,1,2
2,2,3,0,18,0,6,0,0,0,0,4,1,2,1,36,7,1598,1,8,1,1,2,526317,224404,41,2,1,6,435,6,66,6,30,2,4,6,248,0,0,4,1,2,0,0,1,1,1,1,1,36,7,2,0,0,0,0,0,3,1,7
3,1,10,0,18,0,8,0,0,0,0,1,1,1,1,40,7,1598,1,8,2,2,2,303676,182465,62,2,2,6,744,3,473,3,40,3,2,3,4222,0,4,4,1,2,0,0,2,1,1,1,1,33,6,3,0,0,0,0,0,9,1,5
3,2,9,0,3,0,1,0,0,0,0,2,1,6,1,35,6,1598,1,8,2,2,2,292130,92230,50,2,2,5,581,3,3015,2,30,3,4,4,3212,0,5,1,1,1,0,0,1,2,2,2,1,6,2,3,0,0,2,0,0,9,2,6
3,2,9,0,18,0,8,0,0,7,10,1,1,6,2,27,6,1598,1,11,1,8,2,400530,301780,20,2,8,7,307,6,0,6,30,6,4,6,0,0,0,1,1,1,3,0,1,1,6,1,2,27,6,3,0,0,0,0,0,9,1,1
3,1,9,0,18,0,0,2,0,1,9,1,1,6,2,48,8,1598,1,8,1,1,2,421693,266284,23,2,1,7,294,1,40,3,70,0,4,6,0,0,0,1,1,1,0,0,2,1,1,1,2,48,8,3,0,0,0,0,0,9,1,2
3,4,9,0,10,0,1,0,0,0,0,0,1,1,2,21,5,1149,1,1,2,1,4,305628,574897,98,4,1,4,917,3,75,6,60,3,4,6,103,0,0,1,1,1,0,0,2,1,1,1,1,33,6,3,0,0,0,0,0,9,1,5
3,2,9,0,13,0,0,5,0,8,11,1,1,6,1,39,7,3175,1,12,3,2,2,282590,113764,50,2,2,4,586,4,3137,6,30,0,4,6,0,0,0,1,1,2,0,0,2,1,1,1,1,39,7,3,0,0,0,0,0,9,3,4
3,2,9,0,18,0,0,0,0,0,0,3,1,6,1,31,6,1598,1,8,1,2,2,614353,243695,37,2,2,4,412,6,0,6,30,0,4,6,0,0,0,5,2,2,0,0,1,1,2,1,1,31,6,3,0,0,0,0,0,9,1,1
3,2,9,0,3,0,1,0,0,0,0,2,1,6,2,17,4,1390,1,8,3,1,2,444043,540910,11,2,1,7,169,4,1320,6,30,3,2,3,1086,0,0,4,1,1,0,0,1,2,1,1,2,17,4,3,0,0,0,0,0,9,3,9
3,1,9,0,4,0,1,0,0,0,0,1,1,6,2,22,5,1992,2,8,1,1,2,334994,381566,5,2,1,3,95,6,0,6,30,9,4,6,0,0,4,1,1,1,0,0,1,1,1,2,2,20,4,3,0,0,1,0,0,9,1,1
3,1,9,0,9,0,6,0,0,0,0,3,1,6,1,38,7,1598,1,8,1,1,2,453150,205508,43,2,1,3,482,4,480,6,20,3,4,6,0,0,0,1,1,1,0,0,1,2,1,1,1,33,6,3,0,0,0,0,0,9,1,5
2,1,9,0,5,0,0,0,0,0,0,3,1,2,2,57,9,1339,1,13,1,1,1,393310,411480,6,1,1,4,106,6,0,6,20,0,4,6,0,0,0,1,1,1,0,0,1,1,1,3,1,5,1,2,10,3,0,0,0,0,1,4
3,3,9,0,2,9,0,0,0,0,0,3,1,6,3,38,7,1388,1,9,1,2,3,457580,307628,33,3,2,6,364,6,1202,6,30,0,4,6,0,0,0,4,1,1,0,0,1,1,1,1,1,33,6,3,0,0,0,0,0,9,1,5
3,1,1,0,18,0,8,0,0,0,0,2,1,6,1,59,9,1598,1,8,1,1,2,521380,180730,1,2,1,6,27,5,0,1,30,2,4,6,0,0,0,1,1,1,0,0,1,2,1,1,1,59,9,3,0,0,0,0,0,1,1,6
3,1,3,0,18,0,8,1,0,0,0,1,1,6,1,41,7,125,1,2,1,1,2,527110,178000,1,2,1,7,12,3,3217,6,30,3,4,6,0,0,0,6,1,1,0,0,1,1,1,1,1,41,7,3,0,0,0,0,0,3,1,3
3,1,9,0,18,0,1,1,0,0,0,1,1,1,2,25,5,1386,1,12,1,1,2,335251,390895,5,2,1,4,91,3,580,3,30,6,2,4,5173,0,0,4,1,2,0,0,1,1,1,1,1,33,6,3,0,0,0,0,0,9,1,5
3,2,9,0,18,0,8,0,0,0,0,1,1,6,2,22,5,1596,1,5,1,2,2,448602,359650,31,2,2,6,340,6,0,6,30,6,4,6,0,0,0,1,1,1,0,0,1,1,2,1,2,22,5,3,0,0,0,0,0,9,1,7
3,1,9,0,5,0,4,1,0,0,0,1,1,2,1,32,6,1598,1,7,1,1,2,525846,135678,47,2,1,6,560,3,2220,1,40,1,4,3,23,0,0,1,2,2,0,0,1,1,1,1,1,33,6,3,0,0,0,0,0,9,1,5
3,1,9,0,3,0,7,0,0,0,0,2,1,2,2,43,7,1598,1,4,1,4,4,446689,515491,17,4,4,2,243,3,19,3,70,5,4,3,174,0,0,1,1,1,0,0,2,1,1,1,2,43,7,3,0,0,0,0,0,9,1,8
3,3,9,0,18,0,0,0,0,0,0,1,1,6,1,34,6,1598,1,8,2,3,3,297822,182307,62,3,3,2,744,3,473,6,40,0,4,6,0,0,0,1,2,2,0,0,2,1,3,1,1,34,6,3,0,0,0,0,0,9,2,5
3,1,9,0,17,0,8,1,0,7,11,4,1,6,1,23,5,1242,1,7,1,1,2,389193,380445,7,2,1,1,129,4,5358,6,60,3,4,4,5358,0,0,1,2,2,0,0,2,1,1,1,1,23,5,3,0,0,0,0,0,9,1,10
3,2,9,0,18,0,1,1,0,0,0,1,1,6,1,18,4,1400,1,9,1,1,2,460078,91045,44,2,1,3,505,6,0,6,30,3,4,6,0,0,0,4,5,2,0,0,1,1,1,1,1,33,6,3,0,0,0,0,0,9,1,5
2,2,1,0,18,0,0,0,0,0,0,2,1,2,1,44,7,1598,1,8,1,1,2,338038,395280,5,2,1,5,91,3,580,3,40,0,4,6,0,0,0,4,2,2,0,0,1,1,1,1,1,44,7,2,0,0,0,0,0,1,1,1
3,1,90,0,18,0,1,0,0,0,0,3,1,1,1,59,9,2999,2,3,1,2,2,330490,671750,95,2,2,5,923,3,6095,6,30,6,2,3,6106,0,5,1,1,1,0,0,1,1,1,1,1,33,6,3,0,0,0,0,0,9,1,5
3,1,9,0,17,0,0,0,0,0,0,1,1,2,2,35,6,1796,2,1,3,1,2,517670,219370,41,2,1,2,433,4,651,6,60,0,4,6,0,0,0,1,1,2,0,0,2,1,1,1,2,35,6,3,0,0,0,0,0,9,3,8
3,1,5,0,18,0,8,1,0,0,0,4,1,6,1,59,9,1690,1,3,1,2,1,512140,175030,1,1,2,3,25,3,315,3,30,1,4,6,0,0,0,1,1,1,6,0,1,1,1,1,1,59,9,3,0,0,0,0,0,5,1,9
3,2,9,0,18,0,1,0,0,0,0,1,1,6,1,35,6,1598,1,8,1,2,2,426847,421737,13,2,2,7,203,6,0,6,30,9,4,6,0,0,0,4,1,2,0,0,1,1,1,1,1,35,6,3,0,0,0,0,0,9,1,5
3,3,9,0,9,0,8,0,0,0,0,1,1,6,1,37,7,1598,1,8,1,2,5,534910,171370,1,5,2,6,7,6,0,6,30,6,4,6,0,0,0,4,1,1,0,0,1,1,1,2,2,29,6,3,0,0,1,0,0,9,1,5
3,1,9,0,18,0,0,0,0,0,0,1,1,6,3,38,7,1896,2,10,1,1,2,430828,435454,13,2,1,5,204,6,0,6,30,0,4,6,0,0,0,1,1,1,0,0,1,1,1,1,1,33,6,3,0,0,0,0,0,9,1,5
3,1,5,0,18,0,2,1,0,0,0,4,1,6,1,55,8,955,1,12,1,1,1,506220,185650,1,1,1,2,26,4,467,6,30,3,4,6,0,0,4,1,1,1,0,6,1,1,1,1,1,55,8,3,0,0,0,0,0,5,1,7
3,2,9,0,9,0,8,0,0,0,0,3,1,6,2,37,7,1246,1,7,1,1,2,387167,346459,21,2,1,1,257,4,5045,6,30,9,4,6,0,0,0,1,1,2,0,0,1,1,2,1,2,37,7,3,0,0,0,0,0,9,1,4
3,2,9,0,16,0,1,0,0,0,0,2,1,6,1,39,7,2616,1,11,1,1,3,433792,279720,20,3,1,4,302,6,0,6,30,6,4,6,0,0,0,1,8,2,0,0,1,2,1,1,1,33,6,3,0,0,0,0,0,9,1,5
3,2,11,0,5,2,0,0,0,0,0,2,1,1,1,39,7,6700,2,8,1,1,2,471506,173659,43,2,1,3,472,6,7201,2,30,0,4,6,0,0,0,1,2,2,0,0,1,1,1,2,2,36,7,3,0,0,0,4,0,11,1,2
3,2,1,0,18,0,8,0,0,0,0,4,1,4,2,14,3,1598,1,8,1,1,2,544310,262810,35,2,1,5,395,5,208,6,30,8,4,6,0,0,0,1,1,1,0,0,1,2,1,1,2,14,3,3,0,0,0,0,0,1,1,5
3,1,9,0,9,0,8,0,0,0,0,3,1,6,2,63,9,1242,1,3,1,2,2,544720,163670,1,2,2,1,19,5,0,6,30,3,4,6,0,0,0,1,1,1,0,0,2,1,1,1,2,63,9,3,0,0,0,0,0,9,1,7
2,1,9,0,18,0,0,0,0,0,0,0,1,6,2,26,6,1398,2,11,1,1,1,399623,297910,20,1,1,3,307,6,0,6,30,0,4,6,0,0,1,1,1,1,0,0,1,2,1,3,1,11,3,2,5,3,0,0,0,0,1,2
3,1,5,0,18,0,0,1,0,1,0,0,1,6,1,54,8,1598,1,8,1,1,1,369770,424570,4,1,1,1,70,1,65,3,70,0,4,6,0,0,0,1,1,1,0,0,1,1,1,1,1,54,8,3,0,0,0,0,0,5,1,5
3,1,3,0,14,0,0,1,0,0,0,1,1,2,1,41,7,124,1,10,1,2,1,405640,304370,20,1,2,4,307,3,452,6,30,0,4,6,0,0,0,1,1,2,0,0,1,1,2,3,2,17,4,3,5,2,0,0,0,0,1,4
3,2,9,0,5,0,0,0,0,0,0,1,1,6,1,38,7,1799,1,9,1,1,2,518510,192970,1,2,1,2,30,3,410,6,30,0,4,6,0,0,0,1,1,1,0,0,1,2,1,1,1,33,6,3,0,0,0,0,0,9,1,5
3,2,9,0,18,0,8,0,0,0,0,1,1,6,1,45,7,1596,1,12,1,1,2,524829,226610,41,2,1,1,435,6,57,6,30,3,4,6,273,0,0,7,1,1,0,0,1,2,1,1,1,33,6,3,0,0,0,0,0,9,1,5
3,1,9,0,4,0,1,0,0,0,0,1,1,1,2,22,5,1229,1,4,3,1,1,392720,286430,20,1,1,2,303,6,0,3,30,7,2,3,4036,0,5,1,1,1,0,0,1,1,1,3,1,13,3,3,4,2,0,0,0,0,1,4
3,3,9,0,3,0,2,0,0,0,0,2,1,6,1,51,8,1598,1,8,1,2,4,519220,192840,1,4,2,1,30,3,41,3,50,3,4,6,0,0,0,4,4,1,0,0,1,1,1,1,1,33,6,3,0,0,0,0,0,9,1,5
3,1,9,0,3,0,0,0,0,0,0,2,1,6,1,36,7,998,1,18,1,1,3,362907,170083,52,3,1,2,601,3,4,6,30,0,4,6,0,0,0,1,8,2,0,0,1,1,1,2,2,33,6,3,0,0,1,0,0,9,1,7
3,2,9,0,18,0,0,0,0,0,0,2,1,6,1,36,7,1968,2,8,1,2,2,386710,345808,21,2,2,6,257,3,52,6,30,0,4,6,0,0,0,1,1,1,0,0,1,1,1,1,1,36,7,3,0,0,0,0,0,9,1,6
3,1,9,0,18,0,0,2,7,7,4,1,1,2,1,21,5,1149,1,14,1,1,1,376011,85040,55,1,1,1,645,3,352,3,70,0,4,6,0,0,0,1,2,5,0,0,2,1,1,1,1,21,5,3,0,0,0,0,0,9,1,5
3,2,1,0,18,0,1,0,0,0,0,1,1,6,2,38,7,1598,1,8,1,1,2,436268,385673,14,2,1,1,215,6,0,6,30,3,4,6,0,0,0,1,1,1,0,0,1,2,1,1,2,33,6,3,0,0,0,0,0,1,1,1
3,1,9,0,9,0,8,0,0,0,0,1,1,6,2,41,7,1997,2,12,1,2,2,364590,410730,6,2,2,7,100,5,0,6,30,3,4,6,0,0,0,1,1,1,0,0,1,1,2,2,2,8,2,3,0,0,2,0,0,9,1,6
3,1,9,0,18,0,0,0,0,7,11,1,1,1,1,58,9,1598,1,8,1,1,1,435063,386578,14,1,1,7,215,6,0,2,30,0,4,6,0,0,0,4,2,2,0,0,1,1,1,2,1,21,5,3,0,0,2,0,0,9,1,1
3,2,9,0,18,0,0,0,0,0,0,3,1,6,2,33,6,1364,2,8,1,1,2,417684,433957,13,2,1,4,200,6,0,6,30,0,4,6,0,0,0,1,2,2,0,0,1,2,1,2,2,45,7,3,0,0,1,0,0,9,1,1
3,1,9,0,16,0,0,0,0,0,0,1,1,6,1,34,6,1396,1,12,3,1,1,277481,665951,97,1,1,1,932,6,0,6,30,0,4,6,0,0,0,1,1,1,0,0,1,1,1,3,2,6,2,3,5,4,0,0,0,0,3,5
3,2,19,0,4,0,0,0,0,0,0,2,1,1,1,42,7,4485,2,1,3,1,2,347830,305860,22,2,1,4,286,3,49,6,60,0,4,6,0,0,0,1,1,1,0,0,2,1,1,1,1,33,6,3,0,0,0,0,0,9,1,5
3,2,9,0,17,0,0,0,0,1,0,3,1,6,1,19,4,1596,1,8,3,1,2,221978,593703,97,2,1,1,937,6,0,6,60,0,4,6,0,0,0,1,1,1,0,0,2,1,1,1,1,33,6,3,0,0,0,0,0,9,1,5
3,1,9,0,18,0,2,5,0,1,0,3,1,2,2,48,8,1229,1,5,1,1,2,335125,390722,5,2,1,6,91,6,0,2,30,3,2,3,5047,0,0,1,1,1,0,0,1,1,1,1,2,48,8,3,0,0,0,0,0,9,1,3
3,1,9,0,16,0,8,0,0,0,0,3,1,6,1,45,7,1796,1,17,1,1,2,516770,178520,1,2,1,1,25,6,0,1,30,2,4,3,3002,0,0,1,1,1,0,0,1,1,1,1,1,45,7,3,0,0,0,0,0,9,1,3
1,1,9,0,13,0,0,1,0,1,4,3,1,6,1,27,6,1995,1,6,1,1,1,177160,37431,50,1,1,6,596,3,39,6,60,0,4,6,0,0,0,1,2,2,5,0,2,1,1,1,1,27,6,1,0,0,0,0,0,9,1,7
3,1,9,0,18,0,0,1,0,7,11,1,1,6,1,18,4,1598,1,8,1,3,1,389462,812190,92,1,3,1,910,6,0,6,40,0,4,6,0,0,0,4,1,2,0,7,1,1,1,1,1,18,4,3,0,0,0,0,0,9,1,5
3,2,9,0,5,0,8,0,0,0,0,1,1,2,2,27,6,1388,1,6,1,4,3,433681,551351,10,3,4,5,150,3,182,6,30,6,2,5,517,0,5,1,1,2,0,0,1,1,2,1,2,27,6,3,0,0,0,0,0,9,1,3
3,2,9,0,3,0,1,0,0,0,0,1,1,6,2,43,7,1386,1,7,1,1,2,434121,575791,10,2,1,7,139,3,193,6,30,1,4,4,1325,0,0,1,1,2,0,0,2,2,1,1,2,43,7,3,0,0,0,0,0,9,1,3
3,1,9,0,4,0,1,0,0,0,0,4,1,1,1,31,6,2400,2,4,1,1,3,335840,394117,5,3,1,2,91,6,0,6,30,3,4,6,0,0,0,4,1,1,0,0,1,1,1,1,1,31,6,3,0,0,0,0,0,9,1,5
3,3,9,0,3,0,0,0,0,0,0,2,1,6,2,29,6,1248,2,6,1,1,5,423721,566677,10,5,1,4,147,3,189,6,40,0,4,6,0,0,0,1,1,1,0,0,1,1,1,1,1,33,6,3,0,0,0,0,0,9,1,5
3,1,9,0,9,0,8,0,0,0,0,4,1,2,2,36,7,1598,2,1,1,1,2,517338,248049,40,2,1,3,424,3,1,3,50,3,4,6,251,0,0,4,2,2,0,0,2,1,1,1,1,33,6,3,0,0,0,0,0,9,1,5
3,2,20,0,17,0,8,0,0,0,0,1,1,1,1,46,8,4249,2,7,1,1,2,528640,177040,1,2,1,6,10,3,3216,1,30,1,2,5,0,0,5,1,2,2,0,0,1,1,1,1,1,33,6,3,0,0,0,0,0,9,1,5
3,1,98,0,1,0,5,0,0,0,0,4,2,1,1,35,6,1598,1,8,1,1,1,517937,130913,47,1,1,6,562,6,0,6,30,3,4,4,2180,0,0,1,1,1,0,0,1,2,1,3,1,35,6,3,6,9,0,0,0,0,2,10
3,1,9,0,7,0,6,0,0,0,0,1,1,6,1,69,10,1396,1,10,1,1,2,429029,515387,11,2,1,4,161,3,167,6,30,3,4,6,0,0,0,1,1,1,0,0,1,1,1,1,1,33,6,3,0,0,0,0,0,9,1,5
3,2,9,0,4,0,1,0,0,0,0,2,1,6,1,55,8,1598,1,13,1,1,2,392030,404750,6,2,1,3,104,3,62,1,30,1,4,3,62,0,0,1,1,2,0,0,1,1,1,2,2,48,8,3,0,0,1,0,0,9,1,2
3,2,9,0,9,0,8,0,0,0,0,1,1,6,1,19,4,1199,1,11,1,2,2,509093,223201,40,2,2,4,421,3,5228,6,30,6,2,6,0,0,5,1,2,2,0,0,1,1,2,1,1,19,4,3,0,0,0,0,0,9,1,9
3,2,97,0,18,0,0,0,0,0,0,0,1,6,3,38,7,1598,1,8,1,1,2,490861,390676,32,2,1,4,356,3,631,6,60,0,4,6,0,0,0,1,1,1,0,0,2,2,1,1,1,33,6,3,0,0,0,0,0,9,1,5
3,1,9,0,7,0,3,0,0,0,0,2,1,6,2,25,5,1360,1,12,3,1,2,414781,105627,44,2,1,4,496,3,31,6,60,1,4,3,338,0,0,1,1,2,0,0,2,2,1,1,2,25,5,3,0,0,0,0,0,9,3,9
3,2,9,0,4,0,0,0,0,0,0,2,1,6,2,50,8,1199,1,11,1,1,4,507650,429525,16,4,1,3,228,6,0,6,30,0,4,6,0,0,0,4,1,1,0,0,1,1,1,1,2,50,8,3,0,0,0,0,0,9,1,2
3,1,9,0,3,0,1,0,0,0,0,2,1,6,1,51,8,1598,1,3,1,1,2,238167,681434,97,2,1,2,916,3,82,1,60,1,4,3,811,0,0,1,2,2,0,0,1,1,1,1,1,51,8,3,0,0,0,0,0,9,1,5
3,1,9,0,18,0,0,0,0,0,0,1,1,6,1,40,7,1598,1,8,1,3,2,390011,325011,21,2,3,7,255,1,6,3,70,0,4,6,0,0,0,1,1,2,0,0,2,2,1,1,1,40,7,3,0,0,0,0,0,9,1,5
3,2,5,0,3,0,4,0,0,0,0,2,1,6,1,60,9,599,1,16,2,1,2,532530,343693,32,2,1,3,350,3,52,1,40,1,4,3,16,0,0,1,1,1,0,0,1,1,1,1,1,60,9,3,0,0,0,0,0,5,2,4
3,2,9,0,4,0,0,0,0,0,0,2,1,2,1,24,5,1598,2,2,1,1,2,483165,145950,45,2,1,4,517,3,31,3,50,0,4,6,0,0,0,1,1,1,0,0,2,1,1,1,1,33,6,3,0,0,0,0,0,9,1,5
3,1,9,0,18,0,8,0,0,0,0,1,1,6,1,24,5,1596,1,13,1,3,2,503638,439450,16,2,3,3,231,3,164,6,20,3,4,6,0,0,1,1,1,1,0,0,1,1,1,1,1,24,5,3,0,0,0,0,0,9,1,2
3,3,19,0,18,0,1,0,0,0,0,1,1,6,1,71,10,1598,1,8,2,1,3,366610,143573,52,3,1,4,606,3,361,6,40,6,4,6,0,0,0,1,1,1,0,0,2,1,1,2,2,63,9,3,0,0,1,0,0,19,2,9
3,1,9,0,6,0,2,0,0,0,0,4,1,6,1,34,6,1598,1,8,1,1,2,450594,532916,17,2,1,6,240,4,1277,6,30,3,4,4,1277,0,0,4,1,1,0,0,1,1,1,1,1,33,6,3,0,0,0,0,0,9,1,5