accident_severity,vehicle_reference,vehicle_type,towing_and_articulation,vehicle_manoeuvre,vehicle_location-restricted_lane,junction_location,skidding_and_overturning,hit_object_in_carriageway,vehicle_leaving_carriageway,hit_object_off_carriageway,1st_point_of_impact,was_vehicle_left_hand_drive?,journey_purpose_of_driver,sex_of_driver,age_of_driver,age_band_of_driver,engine_capacity_(cc),propulsion_code,age_of_vehicle,driver_home_area_type,NUmber_of_Casualities_unique_to_accident_index,No_of_Vehicles_involved_unique_to_accident_index,location_easting_osgr,location_northing_osgr,police_force,number_of_vehicles,number_of_casualties,day_of_week,local_authority_(district),1st_road_class,1st_road_number,road_type,speed_limit,junction_detail,junction_control,2nd_road_class,2nd_road_number,pedestrian_crossing-human_control,pedestrian_crossing-physical_facilities,light_conditions,weather_conditions,road_surface_conditions,special_conditions_at_site,carriageway_hazards,urban_or_rural_area,did_police_officer_attend_scene_of_accident,casualty_reference,casualty_class,sex_of_casualty,age_of_casualty,age_band_of_casualty,casualty_severity,pedestrian_location,pedestrian_movement,car_passenger,bus_or_coach_passenger,pedestrian_road_maintenance_worker,casualty_type,casualty_home_area_type,casualty_imd_decile
3,1,19,0,4,0,2,0,0,0,0,2,1,3,1,30,6,2198,2,1,1,1,2,533290,192320,1,2,1,4,32,3,406,3,50,3,4,5,0,0,0,1,1,1,0,0,1,1,1,1,1,30,6,3,0,0,0,0,0,19,1,7
3,2,1,0,18,9,8,5,0,0,0,1,1,6,2,12,3,1598,1,8,1,1,2,432700,433838,13,2,1,6,204,3,64,6,30,8,4,6,0,0,0,1,1,1,0,0,1,2,1,1,2,12,3,3,0,0,0,0,0,1,1,2
3,2,9,0,9,0,3,0,0,0,0,4,1,6,2,42,7,1598,2,8,2,2,2,527310,304200,35,2,2,5,394,3,47,1,60,1,4,4,1167,0,0,1,9,1,0,0,2,2,2,2,1,3,1,3,0,0,2,0,0,9,2,6
3,1,9,0,1,0,8,0,0,0,0,2,1,2,3,38,7,1598,1,8,1,1,1,554090,172920,46,1,1,6,532,3,225,6,30,3,4,6,0,0,0,1,4,1,0,0,1,1,1,3,2,18,4,3,10,9,0,0,2,0,1,5
3,1,9,0,5,0,8,0,0,0,0,4,1,2,1,46,8,1995,2,1,2,2,2,502174,369973,32,2,2,3,353,5,113,6,40,6,4,5,110,0,0,1,1,2,0,0,2,1,1,1,1,46,8,3,0,0,0,0,0,9,2,5
2,1,9,0,18,0,1,0,0,0,0,1,1,6,2,42,7,1998,2,9,1,1,1,249898,627200,97,1,1,7,919,3,76,6,30,9,4,6,0,0,0,4,2,2,0,0,2,1,1,3,2,20,4,2,5,1,0,0,0,0,2,5
2,2,9,0,18,0,0,0,0,0,0,1,1,6,2,20,4,998,1,4,3,1,2,451301,341306,31,2,1,7,342,3,6002,6,40,0,4,6,0,0,0,1,1,1,0,0,2,1,1,1,1,33,6,3,0,0,0,0,0,9,1,5
3,2,9,0,11,0,1,0,0,0,0,0,1,6,1,24,5,1598,1,8,1,1,2,532390,178960,1,2,1,4,8,3,201,6,30,3,2,4,240,0,5,1,2,2,0,0,1,1,1,1,1,33,6,3,0,0,0,0,0,9,1,5
3,1,9,0,16,0,8,0,0,0,0,1,1,1,1,44,7,1596,1,12,1,2,2,507620,176880,1,2,2,4,57,6,0,6,30,5,4,6,0,0,8,1,1,2,0,0,1,1,1,1,1,33,6,3,0,0,0,0,0,9,1,5
3,2,5,0,4,0,0,1,0,0,0,4,1,2,1,64,9,1598,1,8,3,1,2,563590,158770,46,2,1,4,542,6,31,6,60,0,4,6,0,0,0,1,4,2,0,0,2,2,1,1,1,64,9,3,0,0,0,0,0,5,3,7
3,1,9,0,5,0,6,0,0,0,0,1,1,6,2,68,10,1598,1,8,1,3,2,307275,344808,60,2,3,6,723,3,5104,6,50,6,3,4,5437,0,0,1,2,2,0,0,2,1,1,1,2,68,10,3,0,0,0,0,0,9,1,5
3,2,9,0,18,0,8,0,0,7,0,1,1,2,1,39,7,1997,2,11,1,1,2,455821,122128,44,2,1,2,502,6,0,6,60,3,4,6,0,0,0,6,5,2,0,0,2,1,1,1,1,39,7,3,0,0,0,0,0,9,1,9
3,3,9,0,17,0,0,0,0,0,0,3,1,6,1,23,5,1598,2,8,2,1,4,588718,259187,37,4,1,2,414,3,134,6,60,0,4,6,0,0,0,6,5,2,0,0,2,1,1,1,1,33,6,3,0,0,0,0,0,9,1,5
3,1,8,0,9,0,8,0,0,0,0,1,1,6,1,49,8,1797,8,5,1,1,2,523810,174470,1,2,1,6,10,3,219,6,30,3,4,6,0,0,0,1,1,1,0,0,1,1,1,1,1,33,6,3,0,0,0,0,0,9,1,5
3,2,9,0,9,0,8,0,0,0,0,1,1,6,1,43,7,1200,1,8,1,1,2,527640,176050,1,2,1,2,10,3,3220,6,30,3,4,6,0,0,0,1,1,1,0,0,1,1,1,1,1,33,6,3,0,0,0,0,0,9,1,5
2,1,9,0,18,0,0,1,0,0,4,1,1,6,2,37,7,1598,1,8,1,2,1,487921,334314,32,1,2,7,355,5,472,6,60,0,4,6,0,0,0,6,8,4,0,0,2,1,2,1,2,37,7,3,0,0,0,0,0,9,1,1
2,3,9,0,2,0,0,0,0,0,0,1,1,6,1,38,7,2987,2,3,1,1,3,436420,546021,10,3,1,6,150,3,182,6,30,0,4,6,0,0,0,1,1,1,0,0,1,1,1,1,1,33,6,3,0,0,0,0,0,9,1,5
3,1,9,0,9,0,6,0,0,0,0,0,1,6,1,36,7,1560,2,1,3,1,2,320671,569791,98,2,1,4,917,4,722,6,60,3,4,6,0,0,0,1,1,2,0,0,2,1,1,1,1,33,6,3,0,0,0,0,0,9,1,5
3,2,1,0,18,0,8,0,0,0,0,1,1,6,1,30,6,1598,1,8,1,1,2,452283,205960,43,2,1,4,482,3,420,1,20,1,4,4,480,0,0,4,2,2,0,0,1,1,1,1,1,30,6,3,0,0,0,0,0,1,1,8
2,2,9,0,15,0,0,0,0,0,0,4,1,6,1,46,8,2597,1,12,1,1,2,547120,171610,1,2,1,5,18,6,0,6,30,0,4,6,0,0,0,1,1,1,0,0,2,1,1,1,1,33,6,3,0,0,0,0,0,9,1,5
3,2,9,0,3,0,7,0,0,0,0,2,1,6,2,19,4,1149,1,3,1,2,2,275231,69029,50,2,2,6,584,3,38,7,30,1,4,4,3352,0,0,1,1,1,0,0,2,2,1,1,2,19,4,3,0,0,0,0,0,9,1,9
3,2,19,0,7,0,1,0,0,0,0,2,1,6,1,34,6,2287,2,8,1,1,2,534360,179180,1,2,1,6,8,5,0,6,30,3,4,6,0,0,0,1,1,1,0,0,1,1,1,1,1,33,6,3,0,0,0,0,0,9,1,5
3,2,9,0,2,0,2,0,0,0,0,2,1,6,1,53,8,1997,2,8,1,3,2,508062,222064,40,2,3,2,421,3,505,6,20,3,4,6,0,0,5,1,1,1,0,0,1,1,1,1,1,53,8,3,0,0,0,0,0,9,1,2
3,1,9,0,18,0,2,0,0,0,0,3,1,2,2,22,5,1149,1,10,2,1,1,616993,342606,36,1,1,2,405,3,149,6,40,3,4,5,786,0,0,1,1,1,0,0,2,1,1,3,1,5,1,3,5,4,0,0,0,0,2,4
3,1,19,4,2,0,0,0,0,0,0,0,1,1,1,53,8,2148,2,11,1,1,6,358762,174377,52,6,1,1,601,6,0,6,20,0,4,6,0,0,0,4,1,2,0,0,1,1,1,3,1,53,8,3,9,9,0,0,0,0,1,7
3,2,9,0,18,0,2,0,0,0,0,1,1,6,2,42,7,1598,1,8,1,1,2,319317,180540,62,2,1,2,741,6,0,6,30,3,4,6,0,0,0,1,1,1,0,0,1,1,2,1,2,42,7,3,0,0,0,0,0,9,1,5
3,1,9,0,18,0,0,0,10,7,10,1,1,6,1,82,11,1797,1,17,1,1,1,249797,60866,50,1,1,1,583,6,0,6,30,0,4,6,0,0,0,1,1,1,0,0,1,1,1,1,1,82,11,3,0,0,0,0,0,9,1,9
3,2,9,0,4,0,0,0,0,0,0,2,1,6,1,51,8,1598,1,13,1,3,2,449377,336120,31,2,3,1,342,3,52,3,70,0,4,6,0,0,0,1,1,1,0,0,1,1,1,1,1,51,8,3,0,0,0,0,0,9,1,8
3,2,9,0,17,0,0,0,0,0,0,1,1,6,1,54,8,1199,1,14,1,1,2,388385,351463,21,2,1,4,257,6,0,6,30,0,4,6,0,0,0,4,1,1,0,0,2,1,1,1,1,33,6,3,0,0,0,0,0,9,1,5
3,2,5,0,13,0,1,0,0,0,0,1,1,2,1,48,8,1170,1,6,1,2,2,555140,174380,46,2,2,5,532,6,3210,6,30,3,4,6,0,0,1,1,1,1,0,0,1,1,2,1,1,48,8,3,0,0,0,0,0,5,1,1
3,1,9,0,18,0,0,0,0,0,0,1,1,6,2,52,8,1984,1,4,1,1,2,411452,419710,13,2,1,4,202,3,629,3,40,0,4,6,0,0,0,4,4,2,0,0,2,1,1,1,2,52,8,3,0,0,0,0,0,9,1,8
3,1,19,0,18,0,8,0,0,0,0,1,1,1,1,63,9,2298,2,3,1,2,2,340787,384964,5,2,2,2,91,4,5171,3,30,3,2,6,0,0,5,1,1,2,0,0,1,1,2,1,1,63,9,3,0,0,0,0,0,19,1,3
3,1,9,0,18,0,1,0,0,0,0,1,1,6,1,35,6,1598,1,8,1,1,2,420537,425279,13,2,1,4,203,6,0,6,30,6,4,6,0,0,0,4,5,2,0,0,1,1,1,1,1,33,6,3,0,0,0,0,0,9,1,5
3,2,11,0,3,0,1,0,0,0,0,2,1,1,1,27,6,4500,2,7,1,1,2,523960,181340,1,2,1,4,12,4,412,6,30,6,2,6,0,0,5,1,1,1,0,0,1,1,1,1,1,33,6,3,0,0,0,0,0,9,1,5
2,1,9,0,18,0,8,1,0,1,4,1,1,6,1,23,5,1997,2,14,3,2,2,350900,453190,4,2,2,3,76,6,0,6,60,6,4,6,0,0,0,6,1,1,0,0,2,1,1,1,1,23,5,3,0,0,0,0,0,9,3,8
3,2,9,0,18,0,0,0,11,0,0,2,1,6,1,41,7,1598,1,8,2,2,4,543467,194567,42,4,2,4,456,1,11,3,70,0,4,6,0,0,0,1,1,1,0,2,2,1,1,1,1,33,6,3,0,0,0,0,0,9,1,5
3,1,20,1,1,0,0,0,0,0,0,4,1,6,2,39,7,1598,1,8,1,1,1,321660,469700,3,1,1,3,61,6,0,2,30,0,4,6,0,0,0,1,4,1,0,0,1,2,1,3,1,79,11,3,5,1,0,0,0,0,1,3
2,1,9,0,18,0,0,0,0,0,0,1,1,6,1,65,9,1596,1,6,1,2,3,475545,254815,34,3,2,1,385,1,1,3,70,0,4,6,0,0,0,6,1,2,0,0,2,1,2,2,2,60,9,2,0,0,1,0,0,9,1,6
3,3,9,0,3,0,1,1,0,0,0,1,1,2,1,37,7,1397,1,7,1,2,5,486771,158204,45,5,2,4,515,1,3,7,70,5,4,1,3,0,0,1,1,1,0,0,2,1,2,1,1,37,7,3,0,0,0,0,0,9,1,4
3,2,11,0,17,0,8,0,0,0,0,0,1,1,1,61,9,3900,2,11,1,1,2,575400,158270,46,2,1,7,536,3,229,1,40,1,4,6,0,0,0,1,1,1,0,0,2,2,1,2,2,82,11,3,0,0,0,4,0,11,1,7
2,1,9,0,16,0,0,0,0,0,0,1,1,6,1,36,7,1968,2,8,1,2,1,399116,427217,13,1,2,6,202,3,646,6,20,0,4,6,0,0,1,4,1,1,0,0,2,1,2,3,1,49,8,2,4,1,0,0,0,0,1,5
3,1,9,0,1,0,2,0,0,0,0,2,1,6,1,38,7,1839,1,12,1,1,1,465142,100350,44,1,1,1,498,3,2047,6,30,3,4,6,0,0,5,1,1,1,0,0,1,2,1,3,1,23,5,3,4,4,0,0,0,0,1,3
3,1,9,0,9,0,8,0,0,0,0,1,1,6,2,37,7,2179,2,8,1,1,2,518650,167560,1,2,1,2,23,5,0,6,30,3,4,6,0,0,0,1,1,1,0,0,1,1,1,1,1,33,6,3,0,0,0,0,0,9,1,5
2,3,9,0,18,0,0,1,12,0,0,1,1,1,1,38,7,1598,1,2,1,5,4,514491,162422,45,4,5,4,510,3,3,3,70,0,4,6,0,0,0,6,2,2,0,7,2,1,5,2,2,33,6,2,0,0,2,0,0,9,1,9
2,2,9,0,9,0,8,0,0,0,0,3,1,6,1,68,10,1598,1,8,2,1,2,333530,263650,63,2,1,1,753,4,4362,6,60,8,4,6,0,0,0,1,1,1,0,0,2,1,1,1,1,33,6,3,0,0,0,0,0,9,1,5
3,2,9,0,18,0,3,0,0,0,0,1,1,6,1,37,7,1997,2,10,1,6,2,435470,335600,30,2,6,7,323,3,601,1,30,1,2,3,601,0,5,1,1,1,0,0,1,1,3,2,2,28,6,3,0,0,1,0,0,9,1,1
3,1,3,0,18,0,8,0,0,0,0,1,1,6,1,29,6,125,1,14,1,1,2,360863,389030,7,2,1,1,128,5,1049,6,30,3,4,6,0,0,0,1,1,1,0,0,1,1,1,1,1,29,6,3,0,0,0,0,0,3,1,2
3,1,9,0,3,0,0,0,0,0,0,1,1,6,2,54,8,2993,2,6,1,1,2,473225,287369,33,2,1,2,363,3,4304,2,30,0,4,6,0,0,0,1,1,1,0,0,1,2,1,1,2,54,8,3,0,0,0,0,0,9,1,10
3,1,9,0,10,0,1,0,0,0,0,2,1,6,1,37,7,1198,1,5,3,1,3,268309,870256,91,3,1,4,927,3,9,6,60,3,4,6,0,0,0,1,1,1,0,0,2,1,1,1,1,33,6,3,0,0,0,0,0,9,1,5
3,1,9,0,18,0,0,0,0,0,0,1,1,1,2,39,7,1598,1,8,1,1,2,402576,200986,53,2,1,2,621,5,325,6,30,0,4,6,0,0,0,1,1,2,0,0,1,1,1,1,2,39,7,3,0,0,0,0,0,9,1,4
3,1,9,0,5,0,8,0,0,0,0,1,1,6,1,74,10,1989,1,13,1,1,1,530120,182100,1,1,1,7,2,3,4200,6,30,6,2,4,504,0,5,4,1,1,0,0,1,1,1,3,1,30,6,3,1,3,0,0,2,0,1,5
3,1,21,0,18,0,0,0,0,0,0,1,1,1,1,65,9,1598,1,8,3,4,2,455361,280399,33,2,4,3,363,1,1,3,70,0,4,6,0,0,0,1,1,1,0,0,2,1,1,1,1,33,6,3,0,0,0,0,0,9,1,5
3,1,9,0,4,0,0,0,0,0,0,2,1,6,2,41,7,998,1,14,1,3,3,540830,190370,1,3,3,3,14,6,0,6,30,0,4,6,0,0,0,4,1,1,0,0,1,1,1,1,2,41,7,3,0,0,0,0,0,9,1,5
3,1,9,0,9,0,1,0,0,0,0,2,1,6,2,62,9,1595,1,8,1,1,2,444598,421157,13,2,1,3,206,3,645,6,30,3,4,6,0,0,0,1,1,1,0,0,1,1,1,1,2,62,9,3,0,0,0,0,0,9,1,5
3,1,9,0,18,0,1,0,0,0,0,4,1,6,1,86,11,1329,1,2,3,2,2,348950,445760,4,2,2,3,85,6,0,6,30,3,4,6,0,0,0,1,1,1,0,0,2,1,1,1,1,86,11,3,0,0,0,0,0,9,3,6
3,1,11,0,9,0,2,0,0,0,0,0,1,1,1,38,7,5900,2,9,1,1,1,533120,166370,1,1,1,2,20,3,222,6,30,3,4,5,0,0,0,1,1,1,0,0,1,1,1,2,2,74,10,3,0,0,0,4,0,11,1,4
3,1,19,0,4,0,1,0,0,0,0,1,1,1,1,62,9,1996,2,1,1,1,2,626033,249352,37,2,1,2,415,3,12,1,40,1,4,4,1079,0,0,1,5,2,0,0,1,1,1,1,1,33,6,3,0,0,0,0,0,9,1,5
3,1,9,0,18,0,5,0,0,0,0,1,1,6,1,36,7,1598,1,12,1,1,2,362614,176090,52,2,1,7,601,6,0,6,20,9,4,6,0,0,0,1,1,1,0,0,1,1,1,1,1,36,7,3,0,0,0,0,0,9,1,7
3,1,9,0,5,0,1,0,0,0,0,0,1,6,2,32,6,1598,1,8,1,4,2,454458,339128,31,2,4,3,346,3,6514,6,30,5,4,3,6514,0,0,1,1,1,0,0,1,2,1,1,1,33,6,3,0,0,0,0,0,9,1,5
3,2,9,0,18,0,8,0,0,0,0,1,1,6,1,38,7,1598,1,8,1,1,2,535030,196230,1,2,1,5,32,3,110,6,30,8,4,6,0,0,4,1,1,1,0,0,1,2,1,1,1,33,6,3,0,0,0,0,0,9,1,5
3,1,1,0,18,0,1,0,0,0,0,1,1,6,1,12,3,1598,1,8,1,1,2,420109,93416,55,2,1,6,641,3,337,6,30,3,4,6,0,0,0,1,1,1,0,0,1,1,1,1,1,12,3,3,0,0,0,0,0,1,1,7
3,2,9,0,18,0,0,0,0,0,0,0,1,6,2,55,8,1240,1,6,1,8,4,346242,397045,5,4,8,7,92,3,580,3,60,0,4,6,0,0,0,1,1,1,0,0,2,1,5,2,2,86,11,3,0,0,1,0,0,9,1,1
2,1,5,0,16,0,0,2,0,0,0,1,1,6,1,29,6,599,1,9,1,2,2,423684,551432,11,2,2,4,169,4,6313,6,60,0,4,6,0,0,0,1,1,1,0,0,2,1,1,1,1,29,6,2,0,0,0,0,0,5,1,2
2,1,3,0,18,0,8,0,0,0,0,1,1,6,1,38,7,125,1,11,1,1,2,389360,347096,21,2,1,6,257,3,52,3,30,3,4,6,0,0,0,4,1,2,0,0,1,2,1,1,1,38,7,2,0,0,0,0,0,3,1,1
3,1,9,0,16,0,0,1,0,0,0,1,1,6,1,18,4,1299,1,13,2,2,1,387065,119584,55,1,2,6,642,3,350,6,60,0,4,6,0,0,0,6,2,2,0,0,2,1,2,2,2,18,4,3,0,0,1,0,0,9,1,5
3,1,19,0,16,0,0,5,0,2,11,1,1,1,1,67,10,2287,2,3,3,1,1,437070,472708,12,1,1,7,182,2,1,3,70,0,4,6,0,0,0,6,1,1,0,0,2,1,1,1,1,67,10,3,0,0,0,0,0,19,3,6
3,3,9,0,4,0,0,0,0,0,0,2,1,6,1,27,6,998,1,6,1,2,4,331860,431900,4,4,2,2,74,3,5230,3,30,0,4,6,0,0,0,1,1,1,0,0,1,1,2,2,2,32,6,3,0,0,1,0,0,9,1,4
3,1,9,0,10,0,1,0,0,0,0,2,1,6,2,26,6,998,1,1,1,2,2,428043,432831,13,2,2,3,204,6,0,6,30,3,4,4,6154,0,0,1,1,1,0,0,1,2,2,2,1,53,8,3,0,0,1,0,0,9,1,6
3,1,9,0,11,0,1,0,0,0,0,4,1,6,3,38,7,1896,2,11,1,1,2,391325,302603,20,2,1,5,309,3,449,3,40,1,4,6,0,0,4,1,8,1,0,0,1,2,1,1,1,33,6,3,0,0,0,0,0,9,1,5
3,1,9,0,10,0,1,0,0,0,0,1,1,6,2,41,7,1388,1,3,2,1,1,293100,93095,50,1,1,4,581,6,0,3,30,3,4,6,0,0,0,1,1,2,0,0,1,2,1,3,1,10,2,3,5,1,0,0,0,0,1,1
2,2,21,0,7,0,8,0,0,0,0,0,1,6,3,38,7,1598,1,8,1,1,2,466823,143835,44,2,1,4,490,3,339,6,50,3,4,6,0,0,0,1,4,1,0,0,2,1,1,1,1,33,6,3,0,0,0,0,0,9,1,5
3,1,9,0,18,0,0,0,0,1,0,4,1,6,1,26,6,1995,2,7,1,2,2,462287,131719,44,2,2,6,502,3,31,6,60,0,4,6,0,0,0,1,1,1,0,0,2,1,1,1,1,26,6,3,0,0,0,0,0,9,1,9
3,2,9,0,18,0,0,0,0,0,0,3,1,6,1,51,8,1399,2,8,1,3,2,445407,522081,17,2,3,7,245,3,139,6,40,0,4,6,0,0,0,1,1,1,0,0,2,1,2,2,1,51,8,3,0,0,1,0,0,9,1,4
3,2,21,1,9,0,6,0,0,0,0,4,1,1,1,43,7,11000,2,15,1,2,2,444505,327315,33,2,2,1,366,5,8214,6,30,8,4,6,6,0,0,4,7,1,0,0,2,1,1,1,1,33,6,3,0,0,0,0,0,9,1,5
3,1,9,0,9,0,8,0,0,0,0,4,1,6,1,32,6,1598,1,8,1,1,2,526240,181260,1,2,1,7,1,5,0,6,30,6,4,6,0,0,0,4,1,1,0,0,1,1,1,1,1,33,6,3,0,0,0,0,0,9,1,5
3,2,19,0,18,0,0,0,0,0,0,1,1,6,1,43,7,1870,2,11,2,2,2,213695,65150,50,2,2,7,596,3,38,6,50,0,4,6,0,0,0,1,1,1,0,0,2,1,2,2,1,19,4,3,0,0,1,0,0,19,2,2
3,1,9,0,18,0,8,0,10,1,2,1,1,6,1,70,10,1488,2,19,1,2,1,528000,174140,1,1,2,7,10,6,0,6,30,6,4,6,0,0,0,4,1,1,0,0,1,1,1,1,1,70,10,3,0,0,0,0,0,9,1,10
3,2,9,0,6,0,8,0,0,0,0,3,1,6,1,48,8,1896,2,12,1,1,2,443116,385473,14,2,1,3,215,4,6064,6,30,3,4,6,0,0,0,7,1,1,0,0,1,1,1,1,1,33,6,3,0,0,0,0,0,9,1,5
3,2,5,0,18,0,6,0,0,0,0,1,1,2,1,48,8,998,1,7,1,2,2,508023,431702,16,2,2,2,228,6,0,6,30,6,4,6,0,0,1,1,1,1,0,0,1,1,2,1,1,48,8,3,0,0,0,0,0,5,1,1
3,2,9,0,4,0,0,0,0,0,0,0,1,6,1,19,4,1199,1,14,1,3,2,245283,55028,50,2,3,7,583,3,374,6,30,0,4,6,0,0,0,1,1,1,0,0,1,1,1,1,1,19,4,3,0,0,0,0,0,9,1,3
3,2,9,0,18,0,0,0,0,0,0,1,1,2,1,28,6,1968,2,8,3,3,2,409639,423266,13,2,3,5,202,3,629,3,30,0,4,6,0,0,5,1,1,1,0,0,1,1,3,1,1,28,6,3,0,0,0,0,0,9,3,5
3,1,1,0,18,0,8,0,0,0,0,1,1,6,1,21,5,1598,1,8,1,1,2,531890,181360,48,2,1,5,570,3,40,6,30,3,4,5,0,0,0,1,1,1,0,0,1,2,1,1,1,21,5,3,0,0,0,0,0,1,1,3
3,1,9,0,18,0,1,0,0,0,0,4,1,2,1,29,6,1390,1,2,1,1,1,522150,183030,1,1,1,4,28,3,404,6,30,3,2,5,0,0,5,1,1,1,0,0,1,1,1,3,2,28,6,3,4,1,0,0,2,0,1,4
3,1,9,0,12,0,0,0,0,0,0,3,1,2,1,53,8,1299,1,7,1,1,3,375310,397740,6,3,1,2,107,1,60,3,70,0,4,6,0,0,0,4,1,1,0,0,1,1,1,1,1,33,6,3,0,0,0,0,0,9,1,5
3,1,9,0,5,0,8,0,0,0,0,1,1,2,1,26,6,1560,2,1,1,1,2,434360,428231,13,2,1,4,204,6,0,1,30,2,4,6,0,0,0,1,1,1,0,0,1,1,1,1,1,33,6,3,0,0,0,0,0,9,1,5
3,1,9,0,18,0,0,5,0,7,0,3,1,6,1,27,6,1400,1,15,3,1,1,324947,115851,52,1,1,1,610,6,0,9,60,0,4,6,0,0,0,1,5,2,0,0,2,1,1,1,1,27,6,3,0,0,0,0,0,9,3,9
3,2,9,0,2,0,0,0,0,0,0,4,1,6,1,47,8,1598,1,8,1,1,2,593570,172890,46,2,1,2,540,4,2008,6,30,0,4,6,0,0,0,4,1,1,0,0,1,1,1,1,1,33,6,3,0,0,0,0,0,9,1,5
3,1,9,0,18,9,5,0,0,0,4,1,1,6,1,70,10,1598,2,8,3,2,3,185945,729561,97,3,2,2,913,6,0,6,30,3,4,6,0,0,0,1,1,1,0,0,2,1,2,1,1,70,10,3,0,0,0,0,0,9,3,5
2,1,9,0,17,0,0,1,0,1,9,1,1,6,1,65,9,1598,1,8,3,2,1,553104,370421,32,1,2,1,351,5,525,6,60,0,4,6,0,0,0,1,1,1,0,0,2,1,2,2,1,35,6,2,0,0,1,0,0,9,3,2
3,1,9,0,9,0,5,0,10,1,3,1,1,5,1,20,4,1108,1,14,1,3,1,378870,248004,22,1,3,7,273,6,0,6,30,3,2,3,449,0,5,4,1,1,0,0,1,1,1,1,1,20,4,3,0,0,0,0,0,9,1,2
3,1,9,0,4,0,0,0,0,0,0,2,1,2,1,47,8,1598,1,10,1,1,2,547730,187810,1,2,1,6,16,5,0,6,30,0,4,6,0,0,1,4,1,1,0,0,1,1,1,1,1,47,8,3,0,0,0,0,0,9,1,4
2,1,9,0,18,0,0,0,0,0,0,1,1,6,1,29,6,1781,1,24,1,1,2,330651,399729,5,2,1,1,93,6,0,6,30,0,4,6,0,0,0,1,1,1,0,0,1,1,1,1,1,33,6,3,0,0,0,0,0,9,1,5
3,2,9,0,7,0,1,0,0,0,0,1,1,3,1,32,6,1600,1,11,1,1,2,403546,92889,55,2,1,6,643,4,3068,6,30,3,4,6,0,0,0,1,1,1,0,0,1,1,1,1,1,33,6,3,0,0,0,0,0,9,1,5
3,1,19,0,9,0,8,0,0,0,0,1,1,1,1,26,6,1598,1,8,1,1,1,524440,181600,1,1,1,3,12,6,0,6,30,6,4,6,0,0,0,4,1,1,0,0,1,1,1,3,2,33,6,3,5,1,0,0,2,0,1,2
3,3,9,0,4,0,0,0,0,0,0,2,1,2,1,39,7,1560,2,5,1,1,3,518569,110448,47,3,1,2,562,3,283,6,60,0,4,6,0,0,0,1,1,1,0,0,2,1,1,1,1,33,6,3,0,0,0,0,0,9,1,5
3,1,19,0,3,0,0,0,0,0,0,2,1,6,1,51,8,1248,2,4,1,1,2,429854,108209,44,2,1,1,496,3,35,6,30,0,4,6,0,0,0,1,1,1,0,0,2,2,1,1,1,51,8,3,0,0,0,0,0,19,1,10
3,1,9,0,17,0,0,0,0,0,0,1,1,3,2,22,5,1349,1,5,3,1,2,510447,327912,32,2,1,4,355,5,417,6,60,0,4,6,0,0,0,1,1,1,0,0,2,1,1,1,2,22,5,3,0,0,0,0,0,9,3,5
3,1,9,0,1,0,0,0,0,0,0,3,1,1,2,40,7,1995,2,4,1,1,2,356110,424940,4,2,1,4,83,3,49,6,50,0,4,6,0,0,0,1,1,1,0,0,2,1,1,1,1,33,6,3,0,0,0,0,0,9,1,5
3,1,9,0,18,0,0,0,0,0,0,4,1,6,1,38,7,2231,2,7,1,1,4,530730,192090,1,4,1,5,32,3,406,3,40,0,4,6,0,0,0,1,1,1,0,0,1,1,1,1,1,33,6,3,0,0,0,0,0,9,1,5
3,1,9,0,2,0,0,0,0,0,0,0,1,6,1,41,7,1686,2,2,2,2,4,478021,241504,34,4,2,1,385,3,5,3,70,0,4,6,0,0,0,7,1,1,0,2,2,1,1,1,1,33,6,3,0,0,0,0,0,9,1,5
3,1,9,0,18,0,1,1,0,0,0,1,1,6,1,38,7,1461,2,8,1,3,2,428740,321170,30,2,3,3,328,5,344,6,30,3,4,6,0,0,0,1,9,2,0,0,1,2,1,1,1,33,6,3,0,0,0,0,0,9,1,5
3,2,9,0,3,0,1,0,0,0,0,2,1,6,1,53,8,1199,2,1,3,2,2,426727,543299,11,2,2,2,169,6,0,6,30,3,4,3,691,0,4,1,1,1,0,0,1,1,1,1,1,53,8,3,0,0,0,0,0,9,3,8
3,2,9,0,18,0,0,0,6,0,0,1,1,6,1,55,8,1998,1,10,3,2,2,378737,656780,95,2,2,6,914,3,6112,6,60,0,4,6,0,0,0,1,1,2,0,0,2,1,1,1,1,55,8,3,0,0,0,0,0,9,3,5
3,1,9,0,18,0,0,0,0,0,0,1,1,6,1,29,6,1299,1,13,1,1,2,410498,194136,54,2,1,1,635,3,419,3,60,0,4,6,0,0,0,1,2,2,0,0,2,1,1,1,1,33,6,3,0,0,0,0,0,9,1,5
2,2,5,0,18,0,8,0,0,0,0,1,1,6,1,27,6,1200,1,18,1,2,2,642549,290574,37,2,2,7,416,3,145,6,30,3,4,6,0,0,0,1,1,1,0,0,1,1,2,2,2,25,5,2,0,0,0,0,0,5,1,5
3,2,9,0,3,0,0,0,0,0,0,2,1,2,1,35,6,1796,1,10,1,3,4,539730,181610,1,4,3,4,17,3,13,3,30,0,4,6,0,0,0,1,1,1,0,0,1,1,1,1,1,35,6,3,0,0,0,0,0,9,1,10
1,2,5,0,18,0,8,0,0,0,0,1,1,6,1,35,6,899,1,15,1,1,2,477531,261895,34,2,1,4,384,3,4500,6,30,3,4,6,8244,0,0,4,4,1,0,0,1,1,1,1,1,35,6,1,0,0,0,0,0,5,1,3