accident_severity,vehicle_reference,vehicle_type,towing_and_articulation,vehicle_manoeuvre,vehicle_location-restricted_lane,junction_location,skidding_and_overturning,hit_object_in_carriageway,vehicle_leaving_carriageway,hit_object_off_carriageway,1st_point_of_impact,was_vehicle_left_hand_drive?,journey_purpose_of_driver,sex_of_driver,age_of_driver,age_band_of_driver,engine_capacity_(cc),propulsion_code,age_of_vehicle,driver_home_area_type,NUmber_of_Casualities_unique_to_accident_index,No_of_Vehicles_involved_unique_to_accident_index,location_easting_osgr,location_northing_osgr,police_force,number_of_vehicles,number_of_casualties,day_of_week,local_authority_(district),1st_road_class,1st_road_number,road_type,speed_limit,junction_detail,junction_control,2nd_road_class,2nd_road_number,pedestrian_crossing-human_control,pedestrian_crossing-physical_facilities,light_conditions,weather_conditions,road_surface_conditions,special_conditions_at_site,carriageway_hazards,urban_or_rural_area,did_police_officer_attend_scene_of_accident,casualty_reference,casualty_class,sex_of_casualty,age_of_casualty,age_band_of_casualty,casualty_severity,pedestrian_location,pedestrian_movement,car_passenger,bus_or_coach_passenger,pedestrian_road_maintenance_worker,casualty_type,casualty_home_area_type,casualty_imd_decile
3,1,19,0,7,0,8,0,0,0,0,1,1,6,1,43,7,1248,2,7,1,1,2,456890,101581,44,2,1,2,493,4,3385,6,30,3,4,6,0,0,0,4,1,1,0,0,2,1,1,1,1,33,6,3,0,0,0,0,0,9,1,5
2,2,3,0,18,0,8,0,0,0,0,1,1,6,1,25,5,125,1,1,1,1,2,433086,415762,13,2,1,3,206,3,61,6,30,3,4,6,0,0,0,1,1,1,0,0,1,1,1,1,1,25,5,2,0,0,0,0,0,3,1,6
3,3,9,0,3,0,0,0,0,0,0,2,1,6,1,25,5,1598,1,8,1,3,4,455197,229874,43,4,3,2,481,3,43,3,70,0,4,6,0,0,0,1,2,2,0,0,2,1,1,1,1,33,6,3,0,0,0,0,0,9,1,5
3,1,19,0,18,0,8,0,0,1,11,1,1,6,1,29,6,1598,1,8,1,1,4,334634,416683,5,4,1,6,93,3,5267,6,30,6,2,6,0,0,5,4,1,1,0,0,1,1,1,1,1,33,6,3,0,0,0,0,0,9,1,5
3,2,9,0,18,0,0,0,0,0,0,2,1,2,2,45,7,2149,2,8,1,1,2,547042,208358,42,2,1,5,457,3,414,3,40,0,4,6,0,0,0,1,1,1,0,0,2,1,1,1,2,45,7,3,0,0,0,0,0,9,1,4
3,2,9,0,18,0,0,0,0,0,0,3,1,6,2,32,6,1796,1,7,1,1,2,571761,118561,47,2,1,2,555,6,0,6,30,0,4,6,0,0,0,1,1,1,0,0,2,2,1,1,2,32,6,3,0,0,0,0,0,9,1,6
3,2,9,0,4,0,0,0,0,0,0,2,1,1,2,43,7,1896,2,11,1,2,2,396890,276160,22,2,2,2,270,1,5,3,40,0,4,6,0,0,0,1,1,1,4,0,2,2,1,1,1,33,6,3,0,0,0,0,0,9,1,5
3,4,9,0,4,0,1,0,0,0,0,1,1,6,1,41,7,1598,1,8,1,5,4,404750,289430,20,4,5,7,300,3,41,6,30,3,4,6,0,0,0,4,1,1,0,0,1,1,1,1,1,33,6,3,0,0,0,0,0,9,1,5
2,2,9,0,18,0,0,0,0,0,0,1,1,6,1,18,4,1753,2,10,3,2,2,523160,269420,35,2,2,3,393,4,1043,6,60,0,4,6,0,0,0,1,1,1,0,0,2,1,2,1,1,18,4,3,0,0,0,0,0,9,3,9
3,1,9,0,18,0,1,0,0,1,4,1,1,6,2,45,7,1598,1,8,1,1,1,307690,186308,62,1,1,4,744,6,0,6,60,3,4,6,0,0,0,6,1,1,0,0,2,1,1,1,2,45,7,3,0,0,0,0,0,9,1,5
3,2,19,0,5,0,0,0,0,0,0,2,1,1,1,65,9,2402,2,12,1,1,3,450999,405146,14,3,1,2,211,3,635,6,60,0,4,6,0,0,0,1,2,2,0,0,2,1,1,1,1,33,6,3,0,0,0,0,0,9,1,5
3,3,9,0,18,0,8,0,0,0,0,3,1,6,1,38,7,1598,1,8,1,3,3,548960,186590,1,3,3,7,16,3,124,6,30,6,4,6,0,0,0,1,1,1,0,0,1,1,3,2,1,33,6,3,0,0,1,0,0,9,1,5
3,1,9,0,18,0,8,0,0,0,0,3,1,6,2,46,8,1995,2,1,1,1,2,544400,191620,1,2,1,3,14,3,123,6,30,3,4,6,0,0,0,1,2,2,0,0,1,1,1,1,1,33,6,3,0,0,0,0,0,9,1,5
3,1,9,0,18,0,1,0,0,0,0,3,1,6,2,67,10,998,1,1,3,1,1,569760,159500,46,1,1,4,542,6,835,6,30,3,4,6,0,0,0,1,1,1,0,0,1,2,1,3,2,29,6,3,5,3,0,0,0,0,1,5
3,1,9,0,18,0,3,0,0,1,7,1,1,6,2,31,6,2488,2,9,1,1,1,551640,168460,46,1,1,1,538,4,2173,1,30,1,4,6,0,0,4,4,1,1,0,0,1,1,1,1,2,31,6,3,0,0,0,0,0,9,1,6
3,2,9,0,18,0,8,0,0,0,0,1,1,6,1,58,9,1686,2,4,1,1,2,535700,185490,1,2,1,1,4,5,0,6,30,3,4,6,0,0,0,4,1,1,0,0,1,1,1,1,1,58,9,3,0,0,0,0,0,9,1,2
3,1,9,0,18,0,0,1,0,1,4,3,1,2,1,23,5,1587,1,14,1,2,1,531111,118860,47,1,2,5,563,4,2113,6,30,0,4,6,0,0,4,4,1,1,0,0,1,1,2,2,1,22,5,3,0,0,1,0,0,9,1,9
3,1,1,0,16,0,0,0,0,0,0,1,1,6,1,43,7,1598,1,8,1,1,1,497378,144024,45,1,1,6,517,3,3100,9,30,0,4,6,0,0,8,1,1,1,0,0,1,1,1,3,1,42,7,3,4,3,0,0,0,0,1,10
2,2,9,0,17,0,0,0,0,0,0,1,1,6,2,58,9,1197,1,5,3,1,2,421765,608449,10,2,1,3,139,5,96,6,60,0,4,6,0,0,0,6,2,2,0,0,2,1,1,1,2,58,9,2,0,0,0,0,0,9,3,5
3,2,9,0,18,0,0,0,0,0,0,1,1,6,1,29,6,1598,1,8,1,1,3,534900,202980,41,3,1,1,430,5,54,6,30,0,4,6,0,0,0,1,2,2,0,0,1,2,1,1,1,33,6,3,0,0,0,0,0,9,1,5
3,2,9,0,7,0,1,0,0,0,0,4,1,6,1,38,7,1796,1,4,1,1,2,535180,181260,1,2,1,3,5,3,13,3,30,6,2,5,0,0,5,1,2,2,0,0,1,1,1,1,1,33,6,3,0,0,0,0,0,9,1,5
2,1,3,0,18,0,8,1,0,0,0,4,1,6,1,17,4,124,1,7,1,1,3,390412,164084,54,3,1,2,635,3,3102,1,30,2,4,6,0,0,0,1,1,1,0,0,1,1,1,1,1,17,4,2,0,0,0,0,0,3,1,8
3,2,11,0,18,0,0,0,0,0,0,1,1,1,1,38,7,9600,2,18,1,1,2,439241,229681,43,2,1,3,485,4,4022,6,60,0,4,6,0,0,0,1,1,1,0,0,2,1,1,1,1,33,6,3,0,0,0,0,0,9,1,5
3,1,5,0,16,0,0,1,0,1,7,1,1,6,1,24,5,1598,1,8,1,1,1,509232,214789,41,1,1,7,434,1,1,7,70,0,4,6,0,0,0,1,1,1,0,0,2,1,1,1,1,24,5,3,0,0,0,0,0,5,1,6
3,2,9,0,2,0,0,0,10,0,0,3,1,6,3,38,7,1968,2,4,1,3,2,522302,105596,47,2,3,5,557,6,0,6,30,0,4,6,0,0,1,1,1,1,1,0,1,1,1,1,1,33,6,3,0,0,0,0,0,9,1,5
3,2,1,0,18,0,8,0,0,0,0,4,1,6,2,40,7,1598,1,8,1,1,2,471333,174162,43,2,1,5,472,3,4155,1,30,1,4,3,329,0,4,1,1,1,0,0,1,1,1,1,2,40,7,3,0,0,0,0,0,1,1,6
3,1,9,0,18,0,8,0,0,0,0,1,1,1,1,21,5,1124,1,12,1,1,2,406540,287770,20,2,1,3,300,4,4100,6,30,6,4,6,0,0,4,1,1,1,0,0,1,1,1,1,1,21,5,3,0,0,0,0,0,9,1,1
3,2,9,0,18,0,0,0,0,0,0,2,1,6,2,62,9,998,1,1,1,2,5,508197,200384,41,5,2,3,436,3,41,3,70,0,4,6,0,0,0,1,1,2,0,0,2,1,1,1,1,33,6,3,0,0,0,0,0,9,1,5
2,1,1,0,7,0,1,0,0,0,0,0,1,1,1,52,8,1598,1,8,2,1,1,579163,112420,47,1,1,6,552,6,0,6,30,3,4,4,2159,0,0,1,1,1,0,0,1,1,1,1,1,52,8,2,0,0,0,0,0,1,2,9
3,1,9,0,14,0,0,0,0,0,0,1,1,6,1,56,9,1753,2,5,1,1,1,504934,427891,16,1,1,1,228,6,0,6,30,0,4,6,0,0,4,1,2,2,0,0,1,1,1,3,1,12,3,3,5,2,0,0,0,0,1,1
3,2,1,0,18,0,0,0,0,0,0,1,1,6,2,47,8,1598,1,8,1,1,2,459435,308884,33,2,1,6,362,6,3415,6,30,0,4,6,0,0,0,1,1,2,0,0,1,2,1,1,2,47,8,3,0,0,0,0,0,1,1,7
3,2,9,0,13,0,0,0,0,0,0,0,1,6,3,38,7,1560,2,5,1,1,2,433660,332080,30,2,1,3,323,6,0,6,30,0,4,6,0,0,0,1,4,1,0,0,1,2,1,1,1,33,6,3,0,0,0,0,0,9,1,5
2,1,9,0,18,0,2,0,4,0,0,4,1,1,1,64,9,1984,1,13,2,2,2,392326,87422,55,2,2,3,644,4,3075,6,30,3,4,6,0,0,4,4,1,2,0,0,2,1,1,3,1,40,7,3,9,6,0,0,0,0,2,6
3,2,1,0,3,0,1,0,0,0,0,1,1,6,2,27,6,1598,1,8,1,1,2,537280,176200,1,2,1,5,7,3,20,6,30,3,4,6,0,0,4,4,1,1,0,0,1,1,1,1,2,27,6,3,0,0,0,0,0,1,1,2
3,2,9,0,3,0,1,0,0,0,0,2,1,6,1,39,7,2987,2,5,1,3,2,424329,322528,21,2,3,6,251,3,5189,6,30,6,2,6,0,0,4,4,1,1,0,0,1,1,3,2,1,24,5,3,0,0,2,0,0,9,1,5
3,1,17,0,18,0,1,0,0,0,0,1,1,1,1,53,8,2049,2,5,3,1,2,531650,180260,1,2,1,4,8,3,201,6,30,6,4,6,0,0,0,1,1,2,0,0,1,1,1,1,1,33,6,3,0,0,0,0,0,9,1,5
3,1,9,0,18,0,0,0,0,0,0,1,1,6,3,38,7,1598,1,8,1,1,2,436127,558183,10,2,1,2,150,6,5331,6,30,0,4,6,0,0,0,4,1,1,0,0,1,1,1,1,1,33,6,3,0,0,0,0,0,9,1,5
2,2,9,0,18,0,8,0,0,1,10,4,1,6,1,34,6,1995,2,4,1,1,2,430620,365470,30,2,1,2,327,4,5057,6,60,6,4,5,112,0,0,1,2,2,0,0,2,1,1,1,1,33,6,3,0,0,0,0,0,9,1,5
2,1,5,0,17,0,0,0,0,1,0,1,1,6,1,51,8,1064,1,12,1,1,1,403403,165266,54,1,1,1,635,5,50,6,60,0,4,6,0,0,0,1,1,1,0,0,2,1,1,1,1,51,8,2,0,0,0,0,0,5,1,4
3,1,11,0,18,0,0,0,0,0,0,0,1,6,3,38,7,1598,1,8,1,1,2,325574,673930,95,2,1,4,923,3,8,6,30,0,4,6,0,0,5,1,1,1,0,2,1,2,1,1,1,33,6,3,0,0,0,0,0,9,1,5
3,1,9,0,18,0,0,0,0,0,0,1,1,6,1,50,8,1781,1,15,2,1,1,333974,397230,5,1,1,2,93,3,5090,6,20,0,4,6,0,0,1,4,1,1,0,0,1,2,1,3,2,33,6,3,1,1,0,0,0,0,1,1
3,2,9,0,10,0,1,0,0,0,0,2,1,6,2,36,7,1398,2,2,1,2,2,521080,299220,35,2,2,4,394,6,0,6,30,8,4,6,0,0,0,1,1,1,0,0,1,1,2,1,2,36,7,3,0,0,0,0,0,9,1,9
2,2,19,0,18,0,8,0,0,7,4,1,1,1,1,55,8,2402,2,8,2,3,2,505939,120621,47,2,3,3,562,3,29,6,60,6,4,6,0,0,0,1,1,1,0,0,2,1,2,1,1,55,8,3,0,0,0,0,0,19,2,5
3,1,3,0,4,0,0,0,0,0,0,3,1,6,1,28,6,125,1,8,1,1,2,525110,180570,1,2,1,5,12,4,415,6,30,0,4,6,0,0,0,4,2,2,0,0,1,1,1,1,1,28,6,3,0,0,0,0,0,3,1,3
3,2,1,0,18,0,1,0,0,0,0,4,1,6,1,25,5,1598,1,8,1,1,2,451533,206230,43,2,1,2,482,3,420,6,20,3,4,6,0,0,0,1,1,1,0,0,1,1,1,1,1,25,5,3,0,0,0,0,0,1,1,5
2,1,9,0,18,9,8,1,0,2,0,1,1,6,1,29,6,1796,1,13,1,2,2,440449,555844,10,2,2,6,150,6,5179,6,30,3,4,6,5179,0,5,1,1,2,0,0,1,1,2,3,2,11,3,3,6,9,0,0,0,0,1,1
2,1,9,0,18,0,0,0,0,0,0,1,1,6,1,38,7,1598,1,8,1,1,1,429800,455975,12,1,1,3,182,3,61,6,30,0,4,6,0,0,0,1,1,1,0,0,1,2,1,3,2,76,11,2,5,3,0,0,0,0,3,9
3,1,3,0,13,0,8,0,0,0,0,1,1,2,1,22,5,124,1,7,1,1,2,390160,296470,20,2,1,6,309,3,449,6,30,3,4,6,0,0,4,1,1,1,0,0,1,1,1,1,1,22,5,3,0,0,0,0,0,3,1,7
3,1,9,0,18,0,8,1,10,1,10,1,1,6,1,37,7,1984,1,2,1,2,2,535380,183850,1,2,2,1,4,3,106,6,30,6,4,6,0,0,1,4,1,1,0,0,1,1,1,3,2,28,6,3,4,1,0,0,2,0,1,3
3,2,9,0,18,0,1,0,0,0,0,1,1,6,2,35,6,1498,1,10,1,5,2,561694,193130,42,2,5,7,452,6,0,6,30,9,4,6,0,0,0,1,1,1,0,0,1,1,2,2,2,8,2,3,0,0,1,0,0,9,1,6
3,1,9,0,18,0,2,0,0,0,0,1,1,6,2,36,7,1596,1,9,1,1,1,393770,404590,6,1,1,4,104,4,6194,6,30,3,4,5,0,0,4,1,1,1,0,0,1,1,1,3,1,11,3,3,4,3,0,0,0,0,1,1
3,1,19,0,1,0,0,0,0,0,0,2,1,6,1,38,7,1598,1,8,1,1,2,434490,279560,20,2,1,2,302,6,0,6,30,0,4,6,0,0,0,1,2,2,0,0,1,2,1,1,1,33,6,3,0,0,0,0,0,9,1,5
3,2,19,0,18,0,1,0,0,0,0,1,1,6,1,43,7,1753,2,11,1,2,2,441082,82270,44,2,2,7,505,3,3055,6,60,8,4,6,0,0,0,1,1,1,0,0,2,1,1,1,1,33,6,3,0,0,0,0,0,9,1,5
3,1,9,0,4,0,1,0,0,0,0,2,1,6,1,65,9,2198,1,12,3,1,2,410721,308344,21,2,1,2,252,3,461,6,40,1,4,3,461,0,0,1,1,1,0,0,2,1,1,1,1,33,6,3,0,0,0,0,0,9,1,5
3,2,9,0,18,0,0,0,0,0,0,1,1,6,2,42,7,998,1,6,1,2,2,450422,360512,31,2,2,2,340,4,6014,6,30,0,4,6,0,0,0,1,1,1,0,0,1,1,2,1,2,42,7,3,0,0,0,0,0,9,1,3
3,1,9,0,18,0,0,0,0,0,0,3,1,6,1,43,7,1686,2,10,1,1,1,514310,187930,1,1,1,4,29,6,0,6,30,0,4,6,0,0,0,4,1,1,0,0,1,1,1,3,1,47,8,3,5,4,0,0,2,0,1,6
3,2,9,0,17,0,8,0,0,0,0,1,1,6,1,46,8,1956,2,5,3,4,2,507316,367905,32,2,4,2,353,4,1190,6,40,3,4,4,1202,0,0,1,1,1,0,0,2,1,2,1,1,46,8,3,0,0,0,0,0,9,3,4
3,1,9,0,9,0,8,0,0,0,0,3,1,6,1,29,6,1598,1,8,1,1,2,437650,280220,20,2,1,6,302,6,0,6,30,8,4,6,0,0,0,1,1,1,0,0,1,1,1,1,1,29,6,3,0,0,0,0,0,9,1,7
3,1,9,0,18,0,0,0,0,0,0,4,1,6,2,56,9,1598,1,3,1,1,1,379900,272090,22,1,1,2,278,6,0,6,30,0,4,6,0,0,0,1,1,1,0,0,1,1,1,3,2,36,7,3,9,5,0,0,0,0,1,5
3,2,9,0,13,0,0,0,0,0,0,1,1,2,1,54,8,1587,1,14,1,3,3,517230,429881,16,3,3,4,231,6,0,6,40,0,4,6,0,0,0,4,1,1,0,0,2,1,2,1,1,54,8,3,0,0,0,0,0,9,1,1
2,1,3,0,18,0,0,1,0,0,0,1,1,2,1,50,8,125,1,2,2,2,1,366445,77303,55,1,2,6,646,3,354,6,30,0,4,6,0,0,4,4,1,1,0,0,1,1,2,1,1,50,8,2,0,0,0,0,0,3,2,1
3,2,22,0,18,0,0,0,0,0,0,1,1,6,2,71,10,1598,1,8,1,1,2,419084,185356,54,2,1,6,633,6,0,6,30,0,4,6,0,0,8,1,1,1,0,0,1,2,1,1,2,71,10,3,0,0,0,0,0,22,1,9
3,2,9,0,4,0,0,0,0,0,0,2,1,6,2,37,7,1796,1,13,1,1,2,453983,401338,14,2,1,4,211,5,235,6,60,0,4,6,0,0,0,1,1,1,0,0,2,1,1,1,1,33,6,3,0,0,0,0,0,9,1,5
3,1,9,0,18,0,8,0,0,0,0,1,1,6,1,28,6,1360,1,13,1,4,2,509211,169660,45,2,4,5,40,3,244,6,30,6,2,6,0,0,0,1,2,2,0,0,1,1,3,2,2,7,2,3,0,0,2,0,0,9,1,9
2,2,9,0,18,0,8,0,0,0,0,1,1,6,1,52,8,2261,1,9,1,4,4,394410,406160,6,4,4,6,104,3,672,6,30,3,4,6,0,0,0,4,1,2,0,0,1,1,1,1,1,33,6,3,0,0,0,0,0,9,1,5
3,2,9,0,4,0,0,0,0,0,0,2,1,6,2,26,6,1390,1,17,1,1,2,425286,324793,21,2,1,3,251,4,5018,6,30,0,4,6,0,0,0,4,1,2,0,0,1,2,1,1,2,26,6,3,0,0,0,0,0,9,1,5
3,1,9,0,18,0,2,0,0,0,0,1,1,6,1,59,9,1339,8,5,1,2,2,533450,180700,1,2,2,1,5,3,100,3,40,3,4,5,0,0,0,1,1,1,0,0,1,1,1,1,1,59,9,3,0,0,0,0,0,9,1,5
3,2,9,0,1,0,0,0,0,0,0,1,1,6,2,33,6,2979,1,15,1,3,2,264952,674367,97,2,3,5,920,6,0,6,30,0,4,6,0,0,0,1,1,2,0,0,2,1,1,2,2,7,2,3,0,0,2,0,0,9,1,5
3,2,19,0,3,0,0,0,0,0,0,2,1,1,1,22,5,1686,2,10,1,1,3,517160,164899,45,3,1,4,510,3,3,3,50,0,4,6,0,0,0,1,1,1,0,0,2,1,1,1,1,22,5,3,0,0,0,0,0,19,1,5
3,2,9,0,4,0,0,0,0,0,0,1,1,6,1,38,7,1598,1,8,1,1,2,513940,172450,1,2,1,7,24,4,358,3,30,0,4,6,0,0,0,1,1,1,4,0,1,2,1,1,1,33,6,3,0,0,0,0,0,9,1,5
2,1,3,0,18,0,2,0,0,1,10,1,1,1,1,14,3,108,1,2,1,2,1,386790,401610,6,1,2,5,102,6,0,6,30,3,4,6,0,0,0,1,1,1,0,0,1,1,2,2,1,14,3,3,0,0,0,0,0,3,1,1
3,2,8,0,15,0,8,0,0,0,0,3,1,1,1,50,8,1598,1,11,1,2,2,527900,170330,1,2,2,1,22,3,217,6,30,3,4,6,0,0,0,1,2,2,0,0,1,1,1,1,1,33,6,3,0,0,0,0,0,9,1,5
2,1,9,0,17,0,0,0,0,0,0,1,1,2,1,30,6,2967,2,2,1,1,2,400810,267200,22,2,1,6,270,6,0,6,60,0,4,6,0,0,0,1,1,2,0,0,2,1,1,1,1,33,6,3,0,0,0,0,0,9,1,5
3,2,9,0,5,0,8,0,0,0,0,1,1,6,1,35,6,1995,2,2,1,2,2,532650,191350,1,2,2,1,31,3,10,3,30,6,2,5,0,0,5,1,1,1,0,0,1,1,1,1,1,33,6,3,0,0,0,0,0,9,1,5
3,2,9,0,10,0,1,0,0,0,0,2,1,1,2,24,5,1149,1,13,2,1,3,506620,299680,35,3,1,4,394,3,47,6,60,9,4,5,38,0,0,1,1,1,0,0,2,1,1,1,2,24,5,3,0,0,0,0,0,9,2,8
3,1,9,0,18,0,0,0,4,0,0,3,1,6,2,50,8,1796,1,9,1,3,2,543160,181210,1,2,3,4,17,3,117,6,30,0,4,6,0,0,0,1,1,1,0,0,1,1,1,1,2,50,8,3,0,0,0,0,0,9,1,5
3,1,9,0,18,0,0,0,0,0,0,1,1,6,2,25,5,1197,1,3,1,2,3,532055,120059,47,3,2,4,563,6,0,6,30,0,4,6,0,0,0,1,1,1,0,0,1,1,1,1,1,33,6,3,0,0,0,0,0,9,1,5
3,2,9,0,18,0,0,0,0,5,6,2,1,6,1,71,10,2720,2,9,1,1,2,445825,323325,33,2,1,4,366,3,42,3,70,0,4,6,0,0,0,1,1,2,0,0,2,1,1,1,1,71,10,3,0,0,0,0,0,9,1,9
3,1,9,0,18,0,8,0,0,0,0,1,1,6,2,40,7,1997,2,11,1,3,2,433810,279750,20,2,3,7,302,4,4109,6,30,3,4,6,0,0,0,1,1,1,0,0,1,2,3,2,1,12,3,3,0,0,1,0,0,9,1,3
3,1,9,0,18,0,0,0,0,0,0,3,1,6,1,71,10,1598,1,8,3,1,2,220730,247720,63,2,1,2,750,6,0,6,60,0,4,6,0,0,0,1,1,1,0,0,2,1,1,1,1,71,10,3,0,0,0,0,0,9,3,5
3,2,9,0,9,0,8,0,0,0,0,3,1,6,1,30,6,4367,2,3,1,1,2,436706,570085,10,2,1,3,148,5,206,6,30,3,4,6,2121,0,0,4,1,2,0,0,2,1,1,1,1,30,6,3,0,0,0,0,0,9,1,8
2,5,9,0,2,0,2,0,0,0,0,2,1,6,1,28,6,2204,2,9,1,1,5,413124,131082,54,5,1,7,635,3,360,6,30,3,4,6,0,0,0,1,1,1,0,0,1,1,1,1,1,33,6,3,0,0,0,0,0,9,1,5
3,1,9,0,18,0,4,0,0,0,0,1,1,6,1,54,8,1997,2,13,1,1,2,526114,410428,16,2,1,2,233,3,180,3,50,1,4,6,0,0,0,1,1,1,0,0,1,1,1,1,1,33,6,3,0,0,0,0,0,9,1,5
3,2,9,0,2,0,1,0,0,3,0,2,1,6,2,48,8,1598,1,8,1,1,2,342708,733346,93,2,1,4,918,5,248,6,30,3,4,6,0,0,0,1,1,1,0,0,1,1,1,1,2,48,8,3,0,0,0,0,0,9,1,5
3,2,11,0,18,0,8,0,0,0,0,0,1,1,1,37,7,4461,2,1,2,3,2,300498,666078,95,2,3,6,940,6,0,6,30,3,4,6,0,0,0,1,1,1,0,0,2,1,2,2,1,53,8,3,0,0,0,4,0,11,1,5
3,2,1,0,18,0,8,0,0,0,0,1,1,6,1,52,8,1598,1,8,1,1,2,515840,180240,1,2,1,7,27,3,4020,6,30,3,4,6,0,0,0,1,2,2,0,0,1,1,1,1,1,52,8,3,0,0,0,0,0,1,1,4
3,3,9,0,18,0,1,0,0,0,0,2,1,6,1,51,8,1596,1,9,1,1,3,585745,186384,42,3,1,7,460,3,13,3,30,9,2,3,1158,0,5,1,1,1,0,0,1,2,1,1,1,51,8,3,0,0,0,0,0,9,1,3
3,1,9,0,18,0,8,0,0,0,0,1,1,6,1,23,5,1598,1,8,1,2,3,298401,194798,62,3,2,3,744,4,4223,6,40,3,4,6,0,0,0,4,5,2,0,0,2,1,4,2,2,2,1,3,0,0,2,0,0,9,1,10
3,1,9,0,16,0,0,0,0,7,4,1,1,2,1,36,7,1998,2,10,1,1,1,595970,139460,46,1,1,3,530,3,28,6,50,0,4,6,0,0,0,6,2,2,0,0,2,1,1,1,1,36,7,3,0,0,0,0,0,9,1,1
3,1,9,0,6,0,0,0,0,0,0,3,1,1,1,38,7,1968,2,5,1,1,2,436120,335210,30,2,1,5,323,3,5194,6,30,0,4,6,0,0,0,4,1,1,0,0,1,2,1,1,1,33,6,3,0,0,0,0,0,9,1,5
3,2,9,0,18,0,0,0,0,0,0,2,1,6,1,24,5,1995,2,5,1,1,2,436526,387705,14,2,1,6,215,3,57,3,40,0,4,6,0,0,0,1,9,1,0,0,1,2,1,1,1,33,6,3,0,0,0,0,0,9,1,5
3,3,9,0,4,0,0,0,0,0,0,2,1,2,2,32,6,1560,2,4,1,2,3,399080,299660,20,3,2,3,307,1,6,3,70,0,4,6,0,0,0,1,1,2,0,0,2,1,2,1,2,32,6,3,0,0,0,0,0,9,1,9
3,4,9,0,4,0,0,0,0,0,0,2,1,2,1,26,6,1599,1,7,1,2,4,565320,181314,42,4,2,3,462,3,13,3,70,0,4,6,0,0,0,1,1,1,0,0,2,1,1,1,1,33,6,3,0,0,0,0,0,9,1,5
3,2,3,0,18,0,8,0,0,0,0,0,1,6,1,23,5,124,1,1,1,1,2,464717,105737,44,2,1,1,498,3,3,6,40,3,2,6,0,0,0,1,1,2,0,0,1,1,1,1,1,23,5,3,0,0,0,0,0,3,1,3
3,2,11,0,18,0,0,0,0,0,0,1,1,1,1,22,5,3900,2,12,1,8,2,505221,249072,40,2,8,4,420,3,600,6,30,0,4,6,0,0,8,1,1,1,0,0,1,1,2,2,2,11,3,3,0,0,0,4,0,11,1,5
2,1,9,0,18,0,0,0,0,7,0,4,1,6,1,25,5,1596,1,15,3,2,2,349220,451690,4,2,2,2,76,3,6,6,50,0,4,6,0,0,0,1,1,2,0,0,2,1,1,1,1,25,5,2,0,0,0,0,0,9,3,7
3,2,9,0,10,0,1,0,0,0,0,2,1,6,2,26,6,1896,2,6,1,3,2,354990,429360,4,2,3,2,79,3,6,3,30,3,2,3,59,0,0,4,1,2,0,0,1,1,1,1,2,26,6,3,0,0,0,0,0,9,1,2
2,2,3,0,18,0,8,0,0,0,0,3,1,6,1,19,4,1598,1,8,1,2,2,528670,173530,1,2,2,7,10,3,24,3,20,3,4,6,0,0,0,1,1,1,0,0,1,1,2,2,1,20,4,3,0,0,0,0,0,3,1,4
3,1,9,0,18,0,0,0,0,0,0,1,1,6,1,74,10,1598,1,10,1,1,1,561239,99658,47,1,1,5,551,3,2040,6,30,0,4,6,0,0,0,4,4,2,0,0,1,1,1,3,1,61,9,3,5,3,0,0,0,0,1,4
3,1,9,0,18,0,8,0,0,0,0,1,1,6,1,34,6,2720,2,6,2,1,2,546050,165610,1,2,1,7,19,3,223,6,30,6,4,6,0,0,0,1,1,1,0,0,1,1,1,1,1,33,6,3,0,0,0,0,0,9,1,5
3,3,9,0,18,0,0,0,11,0,0,1,1,6,2,22,5,1598,2,4,2,1,3,340870,559880,3,3,1,2,62,1,6,3,70,0,4,6,0,0,0,1,2,2,0,2,2,1,1,1,1,33,6,3,0,0,0,0,0,9,1,5
3,2,9,0,18,0,8,0,0,0,0,2,1,6,2,45,7,1796,1,8,2,3,2,522750,210360,41,2,3,3,438,3,414,1,60,1,4,2,1,0,0,1,9,1,0,0,2,2,1,1,2,45,7,3,0,0,0,0,0,9,2,9
2,1,3,0,16,0,2,0,7,0,0,1,1,6,1,21,5,125,1,8,1,2,2,527060,191470,1,2,2,1,30,5,0,6,30,6,4,6,0,0,8,4,1,1,0,0,1,1,2,2,1,21,5,3,0,0,0,0,0,3,1,2
3,1,9,0,16,0,0,1,0,1,1,1,1,6,1,20,4,1598,1,8,1,2,1,318319,375997,60,1,2,3,724,3,5026,6,30,0,4,6,0,0,5,4,1,2,0,0,1,1,1,1,1,20,4,3,0,0,0,0,0,9,1,5
2,1,9,0,9,0,5,0,0,0,0,1,1,6,1,27,6,1299,1,12,3,1,2,445596,399162,14,2,1,4,213,6,0,6,30,3,4,3,6022,0,0,1,1,1,0,0,1,2,1,1,1,27,6,2,0,0,0,0,0,9,3,1
3,1,9,0,17,0,1,0,0,0,7,1,1,6,1,18,4,1229,1,7,1,1,1,229615,643493,97,1,1,6,931,3,738,6,30,6,2,6,0,0,5,4,2,2,0,0,1,1,1,2,1,18,4,3,0,0,1,0,0,9,1,5