accident_severity,vehicle_reference,vehicle_type,towing_and_articulation,vehicle_manoeuvre,vehicle_location-restricted_lane,junction_location,skidding_and_overturning,hit_object_in_carriageway,vehicle_leaving_carriageway,hit_object_off_carriageway,1st_point_of_impact,was_vehicle_left_hand_drive?,journey_purpose_of_driver,sex_of_driver,age_of_driver,age_band_of_driver,engine_capacity_(cc),propulsion_code,age_of_vehicle,driver_home_area_type,NUmber_of_Casualities_unique_to_accident_index,No_of_Vehicles_involved_unique_to_accident_index,location_easting_osgr,location_northing_osgr,police_force,number_of_vehicles,number_of_casualties,day_of_week,local_authority_(district),1st_road_class,1st_road_number,road_type,speed_limit,junction_detail,junction_control,2nd_road_class,2nd_road_number,pedestrian_crossing-human_control,pedestrian_crossing-physical_facilities,light_conditions,weather_conditions,road_surface_conditions,special_conditions_at_site,carriageway_hazards,urban_or_rural_area,did_police_officer_attend_scene_of_accident,casualty_reference,casualty_class,sex_of_casualty,age_of_casualty,age_band_of_casualty,casualty_severity,pedestrian_location,pedestrian_movement,car_passenger,bus_or_coach_passenger,pedestrian_road_maintenance_worker,casualty_type,casualty_home_area_type,casualty_imd_decile
3,1,9,0,18,0,0,0,0,0,0,1,1,6,1,21,5,1988,1,14,1,2,3,531040,169410,1,3,2,2,20,5,0,6,30,0,4,6,0,0,0,1,1,1,0,0,1,1,1,1,1,21,5,3,0,0,0,0,0,9,1,5
3,2,9,0,9,0,6,0,0,0,0,0,1,6,1,62,9,1198,1,6,1,1,2,504967,430133,16,2,1,4,228,6,0,6,30,6,4,6,0,0,1,4,1,4,0,0,1,2,1,1,1,33,6,3,0,0,0,0,0,9,1,5
3,1,9,0,18,0,0,1,4,0,0,1,1,6,1,47,8,1598,1,8,1,1,2,633870,164420,46,2,1,3,541,3,256,3,50,0,4,6,0,0,0,1,1,2,0,0,2,1,1,1,1,33,6,3,0,0,0,0,0,9,1,5
3,2,9,0,7,0,1,0,0,0,0,2,1,6,1,31,6,1598,1,8,1,1,2,277103,320170,60,2,1,1,722,3,494,6,60,3,4,4,4416,0,0,1,2,2,0,0,2,1,1,1,1,33,6,3,0,0,0,0,0,9,1,5
3,2,9,0,18,0,1,0,0,0,0,4,1,6,1,40,7,1997,2,6,1,1,2,360763,174559,52,2,1,3,601,3,432,6,20,9,4,3,432,0,5,1,1,1,0,0,1,1,1,2,2,27,6,3,0,0,1,0,0,9,1,4
3,1,9,0,18,0,1,1,0,4,1,1,1,2,2,18,4,1598,1,8,1,1,1,364300,371433,7,1,1,5,130,3,556,3,70,3,2,5,629,0,0,1,2,2,0,0,2,1,1,1,2,18,4,3,0,0,0,0,0,9,1,9
3,1,11,0,4,0,0,0,0,0,0,1,1,1,1,35,6,6871,2,6,1,1,1,316552,691354,94,1,1,5,925,4,981,6,30,0,4,6,0,0,0,1,1,1,0,0,1,2,1,3,1,17,4,3,6,9,0,0,0,0,1,5
3,1,9,0,5,0,6,0,0,0,0,3,1,6,1,43,7,1796,1,13,1,1,2,591760,171540,46,2,1,7,540,4,2007,6,30,1,4,6,0,0,0,1,1,1,0,0,2,1,1,1,1,33,6,3,0,0,0,0,0,9,1,5
2,2,9,0,18,0,1,0,0,0,0,4,1,2,1,26,6,2295,1,14,1,1,2,490865,181253,43,2,1,1,477,3,4,6,40,8,4,6,979,0,0,1,1,1,0,0,1,1,1,1,1,33,6,3,0,0,0,0,0,9,1,5
3,2,9,0,4,0,0,0,0,0,0,2,1,6,1,49,8,1598,1,10,1,1,4,510610,184440,1,4,1,2,26,3,40,3,60,0,4,6,0,0,0,4,1,1,0,0,1,1,1,2,2,38,7,3,0,0,2,0,0,9,1,7
3,1,9,0,9,0,8,0,0,0,0,3,1,6,1,76,11,1598,1,8,1,1,2,332584,188280,61,2,1,1,733,4,4237,6,30,3,4,6,0,0,0,5,1,2,0,0,1,1,1,1,1,76,11,3,0,0,0,0,0,9,1,5
3,3,9,0,3,0,1,0,0,0,0,2,1,6,1,26,6,1956,2,8,1,2,3,390750,297330,20,3,2,7,309,3,449,6,30,3,4,6,0,0,0,1,1,2,0,0,1,1,1,1,1,33,6,3,0,0,0,0,0,9,1,5
3,1,9,0,18,0,0,0,0,1,0,1,1,6,1,24,5,2521,1,8,2,2,2,485217,131188,47,2,2,2,559,6,0,6,60,0,4,6,0,0,0,1,1,1,0,0,2,1,1,1,1,24,5,3,0,0,0,0,0,9,2,8
3,2,5,0,9,0,3,0,0,0,0,2,1,6,1,34,6,599,1,3,1,1,2,516960,296910,35,2,1,5,394,3,605,1,30,2,4,3,1260,0,0,1,1,1,0,0,1,1,1,1,1,34,6,3,0,0,0,0,0,5,1,3
3,2,9,0,18,0,0,0,0,0,0,1,1,6,1,49,8,1798,8,2,1,1,2,459341,524618,17,2,1,2,241,3,1085,6,30,0,4,6,0,0,0,4,1,2,0,0,1,1,1,1,1,33,6,3,0,0,0,0,0,9,1,5
3,1,9,0,9,0,5,0,0,0,0,1,1,6,1,17,4,1368,1,9,3,2,2,429983,455513,12,2,2,1,182,3,61,6,30,6,2,6,193,0,0,1,1,1,0,0,1,1,2,2,2,16,4,3,0,0,1,0,0,9,1,10
3,1,4,0,4,0,1,1,4,0,0,1,1,1,1,22,5,108,1,7,1,1,2,520910,190460,1,2,1,4,30,6,0,6,30,3,4,6,0,0,0,1,1,2,0,0,1,1,1,1,1,22,5,3,0,0,0,0,0,4,1,5
2,1,9,0,9,0,1,0,0,0,0,1,1,6,1,61,9,1995,2,2,1,1,2,333179,383189,5,2,1,6,95,4,5136,6,30,6,2,6,0,0,5,1,4,2,0,0,1,1,1,1,1,33,6,3,0,0,0,0,0,9,1,5
3,2,1,0,18,0,8,0,0,0,0,4,1,1,1,19,4,1598,1,8,2,1,2,519010,213662,41,2,1,6,434,4,653,1,60,1,4,4,653,0,0,1,1,1,0,0,2,1,1,1,1,19,4,3,0,0,0,0,0,1,2,9
3,2,11,0,18,0,1,0,0,0,0,3,1,1,1,29,6,6700,2,5,1,1,2,334739,390660,5,2,1,5,91,6,0,6,30,3,2,6,0,0,8,1,9,1,0,0,1,2,1,1,1,33,6,3,0,0,0,0,0,9,1,5
3,1,9,0,18,0,0,0,0,0,0,0,1,6,1,38,7,1242,1,1,1,1,2,521564,161251,45,2,1,4,38,6,2124,6,30,0,4,6,0,0,0,1,1,1,0,0,1,1,1,1,1,33,6,3,0,0,0,0,0,9,1,5
3,2,1,0,18,0,8,0,0,0,0,4,1,6,1,50,8,1598,1,8,1,1,2,282647,181029,62,2,1,7,740,3,4229,1,30,1,4,1,4,0,0,1,1,1,0,0,2,1,2,1,1,50,8,3,0,0,0,0,0,1,1,5
2,1,9,0,18,0,1,0,0,0,0,4,1,6,2,30,6,1686,2,1,1,1,2,509568,434557,16,2,1,1,228,6,0,6,30,3,4,6,0,0,0,1,2,2,0,0,1,1,1,1,1,33,6,3,0,0,0,0,0,9,1,5
3,2,9,0,18,0,8,0,0,0,0,1,1,6,1,24,5,1149,1,9,1,3,2,298089,665412,95,2,3,3,940,6,0,6,30,9,4,6,0,0,0,1,8,2,0,0,1,2,3,2,1,44,7,3,0,0,2,0,0,9,1,5
3,2,9,0,3,0,0,0,0,0,0,2,1,6,1,78,11,1798,8,2,1,1,3,570688,107838,47,3,1,2,555,3,259,6,30,0,4,6,0,0,0,1,1,1,0,0,1,1,1,1,1,78,11,3,0,0,0,0,0,9,1,5
3,2,1,0,18,0,0,0,0,0,0,1,1,2,1,29,6,1598,1,8,1,1,2,408950,288470,20,2,1,4,300,4,4132,3,30,0,4,6,0,0,0,1,1,1,0,0,1,2,1,1,1,29,6,3,0,0,0,0,0,1,1,5
3,1,9,0,5,0,1,0,0,0,0,1,1,2,1,26,6,1799,1,8,1,1,2,433650,334590,30,2,1,4,323,3,5111,3,40,6,2,3,5250,0,4,1,1,1,0,0,1,1,1,1,1,33,6,3,0,0,0,0,0,9,1,5
3,1,11,0,2,0,0,0,0,0,0,0,1,1,1,31,6,9360,2,4,1,1,1,518050,183770,1,1,1,7,28,3,4089,6,30,0,4,6,0,0,0,1,1,1,0,0,1,1,1,2,2,32,6,3,0,0,0,2,0,11,1,5
3,1,21,1,11,0,3,0,0,0,0,4,1,1,1,40,7,12777,2,7,1,1,2,461158,311616,33,2,1,3,362,3,46,3,60,1,2,3,46,0,0,4,2,2,0,0,2,2,1,1,1,33,6,3,0,0,0,0,0,9,1,5
3,2,8,0,9,0,8,0,0,0,0,2,1,2,1,50,8,2664,2,14,1,3,2,392780,398220,6,2,3,7,110,6,0,6,20,6,4,6,0,0,0,1,1,1,0,0,1,1,3,2,1,23,5,3,0,0,2,0,0,8,1,5
3,1,9,0,18,0,0,0,0,0,0,1,1,6,1,38,7,1598,1,8,1,1,2,504125,179732,43,2,1,6,477,1,25,3,70,0,4,6,0,0,0,1,1,1,0,0,2,3,1,1,1,33,6,3,0,0,0,0,0,9,1,5
3,1,1,0,18,0,0,0,0,0,0,1,1,6,1,26,6,1598,1,8,1,2,1,536870,192980,1,1,2,5,13,6,0,6,30,0,4,6,0,0,0,4,8,1,0,0,1,1,1,1,1,26,6,3,0,0,0,0,0,1,1,3
3,2,9,0,18,0,4,0,0,0,0,1,1,1,1,23,5,1968,2,8,3,1,2,251504,147288,50,2,1,2,582,3,361,1,30,1,4,6,0,0,0,1,4,1,0,0,1,1,1,1,1,23,5,3,0,0,0,0,0,9,3,4
2,2,9,0,18,0,2,0,0,0,0,1,1,6,1,22,5,1199,1,12,1,8,2,387300,406930,6,2,8,7,106,3,664,6,30,3,4,5,0,0,0,4,1,1,0,0,1,1,2,1,1,22,5,2,0,0,0,0,0,9,1,1
3,1,9,0,18,0,2,0,0,0,0,1,1,1,2,26,6,1599,1,11,1,1,1,441655,293429,33,1,1,3,361,4,4666,6,30,3,4,6,6197,0,4,1,1,1,0,0,1,1,1,3,2,22,5,3,4,1,0,0,0,0,1,3
3,1,19,0,18,0,8,0,0,0,0,1,1,6,2,24,5,2402,2,13,3,1,3,347730,303020,22,3,1,3,286,3,49,6,30,3,4,6,0,0,0,1,1,1,0,0,2,1,1,1,1,33,6,3,0,0,0,0,0,9,1,5
3,1,9,0,9,0,6,0,0,0,0,3,1,6,1,60,9,1598,2,1,1,1,2,351379,387315,7,2,1,4,124,4,5419,6,30,3,4,6,0,0,0,4,8,2,0,0,1,1,1,1,1,33,6,3,0,0,0,0,0,9,1,5
3,1,9,0,18,0,0,2,10,1,10,4,1,2,1,51,8,1598,2,2,1,1,1,429977,571250,10,1,1,2,148,3,19,3,70,0,4,6,0,0,0,6,1,1,0,0,2,1,1,1,1,51,8,3,0,0,0,0,0,9,1,4
1,1,5,0,16,0,0,0,0,0,0,1,1,6,1,55,8,1598,1,8,1,3,2,237600,215220,63,2,3,1,751,4,4312,6,60,0,4,6,0,0,0,1,1,1,0,0,2,1,1,1,1,55,8,1,0,0,0,0,0,5,1,5
2,1,20,0,18,0,0,5,0,1,9,3,1,1,1,40,7,4580,2,2,2,2,1,607310,148660,46,1,2,7,530,6,691,6,60,0,4,6,0,0,0,1,1,1,0,0,2,1,1,1,1,40,7,2,0,0,0,0,0,20,2,5
1,2,9,0,18,0,0,0,0,1,10,1,1,6,1,69,10,1598,1,8,1,7,2,297170,222170,63,2,7,6,753,3,470,6,60,0,4,6,0,0,0,6,4,1,0,0,2,1,1,1,1,69,10,2,0,0,0,0,0,9,1,5
3,1,9,0,17,0,2,0,0,0,0,1,1,6,1,25,5,1598,1,1,1,2,1,370830,407700,6,1,2,2,100,5,0,6,30,6,4,5,0,0,0,1,2,2,0,0,1,1,1,3,2,16,4,3,5,3,0,0,0,0,1,2
3,2,9,0,9,0,5,0,0,0,0,1,1,6,1,81,11,2496,2,10,2,1,2,506662,138444,45,2,1,5,517,6,186,6,30,8,4,6,0,0,0,1,1,1,0,0,1,1,1,1,1,33,6,3,0,0,0,0,0,9,1,5
3,3,9,0,18,0,0,0,0,0,0,1,1,2,1,30,6,2494,2,9,3,2,3,446496,518547,17,3,2,6,245,3,66,3,50,0,4,6,0,0,0,4,1,1,0,0,2,1,1,1,1,33,6,3,0,0,0,0,0,9,1,5
3,2,9,0,18,0,0,0,0,0,0,1,1,6,1,22,5,1598,1,8,1,1,2,533740,180490,48,2,1,1,570,3,100,3,40,0,4,6,0,0,0,1,1,1,0,0,1,1,1,1,1,33,6,3,0,0,0,0,0,9,1,5
3,2,19,0,1,0,0,0,0,0,0,2,1,1,1,38,7,1753,2,5,1,1,2,532630,181380,48,2,1,2,570,5,0,2,30,0,4,6,0,0,0,1,1,1,0,0,1,1,1,1,1,33,6,3,0,0,0,0,0,9,1,5
3,5,9,0,18,0,0,0,0,0,0,1,1,1,1,21,5,1997,2,1,1,1,5,445330,365650,30,5,1,5,321,1,1,3,70,0,4,6,0,0,0,1,1,1,4,0,2,1,1,1,1,33,6,3,0,0,0,0,0,9,1,5
3,2,9,0,18,0,0,1,0,0,0,1,1,6,1,44,7,1598,1,8,1,1,2,510960,173600,1,2,1,7,25,3,312,6,30,0,4,6,0,0,4,1,1,1,0,0,1,1,1,1,1,44,7,3,0,0,0,0,0,9,1,7
3,1,9,0,18,0,0,0,0,0,0,1,1,3,2,39,7,2477,2,9,1,1,1,575686,193378,42,1,1,2,450,3,129,6,30,0,4,6,0,0,1,1,1,2,0,0,1,2,1,3,1,11,3,3,4,3,0,0,0,0,1,9
2,1,9,0,17,0,0,2,0,2,4,4,1,6,1,19,4,1399,2,12,1,3,1,384517,371357,7,1,3,1,129,3,34,6,50,0,4,6,0,0,0,1,2,2,0,0,2,1,1,1,1,19,4,3,0,0,0,0,0,9,1,8
3,3,9,0,18,0,0,0,0,0,0,1,1,6,3,38,7,1598,1,8,1,1,3,393050,300650,20,3,1,4,309,6,0,6,30,0,4,6,0,0,0,1,9,1,0,0,1,2,1,1,1,33,6,3,0,0,0,0,0,9,1,5
2,1,9,0,18,0,0,1,0,0,0,1,1,6,2,83,11,1386,1,2,1,2,3,503412,429762,16,3,2,5,231,6,0,3,40,0,4,6,0,0,0,1,1,1,0,0,1,1,1,1,2,83,11,3,0,0,0,0,0,9,1,10
3,2,5,0,3,0,1,0,0,0,0,2,1,6,1,26,6,599,1,16,1,1,2,406930,287470,20,2,1,6,300,3,4400,3,30,7,2,4,4100,0,5,4,1,1,0,0,1,2,1,1,1,26,6,3,0,0,0,0,0,5,1,8
3,1,19,0,5,0,6,0,0,0,0,3,1,1,1,30,6,1461,2,2,1,1,2,435732,568977,10,2,1,3,148,5,219,6,30,6,4,6,2088,0,0,1,1,1,0,0,1,1,1,1,1,30,6,3,0,0,0,0,0,19,1,7
3,1,9,0,18,0,0,0,0,0,0,1,1,6,2,29,6,1400,1,8,1,1,3,513340,172210,1,3,1,6,24,3,305,6,30,0,4,6,0,0,0,1,1,1,0,0,1,1,1,1,1,33,6,3,0,0,0,0,0,9,1,5
3,2,9,0,18,0,0,5,0,4,6,1,1,6,1,32,6,1598,1,13,1,4,2,369695,177751,52,2,4,4,612,1,4,3,70,0,4,6,0,0,0,1,4,2,0,0,2,1,2,2,2,33,6,3,0,0,2,0,0,9,1,3
3,1,9,0,18,0,0,0,0,0,0,1,1,6,1,30,6,1598,1,8,1,1,2,531390,169330,1,2,1,2,20,6,0,6,30,0,4,6,0,0,0,4,1,1,0,0,1,1,1,1,1,30,6,3,0,0,0,0,0,9,1,3
3,1,9,0,10,0,8,0,0,0,0,2,1,6,2,40,7,1596,1,5,1,1,2,544480,188320,1,2,1,6,14,5,0,6,30,6,4,6,0,0,4,1,1,1,0,0,1,1,1,1,2,40,7,3,0,0,0,0,0,9,1,5
2,2,9,0,18,0,1,0,0,0,0,1,1,6,1,21,5,1999,1,8,3,2,4,327410,98198,50,4,2,7,580,3,35,6,50,3,4,6,0,0,0,1,1,1,0,0,2,1,2,1,1,21,5,2,0,0,0,0,0,9,3,7
3,1,9,0,17,0,8,1,0,1,0,1,1,2,2,27,6,1275,1,22,1,1,1,485053,148031,45,1,1,7,517,3,325,1,40,1,4,4,3007,0,0,1,8,2,0,0,2,1,1,1,2,27,6,3,0,0,0,0,0,9,1,8
3,2,9,0,5,0,4,0,0,0,0,2,1,6,1,17,4,998,1,11,1,2,2,351830,426800,4,2,2,5,83,6,0,1,30,1,4,6,0,0,0,1,1,1,0,0,2,1,1,1,1,17,4,3,0,0,0,0,0,9,1,9
3,3,9,0,3,0,0,0,0,0,0,1,1,6,1,43,7,1991,2,7,1,10,6,412672,286682,20,6,10,6,300,6,0,9,30,0,4,6,0,0,0,4,1,1,0,0,1,2,2,1,1,43,7,3,0,0,0,0,0,9,1,1
2,1,9,0,18,0,8,0,0,0,0,1,1,6,1,21,5,1390,1,6,1,1,1,636460,170890,46,1,1,1,541,6,0,6,30,3,4,6,0,0,1,4,1,1,0,0,1,1,1,3,1,57,9,2,4,3,0,0,0,0,1,1
3,1,9,0,18,0,0,5,0,0,0,1,1,6,1,54,8,1229,1,5,1,1,2,421019,423475,13,2,1,6,203,3,638,6,30,0,4,6,0,0,0,1,1,1,0,0,1,1,1,1,1,54,8,3,0,0,0,0,0,9,1,7
3,2,3,0,13,0,8,0,0,0,0,1,1,6,1,27,6,124,1,8,1,1,3,553369,112632,47,3,1,5,556,3,22,6,50,3,4,4,2124,0,0,4,1,1,0,0,2,1,1,1,1,27,6,3,0,0,0,0,0,3,1,6
3,1,10,0,9,0,6,0,0,0,0,1,1,6,1,38,7,1598,1,8,3,1,2,460124,451627,12,2,1,6,189,4,1227,6,30,6,2,6,7110,0,5,1,2,2,0,0,1,1,1,1,1,33,6,3,0,0,0,0,0,9,1,5
3,1,19,0,14,0,3,0,0,0,0,1,1,6,1,36,7,1461,2,9,1,1,2,320170,669310,95,2,1,6,923,6,0,1,40,1,4,4,701,0,0,1,2,2,0,0,1,2,1,1,1,33,6,3,0,0,0,0,0,9,1,5
3,2,8,0,4,0,0,0,0,0,0,2,1,1,1,35,6,1910,2,7,1,1,3,458208,223990,43,3,1,6,481,4,4100,6,30,0,4,6,0,0,0,1,1,1,0,0,1,1,1,1,1,35,6,3,0,0,0,0,0,8,1,3
3,2,1,0,18,0,1,0,0,0,0,3,1,6,1,22,5,1598,1,8,1,1,2,342958,368296,7,2,1,3,130,3,56,3,30,9,4,6,0,0,0,1,1,1,0,0,1,1,1,1,1,22,5,3,0,0,0,0,0,1,1,7
3,2,9,0,18,0,8,0,0,0,0,1,1,6,1,36,7,1988,1,10,1,2,3,396020,394960,6,3,2,1,110,3,57,6,30,3,4,6,0,0,0,1,1,1,0,0,1,1,1,1,1,36,7,3,0,0,0,0,0,9,1,3
3,1,9,0,18,0,8,0,0,0,0,1,1,6,1,67,10,1198,1,5,1,2,2,356230,426160,4,2,2,1,83,6,0,6,30,6,4,6,0,0,0,1,1,2,0,0,1,1,1,1,1,67,10,3,0,0,0,0,0,9,1,6
3,2,9,0,18,0,0,0,0,0,0,3,1,6,1,24,5,1598,1,8,1,3,3,363209,177487,52,3,3,3,601,4,4058,9,20,0,4,6,0,0,0,1,1,1,0,0,1,1,2,1,1,24,5,3,0,0,0,0,0,9,1,9
3,2,3,0,9,0,8,0,0,0,0,0,1,6,1,26,6,599,1,19,1,1,2,601939,224756,42,2,1,1,455,6,0,1,30,1,4,6,0,0,4,1,1,1,0,0,1,2,1,1,1,26,6,3,0,0,0,0,0,3,1,3
3,1,11,0,4,0,1,0,0,0,0,0,1,1,1,56,9,4500,2,8,1,6,1,534250,176320,1,1,6,4,8,3,2215,6,30,3,4,6,0,0,0,1,1,1,0,0,1,1,1,2,1,56,9,3,0,0,0,3,0,11,1,5
3,2,9,0,4,0,8,0,0,0,0,2,1,6,1,38,7,1560,2,3,1,2,2,368320,423890,4,2,2,6,70,3,666,6,30,3,4,6,0,0,0,1,1,1,0,0,1,1,2,2,2,37,7,3,0,0,1,0,0,9,1,2
3,1,9,0,18,0,1,0,0,0,0,3,1,6,1,38,7,1598,1,8,1,1,1,588790,134860,46,1,1,7,530,3,28,6,40,3,4,6,0,0,0,1,1,1,0,0,2,1,1,3,1,12,3,3,5,3,0,0,0,0,2,8
3,1,9,0,18,0,8,0,0,0,0,1,1,6,2,58,9,998,1,11,1,1,2,539050,168950,1,2,1,1,19,5,0,6,30,3,4,6,0,0,0,1,1,1,0,0,1,1,1,1,1,33,6,3,0,0,0,0,0,9,1,5
3,2,9,0,2,0,0,0,0,0,0,1,1,6,3,38,7,1598,1,8,1,1,4,586491,185703,42,4,1,1,460,6,0,6,30,0,4,6,0,0,0,4,7,1,0,0,1,1,1,1,1,33,6,3,0,0,0,0,0,9,1,5
3,1,9,0,4,0,0,0,0,0,0,2,1,6,1,78,11,1396,1,6,1,4,4,469398,108476,44,4,4,5,495,2,3,3,70,0,4,6,0,0,0,1,2,2,0,0,2,1,1,2,2,79,11,3,0,0,1,0,0,9,1,9
3,1,9,0,9,0,5,0,0,0,0,1,1,1,2,56,9,996,1,5,1,1,2,449735,213455,43,2,1,3,481,6,265,6,30,3,4,6,0,0,0,1,1,1,0,0,1,1,1,1,1,33,6,3,0,0,0,0,0,9,1,5
3,1,9,0,12,0,0,0,0,0,0,3,1,6,2,66,10,1086,1,6,3,1,2,329416,694999,94,2,1,4,925,3,921,3,70,0,4,6,0,0,0,1,1,1,0,0,2,1,1,1,1,33,6,3,0,0,0,0,0,9,1,5
3,1,9,0,14,0,0,0,0,0,0,1,1,6,1,42,7,1396,1,12,1,1,1,455521,341346,31,1,1,6,346,6,0,6,30,0,4,6,0,0,0,1,1,1,0,0,1,1,1,3,2,3,1,3,9,5,0,0,0,0,1,1
2,1,5,0,18,0,2,0,0,0,0,1,1,6,1,53,8,1600,1,14,1,2,1,512510,185350,1,1,2,3,26,5,0,6,30,3,4,6,0,0,8,1,1,1,0,0,1,1,1,1,1,53,8,3,0,0,0,0,0,5,1,8
2,1,1,0,9,0,8,0,0,0,0,1,1,6,1,76,11,1598,1,8,3,1,3,599310,135240,46,3,1,1,530,6,2011,6,60,3,4,6,0,0,0,1,1,1,0,0,2,1,1,1,1,76,11,2,0,0,0,0,0,1,3,5
3,2,8,0,17,0,0,0,0,0,0,3,1,1,1,58,9,1910,2,9,1,3,2,445663,523876,17,2,3,6,245,6,0,6,30,0,4,6,0,0,0,1,1,1,0,0,1,1,3,2,2,49,8,3,0,0,1,0,0,8,1,2
3,1,9,0,7,0,8,0,0,0,0,1,1,6,1,18,4,1229,1,9,1,2,2,427454,551662,11,2,2,7,169,4,6313,6,30,3,4,5,184,0,4,1,1,1,0,6,1,2,1,1,1,33,6,3,0,0,0,0,0,9,1,5
3,2,9,0,18,0,0,0,0,1,2,1,1,6,1,67,10,1390,1,2,1,2,2,535008,385476,32,2,2,3,351,4,1200,6,60,0,4,6,0,0,0,1,1,2,0,0,2,1,2,2,2,67,10,3,0,0,1,0,0,9,1,1
3,1,9,0,18,0,1,0,7,1,11,1,1,6,2,21,5,1242,1,8,1,1,1,449685,359103,31,1,1,3,340,6,0,1,30,1,4,6,0,0,4,4,2,2,0,0,1,1,1,1,2,21,5,3,0,0,0,0,0,9,1,2
3,1,9,0,18,0,8,0,0,0,0,1,1,6,1,27,6,1896,2,14,2,2,2,441894,120069,44,2,2,1,501,6,0,6,30,6,2,6,0,0,0,4,1,1,0,0,2,1,1,1,1,27,6,3,0,0,0,0,0,9,2,8
3,2,21,0,4,0,8,0,0,0,0,2,1,1,1,61,9,7698,2,1,1,1,2,358430,468980,4,2,1,2,76,3,683,6,60,9,4,6,0,0,0,1,3,3,0,2,2,1,1,1,1,33,6,3,0,0,0,0,0,9,1,5
3,1,9,0,18,0,1,0,0,0,0,1,1,6,2,33,6,1298,1,8,1,1,2,533698,103746,47,2,1,4,565,6,0,9,20,6,4,6,0,0,0,1,1,1,0,0,1,2,1,1,1,33,6,3,0,0,0,0,0,9,1,5
3,2,9,0,9,0,3,0,0,0,0,4,1,6,2,29,6,1796,1,8,1,1,2,364695,365764,7,2,1,4,130,6,0,1,30,1,4,6,0,0,0,1,1,1,4,0,1,1,1,1,2,29,6,3,0,0,0,0,0,9,1,5
3,1,9,0,16,0,0,2,0,7,9,4,1,2,1,21,5,2286,2,31,3,1,1,598562,220602,42,1,1,4,455,6,0,6,40,0,4,6,0,0,0,1,2,2,0,0,2,1,1,1,1,21,5,3,0,0,0,0,0,9,3,4
3,1,9,0,5,0,4,0,0,0,0,1,1,2,2,43,7,1598,1,11,1,1,2,410118,308718,21,2,1,5,252,3,461,1,40,1,4,3,461,0,0,1,1,1,0,0,2,1,1,1,1,33,6,3,0,0,0,0,0,9,1,5
3,1,11,0,4,0,1,0,0,0,0,0,1,1,1,52,8,9360,2,6,1,1,1,537280,176200,1,1,1,5,7,3,20,6,30,3,4,6,0,0,4,1,1,1,0,0,1,1,1,2,2,39,7,3,0,0,0,3,0,11,1,5
2,1,9,0,18,0,0,0,0,0,0,1,1,6,2,20,4,2490,1,22,1,5,3,369331,90235,55,3,5,6,645,4,3144,6,30,0,4,6,0,0,0,1,1,1,0,0,1,1,1,1,2,20,4,2,0,0,0,0,0,9,1,5
3,2,9,0,10,0,8,0,0,0,0,0,1,6,1,26,6,1229,1,10,1,1,2,371480,411260,6,2,1,7,100,3,666,3,30,3,4,6,0,0,0,4,2,2,0,0,1,1,1,2,1,26,6,3,0,0,1,0,0,9,1,2
3,1,21,0,18,0,0,1,11,0,0,1,1,1,1,28,6,7146,2,2,1,1,3,398986,832103,92,3,1,5,911,3,90,6,60,0,4,6,0,0,0,1,1,1,0,2,2,1,1,1,1,33,6,3,0,0,0,0,0,9,1,5
3,2,9,0,16,0,0,0,0,0,0,1,1,6,2,38,7,1598,1,7,1,2,2,352440,310430,22,2,2,4,286,4,4380,6,60,0,4,6,0,0,0,6,1,2,0,0,2,1,1,1,2,38,7,3,0,0,0,0,0,9,1,5
3,4,9,0,18,0,0,1,0,0,0,1,1,1,1,66,10,1560,2,7,1,3,8,357380,428010,4,8,3,2,83,1,6,3,70,0,4,6,0,0,0,4,5,2,0,0,2,1,3,2,2,20,4,3,0,0,1,0,0,9,1,1
3,1,9,0,4,0,1,0,0,0,0,1,1,6,1,31,6,1199,1,13,1,1,2,536050,186970,1,2,1,5,13,3,104,6,30,3,4,6,0,0,0,1,1,1,0,0,1,1,1,1,1,31,6,3,0,0,0,0,0,9,1,3
3,2,9,0,13,0,0,0,0,0,0,2,1,6,1,23,5,1329,1,5,1,2,2,405790,317150,21,2,2,6,250,3,51,6,50,0,4,6,0,0,0,4,4,1,0,0,1,1,2,1,1,23,5,3,0,0,0,0,0,9,1,7
3,3,9,0,3,0,8,0,0,0,0,3,1,6,1,75,10,3555,1,10,3,1,5,430020,278890,20,5,1,3,302,6,0,6,30,8,4,3,45,0,5,1,1,1,0,0,1,1,1,1,1,33,6,3,0,0,0,0,0,9,1,5
3,1,9,0,18,0,0,0,0,0,0,1,1,6,1,17,4,1197,1,4,3,1,3,574670,158440,46,3,1,4,536,1,20,3,70,0,4,6,0,0,0,1,1,1,0,0,1,1,1,1,1,17,4,3,0,0,0,0,0,9,3,7
3,1,3,0,15,2,0,0,0,0,0,3,1,1,1,37,7,599,1,11,1,1,2,531590,186910,1,2,1,5,4,3,503,6,30,0,4,6,0,0,0,1,1,1,0,0,1,1,1,1,1,37,7,3,0,0,0,0,0,3,1,7
3,1,9,0,18,0,0,0,0,0,0,2,1,6,1,39,7,1598,1,8,1,1,2,522680,187550,1,2,1,2,30,1,1,3,70,0,4,6,0,0,0,1,9,1,0,0,1,1,1,1,1,33,6,3,0,0,0,0,0,9,1,5
3,2,9,0,5,0,1,0,0,0,0,0,1,6,1,37,7,1598,1,8,1,1,2,442300,341880,30,2,1,5,324,3,609,6,40,3,4,6,0,0,0,1,1,1,0,0,1,1,1,1,1,33,6,3,0,0,0,0,0,9,1,5