accident_severity,vehicle_reference,vehicle_type,towing_and_articulation,vehicle_manoeuvre,vehicle_location-restricted_lane,junction_location,skidding_and_overturning,hit_object_in_carriageway,vehicle_leaving_carriageway,hit_object_off_carriageway,1st_point_of_impact,was_vehicle_left_hand_drive?,journey_purpose_of_driver,sex_of_driver,age_of_driver,age_band_of_driver,engine_capacity_(cc),propulsion_code,age_of_vehicle,driver_home_area_type,NUmber_of_Casualities_unique_to_accident_index,No_of_Vehicles_involved_unique_to_accident_index,location_easting_osgr,location_northing_osgr,police_force,number_of_vehicles,number_of_casualties,day_of_week,local_authority_(district),1st_road_class,1st_road_number,road_type,speed_limit,junction_detail,junction_control,2nd_road_class,2nd_road_number,pedestrian_crossing-human_control,pedestrian_crossing-physical_facilities,light_conditions,weather_conditions,road_surface_conditions,special_conditions_at_site,carriageway_hazards,urban_or_rural_area,did_police_officer_attend_scene_of_accident,casualty_reference,casualty_class,sex_of_casualty,age_of_casualty,age_band_of_casualty,casualty_severity,pedestrian_location,pedestrian_movement,car_passenger,bus_or_coach_passenger,pedestrian_road_maintenance_worker,casualty_type,casualty_home_area_type,casualty_imd_decile
2,2,2,0,7,0,3,0,0,1,0,1,1,2,1,28,6,49,1,9,1,1,2,622507,309260,36,2,1,4,404,3,147,1,30,1,4,6,0,0,8,1,1,2,0,0,1,1,1,1,1,28,6,2,0,0,0,0,0,2,1,3
3,2,9,0,3,0,0,0,0,0,0,2,1,6,2,42,7,2993,2,3,1,1,2,536857,102208,47,2,1,3,565,3,259,6,30,0,4,6,0,0,0,1,1,2,0,0,1,1,1,1,2,42,7,3,0,0,0,0,0,9,1,7
3,2,9,0,4,0,0,0,0,0,0,2,1,6,1,26,6,1399,2,11,1,2,2,427310,319410,30,2,2,2,328,3,444,6,40,0,4,6,0,0,0,1,1,1,0,0,2,2,2,2,2,33,6,3,0,0,1,0,0,9,1,10
3,2,9,0,2,0,0,0,0,0,0,2,1,6,3,38,7,1998,1,12,1,1,2,328840,672890,95,2,1,6,923,5,0,6,30,0,4,6,0,0,0,1,2,2,0,0,1,3,1,1,1,33,6,3,0,0,0,0,0,9,1,5
3,1,9,0,9,0,8,0,0,0,0,1,1,6,2,27,6,1598,1,8,1,1,2,314781,176968,62,2,1,4,741,3,4161,6,30,1,4,3,48,0,0,4,1,1,0,0,1,1,1,1,1,33,6,3,0,0,0,0,0,9,1,5
3,1,3,0,18,0,0,0,0,0,0,0,1,6,1,19,4,649,1,8,1,1,1,530330,158280,1,1,1,2,20,6,0,6,30,0,4,6,0,0,0,1,2,2,0,0,1,1,1,1,1,19,4,3,0,0,0,0,0,3,1,2
3,2,9,0,3,0,0,0,0,0,0,2,1,6,1,59,9,1363,2,12,1,3,3,451506,205135,43,3,3,4,482,3,4144,6,30,0,4,6,0,0,0,1,4,1,0,0,1,2,3,2,2,9,2,3,0,0,2,0,0,9,1,1
2,1,5,0,18,0,0,0,0,0,0,4,1,2,1,50,8,1250,1,5,1,1,1,527675,410570,16,1,1,5,233,6,0,6,30,0,4,6,0,0,0,1,2,2,0,0,1,1,1,1,1,50,8,2,0,0,0,0,0,5,1,1
3,2,9,0,3,0,1,0,0,0,0,2,1,1,1,34,6,1328,1,7,1,1,2,425807,564497,10,2,1,6,147,3,193,6,30,3,2,4,1600,0,0,4,2,2,0,0,1,1,1,1,1,34,6,3,0,0,0,0,0,9,1,1
3,1,9,0,18,0,0,1,0,2,0,1,1,2,1,23,5,1598,1,1,1,2,2,355130,421070,4,2,2,1,83,1,6,3,70,0,4,6,0,0,0,1,2,2,0,0,1,1,1,1,1,23,5,3,0,0,0,0,0,9,1,10
3,1,3,0,18,0,4,0,0,0,0,1,1,6,1,17,4,1598,1,8,1,1,2,628369,236223,37,2,1,3,415,5,370,1,30,2,4,6,0,0,0,4,1,1,0,0,1,1,1,1,1,17,4,3,0,0,0,0,0,3,1,6
3,1,98,0,9,0,6,0,0,0,0,4,1,1,1,43,7,1968,2,8,1,1,2,401556,278597,20,2,1,6,300,3,38,3,40,3,4,6,0,0,4,4,1,1,0,0,1,2,1,1,1,33,6,3,0,0,0,0,0,9,1,5
2,2,21,0,17,0,0,0,0,0,0,1,1,1,1,56,9,10518,2,3,1,1,3,348312,306879,22,3,1,2,286,3,49,6,60,0,4,6,0,0,0,1,1,2,0,0,2,1,1,1,1,33,6,3,0,0,0,0,0,9,1,5
3,2,9,0,3,0,1,0,0,0,0,2,1,1,2,31,6,1598,1,8,2,1,2,459702,311036,33,2,1,3,362,3,46,3,70,5,4,3,46,0,0,1,1,2,0,0,2,1,1,1,1,33,6,3,0,0,0,0,0,9,1,5
2,2,1,0,18,0,1,0,0,0,0,1,1,6,1,47,8,1598,1,8,3,1,2,502330,155786,45,2,1,7,511,3,247,6,30,3,4,6,0,0,0,1,1,1,0,0,2,1,1,1,1,47,8,2,0,0,0,0,0,1,3,8
3,1,9,0,9,0,6,0,0,0,0,3,1,6,1,62,9,1587,1,9,1,2,2,431417,580122,10,2,2,3,139,6,9520,6,30,3,4,6,0,0,0,1,1,1,0,0,1,1,1,1,1,62,9,3,0,0,0,0,0,9,1,8
1,1,9,0,13,0,0,0,0,0,0,1,1,6,1,39,7,1598,1,8,2,3,3,227100,216250,63,3,3,7,751,3,40,6,60,0,4,6,0,0,0,4,2,2,0,0,2,1,3,2,1,6,2,3,0,0,1,0,0,9,2,5
3,1,9,0,7,0,3,5,0,0,0,1,1,2,1,22,5,1390,1,11,1,1,2,621210,137550,46,2,1,3,539,3,20,1,60,1,4,3,2034,0,0,1,1,1,0,0,2,1,1,1,1,33,6,3,0,0,0,0,0,9,1,5
3,2,9,0,4,0,1,0,0,0,0,1,1,6,1,38,7,2000,2,6,1,3,2,473469,140225,44,2,3,7,497,3,31,3,70,1,4,4,3004,0,0,1,1,1,0,0,2,1,2,1,1,38,7,3,0,0,0,0,0,9,1,7
3,2,9,0,7,0,8,0,0,0,0,4,1,6,3,38,7,5998,1,3,1,1,2,533320,175510,1,2,1,3,8,3,2216,6,30,6,2,6,0,0,5,7,1,1,0,0,1,1,1,1,1,33,6,3,0,0,0,0,0,9,1,5
3,2,1,0,18,0,2,0,0,0,0,1,1,6,2,24,5,1598,1,8,1,1,2,529280,182260,1,2,1,3,2,3,400,6,30,3,4,6,0,0,4,4,1,1,0,0,1,1,1,1,2,24,5,3,0,0,0,0,0,1,1,6
3,1,9,0,10,0,1,0,0,0,0,2,1,6,2,20,4,1197,1,5,1,2,2,531511,219141,41,2,2,6,432,3,602,6,60,8,4,6,0,0,0,1,1,1,0,0,2,1,1,1,2,20,4,3,0,0,0,0,0,9,1,6
2,1,9,0,18,0,8,0,0,0,0,1,1,6,1,53,8,1956,2,4,1,1,2,414125,432105,13,2,1,1,200,6,0,1,30,1,4,6,0,0,0,1,1,1,0,0,1,1,1,2,2,73,10,2,0,0,1,0,0,9,1,5
3,3,9,0,3,0,1,0,0,0,0,2,1,6,1,29,6,1997,2,14,3,4,5,506600,299690,35,5,4,5,394,3,47,6,60,3,4,5,38,0,0,1,1,1,0,0,2,1,3,1,1,29,6,3,0,0,0,0,0,9,3,7
3,2,9,0,18,0,8,0,0,0,0,1,1,3,2,27,6,1686,2,4,1,6,2,446930,342280,30,2,6,2,324,6,0,1,30,1,4,5,339,0,0,1,1,2,0,0,1,1,5,2,1,5,1,3,0,0,2,0,0,9,1,1
3,2,9,0,18,0,0,0,0,0,0,4,1,6,1,21,5,1229,1,9,1,1,2,408139,427277,13,2,1,7,202,6,0,6,30,0,4,6,0,0,0,1,1,1,0,0,1,1,1,1,1,33,6,3,0,0,0,0,0,9,1,5
2,1,9,0,7,0,1,0,0,0,0,3,1,6,1,46,8,1968,2,10,1,1,1,539352,137976,47,1,1,2,563,6,0,6,20,8,4,6,0,2,4,5,1,2,0,0,1,1,1,3,1,60,9,2,10,3,0,0,0,0,1,9
3,2,9,0,9,0,6,0,0,0,0,3,1,2,1,35,6,1596,1,13,1,1,2,430904,417046,13,2,1,6,206,3,636,6,30,3,4,6,0,0,8,1,4,2,0,0,1,1,1,1,1,33,6,3,0,0,0,0,0,9,1,5
3,1,9,0,16,0,1,1,10,5,6,2,1,2,1,29,6,1994,1,16,2,1,3,455221,400719,14,3,1,1,211,3,630,3,40,3,4,6,0,0,4,1,1,1,0,0,1,1,1,1,1,29,6,3,0,0,0,0,0,9,2,2
3,2,9,0,18,0,1,0,0,0,0,2,1,2,2,29,6,1968,2,2,1,2,3,507770,159404,45,3,2,3,511,1,25,3,70,5,4,3,3,0,0,7,2,2,0,0,2,1,1,1,2,29,6,3,0,0,0,0,0,9,1,6
3,1,9,0,18,0,8,0,0,0,0,1,1,1,1,38,7,1598,1,8,1,1,2,518560,188850,1,2,1,2,28,3,4006,6,30,3,4,6,0,0,0,1,1,1,0,0,1,1,1,1,1,33,6,3,0,0,0,0,0,9,1,5
3,1,19,0,3,0,0,0,0,0,0,2,1,6,2,38,7,1968,2,3,1,1,3,437377,113923,44,3,1,7,500,1,271,3,70,0,4,6,0,0,7,1,1,1,0,0,2,1,1,1,1,33,6,3,0,0,0,0,0,9,1,5
3,2,9,0,18,0,0,0,0,0,0,1,1,6,1,35,6,1598,1,8,2,3,2,595682,226829,42,2,3,5,455,6,0,6,60,0,4,6,0,0,0,6,1,2,0,0,2,1,2,2,1,6,2,3,0,0,1,0,0,9,1,8
2,3,5,0,18,0,0,1,0,0,0,1,1,6,2,50,8,1000,1,10,1,1,3,578509,192989,42,3,1,7,459,3,1245,3,70,0,4,6,0,0,0,1,1,1,0,0,2,1,1,1,2,50,8,2,0,0,0,0,0,5,1,5
3,2,9,0,3,0,0,0,0,0,0,2,1,6,2,55,8,1248,1,2,3,1,2,460215,345335,31,2,1,7,343,6,0,6,30,0,4,6,0,0,0,1,1,1,0,0,1,2,1,1,2,55,8,3,0,0,0,0,0,9,3,9
3,1,9,0,18,0,8,0,0,0,0,1,1,6,3,38,7,1595,1,3,1,1,1,517350,188840,1,1,1,6,28,3,4006,6,30,3,4,6,0,0,0,7,1,1,0,0,1,1,1,3,1,33,6,3,5,1,0,0,2,0,1,5
3,2,9,0,16,0,0,0,0,0,0,1,1,6,1,69,10,1796,1,18,1,2,3,447334,242015,43,3,2,6,481,3,361,6,60,0,4,6,0,0,0,1,2,2,0,0,2,1,2,2,2,66,10,3,0,0,1,0,0,9,1,5
3,4,9,0,18,0,8,0,0,0,0,4,1,6,1,59,9,1598,1,8,1,2,4,384420,404780,6,4,2,1,106,1,60,7,70,1,4,3,576,0,0,1,1,1,0,0,2,1,1,1,1,33,6,3,0,0,0,0,0,9,1,5
3,1,19,0,1,0,2,0,0,0,0,2,1,6,1,28,6,1598,1,8,1,1,2,531820,175920,1,2,1,2,9,6,0,6,30,3,4,6,0,0,0,1,1,1,0,0,1,1,1,1,1,33,6,3,0,0,0,0,0,9,1,5
3,3,19,0,4,0,0,0,0,0,0,2,1,2,1,43,7,2198,2,4,1,1,7,422391,298250,23,7,1,5,290,1,42,3,70,0,4,6,0,0,0,1,1,1,0,0,2,1,1,1,1,33,6,3,0,0,0,0,0,9,1,5
3,1,3,0,13,0,0,1,0,0,0,4,1,6,1,32,6,125,1,2,1,1,1,359517,629795,95,1,1,6,914,3,68,6,60,0,4,6,0,0,0,1,2,2,0,0,2,1,1,1,1,32,6,3,0,0,0,0,0,3,1,5
3,2,9,0,4,0,1,0,0,0,0,2,1,2,1,39,7,1299,1,13,1,2,2,513261,105627,47,2,2,5,564,3,24,6,40,1,4,3,24,0,0,4,1,1,0,0,1,1,1,1,1,39,7,3,0,0,0,0,0,9,1,2
3,1,9,0,9,0,0,0,0,0,0,1,1,6,1,23,5,1389,1,10,1,1,2,355450,419340,4,2,1,6,73,3,49,6,30,0,4,6,0,0,0,4,1,1,0,0,1,1,1,1,1,33,6,3,0,0,0,0,0,9,1,5
3,1,9,0,18,0,0,2,0,5,1,4,1,6,1,63,9,1984,1,1,1,3,4,342988,368309,7,4,3,2,130,3,56,3,50,0,4,6,0,0,0,1,1,1,0,0,1,1,3,3,2,14,3,3,5,3,0,0,0,0,1,8
3,2,9,0,2,9,0,0,0,0,0,2,1,6,1,38,7,1595,1,7,1,1,3,428598,431156,13,3,1,1,204,6,0,2,30,0,4,6,0,0,0,1,1,1,0,0,1,1,1,1,1,33,6,3,0,0,0,0,0,9,1,5
3,1,9,0,18,0,3,0,0,0,0,1,1,6,1,18,4,1598,1,8,1,1,2,431622,263552,23,2,1,4,294,6,0,6,30,1,4,6,0,0,8,1,1,1,0,0,1,1,1,1,1,33,6,3,0,0,0,0,0,9,1,5
3,2,10,0,17,0,8,0,0,0,0,3,1,6,1,34,6,1598,1,8,2,1,2,429868,586473,10,2,1,5,139,3,189,1,70,1,4,4,1334,0,0,1,1,1,0,0,2,1,1,1,1,33,6,3,0,0,0,0,0,9,1,5
3,1,9,0,5,0,8,0,0,0,0,4,1,6,2,78,11,998,1,9,1,1,2,442320,353900,30,2,1,6,320,4,600,6,30,3,4,6,0,0,0,1,1,1,0,0,1,1,1,1,2,78,11,3,0,0,0,0,0,9,1,1
3,1,9,0,7,0,1,0,0,0,0,1,1,6,1,38,7,1240,1,9,1,1,2,505004,411084,16,2,1,7,232,3,15,1,70,1,4,1,180,0,0,1,1,1,0,0,2,1,1,1,1,33,6,3,0,0,0,0,0,9,1,5
3,1,9,0,17,0,0,2,0,1,0,0,1,6,1,18,4,1149,1,11,2,2,1,563750,275430,35,1,2,2,391,4,1104,6,60,0,4,6,0,0,0,6,1,1,0,0,2,1,2,2,1,17,4,3,0,0,1,0,0,9,2,5
3,3,9,0,18,0,2,0,0,0,0,0,1,1,2,49,8,1598,1,8,1,1,3,393522,564290,10,3,1,1,139,6,8288,6,30,3,4,6,8288,0,4,1,1,1,0,0,1,1,1,1,1,33,6,3,0,0,0,0,0,9,1,5
2,3,9,0,18,0,0,0,0,0,0,1,1,1,1,33,6,998,1,14,1,1,3,478975,251303,34,3,1,2,385,1,1,3,70,0,4,6,0,0,0,1,1,1,0,0,2,1,1,1,1,33,6,3,0,0,0,0,0,9,1,5
3,1,1,0,18,0,0,0,0,0,0,1,1,6,1,41,7,1598,1,8,1,2,2,505724,171895,45,2,2,5,40,6,3237,6,30,0,4,6,0,0,0,1,1,1,0,0,1,1,1,1,1,41,7,3,0,0,0,0,0,1,1,6
3,2,9,0,4,0,8,0,0,0,0,2,1,6,1,44,7,1984,1,6,1,2,3,523710,187820,1,3,2,5,30,3,41,3,50,5,4,3,41,0,0,1,2,2,0,0,1,1,2,1,1,44,7,3,0,0,0,0,0,9,1,5
3,1,9,0,4,0,1,0,0,0,0,2,1,1,1,30,6,2143,2,2,1,1,2,431897,409898,14,2,1,5,210,4,6131,6,30,3,4,6,0,0,0,1,1,1,0,0,2,1,1,1,1,30,6,3,0,0,0,0,0,9,1,3
3,2,19,0,18,0,8,0,0,0,0,2,1,1,1,35,6,2400,2,13,1,1,2,520780,185120,1,2,1,5,28,3,406,3,40,3,4,6,0,0,0,1,5,2,0,0,1,1,1,1,1,33,6,3,0,0,0,0,0,9,1,5
3,1,11,0,18,0,0,0,0,0,0,1,1,1,1,56,9,8268,2,11,1,2,2,401100,285300,20,2,2,2,300,3,456,3,40,0,4,6,0,0,5,1,2,2,0,0,1,1,1,1,1,33,6,3,0,0,0,0,0,9,1,5
3,1,9,0,18,0,8,0,0,0,0,4,1,6,2,38,7,1598,1,8,1,1,1,535610,170050,1,1,1,6,19,3,234,6,30,3,4,6,0,0,0,1,1,1,0,0,1,1,1,3,2,46,8,3,5,1,0,0,2,0,1,5
3,2,9,0,18,0,8,0,0,0,0,1,1,6,3,38,7,1598,1,8,1,2,2,520470,169780,1,2,2,6,23,6,0,6,30,3,4,3,238,0,0,1,1,1,0,0,1,2,1,1,1,33,6,3,0,0,0,0,0,9,1,5
3,2,9,0,9,0,5,0,0,0,0,1,1,5,1,21,5,1995,2,4,3,3,2,394403,305434,21,2,3,6,254,3,460,6,30,6,2,5,234,0,0,1,1,1,0,0,2,2,1,1,1,33,6,3,0,0,0,0,0,9,1,5
3,2,9,0,3,0,0,0,0,0,0,2,1,6,1,57,9,1598,1,8,1,1,3,551580,187580,1,3,1,4,15,3,125,3,30,0,4,6,0,0,0,4,1,2,0,0,1,1,1,1,1,57,9,3,0,0,0,0,0,9,1,5
3,1,21,0,11,0,3,0,0,0,0,1,1,1,1,53,8,12777,2,6,1,1,2,398861,308213,21,2,1,3,250,3,5,6,30,1,4,3,5,0,0,1,1,1,0,0,2,2,1,1,1,33,6,3,0,0,0,0,0,9,1,5
3,1,2,0,7,0,8,0,0,0,0,0,1,6,1,37,7,125,1,8,1,1,1,429427,433462,13,1,1,6,204,6,0,3,30,3,2,6,0,0,8,1,1,1,0,0,1,2,1,3,1,21,5,3,5,1,0,0,0,0,1,5
2,1,9,0,18,0,1,0,0,0,0,1,1,6,3,38,7,1598,1,8,1,1,1,532760,182520,1,1,1,1,3,3,501,6,30,1,2,3,5201,0,5,4,1,1,0,0,1,1,1,3,1,38,7,2,1,3,0,0,2,0,1,5
3,1,19,0,18,0,0,0,4,0,0,1,1,6,1,42,7,1598,1,8,2,2,4,287968,206487,62,4,2,6,743,4,4242,6,30,0,4,6,0,0,0,4,5,2,0,0,2,1,1,1,1,33,6,3,0,0,0,0,0,9,1,5
3,2,21,0,18,0,0,0,0,0,0,4,1,1,1,42,7,12900,2,6,1,1,2,393070,404830,6,2,1,5,104,3,62,3,50,0,4,6,0,0,0,1,1,1,0,0,1,1,1,1,1,33,6,3,0,0,0,0,0,9,1,5
3,1,1,0,18,0,0,0,0,0,0,2,1,6,1,43,7,1598,1,8,1,1,2,535520,182090,1,2,1,4,5,3,11,6,30,0,4,6,0,0,0,4,1,1,0,0,1,1,1,1,1,43,7,3,0,0,0,0,0,1,1,2
3,2,9,0,3,0,1,0,0,0,0,2,1,6,1,32,6,1995,2,8,1,1,3,457756,303950,33,3,1,3,364,3,5460,6,30,3,4,6,1774,0,0,1,1,1,0,0,1,1,1,2,1,14,3,3,0,0,2,0,0,9,1,5
3,2,9,0,18,0,8,0,0,0,0,1,1,1,1,24,5,1896,2,13,1,3,3,389250,300630,20,3,3,7,309,6,0,6,30,6,4,6,0,0,0,4,2,2,0,0,1,1,2,1,1,24,5,3,0,0,0,0,0,9,1,1
3,2,9,0,18,0,0,0,0,0,0,3,1,6,2,43,7,1796,1,9,2,2,2,570240,170610,46,2,2,4,535,5,7,6,60,0,4,6,0,0,0,1,1,1,0,0,2,1,2,1,2,43,7,3,0,0,0,0,0,9,2,6
2,2,9,0,17,0,1,0,0,0,0,1,1,3,2,30,6,1598,1,8,3,3,2,293839,183800,62,2,3,4,740,4,4280,6,60,3,4,6,0,0,0,1,2,2,0,0,2,1,2,1,2,30,6,3,0,0,0,0,0,9,3,5
3,2,9,0,17,0,0,0,0,0,0,3,1,1,2,22,5,1598,1,9,1,1,2,461781,158591,44,2,1,4,490,6,0,6,60,0,4,6,0,0,0,1,1,1,0,0,2,1,1,1,2,22,5,3,0,0,0,0,0,9,1,6
3,1,9,0,18,0,4,0,0,0,0,1,1,6,1,35,6,1364,1,7,1,1,2,405590,279350,20,2,1,5,300,6,0,1,30,2,4,6,0,0,0,1,1,1,0,0,1,1,1,2,2,41,7,3,0,0,1,0,0,9,1,2
3,1,9,0,9,0,8,1,0,1,7,1,1,6,1,65,9,1388,1,7,3,1,1,406249,425117,13,1,1,2,202,6,0,6,60,3,4,6,0,0,0,6,5,2,0,0,2,1,1,1,1,65,9,3,0,0,0,0,0,9,3,6
3,2,1,0,18,4,8,0,0,0,0,1,1,6,1,22,5,1598,1,8,1,1,2,525740,176950,1,2,1,3,11,3,308,6,30,6,4,6,0,0,0,1,1,1,0,0,1,1,1,1,1,22,5,3,0,0,0,0,0,1,1,5
3,2,8,0,18,0,1,0,0,0,0,1,1,1,1,36,7,1997,2,6,1,1,2,528880,192080,1,2,1,1,32,6,0,6,30,3,4,6,0,0,0,1,1,1,0,0,1,1,1,1,1,33,6,3,0,0,0,0,0,9,1,5
3,1,9,0,18,0,0,0,0,0,0,1,1,6,2,47,8,1968,2,6,1,4,3,512590,182790,1,3,4,6,27,4,455,6,30,0,4,6,0,0,7,1,1,2,0,0,1,1,3,2,1,14,3,3,0,0,2,0,0,9,1,3
3,2,9,0,18,0,0,0,0,5,6,3,1,6,1,17,4,1149,1,11,1,2,2,558650,174120,46,2,2,7,532,4,255,3,40,0,4,6,0,0,4,1,1,1,0,0,2,1,2,2,1,18,4,3,0,0,1,0,0,9,1,3
3,1,9,0,18,0,0,0,0,0,0,1,1,1,1,24,5,1598,1,8,1,1,2,549810,156000,46,2,1,6,538,1,25,3,70,0,4,6,0,0,0,1,1,1,0,0,2,1,1,1,1,24,5,3,0,0,0,0,0,9,1,5
3,1,9,0,18,0,8,0,0,1,10,1,1,6,1,21,5,1199,1,15,1,2,1,417236,432367,13,1,2,1,200,3,650,6,40,1,4,6,0,0,0,4,2,2,0,0,1,1,2,2,1,23,5,3,0,0,2,0,0,9,1,1
3,2,9,0,2,0,1,0,0,0,0,2,1,6,1,38,7,2495,2,23,2,1,2,596130,210496,42,2,1,6,458,6,0,6,30,3,4,6,0,0,0,6,1,4,0,0,2,1,1,1,1,33,6,3,0,0,0,0,0,9,1,5
3,1,9,0,10,0,1,0,0,0,0,2,1,6,1,24,5,1896,2,11,1,2,2,446468,394599,14,2,2,6,213,5,156,6,30,3,4,6,0,0,0,1,2,2,0,0,1,2,1,1,1,24,5,3,0,0,0,0,0,9,1,6
3,1,9,0,18,0,4,5,0,3,1,1,1,6,1,75,10,1242,1,8,1,1,2,580356,293473,36,2,1,1,400,3,134,1,40,1,4,3,1065,0,0,1,1,2,0,0,2,1,1,1,1,75,10,3,0,0,0,0,0,9,1,4
3,2,9,0,7,0,6,0,0,0,0,1,1,6,1,26,6,1984,1,13,1,4,2,419194,433671,13,2,4,3,200,3,647,6,30,9,4,6,0,0,0,4,1,1,0,0,1,1,3,2,2,26,6,3,0,0,1,0,0,9,1,3
3,2,5,0,18,0,1,0,0,0,0,1,1,6,1,46,8,749,1,17,1,1,2,631330,167840,46,2,1,6,541,4,2050,6,60,6,3,6,0,0,0,1,1,1,0,0,2,1,1,1,1,46,8,3,0,0,0,0,0,5,1,4
3,2,20,0,18,0,1,0,0,0,0,4,1,1,1,51,8,6692,2,6,1,1,2,501296,360229,32,2,1,2,353,3,15,6,60,6,4,4,1202,0,0,1,1,2,0,0,2,1,1,1,1,33,6,3,0,0,0,0,0,9,1,5
3,3,9,0,3,0,0,0,0,0,0,2,1,1,1,21,5,1398,1,8,1,2,4,441812,116171,44,4,2,4,500,3,33,6,40,0,4,6,0,0,0,1,1,1,0,0,1,1,1,1,1,33,6,3,0,0,0,0,0,9,1,5
3,1,9,0,9,0,8,0,0,0,0,1,1,6,2,19,4,1360,1,11,1,1,2,530860,166490,1,2,1,2,20,3,23,6,30,3,4,6,0,0,0,1,1,1,0,0,1,1,1,1,2,19,4,3,0,0,0,0,0,9,1,6
3,6,9,0,2,0,0,0,0,0,0,1,1,6,1,30,6,1598,1,6,1,2,6,369680,406980,6,6,2,7,100,3,579,6,30,0,4,6,0,0,0,4,1,1,0,0,1,1,1,1,1,33,6,3,0,0,0,0,0,9,1,5
3,2,9,0,3,0,1,0,0,0,0,2,1,1,1,48,8,2993,2,3,3,1,2,331210,436260,4,2,1,3,71,6,0,2,40,6,2,3,583,0,0,1,1,1,0,0,1,1,1,1,1,48,8,3,0,0,0,0,0,9,3,6
3,1,9,0,18,0,0,0,0,0,0,4,1,6,1,26,6,1596,1,2,1,1,2,336987,399322,5,2,1,3,93,6,0,6,20,0,4,6,0,0,5,1,1,1,0,0,1,1,1,1,1,26,6,3,0,0,0,0,0,9,1,2
3,1,9,0,14,0,0,0,0,0,0,4,1,6,2,23,5,1796,1,14,1,1,1,401332,161311,54,1,1,3,635,6,0,6,30,0,4,6,0,0,0,1,1,1,0,0,1,2,1,3,2,34,6,3,9,5,0,0,0,0,1,3
3,1,11,0,9,0,8,0,0,0,0,0,1,1,2,24,5,9000,2,11,1,1,1,531356,105122,47,1,1,3,565,3,23,6,20,3,2,6,0,0,5,4,1,1,0,0,1,2,1,2,2,30,6,3,0,0,0,3,0,11,1,5
3,2,19,0,18,0,1,0,0,0,0,1,1,6,1,45,7,2298,2,8,1,1,2,538460,185450,1,2,1,5,13,3,112,6,30,6,2,3,112,0,5,1,1,1,0,0,1,2,1,1,1,33,6,3,0,0,0,0,0,9,1,5
3,1,11,0,5,0,1,0,0,0,0,0,1,6,1,68,10,4461,2,2,1,3,2,384740,397760,6,2,3,4,102,3,6,6,30,6,2,4,6469,0,5,1,1,1,0,0,1,1,2,2,2,40,7,3,0,0,0,4,0,11,1,1
3,2,9,0,18,0,0,0,0,0,0,1,1,6,1,30,6,1998,1,12,1,3,5,506326,198414,41,5,3,4,436,1,25,3,70,0,4,6,0,0,0,4,2,2,0,0,2,1,2,2,2,31,6,3,0,0,1,0,0,9,1,4
3,1,9,0,4,0,0,0,0,0,0,1,1,6,1,59,9,2199,2,1,1,2,3,317285,691338,94,3,2,6,925,3,92,3,70,0,4,6,0,0,0,1,1,1,0,2,2,1,1,1,1,33,6,3,0,0,0,0,0,9,1,5
2,7,9,0,18,0,1,0,0,0,0,2,1,6,1,36,7,1998,2,9,1,6,7,443200,490514,12,7,6,2,181,3,19,3,70,6,4,3,19,0,0,5,1,2,0,3,2,1,1,1,1,33,6,3,0,0,0,0,0,9,1,5
3,2,9,0,5,0,1,0,0,0,0,1,1,6,2,27,6,1900,2,16,1,1,2,542660,176190,1,2,1,6,6,3,205,6,30,3,4,6,0,0,0,1,1,1,0,0,1,1,1,1,1,33,6,3,0,0,0,0,0,9,1,5
3,1,9,0,9,0,1,0,0,0,0,0,1,6,3,38,7,1796,1,9,1,1,2,572908,204820,42,2,1,6,454,6,0,6,30,3,4,6,0,0,0,1,1,1,0,0,1,2,1,1,1,33,6,3,0,0,0,0,0,9,1,5
3,1,9,0,18,0,0,0,0,0,0,1,1,6,1,86,11,1596,1,4,1,1,1,411707,447641,13,1,1,5,200,6,0,6,30,0,4,6,0,0,1,1,5,2,0,0,1,1,1,3,1,67,10,3,1,1,0,0,0,0,2,10
3,1,9,0,1,0,1,0,0,0,0,2,1,6,1,38,7,1598,1,8,1,1,2,300025,380823,60,2,1,3,723,6,0,6,30,3,4,6,0,0,0,1,1,1,0,0,1,1,1,3,2,63,9,3,5,3,0,0,0,0,1,5
3,1,1,0,18,9,8,0,0,0,0,1,1,6,1,18,4,1598,1,8,1,1,2,451296,274699,23,2,1,2,292,3,428,6,30,9,4,6,0,0,0,4,1,1,0,0,1,1,1,1,1,18,4,3,0,0,0,0,0,1,1,10
3,1,9,0,18,0,0,0,0,0,0,4,1,1,1,50,8,1560,2,7,1,1,1,553870,174200,46,1,1,6,532,3,226,6,30,0,4,6,0,0,4,1,1,1,0,0,1,1,1,3,1,13,3,3,1,4,0,0,0,0,1,1
2,1,9,0,18,0,0,0,0,0,0,3,1,6,2,21,5,1149,1,12,1,1,1,276429,665189,97,1,1,7,932,6,0,6,30,0,4,6,0,0,0,1,1,1,0,0,1,1,1,3,1,11,3,2,8,3,0,0,0,0,3,5
1,1,9,0,16,0,0,2,0,7,11,1,1,6,1,29,6,1997,1,13,3,2,1,333235,958787,91,1,2,5,927,3,99,6,60,0,4,6,0,0,0,1,1,2,0,0,2,1,1,2,1,30,6,1,0,0,1,0,0,9,3,5
3,2,9,0,3,0,1,0,0,0,0,2,1,2,2,23,5,1242,1,2,1,2,2,348060,461930,4,2,2,2,76,6,0,6,30,3,4,6,0,0,0,1,2,2,0,0,1,1,2,2,2,56,9,3,0,0,1,0,0,9,1,5