accident_severity,vehicle_reference,vehicle_type,towing_and_articulation,vehicle_manoeuvre,vehicle_location-restricted_lane,junction_location,skidding_and_overturning,hit_object_in_carriageway,vehicle_leaving_carriageway,hit_object_off_carriageway,1st_point_of_impact,was_vehicle_left_hand_drive?,journey_purpose_of_driver,sex_of_driver,age_of_driver,age_band_of_driver,engine_capacity_(cc),propulsion_code,age_of_vehicle,driver_home_area_type,NUmber_of_Casualities_unique_to_accident_index,No_of_Vehicles_involved_unique_to_accident_index,location_easting_osgr,location_northing_osgr,police_force,number_of_vehicles,number_of_casualties,day_of_week,local_authority_(district),1st_road_class,1st_road_number,road_type,speed_limit,junction_detail,junction_control,2nd_road_class,2nd_road_number,pedestrian_crossing-human_control,pedestrian_crossing-physical_facilities,light_conditions,weather_conditions,road_surface_conditions,special_conditions_at_site,carriageway_hazards,urban_or_rural_area,did_police_officer_attend_scene_of_accident,casualty_reference,casualty_class,sex_of_casualty,age_of_casualty,age_band_of_casualty,casualty_severity,pedestrian_location,pedestrian_movement,car_passenger,bus_or_coach_passenger,pedestrian_road_maintenance_worker,casualty_type,casualty_home_area_type,casualty_imd_decile
2,2,9,0,18,0,0,0,0,0,0,1,1,6,2,70,10,1598,1,8,3,1,3,367429,89736,55,3,1,5,645,3,35,6,60,0,4,6,0,0,0,1,1,1,0,2,2,1,1,1,1,33,6,3,0,0,0,0,0,9,1,5
3,1,3,0,4,0,1,1,0,0,0,1,1,2,1,27,6,124,1,2,1,1,2,531208,108585,47,2,1,5,565,6,0,6,30,3,4,6,0,0,0,1,2,2,0,0,1,1,1,1,1,27,6,3,0,0,0,0,0,3,1,6
3,2,9,0,2,0,1,0,0,0,0,3,1,6,1,41,7,1796,1,4,3,1,2,623907,308631,36,2,1,5,404,3,147,6,30,3,4,6,0,0,0,4,1,2,0,0,1,1,1,1,1,33,6,3,0,0,0,0,0,9,1,5
3,2,3,0,18,0,1,0,0,0,0,1,1,6,1,18,4,125,1,6,3,1,2,600261,224769,42,2,1,5,455,3,134,6,30,3,4,6,0,0,0,1,1,1,0,0,1,2,1,1,1,18,4,3,0,0,0,0,0,3,3,7
3,1,9,0,18,0,6,0,0,0,0,3,1,3,2,25,5,1598,1,8,1,1,2,440554,448563,13,2,1,3,204,6,0,6,30,6,4,6,0,0,0,1,1,2,0,0,1,1,1,2,1,4,1,3,0,0,2,0,0,9,1,4
3,2,9,0,6,0,1,0,0,0,0,1,1,6,1,46,8,1248,2,11,1,1,2,534640,181310,1,2,1,5,5,3,13,6,30,3,4,6,0,0,0,1,1,2,0,0,1,2,1,1,1,33,6,3,0,0,0,0,0,9,1,5
3,2,9,0,18,0,2,0,10,4,1,4,1,6,2,35,6,1598,1,11,1,2,2,413430,284790,20,2,2,6,300,3,45,3,40,3,4,6,0,0,4,1,1,1,0,0,1,1,1,1,2,35,6,3,0,0,0,0,0,9,1,4
3,1,9,0,9,2,6,0,0,0,0,1,1,6,2,43,7,1598,1,8,1,3,2,274697,190994,62,2,3,7,743,6,0,6,30,3,4,6,0,0,0,1,1,1,0,0,1,1,1,1,2,43,7,3,0,0,0,0,0,9,1,5
3,1,9,0,18,0,6,0,0,0,0,1,1,6,3,38,7,1598,1,8,1,1,2,429137,387323,14,2,1,6,215,3,6101,6,40,6,4,6,0,0,0,1,2,2,0,0,2,1,1,1,1,33,6,3,0,0,0,0,0,9,1,5
3,1,9,0,9,0,8,0,0,0,0,1,1,6,2,28,6,999,1,1,1,2,2,540160,191860,1,2,2,4,14,3,1009,6,30,3,4,5,0,0,0,1,1,1,0,0,1,1,1,1,2,28,6,3,0,0,0,0,0,9,1,3
3,2,9,0,18,0,0,1,0,0,0,1,1,6,1,43,7,1596,1,9,1,1,2,241353,113713,50,2,1,6,588,3,388,6,60,0,4,6,0,0,0,6,5,2,0,0,2,1,1,1,1,33,6,3,0,0,0,0,0,9,1,5
3,3,9,0,3,0,2,0,0,0,0,2,1,6,3,38,7,998,1,12,1,1,3,533710,170820,1,3,1,3,8,3,212,6,30,3,4,3,212,0,0,4,1,1,0,0,1,1,1,1,1,33,6,3,0,0,0,0,0,9,1,5
3,1,8,0,18,0,8,0,0,7,0,1,1,6,1,49,8,1896,2,6,1,2,2,544828,318710,32,2,2,3,354,3,1101,6,60,6,4,5,739,0,0,6,1,2,0,0,2,1,1,1,1,49,8,3,0,0,0,0,0,8,1,9
3,1,9,0,18,0,8,0,0,0,0,1,1,6,2,30,6,1598,1,8,3,3,2,600901,228907,42,2,3,3,455,6,0,1,30,1,4,6,0,0,0,1,1,1,0,0,1,1,1,1,2,30,6,3,0,0,0,0,0,9,3,6
3,2,9,0,18,0,1,0,0,0,0,1,1,6,3,38,7,1598,1,8,1,1,2,537790,188150,1,2,1,5,13,3,112,6,30,6,2,3,112,0,5,4,1,1,0,0,1,1,1,1,1,33,6,3,0,0,0,0,0,9,1,5
3,2,1,0,18,0,1,0,0,0,0,1,1,4,1,14,3,1598,1,8,1,1,2,461007,303793,33,2,1,3,364,6,648,6,30,8,4,6,6,0,4,1,1,2,0,0,1,1,1,1,1,14,3,3,0,0,0,0,0,1,1,3
3,1,9,0,18,0,0,0,0,2,7,1,1,6,1,53,8,1598,1,8,1,3,2,391443,231660,53,2,3,1,625,1,5,3,70,0,4,6,0,0,0,1,1,1,0,0,2,1,3,1,1,53,8,3,0,0,0,0,0,9,1,9
3,1,9,0,18,0,8,0,0,0,0,1,1,6,1,18,4,1598,2,1,3,1,1,351020,240230,22,1,1,6,285,3,438,3,20,6,2,4,4369,0,4,1,1,1,0,0,1,1,1,3,1,36,7,3,4,1,0,0,0,0,1,2
3,2,4,0,18,0,8,0,0,0,0,1,1,6,1,19,4,296,1,8,2,1,2,340624,675809,95,2,1,3,921,6,0,6,30,3,4,6,0,0,0,4,1,1,0,0,2,1,1,1,1,19,4,3,0,0,0,0,0,4,2,5
1,1,3,0,18,0,8,1,0,0,0,1,1,6,1,19,4,1598,1,8,1,1,2,437940,333620,30,2,1,5,323,6,0,6,30,6,4,6,0,0,0,1,2,2,0,0,1,1,1,1,1,19,4,1,0,0,0,0,0,3,1,2
3,1,17,3,18,0,0,0,0,0,0,1,1,6,1,68,10,1598,2,38,1,1,2,305290,91646,50,2,1,7,580,4,3180,6,60,0,4,6,0,0,0,1,1,1,0,0,2,1,1,1,1,33,6,3,0,0,0,0,0,9,1,5
3,2,9,0,18,0,1,0,0,0,0,2,1,6,2,67,10,999,1,9,1,2,2,248958,59229,50,2,2,1,583,3,386,6,40,9,2,3,386,0,4,1,1,1,0,0,1,2,2,1,2,67,10,3,0,0,0,0,0,9,1,7
1,1,21,1,18,0,0,0,0,0,0,4,1,1,1,36,7,12419,2,3,3,1,1,587959,241373,37,1,1,4,410,3,134,6,30,0,4,6,0,0,0,1,1,2,0,0,1,1,1,3,1,69,10,1,10,9,0,0,0,0,1,3
3,3,9,0,3,0,1,0,0,0,0,3,1,6,1,54,8,1968,2,8,1,1,3,411770,295160,20,3,1,4,300,3,5127,6,30,6,2,3,453,0,0,1,1,1,0,0,1,1,1,1,1,33,6,3,0,0,0,0,0,9,1,5
3,1,9,0,18,0,0,0,0,0,0,1,1,2,2,27,6,1388,1,9,1,1,1,537020,182010,1,1,1,1,5,5,0,6,30,0,4,6,0,0,0,1,1,1,0,0,1,1,1,3,2,23,5,3,5,4,0,0,2,0,1,2
3,2,9,0,18,0,1,0,0,0,0,3,1,1,1,38,7,1896,2,7,1,4,2,436322,569775,10,2,4,7,148,3,193,6,30,3,4,6,2121,0,0,1,1,1,0,0,1,1,3,2,1,33,6,3,0,0,2,0,0,9,1,4
3,1,9,0,4,0,1,0,0,0,0,2,1,6,2,22,5,1248,1,1,3,1,2,550640,189760,1,2,1,7,15,3,12,3,40,6,2,3,125,0,5,1,2,2,0,0,1,1,1,2,2,51,8,3,0,0,2,0,0,9,3,9
2,1,9,0,18,0,0,5,4,0,0,3,1,6,1,85,11,2148,2,6,1,1,2,327141,383004,5,2,1,6,95,4,5138,6,30,0,4,6,0,0,0,4,1,1,0,0,1,1,1,1,1,85,11,2,0,0,0,0,0,9,1,7
3,1,9,0,18,0,0,0,0,0,0,1,1,2,1,26,6,1975,1,10,1,1,3,434488,285122,23,3,1,6,291,1,6,3,70,0,4,6,0,0,0,1,1,1,0,0,2,1,1,1,1,26,6,3,0,0,0,0,0,9,1,3
3,2,9,0,18,0,8,0,0,0,0,1,1,6,1,23,5,1330,1,18,1,1,2,392565,322778,21,2,1,5,255,3,34,6,30,8,4,6,0,0,4,4,1,1,0,0,1,1,1,1,1,23,5,3,0,0,0,0,0,9,1,2
2,1,9,0,18,0,0,0,0,0,0,1,1,6,1,19,4,1200,1,12,1,1,2,394382,302261,21,2,1,1,254,4,4156,6,50,0,4,6,0,0,0,6,2,2,0,0,2,2,1,3,2,26,6,2,9,9,0,0,0,0,1,5
3,1,9,0,9,0,8,0,0,0,0,4,1,6,2,31,6,1984,1,3,1,1,2,432265,385386,14,2,1,6,215,6,0,6,30,3,4,6,0,0,0,4,1,1,0,0,1,1,1,1,1,33,6,3,0,0,0,0,0,9,1,5
3,1,9,0,9,0,2,0,0,0,0,3,1,6,1,73,10,1588,1,13,2,1,1,594442,187489,42,1,1,4,459,6,0,6,30,3,4,4,1017,0,0,1,1,1,4,2,2,2,1,3,2,80,11,3,5,2,0,0,0,0,2,9
3,2,9,0,18,0,2,0,0,0,0,2,1,6,2,23,5,998,1,5,1,2,2,425941,550893,11,2,2,1,169,6,0,6,30,3,4,6,0,0,0,1,1,1,0,0,1,2,2,2,2,24,5,3,0,0,1,0,0,9,1,7
2,1,9,0,16,0,0,2,10,2,4,1,1,6,1,20,4,1968,2,10,1,2,1,550840,218473,42,1,2,3,463,1,11,3,70,0,4,6,0,0,0,1,1,1,0,0,2,1,2,2,1,28,6,2,0,0,1,0,0,9,1,4
2,1,9,0,18,0,1,0,0,0,0,1,1,2,2,34,6,1389,1,14,1,2,1,390200,299770,20,1,2,6,309,6,0,6,30,3,4,6,0,0,0,1,1,1,0,0,1,1,2,1,2,34,6,3,0,0,0,0,0,9,1,1
3,3,9,0,2,0,0,0,0,0,0,1,1,6,3,38,7,2143,2,3,2,1,3,544850,267160,35,3,1,7,395,5,187,6,30,0,4,6,0,0,0,4,1,1,0,0,2,1,1,1,1,33,6,3,0,0,0,0,0,9,1,5
3,4,9,0,3,0,0,0,0,0,0,2,1,6,2,49,8,1229,1,8,1,1,4,410805,174933,54,4,1,3,635,3,4361,6,60,0,4,6,0,0,0,1,1,1,0,0,2,1,1,1,1,33,6,3,0,0,0,0,0,9,1,5
3,2,9,0,9,0,8,0,0,0,0,3,1,6,1,32,6,1397,1,14,1,1,2,536990,176990,1,2,1,4,7,3,2,6,30,3,4,4,218,0,0,1,1,1,0,0,1,1,1,1,1,33,6,3,0,0,0,0,0,9,1,5
3,2,9,0,18,0,1,0,0,0,0,2,1,6,1,59,9,1969,2,8,1,1,2,632810,169900,46,2,1,7,541,3,28,3,40,3,4,6,0,0,4,1,1,1,0,0,1,1,1,1,1,33,6,3,0,0,0,0,0,9,1,5
3,1,9,0,18,0,0,0,10,5,6,1,1,6,2,22,5,2000,1,6,3,1,1,554280,180290,1,1,1,1,15,3,13,3,70,0,4,6,0,0,0,4,1,1,0,0,2,1,1,1,2,22,5,3,0,0,0,0,0,9,3,8
3,1,9,0,9,9,8,0,10,7,10,1,1,6,1,21,5,1598,2,1,1,2,3,410680,288740,20,3,2,1,300,4,4114,6,30,3,4,6,0,0,0,4,1,1,0,0,1,1,1,2,1,23,5,3,0,0,1,0,0,9,1,1
3,1,9,0,16,0,0,5,0,7,9,1,1,6,1,22,5,1242,1,14,3,1,1,351490,460860,4,1,1,4,76,6,0,6,60,0,4,6,0,0,0,1,1,2,0,0,2,1,1,1,1,22,5,3,0,0,0,0,0,9,3,7
3,2,9,0,2,0,0,0,0,0,0,3,1,6,1,38,7,1997,2,3,1,1,2,384670,255700,22,2,1,5,276,6,0,6,30,0,4,6,0,0,0,1,1,1,0,0,1,2,1,1,1,33,6,3,0,0,0,0,0,9,1,5
2,3,1,0,3,0,1,0,0,0,0,2,1,6,1,44,7,1598,1,8,1,34,3,530908,104300,47,3,34,2,565,6,0,6,30,3,2,6,0,0,4,1,1,1,0,0,1,1,9,1,1,44,7,3,0,0,0,0,0,1,1,9
3,1,9,0,18,0,8,0,0,0,0,0,1,6,3,38,7,1598,1,8,1,1,2,426442,544281,11,2,1,3,169,6,0,1,30,2,4,5,12,0,0,1,1,1,0,0,1,2,1,1,1,33,6,3,0,0,0,0,0,9,1,5
3,1,9,0,18,0,2,0,0,0,0,1,1,1,2,56,9,1896,2,8,1,1,1,419556,585941,10,1,1,6,139,6,6109,6,30,3,4,6,6109,0,0,1,1,1,0,0,1,1,1,3,1,9,2,3,5,3,0,0,0,0,1,5
3,1,4,0,18,0,2,1,10,0,0,1,1,2,1,36,7,125,1,8,1,1,1,402538,163376,54,1,1,6,635,3,361,3,60,3,4,6,0,0,0,4,1,1,0,0,2,1,1,1,1,36,7,3,0,0,0,0,0,4,1,7
3,1,9,0,13,0,0,1,0,5,6,1,1,6,1,22,5,1149,1,10,1,3,1,518782,412931,16,1,3,7,233,3,180,3,70,0,4,6,0,0,0,1,1,1,0,0,2,1,2,2,1,22,5,3,0,0,1,0,0,9,1,3
3,1,9,0,4,0,1,0,0,0,0,2,1,6,1,30,6,1968,2,7,1,4,2,422168,321699,21,2,4,3,251,3,38,3,60,5,4,3,38,0,0,1,7,2,0,0,2,1,1,1,1,30,6,3,0,0,0,0,0,9,1,3
3,2,9,0,11,0,0,0,0,0,0,4,1,6,3,38,7,1796,1,11,1,1,2,541580,188320,1,2,1,4,14,3,12,3,50,0,4,6,0,0,0,4,1,1,0,0,2,2,1,1,1,33,6,3,0,0,0,0,0,9,1,5
3,1,9,0,7,0,8,0,0,0,0,1,1,6,1,22,5,1598,1,8,1,1,3,544580,167210,1,3,1,3,19,5,0,1,30,2,4,5,0,0,0,1,1,1,0,0,1,1,1,1,1,33,6,3,0,0,0,0,0,9,1,5
3,1,9,0,18,0,8,1,10,6,10,3,1,6,1,21,5,1598,1,8,1,2,1,291243,180750,62,1,2,5,740,3,4061,3,30,1,4,6,0,0,0,1,1,1,0,0,1,1,1,1,1,21,5,3,0,0,0,0,0,9,1,5
3,3,9,0,17,0,0,0,0,0,0,0,1,6,3,38,7,1598,1,8,1,1,3,493212,314516,33,3,1,1,368,4,668,6,30,0,4,6,0,0,0,1,1,1,0,0,2,1,1,1,1,33,6,3,0,0,0,0,0,9,1,5
3,2,9,0,7,0,8,0,0,0,0,1,1,6,1,35,6,1997,2,13,1,2,2,517810,163800,1,2,2,1,23,6,0,6,30,3,4,3,243,0,4,4,1,1,0,0,1,1,2,2,1,21,5,3,0,0,1,0,0,9,1,4
3,2,9,0,18,0,0,0,0,0,0,2,1,6,1,40,7,1389,1,15,1,1,3,500267,188623,43,3,1,5,477,4,416,6,30,0,4,6,0,0,0,1,2,2,0,0,1,2,1,1,1,40,7,3,0,0,0,0,0,9,1,10
3,1,9,0,4,0,0,1,0,1,4,1,1,2,1,36,7,1398,1,12,1,1,1,413320,104274,55,1,1,3,647,3,338,3,70,0,4,6,0,0,0,1,1,2,0,0,2,1,1,1,1,36,7,3,0,0,0,0,0,9,1,5
3,2,4,0,3,0,0,0,0,0,0,1,1,1,2,45,7,1598,1,8,2,1,2,506638,456691,16,2,1,5,231,6,0,6,30,0,4,6,0,0,0,1,1,1,0,0,2,1,1,1,1,33,6,3,0,0,0,0,0,9,1,5
3,1,9,0,18,0,8,0,0,0,0,1,1,6,3,38,7,1598,1,8,1,1,2,427525,433024,13,2,1,3,204,4,6154,6,40,3,4,6,0,0,0,4,2,2,0,0,1,1,1,1,1,33,6,3,0,0,0,0,0,9,1,5
2,1,5,0,16,0,0,1,0,1,0,1,1,6,1,43,7,1170,1,5,1,1,1,209054,812114,91,1,1,7,927,3,87,6,60,0,4,6,0,0,0,1,1,1,0,0,2,1,1,1,1,43,7,2,0,0,0,0,0,5,1,5
3,1,9,0,17,0,1,0,0,0,0,1,1,6,3,38,7,1686,2,13,1,2,2,388093,351868,21,2,2,5,257,6,0,6,30,3,4,6,0,0,0,1,1,1,0,0,2,2,1,1,1,33,6,3,0,0,0,0,0,9,1,5
3,1,9,0,18,0,1,0,0,1,4,1,1,5,1,31,6,1598,1,8,1,1,1,383816,345307,21,1,1,7,253,6,69,6,30,3,4,6,69,0,0,4,7,2,0,0,1,1,1,2,2,32,6,3,0,0,1,0,0,9,1,9
3,2,1,0,13,0,8,0,10,0,0,1,1,6,1,13,3,1598,1,8,1,1,2,401955,279922,20,2,1,6,300,6,0,6,30,8,4,6,0,0,0,1,1,2,0,0,1,1,1,1,1,13,3,3,0,0,0,0,0,1,1,5
2,1,9,0,17,0,0,1,0,1,7,1,1,6,1,21,5,1598,1,8,1,4,1,303357,672662,95,1,4,4,940,6,0,6,50,0,4,6,0,0,0,6,1,1,0,0,2,1,4,1,1,21,5,3,0,0,0,0,0,9,1,5
3,1,9,0,3,0,4,0,0,0,0,1,1,6,1,68,10,1956,2,5,1,1,2,407934,91444,55,2,1,1,640,3,338,1,40,1,4,4,3066,0,0,4,1,1,0,0,1,1,1,1,1,33,6,3,0,0,0,0,0,9,1,5
3,2,9,0,10,0,1,0,0,0,0,2,1,6,1,22,5,1560,2,11,1,1,2,399024,296391,20,2,1,4,305,6,0,6,30,6,4,6,0,0,0,4,4,2,0,0,1,1,1,2,2,22,5,3,0,0,1,0,0,9,1,2
3,2,9,0,18,0,0,2,0,4,6,1,1,6,2,45,7,1388,1,5,1,1,2,237008,637883,97,2,1,2,931,3,71,3,70,0,4,6,0,0,0,1,1,1,0,0,2,1,1,1,2,45,7,3,0,0,0,0,0,9,1,5
3,2,9,0,16,0,0,0,0,0,0,1,1,6,1,38,7,1598,1,8,1,1,2,395030,289970,20,2,1,1,303,6,0,6,30,0,4,6,0,0,0,1,1,1,0,0,1,2,1,1,1,33,6,3,0,0,0,0,0,9,1,5
3,2,9,0,18,0,0,0,0,0,0,0,1,6,1,54,8,1968,2,2,1,2,2,508583,347065,32,2,2,6,353,3,17,3,70,0,4,6,0,0,0,6,1,1,0,0,2,1,1,1,1,33,6,3,0,0,0,0,0,9,1,5
3,1,8,0,18,0,0,0,0,0,0,4,1,6,1,38,7,1598,1,8,1,1,1,457035,340048,31,1,1,2,346,3,6008,6,30,0,4,6,0,0,4,1,1,1,0,0,1,1,1,3,1,21,5,3,1,1,0,0,0,0,1,3
2,1,20,0,5,0,8,0,0,0,0,3,2,1,1,58,9,1598,1,8,1,1,2,305980,197578,62,2,1,5,744,4,4275,6,30,6,4,6,0,0,1,1,2,2,0,0,1,1,1,1,1,33,6,3,0,0,0,0,0,9,1,5
3,2,21,1,18,0,8,0,0,0,0,0,2,1,1,25,5,1598,1,8,1,1,2,514442,205099,41,2,1,5,434,3,414,1,60,1,4,3,5183,0,0,4,2,2,0,0,2,1,1,1,1,33,6,3,0,0,0,0,0,9,1,5
3,3,9,0,3,0,8,0,0,0,0,2,1,6,2,39,7,1995,2,2,2,2,3,479500,354370,31,3,2,7,345,4,6326,6,30,3,4,6,0,0,8,1,1,1,0,0,1,1,2,1,2,39,7,3,0,0,0,0,0,9,2,10
3,2,9,0,18,0,8,0,0,0,0,4,1,6,2,49,8,1598,1,13,1,1,2,621080,136580,46,2,1,6,539,3,20,6,30,6,2,3,2034,0,0,4,5,1,0,0,1,1,1,1,1,33,6,3,0,0,0,0,0,9,1,5
2,1,9,0,5,0,1,0,0,0,0,1,1,2,1,28,6,1598,1,8,3,1,2,242450,221060,63,2,1,4,751,3,484,1,30,1,4,3,485,0,0,1,1,1,0,0,1,1,1,1,1,33,6,3,0,0,0,0,0,9,1,5
3,1,9,0,5,0,3,0,0,0,0,4,1,2,2,41,7,1685,2,1,1,1,2,356640,420130,4,2,1,5,73,6,0,1,30,1,4,6,0,0,0,1,1,1,0,0,2,1,1,1,1,33,6,3,0,0,0,0,0,9,1,5
3,2,9,0,5,0,1,0,0,0,0,1,1,6,2,35,6,2993,2,1,3,1,2,499752,207362,41,2,1,6,431,6,414,6,30,3,4,6,394,0,0,1,1,2,0,0,1,1,1,1,1,33,6,3,0,0,0,0,0,9,1,5
3,2,9,0,18,0,8,0,0,0,0,1,1,6,2,48,8,1598,2,2,1,1,2,323070,675760,95,2,1,6,923,6,0,3,30,0,4,6,0,0,8,1,1,1,0,0,1,3,1,1,1,33,6,3,0,0,0,0,0,9,1,5
3,2,9,0,18,0,8,0,0,0,0,3,1,6,2,34,6,1598,1,8,1,1,2,382134,213461,53,2,1,6,623,6,8150,6,30,3,4,6,8151,0,0,1,1,1,0,0,1,1,1,1,1,33,6,3,0,0,0,0,0,9,1,5
3,1,9,0,5,0,4,0,0,0,0,1,1,6,1,28,6,1598,1,8,1,1,2,382890,275820,22,2,1,7,278,3,451,6,40,1,4,3,442,0,0,1,1,1,0,0,1,1,1,1,1,33,6,3,0,0,0,0,0,9,1,5
3,1,19,0,4,0,0,1,0,0,0,1,1,1,1,19,4,2287,2,4,1,3,3,557752,105267,47,3,3,1,556,3,27,6,40,0,4,6,0,0,0,1,1,1,0,0,1,1,1,1,1,19,4,3,0,0,0,0,0,19,1,9
3,2,11,0,2,0,0,0,0,0,0,3,1,1,1,52,8,6696,2,1,1,1,2,404321,289541,20,2,1,4,300,6,0,6,30,0,4,6,0,0,0,1,1,1,0,0,1,1,1,2,2,45,7,3,0,0,0,4,0,11,1,2
3,2,9,0,18,0,0,1,0,0,0,3,1,6,2,28,6,1968,2,8,1,1,2,473603,258983,34,2,1,5,384,3,5076,3,50,0,4,6,0,0,0,1,1,1,0,0,1,1,1,1,2,28,6,3,0,0,0,0,0,9,1,5
3,1,9,0,18,0,0,0,0,0,0,3,1,6,2,27,6,2967,1,15,1,1,2,166822,37071,50,2,1,2,596,6,0,6,60,0,4,6,0,0,0,1,1,1,0,0,2,1,1,1,2,27,6,3,0,0,0,0,0,9,1,5
3,3,19,0,2,0,0,0,0,0,0,2,1,6,1,38,7,2464,2,7,1,1,3,507141,161839,45,3,1,5,510,4,374,6,30,0,4,6,0,0,0,1,1,1,0,0,1,1,1,1,1,33,6,3,0,0,0,0,0,9,1,5
3,1,9,0,18,0,8,0,0,0,0,1,1,6,1,28,6,1598,1,8,1,1,2,549970,176330,1,2,1,2,18,3,220,6,30,3,4,5,0,0,0,1,1,1,0,0,1,1,1,1,1,33,6,3,0,0,0,0,0,9,1,5
3,1,21,0,5,0,8,0,0,0,0,4,1,1,1,53,8,12777,2,1,2,1,2,527010,181740,1,2,1,2,1,3,5,6,30,3,4,6,0,0,4,1,1,1,0,0,1,1,1,1,1,33,6,3,0,0,0,0,0,9,1,5
3,1,9,0,18,0,0,0,0,0,0,1,1,6,1,72,10,1398,2,10,1,1,2,284931,901238,91,2,1,3,927,3,9,6,60,0,4,6,0,0,0,1,1,1,0,0,2,1,1,1,1,33,6,3,0,0,0,0,0,9,1,5
3,2,21,0,11,0,0,0,0,0,0,4,1,1,1,63,9,12419,2,8,3,1,3,446828,124994,44,3,1,4,502,1,3,3,70,0,4,6,0,0,0,1,1,1,0,0,2,1,1,1,1,33,6,3,0,0,0,0,0,9,1,5
3,1,9,0,7,0,8,0,0,0,0,1,1,6,2,29,6,1679,1,15,2,1,2,532498,109448,47,2,1,4,565,6,0,6,30,3,4,6,0,0,0,1,1,1,0,0,2,1,1,2,1,51,8,3,0,0,1,0,0,9,1,3
3,2,9,0,9,0,1,1,0,0,0,2,1,1,1,35,6,1598,2,2,1,1,2,507282,162271,45,2,1,6,510,4,374,1,30,1,4,6,0,0,0,1,1,1,0,0,1,1,1,1,1,33,6,3,0,0,0,0,0,9,1,5
3,2,9,0,3,0,0,0,0,0,0,0,1,6,2,35,6,1497,1,12,1,1,2,358409,171839,52,2,1,2,601,6,0,6,20,0,4,6,0,0,0,1,2,2,0,0,1,2,1,1,1,33,6,3,0,0,0,0,0,9,1,5
3,1,98,4,13,0,0,0,0,0,0,4,1,6,1,46,8,1598,1,8,3,1,2,178632,53687,50,2,1,5,596,3,3075,6,30,0,4,6,0,0,0,1,1,1,0,0,2,2,1,1,1,33,6,3,0,0,0,0,0,9,1,5
3,1,1,0,18,0,8,0,0,0,0,4,1,6,2,55,8,1598,1,8,1,1,2,531580,183500,1,2,1,2,3,3,1,6,30,6,2,6,0,0,5,1,1,1,0,0,1,1,1,1,2,55,8,3,0,0,0,0,0,1,1,6
3,2,4,0,18,0,8,0,0,0,0,1,1,6,1,18,4,1598,1,8,1,1,2,520090,298980,35,2,1,4,394,6,0,6,30,3,4,6,0,0,0,4,9,1,0,0,1,2,1,1,1,18,4,3,0,0,0,0,0,4,1,1
3,1,9,0,18,0,0,0,0,1,0,1,1,6,2,21,5,1390,1,9,3,1,1,520220,304990,35,1,1,5,394,5,49,6,60,0,4,6,0,0,0,1,2,2,0,0,2,1,1,1,2,21,5,3,0,0,0,0,0,9,3,8
2,1,9,0,18,0,0,0,0,0,0,1,1,6,1,32,6,1560,2,1,1,2,2,380600,386470,6,2,2,4,112,5,0,6,60,0,4,6,0,0,0,1,1,1,0,0,1,1,1,1,1,32,6,3,0,0,0,0,0,9,1,5
3,2,1,0,18,0,1,0,0,0,0,1,1,6,1,45,7,1598,1,8,1,1,2,330115,387732,5,2,1,1,95,6,0,6,30,3,4,4,5151,0,0,7,1,1,0,0,1,2,1,1,1,45,7,3,0,0,0,0,0,1,1,5
3,1,9,0,18,0,0,0,0,0,0,1,1,1,1,32,6,1560,2,11,2,4,2,503013,178180,43,2,4,3,473,1,4,3,70,0,4,6,0,0,0,1,1,1,0,0,2,1,1,1,1,32,6,3,0,0,0,0,0,9,2,5
2,2,19,0,17,0,0,0,0,0,0,0,1,1,1,27,6,2198,2,3,1,1,2,580987,229725,42,2,1,5,451,6,0,6,30,0,4,6,0,0,0,1,1,1,0,0,1,1,1,1,1,33,6,3,0,0,0,0,0,9,1,5
3,1,9,0,9,0,2,0,0,0,0,1,1,1,1,54,8,1497,1,11,1,1,2,499791,150838,45,2,1,3,511,3,25,6,40,6,2,3,320,0,0,4,1,1,0,0,1,1,1,1,1,33,6,3,0,0,0,0,0,9,1,5
3,3,9,0,18,0,0,0,0,0,0,3,1,1,1,38,7,3246,1,14,1,1,3,393230,299620,20,3,1,6,309,6,0,2,30,0,4,6,0,0,0,1,1,1,0,0,1,2,1,1,1,33,6,3,0,0,0,0,0,9,1,5
1,1,9,0,16,0,8,1,10,7,11,4,1,2,1,26,6,1998,1,11,1,2,1,425719,537958,11,1,2,6,169,4,6300,6,60,3,4,6,0,0,0,6,1,1,0,0,2,1,1,1,1,26,6,1,0,0,0,0,0,9,1,8
3,2,9,0,3,0,8,0,0,0,0,2,2,1,2,34,6,999,1,1,1,2,2,432162,568414,10,2,2,4,148,3,19,1,20,1,2,3,1058,0,0,1,2,2,0,0,1,1,2,2,1,35,6,3,0,0,1,0,0,9,1,5
3,1,19,0,4,0,1,0,0,0,0,1,1,6,1,60,9,1995,2,2,1,1,2,400949,138369,54,2,1,6,635,3,36,3,50,6,2,3,303,0,0,1,1,1,0,0,2,1,1,1,1,33,6,3,0,0,0,0,0,9,1,5
3,1,9,0,16,0,0,0,0,7,4,1,1,6,2,80,11,1596,1,1,1,2,1,433164,492126,12,1,2,1,181,3,684,6,30,0,4,6,0,0,0,1,1,1,0,0,2,1,1,1,2,80,11,3,0,0,0,0,0,9,1,8
3,1,9,0,3,0,1,0,0,0,0,2,1,2,2,33,6,1596,1,13,1,1,2,465578,105043,44,2,1,6,498,3,397,6,30,3,4,6,0,0,4,1,1,1,0,0,2,1,1,1,2,33,6,3,0,0,0,0,0,9,1,2