accident_severity,vehicle_reference,vehicle_type,towing_and_articulation,vehicle_manoeuvre,vehicle_location-restricted_lane,junction_location,skidding_and_overturning,hit_object_in_carriageway,vehicle_leaving_carriageway,hit_object_off_carriageway,1st_point_of_impact,was_vehicle_left_hand_drive?,journey_purpose_of_driver,sex_of_driver,age_of_driver,age_band_of_driver,engine_capacity_(cc),propulsion_code,age_of_vehicle,driver_home_area_type,NUmber_of_Casualities_unique_to_accident_index,No_of_Vehicles_involved_unique_to_accident_index,location_easting_osgr,location_northing_osgr,police_force,number_of_vehicles,number_of_casualties,day_of_week,local_authority_(district),1st_road_class,1st_road_number,road_type,speed_limit,junction_detail,junction_control,2nd_road_class,2nd_road_number,pedestrian_crossing-human_control,pedestrian_crossing-physical_facilities,light_conditions,weather_conditions,road_surface_conditions,special_conditions_at_site,carriageway_hazards,urban_or_rural_area,did_police_officer_attend_scene_of_accident,casualty_reference,casualty_class,sex_of_casualty,age_of_casualty,age_band_of_casualty,casualty_severity,pedestrian_location,pedestrian_movement,car_passenger,bus_or_coach_passenger,pedestrian_road_maintenance_worker,casualty_type,casualty_home_area_type,casualty_imd_decile
3,1,9,0,18,0,0,0,4,0,0,1,1,6,2,30,6,2143,2,3,1,1,2,550400,191320,1,2,1,5,15,4,1459,6,30,0,4,6,0,0,0,1,1,1,0,0,1,1,1,1,2,30,6,3,0,0,0,0,0,9,1,7
3,4,9,0,3,0,0,0,0,0,0,2,1,6,2,32,6,1910,2,10,2,4,4,355276,115473,52,4,4,6,610,3,30,6,30,0,4,6,0,0,0,1,1,1,0,0,1,1,4,2,1,46,8,3,0,0,1,0,0,9,3,6
1,3,5,0,18,0,1,1,0,1,0,1,1,6,1,39,7,599,1,13,1,2,3,422825,629336,10,3,2,1,139,4,1340,6,60,3,4,6,2036,0,0,1,1,1,0,0,2,1,2,1,1,39,7,2,0,0,0,0,0,5,1,9
2,1,9,0,18,0,1,0,0,1,11,1,1,2,1,71,10,1998,1,18,1,1,1,331049,386443,5,1,1,4,95,4,5151,6,30,3,4,6,0,0,0,1,1,1,0,0,1,1,1,1,1,71,10,2,0,0,0,0,0,9,1,1
2,1,3,0,18,0,0,1,10,1,10,1,1,2,1,17,4,124,1,8,3,1,1,530000,304630,35,1,1,3,394,3,47,3,70,0,4,6,0,0,0,1,1,1,0,0,2,1,1,1,1,17,4,2,0,0,0,0,0,3,3,3
3,2,9,0,13,0,1,0,0,0,0,4,1,6,1,53,8,1398,2,9,3,1,2,383075,154836,54,2,1,5,635,3,361,6,60,8,4,6,0,0,0,1,1,1,0,0,2,1,1,1,1,33,6,3,0,0,0,0,0,9,1,5
3,2,9,0,18,0,8,0,0,0,0,1,1,6,1,20,4,1398,2,10,1,1,2,489456,268051,34,2,1,7,386,3,5128,6,30,3,4,6,9478,0,0,4,2,2,0,0,1,1,1,1,1,20,4,3,0,0,0,0,0,9,1,7
3,1,3,0,3,0,1,0,0,0,0,4,1,1,1,25,5,1598,1,8,1,1,2,510890,176640,1,2,1,2,25,3,4,1,40,1,4,3,312,0,0,1,1,1,0,0,1,2,1,1,1,25,5,3,0,0,0,0,0,3,1,3
3,1,9,0,17,0,0,1,0,1,7,1,1,2,1,47,8,1199,1,15,1,1,1,538384,229769,41,1,1,2,432,4,1038,6,60,0,4,6,0,0,0,7,1,1,7,0,2,1,1,1,1,47,8,3,0,0,0,0,0,9,1,8
3,1,20,0,1,0,0,0,0,0,1,2,1,1,1,42,7,1598,1,8,1,1,1,265748,192585,62,1,1,4,745,6,0,6,30,0,4,6,0,0,0,1,4,1,0,0,1,1,1,3,2,51,8,3,5,1,0,0,0,0,3,5
2,3,21,0,18,0,1,0,0,0,0,1,1,1,1,48,8,1598,1,8,3,5,3,350760,239130,22,3,5,2,285,3,49,6,30,3,4,6,0,0,4,4,1,4,0,0,1,1,5,2,1,45,7,3,0,0,0,0,0,21,1,1
3,3,9,0,18,0,1,0,0,0,0,0,1,6,3,38,7,1598,1,8,1,1,3,547398,201060,42,3,1,5,456,6,0,6,40,3,4,6,0,0,0,6,1,1,0,0,2,1,1,1,1,33,6,3,0,0,0,0,0,9,1,5
3,1,9,0,18,0,8,0,0,0,0,2,1,6,2,38,7,2199,2,4,1,1,3,449565,210212,43,3,1,2,482,3,40,6,60,8,4,6,0,0,0,1,1,1,0,0,1,1,1,1,1,33,6,3,0,0,0,0,0,9,1,5
3,2,9,0,18,0,8,0,0,0,0,1,1,1,1,52,8,2987,2,4,1,2,2,498383,221650,40,2,2,7,424,5,249,6,30,8,4,6,0,0,0,1,3,3,0,0,2,1,2,1,1,52,8,3,0,0,0,0,0,9,1,8
2,1,5,0,16,0,0,0,0,0,0,3,1,2,1,53,8,1157,1,10,1,1,1,372282,379663,7,1,1,6,129,3,556,3,50,0,4,6,0,0,0,4,1,2,0,0,2,1,1,1,1,53,8,2,0,0,0,0,0,5,1,8
3,1,9,0,18,0,1,0,0,0,0,1,1,2,2,46,8,1124,1,10,1,1,1,312117,723440,93,1,1,3,934,3,93,3,30,3,2,3,989,0,4,1,1,1,0,0,2,1,1,3,1,29,6,3,1,3,0,0,0,0,1,5
3,2,19,0,4,0,0,0,0,0,0,2,1,1,1,49,8,2198,2,1,1,1,2,555440,174360,46,2,1,2,532,3,282,3,50,0,4,6,0,0,0,1,1,1,0,0,1,1,1,1,1,49,8,3,0,0,0,0,0,19,1,6
3,1,8,0,18,0,0,0,0,0,0,1,1,6,1,62,9,1242,1,4,1,1,2,449018,352215,31,2,1,5,340,1,1,7,60,0,4,6,0,0,0,1,1,1,0,0,2,2,1,1,1,33,6,3,0,0,0,0,0,9,1,5
3,1,9,0,4,0,0,1,0,0,0,1,1,6,2,58,9,1997,2,12,1,2,2,358130,492810,3,2,2,1,65,3,684,6,60,0,4,6,0,0,0,1,3,3,0,0,2,2,1,1,1,33,6,3,0,0,0,0,0,9,1,5
3,2,9,0,18,0,1,0,0,0,0,1,1,6,2,78,11,1598,1,8,1,1,2,628851,235272,37,2,1,6,415,6,0,6,30,3,4,6,0,0,0,1,1,1,0,0,1,1,1,1,1,33,6,3,0,0,0,0,0,9,1,5
3,1,9,0,18,0,1,0,0,0,0,1,1,3,1,37,7,1900,2,9,1,2,3,436096,556874,10,3,2,2,150,6,5316,6,30,3,4,6,5316,0,0,1,1,1,0,0,1,1,1,1,1,33,6,3,0,0,0,0,0,9,1,5
3,1,9,0,10,0,1,0,0,0,0,1,1,2,1,61,9,1796,1,16,1,1,2,343553,393143,5,2,1,6,90,6,0,6,30,3,4,6,0,0,0,1,1,1,0,0,2,1,1,1,1,33,6,3,0,0,0,0,0,9,1,5
3,2,9,0,3,0,0,0,0,0,0,2,1,6,1,41,7,1590,1,11,1,3,3,502400,172953,45,3,3,7,40,1,25,3,70,0,4,6,0,0,0,1,1,1,0,0,2,1,3,2,1,6,2,3,0,0,2,0,0,9,1,10
3,1,9,0,17,0,0,2,0,2,9,4,1,1,1,18,4,1995,2,10,1,1,1,375198,558932,10,1,1,6,139,5,322,6,60,0,4,6,0,0,0,1,1,1,0,0,2,1,1,1,1,18,4,3,0,0,0,0,0,9,1,9
3,1,9,0,18,0,8,0,7,0,0,4,1,6,1,72,10,1329,1,1,1,1,1,540860,175310,1,1,1,7,6,3,2213,6,30,3,4,6,0,0,0,1,1,1,0,0,1,1,1,2,2,71,10,3,0,0,1,0,0,9,1,5
3,3,9,0,3,0,2,0,0,0,0,2,1,6,1,18,4,1229,1,8,1,2,4,265183,666062,97,4,2,7,926,1,8,3,60,5,4,4,765,0,0,1,2,2,0,0,1,1,1,2,2,16,4,3,0,0,2,0,0,9,1,5
2,1,9,0,16,0,0,1,0,0,0,3,1,6,1,23,5,1498,1,16,1,1,2,520440,302290,35,2,1,4,394,5,50,6,30,0,4,6,0,0,0,4,2,2,6,0,2,1,1,1,1,23,5,2,0,0,0,0,0,9,1,6
2,1,5,0,16,0,8,1,0,1,1,1,1,5,1,22,5,1598,1,8,1,1,2,356831,236282,22,2,1,5,285,4,4224,6,60,9,4,6,0,0,0,1,1,2,0,0,2,1,1,1,1,22,5,2,0,0,0,0,0,5,1,7
3,2,5,0,18,0,1,0,0,0,0,1,1,6,1,32,6,647,1,8,1,1,2,335391,389572,5,2,1,1,91,6,0,6,30,3,4,6,0,0,0,1,1,1,0,0,1,1,1,1,1,32,6,3,0,0,0,0,0,5,1,1
3,1,9,0,18,0,8,0,0,0,0,1,1,6,1,59,9,1798,1,13,1,1,2,352763,177445,52,2,1,2,601,4,4054,6,20,3,4,6,0,0,4,1,1,1,0,0,1,1,1,1,1,33,6,3,0,0,0,0,0,9,1,5
3,2,9,0,3,0,1,0,0,0,0,2,1,6,2,62,9,1598,1,8,1,5,2,517810,295590,35,2,5,4,394,3,1139,1,70,1,2,3,1260,0,0,1,1,1,0,0,2,2,2,2,2,24,5,3,0,0,1,0,0,9,1,1
3,1,9,0,4,0,0,0,0,0,0,2,1,6,1,46,8,998,1,1,3,3,5,531350,180820,48,5,3,4,570,3,3211,3,50,0,4,6,0,0,5,1,1,1,0,0,1,1,1,1,1,33,6,3,0,0,0,0,0,9,1,5
3,1,9,0,18,0,1,0,0,0,0,2,1,6,1,19,4,1598,1,8,1,3,2,265271,193068,62,2,3,1,745,4,4290,3,30,9,4,6,0,0,0,4,1,2,0,0,1,1,1,1,1,19,4,3,0,0,0,0,0,9,1,5
3,1,9,0,17,9,2,0,10,1,2,1,1,6,1,44,7,1896,2,8,1,1,1,541170,188470,1,1,1,7,14,3,12,3,40,3,4,6,0,0,0,4,1,1,0,0,1,1,1,1,1,44,7,3,0,0,0,0,0,9,1,5
3,2,19,0,18,0,1,0,0,0,0,1,1,6,1,23,5,2402,2,7,1,1,2,523990,188420,1,2,1,3,30,3,406,3,40,6,2,3,502,0,5,1,1,1,0,0,1,1,1,1,1,33,6,3,0,0,0,0,0,9,1,5
2,2,3,0,18,0,8,2,0,0,0,1,1,6,1,19,4,125,1,1,1,1,2,392220,291080,20,2,1,1,303,6,0,6,30,3,4,6,0,0,0,4,1,1,0,0,1,1,1,1,1,19,4,2,0,0,0,0,0,3,1,3
2,1,9,0,9,0,8,0,0,0,0,4,1,6,1,56,9,1910,2,8,1,2,2,370720,409730,6,2,2,1,100,4,6226,6,30,6,4,6,0,0,0,4,1,2,0,0,1,1,2,2,1,9,2,3,0,0,1,0,0,9,1,2
1,2,8,0,16,0,8,0,0,0,0,1,1,1,1,50,8,1997,2,6,1,3,2,238703,620210,97,2,3,1,937,3,70,6,60,9,4,6,0,0,0,6,8,4,0,0,2,1,3,1,1,50,8,3,0,0,0,0,0,8,1,5
3,1,9,0,7,0,6,0,0,0,0,1,1,6,1,38,7,1598,1,8,1,1,1,456811,297722,33,1,1,7,360,6,4520,2,30,8,4,6,6,0,0,1,9,1,0,0,1,2,1,3,2,42,7,3,5,3,0,0,0,0,1,2
3,1,9,0,18,0,1,0,0,0,0,3,1,2,2,55,8,998,1,14,1,1,1,540590,184770,1,1,1,5,17,3,114,6,30,6,4,6,0,0,4,1,1,1,0,0,1,1,1,3,1,11,3,3,4,3,0,0,2,0,1,5
3,3,9,0,18,0,0,0,0,0,0,3,1,6,1,51,8,1984,2,6,3,2,4,578570,143650,46,4,2,2,536,3,229,6,30,0,4,6,0,0,0,1,1,1,0,0,2,1,1,1,1,33,6,3,0,0,0,0,0,9,1,5
3,1,9,0,9,0,5,0,0,0,0,3,1,6,1,38,7,1598,1,8,1,1,1,460006,306696,33,1,1,2,364,6,906,6,30,3,4,6,871,0,0,4,9,1,0,0,1,1,1,3,2,31,6,3,5,3,0,0,0,0,1,6
3,3,9,0,2,0,1,0,0,0,0,2,1,6,3,38,7,1248,2,6,1,1,3,406169,95972,55,3,1,6,640,6,0,6,30,3,4,6,0,0,0,1,1,1,0,0,1,2,1,1,1,33,6,3,0,0,0,0,0,9,1,5
3,1,8,0,3,0,1,0,0,0,0,4,1,1,1,52,8,1995,2,7,1,1,2,407265,442105,13,2,1,1,200,6,0,6,20,3,4,4,6265,0,4,4,7,2,0,0,1,1,1,3,1,52,8,3,9,5,0,0,0,0,1,9
2,1,9,0,18,0,8,0,0,0,0,2,1,6,2,45,7,1368,1,7,1,1,2,544607,108050,47,2,1,4,554,3,27,3,60,1,4,3,26,0,0,7,2,2,0,0,2,2,1,1,1,33,6,3,0,0,0,0,0,9,1,5
3,1,9,0,9,0,6,0,0,0,0,1,1,6,1,48,8,2664,2,12,1,1,2,410727,418996,13,2,1,3,203,3,643,6,30,3,4,6,0,0,0,4,1,1,0,0,2,1,1,1,1,33,6,3,0,0,0,0,0,9,1,5
3,2,9,0,3,0,1,0,0,0,0,3,1,2,2,40,7,1968,2,8,2,2,2,231213,641962,97,2,2,5,931,3,737,6,60,3,2,3,737,0,0,1,1,1,0,0,2,1,1,1,2,40,7,3,0,0,0,0,0,9,2,5
2,1,9,0,9,0,6,0,0,0,0,3,1,6,2,34,6,1248,1,1,1,5,2,526050,268100,35,2,5,1,393,3,1198,6,60,8,4,6,0,0,0,1,1,2,0,0,2,1,3,2,2,3,1,3,0,0,2,0,0,9,1,8
2,1,9,0,7,0,5,0,0,0,0,4,1,6,2,74,10,1796,1,15,1,1,2,242493,663346,97,2,1,4,935,4,789,3,30,3,4,6,0,0,0,1,2,2,0,0,1,1,1,1,1,33,6,3,0,0,0,0,0,9,1,5
2,1,1,0,18,9,8,0,0,0,0,0,1,6,2,46,8,1598,1,8,1,1,1,601850,138550,46,1,1,3,530,6,1512,6,30,3,4,6,0,0,0,1,9,2,0,0,1,1,1,1,2,46,8,2,0,0,0,0,0,1,1,8
3,1,9,0,18,0,0,0,0,4,6,1,1,6,1,22,5,2987,2,6,1,2,1,551870,167880,46,1,2,1,538,3,20,3,70,0,4,6,0,0,0,6,2,2,0,0,2,1,1,1,1,22,5,3,0,0,0,0,0,9,1,4
3,2,9,0,18,0,8,0,0,0,0,1,1,2,1,45,7,1896,2,14,1,1,4,361599,393099,7,4,1,3,128,6,0,6,40,3,4,5,712,0,0,1,1,1,0,0,2,1,1,1,1,33,6,3,0,0,0,0,0,9,1,5
3,1,9,0,16,0,0,0,0,7,4,1,1,6,2,69,10,1390,1,13,1,1,2,499141,191792,43,2,1,7,478,6,424,6,40,0,4,6,0,0,0,1,1,1,0,0,2,1,1,1,2,69,10,3,0,0,0,0,0,9,1,10
3,1,2,0,18,0,0,1,4,0,0,1,1,1,1,36,7,125,1,1,1,1,3,355940,394149,7,3,1,6,128,4,5204,6,30,0,4,6,0,0,0,1,2,2,0,2,2,1,1,1,1,36,7,3,0,0,0,0,0,2,1,8
3,1,9,0,18,0,0,0,0,0,0,1,1,6,1,93,11,2979,1,8,1,3,5,508915,160247,45,5,3,6,510,3,3,3,70,0,4,6,0,0,0,4,1,2,0,0,2,1,1,1,1,93,11,3,0,0,0,0,0,9,1,10
2,1,9,0,18,0,4,0,0,0,0,1,1,6,1,36,7,2000,2,4,3,1,2,531600,304430,35,2,1,4,394,3,47,1,70,1,4,4,1167,0,0,5,1,1,0,0,2,1,1,1,1,33,6,3,0,0,0,0,0,9,1,5
2,2,1,0,13,0,0,0,0,0,0,2,1,6,1,19,4,1598,1,8,1,1,2,479805,164986,43,2,1,4,475,4,3016,6,40,0,4,6,0,0,0,4,1,1,0,0,1,1,1,1,1,19,4,2,0,0,0,0,0,1,1,10
2,2,9,0,16,0,0,0,0,0,0,1,1,6,1,68,10,1968,2,7,3,3,2,420770,350250,30,2,3,5,329,4,5035,6,30,0,4,6,0,0,0,1,2,2,0,0,2,1,3,2,2,45,7,2,0,0,1,0,0,9,1,8
3,2,9,0,7,0,8,0,0,0,0,4,1,6,1,38,7,1598,1,8,1,1,2,527600,169060,1,2,1,2,22,3,236,6,30,3,4,6,0,0,0,4,1,1,0,0,1,2,1,1,1,33,6,3,0,0,0,0,0,9,1,5
3,1,9,0,17,0,0,1,0,0,0,3,1,1,1,44,7,1896,2,6,1,1,2,265172,660022,97,2,1,7,938,6,0,6,30,0,4,6,0,0,0,1,1,1,4,2,1,1,1,1,1,33,6,3,0,0,0,0,0,9,1,5
3,1,11,0,18,0,2,0,0,0,0,1,1,1,1,56,9,9000,2,6,1,1,2,543720,178820,1,2,1,3,6,3,205,6,30,6,4,6,0,0,1,1,1,1,0,0,1,1,1,1,1,33,6,3,0,0,0,0,0,9,1,5
3,1,9,0,16,0,0,2,0,7,2,4,1,6,1,45,7,3996,1,16,1,2,1,461636,313033,33,1,2,6,362,3,46,7,70,0,4,6,0,0,0,1,1,1,0,0,2,1,1,1,1,45,7,3,0,0,0,0,0,9,1,4
2,1,9,0,9,0,6,0,0,8,4,4,1,2,1,41,7,998,1,2,1,2,2,452107,277418,23,2,2,3,292,6,0,6,40,3,4,6,0,0,0,1,1,2,0,0,2,1,1,1,1,41,7,3,0,0,0,0,0,9,1,9
3,1,9,0,9,0,6,0,0,0,0,1,1,6,2,78,11,1242,1,11,1,2,3,553580,138970,46,3,2,3,543,3,264,6,60,3,4,4,2188,0,0,1,8,2,0,0,2,1,1,1,2,78,11,3,0,0,0,0,0,9,1,9
3,1,11,0,18,0,1,0,0,0,0,1,1,1,1,73,10,6692,2,5,1,1,1,532310,165310,1,1,1,4,20,3,235,6,30,3,4,6,0,0,0,1,1,1,0,0,1,1,1,2,2,3,1,3,0,0,0,4,0,11,1,5
3,1,9,0,3,0,1,0,0,0,0,2,1,6,1,42,7,1596,1,10,1,2,2,350741,395308,5,2,2,7,92,3,58,3,30,1,4,6,0,0,8,4,2,2,0,0,1,2,1,1,1,42,7,3,0,0,0,0,0,9,1,5
3,1,9,0,18,0,8,5,4,0,0,4,1,6,2,24,5,1598,1,8,1,1,2,372638,164734,52,2,1,4,611,3,4,6,30,3,4,6,0,0,0,1,1,1,0,0,1,1,1,1,2,24,5,3,0,0,0,0,0,9,1,4
3,1,9,0,18,0,0,1,10,1,2,2,1,6,1,38,7,2993,2,3,1,1,1,516280,182940,1,1,1,2,27,3,40,7,40,0,4,6,0,0,7,4,1,1,0,0,1,1,1,1,1,33,6,3,0,0,0,0,0,9,1,5
3,1,9,0,5,0,1,0,0,0,0,1,1,6,2,68,10,1753,2,13,1,1,2,418495,186491,54,2,1,2,633,6,0,6,40,1,4,3,420,0,0,1,1,2,0,0,2,1,1,1,1,33,6,3,0,0,0,0,0,9,1,5
3,1,9,0,18,0,0,2,4,0,0,1,1,6,2,31,6,1560,2,8,1,3,3,407618,95203,55,3,3,1,640,6,0,6,30,0,4,6,0,0,0,1,1,1,0,0,1,1,1,1,2,31,6,3,0,0,0,0,0,9,1,5
3,1,21,1,11,0,3,0,0,0,0,4,1,1,1,38,7,11705,2,6,3,1,2,468538,339563,31,2,1,5,347,3,46,1,60,1,4,3,52,0,0,1,1,1,0,0,2,1,1,1,1,33,6,3,0,0,0,0,0,9,1,5
2,2,3,0,18,0,1,1,0,0,0,0,1,2,1,17,4,49,1,14,1,1,2,166448,28611,50,2,1,4,596,4,3297,6,30,3,4,6,0,0,0,1,1,1,4,0,1,2,1,1,1,17,4,2,0,0,0,0,0,3,1,7
3,1,9,0,9,0,8,0,0,0,0,1,1,6,2,18,4,1229,1,6,1,2,2,461337,397949,14,2,2,5,211,6,0,6,20,3,1,6,0,0,0,1,1,2,0,0,1,1,1,1,2,18,4,3,0,0,0,0,0,9,1,6
3,1,9,0,9,0,6,0,0,0,0,1,1,4,2,48,8,1396,2,1,1,3,2,232859,652583,97,2,3,3,931,4,777,3,30,3,4,6,0,0,1,1,2,2,0,0,2,1,3,1,2,48,8,3,0,0,0,0,0,9,1,5
3,1,2,0,18,0,8,0,0,0,0,1,1,6,1,23,5,1598,1,8,1,1,2,534230,181590,1,2,1,1,5,3,11,6,30,3,4,6,0,0,0,4,1,1,0,0,1,1,1,1,1,23,5,3,0,0,0,0,0,2,1,3
3,1,9,0,18,0,0,0,0,0,0,1,1,6,1,75,10,1299,1,7,2,3,2,564650,145310,46,2,3,5,543,4,2017,6,30,0,4,6,0,0,0,1,1,1,0,0,2,1,1,1,1,75,10,3,0,0,0,0,0,9,2,7
3,1,9,0,18,0,8,0,0,0,0,0,1,6,3,38,7,1598,1,8,1,1,2,449097,518835,17,2,1,3,243,5,123,6,30,3,4,6,0,0,0,1,1,1,0,0,1,2,1,1,1,33,6,3,0,0,0,0,0,9,1,5
3,2,9,0,12,0,7,0,0,0,0,3,1,6,1,83,11,1560,2,3,2,1,2,397449,93684,55,2,1,7,644,3,35,3,70,9,4,6,0,0,0,6,2,2,0,0,2,1,1,1,1,33,6,3,0,0,0,0,0,9,1,5
3,2,1,0,18,0,0,0,0,0,0,1,1,4,1,15,3,1598,1,8,1,1,2,505647,166688,45,2,1,3,40,4,375,6,40,0,4,6,0,0,0,1,1,1,0,0,2,1,1,1,1,15,3,3,0,0,0,0,0,1,1,5
3,2,9,0,9,0,8,0,0,0,0,1,1,6,2,36,7,2993,2,6,1,4,2,535130,191320,1,2,4,3,31,3,1055,6,30,3,4,6,0,0,0,1,1,1,0,0,1,1,3,2,2,12,3,3,0,0,2,0,0,9,1,2
3,1,9,0,18,0,1,0,0,0,0,4,1,6,1,30,6,1598,1,8,1,1,2,525925,134604,47,2,1,6,560,6,0,6,30,3,4,6,0,0,0,1,1,1,0,0,1,2,1,3,2,6,2,3,5,2,0,0,0,0,1,5
3,2,1,0,18,0,0,0,0,0,0,4,1,6,2,37,7,1598,1,8,1,1,2,548840,256890,35,2,1,2,390,6,0,6,30,0,4,6,0,0,0,1,1,2,0,0,1,2,1,1,2,37,7,3,0,0,0,0,0,1,1,5
3,2,9,0,18,0,1,0,0,0,0,2,1,6,2,36,7,1360,1,6,2,4,2,427948,562365,10,2,4,4,146,3,184,3,40,3,2,6,6032,0,0,1,1,1,0,0,1,1,4,2,1,62,9,3,0,0,2,0,0,9,2,3
3,1,11,0,5,0,0,0,0,0,0,4,1,1,2,40,7,3900,2,12,1,1,1,507560,183660,1,1,1,7,26,3,437,6,30,0,4,6,0,0,1,1,1,1,0,0,1,1,1,2,2,61,9,3,0,0,0,2,0,11,1,8
3,1,9,0,18,0,4,0,0,0,0,4,1,6,2,25,5,1395,1,2,1,1,2,423522,419708,13,2,1,3,203,6,0,6,30,2,4,6,0,0,0,4,1,2,0,0,1,1,1,1,1,33,6,3,0,0,0,0,0,9,1,5
3,2,5,0,18,0,0,1,0,0,0,1,1,6,1,51,8,1853,1,14,1,1,2,325138,389541,5,2,1,7,95,6,0,6,30,0,4,6,0,0,0,1,8,2,0,0,1,1,1,1,1,51,8,3,0,0,0,0,0,5,1,7
3,2,9,0,17,0,8,0,0,0,0,1,1,6,1,56,9,1995,2,3,1,3,2,527928,108632,47,2,3,2,565,5,300,6,60,3,4,6,0,0,0,1,1,1,0,0,2,1,2,2,2,57,9,3,0,0,1,0,0,9,1,7
3,3,1,0,18,0,0,0,0,0,0,2,1,6,1,41,7,1598,1,8,1,2,3,529650,177960,1,3,2,5,1,3,3212,6,30,0,4,6,0,0,1,1,1,1,0,0,1,1,2,1,1,41,7,3,0,0,0,0,0,1,1,6
1,1,9,0,9,0,5,0,0,0,0,4,1,6,2,37,7,1598,1,8,1,2,2,318280,178056,62,2,2,5,741,3,469,6,30,3,4,6,0,0,0,1,1,1,0,0,1,1,1,1,2,37,7,3,0,0,0,0,0,9,1,5
3,1,1,0,18,0,0,0,0,0,0,3,1,2,2,35,6,1598,1,8,3,1,2,415823,416149,13,2,1,3,203,6,0,6,30,0,4,6,0,0,0,1,1,1,0,0,1,2,1,1,2,35,6,3,0,0,0,0,0,1,3,9
3,1,21,1,18,0,0,0,0,0,0,3,1,1,1,49,8,10308,2,2,1,2,4,503303,174843,45,4,2,6,40,1,25,3,70,0,4,6,0,0,0,7,1,1,0,0,2,1,1,1,1,33,6,3,0,0,0,0,0,9,1,5
3,2,9,0,4,0,1,0,0,0,0,1,1,6,1,26,6,1587,1,14,1,1,2,525886,225706,41,2,1,5,435,4,1037,6,40,3,4,6,221,0,7,1,1,1,0,0,1,1,1,2,2,0,1,3,0,0,2,0,0,9,1,4
3,2,5,0,18,0,8,0,0,0,0,4,1,6,1,56,9,1598,1,8,1,1,2,318466,176801,62,2,1,1,741,3,4161,3,30,6,2,6,0,0,4,1,1,1,0,0,1,1,3,2,1,20,4,3,0,0,0,0,0,5,1,5
3,2,9,0,18,0,8,0,0,0,0,1,1,6,1,49,8,998,1,11,1,4,2,256828,662483,97,2,4,1,926,4,768,6,30,6,2,6,0,0,5,1,1,1,2,0,1,1,3,1,1,49,8,3,0,0,0,0,0,9,1,5
3,2,9,0,18,0,1,0,0,0,0,2,1,6,2,52,8,1781,1,10,1,2,2,381530,403460,6,2,2,4,101,3,56,6,30,3,2,6,0,0,5,4,1,1,0,0,1,1,1,1,2,52,8,3,0,0,0,0,0,9,1,6
3,2,3,0,13,0,8,0,0,0,0,1,1,6,1,29,6,124,1,2,1,1,2,531170,176670,1,2,1,4,9,3,23,6,30,3,4,6,0,0,4,1,1,1,0,0,1,1,1,1,1,29,6,3,0,0,0,0,0,3,1,8
2,1,9,0,9,0,8,0,0,0,0,4,1,2,2,19,4,1229,1,2,1,1,2,438635,112927,44,2,1,2,500,6,0,6,30,8,4,6,0,0,0,1,1,1,0,0,1,1,1,1,1,33,6,3,0,0,0,0,0,9,1,5
3,1,9,0,18,0,8,0,0,0,0,1,1,1,1,38,7,1910,2,5,1,1,2,538530,183610,1,2,1,3,17,6,0,1,30,1,4,6,0,0,0,1,1,1,0,0,1,1,1,1,1,33,6,3,0,0,0,0,0,9,1,5
3,2,9,0,18,0,1,1,0,0,0,1,1,6,2,19,4,998,1,3,3,2,2,396972,347834,21,2,2,7,256,3,522,6,60,3,4,6,105,0,0,1,1,3,0,0,2,1,2,1,2,19,4,3,0,0,0,0,0,9,3,9
3,2,4,0,9,0,8,0,0,0,0,1,1,6,1,54,8,1598,1,8,1,1,2,315375,176707,62,2,1,4,741,3,4161,6,30,3,4,6,0,0,0,1,1,1,0,0,1,1,2,1,1,54,8,3,0,0,0,0,0,4,1,5
3,1,9,0,18,0,0,0,0,0,0,4,1,6,1,23,5,1997,1,20,1,1,1,616972,218173,42,1,1,7,461,6,0,6,60,0,4,6,0,0,0,1,2,2,0,0,2,1,1,3,1,87,11,3,5,3,0,0,0,0,1,5
3,2,9,0,18,0,8,0,0,0,0,1,1,6,2,78,11,1598,1,8,1,1,2,515250,193780,1,2,1,6,29,3,4140,6,30,6,2,3,409,0,5,1,1,1,4,0,1,1,1,1,1,33,6,3,0,0,0,0,0,9,1,5
3,1,5,0,18,0,8,0,0,0,0,1,1,2,2,38,7,599,1,3,1,1,2,527190,169530,1,2,1,5,22,3,236,6,30,3,4,5,0,0,0,4,1,1,0,0,1,1,1,1,2,38,7,3,0,0,0,0,0,5,1,2
2,1,9,0,9,0,5,0,0,0,0,4,1,6,2,52,8,1328,1,11,1,1,2,456529,367786,31,2,1,5,344,3,60,6,30,6,4,6,0,0,0,1,1,1,0,0,2,1,1,1,1,33,6,3,0,0,0,0,0,9,1,5
3,2,1,0,18,0,0,0,0,0,0,3,1,6,1,49,8,1598,1,8,3,1,2,212610,201940,63,2,1,1,752,3,487,6,50,0,4,6,0,0,0,1,1,1,0,0,2,2,1,1,1,49,8,3,0,0,0,0,0,1,3,5
3,1,9,0,17,0,0,2,0,0,0,1,1,6,2,17,4,1598,1,8,1,1,1,308199,372709,60,1,1,3,723,4,5429,6,30,0,4,6,0,0,0,6,1,1,0,2,2,1,1,1,2,17,4,3,0,0,0,0,0,9,1,5
3,1,9,0,9,0,5,0,0,0,0,3,1,6,2,40,7,1560,2,2,1,1,2,382210,411400,6,2,1,5,101,4,6222,6,30,3,4,6,0,0,0,1,1,1,0,0,1,1,1,1,1,33,6,3,0,0,0,0,0,9,1,5