accident_severity,vehicle_reference,vehicle_type,towing_and_articulation,vehicle_manoeuvre,vehicle_location-restricted_lane,junction_location,skidding_and_overturning,hit_object_in_carriageway,vehicle_leaving_carriageway,hit_object_off_carriageway,1st_point_of_impact,was_vehicle_left_hand_drive?,journey_purpose_of_driver,sex_of_driver,age_of_driver,age_band_of_driver,engine_capacity_(cc),propulsion_code,age_of_vehicle,driver_home_area_type,NUmber_of_Casualities_unique_to_accident_index,No_of_Vehicles_involved_unique_to_accident_index,location_easting_osgr,location_northing_osgr,police_force,number_of_vehicles,number_of_casualties,day_of_week,local_authority_(district),1st_road_class,1st_road_number,road_type,speed_limit,junction_detail,junction_control,2nd_road_class,2nd_road_number,pedestrian_crossing-human_control,pedestrian_crossing-physical_facilities,light_conditions,weather_conditions,road_surface_conditions,special_conditions_at_site,carriageway_hazards,urban_or_rural_area,did_police_officer_attend_scene_of_accident,casualty_reference,casualty_class,sex_of_casualty,age_of_casualty,age_band_of_casualty,casualty_severity,pedestrian_location,pedestrian_movement,car_passenger,bus_or_coach_passenger,pedestrian_road_maintenance_worker,casualty_type,casualty_home_area_type,casualty_imd_decile
3,2,1,0,18,0,0,2,0,0,0,1,1,6,1,16,4,1598,1,8,1,1,2,510148,164883,45,2,1,2,510,5,155,6,30,0,4,6,0,0,0,1,1,1,0,2,1,1,1,1,1,16,4,3,0,0,0,0,0,1,1,6
3,1,9,0,9,0,5,0,0,1,0,4,1,6,2,24,5,1584,1,9,1,1,2,377560,387540,6,2,1,4,112,5,0,6,30,3,4,6,0,0,0,1,2,2,0,0,1,1,1,1,1,33,6,3,0,0,0,0,0,9,1,5
3,1,9,0,5,0,6,0,0,0,0,3,1,6,2,57,9,1364,1,8,1,1,2,435470,336600,30,2,1,3,323,6,0,2,30,3,4,6,0,0,0,1,1,1,0,0,1,1,1,1,1,33,6,3,0,0,0,0,0,9,1,5
3,1,9,0,18,0,6,0,0,3,11,1,1,2,1,34,6,1397,1,6,2,1,1,381678,131805,54,1,1,6,635,5,59,6,30,3,4,6,0,0,0,1,1,2,0,0,2,1,1,1,1,34,6,3,0,0,0,0,0,9,2,9
3,2,9,0,9,0,8,0,0,0,0,1,1,6,1,26,6,1598,1,18,1,2,2,518290,183090,1,2,2,7,27,3,4005,6,30,3,2,6,0,0,5,4,1,1,0,0,1,1,1,1,1,33,6,3,0,0,0,0,0,9,1,5
3,3,9,0,18,0,0,0,0,0,0,2,1,2,2,26,6,1360,1,11,1,1,3,503792,167633,45,3,1,5,514,1,3,3,30,0,4,6,0,0,0,1,1,1,0,0,1,1,1,1,1,33,6,3,0,0,0,0,0,9,1,5
3,2,9,0,2,0,0,0,0,0,0,4,1,6,2,42,7,2488,1,10,1,1,2,384813,157079,54,2,1,1,635,3,361,6,30,0,4,6,0,0,0,4,1,1,0,0,1,1,1,1,1,33,6,3,0,0,0,0,0,9,1,5
3,1,9,0,9,0,8,0,10,7,0,1,1,6,1,35,6,1598,1,15,1,3,2,404790,290240,20,2,3,5,300,6,0,6,30,6,4,6,0,0,0,1,1,1,0,0,1,1,1,1,1,35,6,3,0,0,0,0,0,9,1,2
3,1,9,0,1,0,6,0,0,0,0,3,1,6,2,38,7,3301,1,17,1,1,1,636090,171240,46,1,1,5,541,6,4158,2,30,3,4,6,0,0,0,1,1,1,0,0,1,1,1,3,1,74,10,3,6,9,0,0,0,0,1,1
3,1,9,0,18,0,2,0,0,0,0,1,1,6,1,39,7,1951,2,9,1,3,3,463334,99971,44,3,3,1,498,6,0,6,30,3,2,4,2154,0,0,4,1,2,0,0,1,1,1,1,1,33,6,3,0,0,0,0,0,9,1,5
3,2,9,0,6,0,0,0,0,0,0,2,1,6,2,30,6,1596,1,11,1,2,3,503153,427272,16,3,2,6,231,3,1105,3,30,0,4,6,0,0,0,1,1,1,0,0,1,1,1,1,2,30,6,3,0,0,0,0,0,9,1,4
3,2,9,0,18,0,0,0,0,0,0,2,1,6,1,67,10,2496,1,11,1,1,2,278236,61871,50,2,1,2,584,3,385,6,60,0,4,6,0,0,0,1,5,2,0,0,2,1,1,2,2,98,11,3,0,0,1,0,0,9,1,7
2,3,9,0,18,0,0,1,0,1,9,1,1,6,2,41,7,1598,1,8,1,4,3,515272,360768,32,3,4,3,353,4,1191,6,60,0,4,6,0,0,0,1,1,1,0,0,2,1,4,2,1,10,2,3,0,0,2,0,0,9,1,5
3,1,9,0,3,0,8,0,0,0,0,3,1,6,2,57,9,1598,1,8,1,1,2,538400,188650,1,2,1,3,13,3,104,6,30,3,4,6,0,0,1,4,1,1,0,0,1,2,1,1,2,57,9,3,0,0,0,0,0,9,1,2
3,2,9,0,3,0,0,0,0,0,0,2,1,6,2,62,9,1198,1,1,1,1,2,424445,579220,10,2,1,4,139,3,1068,6,60,0,4,6,0,0,0,1,1,2,4,0,2,1,1,2,2,23,5,3,0,0,1,0,0,9,1,10
3,2,1,0,10,0,2,0,0,0,0,1,1,6,1,69,10,1598,1,8,1,1,2,532813,124699,47,2,1,2,563,6,0,6,30,3,4,6,0,0,0,1,1,1,0,0,1,1,1,1,1,69,10,3,0,0,0,0,0,1,1,10
2,1,9,0,15,0,0,0,7,0,0,1,1,1,1,44,7,2993,2,2,1,1,1,545549,211482,42,1,1,4,457,3,414,6,60,0,4,6,0,0,0,4,1,1,0,0,1,1,1,1,1,44,7,2,0,0,0,0,0,9,1,5
3,1,9,0,3,0,0,0,0,0,0,2,1,6,1,46,8,1598,1,8,1,3,2,329361,131381,52,2,3,6,607,1,5,3,70,0,4,6,0,0,0,1,1,1,0,0,2,2,2,2,2,45,7,3,0,0,1,0,0,9,1,9
3,1,9,0,7,0,5,0,0,0,0,1,1,6,2,28,6,2685,2,12,1,1,2,429074,564517,10,2,1,3,147,6,1122,6,30,3,4,6,1122,0,0,1,2,2,0,0,1,1,1,1,1,33,6,3,0,0,0,0,0,9,1,5
3,2,9,0,18,0,4,0,0,0,0,0,1,6,1,68,10,2497,2,9,1,2,4,325860,663301,95,4,2,5,929,3,701,6,40,1,4,4,7003,0,0,1,2,2,0,0,2,1,1,1,1,33,6,3,0,0,0,0,0,9,1,5
3,2,9,0,9,0,8,0,0,0,0,3,1,6,1,55,8,1956,2,2,1,1,2,529700,163560,1,2,1,4,21,4,272,1,30,2,4,5,0,0,0,1,1,1,0,0,1,1,1,2,1,9,2,3,0,0,1,0,0,9,1,5
3,2,9,0,8,0,1,0,0,0,0,2,1,6,2,48,8,1997,2,6,1,1,2,261535,665001,97,2,1,6,926,4,763,6,30,6,2,6,0,0,0,1,1,1,0,0,1,2,1,1,2,48,8,3,0,0,0,0,0,9,1,5
3,1,8,0,18,0,0,0,0,0,0,1,1,1,1,62,9,1956,2,4,1,1,1,505869,194476,41,1,1,7,436,6,717,2,20,0,4,6,0,0,0,4,1,1,0,0,1,2,1,3,1,34,6,3,5,1,0,0,0,0,1,7
3,1,1,0,18,0,1,0,0,0,0,1,1,1,1,21,5,1598,1,8,1,1,2,382770,397770,6,2,1,2,102,3,6143,3,30,3,2,3,6042,0,5,1,1,1,0,0,1,1,1,1,1,21,5,3,0,0,0,0,0,1,1,2
2,2,9,0,18,0,0,0,0,0,0,1,1,3,2,50,8,1461,2,1,3,4,2,455545,150290,44,2,4,4,490,4,3400,6,50,0,4,6,0,0,0,1,4,2,0,0,2,1,4,2,2,9,2,3,0,0,2,0,0,9,3,9
3,1,9,0,9,0,1,0,0,0,0,4,1,6,1,77,11,1998,1,14,1,1,2,409967,410622,13,2,1,2,203,4,6107,6,30,3,4,6,0,0,0,4,5,2,0,0,2,1,1,1,1,33,6,3,0,0,0,0,0,9,1,5
3,1,9,0,7,6,1,0,0,0,0,1,1,6,1,35,6,1598,1,8,3,3,2,259400,280240,63,2,3,2,750,3,4120,6,30,3,4,6,0,0,0,1,1,1,0,0,1,1,3,2,2,2,1,3,0,0,2,0,0,9,1,5
3,1,1,0,18,0,8,5,0,0,0,1,1,6,1,41,7,1598,1,8,1,1,2,526639,151161,45,2,1,1,513,3,242,1,30,1,4,6,0,0,0,1,1,1,0,0,1,2,1,1,1,41,7,3,0,0,0,0,0,1,1,5
2,1,19,0,18,0,0,1,0,1,4,1,1,1,1,51,8,2287,2,1,1,3,2,469370,200960,43,2,3,7,484,1,40,3,70,0,4,6,0,0,0,1,1,1,0,0,2,1,2,2,1,20,4,2,0,0,0,0,0,19,1,5
3,2,9,0,18,0,3,0,0,0,0,4,1,6,1,36,7,1995,2,8,1,1,2,568070,182892,42,2,1,5,462,3,13,1,60,1,2,3,1014,0,0,1,1,1,0,0,2,1,1,1,1,33,6,3,0,0,0,0,0,9,1,5
2,3,9,0,18,0,0,0,0,0,0,1,1,6,1,31,6,1598,1,15,2,3,3,455738,384897,14,3,3,1,213,5,162,6,60,0,4,6,0,0,0,1,1,1,0,0,2,1,3,2,2,9,2,3,0,0,2,0,0,9,2,7
3,2,9,0,3,0,0,0,0,0,0,2,1,2,1,26,6,1598,1,5,1,2,3,431285,417555,13,3,2,3,206,1,1,3,70,0,4,6,0,0,0,4,2,2,0,0,2,1,2,1,1,26,6,3,0,0,0,0,0,9,1,1
3,1,9,0,13,0,0,0,0,0,0,3,1,1,2,51,8,1598,2,2,3,1,2,540110,297930,35,2,1,2,392,3,141,6,40,0,4,6,0,0,0,1,1,1,0,0,2,2,1,2,2,44,7,3,0,0,2,0,0,9,1,5
3,1,1,0,18,0,8,0,0,0,0,1,1,6,1,27,6,1598,1,8,1,1,2,523890,174770,1,2,1,3,10,3,219,6,30,3,4,6,0,0,0,1,1,1,0,0,1,1,1,1,1,27,6,3,0,0,0,0,0,1,1,6
3,2,9,0,3,0,8,0,0,0,0,2,1,6,1,52,8,1997,2,10,1,1,3,251693,56646,50,3,1,2,583,6,0,1,40,1,2,6,0,0,0,1,1,1,0,0,2,2,1,2,2,42,7,3,0,0,1,0,0,9,1,3
3,1,9,0,18,0,1,0,0,0,0,1,1,6,1,43,7,1910,2,8,1,1,2,391242,342903,21,2,1,4,257,3,5005,9,30,1,4,3,5005,0,0,4,1,1,0,0,1,2,1,1,1,33,6,3,0,0,0,0,0,9,1,5
3,2,9,0,4,0,1,0,0,0,0,3,1,6,1,26,6,2979,1,8,1,1,2,613500,157680,46,2,1,2,531,6,3105,6,30,3,4,6,0,0,8,1,1,1,0,0,1,1,1,1,1,33,6,3,0,0,0,0,0,9,1,5
3,3,9,0,2,0,0,0,0,0,0,1,1,6,3,38,7,1598,1,8,1,1,4,304723,190936,62,4,1,3,744,6,0,6,30,0,4,6,0,0,0,1,5,2,0,0,1,1,1,1,1,33,6,3,0,0,0,0,0,9,1,5
3,3,9,0,3,0,8,0,0,0,0,2,1,6,1,24,5,1242,1,9,1,4,3,513330,184600,1,3,4,4,27,3,312,6,30,3,2,5,0,0,5,1,1,1,0,0,1,1,1,1,1,33,6,3,0,0,0,0,0,9,1,5
3,1,19,0,7,0,2,0,0,0,0,1,1,2,1,63,9,1461,2,4,3,1,2,536080,200116,41,2,1,6,430,3,1010,6,30,1,4,3,1010,0,4,1,1,1,0,0,1,1,1,1,1,33,6,3,0,0,0,0,0,9,1,5
3,3,9,0,3,0,8,0,0,0,0,2,1,6,2,31,6,1598,1,8,2,1,3,419646,565591,10,3,1,6,147,3,1,3,60,5,2,3,69,0,5,1,2,2,0,0,1,1,1,1,1,33,6,3,0,0,0,0,0,9,1,5
3,2,3,0,18,0,8,0,0,0,0,1,1,6,1,36,7,125,1,5,1,1,2,532540,163830,1,2,1,6,20,3,235,6,30,3,4,6,0,0,0,1,1,1,0,0,1,1,1,1,1,36,7,3,0,0,0,0,0,3,1,5
3,2,9,0,18,0,0,0,0,0,0,4,1,6,2,38,7,2987,2,4,1,1,2,532367,341670,32,2,1,6,350,3,16,6,60,0,4,6,0,0,0,1,1,1,0,0,2,2,1,1,1,33,6,3,0,0,0,0,0,9,1,5
3,2,9,0,3,0,0,0,0,0,0,2,1,6,1,49,8,1995,2,1,1,1,2,392356,233200,53,2,1,1,625,3,46,6,30,0,4,6,0,0,0,1,1,1,0,0,2,1,1,1,1,33,6,3,0,0,0,0,0,9,1,5
3,1,11,0,18,0,8,0,0,0,0,0,1,1,1,41,7,6692,2,5,1,2,2,528930,174480,1,2,2,6,9,3,24,6,30,3,4,6,0,0,0,4,1,1,0,0,1,1,2,2,2,91,11,3,0,0,0,4,0,11,1,5
2,1,5,0,16,0,0,1,4,0,0,1,1,6,1,50,8,1043,1,2,3,1,2,468792,411011,14,2,1,3,211,3,18,6,60,0,4,6,0,0,0,1,2,2,0,0,2,1,1,1,1,50,8,2,0,0,0,0,0,5,3,6
2,2,5,0,18,0,4,0,0,0,0,0,1,2,1,57,9,1137,1,17,3,1,2,368761,72915,55,2,1,4,646,3,354,1,30,1,4,6,0,0,0,1,1,1,0,0,2,3,1,1,1,57,9,2,0,0,0,0,0,5,1,5
3,2,9,0,3,0,0,0,0,0,0,2,1,6,1,38,7,1598,1,8,1,2,2,590192,223487,42,2,2,7,455,3,120,6,50,0,4,6,0,0,0,1,1,1,0,0,1,2,1,2,2,33,6,3,0,0,2,0,0,9,1,5
3,2,1,0,18,0,8,0,0,0,0,2,1,1,1,23,5,1598,1,8,1,1,2,423553,302943,21,2,1,6,258,4,5000,1,30,1,4,6,46,0,0,1,1,1,0,0,1,1,1,1,1,23,5,3,0,0,0,0,0,1,1,3
3,1,9,0,18,0,0,0,0,0,0,0,1,6,1,68,10,1598,1,5,1,1,1,588779,185069,42,1,1,7,460,6,0,6,20,0,4,6,0,0,0,1,1,1,0,0,1,1,1,3,2,45,7,3,10,1,0,0,0,0,1,5
3,2,19,4,18,0,1,1,0,0,0,3,1,1,1,49,8,2987,2,5,1,2,3,493028,211402,41,3,2,2,431,4,4635,6,30,2,4,6,0,0,0,1,1,2,0,0,1,1,1,1,1,33,6,3,0,0,0,0,0,9,1,5
3,3,9,0,18,0,2,0,0,0,0,0,1,1,1,51,8,1753,2,6,1,2,3,545447,102009,47,3,2,7,554,4,2109,6,30,3,4,6,0,0,8,1,1,1,0,0,1,1,1,1,1,33,6,3,0,0,0,0,0,9,1,5
3,1,98,4,4,0,1,0,0,0,0,1,1,6,3,38,7,1998,2,13,1,1,2,568914,207506,42,2,1,2,454,3,1060,6,30,3,2,6,0,0,0,7,2,2,0,0,1,2,1,1,1,33,6,3,0,0,0,0,0,9,1,5
3,1,9,0,18,0,8,0,0,0,0,1,1,6,1,57,9,1968,2,7,1,3,2,429008,433567,13,2,3,1,204,6,0,3,30,3,2,3,58,0,0,1,1,1,0,0,1,1,2,2,2,49,8,3,0,0,1,0,0,9,1,5
3,2,1,0,9,0,8,0,0,0,0,4,1,2,1,41,7,1598,1,8,1,1,2,423724,420844,13,2,1,3,203,4,6117,1,30,1,4,6,0,0,0,1,2,2,0,0,1,1,1,1,1,41,7,3,0,0,0,0,0,1,1,8
3,1,19,0,18,0,3,0,0,0,0,3,1,6,3,38,7,1598,1,8,1,1,1,324267,180763,62,1,1,4,741,6,0,1,30,1,4,6,0,0,8,1,1,1,0,0,2,1,1,3,2,24,5,3,5,3,0,0,0,0,1,5
3,1,9,0,18,0,2,0,0,0,0,1,1,1,2,24,5,1229,1,7,1,1,2,434867,386763,14,2,1,5,215,6,0,2,30,6,4,6,0,0,0,4,9,1,5,0,1,2,1,1,1,33,6,3,0,0,0,0,0,9,1,5
2,3,11,0,7,0,8,0,0,0,0,1,1,1,1,40,7,1598,1,8,1,1,3,527503,135194,47,3,1,2,560,6,0,1,20,2,4,6,0,0,4,4,1,2,0,0,1,1,1,1,1,33,6,3,0,0,0,0,0,9,1,5
3,2,9,0,3,0,1,0,0,0,0,2,1,6,1,62,9,2993,2,1,3,2,3,578170,156800,46,3,2,4,536,6,365,6,40,1,4,6,0,0,0,1,1,1,0,0,2,1,1,1,1,33,6,3,0,0,0,0,0,9,1,5
3,2,9,0,9,0,6,0,0,0,0,1,1,3,2,39,7,1248,2,9,1,1,3,411410,292450,20,3,1,2,300,3,5127,6,30,3,4,6,0,0,0,1,1,2,0,0,1,1,1,1,1,33,6,3,0,0,0,0,0,9,1,5
3,1,9,0,18,0,1,0,0,0,0,1,1,6,2,41,7,1598,1,8,1,1,2,462045,308928,33,2,1,3,362,6,3111,6,30,3,4,6,3174,0,0,1,1,1,0,0,1,2,1,1,1,33,6,3,0,0,0,0,0,9,1,5
3,3,9,0,18,0,0,0,0,0,0,1,1,6,2,49,8,1997,2,5,3,2,3,518665,200954,41,3,2,3,33,4,5378,6,40,0,4,6,0,0,0,1,1,1,0,0,2,1,2,1,2,49,8,3,0,0,0,0,0,9,3,6
3,2,9,0,18,0,8,0,0,0,0,1,1,6,2,52,8,1598,1,8,1,2,2,281165,682866,96,2,2,3,924,3,883,6,30,8,4,6,0,0,0,1,1,1,0,0,1,1,2,1,2,52,8,3,0,0,0,0,0,9,1,5
3,1,9,0,5,0,0,0,0,0,0,2,1,6,2,50,8,998,1,2,1,1,2,297449,145368,52,2,1,1,609,6,0,6,30,0,4,6,0,0,0,4,1,2,0,0,1,1,1,1,2,50,8,3,0,0,0,0,0,9,1,5
2,1,5,0,18,0,0,0,0,0,0,1,1,6,1,58,9,749,1,15,1,1,2,409956,93448,55,2,1,6,640,6,0,6,30,0,4,6,0,0,0,1,1,1,0,0,1,1,1,1,1,58,9,2,0,0,0,0,0,5,1,5
3,1,9,0,9,0,8,0,0,0,0,3,1,6,1,36,7,2143,2,8,1,2,2,523870,177080,1,2,2,7,11,3,219,6,30,3,4,6,0,0,0,1,1,1,0,0,1,1,1,1,1,33,6,3,0,0,0,0,0,9,1,5
3,1,8,0,2,0,0,0,0,0,0,3,1,1,1,45,7,1598,1,8,1,1,2,544990,258590,35,2,1,5,390,6,0,2,30,0,4,6,0,0,0,1,4,2,0,0,1,2,1,1,1,33,6,3,0,0,0,0,0,9,1,5
3,1,9,0,5,0,1,0,0,0,0,1,1,3,1,32,6,1598,1,5,1,1,2,402820,297980,20,2,1,6,307,6,0,6,30,3,4,6,0,0,0,1,1,1,0,0,1,1,1,1,1,33,6,3,0,0,0,0,0,9,1,5
3,2,9,0,9,0,8,0,0,0,0,1,1,2,2,27,6,998,1,9,1,1,2,527320,168270,1,2,1,6,22,3,217,6,30,8,4,6,0,0,0,1,1,1,0,0,1,1,1,1,2,27,6,3,0,0,0,0,0,9,1,6
3,1,9,0,9,0,8,0,0,0,0,4,1,6,1,25,5,998,1,7,1,1,2,465192,98969,44,2,1,7,498,4,2154,6,30,3,4,4,2155,0,0,1,1,1,0,0,1,1,1,1,1,33,6,3,0,0,0,0,0,9,1,5
3,2,9,0,3,0,1,0,0,0,0,2,1,6,1,53,8,1598,2,4,1,3,5,271482,658476,97,5,3,4,932,1,74,3,50,5,4,3,725,0,0,5,1,2,4,0,2,1,1,1,1,33,6,3,0,0,0,0,0,9,1,5
3,1,5,0,16,0,8,0,0,0,0,1,1,6,1,38,7,499,1,15,1,1,2,524760,178140,1,2,1,2,11,4,317,6,30,3,4,6,0,0,0,4,1,1,0,0,1,1,1,1,1,33,6,3,0,0,0,0,0,9,1,5
3,1,9,0,18,0,0,0,0,0,0,1,1,1,1,29,6,1600,2,3,1,1,2,386670,249110,22,2,1,3,273,1,5,3,70,0,4,6,0,0,0,1,1,1,0,0,2,1,1,1,1,33,6,3,0,0,0,0,0,9,1,5
3,1,9,0,12,0,0,0,0,0,0,1,1,2,2,32,6,1999,1,8,1,2,3,460158,90977,44,3,2,5,505,6,0,6,40,0,4,6,0,0,0,1,1,1,0,0,1,1,1,1,1,33,6,3,0,0,0,0,0,9,1,5
2,1,9,0,18,0,0,0,0,0,0,1,1,6,2,54,8,1349,1,1,1,1,1,414457,417995,13,1,1,1,203,6,0,6,30,0,4,6,0,0,0,1,1,1,0,0,1,1,1,3,1,7,2,2,5,1,0,0,0,0,1,1
3,2,9,0,3,0,0,0,0,0,0,2,1,6,2,23,5,1596,1,5,2,4,2,389288,300961,20,2,4,2,309,6,0,6,30,0,4,6,0,0,0,1,1,1,0,0,1,2,4,2,2,42,7,3,0,0,2,0,0,9,1,4
3,1,19,0,11,0,1,0,0,0,0,0,1,6,3,38,7,1598,1,8,1,1,2,504840,276120,35,2,1,6,393,3,14,3,70,9,4,6,0,0,0,1,1,1,0,0,2,1,1,1,1,33,6,3,0,0,0,0,0,9,1,5
3,1,9,0,7,6,8,0,0,0,0,1,1,6,2,52,8,998,1,8,1,1,2,361577,173513,52,2,1,6,601,3,420,6,20,3,4,6,0,0,0,4,2,2,0,0,1,1,1,1,2,52,8,3,0,0,0,0,0,9,1,3
3,1,9,0,18,7,0,0,0,0,0,1,1,6,2,17,4,1242,1,8,1,1,2,373110,285650,22,2,1,7,286,4,4555,6,60,0,4,6,0,0,0,6,1,1,0,0,2,1,1,2,2,17,4,3,0,0,1,0,0,9,1,5
3,2,9,0,3,0,8,0,0,0,0,2,1,6,1,49,8,1242,1,1,1,1,2,496214,100520,47,2,1,4,558,3,259,6,30,3,4,6,0,0,0,1,1,1,0,0,1,1,1,1,1,33,6,3,0,0,0,0,0,9,1,5
3,2,9,0,5,0,8,0,0,0,0,1,1,6,1,46,8,2143,2,8,1,1,2,564490,174140,46,2,1,2,535,3,226,6,30,6,2,6,0,0,4,4,1,1,0,0,1,1,1,1,1,33,6,3,0,0,0,0,0,9,1,5
3,3,21,0,3,0,0,0,0,0,0,0,1,1,1,63,9,12777,2,5,1,3,3,408148,180163,54,3,3,2,635,5,415,6,60,0,4,6,0,0,0,1,1,2,0,0,2,1,1,1,1,33,6,3,0,0,0,0,0,9,1,5
3,1,9,0,4,0,0,0,0,0,0,1,1,6,1,18,4,1329,1,8,1,2,2,419683,257490,23,2,2,7,293,3,46,6,60,0,4,6,0,0,0,1,1,1,0,0,2,1,2,2,2,17,4,3,0,0,1,0,0,9,1,5
3,1,9,0,18,0,8,0,0,0,0,1,1,6,2,39,7,1998,1,10,1,2,2,405730,287670,20,2,2,3,300,6,0,6,30,6,4,6,0,0,0,1,1,1,0,0,1,1,1,1,1,33,6,3,0,0,0,0,0,9,1,5
3,1,2,0,14,0,0,0,4,0,0,1,1,4,1,16,4,49,1,11,1,1,2,400000,293860,20,2,1,5,305,6,0,6,30,0,4,6,0,0,0,1,1,1,0,0,1,1,1,1,1,16,4,3,0,0,0,0,0,2,1,5
2,1,21,0,17,0,0,0,0,0,0,1,1,1,1,46,8,1598,1,8,1,3,2,513612,414495,16,2,3,1,233,3,160,7,70,0,4,6,0,0,0,1,1,1,0,0,2,1,1,1,1,46,8,3,0,0,0,0,0,21,1,5
2,1,9,0,4,0,0,0,0,0,0,1,1,6,1,20,4,1398,1,3,1,1,2,417610,278760,20,2,1,1,306,1,42,3,70,0,4,6,0,0,0,4,4,1,0,0,2,1,1,2,2,43,7,2,0,0,2,0,0,9,1,2
3,1,9,0,18,0,1,1,0,3,1,1,1,6,1,75,10,1596,1,5,1,1,1,472181,423769,16,1,1,3,231,1,62,1,40,1,4,3,614,0,0,1,1,1,0,0,2,1,1,2,2,69,10,3,0,0,1,0,0,9,1,5
3,2,1,0,5,0,1,0,0,0,0,4,1,2,1,47,8,1598,1,8,1,1,2,322430,178607,62,2,1,5,741,4,4239,6,30,3,4,6,0,0,0,4,2,2,0,0,1,1,2,1,1,47,8,3,0,0,0,0,0,1,1,5
3,1,9,0,18,0,0,0,0,0,0,4,1,2,1,21,5,1229,1,8,1,1,2,431869,566994,10,2,1,7,148,4,1315,6,30,0,4,6,0,0,4,1,1,1,0,0,1,1,1,1,1,33,6,3,0,0,0,0,0,9,1,5
1,1,9,0,18,0,0,2,0,1,11,1,1,6,1,18,4,2000,1,13,1,3,1,439399,544308,11,1,3,1,169,3,182,6,60,0,4,6,0,0,0,6,1,1,0,0,2,1,1,1,1,18,4,3,0,0,0,0,0,9,1,1
3,2,9,0,18,0,0,0,4,0,0,1,1,6,2,61,9,1497,8,9,1,1,2,550550,189920,1,2,1,2,15,4,174,6,30,0,4,6,0,0,0,1,1,1,0,0,1,1,1,1,2,61,9,3,0,0,0,0,0,9,1,5
3,1,9,0,18,0,0,0,0,0,0,1,1,6,2,30,6,1995,2,7,3,1,2,347704,170904,52,2,1,2,605,6,0,6,30,0,4,6,0,0,4,1,1,1,0,0,1,1,1,1,1,33,6,3,0,0,0,0,0,9,1,5
3,2,3,0,18,0,8,0,0,0,0,3,1,6,1,66,10,124,1,6,1,1,2,539520,246690,35,2,1,6,395,3,10,6,60,3,4,3,10,0,0,1,1,2,0,0,2,1,1,1,1,66,10,3,0,0,0,0,0,3,1,8
3,1,5,0,18,0,0,1,0,0,0,3,1,2,1,47,8,599,1,18,1,1,1,246531,665293,97,1,1,5,935,3,737,3,50,0,4,6,0,0,0,1,1,1,0,0,2,1,1,1,1,47,8,3,0,0,0,0,0,5,1,5
3,1,3,0,17,0,8,0,0,0,0,4,1,6,1,25,5,108,1,1,1,1,2,524950,174600,1,2,1,7,10,3,3,6,30,3,2,3,205,0,5,1,1,1,0,0,1,2,1,1,1,25,5,3,0,0,0,0,0,3,1,3
3,2,1,0,18,0,8,0,0,0,0,1,1,4,1,15,3,1598,1,8,1,1,2,618579,244010,37,2,1,5,412,6,0,6,30,3,4,6,0,0,0,1,1,1,0,0,1,1,1,1,1,15,3,3,0,0,0,0,0,1,1,6
3,1,10,0,4,0,0,0,0,0,0,1,1,1,1,38,7,1598,1,8,1,6,2,399880,296530,20,2,6,4,307,1,6,3,70,0,4,6,0,0,0,1,1,1,0,0,2,2,5,2,2,33,6,3,0,0,2,0,0,10,1,5
3,1,8,0,18,0,0,0,0,0,0,1,1,1,1,53,8,1598,2,4,1,1,2,287853,692545,96,2,1,1,915,6,0,6,30,0,4,6,0,0,0,4,5,2,0,0,1,1,1,1,1,53,8,3,0,0,0,0,0,8,1,5
3,2,9,0,3,0,1,0,0,0,0,2,1,6,2,23,5,1242,1,10,1,2,2,554660,191180,1,2,2,7,15,3,12,3,40,6,2,5,0,0,5,4,1,1,0,0,1,1,1,1,2,23,5,3,0,0,0,0,0,9,1,5
3,2,9,0,4,0,0,0,0,0,0,2,1,2,1,28,6,1598,1,8,1,1,2,516571,202772,41,2,1,5,434,1,25,3,70,0,4,6,0,0,0,1,1,1,0,0,2,1,1,1,1,28,6,3,0,0,0,0,0,9,1,6
3,1,9,0,9,0,2,0,0,0,0,1,1,6,2,30,6,1796,7,10,1,1,1,460604,303541,33,1,1,5,364,6,644,6,30,6,4,6,635,0,0,1,1,1,0,0,1,1,1,3,2,79,11,3,5,3,0,0,0,0,1,4
3,2,9,0,18,0,0,0,0,0,0,2,1,6,1,68,10,1796,1,13,1,1,3,391090,343014,21,3,1,6,257,3,50,3,30,0,4,6,0,0,0,4,1,1,0,0,1,1,1,1,1,68,10,3,0,0,0,0,0,9,1,7
3,1,9,0,18,0,1,0,0,0,0,1,1,6,1,27,6,1396,1,10,1,1,1,528300,166600,1,1,1,4,21,6,0,6,30,3,4,3,237,0,0,1,1,1,0,0,1,1,1,3,1,7,2,3,5,1,0,0,2,0,1,2
2,1,98,0,18,0,1,0,0,7,0,1,1,6,1,52,8,1560,2,2,1,1,1,437059,277127,20,1,1,2,302,6,0,6,30,3,4,6,0,0,0,4,5,2,0,0,1,2,1,1,1,52,8,2,0,0,0,0,0,98,1,2
3,2,9,0,18,0,1,0,0,0,0,2,1,6,2,32,6,1598,1,9,1,1,2,452127,410415,14,2,1,6,211,3,1,3,70,3,4,6,0,0,0,1,1,1,0,0,1,1,1,1,1,33,6,3,0,0,0,0,0,9,1,5
3,1,9,0,9,0,8,0,0,0,0,1,1,6,1,67,10,1599,1,10,1,1,2,523829,407557,16,2,1,5,233,3,46,3,30,3,4,6,0,0,0,4,1,1,0,0,1,1,1,2,2,58,9,3,0,0,1,0,0,9,1,7