accident_severity,vehicle_reference,vehicle_type,towing_and_articulation,vehicle_manoeuvre,vehicle_location-restricted_lane,junction_location,skidding_and_overturning,hit_object_in_carriageway,vehicle_leaving_carriageway,hit_object_off_carriageway,1st_point_of_impact,was_vehicle_left_hand_drive?,journey_purpose_of_driver,sex_of_driver,age_of_driver,age_band_of_driver,engine_capacity_(cc),propulsion_code,age_of_vehicle,driver_home_area_type,NUmber_of_Casualities_unique_to_accident_index,No_of_Vehicles_involved_unique_to_accident_index,location_easting_osgr,location_northing_osgr,police_force,number_of_vehicles,number_of_casualties,day_of_week,local_authority_(district),1st_road_class,1st_road_number,road_type,speed_limit,junction_detail,junction_control,2nd_road_class,2nd_road_number,pedestrian_crossing-human_control,pedestrian_crossing-physical_facilities,light_conditions,weather_conditions,road_surface_conditions,special_conditions_at_site,carriageway_hazards,urban_or_rural_area,did_police_officer_attend_scene_of_accident,casualty_reference,casualty_class,sex_of_casualty,age_of_casualty,age_band_of_casualty,casualty_severity,pedestrian_location,pedestrian_movement,car_passenger,bus_or_coach_passenger,pedestrian_road_maintenance_worker,casualty_type,casualty_home_area_type,casualty_imd_decile
3,1,9,0,5,0,0,0,0,0,0,4,1,2,1,64,9,2198,2,7,1,1,1,178887,34796,50,1,1,3,596,6,0,6,30,0,4,6,0,0,0,1,1,1,0,0,1,2,1,3,1,60,9,3,5,9,0,0,0,0,1,5
3,1,19,0,7,0,1,0,0,0,0,4,1,1,1,32,6,2143,2,3,1,1,2,529730,180530,1,2,1,5,1,3,4,6,30,3,4,6,0,0,5,1,1,1,4,0,1,1,1,1,1,33,6,3,0,0,0,0,0,9,1,5
3,2,9,0,3,0,1,0,0,0,0,2,1,6,1,41,7,1910,2,9,2,2,3,361490,478250,3,3,2,2,65,6,0,6,40,3,4,6,0,0,0,1,1,1,0,0,2,1,1,2,2,32,6,3,0,0,1,0,0,9,2,6
3,1,9,0,9,0,8,0,0,0,0,1,1,6,2,62,9,1685,2,4,1,1,1,526020,163790,1,1,1,2,21,6,0,6,30,3,4,4,2230,0,0,1,1,1,0,0,1,1,1,3,2,80,11,3,5,1,0,0,2,0,1,5
3,2,9,0,17,0,1,0,0,0,0,1,1,6,1,30,6,1598,1,8,1,1,2,486076,193441,43,2,1,4,480,6,3150,6,30,8,4,6,3150,0,0,4,2,2,0,0,1,1,1,1,1,30,6,3,0,0,0,0,0,9,1,5
2,1,9,0,7,0,5,0,0,0,0,4,1,1,1,29,6,1598,2,1,1,1,2,450153,211683,43,2,1,6,481,3,4165,6,40,3,2,6,0,0,0,4,1,2,0,0,2,1,1,1,1,33,6,3,0,0,0,0,0,9,1,5
3,1,9,0,7,0,8,0,0,7,10,2,1,6,2,27,6,1590,1,12,1,2,2,520230,183190,1,2,2,5,28,6,0,1,30,2,4,6,0,0,8,1,1,1,0,0,1,1,2,2,1,38,7,3,0,0,1,0,0,9,1,4
2,2,19,0,4,0,0,0,0,0,0,1,1,2,1,31,6,2499,2,11,2,1,2,388666,105707,55,2,1,4,642,5,31,6,30,0,4,6,0,0,0,1,1,2,0,0,1,1,1,1,1,31,6,2,0,0,0,0,0,19,2,6
3,1,3,0,18,0,0,1,0,0,0,3,1,6,1,47,8,125,1,8,3,1,1,303346,672684,95,1,1,4,940,6,0,6,60,0,4,6,0,0,0,6,1,1,0,0,2,1,1,1,1,47,8,3,0,0,0,0,0,3,3,5
3,1,3,0,13,0,2,0,0,0,0,1,1,6,1,30,6,124,1,5,1,1,1,529040,181120,1,1,1,7,1,3,4201,3,30,3,4,6,0,0,5,1,1,1,0,0,1,1,1,3,2,40,7,3,4,2,0,0,2,0,1,5
3,2,1,0,18,0,0,5,0,0,0,1,1,6,1,43,7,1598,1,8,2,1,2,403090,437274,13,2,1,4,200,4,6142,6,20,0,4,6,0,0,0,1,1,1,0,0,1,2,1,1,1,43,7,3,0,0,0,0,0,1,2,6
3,2,9,0,5,0,1,0,0,0,0,1,1,6,1,38,7,1995,2,11,1,1,2,507770,182400,1,2,1,4,26,3,4020,3,30,3,2,5,0,0,0,1,1,1,0,0,1,2,1,1,1,33,6,3,0,0,0,0,0,9,1,5
3,1,9,0,18,0,0,0,0,0,0,1,1,2,2,56,9,1596,1,9,1,1,2,434980,335820,30,2,1,2,323,3,601,3,40,0,4,6,0,0,4,1,1,1,0,0,1,1,1,1,1,33,6,3,0,0,0,0,0,9,1,5
2,1,9,0,9,0,5,0,0,0,0,1,1,6,2,70,10,2902,2,8,3,1,2,445433,289817,33,2,1,6,361,3,5,6,60,3,4,4,4114,0,0,1,1,1,0,0,2,1,1,1,2,70,10,2,0,0,0,0,0,9,3,5
3,1,9,0,16,0,0,0,0,0,0,3,1,2,1,38,7,1870,2,11,1,1,2,327749,666158,95,2,1,6,929,6,0,6,30,0,4,6,0,0,0,1,1,1,0,0,2,1,1,1,1,38,7,3,0,0,0,0,0,9,1,5
3,1,21,1,13,0,0,0,0,0,0,1,1,1,1,47,8,12777,2,2,1,2,2,421840,331650,30,2,2,2,328,3,50,3,70,0,4,6,0,0,0,6,1,1,0,0,2,1,1,1,1,47,8,3,0,0,0,0,0,21,3,4
3,2,9,0,4,0,1,0,0,0,0,2,1,6,1,52,8,1998,1,14,1,3,2,336390,390472,5,2,3,3,91,3,5047,3,30,3,2,4,5178,0,5,1,1,1,0,0,1,1,3,2,2,40,7,3,0,0,1,0,0,9,1,1
3,1,9,0,18,0,0,0,0,0,0,1,1,6,1,82,11,1497,8,10,3,1,2,522240,272770,35,2,1,7,393,3,14,7,70,0,4,6,0,0,0,1,1,1,0,0,2,1,1,1,1,33,6,3,0,0,0,0,0,9,1,5
3,2,9,0,18,0,0,1,0,8,0,2,1,6,1,36,7,1769,1,10,1,1,2,407491,292115,20,2,1,2,300,1,6,3,70,0,4,6,0,0,0,4,5,2,0,0,1,1,1,1,1,36,7,3,0,0,0,0,0,9,1,5
3,2,9,0,7,0,5,0,0,0,0,2,1,2,1,50,8,1598,2,4,2,1,2,455226,400724,14,2,1,2,211,3,630,3,40,3,4,6,0,0,0,1,1,1,0,0,1,1,1,1,1,50,8,3,0,0,0,0,0,9,2,9
3,1,9,0,18,0,0,0,4,0,6,1,1,6,1,54,8,1999,1,7,1,2,2,520090,296250,35,2,2,5,394,3,1139,3,70,0,4,6,0,0,0,1,1,1,0,0,2,1,3,2,2,25,5,3,0,0,1,0,0,9,1,1
2,2,1,0,18,0,0,0,0,0,0,1,1,6,2,45,7,1598,1,8,1,1,2,535476,215553,41,2,1,7,432,3,1170,6,40,0,4,6,0,0,0,1,1,1,4,0,1,1,1,1,2,45,7,2,0,0,0,0,0,1,1,10
3,2,9,0,18,0,1,5,0,4,6,1,1,6,2,41,7,1587,1,14,1,4,2,506495,172791,45,2,4,4,40,3,30,3,40,3,4,5,239,0,0,1,1,1,0,0,1,1,3,2,1,35,6,3,0,0,1,0,0,9,1,5
3,2,90,0,7,0,5,0,0,0,0,4,1,1,1,39,7,1598,1,8,1,6,2,354390,429510,4,2,6,1,79,6,0,2,30,3,4,6,0,0,0,4,1,2,0,0,1,1,5,2,2,0,1,3,0,0,2,0,0,90,1,2
3,3,9,0,3,0,0,0,0,0,0,2,1,1,1,35,6,1598,1,8,1,2,3,576153,108098,47,3,2,5,555,3,259,6,30,0,4,6,0,0,1,1,2,2,0,0,2,1,1,1,1,33,6,3,0,0,0,0,0,9,1,5
2,3,9,0,18,0,0,0,0,0,0,0,1,1,1,38,7,2993,2,2,1,4,3,402970,288660,20,3,4,5,305,3,457,3,40,0,4,6,0,0,0,1,1,1,0,0,1,1,1,1,1,33,6,3,0,0,0,0,0,9,1,5
3,2,9,0,18,0,0,0,0,0,0,1,1,6,2,36,7,1896,2,9,1,2,2,430470,277110,20,2,2,6,302,6,0,6,30,0,4,6,0,0,0,1,9,1,0,0,1,2,2,2,2,56,9,3,0,0,1,0,0,9,1,5
3,1,9,0,18,0,8,0,0,0,0,4,1,6,2,32,6,1339,1,8,1,2,3,494363,166073,43,3,2,4,474,3,30,6,40,6,4,3,330,0,0,1,1,1,0,0,1,1,1,1,1,33,6,3,0,0,0,0,0,9,1,5
3,1,19,0,3,0,0,0,0,0,0,2,1,6,1,46,8,2287,2,1,1,1,2,525060,179290,1,2,1,4,12,3,315,6,30,0,4,6,0,0,5,1,1,1,0,0,1,1,1,1,1,33,6,3,0,0,0,0,0,9,1,5
3,1,11,0,18,0,0,0,0,0,0,4,1,6,3,38,7,2464,2,7,1,2,1,332038,381345,5,1,2,6,95,6,0,6,60,0,4,6,0,0,0,1,1,1,0,0,2,2,1,3,1,21,5,3,6,7,0,0,0,0,1,10
3,3,9,0,18,0,1,0,0,0,0,4,1,6,2,29,6,1968,2,1,1,3,3,390602,352861,21,3,3,2,256,4,5051,6,30,3,4,6,0,0,0,1,5,2,0,0,1,1,2,1,2,29,6,3,0,0,0,0,0,9,1,7
3,1,9,0,17,0,0,1,0,7,3,4,1,6,1,38,7,1242,1,10,1,3,1,616998,217764,42,1,3,6,461,4,1441,6,40,0,4,6,0,0,0,4,2,2,0,0,2,1,4,2,1,18,4,3,0,0,2,0,0,9,1,5
3,1,9,0,3,9,2,0,0,0,0,1,1,6,2,63,9,1584,1,13,1,2,2,355180,429690,4,2,2,5,79,6,0,6,30,9,4,6,0,0,0,4,2,2,0,0,1,1,2,2,2,36,7,3,0,0,1,0,0,9,1,1
3,1,9,0,18,0,0,0,0,0,0,1,1,6,1,72,10,1598,1,8,1,1,3,390548,333672,21,3,1,6,255,4,5027,6,30,0,4,6,0,0,0,1,1,1,0,0,1,1,1,1,1,72,10,3,0,0,0,0,0,9,1,6
3,3,9,0,18,0,8,0,0,0,0,0,1,6,3,38,7,1598,1,8,1,1,3,403440,281350,20,3,1,6,300,6,0,6,30,3,4,3,38,0,0,1,1,1,0,0,1,2,1,1,1,33,6,3,0,0,0,0,0,9,1,5
3,1,9,0,9,0,6,0,0,0,0,1,1,1,1,55,8,1598,1,8,1,1,1,391929,804602,92,1,1,6,910,6,0,6,20,3,4,6,0,0,0,1,1,1,0,0,1,1,1,3,1,76,11,3,5,1,0,0,0,0,1,5
3,1,9,0,18,0,0,0,0,4,6,1,1,2,1,46,8,2987,2,5,1,3,1,430176,411263,14,1,3,2,210,1,1,3,70,0,4,6,0,0,0,6,5,2,0,0,2,1,3,2,2,36,7,3,0,0,2,0,0,9,1,1
3,2,9,0,5,0,1,0,0,0,0,1,1,6,1,38,7,1968,2,8,1,1,2,507520,182590,1,2,1,6,26,3,4020,3,40,3,4,6,0,0,0,4,1,1,0,0,1,2,1,1,1,33,6,3,0,0,0,0,0,9,1,5
3,2,3,0,18,0,1,0,0,0,0,1,1,6,1,16,4,1598,1,8,1,1,4,360265,175672,52,4,1,5,601,4,4469,6,30,3,4,6,0,0,0,1,2,2,0,0,1,1,1,1,1,16,4,3,0,0,0,0,0,3,1,8
3,3,11,0,2,0,1,0,0,0,0,3,1,1,1,47,8,5900,2,8,1,4,3,334703,400086,5,3,4,3,93,4,5422,6,30,3,4,5,0,0,8,4,1,1,0,0,1,1,3,2,1,27,6,3,0,0,0,2,0,11,1,1
3,2,9,0,18,0,8,0,0,0,0,1,1,6,2,35,6,1598,1,8,1,1,2,533005,212658,41,2,1,5,432,3,414,1,40,1,4,3,414,0,7,4,1,1,0,0,1,1,1,1,1,33,6,3,0,0,0,0,0,9,1,5
3,1,9,0,18,0,4,1,9,3,1,1,1,6,1,48,8,1948,1,14,3,1,1,454865,204033,43,1,1,2,482,4,480,1,30,1,4,6,0,0,0,4,1,1,0,0,1,1,1,1,1,48,8,3,0,0,0,0,0,9,3,7
3,3,9,0,9,0,5,0,0,0,0,2,1,2,2,39,7,1968,2,6,2,2,3,409952,139131,54,3,2,5,635,3,360,6,60,3,4,6,0,0,0,1,1,1,0,0,2,1,1,1,1,33,6,3,0,0,0,0,0,9,1,5
3,2,9,0,7,0,1,0,0,0,0,1,1,6,1,38,7,1956,2,1,1,1,2,532270,166490,1,2,1,4,20,5,0,6,30,3,4,6,0,0,0,1,1,1,0,0,1,1,1,1,1,33,6,3,0,0,0,0,0,9,1,5
3,1,5,0,18,0,0,0,0,0,0,1,1,6,1,26,6,1598,1,8,1,2,1,529990,184700,1,1,2,6,3,3,5200,2,30,0,4,6,0,0,0,4,1,1,0,0,1,1,2,3,1,19,4,3,5,1,0,0,2,0,1,2
2,2,9,0,18,0,8,0,0,0,0,1,1,6,1,44,7,1598,1,13,1,1,2,366910,399640,6,2,1,4,114,3,572,6,30,3,4,6,0,0,0,1,1,1,0,0,1,2,1,1,1,44,7,2,0,0,0,0,0,9,1,2
3,2,19,0,16,0,0,0,0,0,0,1,1,6,1,27,6,1560,2,2,3,1,2,241035,60760,50,2,1,6,596,6,0,6,30,0,4,6,0,0,0,1,1,1,0,0,2,2,1,1,1,33,6,3,0,0,0,0,0,9,1,5
3,1,9,0,9,0,5,0,0,0,0,4,1,6,1,17,4,1598,1,8,3,2,2,193360,235900,63,2,2,2,752,3,487,6,60,3,4,3,4219,0,0,1,2,2,0,0,2,1,1,1,1,33,6,3,0,0,0,0,0,9,1,5
3,2,1,0,18,0,3,0,0,0,0,2,1,6,1,37,7,1598,1,8,1,1,2,588281,187016,42,2,1,3,460,6,0,1,30,1,4,6,0,0,0,1,1,1,0,0,1,2,1,1,1,37,7,3,0,0,0,0,0,1,1,5
3,1,9,0,18,0,8,0,0,0,0,1,1,6,1,18,4,1753,2,8,1,2,2,533790,168690,1,2,2,2,20,3,215,6,30,3,4,6,0,0,0,4,2,2,0,0,1,1,1,1,1,33,6,3,0,0,0,0,0,9,1,5
3,1,9,0,18,0,0,1,0,0,0,3,1,6,1,37,7,1598,1,3,1,1,2,581641,166745,46,2,1,3,544,6,0,6,30,0,4,6,0,0,0,1,1,1,0,0,1,1,1,1,1,37,7,3,0,0,0,0,0,9,1,7
3,1,9,0,5,0,6,0,0,0,0,1,1,3,2,17,4,1368,1,8,3,1,2,637735,309888,36,2,1,4,401,3,47,3,70,3,4,4,1140,0,0,1,1,1,0,0,2,1,1,1,2,17,4,3,0,0,0,0,0,9,3,6
3,2,9,0,18,0,0,2,0,1,0,4,1,6,1,67,10,1598,1,8,1,2,2,381039,179883,54,2,2,4,635,1,4,3,70,0,4,6,0,0,0,1,1,1,0,0,2,1,2,2,2,74,10,3,0,0,1,0,0,9,1,10
3,1,9,0,7,0,6,0,0,0,0,0,1,6,3,38,7,1598,1,8,1,1,4,634310,170390,46,4,1,6,541,3,28,6,30,3,4,6,0,0,8,1,1,1,0,0,1,1,1,1,1,33,6,3,0,0,0,0,0,9,1,5
3,2,1,0,13,0,0,0,8,0,0,1,1,1,1,26,6,1598,1,8,1,1,2,397710,296870,20,2,1,7,307,6,0,6,30,0,4,6,0,0,0,1,1,1,0,0,1,1,1,1,1,26,6,3,0,0,0,0,0,1,1,2
2,1,9,0,14,0,0,0,0,0,0,1,1,6,1,29,6,1896,2,11,1,1,1,509799,434328,16,1,1,6,228,6,0,6,30,0,4,6,0,0,0,4,1,1,0,0,1,1,1,3,2,18,4,2,5,2,0,0,0,0,1,1
3,1,9,0,8,0,8,0,0,0,0,4,1,6,1,35,6,1396,2,2,1,1,2,530100,189240,1,2,1,6,31,6,0,6,20,3,4,3,504,0,4,1,1,1,0,0,1,2,1,1,1,33,6,3,0,0,0,0,0,9,1,5
2,3,5,0,13,0,0,0,0,0,0,0,1,6,3,38,7,1598,1,8,1,2,4,302620,319220,63,4,2,1,753,4,4393,6,60,0,4,6,0,0,0,1,1,1,0,0,2,1,1,1,1,33,6,3,0,0,0,0,0,9,1,5
2,1,9,0,17,0,0,0,0,7,10,1,1,6,1,84,11,1598,1,8,2,3,1,385750,244260,22,1,3,4,273,3,38,6,30,0,4,6,0,0,0,1,1,1,0,0,2,1,1,1,1,84,11,3,0,0,0,0,0,9,2,7
3,1,18,0,18,1,2,0,0,0,0,1,1,1,1,32,6,1598,1,8,1,1,1,457087,340072,31,1,1,6,346,3,6008,6,30,6,2,6,0,0,8,1,1,1,0,0,1,1,1,3,2,47,8,3,5,1,0,0,0,0,1,1
2,1,3,0,4,0,0,0,0,0,0,1,1,6,2,23,5,125,1,1,1,1,2,385545,218515,53,2,1,4,623,3,417,3,50,0,4,6,0,0,0,4,1,2,0,0,1,1,1,1,2,23,5,2,0,0,0,0,0,3,1,1
3,2,9,0,18,0,0,0,0,0,0,2,1,1,1,55,8,1598,1,8,1,1,2,495756,237656,40,2,1,3,424,5,76,3,70,0,4,6,0,0,0,1,1,1,0,0,2,1,1,1,1,55,8,3,0,0,0,0,0,9,1,5
3,1,8,0,9,0,8,0,0,0,0,1,1,1,1,35,6,1995,2,9,1,1,2,412700,285530,20,2,1,6,300,6,0,6,30,3,4,6,0,0,0,1,1,1,0,0,1,2,1,1,1,33,6,3,0,0,0,0,0,9,1,5
3,1,9,0,18,0,0,0,0,0,0,2,1,6,2,38,7,1598,1,8,1,2,3,329564,187386,61,3,2,6,733,6,0,6,30,0,4,6,0,0,0,1,1,1,0,0,1,1,1,1,1,33,6,3,0,0,0,0,0,9,1,5
3,2,19,0,5,0,8,0,0,0,0,1,1,6,1,44,7,1968,2,1,2,2,2,451311,334490,31,2,2,5,342,3,6005,6,40,6,2,6,0,0,5,4,4,4,0,0,1,1,1,1,1,44,7,3,0,0,0,0,0,19,2,5
3,2,1,0,18,0,8,0,0,0,0,2,1,1,1,33,6,1598,1,8,1,1,2,471490,106842,44,2,1,4,495,4,2149,1,30,1,4,6,0,0,0,1,1,1,0,0,1,1,1,1,1,33,6,3,0,0,0,0,0,1,1,6
2,1,9,0,18,0,0,1,7,4,6,1,1,6,1,38,7,1598,1,8,1,1,2,411700,289160,20,2,1,3,300,3,4040,3,30,0,4,6,0,0,0,4,1,4,0,0,1,1,1,1,1,33,6,3,0,0,0,0,0,9,1,5
3,2,9,0,16,0,0,1,0,0,0,1,1,6,1,25,5,1999,1,20,1,1,2,442980,381443,14,2,1,5,215,5,795,6,40,0,4,6,0,0,0,4,5,2,0,0,2,1,1,1,1,33,6,3,0,0,0,0,0,9,1,5
3,2,9,0,18,0,0,0,0,0,0,1,2,6,1,20,4,1999,1,11,2,1,2,386190,124506,55,2,1,4,642,5,16,6,60,0,4,6,0,0,0,1,2,2,0,0,2,1,1,1,1,20,4,3,0,0,0,0,0,9,1,5
3,3,9,0,2,0,0,0,0,0,0,0,1,6,2,42,7,1995,2,8,1,1,3,486219,410572,16,3,1,6,232,1,181,3,50,0,4,6,0,0,0,1,1,1,4,0,2,1,1,1,1,33,6,3,0,0,0,0,0,9,1,5
3,3,9,0,2,0,1,0,0,0,0,0,1,6,3,38,7,1598,1,8,1,1,3,253240,200530,63,3,1,3,751,6,0,6,30,3,4,6,0,0,0,1,1,2,0,0,1,2,1,1,1,33,6,3,0,0,0,0,0,9,1,5
2,1,9,0,18,0,0,0,0,0,0,1,1,6,2,38,7,1596,1,5,1,1,1,541110,182260,1,1,1,6,17,6,0,6,30,0,4,6,0,0,0,1,1,1,0,0,1,2,1,3,2,6,2,2,5,4,0,0,2,0,1,2
3,1,90,0,18,0,4,0,0,0,0,1,1,6,3,38,7,1598,1,8,1,1,2,299890,668253,95,2,1,4,940,3,89,1,30,1,4,3,89,0,0,4,9,1,0,0,2,1,1,1,1,33,6,3,0,0,0,0,0,9,1,5
3,2,9,0,4,0,0,0,0,0,0,2,1,6,1,78,11,1242,1,1,1,1,3,590010,163800,46,3,1,1,540,3,2,6,30,0,4,6,0,0,0,1,1,1,0,0,1,1,1,1,1,78,11,3,0,0,0,0,0,9,1,3
3,1,9,0,9,0,6,0,0,0,0,1,1,6,2,67,10,1390,1,4,3,1,2,293493,91855,50,2,1,5,581,6,0,6,30,3,4,6,0,0,0,1,1,1,0,0,1,1,1,1,1,33,6,3,0,0,0,0,0,9,1,5
3,2,9,0,3,0,0,0,0,0,0,2,1,6,1,46,8,1995,2,9,1,5,3,500527,177650,43,3,5,7,474,1,4,3,70,0,4,6,0,0,0,1,1,1,0,0,2,1,3,2,1,14,3,3,0,0,2,0,0,9,1,10
3,1,9,0,18,0,3,0,0,0,0,3,1,6,1,39,7,1598,1,10,3,1,2,493404,370937,32,2,1,4,353,3,46,1,60,1,4,4,1378,0,0,1,1,1,0,0,2,1,1,1,1,33,6,3,0,0,0,0,0,9,1,5
3,1,9,0,10,0,1,0,0,0,0,2,1,6,2,22,5,1600,1,16,1,1,2,301928,86562,50,2,1,4,580,4,3179,3,30,3,4,6,0,0,0,1,1,1,0,0,2,1,1,1,1,33,6,3,0,0,0,0,0,9,1,5
3,1,9,0,1,0,2,0,0,0,0,2,1,6,1,47,8,1598,1,10,1,1,1,556722,363205,32,1,1,2,351,6,556,6,30,3,4,6,550,0,0,1,1,1,0,0,1,1,1,3,1,55,8,3,9,5,0,0,0,0,1,2
3,2,1,0,18,0,0,0,0,0,0,1,1,6,1,22,5,1598,1,8,1,1,2,524760,173860,1,2,1,3,10,6,0,6,30,0,4,6,0,0,0,1,1,1,0,0,1,1,1,1,1,22,5,3,0,0,0,0,0,1,1,4
3,2,9,0,4,0,1,0,0,0,0,1,1,6,1,28,6,1587,1,10,1,1,2,443280,374710,30,2,1,3,322,6,0,6,30,3,4,6,0,0,0,1,8,1,0,0,1,2,1,1,1,28,6,3,0,0,0,0,0,9,1,2
3,2,5,0,18,0,0,1,0,0,0,1,1,6,1,20,4,749,1,17,1,1,2,405490,280200,20,2,1,7,300,6,0,6,30,0,4,6,0,0,0,1,1,1,0,0,1,2,1,1,1,20,4,3,0,0,0,0,0,5,1,3
3,1,9,0,18,0,8,0,0,3,1,1,1,6,1,36,7,1599,1,11,1,1,1,440238,387009,14,1,1,4,215,4,6200,1,30,1,4,4,6200,0,0,4,1,1,0,0,1,1,1,1,1,36,7,3,0,0,0,0,0,9,1,3
3,2,21,0,2,0,1,0,0,0,0,0,1,1,1,70,10,1598,1,8,1,1,2,453577,218325,43,2,1,5,481,4,430,6,40,8,4,6,0,0,0,1,1,1,0,0,2,1,1,1,1,33,6,3,0,0,0,0,0,9,1,5
3,1,9,0,18,0,1,0,0,0,0,1,1,6,1,63,9,1799,1,8,1,1,2,525559,149626,45,2,1,5,513,3,217,6,30,3,4,6,0,0,0,1,1,1,0,0,1,1,1,1,1,33,6,3,0,0,0,0,0,9,1,5
3,1,9,0,16,0,8,0,0,7,11,1,1,2,1,20,4,1598,1,8,2,1,1,415005,141261,54,1,1,2,635,5,350,6,40,3,4,6,0,0,0,4,1,1,0,0,2,1,1,1,1,20,4,3,0,0,0,0,0,9,2,5
3,2,9,0,18,0,0,0,0,2,7,2,1,6,2,39,7,1598,1,8,2,2,4,460959,421199,16,4,2,4,231,1,62,3,70,0,4,6,0,0,0,1,1,1,0,0,2,1,1,1,2,39,7,3,0,0,0,0,0,9,2,7
3,1,9,0,18,0,0,0,0,0,0,1,1,6,1,24,5,1598,1,8,3,1,2,531991,312226,32,2,1,6,354,4,1166,6,60,0,4,6,0,0,0,1,1,1,0,0,2,1,1,1,1,24,5,3,0,0,0,0,0,9,3,4
1,2,9,0,18,0,0,0,0,0,0,4,1,6,1,44,7,2000,2,6,3,3,2,384230,404930,6,2,3,6,101,1,60,3,70,0,4,6,0,0,0,7,9,2,0,0,2,1,1,1,1,33,6,3,0,0,0,0,0,9,1,5
3,3,9,0,3,0,1,0,0,0,0,0,1,6,3,38,7,1598,1,8,1,1,3,461826,303651,33,3,1,3,364,3,6030,6,30,3,4,6,2034,0,0,4,1,1,0,0,1,1,1,1,1,33,6,3,0,0,0,0,0,9,1,5
3,1,8,0,16,0,0,0,0,0,0,1,1,1,1,38,7,2664,2,15,1,1,1,531010,180790,1,1,1,3,1,3,3211,3,30,0,4,6,0,0,1,1,1,1,0,0,2,2,1,3,2,30,6,3,1,3,0,0,2,0,1,5
3,1,21,4,18,0,2,0,0,0,0,3,1,1,1,56,9,12900,2,7,1,1,2,381350,396320,6,2,1,4,112,3,56,3,30,6,2,3,5063,0,5,1,1,1,0,0,1,1,1,1,1,33,6,3,0,0,0,0,0,9,1,5
2,1,5,0,15,0,1,0,0,7,11,1,1,6,1,78,11,599,1,15,1,1,2,330964,412320,5,2,1,3,93,6,0,6,30,9,4,6,0,0,0,1,1,1,0,0,1,1,1,1,1,78,11,2,0,0,0,0,0,5,1,3
3,2,9,0,18,0,1,1,0,0,0,4,1,1,2,41,7,1896,2,9,1,1,2,491706,134706,45,2,1,2,517,3,286,6,30,9,4,6,0,0,0,1,2,2,0,0,2,1,1,1,2,41,7,3,0,0,0,0,0,9,1,8
3,1,11,0,4,0,0,1,0,0,0,1,1,1,1,39,7,7300,2,11,1,3,4,573522,169228,46,4,3,4,544,3,2,2,30,0,4,6,0,0,0,1,2,2,0,0,1,1,1,1,1,33,6,3,0,0,0,0,0,9,1,5
3,1,9,0,3,0,1,0,0,0,0,2,1,6,2,43,7,2148,2,13,1,3,2,532500,166880,1,2,3,6,20,3,212,6,30,3,4,6,0,0,1,1,1,1,0,0,1,2,1,1,2,43,7,3,0,0,0,0,0,9,1,4
3,2,9,0,13,0,0,0,0,0,0,3,1,6,3,38,7,1598,1,8,1,1,2,481894,149279,44,2,1,5,494,3,287,6,60,0,4,6,0,0,0,1,1,1,0,0,2,1,1,1,1,33,6,3,0,0,0,0,0,9,1,5
3,2,9,0,18,0,8,0,0,0,0,1,1,6,1,86,11,1598,1,8,1,3,2,548420,176060,1,2,3,4,18,6,0,6,30,6,4,6,0,0,0,1,1,1,0,0,1,1,2,1,1,86,11,3,0,0,0,0,0,9,1,9
3,1,9,0,16,0,0,5,0,2,9,4,1,6,2,29,6,1397,1,7,1,1,1,359437,858753,92,1,1,1,911,6,0,6,60,0,4,6,0,0,0,1,1,2,0,0,2,1,1,1,2,29,6,3,0,0,0,0,0,9,1,5
2,1,9,0,6,0,0,0,0,0,0,3,1,6,2,49,8,1995,2,3,1,1,2,535540,193450,1,2,1,6,32,3,1055,6,40,0,4,6,0,0,0,1,2,2,0,0,2,1,1,1,1,33,6,3,0,0,0,0,0,9,1,5
2,1,9,0,18,0,1,0,0,0,0,1,1,6,1,43,7,2497,2,9,1,2,2,368140,427240,4,2,2,3,70,3,666,3,30,7,2,6,0,0,5,4,2,2,0,0,1,1,1,1,1,33,6,3,0,0,0,0,0,9,1,5
3,1,9,0,16,0,0,0,0,0,0,1,1,6,2,22,5,1598,1,8,1,1,1,498094,150489,45,1,1,7,511,3,3,3,50,0,4,6,0,0,0,4,1,2,0,0,1,1,1,1,2,22,5,3,0,0,0,0,0,9,1,7
2,1,9,0,18,0,0,5,0,0,7,1,1,6,1,21,5,1896,2,12,1,4,2,517320,295460,35,2,4,7,394,3,1139,3,60,0,4,6,0,0,0,4,1,2,0,0,1,1,3,2,2,19,4,2,0,0,1,0,0,9,1,9
3,2,9,0,9,0,8,0,0,0,0,4,1,6,3,38,7,2987,2,6,1,1,2,531890,181360,48,2,1,5,570,3,40,6,30,3,4,5,0,0,0,1,1,1,0,0,1,2,1,1,1,33,6,3,0,0,0,0,0,9,1,5
3,1,9,0,18,0,0,0,0,0,0,2,1,6,1,75,10,1229,1,10,1,2,2,365148,171713,52,2,2,5,612,3,431,6,30,0,4,6,0,0,0,1,1,1,0,0,1,2,2,1,1,75,10,3,0,0,0,0,0,9,1,6
3,1,9,0,9,0,6,0,0,0,0,2,1,1,1,55,8,1598,2,2,3,1,2,507761,354782,32,2,1,2,353,4,1188,6,50,3,4,5,305,0,0,1,1,1,0,0,2,1,1,1,1,55,8,3,0,0,0,0,0,9,3,9