accident_severity,vehicle_reference,vehicle_type,towing_and_articulation,vehicle_manoeuvre,vehicle_location-restricted_lane,junction_location,skidding_and_overturning,hit_object_in_carriageway,vehicle_leaving_carriageway,hit_object_off_carriageway,1st_point_of_impact,was_vehicle_left_hand_drive?,journey_purpose_of_driver,sex_of_driver,age_of_driver,age_band_of_driver,engine_capacity_(cc),propulsion_code,age_of_vehicle,driver_home_area_type,NUmber_of_Casualities_unique_to_accident_index,No_of_Vehicles_involved_unique_to_accident_index,location_easting_osgr,location_northing_osgr,police_force,number_of_vehicles,number_of_casualties,day_of_week,local_authority_(district),1st_road_class,1st_road_number,road_type,speed_limit,junction_detail,junction_control,2nd_road_class,2nd_road_number,pedestrian_crossing-human_control,pedestrian_crossing-physical_facilities,light_conditions,weather_conditions,road_surface_conditions,special_conditions_at_site,carriageway_hazards,urban_or_rural_area,did_police_officer_attend_scene_of_accident,casualty_reference,casualty_class,sex_of_casualty,age_of_casualty,age_band_of_casualty,casualty_severity,pedestrian_location,pedestrian_movement,car_passenger,bus_or_coach_passenger,pedestrian_road_maintenance_worker,casualty_type,casualty_home_area_type,casualty_imd_decile
2,2,20,0,9,0,5,0,0,0,0,3,1,1,1,47,8,1598,1,8,2,1,2,279399,72184,50,2,1,7,585,3,383,6,60,3,4,6,0,0,0,1,1,1,0,0,2,1,1,1,1,33,6,3,0,0,0,0,0,9,1,5
3,3,9,0,18,0,8,0,0,0,0,3,1,6,2,19,4,1349,1,1,2,1,3,347730,303020,22,3,1,3,286,3,49,6,30,3,4,6,0,0,0,1,1,1,0,0,2,1,1,1,1,33,6,3,0,0,0,0,0,9,1,5
3,1,9,0,18,0,1,0,0,0,0,1,1,6,1,23,5,1598,1,8,1,1,2,370290,407580,6,2,1,5,100,6,0,6,30,3,4,3,579,0,0,4,2,2,0,0,1,2,1,1,1,33,6,3,0,0,0,0,0,9,1,5
3,2,9,0,9,0,8,0,0,0,0,1,1,6,2,45,7,1968,2,10,1,1,2,536860,170860,1,2,1,6,19,6,0,6,30,3,4,6,0,0,0,1,1,1,0,0,1,1,1,1,1,33,6,3,0,0,0,0,0,9,1,5
3,2,8,0,12,0,1,0,0,0,0,3,1,6,1,59,9,1598,1,3,1,1,2,527450,175120,1,2,1,7,10,3,3,6,30,6,2,4,229,0,5,4,1,1,0,0,1,1,1,1,1,33,6,3,0,0,0,0,0,9,1,5
3,1,9,0,18,0,8,0,0,0,0,4,1,6,1,48,8,1399,2,10,1,1,2,433756,391652,14,2,1,2,215,3,61,3,40,3,4,6,0,0,0,1,9,1,0,0,1,2,1,1,1,48,8,3,0,0,0,0,0,9,1,2
2,2,9,0,2,0,0,0,0,0,0,2,1,6,3,38,7,1598,1,8,1,1,4,586576,186941,42,4,1,1,460,6,0,6,30,0,4,6,0,0,0,4,2,2,0,0,1,2,1,1,1,33,6,3,0,0,0,0,0,9,1,5
3,1,9,0,3,0,8,0,0,0,0,2,1,2,2,46,8,1582,2,6,2,2,2,624162,307164,36,2,2,4,404,3,1054,1,30,1,4,3,1054,0,0,1,1,1,0,0,1,1,1,1,2,46,8,3,0,0,0,0,0,9,2,7
3,2,9,0,4,0,0,1,4,0,0,1,1,6,1,71,10,999,1,3,3,1,3,406660,371950,30,3,1,5,325,3,515,6,30,0,4,6,0,0,0,1,6,3,0,0,1,1,1,1,1,33,6,3,0,0,0,0,0,9,1,5
3,1,9,0,16,0,0,0,0,0,0,1,1,6,2,19,4,1597,1,25,1,2,2,617681,313267,36,2,2,1,401,5,162,6,30,0,4,6,0,0,0,1,1,1,0,0,2,1,2,2,1,21,5,3,0,0,1,0,0,9,1,5
3,1,9,0,18,0,0,5,0,6,6,1,1,6,1,45,7,1956,2,4,2,1,1,502643,229244,40,1,1,4,424,1,1,3,70,0,4,6,0,0,0,6,1,1,0,0,2,1,1,1,1,45,7,3,0,0,0,0,0,9,2,7
3,1,1,0,18,0,6,0,0,0,0,1,1,6,1,14,3,1598,1,8,2,1,2,545531,376030,32,2,1,7,351,4,1196,6,30,9,4,3,1104,0,0,1,1,1,0,0,2,1,1,1,1,14,3,3,0,0,0,0,0,1,2,3
3,1,9,0,9,9,8,0,0,0,0,4,1,6,2,36,7,1968,2,9,1,1,1,417927,433204,13,1,1,3,200,6,0,6,20,3,4,6,0,0,0,1,1,1,0,0,1,2,1,3,2,52,8,3,6,9,0,0,0,0,1,1
3,1,9,0,18,0,0,0,0,0,0,1,1,6,2,35,6,1598,1,8,1,1,3,508696,223511,40,3,1,3,421,3,6,6,30,0,4,6,0,0,0,4,1,1,0,0,1,1,1,1,2,35,6,3,0,0,0,0,0,9,1,2
3,2,1,0,18,0,1,0,0,0,0,3,1,6,1,18,4,1598,1,8,1,1,2,369300,308880,22,2,1,7,284,4,5072,6,30,1,2,4,5072,0,4,1,1,1,0,0,2,2,1,1,1,18,4,3,0,0,0,0,0,1,1,1
3,3,9,0,4,0,0,0,0,0,0,2,1,2,1,36,7,1598,1,8,1,2,4,508570,298410,35,4,2,6,393,3,1,3,70,0,4,6,0,0,0,4,1,1,0,0,2,1,2,1,1,36,7,3,0,0,0,0,0,9,1,1
3,2,9,0,8,0,1,0,0,0,0,2,1,6,1,18,4,1197,1,1,1,1,2,559630,169480,46,2,1,3,532,4,260,6,30,8,4,6,0,0,0,6,1,2,0,0,2,1,1,1,1,18,4,3,0,0,0,0,0,9,1,8
1,2,8,0,17,0,0,0,0,0,0,1,1,1,1,33,6,1910,2,7,1,3,2,406336,440559,13,2,3,5,200,6,0,6,30,0,4,6,0,0,0,4,2,2,0,0,1,1,3,1,1,33,6,1,0,0,0,0,0,8,1,1
2,2,9,0,18,0,1,0,0,0,0,4,1,6,1,79,11,1997,1,2,3,1,2,374380,441390,4,2,1,4,80,3,671,6,30,9,4,6,0,0,4,1,1,1,0,0,1,1,1,1,1,33,6,3,0,0,0,0,0,9,1,5
3,1,1,0,18,0,8,0,0,0,0,1,1,6,1,38,7,1598,1,8,1,1,1,526760,170340,1,1,1,2,22,3,24,6,30,6,2,3,24,0,5,1,1,1,0,0,1,1,1,3,1,47,8,3,1,1,0,0,2,0,1,9
3,1,9,0,18,0,0,1,0,5,6,1,1,6,1,22,5,1796,1,12,2,1,1,390849,263055,22,1,1,1,277,1,5,3,70,0,4,6,0,0,0,5,1,2,0,0,1,1,1,1,1,22,5,3,0,0,0,0,0,9,2,6
2,1,9,0,4,0,0,0,0,0,0,1,1,6,2,73,10,1360,1,7,1,2,2,345660,374283,7,2,2,7,130,1,56,3,70,0,4,6,0,0,0,1,1,1,0,0,2,1,2,2,2,80,11,2,0,0,1,0,0,9,1,5
3,2,9,0,4,0,0,0,0,0,0,2,1,6,1,22,5,1968,2,6,1,3,2,413132,436251,13,2,3,6,200,6,0,6,60,0,4,6,0,0,0,1,1,1,0,0,2,1,2,1,1,22,5,3,0,0,0,0,0,9,1,5
3,2,9,0,4,0,0,0,0,0,0,2,1,6,2,32,6,1968,2,7,1,1,2,248601,57759,50,2,1,4,583,3,38,7,70,0,4,6,0,0,0,1,1,1,0,0,1,1,1,1,2,32,6,3,0,0,0,0,0,9,1,4
3,2,9,0,18,0,1,0,0,0,0,4,1,6,2,33,6,1229,1,2,1,2,2,386020,438090,4,2,2,5,77,3,682,6,30,3,4,6,0,0,0,1,1,1,0,0,1,1,1,1,2,33,6,3,0,0,0,0,0,9,1,8
3,2,9,0,18,0,1,0,0,0,0,2,1,6,2,67,10,1497,1,12,2,2,2,544920,188290,1,2,2,6,14,3,12,3,40,3,2,6,0,0,5,1,1,1,0,0,1,1,2,2,2,50,8,3,0,0,1,0,0,9,2,6
3,1,9,0,17,0,0,5,0,1,10,4,1,6,1,22,5,1997,2,14,3,1,1,279330,101516,50,1,1,2,586,3,377,6,60,0,4,6,0,0,0,6,2,2,0,0,2,1,1,1,1,22,5,3,0,0,0,0,0,9,3,3
3,1,9,0,18,0,1,0,0,0,0,1,1,6,1,32,6,1598,1,8,1,1,2,330978,357704,60,2,1,2,724,3,550,6,30,3,4,6,0,0,0,1,5,2,0,0,2,1,1,1,1,32,6,3,0,0,0,0,0,9,1,5
3,1,9,0,4,0,0,0,0,0,0,1,1,6,2,22,5,1398,1,8,3,2,2,392865,317465,21,2,2,4,254,3,449,6,60,0,4,6,0,0,0,6,1,1,0,0,2,1,1,1,2,22,5,3,0,0,0,0,0,9,3,7
3,2,1,0,18,0,8,0,0,0,0,1,1,2,2,45,7,1598,1,8,1,1,2,522780,168720,1,2,1,4,22,4,282,6,30,8,4,6,0,0,0,1,1,1,0,0,1,1,1,1,2,45,7,3,0,0,0,0,0,1,1,10
3,1,9,0,18,0,0,0,0,0,0,1,1,6,2,20,4,998,1,6,1,1,2,454950,227139,43,2,1,6,481,1,40,3,70,0,4,6,0,0,0,1,1,1,0,0,2,1,1,1,2,20,4,3,0,0,0,0,0,9,1,9
3,2,9,0,9,0,5,0,0,0,0,1,1,6,2,22,5,993,1,12,1,1,2,523200,186560,1,2,1,1,28,3,5,6,30,3,2,5,0,0,0,4,1,1,0,0,1,1,1,1,1,33,6,3,0,0,0,0,0,9,1,5
3,1,9,0,18,0,0,0,4,0,0,1,1,6,1,38,7,1196,1,20,1,1,2,399950,295600,20,2,1,4,305,6,0,6,30,0,4,6,0,0,0,1,1,1,0,0,1,1,1,1,1,33,6,3,0,0,0,0,0,9,1,5
3,2,9,0,18,0,8,0,0,0,0,4,1,6,1,52,8,1598,1,8,1,2,2,591659,185420,42,2,2,6,460,6,0,6,30,3,4,6,0,0,0,4,1,1,0,0,1,1,1,1,1,52,8,3,0,0,0,0,0,9,1,10
3,2,9,0,3,0,0,0,0,0,0,2,1,6,2,27,6,1598,1,8,1,1,2,333018,351468,60,2,1,3,725,4,5101,6,30,0,4,6,0,0,0,1,1,2,0,0,1,2,1,1,2,27,6,3,0,0,0,0,0,9,1,5
3,1,9,0,7,0,0,0,0,0,0,4,1,6,1,38,7,1975,1,10,1,1,2,524820,187600,1,2,1,1,30,3,502,6,30,0,4,6,0,0,0,1,1,1,0,0,1,2,1,1,1,33,6,3,0,0,0,0,0,9,1,5
3,1,9,0,9,0,8,0,0,0,0,4,1,6,2,25,5,1199,1,14,1,2,2,477459,260763,34,2,2,3,384,5,38,6,30,3,4,6,8005,0,0,1,1,1,0,0,1,1,2,2,2,48,8,3,0,0,1,0,0,9,1,1
3,2,9,0,3,0,0,0,0,0,0,2,1,1,2,56,9,1364,1,8,1,1,3,408840,290140,20,3,1,5,300,2,38,3,50,0,4,6,0,0,0,1,1,1,4,0,1,1,1,1,2,56,9,3,0,0,0,0,0,9,1,7
3,1,9,0,9,0,2,0,0,0,0,2,1,6,2,23,5,1598,1,11,1,1,2,197955,52999,50,2,1,4,596,3,3058,6,50,3,4,6,0,0,0,6,5,2,0,0,2,1,1,1,1,33,6,3,0,0,0,0,0,9,1,5
2,2,3,0,18,0,8,0,0,0,0,3,1,6,1,45,7,124,1,5,1,1,3,388520,409790,6,3,1,6,106,3,664,6,30,3,4,6,0,0,0,4,1,1,0,0,1,1,1,1,1,45,7,2,0,0,0,0,0,3,1,2
3,2,9,0,5,0,1,0,0,0,0,4,1,6,1,72,10,1560,2,8,1,1,2,621809,309790,36,2,1,3,404,3,1024,6,30,3,4,6,0,0,0,1,1,1,0,0,1,2,1,1,1,33,6,3,0,0,0,0,0,9,1,5
3,2,9,0,18,0,8,0,0,0,0,1,1,6,1,27,6,2143,2,1,1,1,2,446906,417331,13,2,1,6,206,3,639,6,30,3,4,6,0,0,0,1,1,1,0,0,2,1,1,1,1,33,6,3,0,0,0,0,0,9,1,5
3,2,5,0,18,0,8,0,0,0,0,1,1,6,1,52,8,839,1,5,2,1,3,351690,436430,4,3,1,6,79,3,6,6,40,9,4,6,0,0,0,4,2,2,4,0,2,1,1,1,1,52,8,3,0,0,0,0,0,5,2,7
3,4,9,0,7,0,5,0,0,0,0,1,1,2,1,38,7,1499,2,8,1,1,4,458283,299487,33,4,1,2,364,4,5366,6,30,3,4,6,207,0,0,1,2,2,0,3,1,1,1,1,1,33,6,3,0,0,0,0,0,9,1,5
3,1,1,0,18,0,0,0,0,0,0,1,1,6,2,22,5,1598,1,8,1,1,1,523460,179780,1,1,1,7,11,3,402,6,30,0,4,6,0,0,0,1,1,1,0,0,1,1,1,1,2,22,5,3,0,0,0,0,0,1,1,5
3,2,9,0,4,0,1,0,0,0,0,2,1,6,2,38,7,998,1,15,1,1,3,443090,296015,33,3,1,4,361,3,447,6,40,3,4,6,5186,0,0,1,1,1,0,0,1,2,1,1,1,33,6,3,0,0,0,0,0,9,1,5
2,3,9,0,9,0,1,0,0,7,0,2,1,6,1,28,6,2993,2,10,3,2,3,558244,113355,47,3,2,7,556,3,267,6,60,3,4,6,0,0,0,1,1,1,0,0,2,1,2,1,1,28,6,3,0,0,0,0,0,9,3,6
3,1,9,0,18,0,8,0,0,0,0,1,1,6,1,49,8,1598,1,8,1,1,2,331916,147180,52,2,1,3,607,3,38,6,30,1,4,3,38,0,0,1,1,1,0,0,1,1,1,1,1,33,6,3,0,0,0,0,0,9,1,5
2,1,9,0,16,0,0,0,0,0,0,1,1,2,1,28,6,1396,1,19,1,1,1,402560,268022,22,1,1,6,274,6,0,6,30,0,4,6,0,0,0,4,1,2,0,0,1,1,1,3,1,12,3,2,5,4,0,0,0,0,1,8
3,1,9,0,18,0,0,1,0,0,0,1,1,6,1,28,6,1968,2,11,2,2,3,498405,179014,43,3,2,4,473,6,7302,6,30,0,4,6,0,0,0,1,1,1,0,0,2,1,1,1,1,33,6,3,0,0,0,0,0,9,1,5
3,2,9,0,18,0,5,0,0,0,0,2,1,6,2,44,7,1598,1,9,1,1,2,392280,398330,6,2,1,4,110,3,635,3,40,5,2,1,60,0,5,1,1,1,0,0,1,1,1,1,2,44,7,3,0,0,0,0,0,9,1,3
3,1,9,0,5,0,0,0,0,0,0,4,1,6,3,38,7,1598,1,8,1,1,1,353973,114505,52,1,1,3,610,3,30,6,30,0,4,6,0,0,0,1,1,1,0,0,1,2,1,3,1,89,11,3,6,9,0,0,0,0,1,7
3,1,19,0,9,0,8,0,0,0,0,1,1,6,1,52,8,2151,2,15,1,1,2,527460,179670,1,2,1,5,1,3,315,6,30,3,4,6,0,0,0,1,1,1,0,0,1,1,1,1,1,52,8,3,0,0,0,0,0,19,1,9
3,1,1,0,18,0,8,0,0,0,0,1,1,6,1,38,7,1598,1,8,1,1,2,537930,176760,1,2,1,4,6,3,2,6,30,6,2,3,2211,0,5,1,1,1,0,0,1,1,1,1,1,33,6,3,0,0,0,0,0,1,1,2
3,2,9,0,18,0,0,1,0,0,0,1,1,6,3,38,7,1598,1,8,1,1,4,389220,289950,20,4,1,3,303,6,0,6,30,0,4,6,0,0,0,1,1,1,0,0,1,1,1,1,1,33,6,3,0,0,0,0,0,9,1,5
3,1,9,0,17,0,0,1,0,0,0,1,1,2,1,18,4,1124,1,14,3,1,2,172368,29686,50,2,1,7,596,6,0,6,60,0,4,6,0,0,0,1,1,2,0,0,2,1,1,1,1,18,4,3,0,0,0,0,0,9,3,7
3,2,9,0,3,0,1,0,0,0,0,3,1,6,2,38,7,2000,1,9,1,1,2,535030,200020,1,2,1,5,32,1,25,3,30,1,2,3,10,0,0,1,1,1,0,0,2,2,1,1,2,38,7,3,0,0,0,0,0,9,1,7
2,3,9,0,3,0,3,0,0,0,0,2,1,6,2,25,5,1242,1,8,1,5,4,453044,202881,43,4,5,2,484,3,4142,1,50,1,2,3,423,0,5,4,1,2,0,7,2,1,1,1,1,33,6,3,0,0,0,0,0,9,1,5
3,2,9,0,4,0,2,0,0,0,0,2,1,6,1,46,8,1796,1,10,1,2,2,575080,155980,46,2,2,2,536,3,20,6,30,7,2,6,0,0,5,1,1,1,0,0,1,1,2,1,1,46,8,3,0,0,0,0,0,9,1,6
3,2,1,0,18,0,8,0,0,0,0,1,1,2,2,41,7,1598,1,8,1,1,2,449594,197245,43,2,1,5,483,3,415,6,30,3,4,4,4017,0,4,1,8,1,0,0,1,2,1,1,2,41,7,3,0,0,0,0,0,1,1,6
2,1,3,0,18,0,4,1,9,0,0,1,1,6,1,30,6,750,1,8,1,1,1,508058,207278,41,1,1,2,431,3,414,1,40,1,4,3,414,0,0,1,1,1,0,0,2,1,1,1,1,30,6,2,0,0,0,0,0,3,1,7
2,2,9,0,4,0,0,0,0,0,0,4,1,6,2,56,9,1242,1,14,1,1,4,455292,295011,33,4,1,7,360,1,1,3,70,0,4,6,0,0,0,6,1,1,0,0,2,1,1,1,1,33,6,3,0,0,0,0,0,9,1,5
3,2,9,0,18,0,8,0,0,0,0,1,1,6,1,35,6,1995,1,7,1,1,2,528700,177060,1,2,1,1,10,5,0,6,30,1,2,3,3216,0,5,1,1,1,0,0,1,1,1,1,1,33,6,3,0,0,0,0,0,9,1,5
3,1,9,0,9,0,6,0,0,0,0,1,1,1,2,38,7,1198,1,12,1,3,2,459194,341978,31,2,3,2,343,6,0,6,30,3,4,6,0,0,8,1,1,1,0,0,1,1,1,1,2,38,7,3,0,0,0,0,0,9,1,6
3,2,9,0,18,0,0,0,0,0,0,1,1,2,1,35,6,1598,1,8,3,5,3,302290,208814,62,3,5,6,742,3,470,3,60,0,4,6,0,0,0,6,1,4,0,0,2,1,2,1,1,35,6,3,0,0,0,0,0,9,3,5
1,1,9,0,18,0,0,0,0,7,10,1,1,6,1,71,10,1000,1,2,1,1,1,456821,247339,34,1,1,3,385,5,19,6,60,0,4,6,0,0,0,1,1,1,0,0,2,1,1,1,1,71,10,1,0,0,0,0,0,9,1,5
3,1,9,0,5,0,0,0,0,0,0,3,1,6,1,48,8,1596,1,13,1,1,2,502771,101639,47,2,1,4,558,6,0,6,30,0,4,6,0,0,0,1,1,1,0,0,1,1,1,1,1,33,6,3,0,0,0,0,0,9,1,5
3,2,1,0,18,0,0,0,0,0,0,1,1,6,1,52,8,1598,1,8,1,1,2,358156,173306,52,2,1,5,601,6,0,6,20,0,4,6,0,0,0,4,1,1,0,0,1,1,1,1,1,52,8,3,0,0,0,0,0,1,1,8
3,2,9,0,18,0,4,0,0,0,0,4,1,6,2,44,7,998,1,8,1,2,2,417196,417574,13,2,2,3,203,6,0,1,30,1,4,6,0,0,0,1,1,1,0,0,1,1,2,2,2,24,5,3,0,0,1,0,0,9,1,5
2,1,9,0,18,0,1,0,0,0,0,1,1,1,1,38,7,1968,2,8,1,1,2,486987,168977,43,2,1,3,470,6,7002,1,30,1,4,6,7002,0,0,1,1,1,0,0,1,2,1,1,1,33,6,3,0,0,0,0,0,9,1,5
3,1,8,0,3,0,2,0,0,0,0,2,1,6,1,39,7,2499,2,1,1,2,3,526570,177260,1,3,2,6,12,3,3220,6,30,3,4,5,0,0,0,4,2,2,0,0,1,1,1,1,1,39,7,3,0,0,0,0,0,8,1,10
3,1,9,0,1,0,0,0,0,0,0,2,1,6,1,25,5,998,1,5,1,1,1,426002,561921,10,1,1,6,146,4,1296,3,30,0,4,6,0,0,0,1,1,1,0,0,1,2,1,3,2,35,6,3,5,1,0,0,0,0,1,2
3,2,9,0,1,0,6,0,0,0,0,2,1,6,3,38,7,1560,2,9,1,1,2,532510,189230,1,2,1,6,31,3,504,6,30,3,4,3,504,0,1,1,9,2,0,0,1,1,1,1,1,33,6,3,0,0,0,0,0,9,1,5
3,1,9,0,18,0,0,1,0,1,7,4,1,1,1,24,5,1598,1,8,3,3,2,267199,199627,62,2,3,6,745,1,4,3,70,0,4,6,0,0,0,1,1,1,0,0,1,1,2,2,1,21,5,3,0,0,1,0,0,9,1,5
3,1,9,0,9,0,6,0,0,0,0,3,1,6,2,50,8,1560,2,2,1,5,2,456935,303630,33,2,5,5,364,5,0,6,30,3,4,6,2541,0,0,4,1,2,0,0,1,1,3,2,2,12,3,3,0,0,2,0,0,9,1,1
3,2,9,0,4,0,1,1,0,0,0,1,1,6,2,24,5,1956,2,6,1,3,4,449977,302319,33,4,3,7,361,4,582,6,40,8,4,6,6,0,0,1,1,1,0,0,2,1,1,2,2,8,2,3,0,0,2,0,0,9,2,5
3,2,9,0,11,2,0,0,0,0,0,4,1,1,1,32,6,1797,8,6,1,1,2,534990,181900,1,2,1,1,5,3,11,6,20,0,4,6,0,0,0,1,2,2,0,0,1,1,1,1,1,33,6,3,0,0,0,0,0,9,1,5
3,1,9,0,9,0,8,0,0,0,0,4,1,2,1,57,9,1397,1,6,1,1,2,331764,388002,5,2,1,4,95,6,0,6,30,6,4,6,0,0,0,1,1,1,0,0,1,1,1,1,1,33,6,3,0,0,0,0,0,9,1,5
1,1,9,0,18,0,0,0,0,7,4,1,2,6,1,61,9,2495,2,13,3,4,3,390341,142937,54,3,4,2,635,3,36,6,60,0,4,6,0,0,0,1,1,2,0,0,2,1,3,2,2,28,6,1,0,0,2,0,0,9,1,7
3,2,19,0,2,0,0,0,0,0,0,2,1,1,1,68,10,2402,2,10,3,2,2,489111,361902,32,2,2,6,353,5,128,6,30,0,4,6,0,0,0,1,1,1,0,0,2,1,1,1,1,33,6,3,0,0,0,0,0,9,1,5
3,2,1,0,18,0,8,0,0,0,0,4,1,4,1,15,3,1598,1,8,1,1,2,651316,304519,36,2,1,6,402,3,143,6,30,3,4,6,0,0,0,1,1,1,0,0,1,1,1,1,1,15,3,3,0,0,0,0,0,1,1,9
3,1,9,0,9,0,8,0,0,0,0,1,1,6,1,23,5,1496,1,8,1,1,2,544400,189740,1,2,1,3,14,5,0,6,30,3,4,6,0,0,0,1,2,2,0,0,1,1,1,1,1,33,6,3,0,0,0,0,0,9,1,5
3,1,9,0,18,0,1,0,0,0,0,1,1,6,1,28,6,1598,1,8,1,5,2,290403,191758,62,2,5,5,740,6,0,6,30,6,4,6,0,0,0,1,1,1,0,0,2,1,1,1,1,28,6,3,0,0,0,0,0,9,1,5
3,2,9,0,3,0,1,0,0,0,0,2,1,6,2,50,8,1598,1,1,3,1,2,523869,209874,41,2,1,3,438,3,414,6,60,3,4,3,1000,0,8,1,1,1,0,0,2,1,1,1,2,50,8,3,0,0,0,0,0,9,3,6
3,5,9,0,2,0,0,0,0,0,0,3,1,6,1,21,5,1299,1,8,1,4,5,373797,164081,52,5,4,5,611,6,0,9,30,0,4,6,0,0,0,1,1,1,0,0,1,1,1,1,1,33,6,3,0,0,0,0,0,9,1,5
3,2,19,0,4,0,1,0,0,0,0,2,1,6,1,49,8,1598,1,8,3,4,3,288401,693179,96,3,4,4,915,4,9096,6,30,3,4,6,0,0,0,1,2,2,0,0,1,1,2,2,1,19,4,3,0,0,1,0,0,19,1,5
3,1,8,0,13,0,1,0,0,0,0,4,1,6,1,45,7,1997,2,4,1,1,2,529250,182340,1,2,1,2,2,3,400,3,30,7,2,3,501,0,5,1,1,1,0,0,1,1,1,1,1,33,6,3,0,0,0,0,0,9,1,5
3,2,9,0,18,0,8,0,0,0,0,4,1,2,2,22,5,998,1,9,2,2,2,486359,278273,34,2,2,5,383,3,6003,1,30,1,4,5,137,0,4,1,1,1,0,0,1,1,1,1,1,33,6,3,0,0,0,0,0,9,1,5
3,1,19,0,18,0,0,0,0,0,0,4,1,1,1,46,8,2143,2,2,1,1,1,424676,592708,10,1,1,4,139,5,120,6,30,0,4,6,0,0,0,1,1,1,0,0,2,2,1,3,2,38,7,3,9,8,0,0,0,0,3,7
3,1,9,0,4,0,0,0,0,0,0,2,1,6,1,36,7,1198,1,1,1,1,2,513034,163798,45,2,1,4,510,6,6892,6,30,0,4,6,0,0,0,1,1,1,0,0,1,1,1,1,1,36,7,3,0,0,0,0,0,9,1,9
2,2,97,0,18,0,0,0,0,0,0,0,1,6,1,34,6,1598,1,8,1,1,2,320064,177368,62,2,1,3,741,6,0,6,30,0,4,6,0,0,0,6,1,1,0,0,1,1,2,1,1,34,6,2,0,0,0,0,0,97,1,5
3,1,9,0,18,0,2,0,0,0,0,1,1,6,1,35,6,1995,2,9,1,2,3,404531,317669,21,3,2,4,250,3,460,6,30,3,4,6,63,0,0,1,1,1,0,0,1,1,1,1,1,33,6,3,0,0,0,0,0,9,1,5
3,1,9,0,16,0,7,0,6,0,0,1,1,6,1,28,6,1796,1,13,1,4,1,449857,245750,20,1,4,7,306,6,0,7,50,5,4,1,38,0,0,1,1,2,0,0,1,2,2,2,1,16,4,3,0,0,1,0,0,9,1,2
3,1,9,0,9,0,5,0,0,0,0,4,1,6,1,18,4,1870,2,11,1,5,2,390290,280020,22,2,5,7,270,3,456,6,30,7,2,4,4187,0,4,1,1,1,0,0,1,1,1,1,1,18,4,3,0,0,0,0,0,9,1,5
3,1,9,0,7,0,8,0,0,0,0,1,1,6,1,75,10,1796,1,12,1,1,1,537880,173730,1,1,1,5,7,3,205,6,30,3,2,3,21,0,5,1,1,1,0,0,1,1,1,3,2,81,11,3,1,1,0,0,2,0,1,2
3,1,9,0,18,0,3,0,0,0,0,1,1,6,2,47,8,1360,1,6,3,1,1,386925,123006,55,1,1,4,642,3,30,6,30,1,4,6,0,0,0,1,1,1,0,0,2,3,1,3,2,49,8,3,5,3,0,0,0,0,1,5
3,4,9,0,2,0,0,0,0,0,0,4,1,6,3,38,7,1800,1,14,1,1,7,333596,161309,52,7,1,5,605,6,0,6,30,0,4,6,0,0,0,1,1,1,0,0,1,1,1,1,1,33,6,3,0,0,0,0,0,9,1,5
2,2,9,0,18,0,0,5,0,1,0,1,1,6,1,79,11,1598,1,8,2,3,2,519447,195370,41,2,3,7,33,3,411,6,40,0,4,6,0,0,0,1,1,2,0,0,2,1,2,2,2,80,11,2,0,0,1,0,0,9,2,10
3,1,9,0,9,0,0,0,0,0,0,0,1,2,1,44,7,2776,2,9,1,1,2,248931,55707,50,2,1,1,583,4,3214,6,30,0,4,6,0,0,0,4,1,2,0,0,1,1,1,1,1,33,6,3,0,0,0,0,0,9,1,5
3,1,19,0,16,0,6,1,0,7,6,3,1,1,1,40,7,2402,2,4,1,1,1,530462,153627,45,1,1,4,513,1,25,3,70,5,4,1,25,0,0,1,1,2,0,0,2,1,1,1,1,40,7,3,0,0,0,0,0,19,1,6
3,2,9,0,4,0,0,0,0,0,0,2,1,6,1,64,9,1984,1,5,1,1,3,276123,662120,97,3,1,3,932,3,8,3,50,0,4,6,0,0,0,1,1,1,4,0,2,1,1,1,1,33,6,3,0,0,0,0,0,9,1,5
3,1,9,0,17,0,0,0,0,7,4,1,1,6,1,39,7,1794,1,9,3,1,1,531210,263460,35,1,1,2,395,5,184,6,60,0,4,6,0,0,0,1,2,2,0,0,2,1,1,1,1,39,7,3,0,0,0,0,0,9,3,8
1,2,9,0,18,0,0,0,0,0,0,1,1,6,1,84,11,1493,1,23,1,1,2,608418,327627,36,2,1,1,401,5,267,6,60,0,4,6,0,0,0,1,2,2,0,0,2,1,1,1,1,84,11,1,0,0,0,0,0,9,1,5
3,1,9,0,5,0,8,0,0,0,0,4,1,1,1,55,8,3600,1,13,1,2,2,526770,184120,1,2,2,6,2,4,509,6,30,6,2,4,525,0,5,1,1,1,0,0,1,1,1,1,1,55,8,3,0,0,0,0,0,9,1,6
3,2,21,0,18,0,4,0,0,0,0,1,1,6,1,46,8,11946,2,11,1,1,2,428526,431536,13,2,1,3,204,3,643,3,30,1,2,1,621,0,0,1,1,1,0,0,1,2,1,1,1,33,6,3,0,0,0,0,0,9,1,5
3,1,9,0,5,0,8,0,0,0,0,2,1,6,2,18,4,1390,1,5,1,1,2,462340,152168,44,2,1,3,490,3,340,1,40,1,4,4,3400,0,0,4,1,1,0,0,1,1,1,1,2,18,4,3,0,0,0,0,0,9,1,5
3,7,9,0,2,0,0,0,0,0,0,3,1,6,3,38,7,1598,1,8,1,2,8,622740,136820,46,8,2,7,539,3,259,6,30,0,4,6,0,0,0,1,1,1,0,0,1,1,1,1,1,33,6,3,0,0,0,0,0,9,1,5