accident_severity,vehicle_reference,vehicle_type,towing_and_articulation,vehicle_manoeuvre,vehicle_location-restricted_lane,junction_location,skidding_and_overturning,hit_object_in_carriageway,vehicle_leaving_carriageway,hit_object_off_carriageway,1st_point_of_impact,was_vehicle_left_hand_drive?,journey_purpose_of_driver,sex_of_driver,age_of_driver,age_band_of_driver,engine_capacity_(cc),propulsion_code,age_of_vehicle,driver_home_area_type,NUmber_of_Casualities_unique_to_accident_index,No_of_Vehicles_involved_unique_to_accident_index,location_easting_osgr,location_northing_osgr,police_force,number_of_vehicles,number_of_casualties,day_of_week,local_authority_(district),1st_road_class,1st_road_number,road_type,speed_limit,junction_detail,junction_control,2nd_road_class,2nd_road_number,pedestrian_crossing-human_control,pedestrian_crossing-physical_facilities,light_conditions,weather_conditions,road_surface_conditions,special_conditions_at_site,carriageway_hazards,urban_or_rural_area,did_police_officer_attend_scene_of_accident,casualty_reference,casualty_class,sex_of_casualty,age_of_casualty,age_band_of_casualty,casualty_severity,pedestrian_location,pedestrian_movement,car_passenger,bus_or_coach_passenger,pedestrian_road_maintenance_worker,casualty_type,casualty_home_area_type,casualty_imd_decile
2,2,5,0,18,0,8,0,0,0,0,4,1,6,1,35,6,599,1,15,1,1,2,354070,410600,4,2,1,7,84,3,5209,1,40,1,4,1,6,0,0,1,1,1,0,0,2,1,1,1,1,35,6,2,0,0,0,0,0,5,1,5
3,1,9,0,8,0,1,0,0,0,0,2,1,6,1,24,5,1242,1,2,2,2,2,507357,426966,16,2,2,5,228,3,63,1,30,1,4,6,0,0,0,1,1,1,0,0,1,2,2,2,2,24,5,3,0,0,1,0,0,9,2,7
3,1,3,0,18,0,1,0,0,0,0,1,1,6,1,24,5,124,1,2,1,1,2,447461,236778,43,2,1,3,481,6,101,6,30,3,4,6,0,0,0,1,1,1,0,0,2,1,1,1,1,24,5,3,0,0,0,0,0,3,1,3
3,2,9,0,2,0,1,0,0,0,0,3,1,6,2,35,6,1598,2,8,1,1,2,477127,211888,43,2,1,5,476,3,418,6,50,3,4,6,102,0,0,6,1,1,4,0,2,1,1,1,2,35,6,3,0,0,0,0,0,9,1,7
3,1,9,0,13,0,0,0,0,1,0,3,1,2,1,22,5,1598,1,8,2,1,2,311575,861581,92,2,1,4,930,3,96,6,60,0,4,6,0,0,0,1,1,1,0,0,2,1,1,1,1,22,5,3,0,0,0,0,0,9,2,5
3,2,9,0,9,0,8,0,0,0,0,1,1,6,1,75,10,1339,1,11,1,2,2,396960,287400,20,2,2,7,305,4,4171,6,30,8,4,6,0,0,0,4,1,1,0,0,1,1,1,1,1,75,10,3,0,0,0,0,0,9,1,9
3,1,9,0,18,0,0,1,0,8,11,1,1,6,2,43,7,1598,1,8,1,2,1,422652,440059,13,1,2,3,204,6,0,6,60,0,4,6,0,0,0,6,1,2,0,0,2,1,2,2,1,22,5,3,0,0,1,0,0,9,1,2
3,2,9,0,4,0,0,0,0,0,0,1,1,2,1,33,6,1998,2,11,2,1,2,572910,275683,37,2,1,2,411,3,1065,6,60,0,4,6,0,0,1,1,1,1,0,0,2,1,1,1,1,33,6,3,0,0,0,0,0,9,1,5
3,2,9,0,2,0,0,1,0,0,0,2,1,6,1,44,7,3199,1,15,1,2,2,571500,168511,46,2,2,6,544,6,0,6,30,0,4,6,0,0,0,1,2,2,0,0,1,1,1,1,1,33,6,3,0,0,0,0,0,9,1,5
3,1,9,0,4,0,0,0,0,0,0,2,1,6,2,39,7,1339,1,8,1,2,5,324569,110383,50,5,2,7,580,3,303,6,50,0,4,6,0,0,0,1,1,1,0,0,2,1,1,1,1,33,6,3,0,0,0,0,0,9,1,5
3,1,9,0,4,0,0,0,0,1,0,4,1,1,2,24,5,1229,1,4,2,1,1,447533,478333,12,1,1,2,181,5,88,6,60,0,4,6,0,0,0,1,1,2,0,0,2,1,1,1,2,24,5,3,0,0,0,0,0,9,2,2
3,1,9,0,18,0,2,0,0,0,0,1,1,6,1,38,7,1598,1,8,1,1,1,454815,343879,31,1,1,6,346,4,682,6,30,3,4,6,0,0,4,1,4,1,0,0,1,2,1,3,2,42,7,3,1,1,0,0,0,0,1,2
3,2,11,0,18,0,8,0,0,0,0,1,1,1,1,44,7,6700,2,3,1,2,2,607026,304257,36,2,2,4,406,4,1108,6,40,3,4,4,1135,0,0,1,1,1,0,0,2,1,1,1,1,33,6,3,0,0,0,0,0,9,1,5
3,2,9,0,18,0,1,0,0,0,0,4,1,6,1,35,6,1968,2,8,2,1,2,201171,46266,50,2,1,4,596,4,3273,6,60,6,4,6,0,0,0,1,1,1,0,0,2,1,1,2,2,30,6,3,0,0,1,0,0,9,2,7
3,1,9,0,4,0,0,0,0,0,0,2,1,3,2,51,8,1769,1,13,1,1,2,507640,181470,1,2,1,2,26,4,465,6,30,0,4,6,0,0,4,1,1,2,0,0,1,1,1,1,1,33,6,3,0,0,0,0,0,9,1,5
3,1,9,0,4,0,0,0,0,0,0,4,1,6,2,60,9,1598,1,13,1,1,1,528190,191240,1,1,1,3,30,6,0,6,30,0,4,6,0,0,8,1,1,1,0,0,1,1,1,3,2,11,3,3,5,9,0,0,2,0,1,5
3,2,9,0,9,0,8,0,0,0,0,1,1,2,1,35,6,1997,2,13,1,1,2,528560,175760,1,2,1,2,9,3,3036,6,30,6,2,3,3216,0,5,1,1,1,0,0,1,1,1,1,1,33,6,3,0,0,0,0,0,9,1,5
3,1,9,0,18,0,0,1,10,1,4,1,1,6,2,37,7,1498,1,9,1,1,2,542830,176710,1,2,1,1,6,3,205,6,30,0,4,6,0,0,0,1,8,2,0,0,1,1,1,1,2,37,7,3,0,0,0,0,0,9,1,2
3,2,9,0,18,0,0,0,0,0,0,3,1,2,1,54,8,1248,2,6,1,1,2,326540,672170,95,2,1,2,923,6,0,6,30,0,4,6,0,0,5,1,1,1,0,0,1,1,1,1,1,54,8,3,0,0,0,0,0,9,1,5
2,2,9,0,9,0,8,0,0,0,0,3,1,6,1,20,4,1975,1,6,1,1,3,527410,173220,1,3,1,4,10,3,214,6,20,6,2,4,229,0,5,4,1,1,0,0,1,1,1,1,1,33,6,3,0,0,0,0,0,9,1,5
3,2,8,0,18,0,0,0,0,0,0,1,1,6,1,38,7,2402,2,10,1,1,2,523180,165240,1,2,1,3,21,3,2043,6,30,0,4,6,0,0,0,1,1,1,0,0,1,1,1,1,1,33,6,3,0,0,0,0,0,9,1,5
3,2,9,0,4,0,2,0,0,0,0,2,1,1,1,35,6,1995,2,3,1,2,2,503644,488119,12,2,2,3,186,3,64,6,30,3,2,6,439,0,8,1,1,1,0,0,1,1,1,1,1,35,6,3,0,0,0,0,0,9,1,5
3,1,9,0,18,0,0,0,0,0,0,1,1,6,2,25,5,995,1,11,1,1,1,366298,82708,55,1,1,5,646,5,916,6,20,0,4,6,0,0,0,1,1,1,0,0,2,2,1,3,2,26,6,3,9,8,0,0,0,0,1,6
3,1,9,0,4,0,0,1,0,0,0,1,1,6,1,24,5,1686,2,8,3,3,3,561280,172700,46,3,3,5,532,3,2,3,70,0,4,6,0,0,0,1,1,1,0,0,2,1,1,1,1,24,5,3,0,0,0,0,0,9,3,6
3,1,9,0,18,0,1,0,0,0,0,1,1,6,2,31,6,1397,1,13,1,2,2,495566,237421,40,2,2,5,424,3,421,3,70,1,2,3,421,0,0,1,1,1,0,0,2,1,1,1,2,31,6,3,0,0,0,0,0,9,1,2
3,1,9,0,18,0,0,0,0,0,0,1,1,6,2,49,8,1596,1,13,1,1,1,529110,174440,1,1,1,5,9,6,0,6,30,0,4,6,0,0,0,1,1,1,0,0,1,1,1,3,2,33,6,3,5,1,0,0,2,0,1,5
3,1,9,0,18,0,0,0,0,0,0,1,1,6,1,75,10,1598,1,8,1,2,3,328547,186695,61,3,2,6,733,1,4,3,70,0,4,6,0,0,0,1,1,1,0,0,2,1,2,2,2,68,10,3,0,0,1,0,0,9,1,5
3,1,17,0,18,0,0,0,0,0,0,0,1,6,3,38,7,1598,1,8,1,1,3,335527,358714,60,3,1,3,725,5,214,6,60,0,4,6,0,0,0,1,1,1,0,0,2,2,1,1,1,33,6,3,0,0,0,0,0,9,1,5
1,5,9,0,4,0,1,0,0,0,0,2,1,2,1,52,8,1598,1,8,3,5,5,489702,240546,43,5,5,4,479,1,1,3,70,5,4,1,1,0,0,1,1,1,0,0,2,1,5,1,1,52,8,3,0,0,0,0,0,9,3,8
3,2,9,0,7,0,5,0,0,0,0,4,1,6,3,38,7,1598,1,8,1,1,2,530810,183060,1,2,1,3,3,3,501,6,30,3,4,6,0,0,0,7,1,1,0,0,1,2,1,1,1,33,6,3,0,0,0,0,0,9,1,5
2,1,9,0,9,0,8,0,0,0,0,2,1,6,1,67,10,1598,1,8,3,1,2,296978,88213,50,2,1,7,581,6,0,6,30,3,4,6,0,0,0,4,1,1,0,0,1,1,1,1,1,33,6,3,0,0,0,0,0,9,1,5
2,2,3,0,18,0,2,0,0,0,0,1,1,6,1,30,6,124,1,6,3,1,2,473708,233181,43,2,1,4,476,3,421,6,60,3,4,5,1,0,0,6,1,2,0,0,2,1,1,1,1,30,6,2,0,0,0,0,0,3,3,8
3,1,9,0,18,0,0,0,0,0,0,0,1,1,2,38,7,1149,1,5,1,3,3,523792,162584,45,3,3,1,38,3,232,6,30,0,4,6,0,0,0,1,1,1,0,0,1,1,1,1,2,38,7,3,0,0,0,0,0,9,1,7
3,3,9,0,2,0,1,0,0,0,0,3,1,6,2,63,9,1598,1,8,2,1,3,454122,204036,43,3,1,4,482,4,4495,6,20,3,4,6,0,0,5,4,1,1,0,0,1,2,1,1,1,33,6,3,0,0,0,0,0,9,1,5
3,2,9,0,4,0,1,0,0,0,0,1,1,6,1,44,7,2499,1,9,1,1,2,529460,175330,1,2,1,6,9,3,3,6,30,3,4,3,3,0,0,1,1,1,0,0,1,1,1,1,1,33,6,3,0,0,0,0,0,9,1,5
2,1,9,0,18,0,1,0,0,0,0,1,1,6,2,59,9,1360,1,8,2,1,2,385375,158446,54,2,1,6,635,6,0,6,30,3,4,6,0,0,1,1,1,1,0,0,1,1,1,1,1,33,6,3,0,0,0,0,0,9,1,5
3,1,9,0,9,0,6,0,0,0,0,3,1,2,1,26,6,1242,1,3,1,1,2,555334,111765,47,2,1,4,556,3,22,9,50,8,4,6,0,0,0,1,1,1,0,0,2,1,1,1,1,33,6,3,0,0,0,0,0,9,1,5
3,1,9,0,9,0,6,0,0,0,0,3,1,2,2,64,9,1560,2,1,3,2,2,564725,316503,36,2,2,2,407,3,47,6,60,3,4,5,63,0,0,1,1,1,0,0,2,1,1,1,2,64,9,3,0,0,0,0,0,9,3,3
3,1,19,0,17,0,0,2,0,0,0,3,1,6,1,27,6,1598,1,8,3,1,1,286986,50382,50,1,1,4,584,3,379,6,60,0,4,6,0,0,0,6,2,2,0,0,2,1,1,1,1,27,6,3,0,0,0,0,0,19,3,6
3,2,9,0,4,0,0,0,0,0,0,2,1,6,1,64,9,5654,1,9,3,2,3,425814,285606,23,3,2,6,290,1,6,3,70,0,4,6,0,0,0,6,1,2,0,0,2,1,2,1,1,64,9,3,0,0,0,0,0,9,3,7
3,1,9,0,18,0,0,1,0,0,0,1,1,6,1,26,6,1984,1,1,1,2,2,354446,392194,5,2,2,3,92,6,0,6,50,0,4,6,0,0,0,4,2,2,0,0,2,1,2,2,1,25,5,3,0,0,1,0,0,9,1,2
3,1,9,0,18,0,1,0,0,0,0,1,1,6,1,40,7,2993,2,10,1,1,2,532430,164610,1,2,1,5,20,3,235,6,30,3,4,4,274,0,4,7,1,1,0,0,1,1,1,1,1,33,6,3,0,0,0,0,0,9,1,5
3,1,9,0,18,0,0,0,0,7,7,1,1,6,2,21,5,1598,1,8,1,2,1,378430,431570,4,1,2,3,72,3,56,3,70,0,4,6,0,0,0,4,6,3,0,0,2,1,1,1,2,21,5,3,0,0,0,0,0,9,1,1
3,2,1,0,14,0,1,0,8,0,0,1,1,6,2,38,7,1598,1,8,1,1,2,529700,187740,1,2,1,4,31,4,540,6,30,3,4,6,0,0,0,4,1,1,0,0,1,2,1,1,2,33,6,3,0,0,0,0,0,1,1,1
3,2,1,0,17,4,8,0,0,0,0,4,1,6,1,23,5,1598,1,8,1,1,2,507690,180360,1,2,1,2,26,3,408,7,30,1,4,5,0,0,0,1,1,1,0,0,1,1,1,1,1,23,5,3,0,0,0,0,0,1,1,3
3,1,19,0,1,0,2,0,0,0,0,2,1,6,1,26,6,2143,2,1,1,2,2,520060,298880,35,2,2,6,394,6,0,6,30,3,4,6,0,0,0,1,1,1,0,0,1,1,3,2,2,25,5,3,0,0,0,0,0,19,1,1
2,1,5,0,18,0,0,0,4,0,0,1,1,6,1,45,7,750,1,22,1,1,2,495460,264916,40,2,1,2,420,5,12,6,30,0,4,6,0,0,0,1,1,1,0,0,1,1,1,1,1,45,7,2,0,0,0,0,0,5,1,3
2,2,9,0,18,0,1,0,0,0,0,1,1,6,1,18,4,1596,1,9,1,4,2,322374,689042,94,2,4,6,925,4,9157,6,60,8,4,6,0,0,0,1,1,2,0,0,2,1,4,2,1,16,4,3,0,0,1,0,0,9,3,5
3,3,9,0,18,0,0,0,0,0,0,2,1,6,2,44,7,1598,1,8,3,1,3,290089,178573,62,3,1,5,740,3,48,3,60,0,4,6,0,0,0,1,1,1,0,0,2,1,1,1,1,33,6,3,0,0,0,0,0,9,1,5
3,2,1,0,18,0,1,0,4,0,0,1,1,6,1,18,4,1598,1,8,1,1,2,532060,178440,1,2,1,1,8,6,0,6,30,6,4,6,0,0,0,1,1,1,0,0,1,1,1,1,1,18,4,3,0,0,0,0,0,1,1,5
3,1,9,0,16,0,0,0,0,0,10,1,1,6,1,24,5,1798,1,7,1,2,1,348170,446910,4,1,2,1,85,4,5272,6,60,0,4,6,0,0,0,6,4,2,0,0,2,1,2,2,2,19,4,3,0,0,1,0,0,9,1,5
3,2,9,0,3,0,8,0,0,0,0,2,1,1,2,44,7,1598,2,3,1,1,2,442853,413037,13,2,1,6,206,4,6273,6,30,3,4,6,0,0,0,1,1,1,0,0,2,2,1,1,2,44,7,3,0,0,0,0,0,9,1,6
3,1,19,0,5,0,0,0,0,0,0,3,1,6,1,49,8,2148,2,7,1,1,1,529756,138928,47,1,1,3,560,4,2036,6,40,0,4,6,0,0,0,1,1,2,4,0,2,1,1,3,1,51,8,3,9,5,0,0,1,0,1,7
3,3,9,0,18,0,0,0,0,0,0,2,1,6,1,68,10,1598,1,8,1,2,3,328547,186695,61,3,2,6,733,1,4,3,70,0,4,6,0,0,0,1,1,1,0,0,2,1,1,1,1,33,6,3,0,0,0,0,0,9,1,5
3,1,9,0,9,0,5,0,0,0,0,4,1,6,2,34,6,1598,1,8,1,2,2,523110,215330,41,2,2,6,438,4,197,6,40,3,4,6,1337,0,0,1,1,1,0,0,1,1,2,2,1,3,1,3,0,0,2,0,0,9,1,10
3,2,9,0,2,0,1,0,0,1,1,2,1,6,3,38,7,1598,1,8,2,2,2,549170,278810,35,2,2,5,391,5,335,6,30,3,4,6,0,0,0,4,1,2,0,0,2,1,1,1,1,33,6,3,0,0,0,0,0,9,1,5
3,1,9,0,18,0,1,0,0,0,0,1,1,1,2,38,7,1598,1,2,1,1,1,558857,180652,42,1,1,3,462,6,0,6,30,2,4,6,0,0,4,1,1,2,0,0,1,1,1,3,1,13,3,3,1,3,0,0,0,0,1,5
3,1,9,0,10,0,8,0,0,0,0,2,1,6,1,33,6,1598,2,2,1,1,4,537050,187460,1,4,1,5,13,3,1006,6,30,3,4,6,0,0,0,1,1,1,0,0,1,1,1,1,1,33,6,3,0,0,0,0,0,9,1,5
2,1,9,0,9,0,6,0,0,0,0,1,1,6,2,27,6,1198,1,1,1,1,2,373770,392870,6,2,1,4,112,3,6144,6,30,3,4,6,0,0,0,1,1,1,0,0,1,1,1,1,1,33,6,3,0,0,0,0,0,9,1,5
3,2,9,0,18,0,1,0,0,0,0,3,1,6,1,53,8,2299,1,30,1,3,2,534030,195960,1,2,3,1,32,5,0,6,30,3,4,6,0,0,1,1,1,1,0,0,1,1,3,2,2,54,8,3,0,0,1,0,0,9,1,4
3,2,1,0,18,0,8,0,0,0,0,4,1,2,1,29,6,1598,1,8,1,1,2,506258,428498,16,2,1,3,228,3,1105,3,30,3,4,6,0,0,0,1,2,2,0,0,1,1,1,1,1,29,6,3,0,0,0,0,0,1,1,1
3,3,9,0,4,0,0,0,0,0,0,2,1,6,1,49,8,1598,1,1,1,3,3,561280,172700,46,3,3,5,532,3,2,3,70,0,4,6,0,0,0,1,1,1,0,0,2,1,3,1,1,49,8,3,0,0,0,0,0,9,1,2
2,2,5,0,18,0,0,0,0,0,0,3,1,2,1,62,9,1298,1,7,3,1,3,490380,178783,43,3,1,5,474,1,4,3,70,0,4,6,0,0,0,4,1,2,0,0,2,1,1,1,1,62,9,2,0,0,0,0,0,5,3,9
2,3,9,0,18,0,0,0,0,0,0,3,1,2,2,47,8,2993,2,4,3,1,3,551622,124147,47,3,1,5,556,3,272,6,60,0,4,6,0,0,0,1,2,2,0,0,2,1,1,1,1,33,6,3,0,0,0,0,0,9,1,5
3,1,9,0,18,0,0,0,0,0,0,1,1,2,2,25,5,1388,1,11,1,1,1,372570,430350,4,1,1,4,75,3,678,6,30,0,4,6,0,0,0,1,2,2,0,0,2,1,1,3,2,70,10,3,5,1,0,0,0,0,2,2
1,2,9,0,18,0,0,0,0,0,0,1,1,6,1,25,5,1998,1,16,3,3,2,339444,115030,52,2,3,3,610,6,0,6,60,0,4,6,0,0,0,1,1,2,0,0,2,1,3,2,1,62,9,2,0,0,1,0,0,9,3,5
3,1,9,0,18,0,1,0,0,0,0,1,1,6,3,38,7,1598,1,8,1,1,2,562322,196700,42,2,1,4,452,3,12,1,70,1,4,3,1023,0,0,1,1,1,0,0,2,2,1,1,1,33,6,3,0,0,0,0,0,9,1,5
3,2,9,0,9,0,1,0,0,0,0,3,1,2,1,50,8,1984,1,14,1,1,2,497652,144459,45,2,1,3,517,3,3100,6,30,3,4,6,0,0,0,1,1,1,0,0,1,1,1,1,1,33,6,3,0,0,0,0,0,9,1,5
3,1,9,0,9,0,6,0,0,0,0,1,1,6,1,38,7,1360,1,11,1,1,2,414798,434143,13,2,1,7,200,3,6177,6,30,3,4,6,0,0,0,4,1,2,0,0,1,1,1,1,1,33,6,3,0,0,0,0,0,9,1,5
2,2,1,0,14,0,8,1,0,0,0,3,1,6,1,63,9,1598,1,8,2,1,2,453877,91767,44,2,1,2,505,6,0,6,30,3,4,6,0,0,0,1,1,1,0,0,2,1,1,1,1,63,9,2,0,0,0,0,0,1,2,5
3,2,9,0,18,0,1,0,0,0,0,1,1,6,2,31,6,1560,2,1,2,1,2,287456,62250,50,2,1,2,587,6,0,6,30,3,4,6,0,0,0,1,1,1,0,0,1,1,1,1,1,33,6,3,0,0,0,0,0,9,1,5
3,1,9,0,4,0,1,0,0,0,0,0,1,1,1,36,7,2993,2,2,1,2,3,334315,391536,5,3,2,2,91,3,5038,6,30,3,4,6,0,0,0,4,1,1,0,0,1,1,1,1,1,33,6,3,0,0,0,0,0,9,1,5
2,4,9,0,3,0,0,0,0,0,0,2,1,6,1,46,8,2521,1,8,1,1,8,502526,178185,43,8,1,3,473,1,4,3,70,0,4,6,0,0,0,1,2,2,0,0,2,1,1,1,1,33,6,3,0,0,0,0,0,9,1,5
3,1,9,0,18,0,0,1,0,7,11,3,1,6,2,21,5,1598,1,12,3,1,1,130947,657284,97,1,1,6,913,3,846,6,60,0,4,6,0,0,0,1,5,2,0,0,2,1,1,1,2,21,5,3,0,0,0,0,0,9,3,5
3,2,9,0,4,0,0,1,0,0,0,2,1,2,2,44,7,1910,2,9,1,1,3,446216,124146,44,3,1,5,502,1,3,3,70,0,4,6,0,0,0,1,1,1,0,0,2,1,1,1,1,33,6,3,0,0,0,0,0,9,1,5
3,1,8,0,18,0,1,0,4,0,0,1,1,1,1,55,8,1598,1,8,1,1,2,349960,276610,22,2,1,5,286,3,49,6,60,5,4,4,4361,0,0,6,2,2,0,0,2,1,1,1,1,33,6,3,0,0,0,0,0,9,1,5
3,1,5,0,9,0,8,0,0,0,0,1,1,6,1,25,5,744,1,4,1,1,2,529240,178810,1,2,1,2,1,3,202,6,30,3,4,6,0,0,1,1,1,1,0,0,1,1,1,1,1,33,6,3,0,0,0,0,0,9,1,5
3,1,9,0,18,0,0,0,0,0,0,1,1,1,2,31,6,1598,2,1,1,1,2,432272,556885,10,2,1,4,150,3,1231,3,70,0,4,6,0,0,0,4,1,1,4,0,2,1,1,2,1,36,7,3,0,0,1,0,0,9,1,5
3,1,9,0,9,0,1,0,0,0,0,1,1,2,1,19,4,1229,1,2,1,2,2,429189,431919,13,2,2,6,204,6,0,6,30,3,4,6,0,0,0,1,1,1,0,0,1,1,2,2,1,19,4,3,0,0,1,0,0,9,1,1
3,1,3,0,18,0,1,0,0,0,0,1,1,6,1,30,6,1598,1,8,1,1,3,516370,181950,1,3,1,5,27,4,452,6,30,1,4,4,455,0,0,4,1,1,0,0,1,1,1,1,1,30,6,3,0,0,0,0,0,3,1,5
3,1,9,0,5,9,0,0,0,0,0,1,1,6,3,38,7,1598,1,8,1,1,1,429159,586826,10,1,1,3,139,6,6583,6,30,0,4,6,0,0,0,1,1,1,0,0,1,2,1,3,2,14,3,3,6,7,0,0,0,0,1,5
2,1,11,0,4,0,0,0,0,0,0,0,1,1,1,38,7,1598,1,8,1,1,1,541360,177970,1,1,1,6,6,5,0,6,30,0,4,6,0,0,0,1,1,1,0,0,1,1,1,2,1,48,8,2,0,0,0,3,0,11,1,6
3,2,1,0,18,0,0,0,0,0,0,0,1,2,1,50,8,1598,1,8,1,1,2,268723,654687,97,2,1,4,938,6,0,6,60,0,4,6,0,0,0,1,1,1,0,0,1,2,1,1,1,50,8,3,0,0,0,0,0,1,1,5
3,1,9,0,4,0,8,0,0,0,0,1,1,2,2,21,5,1388,1,3,1,1,2,508257,225636,40,2,1,3,421,3,6,6,40,3,4,6,0,0,8,1,1,1,0,0,1,1,1,1,1,33,6,3,0,0,0,0,0,9,1,5
3,1,9,0,18,0,8,0,0,0,0,4,1,6,1,55,8,1968,2,1,1,1,2,521260,183750,1,2,1,7,28,3,404,6,30,6,4,6,0,0,0,1,1,1,0,0,1,1,1,1,1,55,8,3,0,0,0,0,0,9,1,2
3,2,19,0,3,0,8,0,0,0,0,2,1,1,1,62,9,2148,2,8,1,1,2,512640,179940,1,2,1,7,27,3,3005,6,30,6,2,5,0,0,5,1,1,1,0,0,1,1,1,1,1,33,6,3,0,0,0,0,0,9,1,5
3,2,1,0,18,0,8,1,0,0,0,3,1,6,1,55,8,1598,1,8,3,1,2,380270,292570,22,2,1,2,286,6,0,6,30,9,4,6,0,0,0,1,1,1,5,0,2,2,1,1,1,55,8,3,0,0,0,0,0,1,3,8
3,2,9,0,5,0,1,0,0,0,0,1,1,6,2,29,6,1596,1,7,1,1,2,521170,186080,1,2,1,7,28,3,4088,2,40,5,4,3,406,0,0,1,1,1,0,0,1,1,1,1,1,33,6,3,0,0,0,0,0,9,1,5
3,1,9,0,5,0,0,0,0,0,0,2,1,6,2,65,9,1124,1,13,2,3,2,498361,374076,32,2,3,6,356,3,46,6,60,0,4,6,0,0,0,1,1,1,0,0,2,1,2,2,2,9,2,3,0,0,2,0,0,9,1,2
3,1,9,0,6,0,0,0,0,0,0,0,1,6,2,65,9,1242,1,8,1,1,2,258012,666625,97,2,1,6,926,3,82,6,30,0,4,6,0,0,0,1,1,1,0,0,1,1,1,1,1,33,6,3,0,0,0,0,0,9,1,5
3,2,9,0,5,0,8,0,0,0,0,1,1,1,1,24,5,1598,1,8,1,1,2,543850,182720,1,2,1,4,17,3,406,1,30,1,2,3,13,0,5,1,1,2,0,0,2,1,1,1,1,33,6,3,0,0,0,0,0,9,1,5
3,1,9,0,16,0,0,0,0,0,0,3,1,6,3,38,7,1598,1,8,1,1,2,291715,370279,60,2,1,7,721,3,548,6,60,0,4,6,0,0,0,1,1,1,0,0,2,2,1,1,1,33,6,3,0,0,0,0,0,9,1,5
3,1,9,0,12,0,0,0,0,0,0,0,1,6,3,38,7,1598,1,8,1,2,3,402699,294822,20,3,2,7,300,1,6,3,70,0,4,6,0,0,0,4,1,1,0,0,2,2,1,1,1,33,6,3,0,0,0,0,0,9,1,5
2,1,5,0,18,0,1,1,0,0,0,1,1,6,1,65,9,999,1,5,1,1,2,504972,129240,47,2,1,3,559,4,2133,6,60,8,4,6,0,0,0,1,1,1,0,0,2,1,1,1,1,65,9,2,0,0,0,0,0,5,1,5
3,2,9,0,18,0,1,0,0,0,0,1,1,6,3,38,7,1598,1,8,1,2,2,433508,385879,14,2,2,1,215,3,625,6,30,3,4,6,0,0,0,1,1,1,0,0,1,2,1,1,1,33,6,3,0,0,0,0,0,9,1,5
3,1,9,0,17,0,0,1,0,1,4,4,1,6,2,23,5,1198,1,10,1,1,1,502318,197649,43,1,1,4,478,3,404,6,60,0,4,6,0,0,0,7,1,2,5,0,2,1,1,2,2,14,3,3,0,0,1,0,0,9,1,8
3,2,9,0,18,0,0,0,0,0,0,1,1,6,1,38,7,1910,2,8,1,1,2,533380,172770,1,2,1,7,8,6,0,6,30,0,4,6,0,0,0,1,1,1,4,0,1,1,1,1,1,33,6,3,0,0,0,0,0,9,1,5
3,2,9,0,11,0,8,0,0,0,0,1,1,6,2,33,6,1461,2,4,1,1,2,359598,172217,52,2,1,4,601,3,4,9,30,1,4,3,4,0,0,1,1,1,0,0,1,1,1,1,1,33,6,3,0,0,0,0,0,9,1,5
3,2,9,0,7,0,4,0,0,0,0,4,1,1,1,57,9,2199,2,3,1,1,2,536549,211427,41,2,1,4,33,3,10,7,70,1,4,3,10,0,0,1,1,1,0,0,2,1,1,1,1,33,6,3,0,0,0,0,0,9,1,5
3,1,9,0,18,0,0,0,0,1,0,1,1,6,2,17,4,1598,1,8,1,1,3,256427,189487,62,3,1,4,745,3,4118,6,40,0,4,6,0,0,0,1,1,1,0,0,2,1,1,1,1,33,6,3,0,0,0,0,0,9,1,5
3,1,3,0,16,0,0,1,0,0,0,3,1,6,2,32,6,1598,1,8,1,1,1,628625,331846,36,1,1,1,405,4,1145,6,30,0,4,6,0,0,0,1,2,2,0,0,2,2,1,1,2,32,6,3,0,0,0,0,0,3,1,5
2,1,11,0,7,0,6,0,0,0,0,0,1,1,1,54,8,9000,2,1,1,1,1,460953,340897,31,1,1,3,343,6,0,6,30,6,4,6,0,0,0,1,9,1,0,0,1,2,1,2,2,93,11,2,0,0,0,3,0,11,1,7
3,1,9,0,18,0,0,5,4,0,0,1,1,6,1,12,3,3960,6,19,1,2,3,367350,416180,4,3,2,3,70,3,675,6,30,0,4,6,0,0,0,4,5,2,0,0,2,1,1,1,1,12,3,3,0,0,0,0,0,9,1,5
3,2,9,0,18,0,1,0,0,0,0,1,1,6,1,49,8,3456,1,3,3,3,3,558744,127346,47,3,3,6,556,6,0,6,40,8,4,6,0,0,0,1,1,1,0,0,2,1,2,1,1,49,8,3,0,0,0,0,0,9,3,10
3,2,21,0,18,0,8,0,0,0,0,1,1,1,1,46,8,10837,2,9,3,1,2,358690,467900,4,2,1,4,76,4,6480,6,60,3,3,6,0,0,0,1,1,1,0,0,2,1,1,1,1,33,6,3,0,0,0,0,0,9,1,5
3,3,9,0,9,0,5,0,0,0,0,0,1,6,3,38,7,1598,1,8,1,3,3,202690,215580,63,3,3,2,752,3,40,6,60,8,4,6,0,0,0,1,1,1,0,0,2,1,1,1,1,33,6,3,0,0,0,0,0,9,1,5
2,1,21,1,18,0,0,3,4,8,11,4,1,1,1,46,8,12777,2,8,1,2,2,373974,369468,7,2,2,4,129,1,6,3,70,0,4,6,0,0,0,1,1,2,0,0,2,1,1,1,1,33,6,3,0,0,0,0,0,9,1,5
3,2,1,0,16,0,2,0,0,0,0,1,1,2,1,52,8,1598,1,8,1,1,2,411287,223366,53,2,1,1,621,6,731,6,30,3,4,6,731,0,0,1,1,1,0,0,2,1,1,1,1,52,8,3,0,0,0,0,0,1,1,5