accident_severity,vehicle_reference,vehicle_type,towing_and_articulation,vehicle_manoeuvre,vehicle_location-restricted_lane,junction_location,skidding_and_overturning,hit_object_in_carriageway,vehicle_leaving_carriageway,hit_object_off_carriageway,1st_point_of_impact,was_vehicle_left_hand_drive?,journey_purpose_of_driver,sex_of_driver,age_of_driver,age_band_of_driver,engine_capacity_(cc),propulsion_code,age_of_vehicle,driver_home_area_type,NUmber_of_Casualities_unique_to_accident_index,No_of_Vehicles_involved_unique_to_accident_index,location_easting_osgr,location_northing_osgr,police_force,number_of_vehicles,number_of_casualties,day_of_week,local_authority_(district),1st_road_class,1st_road_number,road_type,speed_limit,junction_detail,junction_control,2nd_road_class,2nd_road_number,pedestrian_crossing-human_control,pedestrian_crossing-physical_facilities,light_conditions,weather_conditions,road_surface_conditions,special_conditions_at_site,carriageway_hazards,urban_or_rural_area,did_police_officer_attend_scene_of_accident,casualty_reference,casualty_class,sex_of_casualty,age_of_casualty,age_band_of_casualty,casualty_severity,pedestrian_location,pedestrian_movement,car_passenger,bus_or_coach_passenger,pedestrian_road_maintenance_worker,casualty_type,casualty_home_area_type,casualty_imd_decile
3,2,9,0,18,9,0,0,0,1,0,1,1,6,2,21,5,1198,1,6,1,1,2,392595,342301,21,2,1,6,257,6,0,9,30,0,4,6,0,0,0,1,1,1,0,0,1,2,1,1,1,33,6,3,0,0,0,0,0,9,1,5
3,1,9,0,9,0,8,0,0,0,0,3,1,6,2,17,4,1360,1,9,1,5,2,428870,515540,11,2,5,3,161,5,55,6,30,6,4,6,0,0,0,4,1,2,0,0,1,1,3,2,2,16,4,3,0,0,2,0,0,9,1,5
3,2,9,0,18,0,8,0,0,0,0,3,1,6,1,45,7,1149,1,10,1,1,2,450614,517732,17,2,1,1,243,3,172,6,30,3,2,6,0,0,5,1,1,1,0,0,1,1,1,1,1,33,6,3,0,0,0,0,0,9,1,5
3,1,9,0,18,0,0,0,0,0,0,4,1,6,3,38,7,1598,1,8,1,1,1,578459,171848,46,1,1,5,544,6,0,6,30,0,4,6,0,0,0,1,1,1,0,0,2,2,1,3,1,62,9,3,6,8,0,0,0,0,2,4
3,2,9,0,18,0,0,2,0,7,0,3,1,2,2,23,5,998,1,4,1,2,2,246634,687286,96,2,2,4,939,3,811,6,60,0,4,6,0,0,0,6,1,4,0,0,2,1,2,1,2,23,5,3,0,0,0,0,0,9,3,5
3,1,9,0,18,0,1,0,0,0,0,3,1,6,1,69,10,1796,1,13,3,1,2,374451,164492,52,2,1,5,611,3,36,6,30,3,4,6,0,0,0,1,2,2,0,0,1,2,1,1,1,69,10,3,0,0,0,0,0,9,3,6
3,3,9,0,4,0,1,0,0,0,0,2,1,6,2,28,6,1769,1,13,1,1,3,493002,176959,43,3,1,3,474,3,308,6,60,3,4,4,3383,0,0,1,1,1,0,0,2,1,1,1,1,33,6,3,0,0,0,0,0,9,1,5
2,1,1,0,18,0,1,0,0,0,0,0,1,2,1,43,7,1598,1,8,1,2,1,368330,427520,4,1,2,3,70,6,0,2,30,7,2,6,0,0,4,1,1,1,0,0,1,1,1,1,1,43,7,3,0,0,0,0,0,1,1,1
3,2,9,0,18,0,1,0,0,0,0,3,1,6,1,58,9,998,1,2,2,2,2,522876,358504,32,2,2,5,351,3,153,6,30,3,4,5,608,0,0,1,1,1,0,0,2,1,2,1,1,58,9,3,0,0,0,0,0,9,2,6
2,3,20,1,18,0,8,1,0,0,0,2,1,1,1,62,9,1598,1,8,3,3,5,456290,274347,34,5,3,4,381,3,5,6,60,3,4,6,0,0,0,1,1,1,0,0,2,1,1,1,1,33,6,3,0,0,0,0,0,9,1,5
3,2,9,0,18,0,1,0,0,0,0,1,1,6,3,38,7,1390,1,11,1,2,2,533580,185850,1,2,2,6,4,3,10,6,30,3,4,6,0,0,0,4,1,1,0,0,1,1,1,1,1,33,6,3,0,0,0,0,0,9,1,5
3,2,8,0,18,0,0,0,0,0,0,4,1,1,3,55,8,2720,2,7,3,1,2,465934,260118,34,2,1,6,385,1,1,3,50,0,4,6,0,0,0,1,1,1,0,0,2,1,1,2,1,27,6,3,0,0,2,0,0,8,1,5
3,1,9,0,7,0,8,0,0,0,0,3,1,6,1,43,7,1560,2,3,1,5,2,575320,158250,46,2,5,2,536,3,229,1,40,1,4,6,0,0,8,1,1,1,0,0,2,1,5,2,1,4,1,3,0,0,2,0,0,9,1,4
3,2,9,0,4,0,1,0,0,0,0,2,1,2,1,54,8,1598,1,5,1,2,3,467706,172112,43,3,2,7,471,3,4,6,30,3,4,6,7115,0,0,1,1,2,0,0,1,1,1,1,1,33,6,3,0,0,0,0,0,9,1,5
3,1,9,0,18,0,0,0,0,1,11,1,1,6,2,24,5,1598,1,8,2,1,1,281826,181155,62,1,1,6,740,4,4283,6,30,0,4,6,0,0,0,4,1,1,0,0,1,1,1,1,2,24,5,3,0,0,0,0,0,9,2,5
3,2,2,0,7,0,6,0,0,0,0,1,1,2,2,23,5,1598,1,8,2,1,2,456729,413652,14,2,1,4,211,5,53,6,30,3,4,6,0,0,0,1,1,1,0,0,2,1,1,1,2,23,5,3,0,0,0,0,0,2,2,5
3,2,1,0,18,0,8,0,0,0,0,1,1,6,1,31,6,1598,1,8,1,1,2,548990,186880,1,2,1,4,16,3,1112,6,30,6,2,3,124,0,5,1,1,1,0,0,1,1,1,1,1,31,6,3,0,0,0,0,0,1,1,4
3,1,9,0,9,0,0,0,0,0,0,3,1,6,2,31,6,1753,2,7,1,1,2,418781,434412,13,2,1,2,200,6,0,6,30,0,4,6,0,0,8,1,1,1,0,0,1,1,1,1,2,31,6,3,0,0,0,0,0,9,1,1
3,1,9,0,18,0,8,0,10,1,4,1,1,6,2,45,7,1591,1,3,1,2,2,408840,282790,20,2,2,5,300,4,4217,6,30,6,2,6,0,0,0,1,1,1,0,0,1,1,1,1,2,45,7,3,0,0,0,0,0,9,1,5
3,2,9,0,18,0,8,0,0,0,0,2,1,6,2,32,6,1598,1,8,1,1,2,525615,407773,16,2,1,7,233,3,46,6,30,3,4,6,0,0,0,4,1,1,0,0,1,2,1,1,1,33,6,3,0,0,0,0,0,9,1,5
3,2,9,0,2,0,0,0,0,0,0,1,1,6,3,38,7,2967,2,5,1,1,3,538110,188130,1,3,1,1,13,4,159,6,30,0,4,6,0,0,0,1,1,1,0,0,1,1,1,1,1,33,6,3,0,0,0,0,0,9,1,5
3,1,9,0,16,0,2,0,0,0,0,1,1,6,3,38,7,1598,1,8,1,1,2,359893,85472,55,2,1,1,645,4,3157,6,30,3,4,6,0,0,0,1,9,1,0,2,2,2,1,1,1,33,6,3,0,0,0,0,0,9,1,5
2,1,9,0,18,0,0,0,0,0,0,1,1,6,3,38,7,1598,1,8,1,1,1,527730,168940,1,1,1,4,22,5,0,2,30,0,4,6,0,0,0,1,1,1,0,0,1,1,1,3,1,75,10,2,5,3,0,0,2,0,1,5
3,2,9,0,5,0,1,0,0,0,0,0,1,6,1,65,9,1560,2,5,3,1,3,500217,135307,45,3,1,6,517,5,33,6,60,3,4,5,33,0,0,1,1,2,0,0,2,1,1,1,1,33,6,3,0,0,0,0,0,9,1,5
3,2,9,0,3,0,8,0,0,0,0,2,1,6,2,74,10,1598,1,12,1,1,2,495874,266615,34,2,1,6,382,5,72,6,30,6,2,6,3514,0,0,1,1,1,0,0,1,1,1,1,2,74,10,3,0,0,0,0,0,9,1,4
3,1,9,0,5,0,6,0,0,0,0,1,1,6,2,47,8,1598,1,8,1,1,3,321893,179003,62,3,1,2,741,4,4239,6,30,3,4,6,0,0,0,1,1,1,0,0,1,1,1,1,1,33,6,3,0,0,0,0,0,9,1,5
1,1,9,0,18,0,0,1,0,1,11,1,1,6,1,23,5,1910,2,8,1,4,2,472867,345785,31,2,4,6,347,3,46,3,60,0,4,6,0,0,0,6,1,2,0,0,2,1,4,2,1,33,6,2,0,0,2,0,0,9,1,2
3,1,9,0,18,0,0,0,0,0,0,1,1,6,1,28,6,1598,1,11,1,3,3,363202,181331,52,3,3,1,612,1,4,3,70,0,4,6,0,0,0,4,2,2,0,0,1,1,1,1,1,28,6,3,0,0,0,0,0,9,1,3
3,1,5,0,4,0,4,0,0,0,0,0,1,6,1,60,9,2294,1,8,1,1,1,286856,72769,50,1,1,7,585,4,3195,6,30,2,4,6,0,0,0,1,1,1,0,0,1,1,1,1,1,60,9,3,0,0,0,0,0,5,1,5
3,1,9,0,7,0,5,0,0,0,0,1,1,1,1,19,4,1598,1,8,3,1,2,322070,472650,3,2,1,3,61,6,0,6,40,8,4,6,0,0,0,1,2,2,0,0,2,1,1,1,1,33,6,3,0,0,0,0,0,9,1,5
2,2,9,0,13,0,8,0,0,0,0,4,1,2,1,25,5,1984,1,8,1,1,3,361770,437290,4,3,1,5,80,6,0,6,60,8,4,4,6245,0,0,1,1,1,0,0,2,1,1,1,1,33,6,3,0,0,0,0,0,9,1,5
3,2,9,0,18,0,8,0,0,0,0,1,1,6,2,37,7,1968,2,1,1,1,4,421493,286639,23,4,1,7,290,1,6,3,70,5,4,1,6,0,0,1,1,1,0,0,2,1,1,1,2,37,7,3,0,0,0,0,0,9,1,6
2,3,98,0,18,0,0,0,0,0,0,0,1,6,1,27,6,4250,2,10,1,1,3,383156,286303,21,3,1,3,254,3,458,6,40,0,4,6,0,0,0,1,1,1,0,0,2,1,1,1,1,33,6,3,0,0,0,0,0,9,1,5
3,2,9,0,5,0,2,0,0,0,0,3,1,6,1,33,6,1797,8,5,1,1,2,520750,183690,1,2,1,6,28,6,0,6,30,3,4,6,0,0,0,1,1,1,0,0,1,1,1,1,1,33,6,3,0,0,0,0,0,9,1,5
3,1,9,0,6,0,0,0,0,7,11,2,1,6,2,17,4,1598,1,8,1,1,1,306431,383880,60,1,1,2,723,6,0,6,30,0,4,6,0,0,0,1,1,1,0,0,1,2,1,1,2,17,4,3,0,0,0,0,0,9,1,5
2,3,9,0,10,0,1,0,0,0,0,2,1,6,2,40,7,1461,2,4,1,5,5,393620,398700,6,5,5,6,110,3,627,6,30,6,2,3,627,0,5,1,1,1,0,0,1,1,5,2,2,12,3,3,0,0,1,0,0,9,1,8
3,2,1,0,18,0,8,0,0,0,0,1,1,6,1,76,11,1598,1,8,1,1,2,470217,354481,31,2,1,7,345,6,0,1,30,2,4,6,0,0,0,1,1,1,0,0,2,2,1,1,1,76,11,3,0,0,0,0,0,1,1,5
2,1,11,0,18,0,1,0,0,0,0,1,1,1,1,44,7,8268,2,12,1,1,1,533650,178330,1,1,1,2,8,3,2,3,30,6,2,4,214,0,5,1,1,1,0,0,1,1,1,3,1,26,6,2,1,3,0,0,2,0,1,5
2,2,9,0,18,0,0,0,0,0,0,1,1,6,1,77,11,1298,1,12,3,1,2,308695,731925,93,2,1,6,934,3,9,6,60,0,4,6,0,0,0,1,1,2,0,0,2,1,1,1,1,77,11,2,0,0,0,0,0,9,3,5
3,2,9,0,18,0,1,0,0,0,0,1,1,6,1,27,6,1388,1,9,1,5,2,331260,392939,5,2,5,2,95,3,554,6,30,3,4,6,0,0,0,1,1,1,0,0,1,1,3,2,2,5,1,3,0,0,2,0,0,9,1,1
3,1,9,0,9,0,8,0,0,0,0,1,1,6,1,26,6,1248,1,3,1,1,2,538000,172140,1,2,1,3,7,3,21,6,30,3,4,6,0,0,0,1,1,1,0,0,1,1,1,1,1,33,6,3,0,0,0,0,0,9,1,5
3,1,9,0,17,0,0,1,0,5,0,2,1,6,2,39,7,1598,1,8,2,1,1,507474,167444,45,1,1,4,40,1,3,3,70,0,4,6,0,0,0,6,1,2,0,0,2,1,1,1,2,39,7,3,0,0,0,0,0,9,2,9
3,2,1,0,18,0,0,0,0,0,0,3,1,1,1,40,7,1598,1,8,1,1,2,398260,287900,20,2,1,5,305,3,4034,3,40,0,4,6,0,0,0,1,1,1,0,0,1,1,1,1,1,40,7,3,0,0,0,0,0,1,1,10
2,1,9,0,18,0,2,0,0,0,0,4,1,2,1,26,6,3311,8,7,1,1,1,322980,672270,95,1,1,2,923,3,71,6,30,3,4,6,0,0,4,1,1,1,0,0,1,1,1,3,1,27,6,2,4,1,0,0,0,0,1,5
3,1,3,0,18,0,0,0,0,0,0,3,1,6,1,40,7,124,1,7,1,1,1,485151,448253,16,1,1,1,231,6,0,6,30,0,4,6,0,0,0,1,1,1,0,0,2,1,1,1,1,40,7,3,0,0,0,0,0,3,1,1
3,1,9,0,18,0,8,0,0,0,0,1,1,6,1,77,11,1199,1,11,1,2,1,544790,167770,1,1,2,3,19,5,0,6,30,3,4,5,0,0,0,4,1,1,0,0,1,1,1,1,1,77,11,3,0,0,0,0,0,9,1,7
3,2,9,0,10,0,1,0,0,0,0,2,1,6,2,43,7,1686,2,4,1,1,3,452785,356861,31,3,1,5,340,4,6139,6,60,6,2,3,611,0,0,4,2,2,0,0,2,2,1,1,2,43,7,3,0,0,0,0,0,9,1,4
3,2,4,0,18,0,8,0,0,0,0,1,1,2,1,23,5,124,1,4,1,1,2,526629,136605,47,2,1,5,560,3,2219,3,30,1,4,6,0,0,8,1,1,1,0,0,1,1,1,1,1,23,5,3,0,0,0,0,0,4,1,10
3,1,9,0,18,0,1,0,0,0,0,1,1,6,1,38,7,1596,1,5,1,2,2,394420,288190,20,2,2,6,303,3,459,6,30,3,4,6,0,0,0,4,9,1,0,0,1,2,1,1,1,33,6,3,0,0,0,0,0,9,1,5
3,1,9,0,18,0,8,0,0,0,0,1,1,6,2,38,7,2497,2,11,1,2,2,544390,185810,1,2,2,4,14,6,0,6,30,6,4,6,0,0,0,4,1,2,0,0,1,2,2,2,1,6,2,3,0,0,2,0,0,9,1,4
3,1,9,0,16,0,0,2,0,0,0,1,1,6,2,18,4,1598,1,8,2,1,1,238530,226370,63,1,1,2,751,3,484,6,60,0,4,6,0,0,0,1,1,2,0,0,2,1,1,2,2,17,4,3,0,0,2,0,0,9,2,5
3,1,9,0,9,0,6,0,0,0,0,3,1,6,2,57,9,2597,1,13,2,2,3,411781,316308,21,3,2,7,252,3,515,6,60,3,4,3,513,0,0,1,1,2,0,0,2,1,2,1,2,57,9,3,0,0,0,0,0,9,2,6
2,4,9,0,18,0,0,0,0,0,0,1,1,6,2,34,6,1200,1,1,1,2,4,363851,349750,7,4,2,5,129,3,530,6,60,0,4,6,0,0,0,1,1,1,0,0,2,1,1,1,1,33,6,3,0,0,0,0,0,9,1,5
3,2,9,0,18,0,0,0,0,1,10,1,1,6,1,36,7,1600,1,15,2,4,2,494858,415302,16,2,4,7,232,4,1207,6,60,0,4,6,0,0,0,1,2,2,0,0,2,2,2,2,2,33,6,3,0,0,1,0,0,9,2,3
2,2,9,0,3,0,5,0,0,0,0,2,1,6,1,38,7,1461,2,8,1,1,2,511968,196366,41,2,1,7,33,6,308,6,20,3,4,6,32,0,1,1,1,1,0,0,1,2,1,1,1,33,6,3,0,0,0,0,0,9,1,5
3,2,9,0,2,0,0,0,0,1,11,2,1,6,2,44,7,1997,2,15,2,3,2,398133,570765,10,2,3,7,139,3,68,6,60,0,4,6,0,0,0,1,3,3,0,0,2,1,2,1,2,44,7,3,0,0,0,0,0,9,2,3
3,2,9,0,18,0,1,0,0,0,0,1,1,6,2,39,7,1596,1,11,1,1,3,387956,349223,21,3,1,2,257,3,53,6,30,3,4,4,5050,0,0,1,1,1,0,0,1,1,1,1,1,33,6,3,0,0,0,0,0,9,1,5
3,1,9,0,18,0,0,0,0,0,0,3,1,1,1,48,8,1896,2,6,1,1,2,537110,191270,1,2,1,7,13,3,406,3,30,0,4,6,0,0,0,1,1,1,0,0,1,1,1,1,1,48,8,3,0,0,0,0,0,9,1,2
2,1,11,0,11,0,0,0,6,0,0,1,1,1,1,49,8,11967,2,8,1,5,1,509879,158126,45,1,5,2,510,1,25,3,70,0,4,6,0,0,0,1,2,2,0,0,2,1,3,2,1,10,2,3,0,0,0,4,0,11,1,3
2,2,9,0,18,0,0,0,0,0,0,1,1,6,1,62,9,2987,2,8,3,1,2,499707,126587,47,2,1,4,559,6,0,6,60,0,4,6,0,0,0,1,2,2,0,0,2,1,1,1,1,33,6,3,0,0,0,0,0,9,1,5
3,2,11,0,18,2,1,0,0,0,0,0,1,1,1,26,6,9360,2,5,1,4,2,519100,184990,1,2,4,6,28,3,404,6,30,3,4,6,0,0,4,1,9,1,0,0,1,1,2,2,1,66,10,3,0,0,0,4,0,11,1,2
3,2,5,0,18,0,0,0,0,0,0,1,1,6,1,61,9,680,1,2,1,1,2,407857,94681,55,2,1,5,640,6,0,6,30,0,4,6,0,0,0,1,1,1,0,0,1,2,1,1,1,61,9,3,0,0,0,0,0,5,1,5
3,1,9,0,9,0,6,0,0,0,0,3,1,6,1,79,11,1329,1,3,1,4,2,428907,230585,23,2,4,5,293,6,0,6,60,3,4,6,0,0,0,1,1,1,0,0,2,1,1,1,1,79,11,3,0,0,0,0,0,9,1,5
3,1,9,0,6,0,0,0,0,0,0,0,1,6,2,45,7,1339,1,4,1,1,2,528550,190240,1,2,1,6,31,4,550,6,30,0,4,6,0,0,0,4,1,1,0,0,1,1,1,1,1,33,6,3,0,0,0,0,0,9,1,5
1,1,21,1,18,0,1,0,0,0,0,1,1,1,1,55,8,10837,2,8,3,5,5,489702,240546,43,5,5,4,479,1,1,3,70,5,4,1,1,0,0,1,1,1,0,0,2,1,1,1,1,55,8,3,0,0,0,0,0,21,3,7
3,1,9,0,18,0,1,0,0,0,0,0,1,6,2,28,6,1560,2,11,1,1,2,166720,26498,50,2,1,7,596,3,394,1,40,1,4,6,0,0,0,1,1,1,0,0,2,1,1,1,1,33,6,3,0,0,0,0,0,9,1,5
3,1,9,0,18,0,6,0,0,0,0,1,1,6,1,19,4,1598,1,8,2,3,2,410457,206492,53,2,3,4,621,4,4425,6,60,7,4,5,152,0,0,1,1,1,0,0,2,1,1,1,1,19,4,3,0,0,0,0,0,9,2,6
3,1,19,0,9,0,6,0,0,0,0,3,1,6,1,43,7,1896,2,11,1,1,2,430196,435204,13,2,1,3,204,6,0,6,30,3,4,6,0,0,0,1,1,2,0,0,1,1,1,1,1,33,6,3,0,0,0,0,0,9,1,5
3,1,9,0,18,0,8,0,0,0,0,1,1,6,1,74,10,1198,1,9,1,1,2,334277,115279,52,2,1,5,610,3,303,6,60,1,4,3,358,0,0,1,1,1,0,0,2,1,1,1,1,33,6,3,0,0,0,0,0,9,1,5
3,1,9,0,5,7,4,0,0,0,0,1,1,5,1,43,7,1896,2,11,1,1,2,588294,187036,42,2,1,5,460,6,0,1,30,1,4,6,0,0,0,4,2,2,0,0,1,2,1,1,1,33,6,3,0,0,0,0,0,9,1,5
3,2,9,0,12,0,0,1,0,4,6,1,1,6,1,29,6,1229,1,3,2,2,4,536600,218160,41,4,2,2,432,3,10,3,70,0,4,6,0,0,0,6,1,2,0,0,2,1,1,2,2,22,5,3,0,0,1,0,0,9,3,10
3,1,9,0,18,0,0,0,0,0,0,1,1,2,2,56,9,1595,1,16,2,2,3,536310,195730,1,3,2,5,32,3,110,3,30,0,4,6,0,0,0,4,8,2,0,0,2,1,1,1,2,56,9,3,0,0,0,0,0,9,2,7
3,2,9,0,18,0,2,0,0,0,0,1,1,6,1,48,8,2198,1,9,1,3,4,504029,178339,43,4,3,6,473,1,4,3,70,5,4,1,4,0,0,4,1,1,0,0,2,1,1,1,1,33,6,3,0,0,0,0,0,9,1,5
2,1,9,0,6,0,0,0,0,0,0,1,1,6,2,76,11,1598,1,1,1,1,2,345660,484210,3,2,1,6,65,3,590,6,60,0,4,6,0,0,0,1,1,1,0,0,2,1,1,1,1,33,6,3,0,0,0,0,0,9,1,5
3,1,9,0,17,9,0,0,10,1,2,1,1,6,1,65,9,1998,1,1,1,1,1,433570,279870,20,1,1,5,302,6,0,6,30,0,4,6,0,0,0,1,1,1,0,0,1,1,1,1,1,65,9,3,0,0,0,0,0,9,1,2
3,2,9,0,10,0,8,0,0,0,0,1,1,6,2,24,5,1598,1,8,1,1,2,437807,564404,10,2,1,2,149,5,409,6,30,8,4,6,3088,0,8,1,1,1,0,0,1,2,1,1,2,24,5,3,0,0,0,0,0,9,1,2
3,1,9,0,18,0,8,0,0,0,0,4,1,6,2,44,7,1596,1,7,1,1,2,537000,170300,1,2,1,3,19,6,0,6,30,3,4,6,0,0,0,1,1,1,0,0,1,1,1,2,2,74,10,3,0,0,1,0,0,9,1,4
3,1,8,0,18,0,8,0,0,0,0,3,1,1,1,34,6,1339,8,4,1,1,2,526910,181040,1,2,1,1,1,5,0,6,30,6,4,6,0,0,0,4,1,1,0,0,1,1,1,1,1,34,6,3,0,0,0,0,0,8,1,3
3,1,3,0,18,0,8,0,0,0,0,1,1,6,1,25,5,124,1,2,1,2,1,525690,181180,1,1,2,5,1,3,4206,6,30,3,4,6,0,0,0,4,1,1,0,0,1,1,1,1,1,25,5,3,0,0,0,0,0,3,1,7
3,1,9,0,9,0,5,0,0,0,0,4,1,6,1,30,6,1997,2,14,1,1,2,421087,562963,10,2,1,6,146,5,327,6,30,3,2,5,327,0,0,1,2,2,1,0,2,1,1,1,1,30,6,3,0,0,0,0,0,9,1,4
3,2,9,0,18,0,8,0,0,0,0,1,1,2,1,50,8,1368,1,7,1,1,2,508870,179980,1,2,1,3,26,3,437,1,30,1,4,6,0,0,8,4,1,1,0,0,1,1,1,1,1,33,6,3,0,0,0,0,0,9,1,5
3,2,9,0,18,0,1,0,0,0,0,1,1,6,3,38,7,1798,8,3,1,1,2,529970,191440,1,2,1,1,31,3,109,6,30,6,2,4,106,0,5,4,1,1,0,0,1,2,1,1,1,33,6,3,0,0,0,0,0,9,1,5
3,1,9,0,9,0,6,0,0,0,0,1,1,6,2,89,11,1299,1,16,1,2,2,373060,166267,52,2,2,7,611,6,0,6,30,3,4,6,0,0,0,1,1,1,0,0,1,1,1,1,2,89,11,3,0,0,0,0,0,9,1,5
3,2,9,0,4,0,0,0,0,0,0,2,1,6,2,53,8,998,1,3,1,1,4,529490,260630,35,4,1,4,395,3,428,6,60,0,4,6,0,0,0,1,1,1,0,0,2,1,1,1,2,53,8,3,0,0,0,0,0,9,1,2
3,1,9,0,18,0,0,0,0,0,0,1,1,2,2,19,4,999,1,2,1,2,2,415305,551788,11,2,2,3,169,3,693,6,60,0,4,6,0,0,0,1,1,1,0,0,2,1,1,1,2,19,4,3,0,0,0,0,0,9,1,3
3,1,9,0,17,0,0,1,0,0,0,1,1,6,3,38,7,1598,1,8,1,3,2,310544,172673,62,2,3,5,746,6,0,6,40,0,4,6,0,0,0,1,1,1,0,0,2,1,3,2,1,16,4,3,0,0,2,0,0,9,1,5
3,1,8,0,4,0,0,0,0,0,0,4,1,6,1,47,8,1797,8,5,1,1,2,520860,183940,1,2,1,4,28,3,404,6,30,0,4,6,0,0,8,7,1,1,0,0,1,1,1,1,1,33,6,3,0,0,0,0,0,9,1,5
3,2,9,0,17,0,0,0,0,0,0,1,2,6,1,28,6,1598,1,8,1,2,2,519560,188580,1,2,2,1,28,6,0,6,30,0,4,6,0,0,0,4,5,2,0,0,1,1,2,1,1,28,6,3,0,0,0,0,0,9,1,5
3,2,9,0,16,0,0,0,0,0,0,1,1,6,1,65,9,1149,1,1,3,1,2,466081,139549,44,2,1,6,497,6,0,6,30,0,4,6,0,0,0,1,1,1,0,0,2,1,1,1,1,33,6,3,0,0,0,0,0,9,1,5
2,2,3,0,18,0,0,0,0,0,0,0,1,6,1,17,4,124,1,2,1,1,2,367910,428480,4,2,1,6,70,3,677,6,30,0,4,6,0,0,0,1,1,1,0,0,1,1,1,1,1,17,4,2,0,0,0,0,0,3,1,2
3,2,11,0,18,0,2,0,0,0,0,0,1,6,2,23,5,1598,3,2,1,3,2,455523,341964,31,2,3,5,346,6,0,6,30,6,4,6,0,0,0,1,1,1,0,0,1,1,2,2,2,33,6,3,0,0,0,4,0,11,3,10
3,1,9,0,5,0,0,0,0,0,0,0,1,1,2,18,4,1198,1,1,1,1,2,630810,169440,46,2,1,6,541,3,28,6,30,0,4,6,0,0,0,1,1,1,0,0,1,1,1,1,1,33,6,3,0,0,0,0,0,9,1,5
2,2,90,0,2,0,8,0,0,1,0,2,1,1,3,38,7,1598,1,8,1,1,2,484040,156608,44,2,1,2,499,1,3,3,50,5,4,1,3,0,0,1,1,1,4,0,2,1,1,1,1,33,6,3,0,0,0,0,0,9,1,5
3,1,9,0,6,8,0,0,0,0,0,3,1,6,2,77,11,1799,1,9,2,1,2,433370,399055,14,2,1,4,210,3,616,6,60,0,4,6,0,0,0,1,1,1,0,0,2,1,1,1,2,77,11,3,0,0,0,0,0,9,2,10
3,2,19,0,4,0,1,0,0,0,0,2,1,6,3,38,7,1598,1,8,1,1,2,518090,183390,1,2,1,3,28,3,4005,6,30,3,2,6,0,0,0,1,1,1,0,0,1,2,1,1,1,33,6,3,0,0,0,0,0,9,1,5
3,2,1,0,18,0,8,0,0,0,0,1,1,6,1,52,8,1598,1,8,1,1,2,328960,669020,95,2,1,3,923,3,772,6,30,3,4,6,0,0,0,1,1,1,0,0,1,1,1,1,1,52,8,3,0,0,0,0,0,1,1,5
3,2,9,0,2,0,0,0,0,0,0,2,1,6,3,38,7,1242,1,5,1,1,4,331660,440630,4,4,1,7,71,3,587,6,30,0,4,6,0,0,0,4,7,2,0,0,1,1,1,1,1,33,6,3,0,0,0,0,0,9,1,5
3,2,9,0,18,0,1,0,0,0,0,1,1,1,1,38,7,1598,1,8,2,2,2,482721,237288,43,2,2,6,479,5,8005,6,60,3,4,6,1056,0,0,1,1,1,0,0,1,1,2,1,1,38,7,3,0,0,0,0,0,9,2,9
3,2,8,0,18,0,8,0,0,0,0,1,1,1,1,64,9,1598,1,8,1,1,2,382390,433030,4,2,1,1,72,3,671,6,30,3,2,6,0,0,5,1,1,1,0,0,1,1,1,1,1,64,9,3,0,0,0,0,0,8,1,1
3,1,9,0,18,0,4,0,0,1,2,1,1,6,2,35,6,1248,2,7,1,1,1,304126,666487,95,1,1,6,940,6,0,6,30,1,4,6,0,0,0,1,5,2,0,0,1,1,1,1,2,35,6,3,0,0,0,0,0,9,1,5
3,2,9,0,18,0,1,0,0,0,0,1,1,6,1,70,10,998,1,13,1,2,2,484428,238492,43,2,2,3,479,6,8106,3,30,6,4,6,1098,0,0,1,1,1,0,0,1,1,1,1,1,70,10,3,0,0,0,0,0,9,1,10
2,4,9,0,18,0,0,0,0,0,0,1,1,6,2,49,8,1591,1,3,1,6,4,433149,396275,14,4,6,2,215,3,61,6,50,0,4,6,0,0,0,1,1,2,0,0,2,1,4,1,2,49,8,3,0,0,0,0,0,9,1,7
3,1,8,0,18,0,0,0,0,0,0,4,1,6,1,38,7,2402,2,10,1,1,1,471254,173504,43,1,1,7,472,6,7201,6,30,0,4,6,0,0,0,4,8,2,0,0,1,2,1,3,1,29,6,3,10,9,0,0,0,0,1,3
3,1,9,0,3,0,0,0,0,0,0,2,1,6,1,48,8,1896,2,5,1,3,2,532560,183660,1,2,3,1,3,3,1200,6,30,0,4,6,0,0,1,1,1,1,0,0,1,1,3,2,2,43,7,3,0,0,1,0,0,9,1,5
3,2,9,0,4,0,0,0,0,0,0,2,1,6,2,38,7,1390,1,14,1,1,2,385687,349189,21,2,1,3,253,3,500,3,70,0,4,6,0,0,0,4,2,2,0,0,2,2,1,1,2,38,7,3,0,0,0,0,0,9,1,4
3,1,9,0,7,0,6,0,0,0,0,1,1,6,3,38,7,1598,1,8,1,1,1,504499,429687,16,1,1,5,228,6,0,6,30,3,4,6,0,0,0,1,1,1,0,0,1,2,1,3,1,13,3,3,5,1,0,0,0,0,1,2
3,1,9,0,17,0,4,0,0,0,0,3,1,6,2,23,5,1398,1,8,1,1,2,255776,661076,97,2,1,7,926,4,762,1,30,1,4,4,769,0,0,4,1,1,0,0,1,1,1,1,2,23,5,3,0,0,0,0,0,9,1,5