accident_severity,vehicle_reference,vehicle_type,towing_and_articulation,vehicle_manoeuvre,vehicle_location-restricted_lane,junction_location,skidding_and_overturning,hit_object_in_carriageway,vehicle_leaving_carriageway,hit_object_off_carriageway,1st_point_of_impact,was_vehicle_left_hand_drive?,journey_purpose_of_driver,sex_of_driver,age_of_driver,age_band_of_driver,engine_capacity_(cc),propulsion_code,age_of_vehicle,driver_home_area_type,NUmber_of_Casualities_unique_to_accident_index,No_of_Vehicles_involved_unique_to_accident_index,location_easting_osgr,location_northing_osgr,police_force,number_of_vehicles,number_of_casualties,day_of_week,local_authority_(district),1st_road_class,1st_road_number,road_type,speed_limit,junction_detail,junction_control,2nd_road_class,2nd_road_number,pedestrian_crossing-human_control,pedestrian_crossing-physical_facilities,light_conditions,weather_conditions,road_surface_conditions,special_conditions_at_site,carriageway_hazards,urban_or_rural_area,did_police_officer_attend_scene_of_accident,casualty_reference,casualty_class,sex_of_casualty,age_of_casualty,age_band_of_casualty,casualty_severity,pedestrian_location,pedestrian_movement,car_passenger,bus_or_coach_passenger,pedestrian_road_maintenance_worker,casualty_type,casualty_home_area_type,casualty_imd_decile
3,3,9,0,2,0,1,0,0,0,0,3,1,6,3,30,6,1364,1,7,1,1,4,227220,676470,97,4,1,2,928,6,0,6,30,6,4,6,0,0,0,1,1,1,0,0,1,1,1,1,1,33,6,3,0,0,0,0,0,9,1,5
2,2,9,0,18,0,0,0,0,0,0,1,1,6,1,39,7,1490,1,7,2,1,2,501460,203340,41,2,1,3,431,5,73,6,30,0,4,6,0,0,0,1,1,1,0,0,2,1,1,1,1,33,6,3,0,0,0,0,0,9,1,5
2,1,9,0,18,0,8,0,0,0,0,4,1,6,1,83,11,1598,1,3,1,2,3,385130,432450,4,3,2,6,72,6,0,6,30,3,4,6,0,0,0,4,1,2,0,0,1,1,1,1,1,83,11,2,0,0,0,0,0,9,1,3
3,1,3,0,18,0,2,0,0,0,0,1,1,6,1,33,6,125,1,8,1,1,3,488885,191470,43,3,1,5,480,6,672,6,30,3,4,6,1970,0,0,1,1,2,0,0,1,1,1,1,1,33,6,3,0,0,0,0,0,3,1,4
3,2,1,0,18,0,2,1,0,0,0,3,1,6,1,21,5,1598,1,8,1,1,2,364749,365349,7,2,1,6,130,5,652,6,30,3,4,6,0,0,0,1,1,1,0,0,1,1,1,1,1,21,5,3,0,0,0,0,0,1,1,1
3,2,9,0,9,0,5,0,0,0,0,0,1,1,1,45,7,1598,1,8,1,1,2,523120,184690,1,2,1,7,28,6,0,6,30,3,4,3,407,0,1,7,1,1,0,0,1,1,1,1,1,33,6,3,0,0,0,0,0,9,1,5
3,2,1,0,18,0,8,0,0,0,0,3,1,6,1,32,6,1598,1,8,1,1,2,635490,165070,46,2,1,5,541,3,299,1,60,1,2,3,256,0,0,1,1,1,0,0,2,1,1,1,1,32,6,3,0,0,0,0,0,1,1,5
2,1,9,0,11,0,0,1,0,1,2,1,1,6,1,23,5,1998,1,12,1,2,2,456310,298005,33,2,2,6,360,3,426,3,50,0,4,6,0,0,0,1,1,1,0,0,1,1,1,1,1,23,5,3,0,0,0,0,0,9,1,6
3,2,19,0,18,0,0,0,0,0,0,3,1,1,1,56,9,1598,1,8,1,1,3,391479,345815,21,3,1,2,257,3,5272,6,30,0,4,6,0,0,0,4,1,1,0,0,1,1,1,1,1,56,9,3,0,0,0,0,0,19,1,7
3,2,9,0,18,0,8,0,0,0,0,1,1,6,1,40,7,1997,1,14,1,2,2,415936,186368,54,2,2,7,633,3,4311,1,40,1,4,6,0,0,0,1,1,2,0,0,1,1,1,1,1,33,6,3,0,0,0,0,0,9,1,5
3,1,1,0,18,0,0,0,0,0,0,0,1,6,1,43,7,1598,1,8,1,1,2,514088,164871,45,2,1,5,510,3,307,6,30,0,4,6,0,0,0,1,1,1,0,0,1,2,1,1,1,43,7,3,0,0,0,0,0,1,1,10
3,1,9,0,9,0,8,0,0,0,0,1,1,6,1,50,8,1591,1,3,1,1,2,452362,519086,17,2,1,1,243,3,171,6,30,3,4,6,0,0,0,1,2,2,0,0,1,1,1,1,1,33,6,3,0,0,0,0,0,9,1,5
3,1,9,0,18,0,0,0,0,0,0,1,1,6,1,38,7,1360,1,9,1,1,2,465793,103310,44,2,1,5,498,6,0,6,30,0,4,6,0,0,0,1,1,1,0,0,1,2,1,1,1,33,6,3,0,0,0,0,0,9,1,5
2,1,9,0,16,0,8,0,0,0,0,1,1,6,2,35,6,1242,1,9,1,1,2,537260,181800,1,2,1,1,5,4,140,6,30,6,2,5,0,0,5,4,1,1,0,0,1,1,1,1,1,33,6,3,0,0,0,0,0,9,1,5
3,4,9,0,18,0,0,0,0,0,0,2,1,6,1,39,7,1296,1,9,1,2,4,425863,428018,13,4,2,2,204,6,0,6,30,0,4,6,0,0,0,4,1,1,0,0,1,1,1,1,1,33,6,3,0,0,0,0,0,9,1,5
3,1,3,0,17,0,0,2,0,1,0,1,1,6,1,23,5,124,1,2,2,1,1,237406,111003,50,1,1,2,588,3,388,6,40,0,4,6,0,0,0,1,1,1,0,0,2,1,1,1,1,23,5,3,0,0,0,0,0,3,2,3
3,1,9,0,18,0,0,5,0,1,0,4,1,6,2,27,6,1242,1,7,1,3,1,341342,169813,52,1,3,2,605,1,5,3,70,0,4,6,0,0,0,1,1,1,0,0,2,1,1,1,2,27,6,3,0,0,0,0,0,9,1,6
3,2,9,0,11,0,0,0,0,0,0,0,1,6,1,38,7,1769,1,12,1,1,2,514410,174090,1,2,1,4,24,6,0,3,30,0,4,6,0,0,0,1,1,1,0,0,1,2,1,1,1,33,6,3,0,0,0,0,0,9,1,5
3,1,9,0,18,0,0,2,0,0,0,0,1,1,1,19,4,1598,1,8,1,3,1,492393,162556,45,1,3,4,515,3,322,3,70,0,4,6,0,0,0,1,1,1,0,0,2,1,3,2,1,37,7,3,0,0,0,0,0,9,1,5
3,2,9,0,18,0,0,0,0,0,0,2,1,6,2,26,6,1997,2,11,3,1,2,181721,44917,50,2,1,4,596,6,0,6,30,0,4,6,0,0,0,1,1,1,0,0,1,1,1,1,1,33,6,3,0,0,0,0,0,9,1,5
3,2,9,0,4,0,1,0,0,0,0,2,1,1,1,38,7,1686,2,1,1,2,2,288913,59947,50,2,2,7,587,3,379,6,30,3,4,6,0,0,0,1,1,1,0,0,1,1,2,2,1,33,6,3,0,0,1,0,0,9,1,5
3,2,9,0,4,0,1,0,0,0,0,2,1,6,1,61,9,2300,1,18,1,2,4,525645,159806,45,4,2,1,513,4,2217,6,30,7,4,6,0,0,0,1,1,1,0,0,1,1,1,1,1,33,6,3,0,0,0,0,0,9,1,5
3,2,9,0,3,0,8,0,0,0,0,3,1,6,2,26,6,1229,1,6,1,1,2,392160,290140,20,2,1,2,303,6,0,6,30,8,4,6,0,0,0,1,9,1,0,0,1,2,1,1,2,26,6,3,0,0,0,0,0,9,1,3
2,1,20,0,13,0,0,2,0,0,0,3,1,6,1,19,4,1598,1,8,1,2,1,551092,233841,42,1,2,7,463,1,11,3,70,0,4,6,0,0,0,1,1,1,0,0,2,1,1,2,2,63,9,2,0,0,0,0,0,20,1,5
3,1,9,0,17,0,0,0,0,0,0,1,1,6,1,65,9,1598,1,3,3,1,1,182557,44906,50,1,1,6,596,6,0,2,30,0,4,6,0,0,0,1,1,1,0,0,1,2,1,3,2,69,10,3,9,8,0,0,0,0,1,8
3,1,1,0,9,0,8,0,0,0,0,4,1,6,1,42,7,1598,1,8,1,1,2,523950,183160,1,2,1,2,28,6,0,6,30,6,4,6,0,0,0,7,4,1,0,0,1,2,1,1,1,42,7,3,0,0,0,0,0,1,1,5
3,1,9,0,18,0,0,0,0,0,0,1,1,6,2,37,7,1956,2,1,1,1,1,507297,430134,16,1,1,4,228,6,0,6,30,0,4,6,0,0,0,4,2,2,0,0,1,1,1,3,1,50,8,3,5,2,0,0,0,0,1,1
3,1,9,0,15,2,0,0,0,0,0,3,1,6,3,38,7,1968,2,5,1,1,2,412140,286880,20,2,1,5,300,4,4128,3,30,0,4,6,0,0,0,1,8,2,0,0,1,2,1,1,1,33,6,3,0,0,0,0,0,9,1,5
3,1,9,0,17,0,0,1,0,1,4,2,1,2,2,59,9,1587,1,9,1,4,1,652872,298605,37,1,4,5,416,3,12,3,70,0,4,6,0,0,0,1,6,3,0,0,2,1,4,2,2,30,6,3,0,0,2,0,0,9,1,5
3,1,20,0,7,0,8,0,0,0,0,4,1,6,1,55,8,1598,1,8,1,1,2,525540,174850,1,2,1,3,10,3,217,2,30,3,4,6,0,0,0,1,1,1,0,0,1,1,1,1,1,33,6,3,0,0,0,0,0,9,1,5
3,1,9,0,18,0,0,1,0,1,7,3,1,6,1,19,4,1796,1,9,1,1,1,536970,184140,1,1,1,2,5,3,12,3,50,0,4,6,0,0,0,4,1,1,0,0,1,1,1,1,1,19,4,3,0,0,0,0,0,9,1,3
3,1,4,0,18,0,0,0,0,0,0,1,1,6,1,22,5,305,1,24,1,3,2,414341,415961,13,2,3,4,203,4,6432,6,30,0,4,6,0,0,0,1,1,1,0,0,1,1,2,2,2,25,5,3,0,0,1,0,0,4,1,5
2,2,5,0,18,0,8,0,0,0,0,4,1,6,1,30,6,1598,1,8,2,1,2,290342,191732,62,2,1,5,740,3,4064,6,30,3,4,6,0,0,0,1,1,1,0,0,2,1,2,1,1,30,6,2,0,0,0,0,0,5,2,5
3,2,9,0,3,0,1,0,0,0,0,2,1,6,1,48,8,1598,1,8,1,1,3,307599,189758,62,3,1,3,744,3,4058,3,40,9,2,3,473,0,4,4,1,2,0,0,1,1,1,1,1,33,6,3,0,0,0,0,0,9,1,5
3,2,9,0,4,0,1,0,0,0,0,1,1,6,1,85,11,1343,1,10,1,1,3,577368,168487,46,3,1,6,544,3,231,6,30,6,4,6,0,0,1,1,1,1,0,0,1,1,1,1,1,33,6,3,0,0,0,0,0,9,1,5
3,2,9,0,18,0,1,1,0,7,10,1,1,6,1,27,6,1560,2,6,1,6,4,515645,435368,16,4,6,4,231,3,165,6,40,3,4,6,0,0,0,1,1,1,0,0,2,1,2,1,1,27,6,3,0,0,0,0,0,9,1,1
3,1,9,0,1,9,8,0,0,0,0,2,1,6,1,63,9,2148,2,13,1,1,2,490368,335216,32,2,1,5,355,6,0,6,30,8,4,6,0,0,0,1,1,1,0,0,1,1,1,1,1,33,6,3,0,0,0,0,0,9,1,5
3,1,9,0,1,9,6,0,0,0,0,2,1,6,1,38,7,1598,1,8,1,1,1,412370,283590,20,1,1,7,300,4,4146,6,30,8,4,4,4146,0,0,1,1,1,0,0,1,2,1,3,2,28,6,3,6,9,0,0,0,0,1,3
3,1,9,0,18,0,8,0,0,0,0,3,1,6,2,31,6,1598,1,8,1,1,2,263890,660187,97,2,1,2,938,6,0,6,30,6,3,6,0,0,0,4,2,2,0,0,1,1,1,1,1,33,6,3,0,0,0,0,0,9,1,5
3,3,9,0,18,0,0,0,0,0,0,3,1,6,1,32,6,1386,1,4,1,1,3,413110,520604,11,3,1,4,169,3,688,6,30,0,4,6,0,0,0,1,1,1,0,0,2,1,1,1,1,32,6,3,0,0,0,0,0,9,1,3
2,1,9,0,9,0,8,1,10,7,11,3,1,3,1,78,11,1396,1,2,1,5,2,280882,690539,96,2,5,5,939,3,9,6,30,3,4,6,0,0,0,1,1,1,0,0,1,1,1,1,1,78,11,2,0,0,0,0,0,9,1,5
3,2,9,0,3,0,0,0,0,0,0,2,1,6,1,66,10,1598,1,14,1,1,3,265395,843802,91,3,1,7,927,3,82,6,30,0,4,6,0,0,0,1,2,2,0,0,1,1,1,1,1,66,10,3,0,0,0,0,0,9,1,5
3,1,9,0,18,0,1,0,0,0,0,1,1,6,2,22,5,1299,1,13,1,2,2,234606,622398,97,2,2,2,937,3,719,3,30,6,2,4,747,0,0,1,1,1,0,0,1,2,1,1,1,33,6,3,0,0,0,0,0,9,1,5
3,2,9,0,3,0,0,0,0,0,0,2,1,1,1,54,8,1685,2,1,3,1,2,389060,263960,22,2,1,4,277,3,38,3,70,0,4,6,0,0,0,1,1,1,0,0,2,1,1,1,1,33,6,3,0,0,0,0,0,9,1,5
2,2,5,0,18,0,0,0,0,0,0,1,1,6,1,53,8,1598,1,8,1,1,2,551300,181750,1,2,1,2,15,3,13,3,70,0,4,6,0,0,0,1,1,1,0,0,1,1,1,1,1,53,8,2,0,0,0,0,0,5,1,2
2,2,9,0,17,0,0,0,0,0,0,2,1,6,2,49,8,1248,2,4,1,1,3,458441,359481,31,3,1,6,344,3,617,6,30,0,4,6,0,0,0,1,1,1,0,0,2,1,1,1,1,33,6,3,0,0,0,0,0,9,1,5
3,5,9,5,18,0,0,1,0,0,0,1,1,6,1,25,5,1598,1,1,1,2,5,256057,663642,97,5,2,4,926,1,77,3,50,0,4,6,0,0,0,4,1,2,0,0,1,1,1,2,2,25,5,3,0,0,1,0,0,9,1,5
3,2,9,0,2,0,2,0,0,0,0,3,1,6,3,38,7,2143,2,2,1,1,2,526320,192750,1,2,1,4,30,3,1000,6,30,3,4,6,0,0,1,1,1,1,0,0,1,1,1,1,1,33,6,3,0,0,0,0,0,9,1,5
3,1,9,0,10,0,1,0,0,0,0,2,1,2,1,41,7,1598,1,8,2,1,3,464456,425999,12,3,1,5,187,3,1041,6,40,8,4,6,0,0,0,1,1,1,0,0,2,1,1,1,1,33,6,3,0,0,0,0,0,9,1,5
3,1,9,0,17,0,8,2,0,1,0,0,1,6,1,19,4,1242,1,13,3,1,1,416372,106497,44,1,1,1,496,6,0,6,30,3,4,6,0,0,0,4,1,1,0,7,1,1,1,1,1,19,4,3,0,0,0,0,0,9,3,6
3,1,9,0,11,0,8,0,0,0,0,4,1,6,1,54,8,2148,2,8,1,1,3,547700,187900,1,3,1,3,14,3,118,6,30,3,4,5,0,0,0,1,1,1,0,0,1,1,1,1,1,33,6,3,0,0,0,0,0,9,1,5
3,1,9,0,9,0,6,0,0,0,0,3,1,6,1,55,8,1997,2,5,3,1,3,429620,360380,30,3,1,7,329,3,615,6,20,3,3,5,318,0,0,1,1,1,0,0,1,1,1,1,1,33,6,3,0,0,0,0,0,9,1,5
3,1,1,0,18,0,0,5,0,0,0,1,1,6,1,21,5,1598,1,8,1,1,2,427563,436327,13,2,1,4,204,6,0,6,30,0,4,6,0,0,0,4,1,1,0,0,1,2,1,1,1,21,5,3,0,0,0,0,0,1,1,5
2,2,9,0,18,0,0,0,0,0,0,1,1,6,1,47,8,2993,2,5,1,4,3,402970,288660,20,3,4,5,305,3,457,3,40,0,4,6,0,0,0,1,1,1,0,0,1,1,1,1,1,33,6,3,0,0,0,0,0,9,1,5
3,1,9,0,18,0,1,0,0,0,0,1,1,6,2,65,9,1598,1,10,1,1,2,548160,191400,1,2,1,2,14,3,1112,6,30,2,4,3,1112,0,0,1,1,1,0,0,2,1,1,1,1,33,6,3,0,0,0,0,0,9,1,5
3,2,5,0,18,0,0,0,0,0,0,2,1,6,1,62,9,1312,1,4,1,1,2,414742,108091,44,2,1,1,496,3,338,6,50,0,4,6,0,0,0,1,1,1,0,0,2,1,1,1,1,33,6,3,0,0,0,0,0,9,1,5
3,2,9,0,5,0,6,0,0,0,0,4,1,6,1,31,6,1390,1,11,1,2,2,549094,222609,41,2,2,6,432,4,1004,6,30,3,4,6,382,0,0,4,2,2,0,0,1,1,2,1,1,31,6,3,0,0,0,0,0,9,1,5
3,3,9,0,18,0,7,0,0,0,0,1,1,6,1,24,5,1299,1,14,1,4,3,577773,190806,42,3,4,1,450,3,127,3,50,5,4,3,1245,0,0,1,1,1,0,0,2,1,3,2,2,23,5,3,0,0,1,0,0,9,1,8
3,2,21,0,2,0,0,0,0,0,0,1,1,6,1,38,7,6370,2,11,1,1,2,437930,329570,30,2,1,5,323,3,514,6,30,0,4,6,0,0,0,1,1,1,0,0,1,2,1,1,1,33,6,3,0,0,0,0,0,9,1,5
3,1,9,0,17,0,0,1,0,7,9,0,1,6,2,18,4,1390,1,4,3,2,1,518598,392602,32,1,2,6,356,4,1203,6,40,0,4,6,0,0,0,1,1,2,0,0,2,1,2,2,2,18,4,3,0,0,1,0,0,9,3,4
3,2,9,0,4,0,0,0,0,0,0,0,1,6,1,57,9,1598,2,8,1,1,2,566242,246396,37,2,1,7,414,3,1307,6,30,0,4,6,0,0,0,1,1,1,0,0,1,2,1,1,1,57,9,3,0,0,0,0,0,9,1,4
3,1,9,0,18,0,8,0,0,0,0,3,1,6,2,47,8,1910,2,7,1,1,1,334598,665546,95,1,1,6,929,6,0,6,30,6,4,6,0,0,5,1,4,1,0,0,1,1,1,3,2,27,6,3,1,3,0,0,0,0,1,5
3,2,9,0,10,0,1,0,0,0,0,2,1,6,2,38,7,1229,1,9,2,3,2,433800,332370,30,2,3,7,323,5,171,6,30,3,4,5,81,2,1,4,1,2,0,0,1,2,1,2,2,42,7,3,0,0,1,0,0,9,1,5
3,1,9,0,9,0,6,0,0,0,0,3,1,6,1,19,4,1586,1,1,3,1,2,440801,213925,43,2,1,3,485,3,4095,6,40,3,4,6,0,0,0,1,2,2,0,0,2,1,1,1,1,33,6,3,0,0,0,0,0,9,1,5
3,2,9,0,10,0,1,0,0,0,0,2,1,6,1,19,4,1198,1,3,1,3,2,514539,204843,41,2,3,5,434,3,5183,6,40,8,4,6,0,0,0,1,1,1,0,0,1,1,3,2,1,14,3,3,0,0,1,0,0,9,1,9
2,2,3,0,13,0,1,0,0,0,0,4,1,6,1,22,5,124,1,2,1,1,2,527774,408446,16,2,1,6,233,6,0,6,30,6,4,6,0,0,0,1,1,1,0,0,1,1,1,1,1,22,5,2,0,0,0,0,0,3,1,1
3,1,9,0,12,0,0,0,0,0,0,0,1,6,3,38,7,1598,1,8,1,2,3,473246,196452,43,3,2,7,484,1,40,3,70,0,4,6,0,0,0,1,1,1,0,0,2,1,1,1,1,33,6,3,0,0,0,0,0,9,1,5
2,1,9,0,18,0,0,0,0,5,6,3,1,6,1,79,11,1360,1,7,1,2,1,470769,152502,44,1,2,2,490,1,3,3,70,0,4,6,0,0,0,1,1,1,0,0,2,1,1,1,1,79,11,3,0,0,0,0,0,9,1,10
3,2,1,0,17,0,1,0,0,0,0,2,1,6,2,59,9,1598,1,8,1,1,2,534780,182370,1,2,1,6,5,4,135,6,30,6,4,6,0,0,0,1,1,1,0,0,1,1,1,1,2,59,9,3,0,0,0,0,0,1,1,3
3,1,9,0,12,0,0,0,0,0,0,1,1,6,1,38,7,1598,1,8,1,1,2,529210,179570,1,2,1,4,1,5,0,2,30,0,4,6,0,0,0,4,2,2,0,0,1,1,1,1,1,33,6,3,0,0,0,0,0,9,1,5
3,1,9,0,18,0,0,1,0,5,6,1,1,6,1,35,6,1240,1,10,1,3,1,489070,227829,43,1,3,6,476,3,4146,3,70,0,4,6,0,0,0,1,1,1,0,0,2,1,1,1,1,35,6,3,0,0,0,0,0,9,1,6
3,1,21,1,5,0,0,0,0,0,0,1,1,6,1,59,9,10837,2,8,1,1,2,508012,123052,47,2,1,5,562,4,2133,6,40,0,4,6,0,0,0,1,1,1,0,0,2,2,1,2,2,17,4,3,0,0,1,0,0,21,2,5
3,2,9,0,4,0,0,0,0,0,0,2,1,6,1,64,9,1968,2,1,3,2,2,387259,133684,54,2,2,6,635,3,303,6,60,0,4,6,0,0,0,1,1,2,0,0,2,2,2,2,2,63,9,3,0,0,1,0,0,9,3,8
3,1,9,0,17,0,0,5,0,1,9,1,1,6,1,19,4,1390,1,14,3,1,1,578200,256511,37,1,1,6,414,3,143,6,60,0,4,6,0,0,0,4,1,1,0,0,2,1,1,1,1,19,4,3,0,0,0,0,0,9,3,6
3,1,9,0,18,0,1,1,0,0,0,4,1,6,2,30,6,1598,1,8,1,1,2,242315,637960,97,2,1,7,919,6,0,6,30,6,4,6,0,0,0,1,8,4,0,0,1,1,1,1,1,33,6,3,0,0,0,0,0,9,1,5
2,1,9,0,9,0,6,0,0,0,0,3,1,2,1,64,9,1591,1,8,1,1,2,382451,377048,7,2,1,5,129,4,5359,6,40,3,4,6,0,0,0,6,1,2,0,0,2,2,1,1,1,33,6,3,0,0,0,0,0,9,1,5
3,1,5,0,18,0,0,5,0,0,0,1,1,6,1,38,7,1598,1,8,1,1,2,436590,276550,20,2,1,5,302,6,0,6,30,0,4,6,0,0,0,4,1,1,0,0,1,2,1,2,1,18,4,3,0,0,0,0,0,5,1,5
2,2,5,0,18,0,1,5,0,0,0,1,1,6,1,36,7,999,1,8,1,1,2,353020,410770,4,2,1,1,84,3,5209,6,40,8,4,6,0,0,0,1,1,1,0,0,2,1,1,1,1,36,7,2,0,0,0,0,0,5,1,6
3,1,19,0,16,0,8,0,11,4,1,1,1,6,1,33,6,1868,2,12,1,1,1,391422,808939,92,1,1,6,910,3,90,3,40,3,2,6,0,0,5,1,1,2,0,2,1,1,1,1,1,33,6,3,0,0,0,0,0,19,1,5
3,1,9,0,7,0,6,0,0,0,0,1,1,2,2,48,8,1364,1,10,2,1,1,453706,299185,33,1,1,5,360,6,4105,6,30,3,4,6,4111,0,0,1,1,1,0,0,1,1,1,3,1,13,3,3,5,1,0,0,0,0,1,2
3,2,19,0,18,0,0,0,0,0,0,1,1,1,1,25,5,2198,2,1,1,1,2,595600,172520,46,2,1,6,540,6,4025,6,30,0,4,6,0,0,0,1,1,1,0,0,1,1,1,1,1,33,6,3,0,0,0,0,0,9,1,5
2,1,9,0,16,0,0,2,10,2,10,4,1,6,1,18,4,1390,1,15,1,5,2,254114,57265,50,2,5,7,583,6,0,6,30,0,4,6,0,0,0,4,2,2,0,0,1,1,4,2,1,15,3,3,0,0,2,0,0,9,1,7
3,1,3,0,7,0,1,1,0,0,0,3,1,6,1,30,6,125,1,2,1,1,1,516100,150005,45,1,1,3,512,5,44,6,40,3,4,5,44,0,0,6,1,2,0,0,1,1,1,1,1,30,6,3,0,0,0,0,0,3,1,10
3,2,9,0,18,0,0,0,0,0,0,3,1,5,1,24,5,1242,1,1,1,2,2,562739,220905,42,2,2,4,463,4,184,6,60,0,4,6,0,0,0,6,1,1,0,0,2,2,2,2,1,18,4,3,0,0,1,0,0,9,3,10
3,1,9,0,4,0,0,0,0,0,0,2,1,6,1,39,7,1995,2,5,1,2,2,375407,365097,7,2,2,7,129,1,6,3,70,0,4,6,0,0,0,1,2,2,0,0,2,1,1,1,1,33,6,3,0,0,0,0,0,9,1,5
3,1,9,0,18,0,0,0,0,0,0,0,1,6,2,33,6,1686,2,10,1,1,1,502148,160103,45,1,1,2,518,6,3669,6,30,0,4,6,0,0,0,4,1,1,0,0,1,1,1,3,1,16,4,3,10,1,0,0,0,0,1,2
3,4,9,0,18,0,0,0,0,0,0,1,1,2,2,27,6,1360,1,12,1,2,4,372710,353528,7,4,2,5,129,3,5020,6,60,0,4,6,0,0,0,1,1,2,0,0,2,1,2,1,2,27,6,3,0,0,0,0,0,9,1,5
3,4,9,0,18,0,0,1,0,0,0,2,1,6,2,24,5,1242,1,7,1,2,4,574850,160760,46,4,2,4,542,3,229,3,70,0,4,6,0,0,0,1,1,2,0,0,2,1,2,1,2,24,5,3,0,0,0,0,0,9,1,6
3,1,9,0,18,0,0,1,0,1,7,1,1,6,1,37,7,1905,2,18,1,4,1,506754,221162,40,1,4,5,424,1,1,3,70,0,4,6,0,0,0,6,1,1,0,0,2,1,1,2,2,22,5,3,0,0,1,0,0,9,1,3
2,1,9,0,18,0,8,0,0,0,0,1,1,6,1,67,10,1598,1,8,1,2,2,525820,164890,1,2,2,3,21,6,0,6,30,6,4,6,0,0,0,1,1,2,0,0,1,2,1,1,1,67,10,2,0,0,0,0,0,9,1,5
3,1,9,0,18,0,0,0,0,2,7,1,1,2,2,23,5,1598,1,8,1,1,1,433528,275075,23,1,1,4,294,3,46,3,70,0,4,6,0,0,0,1,1,2,0,0,2,1,1,1,2,23,5,3,0,0,0,0,0,9,1,10
3,1,8,0,9,0,8,0,10,3,1,1,1,1,1,52,8,2148,2,6,1,1,1,529460,179960,1,1,1,3,1,5,0,6,30,3,2,6,0,0,5,1,1,1,0,0,1,1,1,2,1,64,9,3,0,0,2,0,0,8,1,2
3,1,9,0,18,0,1,5,4,0,0,1,1,6,1,55,8,1595,1,6,1,1,3,522100,184700,1,3,1,3,28,5,0,6,30,3,4,6,0,0,0,1,1,2,0,0,1,1,1,1,1,55,8,3,0,0,0,0,0,9,1,2
3,1,11,0,3,0,0,0,0,0,0,0,1,1,1,49,8,7300,2,10,1,1,1,531230,178200,1,1,1,5,9,3,23,6,30,0,4,6,0,0,0,1,1,1,0,0,1,1,1,2,2,40,7,3,0,0,0,1,0,11,1,2
2,1,19,0,7,0,1,1,0,0,0,4,1,1,1,58,9,2287,2,1,1,2,2,262163,665455,97,2,2,2,926,3,8,6,30,8,4,6,0,0,4,1,1,1,0,0,1,1,1,1,1,33,6,3,0,0,0,0,0,9,1,5
3,2,19,0,4,0,1,0,0,0,0,2,1,2,1,44,7,1997,2,7,1,1,2,529250,184090,1,2,1,5,2,3,5202,6,30,3,4,3,5202,0,1,1,1,1,0,0,1,1,1,1,1,33,6,3,0,0,0,0,0,9,1,5
3,1,3,0,17,0,0,1,0,0,0,3,1,2,2,44,7,125,1,1,1,1,1,497817,371501,32,1,1,1,352,3,15,3,30,0,4,6,0,0,0,1,1,2,0,0,1,1,1,1,2,44,7,3,0,0,0,0,0,3,1,2
3,1,9,0,16,0,0,1,0,0,0,1,1,1,1,22,5,1242,1,13,3,2,2,627703,327201,36,2,2,2,405,4,1150,6,50,0,4,6,0,0,0,1,8,2,0,0,2,1,1,1,1,22,5,3,0,0,0,0,0,9,3,8
3,2,9,0,2,0,0,0,0,0,0,0,2,3,2,34,6,1753,2,5,1,1,2,328280,392104,5,2,1,3,95,3,551,3,40,0,4,6,0,0,4,1,1,1,0,0,2,1,1,1,1,33,6,3,0,0,0,0,0,9,1,5
3,1,9,0,9,0,8,0,0,0,11,4,1,6,2,29,6,1560,2,8,3,1,2,261548,665899,97,2,1,7,926,6,0,6,30,5,4,1,8,0,0,1,1,1,3,0,1,1,1,1,2,29,6,3,0,0,0,0,0,9,3,5
3,3,9,0,18,0,0,0,0,0,0,0,1,1,1,33,6,2993,2,2,1,1,4,333530,433530,4,4,1,1,71,6,0,6,40,0,4,6,0,0,0,1,1,1,0,0,2,1,1,1,1,33,6,3,0,0,0,0,0,9,1,5
3,2,9,0,18,0,8,0,0,7,0,1,1,6,2,52,8,1296,1,7,1,1,2,426176,518579,11,2,1,5,161,3,68,3,70,3,4,5,400,0,0,1,1,1,0,0,2,1,1,1,2,52,8,3,0,0,0,0,0,9,1,5
3,1,8,0,7,0,5,0,0,0,0,4,1,1,1,47,8,1339,8,5,1,1,2,536630,182590,1,2,1,6,5,3,11,6,30,3,4,6,0,0,0,1,1,1,0,0,1,1,1,1,1,33,6,3,0,0,0,0,0,9,1,5
3,1,9,0,4,0,0,0,0,0,0,1,1,6,2,52,8,1951,2,10,1,1,3,524772,159455,45,3,1,6,513,3,217,3,40,0,4,6,0,0,0,1,1,1,0,0,1,1,1,1,2,52,8,3,0,0,0,0,0,9,1,9
3,1,9,0,18,0,2,0,0,0,0,1,1,6,2,30,6,1461,2,5,1,1,1,392970,301910,20,1,1,6,309,6,0,6,30,6,4,6,0,0,0,1,1,1,0,0,1,1,1,3,1,5,1,3,5,2,0,0,0,0,1,3
3,1,9,0,9,0,5,0,0,0,0,1,1,6,2,31,6,1341,1,13,1,1,3,450384,210348,43,3,1,3,482,3,4165,6,30,3,4,6,0,0,4,4,2,2,0,0,1,1,1,1,1,33,6,3,0,0,0,0,0,9,1,5