accident_severity,vehicle_reference,vehicle_type,towing_and_articulation,vehicle_manoeuvre,vehicle_location-restricted_lane,junction_location,skidding_and_overturning,hit_object_in_carriageway,vehicle_leaving_carriageway,hit_object_off_carriageway,1st_point_of_impact,was_vehicle_left_hand_drive?,journey_purpose_of_driver,sex_of_driver,age_of_driver,age_band_of_driver,engine_capacity_(cc),propulsion_code,age_of_vehicle,driver_home_area_type,NUmber_of_Casualities_unique_to_accident_index,No_of_Vehicles_involved_unique_to_accident_index,location_easting_osgr,location_northing_osgr,police_force,number_of_vehicles,number_of_casualties,day_of_week,local_authority_(district),1st_road_class,1st_road_number,road_type,speed_limit,junction_detail,junction_control,2nd_road_class,2nd_road_number,pedestrian_crossing-human_control,pedestrian_crossing-physical_facilities,light_conditions,weather_conditions,road_surface_conditions,special_conditions_at_site,carriageway_hazards,urban_or_rural_area,did_police_officer_attend_scene_of_accident,casualty_reference,casualty_class,sex_of_casualty,age_of_casualty,age_band_of_casualty,casualty_severity,pedestrian_location,pedestrian_movement,car_passenger,bus_or_coach_passenger,pedestrian_road_maintenance_worker,casualty_type,casualty_home_area_type,casualty_imd_decile
3,1,9,0,7,0,5,1,0,0,0,1,1,1,1,39,7,998,1,8,1,2,1,389960,388400,6,1,2,7,109,5,0,6,30,3,2,3,5102,0,5,4,1,2,0,0,1,1,2,3,1,58,9,3,1,1,0,0,0,0,1,10
3,1,19,4,18,0,1,3,0,0,0,1,1,1,1,36,7,2999,2,5,1,1,4,485671,107744,47,4,1,6,559,3,286,6,60,3,4,6,0,0,0,1,1,1,0,0,2,1,1,1,1,33,6,3,0,0,0,0,0,9,1,5
3,1,8,0,4,0,1,0,0,0,0,2,1,1,1,49,8,1997,2,1,1,3,2,548470,189070,1,2,3,3,16,3,12,3,50,6,2,3,1112,0,5,4,5,2,0,0,1,1,2,2,1,55,8,3,0,0,2,0,0,8,1,2
3,2,9,0,4,0,4,0,0,0,0,1,1,1,2,30,6,1560,2,10,1,1,2,256270,56053,50,2,1,5,583,6,0,1,30,1,4,6,0,0,0,1,1,1,0,0,1,2,1,1,2,30,6,3,0,0,0,0,0,9,1,8
3,2,9,0,18,0,0,2,0,1,0,1,1,1,1,39,7,1598,1,8,1,4,2,532294,108427,47,2,4,3,565,6,0,6,60,0,4,6,0,0,0,1,2,2,0,0,2,1,3,2,1,30,6,3,0,0,1,0,0,9,1,2
2,1,5,0,18,0,4,2,10,3,0,1,1,6,1,22,5,636,1,2,1,1,1,238333,724791,96,1,1,1,939,3,82,1,60,1,4,3,82,0,0,1,1,1,0,0,2,1,1,1,1,22,5,2,0,0,0,0,0,5,1,6
3,2,9,0,2,0,0,0,0,0,0,1,1,6,1,18,4,998,1,1,1,1,2,417690,278720,20,2,1,1,306,6,0,6,60,0,4,6,0,0,0,6,1,1,0,0,2,1,1,1,1,33,6,3,0,0,0,0,0,9,1,5
1,2,9,0,18,0,2,0,0,0,0,3,1,6,2,30,6,998,1,5,1,1,2,529710,189200,1,2,1,7,31,3,504,6,30,3,4,6,0,0,0,4,1,1,0,0,1,1,1,1,1,33,6,3,0,0,0,0,0,9,1,5
3,2,21,1,11,0,2,0,0,0,0,1,1,1,1,63,9,12900,2,5,1,1,2,454811,300627,33,2,1,1,360,3,5460,3,50,5,4,1,1,0,0,1,1,1,0,0,1,1,1,1,1,33,6,3,0,0,0,0,0,9,1,5
3,2,9,0,18,0,2,0,0,0,0,4,1,6,1,90,11,1198,1,4,1,1,2,385776,217343,53,2,1,3,623,5,8008,1,30,1,4,5,8008,0,0,1,1,1,4,0,1,1,1,1,1,33,6,3,0,0,0,0,0,9,1,5
3,1,9,0,18,0,0,0,0,0,0,1,1,6,3,38,7,1299,1,13,1,2,3,453011,190004,43,3,2,7,484,6,189,6,30,0,4,6,0,0,0,1,1,1,0,0,1,2,1,1,1,33,6,3,0,0,0,0,0,9,1,5
2,2,9,0,18,0,8,5,0,7,4,1,1,6,2,48,8,1560,2,1,2,5,2,500122,438640,16,2,5,7,231,6,0,6,60,6,4,6,0,0,0,1,1,1,0,0,2,1,4,2,2,16,4,3,0,0,2,0,0,9,2,10
3,2,9,0,18,0,0,0,0,0,0,2,1,6,1,25,5,1995,2,9,3,2,2,443672,423498,13,2,2,1,206,1,62,3,70,0,4,6,0,0,0,1,4,2,4,0,2,1,2,1,1,25,5,3,0,0,0,0,0,9,3,8
3,2,9,0,18,0,8,0,0,0,0,1,1,2,2,32,6,1998,1,10,1,2,3,433150,333060,30,3,2,2,323,6,0,6,30,3,4,6,0,0,0,1,2,2,0,0,1,1,2,1,2,32,6,3,0,0,0,0,0,9,1,5
3,2,9,0,18,0,1,0,0,0,0,1,1,2,1,51,8,1996,1,14,1,1,2,516461,158674,45,2,1,4,512,3,243,1,40,1,4,3,243,0,0,7,1,1,0,0,2,1,1,1,1,51,8,3,0,0,0,0,0,9,1,5
3,3,9,0,18,0,0,0,0,0,0,1,1,2,1,42,7,1587,1,8,1,1,3,536740,182640,1,3,1,3,5,3,11,3,30,0,4,6,0,0,0,1,1,1,0,0,1,1,1,1,1,33,6,3,0,0,0,0,0,9,1,5
3,2,9,0,17,0,8,0,0,0,0,1,1,6,1,25,5,1968,2,7,1,5,2,456935,303630,33,2,5,5,364,5,0,6,30,3,4,6,2541,0,0,4,1,2,0,0,1,1,4,1,1,25,5,3,0,0,0,0,0,9,1,4
3,2,9,0,3,0,1,0,0,0,0,2,1,6,2,42,7,1598,1,8,1,2,2,304295,206661,62,2,2,5,742,3,4102,3,30,6,2,3,4054,0,0,1,2,2,0,1,1,1,2,1,2,42,7,3,0,0,0,0,0,9,1,5
3,1,9,0,18,0,0,0,0,0,0,1,1,6,1,41,7,1149,1,11,3,2,2,330419,667827,95,2,2,6,923,3,720,3,70,0,4,6,0,0,0,1,1,1,0,0,2,1,1,1,1,41,7,3,0,0,0,0,0,9,3,5
3,3,10,0,18,0,0,0,0,0,0,4,1,6,1,56,9,1598,1,8,1,1,3,491125,162122,45,3,1,1,515,1,3,3,50,0,4,6,0,0,0,1,1,1,0,0,2,1,1,1,1,33,6,3,0,0,0,0,0,9,1,5
3,1,9,0,9,0,5,0,0,0,0,1,1,1,1,28,6,998,1,3,1,2,3,459461,342113,31,3,2,5,343,6,0,6,30,6,4,6,0,0,0,1,1,2,0,0,1,1,1,1,1,28,6,3,0,0,0,0,0,9,1,2
3,1,9,0,17,0,0,1,10,1,2,4,1,6,1,29,6,1896,2,11,1,1,1,250312,62188,50,1,1,5,584,3,386,3,40,0,4,6,0,0,0,4,1,1,0,0,1,1,1,1,1,29,6,3,0,0,0,0,0,9,1,6
2,2,21,0,11,0,0,0,0,0,0,0,1,1,1,22,5,1598,2,13,1,1,2,462081,263543,34,2,1,3,381,1,1,3,50,0,4,6,0,0,0,1,1,1,0,0,2,1,1,1,1,33,6,3,0,0,0,0,0,9,1,5
3,2,9,0,4,0,1,0,0,0,0,2,1,6,2,29,6,1679,1,14,1,1,2,368445,92373,55,2,1,4,645,6,0,6,50,3,4,5,12,0,0,1,1,2,0,0,2,1,1,1,2,29,6,3,0,0,0,0,0,9,1,5
3,1,9,0,9,0,1,0,0,0,0,0,1,6,1,38,7,1598,1,8,1,1,1,531580,189270,1,1,1,4,31,6,0,6,30,3,4,6,0,0,0,1,9,1,0,0,1,2,1,3,2,72,10,3,5,1,0,0,2,0,1,5
3,2,9,0,18,0,8,0,0,0,0,4,1,2,2,38,7,1598,1,8,1,1,2,325912,214285,61,2,1,4,732,3,465,1,30,1,4,4,4246,0,0,1,1,1,4,0,2,1,1,1,2,33,6,3,0,0,0,0,0,9,1,5
3,1,9,0,18,0,0,0,0,0,0,1,1,6,3,38,7,1598,1,8,1,1,2,600618,224645,42,2,1,7,455,6,0,6,30,0,4,6,0,0,1,1,1,1,0,0,1,1,1,1,1,33,6,3,0,0,0,0,0,9,1,5
3,2,9,0,18,0,8,0,0,0,0,1,1,6,1,44,7,1398,1,2,1,2,2,525891,104963,47,2,2,7,565,3,259,6,30,6,2,4,2193,0,0,4,1,1,0,0,1,1,2,1,1,44,7,3,0,0,0,0,0,9,1,3
2,1,19,0,9,0,6,0,0,0,0,1,1,1,1,34,6,1248,2,4,1,1,1,590590,163580,46,1,1,6,540,6,4004,6,30,8,4,6,0,0,0,1,1,2,0,0,1,1,1,3,1,87,11,2,5,3,0,0,0,0,1,3
3,1,5,0,16,0,0,0,11,0,0,1,1,6,1,47,8,1199,1,15,1,1,1,350716,176259,52,1,1,2,605,6,0,6,30,0,4,6,0,0,0,5,1,1,0,0,1,1,1,1,1,47,8,3,0,0,0,0,0,5,1,5
3,2,9,0,9,0,8,0,0,0,0,3,1,6,1,17,4,1598,1,8,3,4,2,258960,220360,63,2,4,2,751,4,4300,6,60,6,4,6,0,0,0,1,1,1,0,0,2,1,3,2,1,16,4,3,0,0,2,0,0,9,3,5
3,1,9,0,5,0,0,0,0,0,0,1,1,3,2,51,8,1598,1,8,1,1,1,545820,258120,35,1,1,6,390,5,280,6,30,0,4,6,0,0,4,1,1,1,0,0,1,1,1,3,2,13,3,3,1,3,0,0,0,0,1,5
3,2,9,0,4,0,1,0,0,0,0,2,1,6,2,47,8,1796,1,13,1,2,3,556262,363384,32,3,2,3,351,3,52,6,30,3,4,3,52,0,1,1,1,1,0,0,1,1,1,1,1,33,6,3,0,0,0,0,0,9,1,5
3,1,9,0,9,0,6,0,0,0,0,1,1,6,1,17,4,998,1,10,1,2,2,384670,278710,22,2,2,1,278,3,449,6,40,6,2,4,4189,0,0,1,1,1,0,0,2,1,1,1,1,33,6,3,0,0,0,0,0,9,1,5
3,2,9,0,4,0,8,0,0,0,0,2,1,6,2,45,7,1968,2,1,1,1,4,360659,357441,7,4,1,6,128,3,5060,6,30,3,4,6,0,0,0,1,2,2,0,0,2,1,1,1,1,33,6,3,0,0,0,0,0,9,1,5
3,1,9,0,4,0,0,0,0,0,0,4,1,2,2,28,6,1951,2,11,1,1,4,520900,181110,1,4,1,4,27,3,40,3,40,0,4,6,0,0,0,4,8,2,0,0,1,1,1,1,1,33,6,3,0,0,0,0,0,9,1,5
3,3,9,0,4,0,8,0,0,0,0,2,1,6,1,42,7,1598,1,8,1,1,3,531000,166850,1,3,1,5,20,5,0,6,30,3,4,6,0,0,0,1,1,1,0,0,1,1,1,1,1,33,6,3,0,0,0,0,0,9,1,5
3,2,9,0,16,0,0,5,10,0,0,4,1,6,1,22,5,1998,1,12,1,2,2,546499,197196,42,2,2,3,456,6,0,6,60,0,4,6,0,0,0,5,1,1,0,0,2,1,2,2,2,20,4,3,0,0,1,0,0,9,1,5
3,2,9,0,2,6,0,0,0,0,0,1,1,6,1,38,7,1560,2,4,1,1,2,411123,438488,13,2,1,1,200,4,6265,6,30,0,4,6,0,0,0,1,1,1,0,0,1,1,1,1,1,33,6,3,0,0,0,0,0,9,1,5
2,1,5,0,3,0,0,0,0,0,0,2,1,6,1,47,8,1170,1,9,1,1,2,356757,171985,52,2,1,2,601,3,3029,3,40,0,4,6,0,0,0,1,1,1,0,0,2,1,1,1,1,47,8,2,0,0,0,0,0,5,1,2
3,1,9,0,9,0,6,0,0,0,0,1,1,6,3,38,7,1997,2,14,1,1,2,166691,40795,50,2,1,5,596,6,0,6,30,3,4,6,0,0,0,1,1,1,0,0,1,2,1,1,1,33,6,3,0,0,0,0,0,9,1,5
2,3,1,0,17,0,0,0,0,0,0,0,1,6,3,38,7,1598,1,8,1,2,3,471608,193173,43,3,2,1,484,6,397,6,30,0,4,6,0,0,0,1,1,1,0,0,2,1,1,1,1,33,6,3,0,0,0,0,0,9,1,5
3,1,11,0,18,0,0,0,0,0,0,4,1,6,1,38,7,1598,1,8,1,5,2,537440,169910,1,2,5,2,19,3,2015,6,30,0,4,6,0,0,0,1,1,1,0,0,1,1,3,2,2,33,6,3,0,0,0,4,0,11,1,7
3,2,9,0,18,0,1,0,0,0,0,2,1,6,3,38,7,1598,1,8,1,1,3,330940,434120,4,3,1,5,71,4,5262,6,30,1,4,3,5073,0,0,1,1,1,0,0,1,1,1,1,1,33,6,3,0,0,0,0,0,9,1,5
3,1,8,0,5,0,1,0,0,0,0,4,1,1,1,38,7,1598,1,8,1,1,1,403310,287140,20,1,1,3,300,6,0,6,30,6,4,6,0,0,0,1,1,1,0,0,1,2,1,2,2,37,7,3,0,0,2,0,0,8,1,3
3,2,1,0,18,0,5,0,0,0,0,3,1,1,1,29,6,1598,1,8,1,1,2,520890,300530,35,2,1,4,394,5,51,6,30,9,4,5,51,0,4,7,1,1,0,0,1,2,1,1,1,29,6,3,0,0,0,0,0,1,1,7
3,2,9,0,7,0,5,0,0,0,0,4,1,6,1,48,8,1461,2,8,1,2,2,452521,274094,23,2,2,7,292,6,0,6,30,8,4,6,0,0,0,4,1,2,0,0,1,1,1,1,1,48,8,3,0,0,0,0,0,9,1,8
3,2,2,0,13,0,8,0,0,0,0,1,1,6,1,53,8,1598,1,8,1,1,2,524080,175450,1,2,1,5,10,3,219,6,30,3,4,6,0,0,0,1,1,1,0,0,1,1,1,2,2,17,4,3,0,0,0,0,0,2,1,8
2,1,9,0,17,0,0,2,0,1,9,1,1,6,1,34,6,1598,1,8,1,1,1,436119,414706,13,1,1,2,206,6,0,6,60,0,4,6,0,0,0,6,1,4,0,0,2,1,1,1,1,34,6,2,0,0,0,0,0,9,1,4
3,1,9,0,17,0,0,2,0,1,11,1,1,2,2,28,6,1598,1,8,1,1,1,500901,462762,16,1,1,5,231,4,1249,6,60,0,4,6,0,0,0,6,1,2,0,0,2,1,1,1,2,28,6,3,0,0,0,0,0,9,1,7
3,2,19,0,10,0,1,0,0,0,0,2,1,1,1,43,7,1560,2,2,1,2,2,273877,660389,97,2,2,5,932,6,0,6,30,3,4,6,0,0,0,1,1,1,0,0,1,1,1,1,1,33,6,3,0,0,0,0,0,9,1,5
2,3,19,0,2,0,1,0,0,0,0,0,1,6,3,38,7,2198,2,8,1,3,3,467351,152064,44,3,3,3,490,3,30,6,40,3,4,6,0,0,0,1,1,1,0,0,1,1,1,1,1,33,6,3,0,0,0,0,0,9,1,5
3,2,9,0,2,0,2,0,0,1,0,2,1,6,2,42,7,1364,1,6,1,3,2,445793,399448,14,2,3,3,213,6,0,6,30,3,4,6,0,0,0,1,1,1,0,0,1,1,1,1,2,42,7,3,0,0,0,0,0,9,1,2
3,1,9,0,4,0,1,0,0,0,0,0,1,6,3,38,7,1598,1,8,1,1,3,550412,241465,42,3,1,1,463,1,11,3,70,3,4,6,0,0,0,6,1,2,0,0,2,2,1,1,1,33,6,3,0,0,0,0,0,9,1,5
3,2,10,0,2,0,0,0,0,1,10,2,1,1,2,40,7,2402,2,6,1,1,2,437270,276221,23,2,1,6,292,3,46,3,70,0,4,6,0,0,0,1,1,1,0,0,2,1,1,1,1,33,6,3,0,0,0,0,0,9,1,5
3,2,9,0,9,0,8,0,0,0,0,0,1,6,1,38,7,1998,2,14,1,1,2,522460,180260,1,2,1,4,11,6,0,6,30,3,4,6,0,0,0,1,1,1,0,0,1,1,1,1,1,33,6,3,0,0,0,0,0,9,1,5
3,2,8,0,3,6,2,0,0,0,0,2,1,1,1,43,7,1910,2,10,1,2,2,386030,437720,4,2,2,6,77,3,682,6,30,3,4,6,0,0,4,4,2,2,0,0,1,1,2,2,2,28,6,3,0,0,2,0,0,8,1,9
2,3,9,0,18,0,8,0,0,0,0,2,1,1,1,50,8,1598,1,8,1,1,5,568720,169680,46,5,1,4,535,3,2,3,70,5,4,6,0,0,0,1,1,2,0,0,2,1,1,1,1,33,6,3,0,0,0,0,0,9,1,5
3,1,9,0,18,0,0,0,0,0,0,1,1,6,2,64,9,1364,1,5,1,1,2,229911,675437,97,2,1,2,928,3,8,3,30,0,4,6,0,0,0,1,1,2,0,0,1,1,1,1,1,33,6,3,0,0,0,0,0,9,1,5
3,2,5,0,4,0,1,0,0,0,0,3,1,6,1,43,7,998,1,9,1,1,2,511840,197410,41,2,1,6,437,3,4008,3,40,1,4,5,177,0,0,4,1,1,0,0,2,1,1,1,1,43,7,3,0,0,0,0,0,5,1,3
3,1,5,0,18,0,8,0,0,0,0,1,1,6,1,40,7,1079,1,2,1,1,2,528440,178820,1,2,1,4,1,6,0,6,30,6,4,6,0,0,0,1,1,1,0,0,1,1,1,1,1,40,7,3,0,0,0,0,0,5,1,5
2,1,9,0,18,0,8,5,0,3,4,1,1,6,1,23,5,1598,1,8,1,4,1,466514,301525,33,1,4,5,363,5,3403,6,60,3,4,6,4401,0,0,6,2,2,0,0,2,1,2,2,2,23,5,2,0,0,2,0,0,9,1,10
3,1,9,0,12,0,0,0,0,0,0,3,1,6,3,38,7,1598,1,8,1,1,5,242000,59931,50,5,1,1,596,3,38,3,60,0,4,6,0,0,0,6,5,2,0,3,2,1,1,1,1,33,6,3,0,0,0,0,0,9,1,5
3,1,3,0,15,2,8,0,0,0,0,0,1,6,1,48,8,124,1,2,1,1,2,433490,279950,20,2,1,7,302,4,4113,6,30,8,4,6,0,0,0,1,1,1,0,0,1,1,1,1,1,48,8,3,0,0,0,0,0,3,1,3
3,1,19,0,18,0,1,1,0,0,0,1,1,6,1,28,6,1998,2,10,1,1,2,576060,130700,46,2,1,7,543,3,229,6,30,8,4,6,0,0,0,1,1,1,0,0,2,1,1,1,1,33,6,3,0,0,0,0,0,9,1,5
2,1,4,0,16,0,0,0,0,1,0,1,1,6,1,52,8,499,1,27,1,1,3,377560,490800,3,3,1,1,65,3,684,6,60,0,4,6,0,0,0,1,1,1,0,0,2,1,1,1,1,52,8,2,0,0,0,0,0,4,1,8
3,2,3,0,18,0,8,0,7,1,2,2,1,6,1,53,8,125,1,8,1,1,2,385050,395690,6,2,1,4,102,4,5117,6,30,6,2,4,5219,0,5,4,1,2,0,0,1,1,1,1,1,53,8,3,0,0,0,0,0,3,1,1
3,1,19,0,9,0,8,0,0,0,0,1,1,1,1,23,5,1995,2,4,1,1,2,420291,429544,13,2,1,6,200,3,650,6,30,3,4,6,0,0,0,1,1,1,0,0,1,1,1,1,1,33,6,3,0,0,0,0,0,9,1,5
3,2,9,0,16,0,0,0,0,0,0,3,1,6,2,53,8,1685,2,2,1,1,2,587771,187556,42,2,1,2,460,6,0,6,30,0,4,6,0,0,0,1,1,1,0,0,1,1,1,1,2,53,8,3,0,0,0,0,0,9,1,7
3,1,9,0,4,0,1,0,0,0,0,2,1,6,2,67,10,998,1,9,1,1,3,451790,367420,30,3,1,5,321,4,6407,6,30,9,4,6,0,0,0,1,1,1,0,0,1,2,1,1,1,33,6,3,0,0,0,0,0,9,1,5
3,2,9,0,18,0,8,0,0,0,0,1,1,6,1,70,10,1598,1,8,1,2,2,549080,177130,1,2,2,6,18,5,0,1,30,2,4,5,0,0,0,1,1,1,0,0,1,1,2,2,2,71,10,3,0,0,1,0,0,9,1,5
3,2,19,0,18,0,8,0,0,0,0,3,1,6,3,38,7,1598,1,8,1,1,2,441967,112103,44,2,1,6,500,6,0,6,30,6,4,6,0,0,5,1,1,1,0,0,1,1,1,1,1,33,6,3,0,0,0,0,0,9,1,5
3,2,1,0,18,0,8,0,0,0,0,1,1,2,1,53,8,1598,1,8,1,1,2,511132,198094,41,2,1,7,437,6,44,6,30,3,4,6,501,0,0,1,1,1,0,0,1,1,1,1,1,53,8,3,0,0,0,0,0,1,1,6
3,1,9,0,18,0,3,1,10,1,10,4,1,6,1,23,5,2600,1,20,1,1,1,508789,195940,41,1,1,6,436,3,412,3,30,1,4,3,412,0,1,1,2,2,0,0,2,1,1,3,1,55,8,3,6,9,0,0,0,0,1,2
3,1,9,0,18,0,3,0,0,0,0,1,1,6,2,37,7,1598,1,8,2,2,2,507492,434496,16,2,2,3,231,3,1174,1,30,1,4,3,1079,0,8,4,8,2,0,0,2,1,1,1,2,37,7,3,0,0,0,0,0,9,2,7
3,1,9,0,9,0,6,0,0,0,0,3,1,6,1,90,11,1598,1,15,1,1,2,416747,183450,54,2,1,2,633,6,0,6,30,3,4,6,0,0,0,1,1,1,0,0,1,1,1,1,1,33,6,3,0,0,0,0,0,9,1,5
3,2,3,0,18,0,1,1,0,0,0,1,1,2,1,23,5,124,1,11,3,1,2,576402,198025,42,2,1,6,454,6,0,6,40,3,4,6,0,0,0,1,2,2,0,0,2,1,1,1,1,23,5,3,0,0,0,0,0,3,3,3
3,1,5,0,9,0,8,0,0,0,0,3,1,6,1,43,7,782,1,12,1,1,2,528350,180130,1,2,1,6,1,3,4202,3,30,3,4,6,0,0,0,1,1,1,0,0,1,1,1,1,1,43,7,3,0,0,0,0,0,5,1,6
2,1,1,0,18,0,8,0,0,0,0,1,1,6,1,32,6,1598,1,8,1,1,2,471685,172830,43,2,1,6,472,3,327,2,30,6,2,3,4,0,5,4,1,1,0,0,1,1,1,1,1,32,6,2,0,0,0,0,0,1,1,5
3,3,9,0,18,0,8,0,0,0,0,3,1,2,1,40,7,1582,2,5,1,1,3,444216,316661,33,3,1,6,366,5,7202,6,60,3,4,5,7203,0,0,1,2,2,0,0,2,1,1,1,1,33,6,3,0,0,0,0,0,9,1,5
3,1,9,0,9,0,8,0,0,0,0,4,1,6,1,21,5,1390,1,11,1,1,2,550900,186720,1,2,1,6,16,6,0,1,30,2,4,6,0,0,0,1,1,1,0,0,1,2,1,1,1,21,5,3,0,0,0,0,0,9,1,6
3,3,9,0,18,0,0,0,0,0,0,2,1,6,1,38,7,1598,2,8,2,1,3,416989,422761,13,3,1,6,202,1,62,9,70,0,4,6,0,0,0,4,1,2,0,0,2,1,1,1,1,33,6,3,0,0,0,0,0,9,1,5
3,1,8,0,18,0,2,0,0,0,0,4,1,6,1,48,8,1797,8,5,1,1,1,536430,182520,1,1,1,6,5,3,11,3,30,6,2,3,1205,0,5,1,1,1,0,0,1,1,1,3,2,12,3,3,4,1,0,0,2,0,1,4
3,1,9,0,18,0,3,0,0,1,2,1,1,6,1,74,10,2438,1,17,1,2,1,454944,202063,43,1,2,4,482,6,320,1,40,1,4,6,0,0,0,1,1,1,0,0,2,1,2,2,2,72,10,3,0,0,1,0,0,9,1,5
3,2,9,0,3,0,0,0,0,0,0,2,1,6,1,46,8,1895,1,16,2,2,3,423381,146234,44,3,2,5,501,6,0,6,60,0,4,6,0,0,0,1,1,1,0,0,2,1,2,1,1,46,8,3,0,0,0,0,0,9,2,4
3,2,3,0,4,0,1,0,0,0,0,1,1,6,1,21,5,124,1,8,1,1,2,515700,182970,1,2,1,6,27,3,40,3,30,5,4,3,40,0,0,1,1,1,0,0,1,1,1,1,1,21,5,3,0,0,0,0,0,3,1,2
2,2,9,0,9,0,5,0,0,0,0,1,1,1,1,35,6,1587,1,9,1,1,2,524360,271270,35,2,1,4,393,4,1043,6,30,8,4,6,0,0,0,1,1,1,0,0,2,1,1,1,1,33,6,3,0,0,0,0,0,9,1,5
3,2,9,0,18,0,1,0,0,0,0,4,1,6,2,33,6,1229,1,2,1,2,2,386020,438090,4,2,2,5,77,3,682,6,30,3,4,6,0,0,0,1,1,1,0,0,1,1,2,2,1,31,6,3,0,0,1,0,0,9,1,8
3,1,9,0,18,0,4,0,0,0,0,3,1,6,1,18,4,1199,1,13,3,1,2,476966,126978,44,2,1,1,497,3,3,6,60,1,4,6,0,0,0,1,1,1,0,0,2,1,1,1,1,33,6,3,0,0,0,0,0,9,1,5
2,1,9,0,17,0,0,5,0,1,10,4,1,6,2,18,4,1360,1,15,1,2,1,442990,372620,30,1,2,5,322,5,40,6,60,0,4,6,0,0,0,1,1,2,7,0,2,1,1,1,2,18,4,2,0,0,0,0,0,9,1,2
3,1,9,0,16,0,8,2,0,1,4,4,1,6,1,24,5,2793,1,16,1,2,1,433181,116470,44,1,2,1,496,1,27,1,70,1,4,3,36,0,0,1,1,2,0,0,2,1,2,2,2,40,7,3,0,0,1,0,0,9,1,9
3,1,9,0,12,0,7,1,0,0,0,3,1,6,3,38,7,1598,1,8,1,1,3,358090,430460,4,3,1,7,79,1,6,3,70,5,4,1,6,0,0,5,1,2,0,3,2,1,1,1,1,33,6,3,0,0,0,0,0,9,1,5
3,2,1,0,1,6,0,0,0,0,0,2,1,6,1,39,7,1598,1,8,3,1,2,208131,726692,97,2,1,4,913,3,85,6,60,0,4,6,0,0,0,1,1,1,0,0,2,2,1,1,1,39,7,3,0,0,0,0,0,1,3,5
2,2,3,0,9,0,8,0,0,0,0,4,1,6,1,30,6,124,1,8,1,1,3,411457,91632,55,3,1,7,640,6,0,6,30,8,4,6,0,0,0,1,1,1,0,0,1,1,1,1,1,30,6,2,0,0,0,0,0,3,1,5
3,2,9,0,4,0,1,0,0,0,0,1,1,6,3,38,7,1995,2,8,1,2,2,468351,109530,44,2,2,1,495,4,2150,3,30,1,4,3,3,0,0,1,1,1,0,0,1,2,1,1,1,33,6,3,0,0,0,0,0,9,1,5
3,1,9,0,7,0,1,0,0,0,0,4,1,6,1,21,5,1388,1,11,3,1,2,534727,324531,32,2,1,5,354,6,714,3,30,3,4,6,0,0,0,1,1,1,0,0,2,1,1,2,2,20,4,3,0,0,1,0,0,9,3,6
3,1,9,0,18,0,8,0,0,0,0,1,1,6,2,66,10,1598,1,8,1,2,2,261834,664447,97,2,2,7,926,3,728,1,30,1,4,6,0,0,0,1,1,1,0,0,1,2,1,1,1,33,6,3,0,0,0,0,0,9,1,5
3,1,9,0,7,0,5,0,0,0,0,4,1,6,1,82,11,1598,1,14,2,1,2,608472,217183,42,2,1,6,461,4,1029,6,30,3,4,6,0,0,0,1,1,1,0,0,2,1,1,1,1,33,6,3,0,0,0,0,0,9,1,5
2,2,9,0,4,0,7,0,0,0,0,2,1,6,2,46,8,1769,1,13,2,1,3,518100,295740,35,3,1,6,394,3,1139,3,70,5,4,3,1139,0,0,1,1,1,0,0,2,1,1,2,2,5,1,2,0,0,2,0,0,9,1,4
3,1,9,0,4,0,1,0,0,0,0,1,1,6,2,46,8,1598,1,8,1,1,3,554110,174550,46,3,1,6,532,3,2026,6,30,3,4,6,0,0,0,1,1,1,0,0,1,1,1,1,2,46,8,3,0,0,0,0,0,9,1,6
3,2,1,0,18,0,8,0,0,0,0,4,1,6,1,29,6,1598,1,8,1,1,2,323850,672530,95,2,1,2,923,5,0,6,30,3,4,6,0,0,0,1,1,1,0,0,1,2,1,1,1,29,6,3,0,0,0,0,0,1,1,5
3,2,9,0,10,0,0,0,0,0,0,2,1,6,2,36,7,1061,1,10,1,1,2,440680,336390,30,2,1,1,323,3,6096,6,30,0,4,6,0,0,0,1,1,1,0,0,1,2,1,1,2,36,7,3,0,0,0,0,0,9,1,8
3,1,19,0,18,0,0,0,0,0,0,3,1,6,1,25,5,1997,2,10,1,1,1,422715,427051,13,1,1,2,203,6,0,6,30,0,4,6,0,0,0,4,1,1,0,0,1,2,1,3,1,11,3,3,5,4,0,0,0,0,1,5
3,2,9,0,18,0,8,0,0,7,0,1,1,6,1,33,6,1598,1,8,1,4,4,450743,394080,14,4,4,6,213,6,0,6,60,3,4,6,0,0,0,1,2,2,0,0,2,1,2,1,1,33,6,3,0,0,0,0,0,9,1,5
3,1,9,0,9,0,5,0,0,0,0,4,1,6,2,50,8,1587,1,15,1,2,2,332170,438390,4,2,2,2,71,4,5265,6,30,3,4,6,0,0,0,1,1,1,0,0,1,1,1,1,2,50,8,3,0,0,0,0,0,9,1,6
2,2,9,0,3,0,0,0,0,0,0,2,1,6,2,77,11,1598,1,8,1,1,3,486161,279123,34,3,1,7,383,3,6003,6,30,0,4,6,0,0,4,1,1,2,0,0,1,1,1,1,2,77,11,2,0,0,0,0,0,9,1,10
2,1,9,0,18,0,0,0,0,2,4,2,1,6,1,32,6,1975,1,9,1,2,1,438432,412422,13,1,2,7,206,6,0,6,60,0,4,6,0,0,0,6,5,2,0,0,2,1,1,2,1,35,6,2,0,0,2,0,0,9,1,5