accident_severity,vehicle_reference,vehicle_type,towing_and_articulation,vehicle_manoeuvre,vehicle_location-restricted_lane,junction_location,skidding_and_overturning,hit_object_in_carriageway,vehicle_leaving_carriageway,hit_object_off_carriageway,1st_point_of_impact,was_vehicle_left_hand_drive?,journey_purpose_of_driver,sex_of_driver,age_of_driver,age_band_of_driver,engine_capacity_(cc),propulsion_code,age_of_vehicle,driver_home_area_type,NUmber_of_Casualities_unique_to_accident_index,No_of_Vehicles_involved_unique_to_accident_index,location_easting_osgr,location_northing_osgr,police_force,number_of_vehicles,number_of_casualties,day_of_week,local_authority_(district),1st_road_class,1st_road_number,road_type,speed_limit,junction_detail,junction_control,2nd_road_class,2nd_road_number,pedestrian_crossing-human_control,pedestrian_crossing-physical_facilities,light_conditions,weather_conditions,road_surface_conditions,special_conditions_at_site,carriageway_hazards,urban_or_rural_area,did_police_officer_attend_scene_of_accident,casualty_reference,casualty_class,sex_of_casualty,age_of_casualty,age_band_of_casualty,casualty_severity,pedestrian_location,pedestrian_movement,car_passenger,bus_or_coach_passenger,pedestrian_road_maintenance_worker,casualty_type,casualty_home_area_type,casualty_imd_decile
2,2,17,5,17,0,0,0,0,0,0,2,1,1,1,58,9,1598,2,4,3,1,2,213428,589436,97,2,1,7,937,6,0,6,60,0,4,6,0,0,0,1,1,1,0,0,2,1,1,1,1,33,6,3,0,0,0,0,0,9,1,5
2,2,8,0,18,0,0,0,0,7,6,2,1,6,1,21,5,1360,1,3,1,3,2,454958,286349,33,2,3,2,363,1,1,3,70,0,4,6,0,0,0,1,1,1,0,0,2,1,2,2,1,48,8,2,0,0,2,0,0,8,1,9
3,1,9,0,9,0,8,0,0,0,0,0,1,6,2,47,8,1598,1,9,1,1,2,428850,525335,11,2,1,2,169,3,167,6,60,3,3,6,0,0,4,1,1,1,0,0,2,2,1,1,1,33,6,3,0,0,0,0,0,9,1,5
3,2,1,0,18,0,1,0,0,0,0,3,1,6,1,21,5,1598,1,8,1,1,2,556433,125672,47,2,1,3,556,3,267,6,50,3,4,6,0,0,0,1,1,2,0,0,2,1,1,1,1,21,5,3,0,0,0,0,0,1,1,8
2,1,11,0,9,0,8,0,0,0,0,0,1,6,1,46,8,4760,2,2,1,1,1,524620,181080,1,1,1,6,12,4,415,6,30,2,4,6,0,0,0,1,1,1,0,0,1,1,1,2,1,56,9,2,0,0,0,3,0,11,1,3
3,1,9,0,7,0,4,0,0,0,0,1,1,6,2,36,7,1397,1,16,1,6,2,516080,301950,35,2,6,6,394,5,285,1,40,1,4,6,0,0,0,4,1,1,0,0,2,1,1,2,1,21,5,3,0,0,2,0,0,9,1,2
2,1,11,0,18,0,0,0,0,0,0,1,1,1,1,62,9,1598,1,8,1,35,5,307421,179663,62,5,35,7,746,1,4,3,70,0,4,6,0,0,0,1,1,1,0,0,2,1,10,2,2,84,11,3,0,0,0,4,0,11,1,5
1,1,9,0,18,0,0,0,0,0,0,1,1,6,1,65,9,1590,1,14,1,5,2,421264,95873,44,2,5,1,496,3,35,6,40,0,4,6,0,0,0,1,1,1,0,0,2,1,3,2,2,58,9,3,0,0,2,0,0,9,1,10
3,2,9,0,9,0,8,0,0,0,0,1,1,6,2,38,7,1598,1,4,1,1,2,516450,179510,1,2,1,6,27,6,0,6,30,6,4,6,0,0,0,4,5,2,0,0,1,1,1,1,1,33,6,3,0,0,0,0,0,9,1,5
3,1,19,0,18,0,0,1,0,0,0,1,1,1,2,33,6,1598,1,8,2,1,2,642458,263345,37,2,1,6,415,6,0,6,60,0,4,6,0,0,0,6,1,1,0,0,2,1,1,1,2,33,6,3,0,0,0,0,0,19,2,5
3,2,9,0,9,0,6,0,0,0,0,3,1,6,2,25,5,1242,1,1,1,1,3,569508,187861,42,3,1,5,450,6,0,6,30,3,4,6,0,0,0,4,1,1,0,0,1,1,1,1,1,33,6,3,0,0,0,0,0,9,1,5
3,1,9,0,9,0,6,0,0,0,0,0,1,6,1,55,8,1997,2,2,1,1,2,475581,181764,43,2,1,5,484,6,245,6,30,3,4,6,0,0,0,1,2,2,0,0,1,1,1,1,1,33,6,3,0,0,0,0,0,9,1,5
3,1,9,0,18,0,0,0,0,0,0,1,1,6,2,34,6,1598,1,9,1,1,1,532141,212594,41,1,1,5,432,5,176,6,30,0,4,6,0,0,0,1,1,2,0,0,1,1,1,3,2,24,5,3,9,5,0,0,0,0,1,10
3,1,9,0,14,0,1,0,0,0,0,4,1,6,2,70,10,1598,1,8,1,1,3,528310,186260,1,3,1,3,2,5,0,6,30,3,4,6,0,0,0,4,1,2,0,0,1,1,1,1,2,70,10,3,0,0,0,0,0,9,1,7
3,1,9,0,18,0,1,5,4,7,11,1,1,6,1,84,11,1598,1,15,1,4,2,297579,668777,95,2,4,6,940,6,0,6,30,3,4,6,0,0,0,1,1,1,0,0,1,1,1,1,1,84,11,3,0,0,0,0,0,9,1,5
3,1,9,0,17,0,1,0,0,7,3,3,1,6,2,50,8,1598,1,8,3,1,1,311601,666011,95,1,1,4,940,4,7031,6,60,9,4,6,0,0,0,1,1,2,0,0,2,1,1,1,2,50,8,3,0,0,0,0,0,9,3,5
3,1,9,0,18,0,8,0,0,0,0,1,1,6,1,20,4,1598,1,8,1,3,2,265092,192969,62,2,3,6,745,6,0,6,30,3,2,4,4290,0,0,4,1,1,0,0,1,1,1,1,1,33,6,3,0,0,0,0,0,9,1,5
3,2,9,0,2,0,0,0,0,0,0,1,1,6,1,49,8,1598,1,8,3,1,2,464791,413561,14,2,1,2,211,5,307,6,30,0,4,6,0,0,0,4,1,1,0,0,2,1,1,1,1,33,6,3,0,0,0,0,0,9,1,5
3,1,8,0,18,0,2,0,0,0,0,3,1,1,1,43,7,1598,1,8,1,1,1,529480,175300,1,1,1,7,9,3,3,6,30,6,2,3,2217,0,5,4,1,1,0,0,1,1,1,3,2,33,6,3,4,3,0,0,2,0,1,5
3,1,9,0,17,0,1,2,0,7,11,1,1,6,2,22,5,1598,1,8,1,1,1,399815,860812,92,1,1,4,911,3,90,6,60,3,4,6,0,0,0,1,4,2,0,0,2,1,1,1,2,22,5,3,0,0,0,0,0,9,1,5
3,1,9,0,18,0,1,0,0,0,0,1,1,1,2,77,11,1796,1,15,1,2,2,505114,162595,45,2,2,4,514,4,385,6,30,6,2,6,0,0,0,1,1,1,0,0,1,1,1,1,2,77,11,3,0,0,0,0,0,9,1,9
3,2,9,0,4,0,0,0,0,0,0,2,1,6,1,47,8,1995,2,8,1,1,3,391120,288140,20,3,1,5,303,4,4179,6,30,0,4,6,0,0,0,1,1,1,0,0,1,1,1,1,1,47,8,3,0,0,0,0,0,9,1,5
3,1,9,0,5,0,4,0,0,0,0,3,1,6,2,46,8,1596,1,7,1,3,2,471604,105929,44,2,3,4,495,3,27,1,40,1,4,4,2149,0,0,1,1,1,0,0,1,1,2,2,2,5,1,3,0,0,2,0,0,9,1,10
3,2,19,0,18,0,8,0,0,0,0,1,1,6,1,29,6,2402,2,8,1,2,2,529090,184040,1,2,2,4,2,3,503,6,30,6,2,3,400,0,5,5,1,1,0,0,1,1,1,1,1,33,6,3,0,0,0,0,0,9,1,5
3,1,9,0,18,0,8,0,0,0,0,3,1,6,1,42,7,1798,8,8,1,1,2,532560,169200,1,2,1,5,20,6,0,6,30,6,4,6,0,0,0,4,1,2,0,0,1,1,1,1,1,33,6,3,0,0,0,0,0,9,1,5
2,3,9,0,2,9,0,0,0,0,0,3,1,6,3,38,7,1598,1,8,1,1,3,433070,279810,20,3,1,4,302,4,4098,6,30,0,4,6,0,0,0,4,1,2,0,0,1,1,1,1,1,33,6,3,0,0,0,0,0,9,1,5
2,1,9,0,3,0,0,0,0,0,0,2,1,6,2,26,6,1598,1,8,1,2,2,510041,432647,16,2,2,6,228,3,1033,6,30,0,4,6,0,0,5,1,1,1,0,0,1,1,1,1,2,26,6,2,0,0,0,0,0,9,1,1
2,2,9,0,4,0,0,0,0,0,0,1,1,2,1,18,4,1398,1,3,3,3,4,410629,849450,92,4,3,3,911,3,90,6,60,0,4,6,0,0,0,1,1,1,4,0,2,1,1,1,1,33,6,3,0,0,0,0,0,9,1,5
3,1,9,0,13,0,0,0,0,5,6,1,1,6,2,29,6,1997,1,14,2,4,2,224520,64014,50,2,4,5,596,3,38,3,70,0,4,6,0,0,0,1,1,1,0,0,2,1,1,1,2,29,6,3,0,0,0,0,0,9,2,7
3,2,9,0,18,0,8,0,0,0,0,4,1,6,1,24,5,998,1,36,1,1,2,403280,277350,20,2,1,2,300,3,441,1,30,1,4,6,0,0,0,1,1,1,0,0,1,2,1,2,2,24,5,3,0,0,1,0,0,9,1,4
3,1,8,0,5,0,8,0,0,0,0,1,1,6,1,70,10,2402,2,12,1,1,2,532230,189710,1,2,1,3,31,4,155,6,30,1,4,6,0,0,1,5,2,2,0,0,1,1,1,1,1,33,6,3,0,0,0,0,0,9,1,5
3,1,9,0,18,0,0,0,0,0,0,1,1,6,1,58,9,1587,1,12,1,3,3,365110,405580,6,3,3,7,100,3,58,6,30,0,4,6,0,0,0,1,1,1,0,0,1,1,1,1,1,33,6,3,0,0,0,0,0,9,1,5
3,1,9,0,17,0,0,0,0,0,0,1,1,6,1,44,7,999,1,8,1,2,2,488425,277119,34,2,2,1,383,3,6003,6,40,0,4,6,0,0,0,1,1,1,0,0,2,1,2,2,2,34,6,3,0,0,1,0,0,9,1,9
3,3,9,0,12,0,0,0,0,0,0,1,1,2,2,25,5,1490,1,8,1,1,3,494375,163408,45,3,1,6,515,1,3,3,70,0,4,6,0,0,0,6,1,2,0,0,2,1,1,1,1,33,6,3,0,0,0,0,0,9,1,5
2,2,4,0,18,0,0,0,0,0,0,4,1,6,1,46,8,249,1,3,1,1,2,523580,181050,1,2,1,7,11,3,3220,7,40,0,4,6,0,0,0,1,1,1,0,0,1,1,1,2,2,23,5,2,0,0,0,0,0,4,1,5
3,1,9,0,5,0,0,0,0,0,0,3,1,6,1,49,8,1598,1,13,1,1,2,415247,431186,13,2,1,3,200,6,0,6,30,0,4,6,0,0,0,1,1,1,0,0,1,1,1,1,1,33,6,3,0,0,0,0,0,9,1,5
3,3,9,0,3,0,2,0,0,0,0,2,1,6,1,28,6,1800,1,16,1,2,3,287062,70667,50,3,2,5,585,3,380,6,30,9,4,6,0,0,0,1,1,1,0,0,1,1,2,2,2,25,5,3,0,0,1,0,0,9,1,6
3,1,9,0,1,0,0,0,0,0,0,2,1,6,1,52,8,1956,2,8,1,1,4,582143,110305,47,4,1,2,552,6,0,6,30,0,4,6,0,0,0,1,1,1,0,0,1,1,1,1,1,52,8,3,0,0,0,0,0,9,1,3
3,1,19,0,13,0,0,0,0,0,0,4,1,1,1,45,7,2148,2,6,1,1,2,533850,181330,1,2,1,6,5,3,11,6,20,0,4,6,0,0,0,1,2,2,0,0,1,1,1,1,1,33,6,3,0,0,0,0,0,9,1,5
3,2,9,0,4,0,0,0,0,0,0,2,1,6,2,51,8,4197,1,7,2,1,2,501890,118956,47,2,1,5,559,3,283,6,60,0,4,6,0,0,0,6,1,2,0,7,2,1,1,1,1,33,6,3,0,0,0,0,0,9,1,5
3,2,9,0,5,0,8,0,0,0,0,1,1,6,1,36,7,1392,1,16,1,1,2,510280,186970,1,2,1,2,26,6,0,6,30,6,4,6,0,0,0,1,1,1,0,0,1,1,1,1,1,36,7,3,0,0,0,0,0,9,1,7
3,1,9,0,9,0,8,0,0,0,0,4,1,6,1,64,9,1598,1,15,1,5,2,542630,185860,1,2,5,3,17,3,118,6,30,3,4,6,0,0,4,1,1,1,0,0,1,1,4,2,2,63,9,3,0,0,2,0,0,9,1,2
3,1,9,0,18,0,0,0,0,0,0,1,1,6,1,24,5,1968,2,6,1,2,3,368052,393430,7,3,2,2,128,1,62,3,70,0,4,6,0,0,0,1,1,1,0,0,2,1,1,2,2,24,5,3,0,0,1,0,0,9,2,9
3,1,9,0,18,0,0,0,0,0,0,3,1,6,1,27,6,1598,2,3,1,2,2,499353,149559,45,2,2,1,511,3,322,2,30,0,4,6,0,0,0,1,2,2,0,0,1,1,1,1,1,27,6,3,0,0,0,0,0,9,1,7
3,1,9,0,16,0,0,1,0,1,1,1,1,6,1,42,7,1360,1,16,2,3,1,435439,208609,43,1,3,1,485,3,40,7,60,0,4,6,0,0,0,1,1,1,0,0,1,1,2,2,2,10,2,3,0,0,1,0,0,9,1,8
3,1,9,0,7,0,8,0,0,0,0,4,1,6,2,70,10,1497,8,1,1,2,2,541110,178490,1,2,2,5,6,3,206,3,30,6,2,5,0,0,5,1,1,1,0,0,1,1,1,1,1,33,6,3,0,0,0,0,0,9,1,5
3,2,9,0,3,0,1,0,0,0,0,2,1,6,2,25,5,1388,1,12,1,2,3,338555,389620,5,3,2,4,91,4,5179,6,30,6,2,4,5179,0,0,1,1,1,0,0,1,2,1,1,2,25,5,3,0,0,0,0,0,9,1,1
3,1,8,0,18,0,0,0,0,0,0,1,1,3,1,54,8,1794,1,7,1,1,1,417403,434129,13,1,1,5,200,6,0,6,30,0,4,6,0,0,0,1,1,1,0,0,1,1,1,3,2,14,3,3,5,3,0,0,0,0,1,1
3,1,9,0,9,0,2,0,0,0,0,1,1,6,3,38,7,1598,1,8,1,1,1,383700,402020,6,1,1,3,102,6,0,6,30,3,3,3,665,0,4,1,1,1,0,0,1,1,1,3,2,15,3,3,4,1,0,0,0,0,1,5
3,2,9,0,18,0,0,0,0,0,0,3,1,6,1,43,7,1598,1,8,2,1,2,577670,151160,46,2,1,1,536,6,341,6,60,0,4,6,0,0,0,1,1,1,0,0,2,1,1,1,1,43,7,3,0,0,0,0,0,9,2,7
3,1,9,0,12,0,8,0,0,0,0,3,1,6,2,44,7,1995,1,8,1,3,2,523750,188090,1,2,3,4,30,3,406,3,40,3,4,6,0,0,0,1,1,1,0,0,1,1,1,1,2,44,7,3,0,0,0,0,0,9,1,7
3,4,9,0,4,0,0,0,0,0,0,0,1,2,1,25,5,1598,1,4,1,2,4,295366,113463,50,4,2,4,586,3,3126,6,30,0,4,6,0,0,0,1,2,2,0,0,1,1,1,1,1,33,6,3,0,0,0,0,0,9,1,5
3,2,5,0,18,0,8,0,0,0,0,1,1,2,1,25,5,599,1,15,1,1,2,506531,206829,41,2,1,4,431,3,414,3,40,3,4,6,810,0,7,4,1,1,0,0,1,1,1,1,1,25,5,3,0,0,0,0,0,5,1,6
3,1,9,0,18,0,0,0,0,0,0,1,1,6,1,48,8,1995,2,4,2,1,1,271515,658656,97,1,1,5,938,3,725,3,40,0,4,6,0,0,0,4,1,1,4,0,2,1,1,3,1,26,6,3,5,1,0,0,0,0,1,5
3,3,19,0,4,0,1,0,0,0,0,2,1,6,1,37,7,1598,2,3,1,1,3,426975,574603,10,3,1,2,139,3,19,1,60,1,2,4,1505,0,0,1,2,2,0,0,2,1,1,1,1,33,6,3,0,0,0,0,0,9,1,5
2,2,9,0,2,0,1,0,0,0,0,1,1,6,1,60,9,1598,1,8,1,2,2,388300,396230,6,2,2,7,102,5,0,6,30,3,4,6,0,0,0,1,5,2,0,0,1,1,2,1,1,60,9,2,0,0,0,0,0,9,1,8
3,1,9,0,18,0,1,0,0,0,0,4,1,6,1,26,6,1995,1,12,1,1,1,531010,185830,1,1,1,4,3,3,103,6,30,3,4,6,0,0,1,4,1,1,0,6,1,1,1,3,2,18,4,3,9,8,0,0,2,0,1,1
3,2,1,0,18,0,0,0,0,0,0,4,1,6,1,38,7,1598,1,8,1,1,2,357732,174152,52,2,1,5,601,3,4018,9,20,0,4,6,0,0,0,1,1,2,0,0,1,1,1,1,1,33,6,3,0,0,0,0,0,1,1,3
3,2,9,0,18,0,0,1,0,1,7,3,1,6,2,27,6,998,1,18,1,1,2,407720,292010,20,2,1,7,300,1,6,3,70,0,4,6,0,0,0,1,1,1,0,0,1,1,1,1,2,27,6,3,0,0,0,0,0,9,1,2
3,2,9,0,17,0,8,0,0,0,0,1,1,2,2,55,8,1796,1,14,1,1,2,422218,294823,23,2,1,3,290,4,4098,6,60,3,4,6,0,0,0,1,1,1,0,0,2,1,1,1,2,55,8,3,0,0,0,0,0,9,1,10
3,1,9,0,1,0,0,0,0,0,0,0,1,6,2,53,8,1598,1,8,3,1,3,539071,120259,47,3,1,3,554,3,275,6,30,0,4,6,0,0,0,1,1,1,0,0,2,2,1,1,1,33,6,3,0,0,0,0,0,9,1,5
3,2,9,0,18,0,0,0,0,0,0,1,1,6,1,45,7,1685,2,1,1,5,2,241777,664122,97,2,5,7,935,3,761,6,60,0,4,6,0,0,0,6,5,2,0,0,2,1,3,2,2,45,7,3,0,0,1,0,0,9,1,5
3,1,3,0,18,0,0,0,0,0,0,1,1,2,1,19,4,125,1,1,2,2,2,505888,428795,16,2,2,3,228,4,1231,3,30,0,4,6,0,0,1,1,1,2,0,0,1,1,1,1,1,19,4,3,0,0,0,0,0,3,2,10
3,2,9,0,9,0,6,0,0,0,0,3,1,6,2,22,5,1998,2,10,2,1,2,455630,299930,33,2,1,2,360,3,563,3,50,3,2,6,3184,0,0,4,2,2,0,0,2,1,1,1,2,22,5,3,0,0,0,0,0,9,2,8
3,2,5,0,5,0,1,0,0,0,0,1,1,6,1,39,7,998,1,2,1,1,2,262858,55780,50,2,1,6,584,4,3213,6,60,3,4,6,0,0,0,1,1,1,0,0,2,1,1,1,1,39,7,3,0,0,0,0,0,5,1,7
3,1,9,0,18,0,8,0,0,0,0,1,1,2,1,32,6,1587,1,14,1,1,2,425059,433375,13,2,1,3,204,6,0,1,30,1,4,4,6154,0,0,4,2,2,0,0,1,1,1,1,1,33,6,3,0,0,0,0,0,9,1,5
3,2,9,0,18,0,8,0,0,0,0,1,1,6,1,24,5,1968,2,12,1,2,2,408000,293610,20,2,2,3,300,6,0,6,30,3,4,6,0,0,0,4,1,1,0,0,1,1,1,1,1,33,6,3,0,0,0,0,0,9,1,5
3,1,21,1,2,0,0,0,0,0,0,0,2,1,1,48,8,10837,2,1,2,1,2,442094,314456,33,2,1,4,366,5,7210,6,30,0,4,6,0,0,0,1,2,2,0,0,1,2,1,3,1,48,8,3,9,9,0,0,0,0,2,7
3,2,9,0,18,0,7,0,0,0,0,1,1,6,2,35,6,1248,2,2,1,3,3,419379,182950,54,3,3,4,633,3,419,7,70,5,4,3,419,0,0,6,5,2,0,0,2,1,2,1,2,35,6,3,0,0,0,0,0,9,1,8
3,1,9,0,9,0,8,0,0,0,0,3,1,6,2,35,6,2179,2,8,1,2,2,518620,180540,1,2,2,7,27,3,406,6,30,6,1,3,4020,0,5,4,2,2,0,0,1,1,1,1,2,35,6,3,0,0,0,0,0,9,1,9
3,1,11,0,4,0,0,0,0,0,0,4,1,1,1,38,7,1598,1,8,1,1,1,527140,181600,1,1,1,5,1,3,5,6,30,0,4,6,0,0,5,4,1,1,0,0,1,1,1,3,1,29,6,3,6,9,0,0,2,0,1,5
3,1,9,0,18,0,8,0,0,0,0,1,1,6,1,38,7,1968,2,8,1,1,4,475308,253120,34,4,1,5,385,3,508,6,50,3,4,6,4123,0,0,1,1,2,0,0,2,1,1,1,1,33,6,3,0,0,0,0,0,9,1,5
3,2,9,0,2,0,0,0,0,0,0,3,1,6,1,27,6,1598,1,8,1,2,2,415315,434790,13,2,2,2,200,6,0,6,30,0,4,6,0,0,0,1,1,2,0,0,1,1,2,1,1,27,6,3,0,0,0,0,0,9,1,4
2,1,2,0,18,0,0,1,0,0,0,3,1,6,1,19,4,125,1,27,2,1,2,438450,346840,30,2,1,3,320,4,6179,6,40,0,4,6,0,0,0,4,1,2,0,0,2,1,1,1,1,19,4,2,0,0,0,0,0,2,2,4
3,1,9,0,5,0,8,0,0,0,0,1,1,6,2,17,4,1498,1,10,1,1,3,530345,105430,47,3,1,4,565,3,2010,6,30,6,2,3,270,0,5,4,1,1,0,0,1,1,1,1,1,33,6,3,0,0,0,0,0,9,1,5
3,1,9,0,18,0,0,0,10,0,0,1,1,6,1,83,11,1149,1,10,1,1,1,428027,301031,23,1,1,2,290,4,5000,6,60,0,4,6,0,0,0,1,2,2,0,0,2,1,1,1,1,83,11,3,0,0,0,0,0,9,1,5
2,1,9,0,9,0,2,0,0,0,0,1,1,6,2,71,10,1598,1,8,1,1,1,333466,350205,60,1,1,6,725,6,0,6,30,3,4,6,0,0,0,1,1,1,0,0,1,1,1,3,2,69,10,2,5,1,0,0,0,0,1,5
3,4,19,0,18,0,0,0,0,0,0,1,1,6,1,36,7,1998,2,10,1,5,5,427798,426248,13,5,5,6,204,3,650,3,40,0,4,6,0,0,0,1,3,3,0,0,1,1,5,2,1,27,6,3,0,0,1,0,0,19,1,8
2,1,5,0,14,0,1,0,0,0,0,1,1,6,1,23,5,806,1,1,1,1,2,335866,380608,5,2,1,3,95,6,0,3,40,3,4,3,41,0,0,1,1,2,4,0,2,1,1,1,1,23,5,2,0,0,0,0,0,5,1,5
1,4,9,0,16,0,0,0,0,0,0,3,1,6,1,29,6,1997,2,10,1,4,4,456966,392463,14,4,4,2,213,3,631,6,60,0,4,6,0,0,0,1,1,1,0,0,2,1,1,1,1,33,6,3,0,0,0,0,0,9,1,5
3,1,11,0,18,0,8,0,0,0,0,0,1,1,1,30,6,9000,2,5,1,14,1,436031,394105,14,1,14,5,215,5,431,6,30,3,4,6,0,0,0,1,1,1,0,0,1,1,13,2,1,12,3,3,0,0,0,4,0,11,1,1
3,3,9,0,4,0,1,0,0,0,0,2,1,6,2,67,10,1248,1,1,1,2,3,521540,299030,35,3,2,4,394,5,65,6,40,3,4,6,0,0,0,1,1,1,0,0,1,1,1,1,1,33,6,3,0,0,0,0,0,9,1,5
3,1,9,0,7,0,3,0,0,0,0,4,1,2,1,70,10,1839,1,12,1,1,2,357276,381233,7,2,1,6,124,3,56,1,60,1,4,3,56,0,0,1,5,2,0,0,2,2,1,1,1,33,6,3,0,0,0,0,0,9,1,5
3,2,8,0,18,0,0,0,0,0,0,1,1,6,1,38,7,1791,8,3,1,1,2,536570,183350,1,2,1,5,5,6,0,6,30,0,4,6,0,0,0,4,1,1,0,0,1,2,1,1,1,33,6,3,0,0,0,0,0,9,1,5
3,3,9,0,2,0,2,0,0,0,0,4,1,6,2,47,8,1299,1,12,1,1,5,421000,529380,11,5,1,4,169,5,188,6,30,3,4,6,0,0,0,4,1,1,0,0,1,1,1,1,1,33,6,3,0,0,0,0,0,9,1,5
3,2,1,0,18,0,2,0,0,0,0,1,1,6,1,10,2,1598,1,8,1,1,2,382700,400520,6,2,1,1,107,3,576,6,30,6,2,3,5066,0,5,1,1,1,0,0,1,1,1,1,1,10,2,3,0,0,0,0,0,1,1,1
3,2,3,0,18,0,8,0,0,0,0,1,1,2,1,22,5,124,1,2,1,1,2,540497,137758,47,2,1,4,563,3,22,6,30,3,4,6,0,0,0,1,2,2,0,0,1,1,1,1,1,22,5,3,0,0,0,0,0,3,1,4
3,1,9,0,18,0,6,0,0,0,0,1,1,1,2,34,6,1198,1,1,1,2,2,437062,392829,14,2,2,5,215,6,0,6,20,6,4,6,0,0,0,1,1,1,0,0,1,1,1,1,1,33,6,3,0,0,0,0,0,9,1,5
2,2,9,0,13,0,0,1,0,7,0,1,1,6,1,62,9,1598,2,8,1,3,2,415880,425096,13,2,3,1,202,3,649,6,60,0,4,6,0,0,0,1,1,1,0,0,2,1,2,1,1,62,9,3,0,0,0,0,0,9,1,8
3,2,9,0,18,0,8,0,0,0,0,3,1,6,2,18,4,998,1,7,1,1,2,445240,122183,44,2,1,3,491,6,0,6,40,2,4,6,0,0,0,4,1,2,0,0,2,1,1,1,1,33,6,3,0,0,0,0,0,9,1,5
3,1,9,0,18,0,0,2,0,0,0,1,1,1,1,33,6,1910,2,6,1,3,3,504084,180523,43,3,3,1,477,1,25,3,70,0,4,6,0,0,0,5,1,1,0,0,2,1,1,1,1,33,6,3,0,0,0,0,0,9,1,5
2,1,9,0,18,0,2,2,0,1,4,1,1,6,1,51,8,1598,1,8,1,2,1,532840,206470,41,1,2,6,432,5,56,6,60,3,4,5,16,0,0,6,1,2,0,0,2,1,2,2,2,40,7,2,0,0,1,0,0,9,1,10
3,2,9,0,18,0,0,1,0,0,0,4,1,1,2,26,6,1598,2,8,1,1,2,446970,376560,30,2,1,3,321,1,1,3,70,0,4,6,0,0,0,1,1,1,4,0,2,1,1,1,2,26,6,3,0,0,0,0,0,9,1,7
3,1,9,0,12,0,0,0,0,0,0,1,1,2,1,67,10,1995,2,1,1,2,5,398120,273190,22,5,2,5,270,1,42,3,70,0,4,6,0,0,0,1,1,1,0,0,2,1,1,1,1,33,6,3,0,0,0,0,0,9,1,5
3,2,9,0,18,0,8,0,0,0,0,1,1,6,1,41,7,2993,2,12,3,1,2,603388,243782,37,2,1,6,410,3,1071,6,60,3,4,5,726,0,0,1,1,1,0,0,2,1,1,1,1,33,6,3,0,0,0,0,0,9,1,5
3,5,9,0,4,0,0,0,0,0,0,2,1,2,1,44,7,1968,2,4,1,1,6,276699,676436,97,6,1,4,932,1,80,3,70,0,4,6,0,0,0,1,1,1,0,0,2,1,1,1,1,33,6,3,0,0,0,0,0,9,1,5
3,1,9,0,4,0,0,0,0,0,0,1,1,6,1,40,7,1598,1,8,3,1,1,287591,206531,62,1,1,7,743,6,0,6,30,0,4,6,0,0,0,1,1,1,0,0,2,2,1,3,1,7,2,3,5,2,0,0,0,0,2,5
3,1,9,0,4,6,5,0,0,0,0,4,1,6,1,40,7,2199,2,1,1,1,1,444652,165850,43,1,1,3,471,3,34,3,70,5,4,6,0,0,0,6,1,1,0,0,2,1,1,3,1,45,7,3,9,9,0,0,0,0,1,5
3,1,9,0,14,0,8,1,0,7,0,1,1,6,2,32,6,1598,1,8,1,1,2,440634,451687,12,2,1,4,182,3,168,6,60,8,4,6,0,0,0,1,1,1,0,0,2,1,1,1,2,32,6,3,0,0,0,0,0,9,1,4
3,1,9,0,18,0,0,1,0,5,6,3,1,6,1,18,4,1124,1,12,1,1,2,435740,256476,23,2,1,3,293,1,40,3,70,0,4,6,0,0,0,6,1,2,0,0,2,1,1,1,1,18,4,3,0,0,0,0,0,9,1,2
3,1,9,0,9,0,8,0,0,0,0,1,1,6,1,26,6,1997,2,4,1,1,2,534070,176690,1,2,1,7,8,3,202,6,30,3,4,6,0,0,5,4,1,1,0,0,1,1,1,1,1,33,6,3,0,0,0,0,0,9,1,5
3,1,19,0,17,0,0,0,0,0,0,0,1,6,1,27,6,1598,2,8,1,1,3,517980,182710,1,3,1,2,27,3,40,3,40,0,4,6,0,0,0,1,1,1,0,0,1,1,1,1,1,33,6,3,0,0,0,0,0,9,1,5
3,1,9,0,13,0,8,0,0,7,3,1,1,6,1,65,9,2993,2,8,1,2,2,458745,333129,31,2,2,2,347,6,0,6,60,8,4,6,0,0,0,1,1,2,0,0,2,1,1,1,1,33,6,3,0,0,0,0,0,9,1,5
3,1,19,0,4,0,1,0,0,0,0,0,1,1,1,55,8,2402,2,9,1,2,4,564740,139810,46,4,2,2,543,3,21,6,60,1,4,6,0,0,8,1,1,1,0,0,2,1,1,1,1,33,6,3,0,0,0,0,0,9,1,5
3,1,9,0,18,0,1,0,0,0,0,1,1,6,1,35,6,2171,2,12,1,1,2,557790,104747,47,2,1,2,556,3,2270,6,40,3,2,3,27,0,0,1,1,1,0,0,1,2,1,1,1,33,6,3,0,0,0,0,0,9,1,5
3,1,9,0,18,0,1,1,0,0,0,1,1,6,1,19,4,1991,1,12,2,1,2,540130,366122,32,2,1,3,351,6,0,6,30,3,4,4,1195,2,1,4,2,2,0,0,2,1,1,1,1,33,6,3,0,0,0,0,0,9,1,5
3,2,11,0,5,0,0,0,0,0,0,0,1,1,1,58,9,1598,1,8,1,1,2,310656,205681,61,2,1,5,731,6,0,6,30,0,4,6,0,0,0,1,1,1,0,0,2,2,1,2,2,58,9,3,0,0,0,3,0,11,3,5