accident_severity,vehicle_reference,vehicle_type,towing_and_articulation,vehicle_manoeuvre,vehicle_location-restricted_lane,junction_location,skidding_and_overturning,hit_object_in_carriageway,vehicle_leaving_carriageway,hit_object_off_carriageway,1st_point_of_impact,was_vehicle_left_hand_drive?,journey_purpose_of_driver,sex_of_driver,age_of_driver,age_band_of_driver,engine_capacity_(cc),propulsion_code,age_of_vehicle,driver_home_area_type,NUmber_of_Casualities_unique_to_accident_index,No_of_Vehicles_involved_unique_to_accident_index,location_easting_osgr,location_northing_osgr,police_force,number_of_vehicles,number_of_casualties,day_of_week,local_authority_(district),1st_road_class,1st_road_number,road_type,speed_limit,junction_detail,junction_control,2nd_road_class,2nd_road_number,pedestrian_crossing-human_control,pedestrian_crossing-physical_facilities,light_conditions,weather_conditions,road_surface_conditions,special_conditions_at_site,carriageway_hazards,urban_or_rural_area,did_police_officer_attend_scene_of_accident,casualty_reference,casualty_class,sex_of_casualty,age_of_casualty,age_band_of_casualty,casualty_severity,pedestrian_location,pedestrian_movement,car_passenger,bus_or_coach_passenger,pedestrian_road_maintenance_worker,casualty_type,casualty_home_area_type,casualty_imd_decile
3,1,9,0,18,0,0,0,0,0,0,1,1,6,1,20,4,1199,1,13,2,1,1,454469,409815,14,1,1,4,211,6,0,6,30,0,4,6,0,0,0,1,1,1,0,0,1,1,1,3,1,47,8,3,10,9,0,0,0,0,2,3
3,1,9,0,1,0,0,0,0,0,0,2,1,6,2,23,5,998,1,2,3,1,2,182333,44367,50,2,1,2,596,6,0,6,30,0,4,6,0,0,0,1,7,2,0,0,1,2,1,1,1,33,6,3,0,0,0,0,0,9,1,5
3,2,9,0,3,0,1,0,0,0,0,2,1,6,2,51,8,973,1,14,1,1,2,457010,341160,31,2,1,5,346,3,60,6,30,6,2,6,0,0,5,1,2,2,0,0,1,2,1,1,2,51,8,3,0,0,0,0,0,9,1,1
3,1,9,0,9,0,6,0,0,0,0,1,1,6,1,54,8,1595,1,7,1,2,2,378530,247750,22,2,2,7,273,3,449,6,30,6,2,6,0,0,4,4,1,1,0,0,1,1,1,1,1,54,8,3,0,0,0,0,0,9,1,5
3,2,9,0,18,0,0,0,0,0,0,1,1,2,2,50,8,1242,1,2,1,1,2,497594,151401,45,2,1,3,511,6,648,6,30,0,4,6,0,0,0,1,1,1,0,0,1,1,1,1,1,33,6,3,0,0,0,0,0,9,1,5
3,1,8,0,5,0,0,0,0,0,0,1,1,1,1,37,7,1598,1,5,1,1,1,528740,184100,1,1,1,7,2,3,502,2,30,0,4,6,0,0,0,4,1,1,0,0,1,1,1,3,1,32,6,3,5,1,0,0,2,0,1,7
3,1,9,0,18,0,6,0,0,0,0,1,1,6,2,21,5,1598,1,12,2,4,2,347600,308680,22,2,4,1,286,6,0,6,30,3,4,6,0,0,0,1,1,1,0,0,2,1,3,2,2,24,5,3,0,0,2,0,0,9,1,5
3,1,9,0,5,0,4,0,0,0,0,1,1,6,2,38,7,1995,2,5,1,1,2,457869,381930,31,2,1,6,341,6,0,1,30,1,4,6,0,0,0,1,1,1,0,0,1,1,1,1,1,33,6,3,0,0,0,0,0,9,1,5
3,2,11,0,17,0,1,0,0,0,0,3,1,1,1,57,9,10640,2,8,1,1,2,428628,582111,10,2,1,3,139,6,9500,6,30,3,4,6,9500,0,0,4,2,2,6,0,2,1,1,1,1,33,6,3,0,0,0,0,0,9,1,5
3,2,9,0,18,0,1,1,0,4,6,2,1,6,2,20,4,1388,1,8,1,2,2,452172,215931,43,2,2,6,481,3,34,3,70,5,4,3,34,0,0,1,1,1,0,0,2,1,1,2,2,49,8,3,0,0,1,0,0,9,1,6
3,2,1,5,5,0,2,0,0,0,0,3,1,6,1,28,6,1598,1,8,1,1,2,331700,440770,4,2,1,3,71,6,0,3,30,1,4,6,0,0,1,1,1,1,0,0,1,1,1,1,1,28,6,3,0,0,0,0,0,1,1,2
3,1,21,0,9,0,6,0,0,0,0,3,1,1,1,60,9,4461,2,3,1,2,2,399040,301280,20,2,2,2,307,6,0,6,30,3,4,6,0,0,4,1,1,1,0,0,1,1,1,1,1,33,6,3,0,0,0,0,0,9,1,5
3,1,9,0,17,0,0,0,10,7,11,3,1,5,1,18,4,1248,2,6,1,1,1,388088,358413,21,1,1,7,256,6,65,6,30,0,4,6,0,0,0,1,1,2,0,0,1,2,1,2,1,18,4,3,0,0,1,0,0,9,1,3
3,2,3,0,18,0,4,0,0,0,0,3,1,6,1,20,4,125,1,1,2,1,2,289665,66690,50,2,1,3,587,6,0,1,30,1,4,6,0,0,0,1,2,2,0,0,1,2,1,1,1,20,4,3,0,0,0,0,0,3,2,6
3,1,19,0,5,0,2,0,0,0,0,4,1,6,3,38,7,1598,1,8,1,1,1,440994,392692,14,1,1,7,213,3,6109,6,40,3,4,6,0,0,0,1,9,1,0,0,1,2,1,3,1,28,6,3,5,1,0,0,0,0,1,2
3,2,9,0,3,0,1,0,0,0,0,2,1,6,2,20,4,1242,1,1,1,1,2,460635,299100,33,2,1,1,367,4,5418,3,30,2,4,4,5418,0,0,1,1,1,0,0,1,1,1,1,2,20,4,3,0,0,0,0,0,9,1,9
2,1,5,0,18,0,8,0,0,0,0,1,1,6,1,56,9,600,1,8,1,1,2,529270,177330,1,2,1,5,10,3,3205,3,30,6,2,6,0,0,5,1,1,1,0,0,1,1,1,1,1,56,9,2,0,0,0,0,0,5,1,3
3,1,1,0,18,0,8,0,0,0,0,1,1,6,1,26,6,1598,1,8,1,1,2,531560,181560,48,2,1,3,570,3,201,6,30,3,4,5,0,0,0,1,1,1,0,0,1,1,1,1,1,26,6,3,0,0,0,0,0,1,1,3
1,1,4,0,17,0,0,1,0,1,1,4,1,6,1,21,5,599,1,22,3,1,1,525394,323596,32,1,1,2,354,3,151,6,30,0,4,6,0,0,0,4,1,1,0,0,1,1,1,1,1,21,5,1,0,0,0,0,0,4,3,3
3,3,9,0,18,0,0,0,1,0,0,1,1,6,1,51,8,2993,2,9,3,6,3,429722,487993,12,3,6,7,181,2,1,3,70,0,4,6,0,0,0,6,1,1,0,3,2,1,6,2,1,15,3,3,0,0,2,0,0,9,3,4
3,1,9,0,17,0,0,1,0,2,4,1,1,6,1,37,7,1598,1,8,1,1,1,573590,212775,42,1,1,6,454,6,0,6,60,0,4,6,0,0,0,1,1,2,0,0,2,1,1,1,1,37,7,3,0,0,0,0,0,9,1,6
3,1,9,0,18,0,1,0,0,0,0,1,1,6,3,64,9,1598,1,8,1,1,1,379790,433140,4,1,1,7,72,6,0,6,30,9,4,6,0,0,0,1,1,1,0,0,1,1,1,3,1,26,6,3,9,9,0,0,0,0,1,2
2,2,1,0,18,0,8,1,0,1,0,1,1,6,1,61,9,1598,1,8,1,1,2,513656,128905,47,2,1,3,562,6,0,6,60,3,4,6,0,0,0,1,1,1,0,0,2,1,1,1,1,61,9,2,0,0,0,0,0,1,1,10
3,1,9,0,3,0,0,0,0,0,0,2,1,6,1,50,8,1896,2,10,1,2,3,352315,113825,52,3,2,3,610,3,30,6,30,0,4,6,0,0,0,1,2,2,0,0,2,2,2,2,2,46,8,3,0,0,1,0,0,9,1,7
3,1,21,1,18,0,0,0,0,0,0,1,1,1,1,50,8,1598,1,8,2,2,5,447207,520924,17,5,2,6,245,3,1046,6,40,0,4,6,0,0,0,1,1,1,0,0,1,1,1,1,1,33,6,3,0,0,0,0,0,9,1,5
3,1,9,0,3,0,8,0,0,0,0,2,1,2,1,38,7,1248,1,2,1,1,2,512640,183950,1,2,1,4,27,3,312,1,30,1,2,3,40,0,5,1,1,1,0,0,1,1,1,1,1,38,7,3,0,0,0,0,0,9,1,4
3,1,10,0,9,0,2,0,0,0,0,3,1,6,1,70,10,1968,2,4,1,1,2,567850,157790,46,2,1,4,542,5,28,6,30,3,4,6,0,0,0,1,1,1,0,0,2,2,1,1,1,33,6,3,0,0,0,0,0,9,1,5
2,1,9,0,17,0,0,1,0,0,4,1,1,6,1,18,4,1598,1,8,3,2,1,491372,175114,43,1,2,1,474,6,7402,6,60,0,4,6,0,0,0,6,1,2,0,0,2,1,2,2,1,17,4,2,0,0,1,0,0,9,1,10
3,1,9,0,18,0,0,0,0,0,0,1,1,2,1,30,6,1968,2,2,1,2,3,441974,113498,44,3,2,5,500,3,33,6,30,0,4,6,0,0,0,1,1,1,0,0,1,1,1,1,1,30,6,3,0,0,0,0,0,9,1,5
3,1,9,0,9,0,8,0,0,0,0,4,1,6,1,19,4,1598,1,8,1,1,2,515610,173120,1,2,1,6,24,3,305,6,30,3,4,6,0,0,0,4,1,1,0,0,1,1,1,1,1,19,4,3,0,0,0,0,0,9,1,8
3,1,9,0,1,0,1,0,0,0,0,2,1,6,1,27,6,1998,1,13,1,1,2,333288,386297,5,2,1,1,95,6,0,6,30,6,2,4,5136,0,5,1,1,1,0,0,1,2,1,1,1,33,6,3,0,0,0,0,0,9,1,5
3,3,9,0,7,0,8,0,0,0,0,4,1,6,1,55,8,1339,8,8,1,3,4,453940,341822,31,4,3,2,346,4,690,6,30,6,2,6,0,0,5,1,1,1,0,0,1,1,1,1,1,33,6,3,0,0,0,0,0,9,1,5
2,1,9,0,9,0,6,0,0,0,0,1,1,1,2,37,7,1461,2,6,1,1,2,379490,245400,22,2,1,2,273,4,4211,6,30,3,4,6,0,0,0,4,1,2,0,0,1,1,1,1,1,33,6,3,0,0,0,0,0,9,1,5
2,2,1,0,18,0,1,0,0,0,0,1,1,6,1,23,5,1598,1,8,1,1,2,534230,189290,1,2,1,1,31,3,503,6,30,3,4,6,0,0,1,4,8,2,0,0,1,1,1,1,1,23,5,2,0,0,0,0,0,1,1,1
3,1,9,0,18,0,0,0,0,0,0,1,1,6,1,53,8,1598,1,8,1,1,1,427686,516204,11,1,1,4,161,6,0,6,30,0,4,6,0,0,0,1,1,1,0,0,1,2,1,3,2,12,3,3,5,2,0,0,0,0,1,4
3,1,9,0,4,0,1,0,0,0,0,1,1,6,2,18,4,1399,2,3,1,1,1,411640,296220,20,1,1,2,300,6,0,6,30,3,4,6,0,0,0,1,1,1,0,0,1,2,1,3,2,16,4,3,5,1,0,0,0,0,1,5
3,2,90,0,3,0,1,0,0,0,0,2,1,1,1,43,7,2999,2,4,1,1,2,318850,674920,95,2,1,2,923,3,90,6,40,3,4,4,701,0,4,4,1,1,0,0,1,1,1,1,1,43,7,3,0,0,0,0,0,90,1,5
2,1,9,0,7,0,1,0,0,0,0,4,1,1,2,20,4,1242,1,4,1,1,2,364409,389184,7,2,1,6,128,3,57,6,40,3,4,6,0,0,5,1,1,1,0,0,1,1,1,1,1,33,6,3,0,0,0,0,0,9,1,5
3,3,9,0,2,0,0,0,0,0,0,2,1,6,2,24,5,1242,1,5,1,1,3,433829,284904,23,3,1,5,291,6,0,6,30,0,4,6,0,0,0,1,1,1,0,0,1,1,1,1,1,33,6,3,0,0,0,0,0,9,1,5
3,3,9,0,18,0,0,0,0,0,0,2,1,6,2,52,8,1598,1,8,2,2,4,491537,336809,32,4,2,3,355,3,607,6,30,0,4,6,0,0,0,1,1,1,0,0,1,1,2,1,2,52,8,3,0,0,0,0,0,9,1,3
3,2,9,0,18,0,1,0,0,0,0,4,1,6,2,44,7,1360,1,9,1,1,2,384360,433550,4,2,1,3,72,6,0,6,30,7,2,6,0,0,4,1,1,1,0,0,1,1,1,1,2,44,7,3,0,0,0,0,0,9,1,1
3,2,2,0,18,0,8,0,0,0,0,1,1,2,1,27,6,1598,1,8,1,1,2,266384,194689,62,2,1,4,745,3,4217,6,30,9,4,4,5444,0,0,4,2,2,0,0,2,1,1,1,1,27,6,3,0,0,0,0,0,2,1,5
3,2,5,0,18,0,1,0,0,0,0,1,1,6,1,48,8,1000,1,31,1,1,2,578434,235388,42,2,1,5,451,6,0,6,30,3,4,6,0,0,0,1,1,1,0,0,2,1,1,1,1,33,6,3,0,0,0,0,0,9,1,5
3,1,9,0,17,0,8,0,0,0,0,1,1,6,1,42,7,2993,2,2,1,1,2,527100,178380,1,2,1,4,12,4,304,6,30,6,4,6,0,0,1,4,1,1,0,0,1,1,1,1,1,33,6,3,0,0,0,0,0,9,1,5
2,1,5,0,17,0,1,2,0,1,1,1,1,6,1,38,7,749,1,8,1,1,1,421187,587920,10,1,1,6,139,4,1337,6,60,3,4,5,130,0,0,1,1,1,0,0,2,1,1,1,1,38,7,2,0,0,0,0,0,5,1,6
2,1,9,0,17,0,0,0,0,1,10,1,1,6,1,29,6,1598,1,8,1,4,2,308351,170607,62,2,4,7,746,6,0,6,60,0,4,6,0,0,0,1,1,1,0,0,2,1,3,2,2,29,6,2,0,0,1,0,0,9,1,5
3,2,9,0,5,0,4,0,0,0,0,1,1,6,1,24,5,1560,2,8,1,1,2,594390,172650,46,2,1,7,540,4,2008,1,30,2,4,6,0,0,0,1,1,1,0,0,1,1,1,1,1,33,6,3,0,0,0,0,0,9,1,5
3,2,9,0,17,0,8,0,0,0,0,1,1,6,1,69,10,1598,1,8,1,1,2,381070,400290,6,2,1,6,107,6,0,6,30,3,4,6,0,0,0,1,1,1,0,0,1,1,1,1,1,69,10,3,0,0,0,0,0,9,1,5
3,2,9,0,3,0,0,0,0,0,0,2,1,1,2,27,6,1198,1,3,2,1,2,355930,418450,4,2,1,5,73,3,581,6,30,0,4,6,0,0,4,1,1,1,0,0,1,1,1,1,2,27,6,3,0,0,0,0,0,9,2,4
3,1,9,0,17,0,8,1,0,0,0,1,1,1,2,22,5,1598,1,8,1,2,2,385091,303109,21,2,2,6,254,5,21,6,60,3,4,6,27,0,0,1,1,4,5,0,2,1,1,1,2,22,5,3,0,0,0,0,0,9,1,9
3,3,9,0,4,0,4,0,0,4,0,1,1,6,1,22,5,1595,1,9,1,2,3,514162,432110,16,3,2,2,228,3,165,3,40,1,4,4,1237,0,1,4,8,2,0,0,1,1,1,1,1,33,6,3,0,0,0,0,0,9,1,5
3,3,9,0,18,0,0,0,0,0,0,4,1,6,2,44,7,1968,2,1,2,2,3,441569,221663,43,3,2,2,485,3,44,6,50,0,4,6,0,0,0,1,1,2,0,0,2,1,1,1,1,33,6,3,0,0,0,0,0,9,1,5
3,2,9,0,7,0,1,0,0,0,0,3,1,6,3,38,7,1360,1,6,1,1,2,442885,114338,44,2,1,2,500,6,0,6,30,6,2,6,0,0,0,1,1,1,0,0,1,2,1,1,1,33,6,3,0,0,0,0,0,9,1,5
3,2,9,0,3,0,8,0,0,0,0,2,1,6,1,64,9,1598,1,13,1,1,2,400710,278520,20,2,1,6,300,6,0,6,30,3,4,6,0,0,0,1,1,2,0,0,1,2,1,1,1,64,9,3,0,0,0,0,0,9,1,1
3,2,9,0,18,0,1,0,0,0,0,2,1,6,2,35,6,1598,1,5,1,1,2,255282,665636,97,2,1,6,926,6,0,6,30,3,4,6,0,0,0,1,1,1,0,0,1,1,1,1,1,33,6,3,0,0,0,0,0,9,1,5
3,2,9,0,18,0,8,0,0,0,0,4,1,6,1,27,6,1984,1,5,1,1,2,428937,434211,13,2,1,6,204,6,0,6,30,6,4,6,0,0,0,1,1,1,0,0,1,1,1,1,1,27,6,3,0,0,0,0,0,9,1,8
3,1,9,0,18,0,8,0,0,0,0,1,1,6,1,50,8,5935,1,8,1,1,1,528820,179330,1,1,1,5,1,3,3217,2,30,3,4,4,312,0,0,4,1,1,0,0,1,1,1,3,1,21,5,3,9,9,0,0,2,0,1,2
3,2,1,0,18,0,8,0,0,0,0,1,1,6,1,30,6,1598,1,8,1,1,2,423870,375140,30,2,1,1,329,4,6001,6,30,3,4,3,625,0,0,1,1,1,0,0,2,1,1,1,1,30,6,3,0,0,0,0,0,1,1,5
3,3,9,0,10,0,8,0,0,0,0,2,1,6,2,39,7,1560,2,5,3,3,3,345665,165636,52,3,3,2,605,3,370,6,40,3,4,6,0,0,0,4,1,2,0,0,2,1,1,1,1,33,6,3,0,0,0,0,0,9,1,5
3,1,9,0,9,0,8,0,0,0,0,2,1,3,1,37,7,1998,1,11,1,1,2,488051,268416,34,2,1,6,386,5,146,6,30,3,4,6,9468,0,0,1,1,2,0,0,1,1,1,1,1,33,6,3,0,0,0,0,0,9,1,5
3,1,19,0,9,0,6,0,0,0,0,1,1,1,1,27,6,2151,2,15,1,1,2,386831,154886,54,2,1,6,635,3,350,6,40,8,4,6,0,0,0,1,1,1,0,0,2,2,1,1,1,33,6,3,0,0,0,0,0,9,1,5
3,1,19,0,9,0,6,0,0,0,0,1,1,2,1,54,8,1686,2,13,1,1,2,421894,292857,23,2,1,2,290,6,0,6,30,3,4,6,0,0,0,1,1,1,0,0,2,1,1,1,1,33,6,3,0,0,0,0,0,9,1,5
3,2,9,0,18,0,8,0,0,0,0,1,1,2,1,39,7,1896,2,10,1,5,2,370514,425834,4,2,5,7,70,3,6077,3,30,6,2,4,6231,0,5,4,2,2,0,0,1,1,2,1,1,39,7,3,0,0,0,0,0,9,1,1
3,1,9,0,18,0,0,1,0,0,0,4,1,1,1,46,8,1399,2,3,1,1,2,432194,405864,14,2,1,3,210,1,1,3,70,0,4,6,0,0,0,1,1,1,0,0,2,2,1,1,1,46,8,3,0,0,0,0,0,9,1,4
3,1,9,0,13,0,0,2,0,0,0,1,1,6,1,49,8,1598,1,8,2,2,3,300031,182764,62,3,2,6,744,3,473,6,30,0,4,6,0,0,0,4,1,1,0,0,2,1,1,1,1,49,8,3,0,0,0,0,0,9,2,5
3,1,1,0,17,0,3,0,0,0,0,3,1,2,1,27,6,1598,1,8,1,1,2,532120,181590,48,2,1,3,570,3,1,1,30,1,4,3,1211,0,0,1,1,1,0,0,1,1,1,1,1,27,6,3,0,0,0,0,0,1,1,3
3,3,9,0,2,0,0,0,0,0,0,4,1,6,2,30,6,1149,1,7,1,1,3,291431,65624,50,3,1,5,587,6,0,6,30,0,4,6,0,0,0,1,1,1,0,0,1,1,1,1,1,33,6,3,0,0,0,0,0,9,1,5
3,1,9,0,18,0,6,0,0,1,10,3,1,6,2,19,4,1496,2,1,2,4,2,570250,161830,46,2,4,1,542,5,491,6,30,7,4,6,0,0,1,4,1,1,0,0,1,1,2,2,2,24,5,3,0,0,1,0,0,9,1,7
3,3,9,0,4,0,0,1,0,0,0,1,1,2,1,21,5,2993,2,2,1,2,5,507420,300070,35,5,2,5,394,3,1,3,70,0,4,6,0,0,0,6,1,1,0,0,2,1,1,1,1,33,6,3,0,0,0,0,0,9,1,5
3,2,9,0,18,0,8,0,0,0,0,1,1,3,2,51,8,1753,2,12,1,1,2,394062,344974,21,2,1,3,256,3,520,6,60,3,4,6,183,0,0,1,1,2,0,0,2,1,1,2,1,11,3,3,0,0,1,0,0,9,1,3
2,1,9,0,18,0,6,0,0,0,0,1,1,6,2,25,5,1598,1,8,2,2,2,328234,123039,52,2,2,6,608,3,358,6,60,9,4,6,0,0,0,7,2,1,0,0,2,1,2,2,1,39,7,3,0,0,1,0,0,9,1,6
3,1,9,0,9,0,8,0,0,0,0,1,1,6,2,45,7,1242,1,6,1,2,2,307508,672131,95,2,2,7,940,3,899,6,30,6,2,6,0,0,5,1,1,1,0,0,1,1,2,2,2,6,2,3,0,0,2,0,0,9,1,5
2,2,5,0,17,0,0,0,0,0,0,1,1,6,1,50,8,1598,1,8,1,1,2,295482,169474,62,2,1,2,746,4,4265,6,60,0,4,6,0,0,0,1,1,1,0,0,2,1,2,1,1,50,8,2,0,0,0,0,0,5,1,5
3,1,9,0,18,0,2,0,10,3,10,1,1,6,1,22,5,1896,2,9,1,1,1,453706,408792,14,1,1,1,211,5,310,6,30,3,4,6,0,0,0,4,2,2,0,0,1,1,1,2,2,21,5,3,0,0,1,0,0,9,1,6
3,1,9,0,9,0,6,0,0,0,0,1,1,6,2,25,5,1598,1,1,1,1,2,514571,160577,45,2,1,2,510,3,244,6,30,3,4,6,0,0,0,1,1,2,0,0,1,1,1,1,1,33,6,3,0,0,0,0,0,9,1,5
3,1,9,0,18,0,1,0,0,0,0,1,1,6,2,48,8,1761,1,16,1,1,2,414229,105197,44,2,1,2,496,3,31,7,70,5,4,6,0,0,0,1,2,2,0,0,1,1,1,1,2,48,8,3,0,0,0,0,0,9,1,10
3,2,5,0,18,0,1,0,0,0,0,4,1,6,1,47,8,1598,1,8,1,1,2,257779,664624,97,2,1,6,926,3,8,6,30,6,2,6,0,0,5,1,1,1,0,0,1,2,1,1,1,47,8,3,0,0,0,0,0,5,1,5
1,1,9,0,5,0,2,0,10,1,10,1,1,6,2,66,10,2494,1,16,1,1,2,286830,680105,96,2,1,3,924,6,0,6,30,2,4,6,0,0,0,1,1,1,0,0,1,1,1,1,1,33,6,3,0,0,0,0,0,9,1,5
3,1,98,0,18,0,1,0,0,0,0,4,1,6,1,38,7,1598,1,8,1,1,1,307479,346039,60,1,1,3,723,3,494,6,30,9,4,6,0,0,0,4,8,1,0,0,2,2,1,3,2,18,4,3,9,8,0,0,0,0,1,5
3,1,9,0,4,0,1,0,0,0,0,1,1,6,2,92,11,1086,1,6,1,1,2,550032,223086,42,2,1,2,463,3,120,1,60,1,4,4,1383,0,0,1,1,1,0,0,2,1,1,1,2,92,11,3,0,0,0,0,0,9,1,5
3,1,3,0,9,0,2,1,0,0,0,3,1,1,1,55,8,108,1,1,1,1,1,528820,183810,1,1,1,1,2,3,4201,2,30,6,2,6,0,0,5,4,1,1,0,0,1,1,1,1,1,55,8,3,0,0,0,0,0,3,1,6
3,1,9,0,18,0,8,0,0,0,0,3,1,2,2,38,7,1461,2,7,1,1,2,543020,181890,1,2,1,2,17,3,117,6,30,3,4,6,0,0,0,1,2,2,0,0,1,2,1,1,2,38,7,3,0,0,0,0,0,9,1,8
3,1,8,0,10,0,8,0,0,0,0,2,1,1,1,51,8,1598,1,8,1,1,2,530430,173480,1,2,1,6,9,3,205,3,30,6,2,3,23,0,5,4,1,1,0,0,1,2,1,1,1,51,8,3,0,0,0,0,0,8,1,8
3,1,9,0,9,0,8,0,0,0,0,1,1,6,1,30,6,1598,1,8,1,1,2,286385,680639,96,2,1,3,924,3,803,6,30,6,2,6,0,0,5,1,1,1,0,0,1,1,1,1,1,33,6,3,0,0,0,0,0,9,1,5
3,1,9,0,17,0,0,0,0,1,4,1,1,6,2,18,4,1598,1,8,1,2,1,453921,271996,34,1,2,5,381,5,62,6,60,0,4,6,0,0,0,6,1,1,0,0,2,1,2,2,2,15,3,3,0,0,1,0,0,9,1,5
3,1,1,0,5,0,8,0,0,0,0,1,1,6,1,22,5,1598,1,8,1,1,2,510273,432764,16,2,1,3,228,6,0,6,30,3,4,6,0,0,0,1,1,1,0,0,1,2,1,1,1,22,5,3,0,0,0,0,0,1,1,1
2,1,9,0,9,0,5,0,0,0,0,1,1,6,1,78,11,1598,1,11,1,1,1,356124,115871,52,1,1,2,610,6,0,6,30,3,4,6,0,0,5,4,4,1,0,0,1,1,1,3,2,15,3,2,5,3,0,0,0,0,1,8
3,2,9,0,5,0,8,0,0,0,0,4,1,6,2,26,6,1796,1,8,1,2,2,261834,664447,97,2,2,7,926,3,728,1,30,1,4,6,0,0,0,1,1,1,0,0,1,2,2,1,2,26,6,3,0,0,0,0,0,9,1,5
3,2,5,0,18,0,0,0,0,0,0,1,1,6,1,23,5,750,1,3,1,1,3,390690,389920,6,3,1,6,109,3,626,6,30,0,4,6,0,0,0,1,1,1,0,0,1,2,1,1,1,33,6,3,0,0,0,0,0,9,1,5
3,2,4,0,3,0,0,0,0,0,0,1,1,6,1,44,7,1598,1,8,1,1,2,540930,182450,1,2,1,7,17,6,0,6,30,0,4,6,0,0,0,1,1,1,0,0,1,1,1,1,1,44,7,3,0,0,0,0,0,4,1,8
3,1,9,0,18,0,0,0,0,0,0,1,1,6,2,21,5,1598,1,8,1,1,3,252790,201480,63,3,1,4,751,4,4303,6,30,0,4,6,0,0,0,1,1,1,0,0,1,2,1,1,1,33,6,3,0,0,0,0,0,9,1,5
3,1,9,0,1,0,8,0,0,0,0,2,1,6,1,38,7,2993,2,1,1,1,2,527900,179770,1,2,1,5,1,3,4,6,30,3,4,3,4,0,0,1,1,1,0,0,1,1,1,1,1,33,6,3,0,0,0,0,0,9,1,5
3,1,5,0,9,0,5,0,0,0,0,1,1,6,1,20,4,1598,1,8,1,1,2,484294,191838,43,2,1,4,480,3,4010,6,30,3,4,6,3192,0,0,4,2,2,0,0,1,1,1,1,1,33,6,3,0,0,0,0,0,9,1,5
3,1,9,0,9,0,8,0,0,0,0,1,1,6,2,52,8,998,1,2,1,1,2,308406,687465,94,2,1,6,925,5,0,6,30,6,2,3,907,0,5,1,1,1,0,0,1,1,1,1,1,33,6,3,0,0,0,0,0,9,1,5
3,2,8,0,18,0,8,0,0,0,0,1,1,1,1,57,9,1984,2,2,3,1,2,618385,244866,37,2,1,7,412,4,1075,6,30,6,4,6,0,0,0,4,1,2,4,0,1,1,1,1,1,57,9,3,0,0,0,0,0,8,3,6
3,1,9,0,15,0,0,0,0,1,0,3,1,6,1,38,7,1390,1,10,1,2,2,552900,279140,35,2,2,2,391,3,10,6,60,0,4,6,0,0,0,1,1,1,0,0,2,2,1,1,1,33,6,3,0,0,0,0,0,9,1,5
2,2,9,0,3,0,0,0,0,0,0,2,1,6,1,50,8,1198,1,3,1,1,2,253766,56402,50,2,1,7,583,6,0,6,30,0,4,6,0,0,1,1,1,1,0,0,1,1,1,1,1,33,6,3,0,0,0,0,0,9,1,5
3,1,19,0,4,0,0,1,0,0,0,1,1,1,1,47,8,2198,2,4,1,7,6,502914,178182,43,6,7,3,473,1,4,3,70,0,4,6,0,0,0,1,1,1,0,0,2,1,1,1,1,47,8,3,0,0,0,0,0,19,1,10
3,2,9,0,18,0,8,0,0,0,0,3,1,6,2,83,11,1199,1,16,1,2,2,561307,99781,47,2,2,1,551,3,2021,1,30,1,4,3,2040,0,0,1,1,1,0,0,1,1,1,1,2,83,11,3,0,0,0,0,0,9,1,7
3,1,9,0,18,0,1,0,0,0,0,4,1,2,2,42,7,1968,2,8,1,1,1,369511,353189,7,1,1,4,129,6,0,6,20,3,4,6,0,0,0,1,1,1,0,0,1,1,1,3,1,11,3,3,9,8,0,0,0,0,1,10
2,2,9,0,10,0,1,0,0,7,1,2,1,6,1,79,11,1797,8,5,1,3,3,333270,427870,4,3,3,4,74,3,584,6,30,3,4,6,0,0,4,1,1,1,0,0,1,1,1,1,1,79,11,3,0,0,0,0,0,9,1,4
3,1,11,0,2,0,0,0,0,0,0,2,1,1,1,52,8,7300,2,13,1,2,2,407730,290500,20,2,2,2,300,3,4040,6,30,0,4,6,0,0,0,1,9,2,0,0,1,2,1,2,2,50,8,3,0,0,0,4,0,11,1,1
2,1,8,0,18,0,2,0,0,0,0,4,1,1,1,47,8,2499,2,5,1,1,1,527390,181350,1,1,1,4,1,3,5,6,30,3,2,3,5,0,5,4,1,1,0,0,1,1,1,3,1,15,3,2,4,1,0,0,2,0,1,5
3,1,1,0,18,0,8,0,0,0,0,3,1,2,1,47,8,1598,1,8,1,1,2,520610,175410,1,2,1,2,24,3,205,6,20,3,4,6,0,0,0,1,1,1,0,0,1,2,1,1,1,47,8,3,0,0,0,0,0,1,1,8
3,2,9,0,2,0,0,0,0,0,0,1,1,6,1,50,8,1986,2,7,3,1,2,613925,246158,37,2,1,3,412,6,0,6,30,0,4,6,0,0,0,4,1,1,0,0,1,1,1,1,1,33,6,3,0,0,0,0,0,9,1,5
3,2,11,0,3,0,2,0,0,0,0,2,1,1,1,30,6,6700,2,4,1,6,2,346804,392913,5,2,6,6,90,3,58,6,30,6,2,3,57,0,0,4,1,1,0,0,1,1,3,2,1,21,5,3,0,0,0,4,0,11,1,9
3,1,19,0,18,0,2,0,0,0,0,4,1,1,1,61,9,1998,1,15,1,1,2,460613,303378,33,2,1,2,364,5,1433,6,30,3,4,6,629,0,8,1,2,2,0,0,1,1,1,3,1,27,6,3,9,9,0,0,0,0,1,5