accident_severity,vehicle_reference,vehicle_type,towing_and_articulation,vehicle_manoeuvre,vehicle_location-restricted_lane,junction_location,skidding_and_overturning,hit_object_in_carriageway,vehicle_leaving_carriageway,hit_object_off_carriageway,1st_point_of_impact,was_vehicle_left_hand_drive?,journey_purpose_of_driver,sex_of_driver,age_of_driver,age_band_of_driver,engine_capacity_(cc),propulsion_code,age_of_vehicle,driver_home_area_type,NUmber_of_Casualities_unique_to_accident_index,No_of_Vehicles_involved_unique_to_accident_index,location_easting_osgr,location_northing_osgr,police_force,number_of_vehicles,number_of_casualties,day_of_week,local_authority_(district),1st_road_class,1st_road_number,road_type,speed_limit,junction_detail,junction_control,2nd_road_class,2nd_road_number,pedestrian_crossing-human_control,pedestrian_crossing-physical_facilities,light_conditions,weather_conditions,road_surface_conditions,special_conditions_at_site,carriageway_hazards,urban_or_rural_area,did_police_officer_attend_scene_of_accident,casualty_reference,casualty_class,sex_of_casualty,age_of_casualty,age_band_of_casualty,casualty_severity,pedestrian_location,pedestrian_movement,car_passenger,bus_or_coach_passenger,pedestrian_road_maintenance_worker,casualty_type,casualty_home_area_type,casualty_imd_decile
3,1,9,0,4,0,7,0,0,0,0,0,1,6,3,18,4,1598,1,8,1,1,5,575371,188125,42,5,1,4,450,3,13,3,70,5,4,3,130,0,0,1,4,1,0,0,2,2,1,1,1,33,6,3,0,0,0,0,0,9,1,5
3,1,9,0,7,0,5,0,0,0,0,4,1,6,1,38,7,1598,1,8,1,1,1,467936,172975,43,1,1,6,472,6,7201,6,30,3,4,6,7201,0,0,4,1,2,0,0,1,2,1,3,1,16,4,3,5,1,0,0,0,0,1,2
3,2,3,0,13,0,0,1,0,0,0,4,1,6,1,48,8,244,1,9,1,1,2,362130,286190,22,2,1,3,286,4,4364,6,60,0,4,6,0,0,0,1,1,1,0,0,2,1,1,1,1,48,8,3,0,0,0,0,0,3,1,7
3,3,9,0,10,0,2,0,0,0,0,0,1,6,2,48,8,1598,1,8,1,1,3,506706,104048,47,3,1,5,558,6,0,6,20,3,4,6,0,0,0,1,1,1,0,0,1,1,1,1,1,33,6,3,0,0,0,0,0,9,1,5
3,2,9,0,3,0,1,0,0,0,0,2,1,6,2,39,7,1781,1,13,1,3,2,619390,245116,37,2,3,4,412,3,1189,1,40,1,4,3,1214,0,0,4,1,1,0,0,1,1,1,2,2,38,7,3,0,0,1,0,0,9,1,2
3,1,9,0,4,0,1,0,0,0,0,1,1,6,1,38,7,1598,1,8,1,1,1,509155,220967,40,1,1,1,421,3,505,3,30,1,4,6,0,0,8,1,1,1,0,0,1,2,1,3,1,46,8,3,1,3,0,0,0,0,1,2
3,1,9,0,18,0,0,0,0,0,0,1,1,6,1,27,6,998,1,13,1,1,2,512740,181240,1,2,1,1,27,6,0,6,30,0,4,6,0,0,0,4,1,1,0,0,1,1,1,2,2,23,5,3,0,0,1,0,0,9,1,5
3,4,9,0,2,0,2,0,0,0,0,2,1,6,3,38,7,1422,2,12,1,1,4,623581,309755,36,4,1,1,404,5,815,6,30,6,4,6,0,0,0,4,1,1,0,0,1,1,1,1,1,33,6,3,0,0,0,0,0,9,1,5
3,2,98,1,18,0,0,0,0,0,0,4,1,6,1,48,8,11967,2,4,1,1,2,386376,342652,21,2,1,7,257,3,500,3,50,0,4,6,0,0,0,4,1,1,0,0,2,1,1,1,1,33,6,3,0,0,0,0,0,9,1,5
3,2,1,0,18,9,1,0,0,0,0,3,1,2,1,44,7,1598,1,8,1,1,2,455112,338457,31,2,1,2,346,3,6005,6,30,1,4,3,52,0,4,1,1,1,0,0,1,1,1,1,1,44,7,3,0,0,0,0,0,1,1,8
3,2,9,0,3,0,1,0,0,0,0,4,1,6,3,38,7,1598,1,8,1,1,2,540530,185010,1,2,1,4,17,3,118,6,30,6,2,3,114,0,5,4,1,1,0,0,1,2,1,1,1,33,6,3,0,0,0,0,0,9,1,5
3,2,9,0,18,0,8,0,0,0,0,1,1,6,2,19,4,1240,1,12,1,2,2,535937,201518,41,2,2,2,430,4,176,6,30,8,4,6,0,0,0,1,2,2,0,0,1,1,2,1,2,19,4,3,0,0,0,0,0,9,1,6
3,2,9,0,18,0,0,0,0,0,0,1,1,6,3,38,7,1598,1,8,1,1,2,530260,174220,1,2,1,1,9,5,0,6,30,0,4,6,0,0,0,4,1,1,0,0,1,2,1,1,1,33,6,3,0,0,0,0,0,9,1,5
3,1,8,0,5,0,0,0,0,0,0,4,1,6,1,62,9,1560,2,4,1,1,1,400652,290484,20,1,1,3,305,6,0,6,30,0,4,6,0,0,0,1,9,1,0,0,1,2,1,3,1,60,9,3,5,1,0,0,2,0,1,5
3,2,19,0,3,0,0,0,0,4,0,2,1,1,1,34,6,1686,2,8,1,3,2,447332,518417,17,2,3,4,243,3,19,3,70,0,4,6,0,0,0,1,1,1,0,0,2,1,2,1,1,34,6,3,0,0,0,0,0,19,1,5
3,1,9,0,7,0,8,0,0,0,0,3,1,6,1,31,6,1560,2,4,1,1,2,458206,106596,44,2,1,3,492,3,32,6,30,3,4,6,0,0,0,1,2,2,0,0,1,1,1,1,1,31,6,3,0,0,0,0,0,9,1,3
2,2,9,0,18,0,0,0,0,0,0,2,1,2,1,52,8,1461,2,1,1,1,2,501078,107020,47,2,1,5,558,3,27,6,60,0,4,6,0,0,0,1,1,1,0,0,2,1,1,1,1,52,8,2,0,0,0,0,0,9,1,4
3,1,9,0,4,0,1,0,0,0,0,2,1,6,1,51,8,1896,2,12,1,1,2,434470,336500,30,2,1,7,323,3,52,6,30,7,2,3,52,0,4,1,1,2,0,0,1,1,1,1,1,51,8,3,0,0,0,0,0,9,1,5
3,1,1,0,18,0,8,0,0,0,0,3,1,2,2,38,7,1598,1,8,1,1,2,512300,176510,1,2,1,4,25,3,4,3,40,6,4,5,0,0,0,1,1,1,0,0,1,1,1,1,2,33,6,3,0,0,0,0,0,1,1,5
3,2,5,0,4,0,0,0,0,0,0,2,1,6,1,58,9,279,1,6,1,1,2,541630,182510,1,2,1,2,17,5,0,6,30,0,4,6,0,0,0,1,1,1,0,0,1,1,1,1,1,58,9,3,0,0,0,0,0,5,1,5
3,2,9,0,10,0,1,0,0,0,0,2,1,6,1,54,8,2354,1,8,1,1,2,551280,190260,1,2,1,1,15,5,0,6,30,3,4,6,0,0,0,4,1,1,0,0,1,1,1,1,1,54,8,3,0,0,0,0,0,9,1,9
2,1,3,0,14,0,1,0,0,0,0,1,1,2,1,24,5,1598,1,8,1,2,2,320487,181887,62,2,2,6,741,6,0,6,30,3,4,6,0,0,1,1,1,1,0,0,1,1,1,1,1,24,5,2,0,0,0,0,0,3,1,5
3,1,1,0,15,0,1,0,0,0,0,1,1,2,1,30,6,1598,1,8,1,2,1,528750,183730,1,1,2,6,2,3,4201,6,30,3,4,6,0,0,0,1,2,2,0,0,1,1,2,3,1,27,6,3,5,4,0,0,2,0,1,5
3,2,9,0,18,0,0,0,0,0,0,1,1,6,1,38,7,1598,1,8,1,1,2,472707,390621,31,2,1,7,341,3,631,6,50,0,4,6,0,0,0,1,9,1,0,0,2,1,1,1,1,33,6,3,0,0,0,0,0,9,1,5
3,2,8,0,18,0,0,0,0,0,0,4,1,6,1,56,9,1560,2,4,1,1,2,252354,664030,97,2,1,5,926,6,0,6,30,0,4,6,0,0,0,1,2,2,0,0,1,1,1,2,2,21,5,3,0,0,2,0,0,8,1,5
3,2,9,0,18,0,0,0,7,0,0,3,1,6,1,26,6,1149,1,9,1,1,3,399300,297080,20,3,1,7,307,1,6,3,70,0,4,6,0,0,0,1,2,2,0,0,2,2,1,1,1,26,6,3,0,0,0,0,0,9,1,3
3,1,9,0,18,0,0,0,0,0,0,4,1,6,3,38,7,1598,1,8,1,1,1,425357,564210,10,1,1,2,147,3,186,2,30,0,4,6,0,0,1,1,1,1,5,0,1,2,1,3,2,47,8,3,1,1,0,0,0,0,1,5
3,1,9,0,18,0,1,0,0,0,0,1,1,1,1,33,6,1598,1,8,1,1,1,533780,183880,1,1,1,3,4,6,0,6,30,3,4,6,0,0,0,1,1,1,0,0,1,1,1,3,2,31,6,3,5,1,0,0,2,0,1,5
3,1,9,0,10,0,1,0,0,0,0,2,1,1,1,39,7,1910,2,9,1,1,2,472521,172485,43,2,1,5,472,6,7201,6,30,3,4,6,7201,0,0,4,1,2,0,0,1,2,1,1,1,33,6,3,0,0,0,0,0,9,1,5
3,1,9,0,9,0,8,0,0,0,0,3,1,6,1,32,6,1968,2,9,1,2,2,522530,184070,1,2,2,1,28,6,0,6,30,3,4,6,0,0,0,4,1,1,0,0,1,1,2,2,2,50,8,3,0,0,2,0,0,9,1,5
1,2,9,0,3,0,0,0,0,0,0,1,1,6,1,49,8,1124,1,15,1,3,4,305619,670424,95,4,3,2,940,1,8,3,70,0,4,6,0,0,0,1,1,1,0,0,1,1,2,1,1,49,8,1,0,0,0,0,0,9,1,5
2,2,1,0,18,0,8,0,0,0,0,4,1,1,1,58,9,1598,1,8,1,1,2,436430,332010,30,2,1,6,323,5,167,1,30,2,4,5,67,0,0,7,1,2,0,0,2,1,1,1,1,58,9,2,0,0,0,0,0,1,1,4
3,1,9,0,18,0,4,0,0,0,0,2,1,6,1,45,7,1598,1,8,1,1,2,316275,186763,61,2,1,6,731,6,0,1,30,1,4,6,0,0,0,4,2,2,0,0,2,2,1,1,1,45,7,3,0,0,0,0,0,9,1,5
3,2,9,0,3,0,0,0,0,0,0,2,1,6,1,56,9,1396,1,16,1,1,2,425622,565543,10,2,1,5,147,3,1058,3,30,0,4,6,0,0,0,1,1,1,0,0,1,1,1,1,1,56,9,3,0,0,0,0,0,9,1,1
2,1,9,0,18,0,8,0,0,0,0,1,1,6,2,79,11,1242,1,7,2,1,2,498544,370125,32,2,1,2,352,4,1190,6,40,3,4,6,0,0,0,1,1,1,0,0,2,1,1,1,2,79,11,2,0,0,0,0,0,9,2,10
3,2,1,0,18,0,0,0,0,0,0,3,1,6,1,10,2,1598,1,8,1,1,2,258930,281050,63,2,1,3,750,6,0,6,40,0,4,6,0,0,4,1,1,1,0,0,1,1,1,1,1,10,2,3,0,0,0,0,0,1,1,5
3,2,90,0,18,0,8,0,0,0,0,3,1,6,1,34,6,1598,1,8,1,5,2,485054,238935,43,2,5,6,479,5,157,3,30,6,2,6,8106,0,0,1,2,2,0,0,1,1,2,2,2,15,3,3,0,0,0,0,0,90,1,5
3,1,3,0,13,0,8,0,0,0,0,1,1,6,1,19,4,125,1,8,1,1,2,388787,346367,21,2,1,5,257,3,50,6,30,3,4,6,0,0,0,1,1,1,0,0,1,1,1,1,1,19,4,3,0,0,0,0,0,3,1,5
3,2,9,0,15,0,1,0,0,0,0,1,1,6,1,25,5,1598,1,13,1,1,2,518280,169180,1,2,1,6,23,3,307,2,30,3,4,5,0,0,0,1,1,1,0,0,1,1,1,1,1,33,6,3,0,0,0,0,0,9,1,5
3,1,9,0,9,0,6,0,0,0,0,1,1,6,1,57,9,1998,1,18,1,1,1,524347,407710,16,1,1,5,233,4,1444,6,30,8,4,6,0,0,1,1,1,2,0,0,1,1,1,3,2,73,10,3,5,1,0,0,0,0,1,2
3,1,11,0,18,0,0,0,5,0,0,1,1,1,1,31,6,7300,2,14,1,17,1,503351,171169,45,1,17,6,514,3,320,6,30,0,4,6,0,0,0,1,1,1,0,0,1,1,17,2,2,16,4,3,0,0,0,0,0,11,2,4
3,1,9,0,16,0,2,1,10,1,5,4,1,6,2,20,4,1149,1,13,1,1,1,440255,317162,33,1,1,3,366,3,512,6,50,3,4,5,8201,0,0,4,1,2,0,0,2,1,1,1,2,20,4,3,0,0,0,0,0,9,1,4
3,2,9,0,18,0,1,0,0,0,0,1,1,6,1,38,7,1910,2,8,1,1,2,553400,189350,1,2,1,3,15,5,0,6,30,3,4,6,0,0,0,1,1,1,0,0,1,1,1,1,1,33,6,3,0,0,0,0,0,9,1,5
3,2,1,0,18,0,0,0,0,0,0,1,1,6,2,25,5,1598,1,8,1,1,2,507220,224463,40,2,1,3,421,6,0,6,30,0,4,6,0,0,1,1,1,1,0,0,1,1,1,1,2,25,5,3,0,0,0,0,0,1,1,2
3,1,9,0,18,0,0,0,0,0,0,4,1,6,1,60,9,1998,2,2,1,1,1,411965,447583,13,1,1,6,200,4,6382,6,30,0,4,6,0,0,1,1,1,1,0,0,1,1,1,3,2,17,4,3,2,1,0,0,0,0,3,9
2,2,9,0,18,0,1,0,0,0,0,4,1,6,1,46,8,1299,1,15,3,4,2,618070,155140,46,2,4,6,531,3,2,7,40,3,4,6,0,0,0,1,1,1,0,0,2,1,3,2,2,45,7,2,0,0,1,0,0,9,3,6
2,4,9,0,18,0,1,0,0,0,0,0,1,6,1,23,5,1242,1,12,3,3,4,581020,186989,42,4,3,7,453,3,13,3,30,3,4,6,0,0,0,4,1,1,0,0,1,1,1,1,1,33,6,3,0,0,0,0,0,9,1,5
3,2,3,0,18,0,0,0,0,0,0,2,1,2,1,36,7,100,1,9,1,1,2,398785,93140,55,2,1,2,644,4,3067,6,60,0,4,6,0,0,0,6,1,1,0,0,2,1,1,1,1,36,7,3,0,0,0,0,0,3,1,4
3,1,9,0,18,0,0,0,0,0,0,1,1,1,1,37,7,1900,2,7,1,1,1,524974,212269,41,1,1,6,432,6,585,6,30,0,4,6,0,0,0,1,1,1,0,0,1,2,1,3,1,10,2,3,5,2,0,0,0,0,1,5
3,2,1,0,15,0,1,0,0,0,0,1,1,2,2,56,9,1598,1,8,1,1,2,523287,225608,41,2,1,6,435,4,197,6,30,3,4,3,602,0,7,1,1,1,0,0,1,1,1,1,2,56,9,3,0,0,0,0,0,1,1,10
3,1,9,0,9,0,2,0,0,0,0,1,1,6,1,38,7,2494,1,13,1,1,1,532350,168370,1,1,1,7,20,4,273,3,30,3,2,4,266,0,5,4,1,1,0,0,1,1,1,3,1,47,8,3,1,1,0,0,2,0,1,5
3,1,9,0,9,0,8,0,0,0,0,1,1,6,2,47,8,2987,2,7,1,1,2,570818,190359,42,2,1,6,450,6,0,6,30,3,4,6,0,0,0,1,1,1,0,0,1,1,1,1,1,33,6,3,0,0,0,0,0,9,1,5
3,1,9,0,18,0,0,0,0,0,0,4,1,6,1,63,9,1598,1,8,1,1,1,328326,200660,61,1,1,3,734,6,0,6,30,0,4,6,0,1,4,1,1,1,0,0,1,1,1,3,1,14,3,3,4,1,0,0,0,0,1,5
3,2,1,0,18,0,8,0,0,0,0,1,1,6,2,30,6,1598,1,8,1,1,2,313615,177485,62,2,1,2,741,6,0,6,30,3,4,6,0,0,0,1,1,1,0,0,1,1,2,1,2,30,6,3,0,0,0,0,0,1,1,5
3,2,9,0,16,0,8,0,0,0,0,3,1,6,1,29,6,1596,1,9,1,1,2,455735,220302,43,2,1,1,481,6,161,6,60,3,4,6,0,0,0,1,1,1,0,6,2,1,1,1,1,29,6,3,0,0,0,0,0,9,1,4
3,1,9,0,18,0,0,0,0,0,0,1,1,1,2,23,5,1362,1,3,1,1,3,391090,343014,21,3,1,6,257,3,50,3,30,0,4,6,0,0,0,4,1,1,0,0,1,1,1,1,1,33,6,3,0,0,0,0,0,9,1,5
3,2,3,0,18,0,1,0,0,1,1,4,1,6,1,40,7,124,1,6,1,1,2,391331,809173,92,2,1,3,910,3,90,6,30,1,4,6,0,0,0,4,1,1,0,0,1,2,1,1,1,40,7,3,0,0,0,0,0,3,1,5
3,1,9,0,9,0,8,0,0,0,0,3,1,6,2,17,4,1360,1,9,1,5,2,428870,515540,11,2,5,3,161,5,55,6,30,6,4,6,0,0,0,4,1,2,0,0,1,1,5,2,2,15,3,3,0,0,2,0,0,9,1,4
3,2,9,0,18,0,1,0,0,0,0,1,1,6,3,38,7,1598,1,8,1,1,2,534910,184110,1,2,1,7,4,3,107,6,30,3,2,3,106,0,5,4,1,1,0,0,1,2,1,1,1,33,6,3,0,0,0,0,0,9,1,5
3,1,9,0,17,0,0,1,0,8,9,3,1,6,1,20,4,1910,2,12,2,3,1,523280,269490,35,1,3,5,393,4,1043,6,60,0,4,6,0,0,0,6,5,2,0,0,2,1,1,1,1,20,4,3,0,0,0,0,0,9,2,6
3,1,9,0,18,0,6,0,0,0,0,1,1,6,3,19,4,1398,2,12,3,3,2,595353,215851,42,2,3,6,455,4,1026,6,60,3,4,4,1026,0,0,1,1,1,0,0,2,1,1,2,1,19,4,3,0,0,1,0,0,9,2,5
3,1,9,0,9,0,8,0,0,0,0,1,1,3,2,43,7,1598,1,6,1,1,2,528320,194690,1,2,1,3,30,6,0,6,30,2,4,6,0,0,0,1,1,1,0,0,1,1,1,1,1,33,6,3,0,0,0,0,0,9,1,5
3,1,9,0,18,0,0,0,0,0,0,1,1,6,1,25,5,1598,1,8,1,2,2,405590,287480,20,2,2,4,300,3,4540,3,30,0,4,6,0,0,4,4,1,2,0,0,1,2,1,1,1,33,6,3,0,0,0,0,0,9,1,5
3,2,9,0,4,0,8,0,0,0,0,2,1,2,1,49,8,1870,2,4,2,2,3,471738,118182,44,3,2,2,497,3,3,7,70,5,4,6,0,0,0,1,1,1,0,0,2,1,1,1,1,33,6,3,0,0,0,0,0,9,1,5
3,1,9,0,9,0,8,0,0,0,0,1,1,6,2,51,8,2099,1,13,1,1,2,513210,175670,1,2,1,4,25,3,3006,6,30,3,2,6,0,0,5,4,1,2,2,0,1,1,1,1,1,33,6,3,0,0,0,0,0,9,1,5
3,1,9,0,18,0,1,1,0,1,0,1,1,6,2,45,7,1997,2,6,1,5,2,513804,164771,45,2,5,7,510,3,244,6,30,9,4,3,244,0,0,1,1,1,0,0,1,1,4,2,2,33,6,3,0,0,2,0,0,9,1,10
3,3,9,0,2,0,0,0,0,0,0,1,1,6,2,35,6,1598,1,7,1,2,3,408824,334194,21,3,2,3,251,3,522,6,30,0,4,6,0,0,0,4,2,2,0,0,1,2,1,1,1,33,6,3,0,0,0,0,0,9,1,5
3,1,9,0,18,0,0,1,0,8,11,1,1,6,1,24,5,998,1,5,1,3,1,409358,442817,13,1,3,4,200,6,0,6,60,0,4,6,0,0,0,1,1,1,0,0,2,2,3,2,2,18,4,3,0,0,2,0,0,9,1,1
3,1,9,0,5,0,5,0,0,0,0,3,1,2,2,35,6,2204,2,9,1,2,2,404694,285679,20,2,2,6,300,6,0,6,30,3,4,6,0,0,0,4,2,2,0,0,1,1,2,2,1,36,7,3,0,0,1,0,0,9,1,2
2,3,21,1,7,0,5,0,0,0,0,0,1,1,1,40,7,12900,2,3,1,4,3,350110,248630,22,3,4,5,285,3,49,3,60,3,4,6,0,0,0,1,2,2,0,0,2,1,1,1,1,33,6,3,0,0,0,0,0,9,1,5
3,4,9,0,18,0,0,0,0,0,0,1,1,2,1,51,8,1598,1,8,1,3,4,531249,151744,45,4,3,4,516,1,23,3,70,0,4,6,0,0,0,7,2,2,0,0,2,1,3,1,1,51,8,3,0,0,0,0,0,9,1,8
3,1,9,0,18,0,0,0,0,7,11,1,1,6,1,80,11,1596,1,14,1,1,1,567822,195441,42,1,1,1,450,4,1007,6,30,0,4,6,0,0,0,1,1,1,0,0,1,1,1,1,1,80,11,3,0,0,0,0,0,9,1,10
3,2,9,0,9,0,1,0,0,0,0,3,1,2,1,25,5,1598,1,12,1,4,2,364638,390272,7,2,4,3,128,6,0,6,20,3,4,6,0,0,0,1,1,1,0,0,1,1,1,1,1,25,5,3,0,0,0,0,0,9,1,5
3,2,9,0,18,0,8,0,0,0,0,1,1,6,1,60,9,1598,1,12,1,4,2,398450,396650,6,2,4,3,110,3,6018,6,30,3,4,5,0,0,0,4,1,1,0,0,1,1,4,2,1,51,8,3,0,0,1,0,0,9,1,8
3,2,9,0,18,0,1,0,0,0,0,1,1,6,2,60,9,2148,2,12,1,2,2,496089,185715,43,2,2,1,477,3,355,6,30,3,4,6,908,0,0,1,1,1,0,0,1,1,2,2,1,60,9,3,0,0,1,0,0,9,1,5
3,1,9,0,4,0,0,1,0,0,0,1,1,6,2,18,4,1198,1,8,1,2,2,341190,317020,22,2,2,1,286,3,5,6,60,0,4,6,0,0,0,1,1,1,0,0,2,1,1,1,1,33,6,3,0,0,0,0,0,9,1,5
3,1,19,0,10,0,8,0,0,0,0,4,1,6,1,24,5,1598,1,8,1,2,2,530690,169460,1,2,2,7,20,3,23,6,30,3,4,5,0,0,0,4,1,1,0,0,1,1,1,1,1,24,5,3,0,0,0,0,0,19,1,5
3,2,9,0,2,0,0,0,4,0,0,2,1,6,3,22,5,1998,1,9,1,1,3,530984,343973,32,3,1,6,350,6,0,6,30,0,4,6,0,0,0,1,1,2,0,0,1,1,1,1,1,33,6,3,0,0,0,0,0,9,1,5
3,2,8,0,18,0,0,0,0,0,0,3,1,1,2,49,8,1997,2,4,1,3,2,277493,652731,97,2,3,1,938,3,72,6,60,0,4,6,0,0,0,6,1,1,0,0,2,1,2,1,2,49,8,3,0,0,0,0,0,8,1,5
3,2,9,0,10,0,0,0,0,0,0,2,1,2,2,39,7,1596,1,8,1,1,2,499369,372505,32,2,1,5,352,6,0,6,30,0,4,6,0,0,0,1,1,1,0,0,1,2,1,1,2,39,7,3,0,0,0,0,0,9,1,5
3,1,9,0,18,0,8,0,0,0,0,0,1,6,2,30,6,1396,1,6,1,1,2,414403,92670,55,2,1,6,640,6,0,6,30,3,4,6,0,0,0,1,1,1,0,0,1,1,1,1,1,33,6,3,0,0,0,0,0,9,1,5
3,2,9,0,15,0,8,0,0,0,0,1,1,6,1,30,6,1248,2,8,1,1,2,444044,113481,44,2,1,1,500,3,3035,6,30,8,4,6,0,0,0,1,1,1,0,0,1,1,1,1,1,33,6,3,0,0,0,0,0,9,1,5
3,1,9,0,18,0,8,0,0,7,0,4,1,6,1,44,7,1388,1,7,1,2,2,539430,346119,32,2,2,7,350,3,52,6,50,3,4,6,0,0,0,1,1,1,0,0,2,1,2,2,1,6,2,3,0,0,1,0,0,9,1,2
3,1,1,0,5,0,1,0,0,0,0,1,1,6,1,28,6,1598,1,8,1,1,2,497704,370434,32,2,1,3,352,6,0,2,30,6,3,6,0,0,0,1,1,1,0,0,1,1,1,1,1,28,6,3,0,0,0,0,0,1,1,2
3,2,21,1,18,0,0,0,0,0,0,3,1,1,1,38,7,12900,2,5,1,1,3,445673,281630,23,3,1,2,292,1,6,3,70,0,4,6,0,0,0,1,1,1,0,0,2,1,1,1,1,33,6,3,0,0,0,0,0,9,1,5
3,3,9,0,8,0,1,0,0,0,0,3,1,3,1,45,7,2179,2,8,1,1,3,395180,399760,6,3,1,3,110,3,670,6,30,3,4,6,0,0,0,7,2,2,0,0,1,1,1,1,1,33,6,3,0,0,0,0,0,9,1,5
3,2,9,0,3,0,2,0,0,0,0,2,1,6,2,24,5,1560,2,2,2,2,3,416554,573221,10,3,2,3,139,5,358,6,30,3,4,6,9072,0,0,1,1,1,0,0,1,1,2,1,2,24,5,3,0,0,0,0,0,9,2,10
3,2,9,0,4,0,6,0,0,0,0,2,1,6,1,79,11,1329,1,5,1,1,2,372630,393800,6,2,1,2,107,4,5311,3,50,3,4,3,57,0,0,1,1,1,0,0,2,1,1,1,1,79,11,3,0,0,0,0,0,9,1,1
3,1,9,0,18,0,1,1,0,1,0,1,1,6,1,24,5,4163,1,8,1,2,3,483569,191145,43,3,2,7,480,6,814,6,30,3,4,6,1970,0,0,1,1,1,0,0,1,1,1,1,1,24,5,3,0,0,0,0,0,9,1,5
3,3,9,0,2,0,0,0,0,0,0,3,1,6,1,26,6,1248,2,3,3,1,3,532540,168340,1,3,1,6,20,4,266,6,30,0,4,6,0,0,0,1,1,1,0,0,1,1,1,1,1,33,6,3,0,0,0,0,0,9,1,5
3,2,9,0,4,0,1,0,0,0,0,2,1,1,1,28,6,1753,2,6,1,2,2,350892,395182,5,2,2,6,92,3,58,3,30,9,2,6,0,2,4,1,1,1,0,0,1,1,2,2,1,27,6,3,0,0,1,0,0,9,1,2
3,1,9,0,3,0,0,0,0,0,0,2,1,1,2,53,8,1753,2,9,1,1,2,421463,187362,54,2,1,2,633,3,420,6,60,0,4,6,0,0,0,1,2,2,0,0,2,1,1,1,2,53,8,3,0,0,0,0,0,9,1,2
2,1,9,0,2,0,1,0,0,0,0,1,1,6,3,38,7,1598,1,8,1,1,2,404659,281687,20,2,1,5,300,6,0,6,30,3,4,6,0,0,0,4,1,2,0,0,1,2,1,1,1,33,6,3,0,0,0,0,0,9,1,5
3,3,9,0,3,0,1,0,0,0,0,2,1,6,1,66,10,1560,2,1,2,3,3,365303,90386,55,3,3,2,645,3,35,6,60,6,4,6,0,0,0,1,7,2,0,0,2,1,1,1,1,33,6,3,0,0,0,0,0,9,1,5
2,2,20,1,18,0,0,0,0,0,0,3,1,1,1,39,7,1598,1,8,1,1,2,261212,141398,50,2,1,2,582,3,39,6,60,0,4,6,0,0,0,6,2,2,0,0,2,1,1,1,1,33,6,3,0,0,0,0,0,9,1,5
3,1,9,0,18,0,0,0,0,0,0,1,1,1,1,38,7,1560,2,2,1,1,2,278235,677550,97,2,1,3,932,1,80,3,70,0,4,6,0,0,0,1,1,1,0,0,1,1,1,1,1,33,6,3,0,0,0,0,0,9,1,5
2,2,9,0,18,0,0,2,0,0,0,1,1,6,2,45,7,1796,1,14,1,4,2,584270,143190,46,2,4,6,536,3,274,6,60,0,4,6,0,0,0,1,2,2,0,0,2,1,3,2,2,16,4,3,0,0,1,0,0,9,1,3
3,3,9,0,18,0,1,0,0,0,0,1,1,6,2,68,10,2000,2,10,1,4,3,434720,423572,13,3,4,7,206,3,61,6,30,3,4,6,0,0,0,1,1,1,0,0,1,1,2,2,2,60,9,3,0,0,2,0,0,9,1,5
1,1,9,0,18,0,0,1,0,1,2,1,1,6,1,74,10,1896,2,14,1,3,2,384230,404930,6,2,3,6,101,1,60,3,70,0,4,6,0,0,0,7,9,2,0,0,2,1,1,1,1,74,10,1,0,0,0,0,0,9,1,4
3,2,9,0,4,0,0,0,0,0,0,2,1,6,2,53,8,1596,1,6,1,1,2,537010,177250,1,2,1,3,7,6,0,6,30,0,4,6,0,0,0,1,1,1,0,0,1,1,1,1,2,53,8,3,0,0,0,0,0,9,1,1
3,2,9,0,3,0,0,0,0,0,0,2,1,6,2,33,6,1596,1,10,1,2,4,576541,164166,46,4,2,5,544,6,0,6,30,0,4,6,0,0,8,1,1,1,4,0,1,1,1,1,2,33,6,3,0,0,0,0,0,9,1,6
3,2,1,0,18,0,1,0,0,0,0,4,1,6,1,13,3,1598,1,8,1,1,2,389750,412340,6,2,1,3,106,6,0,6,30,3,4,6,0,0,0,1,1,1,0,0,1,1,1,1,1,13,3,3,0,0,0,0,0,1,1,2
2,1,11,0,18,0,8,0,0,0,0,3,1,1,1,30,6,1598,1,8,1,1,1,372430,400740,6,1,1,2,107,3,572,6,30,3,4,6,0,0,8,1,1,1,0,0,1,1,1,3,2,5,1,2,5,3,0,0,0,0,1,9
3,1,19,0,16,0,0,2,0,1,9,1,1,1,1,60,9,1870,2,11,1,1,1,286413,663927,97,1,1,4,932,1,8,3,70,0,4,6,0,0,0,1,4,2,0,0,2,1,1,1,1,60,9,3,0,0,0,0,0,19,1,5
3,2,9,0,8,0,1,0,0,0,0,2,1,6,2,49,8,1400,2,8,2,1,2,501765,430829,16,2,1,1,231,4,1232,1,30,1,4,3,164,0,0,1,1,1,0,0,1,1,1,1,2,49,8,3,0,0,0,0,0,9,2,10
3,1,9,0,3,0,1,0,0,0,0,2,1,6,1,39,7,1794,1,13,1,2,2,506210,185560,1,2,2,4,26,4,467,3,30,1,4,4,467,0,0,1,1,1,0,0,1,2,1,1,1,39,7,3,0,0,0,0,0,9,1,3
3,1,9,0,9,0,5,0,0,0,0,1,1,6,1,43,7,1598,1,4,3,1,2,486253,193440,43,2,1,3,480,6,3029,6,30,3,2,6,3029,0,0,4,2,2,0,0,1,1,1,2,2,40,7,3,0,0,1,0,0,9,3,7