accident_severity,vehicle_reference,vehicle_type,towing_and_articulation,vehicle_manoeuvre,vehicle_location-restricted_lane,junction_location,skidding_and_overturning,hit_object_in_carriageway,vehicle_leaving_carriageway,hit_object_off_carriageway,1st_point_of_impact,was_vehicle_left_hand_drive?,journey_purpose_of_driver,sex_of_driver,age_of_driver,age_band_of_driver,engine_capacity_(cc),propulsion_code,age_of_vehicle,driver_home_area_type,NUmber_of_Casualities_unique_to_accident_index,No_of_Vehicles_involved_unique_to_accident_index,location_easting_osgr,location_northing_osgr,police_force,number_of_vehicles,number_of_casualties,day_of_week,local_authority_(district),1st_road_class,1st_road_number,road_type,speed_limit,junction_detail,junction_control,2nd_road_class,2nd_road_number,pedestrian_crossing-human_control,pedestrian_crossing-physical_facilities,light_conditions,weather_conditions,road_surface_conditions,special_conditions_at_site,carriageway_hazards,urban_or_rural_area,did_police_officer_attend_scene_of_accident,casualty_reference,casualty_class,sex_of_casualty,age_of_casualty,age_band_of_casualty,casualty_severity,pedestrian_location,pedestrian_movement,car_passenger,bus_or_coach_passenger,pedestrian_road_maintenance_worker,casualty_type,casualty_home_area_type,casualty_imd_decile
2,2,1,0,12,0,1,0,0,0,0,3,1,6,1,24,5,1598,1,8,1,1,2,391950,297140,20,2,1,2,309,3,4123,6,30,3,4,6,0,0,0,4,1,2,0,0,1,1,1,1,1,24,5,2,0,0,0,0,0,1,1,1
3,1,19,0,18,0,1,0,0,0,0,1,1,6,3,38,7,1598,1,8,1,1,1,533460,183300,1,1,1,3,4,3,10,6,30,3,4,6,0,0,1,1,1,1,0,0,1,2,1,3,1,13,3,3,1,9,0,0,2,0,1,3
3,1,9,0,18,0,2,0,0,7,11,1,1,6,1,37,7,1968,2,2,1,1,1,343756,731078,93,1,1,4,918,3,930,3,40,0,4,6,0,0,0,1,1,1,0,0,1,1,1,1,1,37,7,3,0,0,0,0,0,9,1,5
3,1,9,0,16,0,0,2,0,7,4,4,1,2,2,24,5,1242,1,1,3,1,1,316358,863169,92,1,1,6,930,3,96,6,60,0,4,6,0,0,0,6,1,2,0,0,2,1,1,1,2,24,5,3,0,0,0,0,0,9,3,5
2,1,5,0,4,0,1,5,0,0,0,3,1,6,1,28,6,645,1,13,1,1,1,546050,258650,35,1,1,5,390,3,603,3,30,3,2,6,0,0,4,4,1,2,0,0,1,1,1,1,1,28,6,2,0,0,0,0,0,5,1,5
3,1,9,0,2,0,0,0,0,0,0,4,1,6,2,36,7,1242,1,9,1,1,2,463289,312086,33,2,1,4,362,5,3308,6,30,0,4,6,0,0,0,1,1,1,0,0,1,2,1,3,2,36,7,3,9,9,0,0,0,0,1,7
3,2,9,0,9,0,8,0,0,0,0,1,1,6,2,56,9,1349,1,5,1,2,2,484924,238572,43,2,2,7,479,6,8096,3,30,6,4,6,1098,0,0,1,2,2,0,0,1,1,2,1,2,56,9,3,0,0,0,0,0,9,1,8
2,1,8,0,2,9,0,0,0,0,0,4,1,1,1,38,7,1598,1,8,1,1,2,402530,288840,20,2,1,7,305,4,4135,6,30,0,4,6,0,0,0,1,1,1,0,0,1,1,1,1,1,33,6,3,0,0,0,0,0,9,1,5
3,2,21,0,18,0,0,0,0,0,0,0,1,1,1,45,7,11021,2,11,1,1,3,428435,428631,13,3,1,4,204,3,653,3,70,0,4,6,0,0,0,1,1,1,0,0,2,1,1,1,1,33,6,3,0,0,0,0,0,9,1,5
3,2,1,0,10,0,1,0,0,0,0,4,1,6,1,27,6,1598,1,8,1,1,2,401012,92866,55,2,1,2,643,5,0,6,30,3,4,5,0,0,0,1,2,2,0,0,1,1,1,1,1,27,6,3,0,0,0,0,0,1,1,4
3,1,3,0,13,0,8,0,0,0,0,1,1,6,1,24,5,125,1,8,1,1,2,441600,368090,30,2,1,2,327,4,6425,6,40,5,4,3,617,0,0,1,1,1,0,0,2,1,1,1,1,24,5,3,0,0,0,0,0,3,1,1
3,2,21,1,18,0,0,0,0,0,0,2,1,6,3,38,7,1598,1,8,1,1,3,401280,295880,20,3,1,3,307,1,6,3,70,0,4,6,0,0,0,1,1,1,0,0,2,1,1,1,1,33,6,3,0,0,0,0,0,9,1,5
3,1,9,0,18,0,0,0,0,0,0,1,1,6,2,21,5,1598,2,2,1,1,3,441139,383724,14,3,1,6,215,6,0,6,30,0,4,6,0,0,0,4,1,4,0,0,1,1,1,1,1,33,6,3,0,0,0,0,0,9,1,5
3,3,9,0,18,0,8,0,0,0,0,4,1,6,2,35,6,1598,1,2,3,1,3,543444,209066,42,3,1,2,457,6,0,1,60,1,4,3,1025,0,0,1,1,1,0,0,2,1,1,1,1,33,6,3,0,0,0,0,0,9,1,5
3,2,9,0,4,0,2,0,0,0,0,2,1,6,1,40,7,1597,1,15,1,1,2,413136,130504,54,2,1,7,635,3,36,6,30,3,4,6,0,0,1,4,2,2,0,0,1,1,1,1,1,33,6,3,0,0,0,0,0,9,1,5
2,1,9,0,16,0,0,1,0,0,0,3,1,2,1,59,9,1560,2,3,1,1,3,305381,591025,98,3,1,5,917,3,701,6,60,0,4,6,0,0,0,1,3,3,0,0,2,1,1,1,1,59,9,2,0,0,0,0,0,9,1,5
3,1,9,0,13,0,0,0,0,0,0,0,1,6,2,84,11,1997,1,24,2,1,3,409433,182867,54,3,1,6,635,3,3102,6,60,0,4,6,0,0,0,1,1,1,0,0,2,1,1,1,1,33,6,3,0,0,0,0,0,9,1,5
3,1,9,0,18,0,1,0,0,0,0,1,1,1,1,38,7,1598,1,8,1,1,1,533650,186920,1,1,1,5,4,3,10,3,30,3,2,4,105,0,5,1,1,1,0,0,1,1,1,3,2,24,5,3,4,1,0,0,2,0,1,3
3,2,3,0,18,0,2,0,0,0,0,1,1,6,1,17,4,124,1,3,1,1,2,617201,215366,42,2,1,6,461,6,0,6,30,3,4,6,0,0,0,4,1,1,0,0,1,1,1,1,1,17,4,3,0,0,0,0,0,3,1,1
3,1,3,0,7,0,3,1,0,0,0,4,1,6,1,18,4,125,1,8,1,1,1,453585,343516,31,1,1,1,346,4,6008,1,30,1,4,3,610,0,0,1,1,1,7,0,1,1,1,1,1,18,4,3,0,0,0,0,0,3,1,1
3,2,9,0,4,0,0,0,0,0,0,2,1,6,1,25,5,1895,1,16,1,2,2,352174,378780,7,2,2,7,130,1,56,3,70,0,4,6,0,0,0,1,1,1,0,0,2,2,2,2,2,26,6,3,0,0,1,0,0,9,1,3
3,1,9,0,18,0,1,0,0,0,0,1,1,6,1,38,7,1598,1,8,1,1,2,406210,289800,20,2,1,3,300,6,0,6,30,3,4,6,0,0,0,1,1,1,0,0,1,2,1,1,1,33,6,3,0,0,0,0,0,9,1,5
3,3,9,0,18,0,0,0,0,0,0,1,1,1,2,24,5,1242,1,3,1,1,3,417061,429058,13,3,1,4,200,1,606,3,70,0,4,6,0,0,0,1,1,1,0,0,1,1,1,1,1,33,6,3,0,0,0,0,0,9,1,5
3,1,1,0,17,0,8,0,0,0,0,0,1,2,1,44,7,1598,1,8,1,1,1,614710,158510,46,1,1,5,531,6,3103,6,30,1,4,6,0,0,0,1,1,2,0,0,1,1,1,1,1,44,7,3,0,0,0,0,0,1,1,4
3,2,3,0,18,0,1,0,0,0,0,3,1,6,1,38,7,125,1,10,1,1,2,528800,174220,1,2,1,2,10,3,24,6,30,3,4,3,24,0,4,4,1,1,0,0,1,1,1,1,1,38,7,3,0,0,0,0,0,3,1,2
3,1,9,0,18,0,8,0,0,0,0,4,1,6,1,17,4,973,1,14,2,1,2,425747,564333,10,2,1,5,147,4,1600,2,30,6,4,6,1081,0,0,1,1,1,0,0,1,1,1,1,1,33,6,3,0,0,0,0,0,9,1,5
3,3,9,0,3,0,1,0,0,0,0,2,1,6,1,38,7,1498,1,8,1,1,4,551210,190410,1,4,1,4,15,3,12,3,40,6,2,5,0,0,5,1,1,1,0,0,1,2,1,1,1,33,6,3,0,0,0,0,0,9,1,5
3,3,9,0,3,0,0,0,0,0,0,2,1,6,1,27,6,1598,1,7,1,1,3,410671,91531,55,3,1,2,640,3,35,3,30,0,4,6,0,0,8,4,1,1,0,0,1,1,1,1,1,33,6,3,0,0,0,0,0,9,1,5
3,1,8,0,7,0,6,0,0,7,2,3,1,1,1,30,6,1896,2,7,1,6,3,430942,435672,13,3,6,5,204,5,0,6,30,3,4,6,0,0,0,4,2,2,0,0,1,1,5,2,1,4,1,3,0,0,2,0,0,8,1,5
3,2,9,0,18,0,8,0,0,0,0,1,1,6,2,46,8,1398,2,12,1,1,2,399200,300260,20,2,1,1,307,6,0,6,30,6,4,6,0,0,0,1,1,1,0,0,1,1,1,1,2,46,8,3,0,0,0,0,0,9,1,2
3,2,9,0,18,0,0,0,0,0,0,3,1,6,1,18,4,1086,1,10,1,3,3,575133,165950,46,3,3,5,544,6,0,6,30,0,4,6,0,0,0,4,1,1,0,0,1,1,2,1,1,18,4,3,0,0,0,0,0,9,1,1
3,2,9,0,18,0,0,0,0,0,0,2,1,2,1,38,7,1995,2,2,1,1,4,585190,162540,46,4,1,3,540,1,2,3,70,0,4,6,0,0,0,4,2,2,0,0,2,1,1,1,1,33,6,3,0,0,0,0,0,9,1,5
3,1,9,0,18,0,0,0,0,0,0,3,1,6,1,34,6,2987,2,5,1,1,2,526430,184530,1,2,1,5,2,3,41,3,40,0,4,6,0,0,0,1,1,1,0,0,1,2,1,1,1,34,6,3,0,0,0,0,0,9,1,7
3,1,9,0,17,0,0,0,0,2,4,1,1,6,2,18,4,1124,1,7,1,1,1,400654,442964,12,1,1,5,180,6,2439,6,60,0,4,6,0,0,0,6,1,1,0,0,2,1,1,1,2,18,4,3,0,0,0,0,0,9,1,9
3,2,9,0,3,0,0,0,0,0,0,2,1,6,1,50,8,1598,1,11,1,1,2,413650,416178,13,2,1,2,203,3,62,6,30,0,4,6,0,0,0,4,1,1,0,0,1,2,1,1,1,50,8,3,0,0,0,0,0,9,1,3
3,1,1,0,18,0,8,0,0,0,0,1,1,2,2,28,6,1598,1,8,1,1,2,526000,168500,1,2,1,5,22,3,297,6,30,7,2,4,286,0,5,1,1,1,0,0,1,1,1,1,2,28,6,3,0,0,0,0,0,1,1,4
2,1,9,0,17,0,0,5,0,7,0,3,1,6,2,23,5,1598,1,8,1,1,1,303983,166207,62,1,1,1,746,6,0,6,40,0,4,6,0,0,0,6,1,1,0,0,2,1,1,1,2,23,5,2,0,0,0,0,0,9,1,5
2,1,4,0,16,0,1,0,0,0,0,3,1,6,1,31,6,599,1,13,1,1,2,330759,665679,95,2,1,3,929,6,0,6,30,3,4,6,0,0,0,1,1,1,0,0,1,1,1,1,1,31,6,2,0,0,0,0,0,4,1,5
3,2,9,0,2,0,2,0,0,0,0,3,1,6,1,24,5,2179,2,1,1,2,2,452089,274091,23,2,2,1,292,6,0,6,30,6,4,6,0,0,0,1,1,1,0,0,1,1,1,1,1,33,6,3,0,0,0,0,0,9,1,5
3,3,9,0,18,0,8,0,0,0,0,1,1,6,1,38,7,1396,1,11,1,1,3,524790,189420,1,3,1,4,30,3,406,3,40,6,2,3,598,0,0,1,1,1,0,0,1,1,1,1,1,33,6,3,0,0,0,0,0,9,1,5
3,1,9,0,3,0,1,0,0,0,0,1,1,6,1,39,7,1699,1,9,1,1,2,558670,174080,46,2,1,5,532,6,2661,6,30,3,4,4,255,0,0,1,1,1,0,0,2,2,1,1,1,33,6,3,0,0,0,0,0,9,1,5
3,2,10,0,9,0,8,0,0,0,0,3,1,1,1,44,7,2998,2,9,1,1,2,327200,676240,95,2,1,3,923,3,900,6,30,6,4,6,0,0,0,4,1,1,0,0,1,1,1,1,1,33,6,3,0,0,0,0,0,9,1,5
3,2,9,0,3,0,1,0,0,0,0,2,1,6,1,22,5,1229,1,1,1,1,4,551800,184670,1,4,1,3,15,3,125,6,30,3,4,6,0,0,0,1,1,1,0,0,1,1,1,1,1,33,6,3,0,0,0,0,0,9,1,5
2,1,1,0,18,0,0,2,0,0,0,1,1,6,1,32,6,1598,1,8,1,1,1,245866,660888,97,1,1,6,935,4,775,3,60,0,4,6,0,0,0,1,1,1,0,0,2,1,1,1,1,32,6,2,0,0,0,0,0,1,1,5
3,1,2,0,18,0,0,0,0,0,0,1,1,6,1,18,4,49,1,2,1,1,2,581633,109681,47,2,1,4,552,6,0,6,30,0,4,6,0,0,0,1,2,2,0,0,1,1,1,1,1,18,4,3,0,0,0,0,0,2,1,4
3,1,11,0,4,0,1,0,0,0,0,1,1,1,1,56,9,1598,1,8,1,5,2,320374,179312,62,2,5,2,741,6,0,1,30,1,4,6,0,0,0,4,5,2,0,0,2,1,5,2,2,22,5,3,0,0,0,4,0,11,1,5
3,1,9,0,9,0,8,0,0,0,0,1,1,6,2,37,7,1198,1,2,1,1,2,539460,175210,1,2,1,6,7,3,20,6,30,3,4,6,0,0,0,1,2,2,0,0,1,1,1,1,1,33,6,3,0,0,0,0,0,9,1,5
3,2,1,0,18,4,8,0,0,0,0,1,1,6,1,35,6,1598,1,8,1,1,2,530247,106445,47,2,1,5,565,3,23,6,30,3,3,6,0,0,0,1,1,1,0,0,1,2,1,1,1,35,6,3,0,0,0,0,0,1,1,3
3,1,9,0,9,0,6,0,0,0,0,3,1,2,2,25,5,1388,1,6,1,1,2,553362,112630,47,2,1,3,556,3,22,6,50,3,4,4,2124,0,0,1,1,1,0,0,2,1,1,1,2,25,5,3,0,0,0,0,0,9,1,7
3,1,9,0,18,0,1,0,0,0,0,1,1,6,1,38,7,1299,1,13,1,1,2,451264,519280,17,2,1,6,243,5,118,6,30,3,4,6,0,0,0,1,1,1,0,0,1,2,1,1,1,33,6,3,0,0,0,0,0,9,1,5
3,1,9,0,18,0,8,0,0,0,0,3,1,6,3,30,6,1596,1,5,1,1,2,389110,400480,6,2,1,6,104,6,0,6,20,3,4,6,0,0,0,4,2,2,0,0,1,1,1,1,1,33,6,3,0,0,0,0,0,9,1,5
3,1,9,0,4,0,0,0,0,0,0,4,1,6,1,58,9,3200,6,14,1,1,1,331850,400106,5,1,1,7,93,6,0,6,30,0,4,6,0,0,0,1,1,1,0,0,1,1,1,3,1,2,1,3,5,1,0,0,0,0,1,2
3,2,9,0,4,0,1,0,0,0,0,1,1,6,1,38,7,1598,1,8,1,2,2,506210,185560,1,2,2,4,26,4,467,3,30,1,4,4,467,0,0,1,1,1,0,0,1,2,1,1,1,33,6,3,0,0,0,0,0,9,1,5
3,2,9,0,16,0,0,0,0,0,0,1,1,6,1,27,6,1999,1,10,1,1,2,454309,343355,31,2,1,7,346,6,0,6,30,0,4,6,0,0,0,1,1,1,0,0,1,1,1,2,1,19,4,3,0,0,1,0,0,9,1,1
1,2,9,0,16,0,1,0,0,0,0,1,1,6,1,26,6,1390,1,18,1,4,2,415810,295140,20,2,4,7,300,6,0,6,60,3,4,6,0,0,0,6,1,1,0,0,2,1,3,1,1,26,6,2,0,0,0,0,0,9,1,1
3,2,5,0,2,0,1,0,0,0,0,1,1,2,1,30,6,600,1,1,1,1,2,368280,427870,4,2,1,2,70,6,0,2,30,6,2,6,0,0,4,1,1,1,0,0,1,1,1,1,1,30,6,3,0,0,0,0,0,5,1,1
3,2,11,0,4,0,0,0,0,0,0,2,1,1,1,50,8,4500,2,5,1,7,2,507650,180230,1,2,7,6,26,3,408,6,30,0,4,6,0,0,0,1,1,1,0,0,1,1,7,2,1,17,4,3,0,0,0,4,0,11,1,3
3,1,9,0,18,0,0,0,0,0,0,1,1,6,2,33,6,1497,1,9,1,1,2,300841,668526,95,2,1,5,940,1,8,3,70,0,4,6,0,0,0,6,1,2,0,0,1,1,1,1,2,33,6,3,0,0,0,0,0,9,1,5
3,1,20,0,7,0,8,0,0,0,0,2,1,6,1,46,8,1598,1,8,1,1,2,539580,179080,1,2,1,6,6,3,2203,1,30,1,4,5,0,0,0,1,1,1,0,0,2,1,1,1,1,33,6,3,0,0,0,0,0,9,1,5
2,1,5,0,18,0,8,0,0,0,0,4,1,6,1,50,8,749,1,9,3,1,2,361648,164315,52,2,1,5,611,3,37,6,40,8,4,6,0,0,0,1,1,1,0,0,2,1,1,1,1,50,8,2,0,0,0,0,0,5,3,8
3,1,9,0,18,0,0,1,0,1,11,4,1,6,1,28,6,998,1,4,1,1,1,508422,236294,40,1,1,7,424,3,6,6,60,0,4,6,0,0,0,6,1,1,0,0,2,1,1,1,1,28,6,3,0,0,0,0,0,9,1,9
3,2,1,0,18,4,1,0,0,0,0,1,1,6,1,49,8,1598,1,8,1,1,2,384940,433570,4,2,1,4,72,6,0,6,30,3,4,3,6114,0,0,1,1,1,0,0,2,1,1,1,1,49,8,3,0,0,0,0,0,1,1,3
3,1,1,0,18,0,2,0,0,0,0,1,1,6,2,56,9,1598,1,8,1,2,1,533000,180230,1,1,2,3,8,3,200,6,30,3,4,6,0,0,4,1,1,1,0,0,1,1,1,1,2,56,9,3,0,0,0,0,0,1,1,8
2,2,2,0,18,0,2,0,0,0,0,1,1,6,2,18,4,49,1,1,1,1,2,491089,335723,32,2,1,6,355,3,52,6,30,9,4,6,0,0,0,1,1,1,0,0,1,1,1,1,2,18,4,2,0,0,0,0,0,2,1,7
3,1,9,0,5,0,8,0,0,0,0,3,1,6,2,41,7,1598,1,8,1,1,2,301710,530610,3,2,1,2,60,6,0,6,30,3,4,6,0,0,4,1,2,2,0,0,1,1,1,1,1,33,6,3,0,0,0,0,0,9,1,5
2,1,20,0,13,0,0,2,0,0,0,3,1,6,1,19,4,1598,1,8,1,2,1,551092,233841,42,1,2,7,463,1,11,3,70,0,4,6,0,0,0,1,1,1,0,0,2,1,2,2,1,42,7,3,0,0,0,0,0,20,1,5
2,1,90,0,18,0,0,0,0,0,0,0,1,6,1,40,7,1598,1,8,1,1,1,407776,426725,13,1,1,7,202,6,0,6,30,0,4,6,0,0,0,1,1,1,0,0,1,1,1,2,1,2,1,2,0,0,0,0,0,90,1,1
3,2,9,0,7,0,8,0,0,0,0,3,1,6,1,38,7,1598,1,8,1,1,2,543780,177480,1,2,1,7,6,6,0,6,30,6,4,6,0,0,0,4,1,1,0,0,1,2,1,1,1,33,6,3,0,0,0,0,0,9,1,5
3,2,1,0,18,0,0,0,8,0,0,1,1,6,1,37,7,1598,1,8,1,1,2,531850,188060,1,2,1,4,31,3,105,6,30,0,4,6,0,0,0,1,1,1,0,0,1,1,1,1,1,37,7,3,0,0,0,0,0,1,1,4
3,1,9,0,5,0,6,0,0,0,0,3,1,6,2,28,6,1389,1,18,1,3,2,523772,209675,41,2,3,6,438,3,1000,6,40,3,4,3,414,0,0,4,1,1,0,0,2,1,1,1,2,28,6,3,0,0,0,0,0,9,1,6
2,2,3,0,18,0,8,0,0,0,0,4,1,6,1,23,5,124,1,3,1,1,2,340358,368191,7,2,1,4,130,3,5116,1,30,1,4,3,5480,0,8,4,1,2,0,0,1,1,1,1,1,23,5,2,0,0,0,0,0,3,1,4
3,1,9,0,18,0,1,0,0,1,3,4,1,2,1,18,4,1299,1,7,1,1,1,519230,300960,35,1,1,3,394,5,58,6,30,3,4,6,0,0,0,4,1,1,0,0,1,1,1,1,1,18,4,3,0,0,0,0,0,9,1,6
3,2,9,0,18,0,1,0,0,0,0,1,1,6,1,38,7,1995,2,2,1,2,2,217265,63359,50,2,2,7,596,3,390,6,30,8,4,6,0,0,0,1,1,1,0,0,2,1,2,1,1,38,7,3,0,0,0,0,0,9,1,5
3,2,9,0,9,0,8,0,0,0,0,0,1,6,2,38,7,1598,1,8,1,1,2,524350,177660,1,2,1,7,11,6,0,6,30,3,3,6,0,0,0,1,1,1,0,0,1,2,1,1,1,33,6,3,0,0,0,0,0,9,1,5
3,1,9,0,1,0,0,0,0,0,0,2,1,6,1,29,6,1598,1,8,1,2,2,516840,176090,1,2,2,5,25,5,0,6,20,0,4,6,0,0,0,1,1,1,0,0,1,2,1,1,1,29,6,3,0,0,0,0,0,9,1,7
3,1,9,0,4,0,1,0,0,0,0,1,1,6,2,24,5,1598,1,8,1,1,2,292646,181039,62,2,1,2,740,6,0,6,30,3,4,6,0,0,0,1,1,1,0,0,2,1,1,1,1,33,6,3,0,0,0,0,0,9,1,5
3,1,9,0,17,0,0,0,0,0,0,1,1,6,1,25,5,1360,1,9,1,2,4,497587,191699,43,4,2,3,478,6,36,6,30,0,4,6,0,0,0,1,1,2,0,0,2,1,1,1,1,25,5,3,0,0,0,0,0,9,1,10
3,1,9,0,18,0,2,0,0,0,0,1,1,6,2,19,4,1388,1,11,1,4,2,578440,152570,46,2,4,2,536,3,274,6,30,3,4,6,0,0,8,4,1,1,0,0,1,1,4,2,1,20,4,3,0,0,1,0,0,9,2,5
2,4,9,0,4,0,0,0,0,0,0,2,1,6,2,38,7,1896,2,14,3,2,5,591885,331273,36,5,2,6,405,3,148,6,60,0,4,6,0,0,0,1,1,1,0,0,2,1,1,1,1,33,6,3,0,0,0,0,0,9,1,5
3,1,9,0,18,0,0,2,0,1,2,1,1,6,1,21,5,1364,1,9,1,1,1,510972,433025,16,1,1,2,228,6,0,6,30,0,4,6,0,0,0,1,1,1,0,0,1,1,1,1,1,21,5,3,0,0,0,0,0,9,1,1
2,4,9,0,2,9,0,0,0,0,0,2,1,6,2,30,6,1229,1,2,1,1,4,387600,401670,6,4,1,1,102,4,6393,6,30,0,4,6,0,0,0,4,1,1,0,0,1,1,1,1,1,33,6,3,0,0,0,0,0,9,1,5
3,1,9,0,1,0,0,0,0,0,0,2,1,6,1,50,8,1796,1,11,1,1,1,385850,432110,4,1,1,4,72,6,0,6,20,0,4,6,0,0,0,1,1,1,0,0,1,1,1,3,2,74,10,3,5,1,0,0,0,0,1,5
3,2,3,0,16,0,8,0,0,0,0,1,1,6,1,20,4,114,1,8,1,1,2,528110,179160,1,2,1,7,1,6,0,2,30,3,4,6,0,0,0,4,1,1,0,0,1,1,1,1,1,20,4,3,0,0,0,0,0,3,1,3
3,2,9,0,4,0,8,0,0,0,0,2,1,6,1,31,6,1598,1,8,1,2,3,512968,198264,41,3,2,3,33,3,41,1,60,5,4,1,1,0,0,1,1,1,0,0,2,1,1,1,1,31,6,3,0,0,0,0,0,9,1,3
3,2,1,0,18,0,0,0,0,0,0,1,1,6,3,38,7,1598,1,8,1,3,2,368370,428060,4,2,3,6,70,6,0,6,20,0,4,6,0,0,0,1,1,1,0,0,1,1,1,1,1,33,6,3,0,0,0,0,0,9,1,5
2,3,9,0,18,0,0,0,0,0,0,1,1,6,1,54,8,1986,2,6,1,3,3,357888,359742,7,3,3,1,129,3,51,6,60,0,4,6,0,0,0,6,1,2,0,0,2,1,1,1,1,33,6,3,0,0,0,0,0,9,1,5
3,1,9,0,4,0,1,0,0,0,0,4,1,6,1,81,11,1560,2,3,1,1,1,348250,450320,4,1,1,7,85,6,0,6,30,3,4,6,0,0,0,1,1,1,0,0,2,1,1,3,1,67,10,3,9,9,0,0,2,0,3,7
3,2,9,0,3,0,1,1,0,1,0,2,1,6,1,36,7,1910,2,10,1,1,2,253153,667516,97,2,1,1,926,3,814,6,30,9,4,6,0,0,4,1,1,1,0,0,1,1,1,2,2,35,6,3,0,0,1,0,0,9,1,5
3,2,1,0,18,0,1,0,0,0,0,4,1,6,1,62,9,1598,1,8,1,1,2,476816,155318,44,2,1,6,494,6,0,6,30,8,4,6,0,0,0,4,1,1,0,0,2,2,1,1,1,62,9,3,0,0,0,0,0,1,1,9
3,1,9,0,3,0,8,0,0,0,0,1,1,6,1,38,7,1686,2,4,1,1,2,540960,182460,1,2,1,3,17,3,112,6,30,3,4,6,0,0,0,1,1,1,0,0,1,1,1,1,1,38,7,3,0,0,0,0,0,9,1,3
3,1,9,0,7,0,8,0,0,0,0,3,1,6,2,22,5,1598,1,8,1,1,2,543860,171280,1,2,1,6,19,4,263,6,30,3,4,6,0,0,0,1,1,1,0,0,1,1,1,1,2,22,5,3,0,0,0,0,0,9,1,8
3,1,9,0,18,0,0,0,0,0,0,1,1,6,2,38,7,1998,1,13,1,1,1,524830,186380,1,1,1,2,30,3,407,6,30,0,4,6,0,0,0,1,1,1,0,0,1,2,1,3,1,10,2,3,5,3,0,0,2,0,1,5
3,2,1,0,14,0,0,0,0,0,0,1,1,4,1,13,3,1598,1,8,1,1,2,258909,199145,62,2,1,3,745,6,0,6,30,0,4,6,0,0,0,1,1,1,0,0,1,1,2,1,1,13,3,3,0,0,0,0,0,1,1,5
3,1,9,0,18,0,8,0,0,0,0,1,1,6,1,58,9,3222,2,10,3,2,2,497530,375147,32,2,2,4,356,3,15,6,50,3,4,6,220,0,0,4,1,1,0,0,2,1,1,1,1,33,6,3,0,0,0,0,0,9,1,5
3,2,1,0,14,0,0,0,8,0,0,4,1,6,2,26,6,1598,1,8,1,1,2,425840,577275,10,2,1,3,139,3,1171,6,30,0,4,6,0,0,0,1,1,1,0,0,2,2,1,1,2,26,6,3,0,0,0,0,0,1,1,5
3,3,9,0,18,0,8,0,0,0,0,1,1,2,1,28,6,1984,1,8,1,1,3,434017,559742,10,3,1,4,149,3,1290,6,40,3,4,6,6008,0,0,1,1,1,0,0,2,1,1,1,1,33,6,3,0,0,0,0,0,9,1,5
2,1,9,0,13,0,0,0,0,0,0,4,1,6,1,37,7,3199,1,16,1,1,2,509840,172200,1,2,1,6,25,3,244,6,30,0,4,6,0,0,0,1,1,1,0,0,1,2,1,1,1,33,6,3,0,0,0,0,0,9,1,5
3,2,9,0,3,0,1,0,0,0,0,2,1,6,1,42,7,2362,1,13,1,1,2,527554,149521,45,2,1,7,513,5,226,6,30,3,4,6,0,0,0,1,1,1,0,0,1,1,1,1,1,33,6,3,0,0,0,0,0,9,1,5
3,1,21,0,5,0,4,0,0,0,0,1,1,1,1,60,9,11705,2,7,2,2,2,409070,101538,55,2,2,6,647,3,31,1,50,1,4,3,348,0,0,1,1,1,0,0,2,1,1,1,1,33,6,3,0,0,0,0,0,9,1,5
3,2,1,0,18,0,0,0,0,0,0,3,1,4,1,9,2,1598,1,8,1,1,2,431845,265090,23,2,1,4,294,4,4087,6,30,0,4,6,0,0,1,1,4,1,0,0,1,1,1,1,1,9,2,3,0,0,0,0,0,1,1,5
2,1,9,0,17,0,8,0,0,0,0,1,1,6,1,44,7,1598,1,8,1,1,2,543900,259390,35,2,1,1,390,6,0,6,30,8,4,6,0,0,0,1,1,2,0,0,1,1,1,1,1,33,6,3,0,0,0,0,0,9,1,5
3,2,9,0,3,0,0,0,0,0,0,1,1,6,1,34,6,1368,1,9,1,3,2,503529,178239,43,2,3,7,473,1,4,3,70,0,4,6,0,0,0,1,1,1,0,0,2,1,3,2,2,1,1,3,0,0,2,0,0,9,1,5
3,1,9,0,18,0,0,0,0,7,11,1,1,6,2,48,8,1229,1,5,1,5,2,469898,512363,17,2,5,2,241,3,171,6,60,0,4,6,0,0,0,1,1,1,0,0,2,1,3,2,2,75,10,3,0,0,1,0,0,9,1,5
3,1,9,0,3,0,0,0,0,1,7,2,1,6,2,26,6,1598,1,13,1,2,2,522015,198886,41,2,2,7,33,3,1,3,70,0,4,6,0,0,0,6,1,1,0,0,2,1,1,2,1,28,6,3,0,0,1,0,0,9,1,5
2,1,9,0,9,0,6,0,0,7,9,2,1,1,1,67,10,1598,1,8,2,2,2,217647,64922,50,2,2,7,596,3,38,6,30,3,4,6,0,0,0,1,1,1,0,0,2,1,2,2,2,51,8,3,0,0,1,0,0,9,2,5
3,4,9,0,2,0,2,0,0,0,0,3,1,6,1,42,7,1598,1,8,1,2,4,412440,286730,20,4,2,2,300,4,4128,3,30,3,4,6,0,0,0,1,1,1,0,0,1,1,1,1,1,33,6,3,0,0,0,0,0,9,1,5
3,2,1,0,18,0,6,0,0,0,0,1,1,6,1,32,6,1598,1,8,1,1,2,431430,435108,13,2,1,4,204,3,58,6,30,3,4,6,0,0,4,1,1,1,0,0,1,1,1,1,1,32,6,3,0,0,0,0,0,1,1,1