accident_severity,vehicle_reference,vehicle_type,towing_and_articulation,vehicle_manoeuvre,vehicle_location-restricted_lane,junction_location,skidding_and_overturning,hit_object_in_carriageway,vehicle_leaving_carriageway,hit_object_off_carriageway,1st_point_of_impact,was_vehicle_left_hand_drive?,journey_purpose_of_driver,sex_of_driver,age_of_driver,age_band_of_driver,engine_capacity_(cc),propulsion_code,age_of_vehicle,driver_home_area_type,NUmber_of_Casualities_unique_to_accident_index,No_of_Vehicles_involved_unique_to_accident_index,location_easting_osgr,location_northing_osgr,police_force,number_of_vehicles,number_of_casualties,day_of_week,local_authority_(district),1st_road_class,1st_road_number,road_type,speed_limit,junction_detail,junction_control,2nd_road_class,2nd_road_number,pedestrian_crossing-human_control,pedestrian_crossing-physical_facilities,light_conditions,weather_conditions,road_surface_conditions,special_conditions_at_site,carriageway_hazards,urban_or_rural_area,did_police_officer_attend_scene_of_accident,casualty_reference,casualty_class,sex_of_casualty,age_of_casualty,age_band_of_casualty,casualty_severity,pedestrian_location,pedestrian_movement,car_passenger,bus_or_coach_passenger,pedestrian_road_maintenance_worker,casualty_type,casualty_home_area_type,casualty_imd_decile
3,3,9,0,3,0,0,0,0,0,0,2,1,5,1,65,9,1896,2,13,1,1,3,591482,223587,42,3,1,4,455,3,12,3,70,0,4,6,0,0,0,6,1,1,0,0,1,1,1,1,1,65,9,3,0,0,0,0,0,9,1,1
3,1,9,0,16,0,0,2,0,0,0,1,1,5,1,17,4,1679,1,15,2,1,1,347047,296154,22,1,1,1,286,3,49,6,60,0,4,6,0,0,0,1,1,2,0,0,2,1,1,1,1,17,4,3,0,0,0,0,0,9,2,3
3,1,9,0,9,0,8,0,0,0,0,1,1,6,2,36,7,1339,1,13,1,2,1,508216,221460,40,1,2,7,421,6,0,2,20,3,4,6,0,0,0,1,1,1,0,0,1,1,2,3,2,25,5,3,5,3,0,0,0,0,1,4
3,2,1,0,16,0,1,0,0,0,0,1,1,1,1,50,8,1598,1,8,1,1,2,408810,286320,20,2,1,3,300,6,0,6,30,3,4,6,0,0,0,1,1,2,0,0,1,1,1,1,1,50,8,3,0,0,0,0,0,1,1,1
3,1,8,0,4,0,0,0,0,0,0,2,1,1,1,41,7,1997,2,8,1,1,2,537450,180950,1,2,1,4,5,3,13,6,30,0,4,6,0,0,0,1,1,1,0,0,1,1,1,1,1,41,7,3,0,0,0,0,0,8,1,2
3,1,9,0,3,0,0,0,0,0,0,2,1,2,2,31,6,1198,1,3,1,1,2,262970,663914,97,2,1,2,926,6,0,6,30,0,4,6,0,0,4,1,1,2,0,0,1,1,1,1,1,33,6,3,0,0,0,0,0,9,1,5
3,1,9,0,4,0,0,0,0,0,0,2,1,2,2,25,5,1461,2,4,1,2,2,405200,398610,30,2,2,2,325,3,628,6,60,0,4,6,0,0,0,6,1,1,0,0,2,1,1,1,2,25,5,3,0,0,0,0,0,9,1,6
2,2,9,0,18,0,0,0,0,0,0,3,1,6,1,66,10,1598,1,8,1,3,2,322594,369310,60,2,3,2,724,6,0,6,60,0,4,6,0,0,0,1,1,2,7,0,2,1,3,2,2,65,9,3,0,0,1,0,0,9,1,5
3,1,9,0,16,0,0,0,0,0,0,1,1,6,2,29,6,1124,1,7,1,2,2,390860,404030,6,2,2,3,104,4,6190,6,30,0,4,6,0,0,0,1,2,2,0,0,1,1,1,1,2,29,6,3,0,0,0,0,0,9,1,4
3,1,3,0,15,0,2,0,0,0,0,3,1,6,1,59,9,124,1,9,1,1,2,535240,177280,1,2,1,2,8,3,2,6,30,3,4,6,0,0,0,1,1,1,0,0,1,1,1,1,1,33,6,3,0,0,0,0,0,9,1,5
3,1,9,0,9,0,6,0,0,0,0,1,1,2,2,27,6,1598,1,8,1,2,2,396719,341616,21,2,2,2,256,3,521,6,30,3,4,6,232,0,0,1,1,1,0,0,1,1,1,1,2,27,6,3,0,0,0,0,0,9,1,8
3,2,9,0,18,0,8,0,0,0,0,3,1,6,2,57,9,1598,1,8,1,2,2,481532,389096,32,2,2,5,356,3,631,6,30,6,2,3,156,1,1,1,1,1,0,0,1,1,2,1,2,57,9,3,0,0,0,0,0,9,1,4
2,2,20,0,18,0,0,0,0,0,0,1,1,1,1,45,7,4250,2,4,1,2,3,404553,336151,21,3,2,6,251,3,50,3,70,0,4,6,0,0,0,6,1,1,0,0,2,1,1,1,1,45,7,2,0,0,0,0,0,20,1,3
3,1,9,0,17,0,1,5,10,1,10,1,1,6,1,18,4,1242,1,15,1,4,1,369794,218426,53,1,4,5,622,3,4136,6,40,3,4,6,3012,0,0,1,2,2,0,0,2,1,2,2,1,18,4,3,0,0,1,0,0,9,3,4
3,1,9,0,17,0,0,0,0,1,9,1,1,6,1,81,11,1598,1,8,1,2,1,262968,340164,60,1,2,4,722,3,487,6,60,0,4,6,0,0,0,1,1,1,0,0,2,1,2,2,2,80,11,3,0,0,1,0,0,9,1,5
2,2,10,0,18,0,0,0,0,0,0,1,1,1,1,53,8,2148,2,6,2,4,2,438910,536007,11,2,4,5,169,5,22,6,60,0,4,6,0,0,0,6,2,2,0,0,2,1,2,1,1,53,8,2,0,0,0,0,0,10,2,5
3,2,9,0,4,0,2,0,0,0,0,2,1,6,1,37,7,1598,1,14,1,1,2,570640,158390,46,2,1,6,542,3,20,6,40,3,4,6,0,0,0,1,1,1,0,0,1,1,1,1,1,37,7,3,0,0,0,0,0,9,1,2
3,1,3,0,18,0,0,1,0,0,0,3,1,6,2,23,5,125,1,2,1,1,1,571821,109317,47,1,1,5,555,6,0,6,60,0,4,6,0,0,0,1,1,2,0,0,2,1,1,1,2,23,5,3,0,0,0,0,0,3,1,1
3,2,9,0,17,0,0,0,0,0,0,1,1,6,1,20,4,1596,1,9,1,1,2,411854,134304,54,2,1,5,635,5,42,6,60,0,4,6,0,0,0,6,1,2,0,0,2,1,1,1,1,33,6,3,0,0,0,0,0,9,1,5
3,1,9,0,17,0,0,0,0,1,4,1,1,6,1,78,11,1328,1,6,1,2,1,360920,255950,22,1,2,3,285,3,44,6,40,0,4,6,0,0,0,1,1,1,0,0,2,1,2,2,2,79,11,3,0,0,1,0,0,9,1,5
3,1,9,0,18,0,1,0,0,1,11,1,1,6,1,39,7,1390,2,13,1,1,2,361185,186596,52,2,1,2,612,6,0,6,30,8,4,6,0,0,0,1,1,1,0,0,2,1,1,1,1,39,7,3,0,0,0,0,0,9,1,8
3,2,9,0,3,0,0,0,0,0,0,2,1,6,1,71,10,1364,1,10,1,2,2,420242,573319,10,2,2,6,147,6,1341,6,30,0,4,6,0,0,0,1,1,1,0,0,2,1,2,1,1,71,10,3,0,0,0,0,0,9,1,10
1,2,9,0,16,0,0,0,0,0,0,1,1,6,1,36,7,1783,1,15,2,2,4,417447,265419,23,4,2,2,293,3,4189,6,50,0,4,6,0,0,0,6,1,1,0,0,2,1,2,1,1,36,7,1,0,0,0,0,0,9,2,5
3,1,9,0,9,0,8,0,0,0,0,4,1,6,2,43,7,1461,2,11,1,2,2,251182,57246,50,2,2,2,583,6,0,6,30,3,2,6,0,0,0,1,1,1,0,0,1,1,2,2,2,22,5,3,0,0,1,0,0,9,1,4
2,2,3,0,18,0,8,0,0,0,0,1,1,6,1,16,4,125,1,4,1,1,2,450375,533618,17,2,1,6,240,6,0,6,30,3,4,6,0,0,0,1,1,1,0,0,1,1,1,1,1,16,4,2,0,0,0,0,0,3,1,2
3,3,17,0,18,0,0,1,6,0,0,2,1,1,1,23,5,6788,2,1,3,2,3,329990,337270,22,3,2,2,286,3,5,6,60,0,4,6,0,0,0,1,1,1,0,0,2,1,1,1,1,33,6,3,0,0,0,0,0,9,1,5
3,2,5,0,18,0,3,0,0,0,0,1,1,1,1,25,5,1150,1,5,1,1,2,419955,286687,23,2,1,1,290,3,446,1,70,1,4,3,446,0,0,1,1,1,0,0,2,1,1,1,1,25,5,3,0,0,0,0,0,5,1,7
3,1,9,0,18,0,0,0,0,0,0,1,1,6,3,38,7,1560,2,5,1,1,2,552640,167860,46,2,1,1,538,3,20,3,70,0,4,6,0,0,0,1,1,1,0,0,2,1,1,1,1,33,6,3,0,0,0,0,0,9,1,5
2,3,9,0,2,9,0,0,0,0,0,3,1,6,1,38,7,1598,1,8,1,1,3,251630,201970,63,3,1,7,751,3,476,6,30,0,4,6,0,0,0,1,1,1,0,0,1,1,1,1,1,33,6,3,0,0,0,0,0,9,1,5
3,1,9,0,17,0,0,2,0,7,4,1,1,2,1,24,5,1597,1,20,3,1,1,362260,470200,4,1,1,4,76,4,6480,6,50,0,4,6,0,0,0,1,1,1,0,0,2,1,1,1,1,24,5,3,0,0,0,0,0,9,3,9
3,2,9,0,18,0,8,0,0,0,0,3,1,6,1,24,5,1896,2,15,1,1,2,508427,221706,40,2,1,1,421,3,505,3,20,3,4,6,0,0,0,4,4,1,0,0,1,2,1,1,1,24,5,3,0,0,0,0,0,9,1,2
3,1,3,0,9,0,8,0,0,0,0,4,1,6,2,26,6,124,1,6,1,1,2,549670,175750,1,2,1,2,18,3,220,1,30,2,4,5,0,0,0,1,1,1,0,0,1,1,1,1,2,26,6,3,0,0,0,0,0,3,1,4
3,2,9,0,18,0,0,0,0,0,0,2,1,6,1,30,6,1598,1,8,1,1,3,425665,568446,10,3,1,6,148,3,189,6,30,0,4,6,0,0,0,1,8,4,0,0,1,2,1,1,1,33,6,3,0,0,0,0,0,9,1,5
3,2,9,0,18,0,0,0,0,0,0,2,1,1,1,43,7,998,1,1,1,5,4,421905,568825,10,4,5,5,147,3,1,3,70,0,4,6,0,0,0,1,1,1,0,0,1,1,4,2,1,49,8,3,0,0,1,0,0,9,2,8
3,1,9,0,5,0,1,0,0,1,10,1,1,6,1,73,10,1991,2,9,1,1,1,446910,112295,44,1,1,5,500,6,0,6,30,3,4,6,0,0,0,1,1,2,0,0,1,1,1,1,1,73,10,3,0,0,0,0,0,9,1,4
3,3,9,0,18,0,0,0,0,0,0,0,1,6,3,38,7,1598,1,8,1,1,3,481103,213396,43,3,1,4,476,3,418,6,30,0,4,6,0,0,4,1,2,2,0,0,1,1,1,1,1,33,6,3,0,0,0,0,0,9,1,5
3,1,9,0,9,0,5,0,0,0,0,4,1,6,1,44,7,2494,1,16,1,1,2,556491,177915,42,2,1,6,462,6,0,6,30,3,4,6,0,0,0,4,1,1,0,0,1,1,1,1,1,33,6,3,0,0,0,0,0,9,1,5
3,1,11,0,5,0,8,0,0,0,0,0,1,1,1,30,6,6700,2,3,1,1,1,530090,189230,1,1,1,4,31,3,504,6,30,3,2,6,0,0,0,1,1,1,0,0,1,1,1,2,1,10,2,3,0,0,0,3,0,11,1,5
2,1,9,0,9,0,5,0,0,0,0,1,1,2,1,27,6,1910,2,9,1,1,3,352860,317330,22,3,1,3,286,3,53,6,60,9,4,6,0,0,0,1,1,1,0,0,2,1,1,1,1,33,6,3,0,0,0,0,0,9,1,5
3,1,11,0,18,0,2,0,5,0,0,1,1,1,1,29,6,6700,2,7,1,7,1,534110,168410,1,1,7,7,20,3,215,6,30,3,4,4,233,0,1,4,1,1,0,0,1,1,7,1,1,29,6,3,0,0,0,0,0,11,1,3
3,2,9,0,7,0,8,0,0,0,0,1,1,1,1,53,8,1995,2,9,1,1,2,504323,171909,45,2,1,4,40,3,308,6,30,1,2,3,308,0,0,1,1,1,0,0,1,1,1,1,1,33,6,3,0,0,0,0,0,9,1,5
3,1,1,0,18,0,8,0,0,0,0,3,1,6,1,14,3,1598,1,8,1,1,2,511013,103861,47,2,1,1,564,3,2032,3,50,1,4,6,0,0,0,1,1,1,0,0,1,2,1,1,1,14,3,3,0,0,0,0,0,1,1,6
3,1,9,0,18,0,8,0,0,0,0,1,1,6,1,21,5,1995,1,5,2,1,2,551100,191680,1,2,1,4,15,4,175,6,30,6,2,5,0,0,5,1,1,2,0,0,1,1,1,1,1,21,5,3,0,0,0,0,0,9,2,8
3,1,19,0,9,0,8,0,0,0,0,4,1,1,1,31,6,1968,2,1,1,1,2,528140,176650,1,2,1,5,10,3,3205,6,30,3,4,6,0,0,1,4,8,2,0,0,1,1,1,1,1,33,6,3,0,0,0,0,0,9,1,5
2,1,11,0,5,0,0,0,0,0,0,1,1,2,1,47,8,3972,2,19,1,1,1,368440,427950,4,1,1,3,70,6,0,6,30,0,4,6,0,0,0,1,1,1,0,0,1,1,1,3,1,62,9,2,10,9,0,0,0,0,1,1
3,1,9,0,18,0,8,0,0,0,0,3,1,6,1,38,7,1796,1,15,1,1,2,526180,177330,1,2,1,7,12,3,308,6,30,3,4,6,0,0,1,1,1,1,0,0,1,1,1,1,1,33,6,3,0,0,0,0,0,9,1,5
3,1,9,0,18,0,0,0,0,0,0,1,1,2,2,34,6,1560,2,4,1,1,2,484089,241826,43,2,1,6,479,5,140,6,40,0,4,6,0,0,0,1,1,2,0,0,2,1,1,1,1,33,6,3,0,0,0,0,0,9,1,5
2,1,8,0,18,0,0,0,0,0,0,3,1,1,1,64,9,2664,2,15,1,1,1,256314,666493,97,1,1,1,926,3,814,3,30,0,4,6,0,0,0,4,1,1,0,0,1,1,1,3,1,39,7,2,5,1,0,0,0,0,3,5
3,2,5,0,16,0,1,1,0,0,0,1,1,6,1,30,6,998,1,7,1,2,3,590495,209363,42,3,2,1,458,4,1026,6,30,3,4,6,0,0,0,1,1,1,0,0,2,1,2,1,1,30,6,3,0,0,0,0,0,5,1,5
3,2,9,0,4,0,0,0,0,0,0,2,1,2,2,40,7,1598,1,1,1,2,3,348902,395391,5,3,2,5,92,6,0,6,30,0,4,6,0,0,0,1,1,2,0,0,2,1,1,1,1,33,6,3,0,0,0,0,0,9,1,5
3,2,9,0,10,0,8,0,0,0,0,2,1,6,2,70,10,1248,2,7,3,1,2,284097,66365,50,2,1,4,585,3,381,6,40,3,4,6,0,0,0,1,1,1,0,0,2,1,1,1,2,70,10,3,0,0,0,0,0,9,3,7
3,4,9,0,18,0,8,0,0,0,0,0,1,1,1,36,7,2993,2,1,1,2,5,530601,141656,47,5,2,1,560,1,23,1,70,1,2,1,23,0,0,1,1,1,0,0,2,2,1,1,1,33,6,3,0,0,0,0,0,9,1,5
2,1,9,0,18,0,1,0,0,0,0,1,1,6,1,34,6,2993,2,8,3,1,1,602331,226043,42,1,1,6,455,6,0,6,30,3,4,6,0,0,1,4,1,1,0,0,1,1,1,3,2,19,4,2,1,3,0,0,0,0,1,2
3,3,19,0,18,0,0,0,0,0,0,4,1,1,1,26,6,2198,2,2,2,3,3,418712,427549,13,3,3,3,203,1,62,3,70,0,4,6,0,0,0,4,2,2,0,0,2,1,1,1,1,33,6,3,0,0,0,0,0,9,1,5
3,1,9,0,10,0,8,0,0,0,0,2,1,6,2,43,7,2792,1,13,1,1,3,526080,170850,1,3,1,6,22,3,218,6,30,3,4,6,0,0,0,1,1,1,0,0,1,1,1,1,1,33,6,3,0,0,0,0,0,9,1,5
3,2,19,0,5,0,6,0,0,0,0,3,1,6,1,28,6,1248,2,9,1,1,2,456242,295506,33,2,1,1,360,3,426,6,60,3,4,6,4710,0,0,1,1,1,0,0,2,1,1,1,1,33,6,3,0,0,0,0,0,9,1,5
3,1,9,0,3,0,1,0,0,0,0,2,1,6,2,47,8,1560,2,2,1,1,2,458333,104064,44,2,1,5,493,3,32,6,30,3,2,6,0,0,0,1,1,1,0,0,1,2,1,1,2,47,8,3,0,0,0,0,0,9,1,7
3,2,5,0,18,0,8,0,0,0,0,1,1,6,1,25,5,1598,1,8,2,1,2,400661,311670,21,2,1,2,250,6,34,6,30,8,4,6,0,0,0,1,1,1,0,0,1,1,1,1,1,25,5,3,0,0,0,0,0,5,2,7
3,1,9,0,18,0,6,0,0,0,0,4,1,6,1,20,4,1388,1,11,1,1,2,434407,260332,23,2,1,6,293,4,4455,6,50,6,4,6,0,0,0,1,1,1,0,0,2,1,1,2,2,20,4,3,0,0,1,0,0,9,1,3
3,3,9,0,18,0,8,0,0,0,0,1,1,2,1,21,5,1229,1,9,1,2,3,407070,281460,20,3,2,5,300,4,4122,6,30,6,4,6,0,0,0,1,2,2,0,0,1,1,1,1,1,21,5,3,0,0,0,0,0,9,1,7
2,2,21,1,3,0,0,0,0,0,0,2,1,1,1,61,9,1598,1,8,1,1,2,418729,287531,23,2,1,3,290,1,6,3,70,0,4,6,0,0,0,1,1,1,0,0,2,1,1,1,1,33,6,3,0,0,0,0,0,9,1,5
3,3,9,0,18,0,1,0,0,0,0,2,1,6,1,32,6,1461,2,4,1,1,4,546332,100527,47,4,1,7,554,3,259,6,60,3,4,6,0,0,8,1,1,1,0,0,2,1,1,1,1,33,6,3,0,0,0,0,0,9,1,5
3,2,1,0,18,0,8,0,0,0,0,1,1,6,2,21,5,1598,1,8,1,1,2,454057,206365,43,2,1,2,482,6,320,6,20,3,4,6,0,0,0,4,1,1,0,0,1,2,1,1,2,21,5,3,0,0,0,0,0,1,1,8
3,2,1,0,18,0,8,0,0,0,0,1,1,6,1,52,8,1598,1,8,1,1,2,537640,175980,1,2,1,3,7,3,20,6,30,3,4,6,0,0,4,1,1,1,0,0,1,1,1,1,1,52,8,3,0,0,0,0,0,1,1,10
3,1,9,0,13,0,8,0,0,7,0,1,1,1,1,36,7,1968,2,2,2,3,2,442878,430634,13,2,3,7,204,3,656,6,50,3,4,6,0,0,0,1,1,2,0,0,2,1,1,1,1,36,7,3,0,0,0,0,0,9,2,9
3,2,9,0,18,0,0,1,0,0,0,1,1,6,1,70,10,1124,1,13,3,2,2,516540,258280,35,2,2,1,393,3,1,3,70,0,4,6,0,0,0,1,1,1,0,0,2,1,2,1,1,70,10,3,0,0,0,0,0,9,3,3
3,2,9,0,18,0,1,0,0,0,0,4,1,6,2,71,10,998,1,6,1,2,2,428358,554004,10,2,2,3,150,5,502,6,30,9,4,6,6001,0,0,1,1,1,0,0,2,2,2,2,2,71,10,3,0,0,1,0,0,9,2,3
3,1,3,0,16,0,1,1,0,0,0,3,1,2,2,21,5,125,1,2,1,1,2,368080,303060,22,2,1,3,284,4,4373,9,40,3,4,6,0,0,0,1,1,1,0,0,1,1,1,1,2,21,5,3,0,0,0,0,0,3,1,9
3,2,90,0,2,0,0,0,0,0,0,2,1,6,3,38,7,1598,1,8,1,1,3,402020,394360,30,3,1,5,325,3,57,6,30,0,4,6,0,0,0,1,1,1,0,0,1,1,1,1,1,33,6,3,0,0,0,0,0,9,1,5
3,2,1,0,14,0,0,0,8,0,0,1,1,6,1,52,8,1598,1,8,1,1,2,532810,178550,1,2,1,4,8,6,0,6,30,0,4,6,0,0,0,1,1,1,0,0,1,2,1,1,1,52,8,3,0,0,0,0,0,1,1,3
3,2,9,0,4,0,8,0,0,0,0,2,1,6,1,44,7,998,1,2,1,2,2,246837,665466,97,2,2,1,935,3,737,1,30,1,2,3,737,0,0,1,1,1,0,0,2,2,1,1,1,44,7,3,0,0,0,0,0,9,1,5
2,1,9,0,7,0,8,0,0,0,0,1,1,1,1,38,7,1997,2,13,1,1,2,506184,427305,16,2,1,3,228,6,0,3,30,3,4,6,0,0,0,4,1,1,0,0,1,2,1,1,1,33,6,3,0,0,0,0,0,9,1,5
3,1,9,0,18,0,6,1,0,0,0,1,1,6,1,18,4,998,1,9,2,2,2,330690,433770,4,2,2,3,71,6,0,6,30,6,4,6,0,0,0,4,1,1,0,0,1,1,1,1,1,33,6,3,0,0,0,0,0,9,1,5
3,2,1,0,18,0,1,0,0,0,0,1,1,6,1,41,7,1598,1,8,3,1,2,360089,760062,93,2,1,1,912,4,966,2,30,3,4,6,0,0,0,1,1,1,0,0,2,1,1,1,1,41,7,3,0,0,0,0,0,1,3,5
3,2,5,0,18,0,8,0,0,1,0,3,1,6,2,36,7,660,1,8,1,1,2,518620,180550,1,2,1,7,27,3,4020,6,30,7,2,3,406,0,5,4,1,1,0,0,1,1,1,1,2,36,7,3,0,0,0,0,0,5,1,2
3,2,8,0,3,0,1,0,0,0,0,4,1,1,1,38,7,2499,2,1,1,1,2,532720,182590,1,2,1,3,3,3,501,6,30,7,2,3,1200,0,5,1,1,1,0,0,1,2,1,1,1,33,6,3,0,0,0,0,0,9,1,5
3,1,9,0,7,0,6,0,0,0,0,1,1,2,2,22,5,1910,2,9,2,1,3,454188,306443,33,3,1,2,360,5,3103,6,30,3,4,6,4440,0,0,1,1,1,0,0,1,1,1,1,2,22,5,3,0,0,0,0,0,9,2,10
3,1,9,0,18,0,1,0,0,0,0,1,1,6,1,38,7,1560,2,11,1,2,1,202444,54147,50,1,2,6,596,6,0,6,30,3,4,6,0,0,0,1,1,1,0,0,1,1,2,2,1,1,1,3,0,0,1,0,0,9,1,7
3,1,9,0,1,7,1,0,0,0,0,2,1,6,2,25,5,1499,1,1,2,1,1,279163,697475,96,1,1,6,939,6,0,6,30,9,4,6,0,0,4,1,2,2,0,0,1,2,1,3,2,14,3,3,4,1,0,0,0,0,1,5
3,1,9,0,18,0,8,0,0,0,0,1,1,6,1,27,6,1968,2,3,1,1,2,532810,185360,1,2,1,1,3,3,105,1,30,1,4,6,0,0,0,1,1,1,0,0,1,1,1,1,1,27,6,3,0,0,0,0,0,9,1,2
3,1,19,0,17,0,0,2,0,7,4,0,1,6,1,43,7,1560,2,1,1,2,1,350670,426850,4,1,2,1,83,6,0,6,40,0,4,6,0,0,0,1,4,1,0,0,2,1,1,1,1,43,7,3,0,0,0,0,0,19,1,5
3,1,9,0,18,0,2,0,0,0,0,1,1,3,1,38,7,1999,1,9,1,1,1,453975,92019,44,1,1,6,505,6,0,6,30,3,4,6,0,0,0,1,1,1,0,0,2,1,1,3,2,11,3,3,5,4,0,0,0,0,2,5
3,2,1,0,18,0,8,0,0,0,0,4,1,1,1,23,5,1598,1,8,1,1,2,409790,281770,20,2,1,1,300,4,4146,1,30,1,4,6,0,0,0,1,1,1,0,0,1,2,1,1,1,23,5,3,0,0,0,0,0,1,1,1
2,1,9,0,18,0,8,0,10,1,4,4,1,6,1,38,7,1598,1,8,1,1,1,540540,166400,1,1,1,1,19,4,265,6,30,3,4,6,0,0,0,4,1,1,0,0,1,1,1,1,1,33,6,2,0,0,0,0,0,9,1,10
3,2,9,0,4,0,1,0,0,0,0,2,1,6,1,27,6,1339,8,9,1,1,2,540580,172120,1,2,1,4,7,5,0,6,30,3,4,3,2212,0,0,1,2,2,0,0,1,1,1,1,1,27,6,3,0,0,0,0,0,9,1,3
2,2,9,0,18,0,0,0,0,1,4,1,1,6,1,41,7,1600,1,11,3,5,2,517413,124878,47,2,5,1,562,6,0,6,60,0,4,6,0,0,0,1,1,1,0,0,2,1,3,2,2,37,7,3,0,0,1,0,0,9,3,7
3,2,9,0,3,0,0,0,0,0,0,2,1,6,2,50,8,2204,2,8,3,1,2,471917,174557,43,2,1,5,472,4,3345,6,30,0,4,6,0,0,0,1,1,1,0,0,1,2,1,1,2,50,8,3,0,0,0,0,0,9,3,10
2,2,9,0,18,0,1,0,0,0,0,3,1,6,2,38,7,1598,1,8,1,2,3,317678,122169,52,3,2,5,608,3,38,9,60,3,4,6,0,0,0,6,1,1,0,0,2,1,1,1,2,33,6,2,0,0,0,0,0,9,1,9
3,1,21,0,11,0,0,0,0,0,0,4,1,1,1,32,6,11021,2,16,1,1,2,448187,519911,17,2,1,5,243,3,66,3,50,0,4,6,0,0,0,1,1,1,0,0,1,1,1,1,1,33,6,3,0,0,0,0,0,9,1,5
2,1,1,0,18,5,0,0,0,0,0,1,1,2,1,30,6,1598,1,8,1,1,1,450225,211448,43,1,1,6,481,3,4165,6,40,0,4,6,0,0,0,4,1,1,0,0,2,1,1,1,1,30,6,2,0,0,0,0,0,1,1,5
3,1,9,0,3,0,1,0,0,0,0,2,1,6,2,64,9,1769,1,12,2,1,2,504131,155481,45,2,1,2,511,4,368,6,30,3,4,6,0,0,0,1,1,1,0,0,2,1,1,1,1,33,6,3,0,0,0,0,0,9,1,5
3,1,9,0,18,0,0,2,0,1,0,1,1,6,1,29,6,3246,1,10,3,2,1,549534,312540,36,1,2,6,407,3,47,3,70,0,4,6,0,0,0,6,1,1,0,0,2,1,1,1,1,29,6,3,0,0,0,0,0,9,3,5
3,2,9,0,4,0,1,0,0,0,0,2,1,6,2,66,10,1997,1,4,1,4,3,415795,409156,13,3,4,6,203,3,635,6,30,3,4,6,0,0,0,1,1,2,0,0,1,1,2,2,2,61,9,3,0,0,1,0,0,9,1,1
1,4,9,0,2,0,0,0,0,0,0,2,1,6,3,38,7,1296,1,9,1,1,4,498642,207392,41,4,1,6,431,3,416,6,30,0,4,6,0,0,0,1,1,1,0,0,1,1,1,1,1,33,6,3,0,0,0,0,0,9,1,5
3,1,9,0,18,0,1,0,0,0,0,1,1,2,1,42,7,1997,2,11,1,1,2,537690,195490,1,2,1,3,13,3,112,6,30,3,4,6,0,0,0,1,2,2,0,0,2,1,1,1,1,42,7,3,0,0,0,0,0,9,1,6
3,2,9,0,18,0,8,0,0,0,0,2,1,6,2,40,7,1598,1,8,1,1,2,487568,286881,34,2,1,1,380,6,5111,6,30,3,4,6,5111,0,0,1,1,1,0,0,1,3,1,2,2,20,4,3,0,0,1,0,0,9,1,3
3,2,9,0,17,0,0,0,0,0,0,1,1,1,1,69,10,1124,1,12,3,1,2,548790,151690,46,2,1,4,538,4,2042,6,30,0,4,6,0,0,0,1,1,1,0,0,2,2,1,1,1,69,10,3,0,0,0,0,0,9,3,10
3,2,9,0,2,0,0,0,0,0,0,3,1,6,1,38,7,1461,2,9,1,1,2,547340,186910,1,2,1,5,16,3,1083,6,30,0,4,6,0,0,0,1,1,1,0,0,1,2,1,1,1,33,6,3,0,0,0,0,0,9,1,5
3,2,9,0,3,0,0,0,0,0,0,2,1,6,1,40,7,1988,1,14,1,3,2,512412,431002,16,2,3,6,228,3,165,3,30,0,4,6,0,0,0,4,1,2,0,0,1,1,1,1,1,33,6,3,0,0,0,0,0,9,1,5
2,1,9,0,18,0,0,0,0,0,0,1,1,6,1,45,7,1997,2,12,1,1,1,519732,196923,41,1,1,3,33,4,5378,3,30,0,4,6,0,0,8,4,8,1,0,0,1,1,1,3,1,11,3,2,5,1,0,0,0,0,1,4
3,2,9,0,18,0,8,1,0,0,0,4,1,2,1,20,4,1198,1,11,1,1,2,558170,139680,46,2,1,1,543,3,264,6,30,8,4,6,0,0,0,1,1,1,0,0,1,1,1,1,1,33,6,3,0,0,0,0,0,9,1,5
3,1,1,0,18,0,8,0,0,0,0,1,1,6,1,27,6,1598,1,8,1,1,2,527700,179770,1,2,1,4,1,6,0,6,30,3,4,6,0,0,0,4,1,1,0,0,1,1,1,1,1,27,6,3,0,0,0,0,0,1,1,10
3,1,21,1,3,0,0,0,0,0,0,1,1,1,1,49,8,1598,1,8,1,1,4,489622,178584,43,4,1,3,474,1,4,3,70,0,4,6,0,0,0,1,1,2,0,0,2,1,1,1,1,33,6,3,0,0,0,0,0,9,1,5
3,1,9,0,18,0,0,0,0,0,0,3,1,6,1,22,5,1973,1,15,1,1,1,384442,156787,54,1,1,5,635,6,0,6,30,0,4,6,0,0,0,1,8,1,0,0,1,1,1,3,1,13,3,3,5,3,0,0,0,0,1,1
2,2,9,0,18,0,0,0,0,0,0,1,1,3,2,50,8,1461,2,1,3,4,2,455545,150290,44,2,4,4,490,4,3400,6,50,0,4,6,0,0,0,1,4,2,0,0,2,1,2,1,2,50,8,3,0,0,0,0,0,9,3,9
3,2,9,0,9,0,0,0,0,0,0,1,1,1,2,42,7,1968,2,4,1,4,2,376138,803535,92,2,4,7,911,6,0,6,60,0,4,6,0,0,0,1,1,1,0,0,2,1,4,2,2,48,8,3,0,0,1,0,0,9,3,5
2,2,9,0,5,0,0,0,0,0,0,3,1,6,2,43,7,2720,2,10,1,1,2,541060,182180,1,2,1,5,17,3,112,6,30,0,4,6,0,0,0,1,1,1,0,0,1,1,1,1,1,33,6,3,0,0,0,0,0,9,1,5