accident_severity,vehicle_reference,vehicle_type,towing_and_articulation,vehicle_manoeuvre,vehicle_location-restricted_lane,junction_location,skidding_and_overturning,hit_object_in_carriageway,vehicle_leaving_carriageway,hit_object_off_carriageway,1st_point_of_impact,was_vehicle_left_hand_drive?,journey_purpose_of_driver,sex_of_driver,age_of_driver,age_band_of_driver,engine_capacity_(cc),propulsion_code,age_of_vehicle,driver_home_area_type,NUmber_of_Casualities_unique_to_accident_index,No_of_Vehicles_involved_unique_to_accident_index,location_easting_osgr,location_northing_osgr,police_force,number_of_vehicles,number_of_casualties,day_of_week,local_authority_(district),1st_road_class,1st_road_number,road_type,speed_limit,junction_detail,junction_control,2nd_road_class,2nd_road_number,pedestrian_crossing-human_control,pedestrian_crossing-physical_facilities,light_conditions,weather_conditions,road_surface_conditions,special_conditions_at_site,carriageway_hazards,urban_or_rural_area,did_police_officer_attend_scene_of_accident,casualty_reference,casualty_class,sex_of_casualty,age_of_casualty,age_band_of_casualty,casualty_severity,pedestrian_location,pedestrian_movement,car_passenger,bus_or_coach_passenger,pedestrian_road_maintenance_worker,casualty_type,casualty_home_area_type,casualty_imd_decile
3,1,9,0,18,0,1,0,0,0,0,1,1,6,1,32,6,1686,2,11,1,2,2,437742,390050,14,2,2,1,215,4,6082,6,30,3,2,3,6102,0,0,1,9,1,0,0,1,1,1,1,1,32,6,3,0,0,0,0,0,9,1,2
3,1,9,0,4,0,0,0,0,0,0,3,1,6,1,50,8,1598,1,8,3,1,2,449651,431581,12,2,1,3,187,5,321,6,30,0,4,6,0,0,0,1,1,1,0,0,2,2,1,1,1,33,6,3,0,0,0,0,0,9,1,5
3,2,9,0,18,0,0,0,0,4,6,2,1,1,1,55,8,1991,1,17,1,3,2,432635,274114,23,2,3,3,294,3,46,3,70,0,4,6,0,0,0,6,2,2,0,0,2,1,2,2,1,24,5,3,0,0,2,0,0,9,1,5
3,1,19,0,18,9,0,0,0,7,0,1,1,6,1,25,5,1360,1,7,1,1,1,399766,867010,92,1,1,6,911,6,0,2,20,0,4,6,0,0,0,4,1,1,0,0,1,1,1,3,1,33,6,3,6,9,0,0,0,0,1,5
3,3,9,0,4,0,0,0,0,0,0,2,1,6,1,49,8,1598,1,8,1,1,3,413805,433260,13,3,1,7,200,6,0,6,30,0,4,6,0,0,0,1,1,1,0,0,1,1,1,1,1,33,6,3,0,0,0,0,0,9,1,5
3,2,9,0,18,0,8,0,0,0,0,2,1,6,1,57,9,1956,2,2,1,1,2,547789,207025,42,2,1,2,456,3,414,1,40,1,2,2,11,0,0,1,1,1,0,0,2,2,1,1,1,57,9,3,0,0,0,0,0,9,1,6
3,3,9,0,2,0,8,0,0,0,0,4,1,6,2,36,7,1598,1,8,1,2,3,358982,176602,52,3,2,7,601,4,4468,6,30,3,4,6,0,0,0,1,1,1,0,0,1,1,1,1,1,33,6,3,0,0,0,0,0,9,1,5
3,1,9,0,6,0,1,0,0,0,0,0,1,6,1,59,9,2191,2,1,1,2,6,221672,781877,91,6,2,6,927,3,82,3,60,3,4,6,0,0,0,1,2,2,0,0,2,1,1,1,1,33,6,3,0,0,0,0,0,9,1,5
3,1,9,0,9,0,8,0,0,0,0,4,1,6,1,44,7,1783,1,12,1,1,2,468931,173949,43,2,1,6,472,3,329,6,30,3,4,6,7201,0,5,1,1,1,0,0,1,1,1,1,1,33,6,3,0,0,0,0,0,9,1,5
3,1,9,0,18,0,0,0,0,0,0,1,1,6,1,44,7,3800,1,5,1,1,1,480512,169048,43,1,1,6,475,3,329,6,30,0,4,6,0,0,4,4,1,1,0,0,2,1,1,3,1,22,5,3,4,3,0,0,0,0,1,5
2,1,9,0,17,0,0,5,10,0,0,3,1,5,1,18,4,1390,1,14,3,1,1,333756,289448,22,1,1,7,286,4,4383,6,60,0,4,6,0,0,0,1,5,2,0,0,2,1,1,1,1,18,4,2,0,0,0,0,0,9,3,5
3,1,19,0,18,0,1,0,0,0,0,1,1,1,1,37,7,2143,2,1,1,2,2,244207,637503,97,2,2,4,919,4,7073,6,30,3,4,6,0,0,0,4,2,2,0,0,1,1,1,1,1,33,6,3,0,0,0,0,0,9,1,5
3,1,9,0,3,0,1,0,0,0,0,2,1,6,2,25,5,1299,1,10,3,2,2,326841,98435,50,2,2,4,580,3,35,6,60,3,4,6,0,0,0,1,2,2,0,0,2,1,1,1,2,25,5,3,0,0,0,0,0,9,3,7
3,1,19,0,13,0,1,0,0,0,0,4,1,6,3,38,7,1598,1,8,1,1,2,501808,450021,16,2,1,5,231,6,0,6,30,3,4,6,0,0,0,1,1,1,0,0,2,2,1,1,1,33,6,3,0,0,0,0,0,9,1,5
3,1,1,0,18,0,0,0,0,0,0,3,1,1,1,41,7,1598,1,8,1,1,2,434905,113228,44,2,1,3,496,3,336,6,30,0,4,6,0,0,0,1,1,2,0,0,1,2,1,1,1,41,7,3,0,0,0,0,0,1,1,10
2,1,9,0,18,0,1,0,0,3,10,1,1,6,2,82,11,1240,1,10,1,1,2,374280,441990,4,2,1,7,80,6,0,6,30,3,4,6,0,0,0,1,1,1,0,0,1,1,1,1,2,82,11,2,0,0,0,0,0,9,1,1
3,1,11,0,18,0,1,0,0,0,0,1,1,1,1,42,7,6700,2,4,1,5,2,552190,184000,1,2,5,7,15,5,0,6,30,3,4,6,0,0,0,4,1,1,0,0,1,1,4,2,1,33,6,3,0,0,0,3,0,11,1,5
3,2,9,0,18,0,1,0,0,0,0,3,1,6,1,46,8,1998,2,9,3,5,2,444230,373690,30,2,5,2,322,6,0,6,30,6,4,6,0,0,0,1,1,1,0,0,2,1,1,1,1,46,8,3,0,0,0,0,0,9,3,1
2,1,9,0,18,0,0,0,0,0,0,1,1,3,2,43,7,3456,8,5,1,1,2,329346,392066,5,2,1,2,95,6,0,6,30,0,4,6,0,0,0,1,2,2,0,0,1,1,1,1,1,33,6,3,0,0,0,0,0,9,1,5
2,2,9,0,18,0,1,0,0,0,0,1,1,6,1,41,7,2401,2,11,1,3,2,435937,572283,10,2,3,1,148,6,2186,6,30,3,4,6,2186,0,0,1,1,1,0,0,1,1,2,1,1,41,7,3,0,0,0,0,0,9,1,2
3,1,9,0,18,0,1,1,0,0,0,1,1,2,2,24,5,1390,1,11,2,1,3,626026,249368,37,3,1,4,415,3,12,1,60,1,4,4,1079,0,0,1,1,1,0,0,1,1,1,1,1,33,6,3,0,0,0,0,0,9,1,5
3,1,3,0,18,0,0,0,0,0,0,1,1,6,1,26,6,1598,1,8,1,1,2,521650,181430,1,2,1,5,11,6,0,6,30,0,4,6,0,0,0,1,1,1,0,0,1,2,1,1,1,26,6,3,0,0,0,0,0,3,1,5
3,2,9,0,18,0,0,0,0,0,0,1,1,6,2,40,7,1598,2,3,1,1,2,449542,384853,14,2,1,6,213,5,11,6,30,0,4,6,0,0,0,1,1,1,0,0,2,1,1,1,1,33,6,3,0,0,0,0,0,9,1,5
3,2,9,0,18,0,1,0,0,0,0,1,1,6,2,38,7,1598,1,8,1,3,2,332093,204428,61,2,3,4,732,3,4042,6,40,3,4,6,0,0,0,1,1,1,0,0,2,1,2,1,2,38,7,3,0,0,0,0,0,9,1,5
3,2,9,0,4,0,0,0,0,0,0,2,1,6,1,34,6,1995,2,1,1,1,3,396847,303534,21,3,1,2,254,1,6,3,70,0,4,6,0,0,0,4,1,1,0,0,2,1,1,1,1,33,6,3,0,0,0,0,0,9,1,5
3,1,11,0,5,0,0,0,0,0,0,0,1,1,1,35,6,4760,2,1,1,1,1,324170,673310,95,1,1,3,923,3,8,6,20,0,4,6,0,0,0,1,1,1,0,0,1,2,1,3,2,22,5,3,10,9,0,0,0,0,1,5
2,1,9,0,18,0,6,0,0,0,0,1,1,6,1,32,6,1598,1,8,1,1,2,274116,194880,62,2,1,7,745,6,0,6,30,6,4,6,0,0,0,4,1,2,0,0,1,1,1,1,1,33,6,3,0,0,0,0,0,9,1,5
3,1,9,0,18,0,1,0,0,0,0,1,1,6,3,38,7,1598,1,8,1,1,2,626098,231917,42,2,1,2,461,6,0,6,30,3,4,6,0,0,8,1,1,1,0,0,1,2,1,1,1,33,6,3,0,0,0,0,0,9,1,5
3,2,9,0,18,0,8,1,0,0,0,2,1,6,2,23,5,1398,2,8,1,1,3,399120,292370,20,3,1,1,305,4,4149,6,30,3,4,6,0,0,0,1,2,2,0,0,1,1,1,1,2,23,5,3,0,0,0,0,0,9,1,1
2,2,9,0,18,0,0,0,0,1,0,2,1,6,2,30,6,1598,1,8,1,6,4,323150,524700,3,4,6,5,60,3,66,6,60,0,4,6,0,0,0,1,1,1,0,0,2,1,5,2,2,41,7,3,0,0,1,0,0,9,1,4
3,2,9,0,18,0,0,1,10,1,10,2,1,6,2,33,6,1248,2,2,1,2,3,391460,303100,20,3,2,4,309,3,449,3,40,0,4,6,0,0,0,1,1,2,0,0,1,1,2,1,2,33,6,3,0,0,0,0,0,9,1,3
3,1,9,0,18,0,0,0,0,0,0,3,1,6,1,35,6,1956,2,1,2,4,2,620617,330517,36,2,4,1,405,3,140,6,60,0,4,6,0,0,0,1,1,1,0,0,2,1,4,2,2,34,6,3,0,0,1,0,0,9,2,6
3,2,9,0,18,0,8,0,0,0,0,4,1,6,2,23,5,1968,2,9,1,2,2,369360,409470,6,2,2,4,100,6,0,6,30,3,4,6,0,0,0,1,1,1,0,0,1,1,1,1,2,23,5,3,0,0,0,0,0,9,1,1
3,1,9,0,9,0,6,0,0,0,0,1,1,6,2,58,9,1968,2,5,1,1,2,377740,395620,6,2,1,5,112,5,0,6,30,7,4,6,0,0,0,4,1,1,0,0,1,1,1,1,1,33,6,3,0,0,0,0,0,9,1,5
2,2,9,0,10,0,1,0,0,0,0,3,1,6,2,22,5,1598,1,8,1,2,2,257454,372333,60,2,2,4,722,3,5,6,30,3,4,6,0,0,0,1,1,1,0,0,1,1,2,2,1,23,5,3,0,0,1,0,0,9,1,5
3,2,9,0,18,0,8,0,0,0,0,1,1,6,1,22,5,1896,2,7,1,5,2,460429,305262,33,2,5,5,364,3,47,6,30,6,2,5,1420,0,5,4,1,1,0,0,1,1,4,2,1,18,4,3,0,0,2,0,0,9,1,2
3,1,9,0,18,0,8,0,0,0,0,3,1,3,1,42,7,1995,1,10,1,1,2,548770,184510,1,2,1,6,16,5,0,6,30,6,4,6,0,0,0,1,1,1,0,0,1,2,1,1,1,42,7,3,0,0,0,0,0,9,1,2
3,1,9,0,18,0,0,0,0,0,0,1,1,6,1,27,6,1598,1,8,1,1,2,363515,180798,52,2,1,6,612,1,4,3,70,0,4,6,0,0,0,1,1,1,0,0,1,1,1,1,1,33,6,3,0,0,0,0,0,9,1,5
3,1,9,0,16,0,0,0,0,0,0,1,1,6,1,53,8,1995,2,3,3,2,2,374185,166049,52,2,2,6,611,6,0,6,30,0,4,6,0,0,0,1,1,1,0,0,1,1,1,1,1,53,8,3,0,0,0,0,0,9,3,10
2,2,9,0,18,0,0,0,0,7,0,1,1,6,1,80,11,1753,2,7,1,2,2,437840,451541,12,2,2,3,182,5,273,6,60,0,4,6,0,0,0,1,2,2,0,0,2,1,1,1,1,80,11,2,0,0,0,0,0,9,1,9
3,1,9,0,18,0,0,1,0,1,11,1,1,6,1,23,5,2000,1,5,3,3,1,333620,855899,92,1,3,3,930,6,0,6,60,0,4,6,0,0,0,6,2,2,7,0,2,1,3,2,2,18,4,3,0,0,2,0,0,9,3,5
3,1,11,0,5,0,8,0,0,0,0,3,1,1,1,48,8,9600,2,13,1,1,2,405537,439501,13,2,1,3,200,3,629,6,30,3,4,6,0,0,0,1,1,1,0,0,1,1,1,1,1,33,6,3,0,0,0,0,0,9,1,5
3,2,9,0,9,0,1,0,0,0,0,2,1,6,1,22,5,1368,1,3,3,1,2,339910,317910,22,2,1,4,286,3,5,6,60,1,4,3,5,0,0,4,1,1,0,0,2,1,1,1,1,22,5,3,0,0,0,0,0,9,3,6
3,1,21,1,18,0,0,0,0,0,0,0,1,1,1,51,8,10308,2,7,1,2,6,461748,399710,14,6,2,4,211,1,18,3,70,0,4,6,0,0,0,6,1,1,0,0,2,1,1,1,1,33,6,3,0,0,0,0,0,9,1,5
3,1,9,0,12,0,1,0,0,0,0,1,1,6,1,28,6,1956,2,1,1,1,2,442556,113188,44,2,1,7,500,3,335,6,30,3,4,6,0,0,0,1,1,2,0,0,1,1,1,1,1,33,6,3,0,0,0,0,0,9,1,5
3,1,9,0,9,0,8,0,0,0,0,1,1,6,1,50,8,1598,1,8,1,2,1,354080,422230,4,1,2,6,83,6,0,6,30,2,4,6,0,0,0,4,5,2,0,0,1,1,1,1,1,50,8,3,0,0,0,0,0,9,1,2
3,2,9,0,18,0,0,0,0,0,0,1,1,6,1,38,7,2143,2,1,1,1,3,540390,181760,1,3,1,7,17,3,13,3,50,0,4,6,0,0,0,4,1,1,0,0,1,2,1,1,1,33,6,3,0,0,0,0,0,9,1,5
3,2,1,0,18,0,0,0,0,0,0,1,1,6,2,39,7,1598,1,8,1,1,2,527130,169560,1,2,1,5,22,3,236,6,30,0,4,6,0,0,0,1,1,1,0,0,1,1,1,1,2,39,7,3,0,0,0,0,0,1,1,3
3,2,9,0,10,0,1,0,0,0,0,2,1,6,1,45,7,1997,2,8,1,1,2,554411,362831,32,2,1,2,351,3,52,6,50,3,4,5,548,0,0,1,2,2,0,0,2,1,1,1,1,33,6,3,0,0,0,0,0,9,1,5
3,2,11,0,8,0,1,0,0,0,0,1,1,1,1,24,5,1598,1,8,1,3,2,299450,528900,3,2,3,5,60,6,0,6,30,3,4,6,0,0,0,1,1,1,0,0,1,1,3,2,1,31,6,3,0,0,0,4,0,11,2,8
3,2,3,0,18,0,1,0,0,0,0,4,1,2,2,54,8,1598,1,8,3,1,2,270281,212679,62,2,1,6,743,6,0,6,30,3,4,3,4069,0,0,1,1,1,0,0,2,1,2,1,2,54,8,3,0,0,0,0,0,3,3,5
3,2,9,0,2,0,2,0,0,0,0,3,1,6,1,63,9,1686,2,14,1,1,5,369740,427820,4,5,1,4,70,3,679,6,30,3,4,6,0,0,0,1,1,1,0,0,1,1,1,1,1,33,6,3,0,0,0,0,0,9,1,5
3,1,9,0,18,0,8,0,0,0,0,1,1,6,1,41,7,1598,1,8,1,2,2,545270,183310,1,2,2,1,16,5,0,3,30,6,2,3,13,0,5,1,1,1,0,0,1,1,1,1,1,41,7,3,0,0,0,0,0,9,1,3
3,1,9,0,18,0,0,0,0,0,0,1,1,6,1,20,4,1598,1,8,1,1,1,285154,378784,60,1,1,1,721,3,547,6,30,0,4,6,0,0,0,4,1,1,0,0,1,1,1,3,2,21,5,3,9,5,0,0,0,0,1,5
3,2,11,0,18,0,0,0,0,0,0,3,1,1,1,56,9,4500,2,4,1,1,4,401220,288840,20,4,1,1,305,6,0,6,30,0,4,6,0,0,0,1,1,1,0,0,1,1,1,1,1,56,9,3,0,0,0,0,0,11,1,4
3,2,9,0,18,0,1,0,0,0,0,1,1,6,1,30,6,1598,1,8,1,3,2,424970,338060,30,2,3,1,328,5,2,6,40,8,4,6,0,0,0,1,1,1,0,0,2,2,2,1,1,30,6,3,0,0,0,0,0,9,1,2
3,1,11,0,18,0,1,0,0,0,0,0,1,1,2,43,7,9000,2,6,1,1,1,557230,173330,46,1,1,3,532,3,296,6,40,3,2,6,0,0,0,1,1,1,0,0,2,1,1,2,1,73,10,3,0,0,0,4,0,11,1,4
3,1,9,0,18,0,2,0,0,0,0,1,1,6,1,50,8,2000,1,9,1,1,1,532780,168200,1,1,1,5,20,3,212,6,30,3,4,4,266,0,1,4,1,1,0,0,1,1,1,3,2,36,7,3,4,1,0,0,2,0,1,5
3,1,9,0,18,0,1,0,0,0,0,1,1,6,1,29,6,1390,1,14,1,1,1,407370,281620,20,1,1,5,300,3,435,6,30,3,2,4,4122,0,5,1,8,1,0,0,1,1,1,3,1,12,3,3,4,2,0,0,0,0,1,2
3,4,9,0,4,0,0,0,0,0,0,2,1,6,2,32,6,1598,1,8,1,2,4,573250,166130,46,4,2,4,544,1,2,3,70,0,4,6,0,0,0,4,1,1,0,0,2,1,1,1,2,32,6,3,0,0,0,0,0,9,1,4
3,1,9,0,9,0,6,0,0,0,0,3,1,6,2,34,6,1598,1,2,3,2,2,482327,234957,43,2,2,7,479,5,8006,6,60,3,4,6,1034,0,0,4,1,1,0,0,2,1,1,1,2,34,6,3,0,0,0,0,0,9,3,10
3,2,9,0,8,0,6,0,0,0,0,3,1,6,1,49,8,2979,1,7,1,1,2,249705,60145,50,2,1,6,583,3,386,6,40,8,4,6,0,0,0,4,1,2,0,0,1,1,1,1,1,33,6,3,0,0,0,0,0,9,1,5
3,2,9,0,8,0,1,0,0,0,0,2,1,2,1,35,6,1360,1,12,1,1,2,384950,259250,22,2,1,2,276,3,449,3,70,1,4,3,449,0,0,1,1,1,0,0,2,2,1,1,1,35,6,3,0,0,0,0,0,9,1,3
3,1,3,0,15,0,1,0,0,0,0,1,1,6,1,47,8,125,1,7,1,1,2,535880,190700,1,2,1,3,13,4,179,6,30,6,4,6,0,0,0,1,1,1,0,0,1,1,1,1,1,47,8,3,0,0,0,0,0,3,1,2
2,2,9,0,18,0,1,0,0,0,0,3,1,6,2,66,10,1390,1,1,3,4,2,471497,166640,43,2,4,3,475,4,3349,6,40,3,4,4,3349,0,0,1,1,1,0,0,2,1,3,1,2,66,10,3,0,0,0,0,0,9,3,9
3,2,9,0,2,0,0,0,0,0,11,2,1,6,2,22,5,1199,2,4,1,1,2,389905,142006,54,2,1,5,635,5,10,6,30,0,4,6,0,0,0,1,1,1,0,0,2,1,1,1,1,33,6,3,0,0,0,0,0,9,1,5
3,2,9,0,18,0,1,0,0,0,0,1,1,6,1,76,11,1596,1,1,1,1,2,264191,664901,97,2,1,2,926,6,0,6,30,9,4,6,0,0,0,1,1,1,0,0,1,2,1,1,1,76,11,3,0,0,0,0,0,9,1,5
2,1,1,0,16,0,0,0,0,0,0,1,1,6,1,26,6,1598,1,8,1,1,2,530910,174310,1,2,1,6,9,6,0,6,30,0,4,6,0,0,0,1,1,1,0,0,1,1,1,1,1,26,6,2,0,0,0,0,0,1,1,4
3,2,9,0,2,0,0,0,0,0,0,1,1,6,2,33,6,1242,1,15,1,1,2,370440,313240,22,2,1,6,284,6,0,6,30,0,4,6,0,0,8,1,2,2,0,0,1,1,1,1,2,33,6,3,0,0,0,0,0,9,1,2
3,2,9,0,2,0,0,0,0,1,10,2,1,6,1,58,9,1598,1,3,1,1,2,340910,408130,4,2,1,7,84,3,59,6,40,0,4,6,0,0,0,4,1,2,0,0,1,1,1,1,1,58,9,3,0,0,0,0,0,9,1,6
2,1,2,0,17,0,0,0,4,0,0,1,1,6,1,44,7,49,1,12,1,1,3,470046,173781,43,3,1,2,472,6,7201,6,30,0,4,6,0,0,0,1,1,1,0,0,1,1,1,1,1,44,7,2,0,0,0,0,0,2,1,4
3,2,9,0,18,0,1,0,0,0,0,4,1,6,1,43,7,1896,2,11,1,2,2,368770,430140,4,2,2,6,70,3,666,6,30,3,4,6,0,0,0,1,1,1,0,0,1,1,2,2,1,11,3,3,0,0,2,0,0,9,1,2
2,1,9,0,18,0,0,0,0,0,0,4,1,6,2,48,8,1397,1,7,1,2,1,342841,386847,5,1,2,4,91,6,0,6,30,0,4,6,0,0,0,1,1,1,0,0,1,1,1,3,2,70,10,2,7,1,0,0,0,0,1,1
3,1,21,0,12,0,1,0,0,0,0,0,1,6,3,38,7,1598,1,8,1,1,2,540118,199614,42,2,1,6,456,1,25,3,70,9,4,6,0,0,0,1,1,1,0,0,2,1,1,1,1,33,6,3,0,0,0,0,0,9,1,5
3,1,90,0,9,0,5,0,0,8,10,2,1,1,1,70,10,1598,1,8,2,2,2,351530,274670,22,2,2,7,286,6,0,6,30,3,4,6,0,0,0,4,1,2,0,0,1,1,1,1,1,70,10,3,0,0,0,0,0,90,2,9
3,1,9,0,9,0,6,0,0,0,0,1,1,1,2,28,6,1461,2,5,2,1,2,369478,563490,10,2,1,5,139,3,69,6,60,3,4,4,6322,0,8,4,1,2,0,0,2,1,1,1,1,33,6,3,0,0,0,0,0,9,1,5
3,2,9,0,18,0,0,0,0,0,0,2,1,6,2,70,10,1796,1,12,3,1,2,329991,133283,52,2,1,1,607,1,5,3,70,0,4,6,0,0,0,6,7,2,0,0,2,1,1,1,1,33,6,3,0,0,0,0,0,9,1,5
3,3,9,0,2,0,2,0,0,0,0,2,1,6,3,38,7,1796,1,9,1,2,3,526490,192470,1,3,2,4,30,5,0,6,30,3,4,6,0,0,0,1,1,1,0,0,1,1,1,1,1,33,6,3,0,0,0,0,0,9,1,5
3,1,9,0,1,0,6,0,0,0,0,2,1,2,2,36,7,1242,1,16,1,1,2,380139,355909,7,2,1,4,129,6,0,6,30,8,4,6,0,0,0,1,1,1,0,0,1,1,1,1,1,33,6,3,0,0,0,0,0,9,1,5
3,1,9,0,18,0,0,0,0,0,0,3,1,1,1,49,8,1991,2,10,1,1,1,395855,221702,53,1,1,6,620,6,145,2,30,0,4,6,0,0,0,1,1,1,0,0,1,1,1,3,1,5,1,3,6,7,0,0,0,0,1,6
3,2,9,0,14,0,0,0,4,0,0,1,1,6,1,34,6,1242,1,1,1,2,3,402170,279420,20,3,2,7,300,6,0,6,30,0,4,6,0,0,0,1,1,1,0,0,1,1,1,1,1,34,6,3,0,0,0,0,0,9,1,2
3,2,9,0,18,0,0,0,0,0,0,2,1,6,2,32,6,1198,1,10,1,2,2,402490,287400,20,2,2,2,305,3,4092,6,30,0,4,6,0,0,0,4,2,2,0,0,1,2,1,1,2,32,6,3,0,0,0,0,0,9,1,1
3,1,9,0,9,0,8,0,0,0,0,3,1,2,1,49,8,1242,1,1,2,1,2,339932,671996,95,2,1,2,921,4,6414,6,40,9,2,6,0,0,5,1,1,2,0,0,1,1,1,1,1,49,8,3,0,0,0,0,0,9,2,5
3,1,9,0,18,0,1,0,0,0,0,1,1,6,1,61,9,1598,1,8,2,1,3,604089,223144,42,3,1,5,455,4,1028,6,30,3,4,6,0,0,5,1,1,1,0,0,2,1,1,1,1,33,6,3,0,0,0,0,0,9,1,5
3,2,9,0,18,0,0,0,0,4,0,2,1,1,1,57,9,1499,2,8,1,1,3,416209,313051,21,3,1,7,252,3,38,3,70,0,4,6,0,0,0,1,1,1,0,2,2,2,1,1,1,57,9,3,0,0,0,0,0,9,1,5
3,1,9,0,6,0,0,0,0,0,0,3,1,6,1,48,8,1598,1,8,1,1,2,410339,415073,13,2,1,4,203,3,62,6,30,0,4,6,0,0,0,1,1,1,0,0,1,1,1,1,1,33,6,3,0,0,0,0,0,9,1,5
3,1,9,0,16,0,0,2,0,7,0,4,1,6,2,50,8,1597,1,11,1,5,2,530630,117521,47,2,5,7,563,3,273,6,60,0,4,6,0,0,0,1,1,1,0,0,2,1,1,1,2,50,8,3,0,0,0,0,0,9,1,10
3,5,19,0,18,0,8,0,0,0,0,1,2,1,1,44,7,1598,1,8,1,3,5,381180,404960,6,5,3,6,101,1,60,3,50,5,4,1,60,0,0,1,1,1,4,0,1,1,1,1,1,33,6,3,0,0,0,0,0,9,1,5
3,1,11,0,4,0,0,0,0,0,0,4,1,1,2,31,6,1598,1,8,1,1,1,421958,567587,10,1,1,4,147,3,191,3,30,0,4,6,0,0,0,1,1,1,0,0,1,1,1,3,1,12,3,3,5,1,0,0,0,0,1,5
3,1,9,0,18,0,0,0,0,0,0,4,1,6,1,28,6,1388,1,11,1,1,1,350682,395927,5,1,1,6,92,6,0,6,30,0,4,6,0,0,0,1,1,1,0,0,1,1,1,3,2,14,3,3,5,3,0,0,0,0,1,1
3,2,9,0,18,0,1,0,0,0,0,3,1,6,1,78,11,1984,1,8,3,1,2,537291,157952,45,2,1,3,516,4,269,6,60,3,4,6,0,0,0,6,1,1,0,0,2,1,1,1,1,33,6,3,0,0,0,0,0,9,1,5
3,1,9,0,18,0,0,0,0,0,0,4,1,6,1,38,7,1597,1,10,1,1,1,415646,435095,13,1,1,4,200,6,0,6,30,0,4,6,0,0,0,5,5,2,0,0,1,2,1,3,1,17,4,3,5,1,0,0,0,0,1,3
3,2,8,0,18,0,3,1,0,0,0,1,1,6,1,49,8,1598,1,8,1,2,2,440931,457287,12,2,2,5,182,3,59,1,60,1,4,2,1,0,0,1,1,1,0,0,2,1,1,1,1,49,8,3,0,0,0,0,0,8,1,4
3,2,9,0,3,0,1,0,0,0,0,2,1,6,2,37,7,1995,2,10,1,3,4,530300,170510,1,4,3,3,9,3,23,6,30,3,4,6,0,0,0,1,1,2,0,0,1,1,3,2,2,40,7,3,0,0,2,0,0,9,1,2
3,2,9,0,2,0,1,0,0,0,0,1,1,6,3,38,7,1560,2,4,1,2,2,349877,393478,5,2,2,6,92,6,0,9,20,8,4,6,0,0,0,4,2,2,0,0,1,1,1,3,1,43,7,3,10,9,0,0,0,0,1,2
3,2,90,0,2,0,1,0,0,0,0,1,1,1,1,20,4,1598,1,8,1,2,2,312560,677650,95,2,2,1,923,3,904,7,30,1,2,3,90,0,5,1,1,1,4,0,2,1,1,1,1,20,4,3,0,0,0,0,0,90,1,5
3,1,90,0,18,0,1,0,0,0,0,1,1,6,1,48,8,1598,1,8,1,1,2,331360,435760,4,2,1,7,71,4,5390,6,30,6,2,6,0,0,0,1,1,1,0,0,1,1,1,1,1,33,6,3,0,0,0,0,0,9,1,5
3,2,19,0,16,0,8,0,0,0,0,1,1,1,1,25,5,2148,2,8,1,1,2,529810,180400,1,2,1,3,1,3,4,2,30,3,2,3,4,0,5,4,1,1,0,0,1,1,1,1,1,33,6,3,0,0,0,0,0,9,1,5
3,2,9,0,2,0,8,0,0,0,0,1,1,6,3,38,7,1598,1,9,1,1,2,367724,183856,52,2,1,2,612,4,4059,6,30,6,2,4,4058,0,0,4,1,1,0,0,2,1,1,1,1,33,6,3,0,0,0,0,0,9,1,5
2,1,9,0,9,0,2,0,0,0,0,1,1,6,1,21,5,1197,1,4,3,1,1,518209,104417,47,1,1,6,557,6,0,6,30,3,4,6,0,0,0,4,1,1,0,0,1,1,1,3,1,20,4,2,5,3,0,0,0,0,1,2
3,4,9,0,18,0,0,0,0,0,0,1,1,6,2,38,7,1995,2,2,1,3,4,468284,104689,44,4,3,1,498,3,27,3,70,0,4,6,0,0,0,1,1,1,0,0,2,1,1,1,1,33,6,3,0,0,0,0,0,9,1,5
2,1,3,0,4,0,1,1,0,0,0,0,1,6,1,29,6,125,1,11,3,1,2,567666,202225,42,2,1,6,454,4,1002,6,40,1,4,3,1016,0,0,1,1,1,0,0,2,1,1,1,1,29,6,2,0,0,0,0,0,3,3,6
3,1,9,0,18,0,0,2,10,7,0,1,1,6,2,22,5,1242,1,9,1,5,2,336662,673353,95,2,5,1,921,4,1348,6,60,0,4,6,0,0,0,1,1,1,0,7,2,1,1,1,2,22,5,3,0,0,0,0,0,9,1,5
3,1,9,0,18,0,8,0,0,0,0,4,1,6,2,44,7,1339,1,10,1,2,2,526780,181810,1,2,2,2,1,6,0,6,30,8,4,6,0,0,0,1,1,1,0,0,1,1,2,2,2,51,8,3,0,0,1,0,0,9,1,4
3,1,9,0,12,0,0,5,0,0,0,3,1,2,2,24,5,1229,1,2,1,1,3,399420,298790,20,3,1,3,307,3,454,3,30,0,4,6,0,0,5,1,1,1,0,0,2,1,1,1,1,33,6,3,0,0,0,0,0,9,1,5
3,1,9,0,7,0,2,0,0,0,0,1,1,6,1,38,7,1995,2,10,1,1,1,526300,186260,1,1,1,1,2,3,502,6,30,6,2,5,0,0,5,1,1,1,0,0,1,2,1,3,2,70,10,3,1,3,0,0,2,0,1,8
3,3,9,0,3,0,1,0,0,0,0,1,1,6,2,31,6,1796,1,7,1,9,3,342999,383781,5,3,9,2,91,6,0,3,30,6,4,6,0,0,0,1,1,1,0,0,1,1,7,1,2,31,6,3,0,0,0,0,0,9,1,7