accident_severity,vehicle_reference,vehicle_type,towing_and_articulation,vehicle_manoeuvre,vehicle_location-restricted_lane,junction_location,skidding_and_overturning,hit_object_in_carriageway,vehicle_leaving_carriageway,hit_object_off_carriageway,1st_point_of_impact,was_vehicle_left_hand_drive?,journey_purpose_of_driver,sex_of_driver,age_of_driver,age_band_of_driver,engine_capacity_(cc),propulsion_code,age_of_vehicle,driver_home_area_type,NUmber_of_Casualities_unique_to_accident_index,No_of_Vehicles_involved_unique_to_accident_index,location_easting_osgr,location_northing_osgr,police_force,number_of_vehicles,number_of_casualties,day_of_week,local_authority_(district),1st_road_class,1st_road_number,road_type,speed_limit,junction_detail,junction_control,2nd_road_class,2nd_road_number,pedestrian_crossing-human_control,pedestrian_crossing-physical_facilities,light_conditions,weather_conditions,road_surface_conditions,special_conditions_at_site,carriageway_hazards,urban_or_rural_area,did_police_officer_attend_scene_of_accident,casualty_reference,casualty_class,sex_of_casualty,age_of_casualty,age_band_of_casualty,casualty_severity,pedestrian_location,pedestrian_movement,car_passenger,bus_or_coach_passenger,pedestrian_road_maintenance_worker,casualty_type,casualty_home_area_type,casualty_imd_decile
3,1,9,0,2,0,8,0,0,0,0,2,1,6,2,37,7,1390,1,11,1,4,2,532350,197110,1,2,4,1,32,5,0,6,30,5,4,6,0,0,0,4,1,1,0,0,1,1,4,2,1,15,3,3,0,0,2,0,0,9,1,8
3,2,9,0,18,0,1,0,0,0,0,4,1,6,1,60,9,2993,2,12,3,1,2,600286,259133,37,2,1,6,413,5,433,6,60,3,4,5,433,0,0,1,1,1,0,0,2,1,1,1,1,33,6,3,0,0,0,0,0,9,1,5
3,3,9,0,18,0,0,0,0,5,6,4,1,6,2,40,7,2495,2,18,1,2,4,584610,153210,46,4,2,2,536,1,20,3,70,0,4,6,0,0,0,1,1,1,0,0,2,1,2,2,1,15,3,3,0,0,1,0,0,9,1,2
3,1,9,0,18,0,1,0,0,0,0,1,1,6,3,38,7,1598,1,8,1,1,2,299339,380618,60,2,1,1,721,3,548,6,30,3,4,6,0,0,0,4,1,1,0,0,1,2,1,1,1,33,6,3,0,0,0,0,0,9,1,5
3,2,9,0,18,0,8,0,0,0,0,2,1,6,2,23,5,1796,1,15,1,1,2,498202,184160,43,2,1,3,477,4,416,6,30,3,4,6,966,0,0,1,4,1,0,0,1,1,1,1,2,23,5,3,0,0,0,0,0,9,1,8
3,1,19,0,17,0,8,0,0,0,0,2,1,6,1,36,7,1461,2,3,1,1,2,526890,174860,1,2,1,3,10,3,3,6,30,3,4,6,0,0,0,1,1,1,0,0,1,1,1,1,1,36,7,3,0,0,0,0,0,19,1,4
3,1,9,0,4,0,0,2,0,1,0,3,1,6,2,22,5,1598,1,8,1,1,1,589780,159700,46,1,1,5,540,1,2,3,70,0,4,6,0,0,0,6,1,2,0,0,2,1,1,1,2,22,5,3,0,0,0,0,0,9,1,1
2,2,1,0,18,0,0,0,0,0,0,2,1,2,1,45,7,1598,1,8,3,1,2,518660,299210,35,2,1,3,394,3,15,3,40,0,4,6,0,0,0,4,1,1,0,0,1,1,1,1,1,45,7,2,0,0,0,0,0,1,3,4
3,1,9,0,18,0,0,0,0,0,0,0,1,6,1,38,7,1598,1,8,1,1,1,331032,188117,61,1,1,7,733,6,0,6,30,0,4,6,0,0,0,4,1,1,0,0,1,1,1,3,2,17,4,3,10,9,0,0,0,0,1,5
3,1,1,0,4,0,0,0,0,0,0,2,1,2,1,22,5,1598,1,8,1,1,2,541700,185300,1,2,1,6,17,3,118,6,30,0,4,6,0,0,0,1,1,1,0,0,1,1,1,1,1,22,5,3,0,0,0,0,0,1,1,3
3,3,9,0,18,0,0,0,0,0,0,2,1,6,2,18,4,1242,1,3,1,2,3,506835,157980,45,3,2,4,511,3,3,3,30,0,4,6,0,0,0,1,1,1,0,0,2,1,2,2,2,59,9,3,0,0,0,0,0,9,2,7
3,4,9,0,4,0,0,0,0,0,0,2,1,6,2,39,7,1995,2,4,3,1,4,590200,159470,46,4,1,7,540,1,2,3,70,0,4,6,0,0,0,1,1,1,0,0,2,1,1,1,1,33,6,3,0,0,0,0,0,9,1,5
3,2,19,0,9,0,8,0,0,0,0,4,1,6,1,49,8,1598,1,8,1,1,2,519880,184300,1,2,1,6,28,3,404,3,30,6,2,3,406,0,5,1,1,1,0,0,1,1,1,1,1,33,6,3,0,0,0,0,0,9,1,5
3,1,19,0,5,0,1,0,0,0,0,4,1,1,1,43,7,1248,2,3,1,1,1,340847,366966,7,1,1,6,130,6,0,6,30,3,4,6,0,0,1,1,4,1,0,0,1,1,1,3,1,39,7,3,4,1,0,0,0,0,1,4
3,2,9,0,18,0,0,0,0,0,0,0,1,1,1,38,7,1956,2,3,1,1,2,408799,288817,20,2,1,1,300,6,0,1,40,0,4,6,0,0,0,4,1,1,0,0,1,1,1,1,1,33,6,3,0,0,0,0,0,9,1,5
3,2,1,0,18,0,8,0,0,0,0,4,1,6,1,33,6,1598,1,8,1,1,2,360163,186862,52,2,1,3,612,6,0,6,30,6,4,6,0,0,0,1,1,1,0,0,2,1,1,1,1,33,6,3,0,0,0,0,0,1,1,3
3,1,9,0,4,0,8,0,0,0,0,1,1,1,1,64,9,1598,1,8,1,1,1,516220,182230,1,1,1,5,27,4,455,6,30,2,4,6,0,0,0,1,1,1,0,0,1,1,1,3,2,17,4,3,5,1,0,0,2,0,1,4
3,1,9,0,4,0,0,1,0,0,0,1,1,6,1,18,4,1242,1,15,1,1,2,280305,78279,50,2,1,1,585,4,3387,6,60,0,4,6,0,0,0,1,1,1,0,0,2,1,1,2,2,27,6,3,0,0,1,0,0,9,1,10
3,1,9,0,5,0,6,0,0,0,0,1,1,6,1,22,5,1360,1,14,3,1,2,558430,245250,35,2,1,7,395,5,244,6,30,6,4,5,240,0,0,4,1,1,0,0,2,1,1,1,1,33,6,3,0,0,0,0,0,9,1,5
3,1,9,0,11,0,1,1,0,0,0,1,1,2,1,46,8,1870,2,10,1,1,3,557150,111170,47,3,1,6,556,3,22,1,70,1,4,3,22,0,0,4,1,1,0,0,2,1,1,1,1,33,6,3,0,0,0,0,0,9,1,5
3,1,9,0,7,0,3,0,0,0,0,4,1,6,2,23,5,1598,1,11,1,1,2,393880,289140,20,2,1,5,303,3,461,1,30,1,4,6,0,0,0,1,1,1,0,0,1,2,1,1,2,23,5,3,0,0,0,0,0,9,1,2
3,2,9,0,9,0,5,0,0,0,0,1,1,6,2,49,8,1086,1,13,1,4,2,458597,301739,33,2,4,4,364,4,5366,6,30,6,2,5,1606,0,5,1,1,1,0,0,1,1,3,2,1,24,5,3,0,0,2,0,0,9,1,1
2,1,19,0,18,0,1,0,0,0,0,1,1,2,1,46,8,1995,2,5,1,1,1,360090,405310,6,1,1,2,114,3,577,6,30,3,4,6,0,0,4,1,1,1,0,0,1,1,1,3,2,50,8,2,1,1,0,0,0,0,1,5
3,2,9,0,2,0,0,0,0,1,0,2,1,6,1,38,7,1242,1,14,1,1,5,521180,177500,1,5,1,6,25,3,316,6,30,0,4,6,0,0,0,1,1,1,0,0,1,1,1,1,1,33,6,3,0,0,0,0,0,9,1,5
3,1,21,0,11,0,0,0,0,0,0,4,1,6,3,38,7,1598,1,8,1,2,2,546100,155470,46,2,2,7,538,1,25,3,70,0,4,6,0,0,0,1,1,1,0,0,2,2,1,1,1,33,6,3,0,0,0,0,0,9,1,5
3,2,19,0,18,0,8,0,0,0,0,4,1,1,1,58,9,1598,1,8,1,2,2,259577,193369,62,2,2,2,745,6,0,6,30,3,4,6,0,0,0,1,1,1,0,0,1,1,2,1,1,58,9,3,0,0,0,0,0,19,1,5
3,1,9,0,18,0,0,0,0,0,0,0,1,6,3,38,7,1598,1,8,1,1,2,463530,116955,44,2,1,1,502,4,2150,6,60,0,4,6,0,0,0,1,1,1,0,0,2,1,1,1,1,33,6,3,0,0,0,0,0,9,1,5
2,1,9,0,15,0,0,0,0,0,0,4,1,6,1,46,8,2993,2,1,1,1,1,411800,282680,20,1,1,5,300,4,4514,3,30,0,4,6,0,0,0,1,1,1,0,0,1,1,1,3,1,12,3,2,5,1,0,0,0,0,1,1
3,2,9,0,3,0,1,0,0,0,0,2,1,6,2,63,9,1197,1,4,1,1,2,507187,125661,47,2,1,7,562,4,2113,6,40,3,4,3,272,0,0,1,1,1,0,0,2,2,1,1,2,63,9,3,0,0,0,0,0,9,3,10
3,1,3,0,18,0,8,0,0,0,0,1,1,6,1,23,5,125,1,3,1,1,2,541300,177070,1,2,1,2,6,3,207,6,30,3,4,6,0,0,0,4,5,2,0,0,1,1,1,1,1,23,5,3,0,0,0,0,0,3,1,3
3,1,9,0,9,0,8,1,0,3,11,1,1,6,1,24,5,2490,1,19,1,4,2,290633,63913,50,2,4,3,587,6,0,6,30,7,2,6,0,0,5,4,2,2,0,0,1,1,1,1,1,24,5,3,0,0,0,0,0,9,1,3
3,1,9,0,5,0,5,0,0,0,0,1,1,6,1,59,9,1198,1,5,1,1,1,326510,676680,95,1,1,5,923,6,0,9,30,6,2,3,901,0,4,1,1,1,0,0,1,1,1,3,1,43,7,3,9,5,0,0,0,0,1,5
3,2,9,0,18,0,1,0,0,0,0,4,1,6,1,40,7,1997,2,14,1,1,2,385140,434130,4,2,1,2,72,6,0,6,20,9,4,6,0,0,0,1,9,2,0,0,1,1,1,1,1,33,6,3,0,0,0,0,0,9,1,5
3,1,9,0,18,0,0,0,0,0,0,2,1,6,1,76,11,1598,1,8,1,2,2,299633,194452,62,2,2,7,744,3,4058,6,30,0,4,6,0,0,4,1,1,1,0,0,1,1,1,1,1,76,11,3,0,0,0,0,0,9,1,5
3,2,9,0,18,0,0,0,0,0,0,2,1,6,1,26,6,1242,1,3,1,3,2,525496,199938,41,2,3,5,33,1,25,3,70,0,4,6,0,0,0,6,2,2,0,0,2,1,3,2,2,27,6,3,0,0,2,0,0,9,1,1
3,1,9,0,18,0,0,0,0,1,11,1,1,6,1,64,9,1598,1,8,1,2,1,279303,356564,60,1,2,4,721,3,5,6,30,0,4,6,0,0,0,1,1,1,0,0,2,1,2,2,1,32,6,3,0,0,1,0,0,9,1,5
2,2,17,0,1,0,0,0,0,1,11,4,1,1,1,50,8,1598,1,8,1,1,2,414462,412465,13,2,1,5,203,6,0,6,30,0,4,6,0,0,0,1,1,1,0,0,1,1,1,1,1,50,8,2,0,0,0,0,0,17,1,3
3,2,5,0,13,0,0,0,0,0,0,4,1,6,1,67,10,1261,1,13,3,1,2,410669,415366,13,2,1,3,203,3,62,6,30,0,4,6,0,0,0,1,1,1,0,0,1,2,1,1,1,67,10,3,0,0,0,0,0,5,3,6
3,3,9,0,18,0,1,0,0,0,0,1,1,2,2,55,8,999,1,8,1,3,3,518983,158437,45,3,3,5,512,3,24,6,30,3,4,6,0,0,0,1,1,1,0,0,2,1,3,1,2,55,8,3,0,0,0,0,0,9,1,10
3,1,9,0,18,0,1,0,0,0,0,1,1,6,1,21,5,1242,1,14,1,2,3,544880,188290,1,3,2,3,14,3,12,3,30,3,2,6,0,0,5,4,1,1,0,0,1,1,2,2,1,9,2,3,0,0,1,0,0,9,1,5
3,2,9,0,9,0,8,0,0,0,0,4,1,6,1,35,6,1360,1,12,1,2,2,409775,289498,20,2,2,6,300,4,4137,1,40,1,4,6,0,0,0,4,2,2,0,0,1,2,1,1,1,35,6,3,0,0,0,0,0,9,1,4
3,1,9,0,3,0,0,0,0,0,0,2,1,6,2,48,8,1896,2,10,3,2,3,433374,399055,14,3,2,4,210,3,616,6,60,0,4,6,0,0,0,1,1,1,0,0,2,1,1,1,1,33,6,3,0,0,0,0,0,9,1,5
3,2,5,0,18,0,8,0,0,0,0,1,1,6,1,50,8,1200,1,18,1,2,2,422053,425226,13,2,2,4,203,3,62,6,30,6,2,4,6122,0,0,1,1,1,0,0,1,1,2,1,1,50,8,3,0,0,0,0,0,5,1,3
3,2,1,0,18,0,1,0,0,0,0,4,1,6,1,40,7,1598,1,8,1,1,2,252270,201620,63,2,1,7,751,4,4303,6,30,9,4,6,0,0,0,1,1,1,0,0,1,1,1,1,1,40,7,3,0,0,0,0,0,1,1,5
3,1,9,0,18,0,3,0,0,0,0,1,1,6,1,49,8,1198,1,6,1,1,1,512072,103399,47,1,1,4,564,6,0,1,30,1,4,6,0,0,8,4,1,1,0,0,1,2,1,3,1,20,4,3,5,3,0,0,0,0,1,2
3,3,9,0,9,0,8,0,0,0,0,3,1,6,1,72,10,1422,2,12,3,2,3,203279,75490,50,3,2,7,596,3,39,6,60,3,4,6,0,0,0,6,1,2,0,0,2,1,1,1,1,33,6,3,0,0,0,0,0,9,1,5
3,1,9,0,18,0,0,0,0,0,0,1,1,6,2,44,7,1968,2,9,1,1,2,418372,433980,13,2,1,1,200,3,6177,6,30,0,4,6,0,0,0,4,1,1,0,0,1,1,1,1,2,44,7,3,0,0,0,0,0,9,1,1
3,1,9,0,9,0,8,0,7,0,0,4,1,6,2,41,7,1240,1,10,1,3,2,408840,282790,20,2,3,1,300,4,4217,6,30,6,2,6,0,0,8,1,2,2,0,0,1,1,1,2,2,42,7,3,0,0,1,0,0,9,1,6
3,1,9,0,9,0,6,0,0,0,0,1,1,6,1,27,6,1896,2,13,3,2,2,360390,223710,22,2,2,4,285,6,0,6,30,3,4,6,0,0,0,1,1,1,0,0,1,1,1,1,1,27,6,3,0,0,0,0,0,9,3,5
2,2,1,0,9,0,8,0,0,0,0,4,1,6,1,40,7,1598,1,8,1,1,2,493866,168362,43,2,1,1,474,3,329,1,40,1,4,4,3020,0,0,1,1,1,0,0,1,1,1,1,1,40,7,2,0,0,0,0,0,1,1,8
3,1,1,0,15,0,8,0,0,0,0,3,1,6,1,24,5,1598,1,8,1,1,2,531970,178870,1,2,1,3,8,3,3,1,30,1,2,3,215,0,5,4,1,1,0,0,1,1,1,1,1,24,5,3,0,0,0,0,0,1,1,2
3,1,16,0,1,0,0,5,0,0,0,0,1,6,1,21,5,1598,1,8,1,2,2,558504,106040,47,2,2,6,556,6,0,6,60,0,4,6,0,0,7,1,1,1,0,0,2,1,2,1,1,21,5,3,0,0,0,0,0,16,1,6
3,1,1,0,5,0,8,0,0,0,0,3,1,6,1,31,6,1598,1,8,1,1,2,503236,486905,12,2,1,3,186,6,510,6,30,3,4,3,64,0,0,1,1,1,0,0,1,2,1,1,1,31,6,3,0,0,0,0,0,1,1,2
3,1,1,0,7,0,8,0,0,0,0,1,1,6,1,26,6,1598,1,8,1,1,2,327190,670740,95,2,1,3,923,3,701,6,30,3,2,3,772,0,5,1,1,1,0,0,1,2,1,1,1,26,6,3,0,0,0,0,0,1,1,5
3,1,3,0,18,0,8,0,10,3,10,1,1,6,1,23,5,124,1,9,1,2,2,524340,175900,1,2,2,5,11,3,219,6,30,3,4,6,0,0,4,1,1,1,0,0,1,1,1,1,1,23,5,3,0,0,0,0,0,3,1,5
3,3,9,0,18,0,0,0,0,0,0,2,1,6,2,38,7,1995,2,5,1,2,3,611890,167130,46,3,2,7,531,4,2205,6,30,0,4,6,0,0,1,1,1,1,0,0,1,2,2,1,2,38,7,3,0,0,0,0,0,9,1,2
3,1,9,0,9,0,8,0,0,0,0,4,1,6,1,22,5,1229,1,10,1,1,2,573310,154770,46,2,1,5,536,3,26,6,30,6,2,6,0,0,5,4,1,1,0,0,1,1,1,1,1,33,6,3,0,0,0,0,0,9,1,5
3,2,19,0,18,0,8,0,0,0,0,4,1,6,1,41,7,1598,2,1,1,2,2,402670,290220,20,2,2,5,305,3,41,6,60,8,4,6,0,0,0,1,3,2,0,0,1,1,2,1,1,41,7,3,0,0,0,0,0,19,1,9
3,1,9,0,18,0,1,0,4,0,0,1,1,2,1,45,7,1781,1,14,1,1,3,489071,150392,45,3,1,4,511,3,323,6,30,3,4,6,0,0,0,1,1,1,0,0,1,1,1,1,1,33,6,3,0,0,0,0,0,9,1,5
3,1,9,0,18,0,1,0,0,0,0,1,1,2,1,41,7,1596,1,4,2,1,3,490350,162372,45,3,1,3,515,3,30,6,50,3,4,6,0,0,1,1,1,1,0,0,2,1,1,1,1,33,6,3,0,0,0,0,0,9,1,5
3,3,9,0,18,0,3,0,0,0,0,3,1,2,1,41,7,1598,1,8,1,1,3,249093,59465,50,3,1,2,583,3,386,3,40,3,2,5,0,0,5,1,1,1,0,0,1,1,1,1,1,33,6,3,0,0,0,0,0,9,1,5
2,1,9,0,9,0,8,0,0,0,0,1,1,6,1,45,7,1895,1,15,1,1,2,450032,529985,17,2,1,5,240,6,0,6,30,3,4,6,0,0,0,1,4,2,0,0,1,1,1,1,1,33,6,3,0,0,0,0,0,9,1,5
3,2,9,0,18,0,2,0,0,0,0,1,1,6,3,38,7,1870,2,11,1,3,2,543150,187900,1,2,3,7,14,3,123,6,30,3,4,6,0,0,0,1,1,2,0,0,1,1,1,1,1,33,6,3,0,0,0,0,0,9,1,5
1,1,9,0,13,0,0,1,0,0,0,1,1,2,1,40,7,1968,2,1,1,2,1,504182,167574,45,1,2,6,514,1,3,3,70,0,4,6,0,0,0,6,1,1,0,0,2,1,1,3,1,44,7,1,5,1,0,0,0,0,1,5
3,2,9,0,18,0,8,0,0,0,0,1,1,3,2,23,5,1240,1,10,1,1,2,425848,424305,13,2,1,2,203,4,6124,6,30,3,4,6,0,0,0,1,1,1,0,0,1,1,1,3,1,7,2,3,5,1,0,0,0,0,1,3
3,2,9,0,2,0,1,0,0,0,0,4,1,6,3,38,7,1896,2,11,1,1,2,517610,186880,1,2,1,4,28,6,0,6,30,3,4,6,0,0,0,1,1,1,0,0,1,1,1,1,1,33,6,3,0,0,0,0,0,9,1,5
3,3,8,0,2,0,1,0,0,0,0,1,1,1,1,37,7,1598,1,8,1,1,3,316557,178960,62,3,1,5,741,6,0,6,30,6,4,6,0,0,0,4,1,1,0,0,1,1,1,1,1,33,6,3,0,0,0,0,0,9,1,5
2,1,1,0,18,0,0,0,0,0,0,1,1,2,1,38,7,1598,1,8,1,2,1,518710,171760,1,1,2,3,24,4,352,6,30,0,4,6,0,0,0,4,9,2,0,0,2,1,1,1,1,33,6,3,0,0,0,0,0,1,1,5
3,1,9,0,18,0,0,0,0,0,0,1,1,6,1,25,5,1242,1,6,1,2,3,527536,149802,45,3,2,3,513,5,222,6,30,0,4,6,0,0,0,7,1,1,0,0,1,1,2,2,1,33,6,3,0,0,0,0,0,9,1,5
1,1,11,0,18,2,8,0,0,0,0,1,1,1,2,54,8,1598,1,8,1,1,1,534080,192110,1,1,1,5,32,3,1010,6,30,3,4,6,0,0,4,1,1,2,0,0,1,1,1,3,1,13,3,1,4,1,0,0,2,0,1,1
3,2,9,0,4,0,0,0,0,0,0,2,1,6,1,18,4,1198,1,5,1,3,4,333265,379725,5,4,3,4,95,1,53,3,70,0,4,6,0,0,0,1,1,1,0,0,2,1,2,1,1,18,4,3,0,0,0,0,0,9,1,8
3,2,9,0,7,0,8,0,0,0,0,3,1,1,1,45,7,1598,1,8,1,1,2,535210,176690,1,2,1,5,8,3,202,6,30,3,4,6,0,0,0,1,1,1,0,0,1,1,1,1,1,33,6,3,0,0,0,0,0,9,1,5
3,1,1,0,9,0,0,0,0,0,0,3,1,2,1,39,7,1598,1,8,2,1,2,556400,179774,42,2,1,7,462,6,0,6,30,0,4,6,0,0,0,4,1,1,0,0,2,1,1,1,1,39,7,3,0,0,0,0,0,1,2,3
3,2,9,0,4,0,1,0,0,0,0,2,1,1,1,46,8,1968,2,3,2,1,3,419791,303316,21,3,1,5,258,6,67,6,30,8,4,6,67,0,0,1,4,1,0,0,2,1,1,1,1,33,6,3,0,0,0,0,0,9,1,5
3,2,9,0,11,0,1,0,0,0,0,4,1,6,2,47,8,1124,1,8,1,1,2,533310,178590,1,2,1,1,8,3,2,3,30,3,4,5,0,0,4,4,1,2,0,0,1,1,1,1,1,33,6,3,0,0,0,0,0,9,1,5
3,1,9,0,7,0,5,0,0,0,0,2,1,6,1,20,4,1597,1,26,1,2,2,531838,212458,41,2,2,1,432,3,414,3,40,8,4,6,0,0,0,1,1,1,0,0,1,1,1,1,1,20,4,3,0,0,0,0,0,9,1,5
3,2,9,0,9,0,8,0,0,0,0,3,1,2,1,52,8,1598,1,1,1,3,2,447111,111528,44,2,3,1,500,3,3024,6,40,3,2,6,0,0,0,4,1,2,0,0,1,1,3,1,1,52,8,3,0,0,0,0,0,9,1,8
3,2,9,0,18,0,8,0,0,0,0,1,1,6,1,17,4,1364,1,4,1,3,2,263054,867803,91,2,3,5,927,4,9167,7,60,3,4,6,0,0,0,4,1,1,0,0,2,1,3,2,1,18,4,3,0,0,2,0,0,9,2,5
3,1,9,0,12,0,0,0,0,4,0,3,1,6,1,48,8,1149,1,10,1,2,2,428000,562328,10,2,2,2,146,3,184,3,40,0,4,6,0,0,0,1,1,1,0,0,1,1,2,2,1,30,6,3,0,0,1,0,0,9,1,3
3,1,9,0,13,0,0,0,0,0,0,4,1,6,2,36,7,1598,1,10,1,5,3,415320,355680,30,3,5,5,329,3,515,6,50,0,4,6,0,0,0,1,1,1,0,0,2,1,3,2,2,13,3,3,0,0,2,0,0,9,1,2
2,1,9,0,18,0,2,0,0,0,0,3,1,2,1,56,9,1598,1,7,1,1,1,499545,176773,43,1,1,5,474,4,376,6,30,3,4,6,7404,0,8,1,1,1,0,0,2,1,1,3,1,8,2,2,4,4,0,0,0,0,2,5
3,1,9,0,13,0,1,0,0,0,0,1,1,6,2,32,6,1796,1,9,1,1,2,452519,517298,17,2,1,6,243,4,1380,6,40,3,4,5,118,0,0,4,1,1,0,0,1,1,1,1,1,33,6,3,0,0,0,0,0,9,1,5
3,1,9,0,18,0,0,0,0,7,0,1,1,6,1,73,10,999,1,8,1,4,2,204856,67953,50,2,4,5,596,3,389,6,60,0,4,6,0,0,0,1,1,2,0,0,2,1,2,2,1,67,10,3,0,0,1,0,0,9,1,5
3,2,9,0,5,0,0,0,0,0,0,1,1,6,1,49,8,1198,1,6,1,2,2,509980,190620,1,2,2,3,26,3,404,6,30,0,4,6,0,0,1,1,1,1,0,0,1,1,2,1,1,49,8,3,0,0,0,0,0,9,1,5
3,1,8,0,9,0,8,0,0,0,0,3,1,6,1,27,6,1598,1,8,1,1,2,528550,179020,1,2,1,5,1,3,3213,2,30,6,4,6,0,0,0,1,1,1,0,0,1,1,1,1,1,33,6,3,0,0,0,0,0,9,1,5
3,1,9,0,13,0,0,0,0,0,0,3,1,6,1,78,11,2143,2,2,3,1,2,180456,44851,50,2,1,3,596,3,390,6,30,0,4,6,0,0,0,1,2,2,0,0,1,2,1,1,1,33,6,3,0,0,0,0,0,9,1,5
3,1,9,0,18,0,1,0,0,0,0,1,1,6,1,43,7,1870,2,11,1,1,3,505076,249661,40,3,1,4,420,3,600,2,20,3,2,3,600,0,5,1,1,1,0,0,1,1,1,1,1,33,6,3,0,0,0,0,0,9,1,5
3,2,3,0,18,0,1,0,0,0,0,1,1,1,1,23,5,108,1,1,1,1,2,531600,178300,1,2,1,6,9,3,3,6,30,3,2,5,0,0,5,4,1,1,0,0,1,1,1,1,1,23,5,3,0,0,0,0,0,3,1,2
3,1,9,0,18,0,0,0,4,0,0,1,1,6,1,20,4,1598,1,9,1,2,2,552340,183870,1,2,2,7,15,6,0,6,30,0,4,6,0,0,0,4,1,1,0,0,1,1,1,1,1,20,4,3,0,0,0,0,0,9,1,5
3,1,9,0,18,0,1,1,0,1,11,1,1,1,1,32,6,1598,1,8,1,1,2,336216,368001,60,2,1,5,724,3,548,6,50,8,4,6,0,0,0,1,4,2,0,0,2,1,1,1,1,32,6,3,0,0,0,0,0,9,1,5
3,2,19,0,18,0,0,0,0,0,0,3,1,1,1,45,7,1560,2,6,1,1,3,509297,218648,40,3,1,3,424,3,1081,6,60,0,4,6,0,0,0,1,1,1,0,0,2,2,1,1,1,45,7,3,0,0,0,0,0,19,1,7
3,1,8,0,6,0,8,0,0,0,0,4,1,6,1,42,7,2143,2,8,1,1,2,524320,181290,1,2,1,5,12,4,450,6,30,6,2,5,0,0,5,4,1,1,0,0,1,1,1,1,1,33,6,3,0,0,0,0,0,9,1,5
3,1,11,0,5,0,8,0,0,0,0,0,1,6,1,52,8,4461,2,2,1,1,1,525980,179690,1,1,1,2,12,3,315,6,30,3,4,6,0,0,4,1,1,1,0,0,1,1,1,2,2,71,10,3,0,0,0,1,0,11,1,4
3,1,9,0,2,0,1,0,0,0,0,2,1,6,1,26,6,2496,2,13,1,2,2,521410,185970,1,2,2,1,28,6,0,6,30,3,4,6,0,0,0,7,1,1,0,0,1,1,2,2,2,23,5,3,0,0,1,0,0,9,1,5
3,3,9,0,2,0,2,0,0,0,0,4,1,6,3,38,7,1794,1,10,1,2,3,484242,194469,43,3,2,6,480,6,3163,6,30,3,4,6,3163,0,0,1,1,1,0,0,1,1,1,1,1,33,6,3,0,0,0,0,0,9,1,5
3,2,9,0,2,0,0,0,0,0,0,1,1,6,3,38,7,1998,1,9,1,2,2,534358,137806,47,2,2,1,563,6,0,6,30,0,4,6,0,0,0,4,1,1,0,0,1,1,1,1,1,33,6,3,0,0,0,0,0,9,1,5
3,2,1,0,18,0,8,0,0,0,0,1,1,6,1,20,4,1598,1,8,1,1,2,536950,181230,1,2,1,6,5,3,1205,6,30,3,4,6,0,0,0,4,1,1,0,0,1,1,1,1,1,20,4,3,0,0,0,0,0,1,1,1
3,2,9,0,4,0,0,0,0,1,0,2,1,6,1,46,8,2099,2,8,1,2,2,541936,199481,42,2,2,4,456,3,121,6,40,0,4,6,0,0,0,6,1,1,0,0,2,1,1,1,1,46,8,3,0,0,0,0,0,9,1,10
2,3,9,0,18,0,1,0,0,0,0,0,1,6,2,41,7,1598,1,8,1,1,3,510321,192417,41,3,1,3,436,3,4125,6,40,8,4,6,0,0,0,4,1,1,0,0,1,1,1,1,1,33,6,3,0,0,0,0,0,9,1,5
3,1,19,0,18,0,1,0,0,0,0,1,1,6,1,25,5,1896,2,7,1,1,2,425635,433081,13,2,1,6,204,6,0,6,30,3,4,4,6154,0,0,1,1,1,0,0,1,1,1,1,1,33,6,3,0,0,0,0,0,9,1,5
3,1,9,0,9,0,5,0,0,0,0,4,1,1,1,53,8,2143,2,8,1,1,2,526090,194850,1,2,1,5,30,3,1000,6,30,3,4,6,0,0,0,1,1,2,0,0,1,1,1,1,1,33,6,3,0,0,0,0,0,9,1,5
3,2,1,0,18,4,1,5,0,0,0,2,1,2,1,49,8,1598,1,8,1,1,2,370320,354594,7,2,1,2,129,3,534,6,30,3,4,6,0,0,0,4,1,2,0,0,1,2,1,1,1,49,8,3,0,0,0,0,0,1,1,9
3,2,9,0,18,0,8,0,0,0,0,4,1,6,1,20,4,1598,1,9,1,1,2,415300,281050,20,2,1,4,306,4,425,6,30,3,4,6,0,0,4,4,1,1,0,0,1,2,1,1,1,20,4,3,0,0,0,0,0,9,1,8
3,2,19,0,18,0,8,0,0,0,0,3,1,2,1,35,6,2198,2,1,1,6,3,415237,189184,54,3,6,3,633,4,4534,3,40,6,2,3,4311,0,5,1,1,1,0,0,2,1,3,2,1,37,7,3,0,0,0,0,0,19,1,5
3,2,9,0,10,0,0,0,0,0,0,3,1,6,2,82,11,1598,1,8,3,1,2,528615,142924,45,2,1,1,513,6,1048,6,30,0,4,6,0,0,0,1,1,1,0,0,1,1,1,1,2,82,11,3,0,0,0,0,0,9,3,4
3,1,11,0,18,0,8,0,0,0,0,3,1,6,2,53,8,8300,2,8,1,1,2,545180,176120,1,2,1,6,18,3,207,6,30,3,4,6,0,0,0,1,1,1,0,0,1,1,1,2,2,15,3,3,0,0,0,4,0,11,1,8