accident_severity,vehicle_reference,vehicle_type,towing_and_articulation,vehicle_manoeuvre,vehicle_location-restricted_lane,junction_location,skidding_and_overturning,hit_object_in_carriageway,vehicle_leaving_carriageway,hit_object_off_carriageway,1st_point_of_impact,was_vehicle_left_hand_drive?,journey_purpose_of_driver,sex_of_driver,age_of_driver,age_band_of_driver,engine_capacity_(cc),propulsion_code,age_of_vehicle,driver_home_area_type,NUmber_of_Casualities_unique_to_accident_index,No_of_Vehicles_involved_unique_to_accident_index,location_easting_osgr,location_northing_osgr,police_force,number_of_vehicles,number_of_casualties,day_of_week,local_authority_(district),1st_road_class,1st_road_number,road_type,speed_limit,junction_detail,junction_control,2nd_road_class,2nd_road_number,pedestrian_crossing-human_control,pedestrian_crossing-physical_facilities,light_conditions,weather_conditions,road_surface_conditions,special_conditions_at_site,carriageway_hazards,urban_or_rural_area,did_police_officer_attend_scene_of_accident,casualty_reference,casualty_class,sex_of_casualty,age_of_casualty,age_band_of_casualty,casualty_severity,pedestrian_location,pedestrian_movement,car_passenger,bus_or_coach_passenger,pedestrian_road_maintenance_worker,casualty_type,casualty_home_area_type,casualty_imd_decile
3,2,9,0,18,0,7,0,0,0,0,2,1,6,1,29,6,1229,1,2,1,1,4,383080,406140,6,4,1,1,101,1,62,7,70,5,4,1,62,0,0,1,1,1,4,0,2,1,1,1,1,33,6,3,0,0,0,0,0,9,1,5
3,1,9,0,18,9,6,0,0,0,0,1,1,6,2,46,8,1461,2,8,1,1,1,373250,441560,4,1,1,3,80,4,6243,6,30,3,4,6,0,0,0,1,1,1,0,0,1,1,1,3,1,73,10,3,6,5,0,0,0,0,1,8
3,2,9,0,18,0,8,0,0,0,0,4,1,6,1,36,7,1997,2,7,3,1,2,347970,543590,3,2,1,3,64,3,6,3,70,3,4,6,0,0,0,1,1,1,0,0,2,1,1,2,1,2,1,3,0,0,2,0,0,9,3,7
3,2,21,0,7,0,1,0,0,0,0,0,1,1,1,51,8,12777,2,9,1,1,2,532200,176930,1,2,1,2,8,3,202,6,30,3,4,6,0,0,0,1,1,1,0,0,1,1,1,1,1,51,8,3,0,0,0,0,0,21,1,4
3,1,1,0,18,0,8,0,0,0,0,1,1,6,1,24,5,1598,1,8,1,1,2,525460,180870,1,2,1,7,1,6,0,6,30,6,4,6,0,0,0,1,1,1,0,0,1,2,1,1,1,24,5,3,0,0,0,0,0,1,1,5
3,2,9,0,18,0,1,0,0,0,0,1,1,6,2,67,10,1395,1,8,2,1,2,404076,140163,54,2,1,3,635,3,303,3,70,3,4,6,0,0,0,6,1,2,0,0,2,1,1,1,2,67,10,3,0,0,0,0,0,9,2,10
3,1,9,0,18,0,1,0,0,0,0,1,1,6,3,38,7,1598,1,8,1,1,2,477518,172805,43,2,1,7,475,6,7517,6,30,3,4,6,7517,0,0,1,1,1,0,0,1,1,1,1,1,33,6,3,0,0,0,0,0,9,1,5
3,1,9,0,18,0,0,0,0,0,0,1,1,6,1,38,7,1598,1,14,1,1,2,443460,374780,30,2,1,3,322,3,619,6,30,0,4,6,0,0,0,1,1,1,0,0,1,2,1,1,1,33,6,3,0,0,0,0,0,9,1,5
2,2,1,0,18,0,8,0,0,0,0,1,1,6,1,59,9,1598,1,8,1,1,2,546819,220427,41,2,1,7,432,3,1184,1,60,1,4,3,1184,0,0,1,1,1,0,0,2,1,1,1,1,59,9,2,0,0,0,0,0,1,1,8
3,1,9,0,1,0,0,0,0,0,0,2,1,6,2,40,7,1686,2,2,1,1,1,327916,387120,5,1,1,6,95,6,0,6,30,0,4,6,0,0,0,1,1,2,0,0,1,1,1,3,2,81,11,3,10,9,0,0,0,0,1,1
3,2,5,0,18,0,8,0,0,0,0,1,1,6,2,31,6,998,1,8,1,1,2,535060,177430,1,2,1,4,8,3,2,6,30,3,4,6,0,0,0,1,1,1,0,0,1,1,1,1,2,31,6,3,0,0,0,0,0,5,1,9
2,2,9,0,18,0,1,0,0,0,0,1,1,6,1,74,10,1390,1,10,1,2,2,339904,391324,5,2,2,2,91,3,57,3,40,7,2,3,5058,0,5,4,1,1,0,0,1,1,2,2,2,37,7,3,0,0,1,0,0,9,1,1
3,2,9,0,2,0,0,0,0,0,0,2,1,6,2,50,8,1997,2,13,1,1,2,408730,293010,20,2,1,2,300,6,0,6,30,0,4,6,0,0,0,4,1,1,0,0,1,1,1,1,1,33,6,3,0,0,0,0,0,9,1,5
3,2,9,0,18,0,2,1,0,2,11,1,1,6,1,25,5,2979,1,13,1,1,2,337048,399272,5,2,1,4,93,3,59,6,40,6,2,6,0,0,5,4,1,1,0,0,1,1,1,1,1,33,6,3,0,0,0,0,0,9,1,5
3,2,9,0,18,0,0,0,0,0,0,1,1,6,1,37,7,1598,1,8,1,1,2,519642,206298,41,2,1,7,434,3,414,3,50,0,4,6,0,0,0,4,1,1,0,0,2,1,1,1,1,33,6,3,0,0,0,0,0,9,1,5
3,1,9,0,18,0,1,0,0,0,0,1,1,6,1,46,8,3199,1,8,1,1,2,425569,421153,13,2,1,4,203,6,0,6,30,9,4,6,0,0,0,1,1,1,0,0,1,1,1,1,1,46,8,3,0,0,0,0,0,9,1,5
3,1,9,0,12,0,2,0,0,0,0,3,1,6,1,22,5,1364,1,5,1,2,2,576058,167800,46,2,2,5,544,3,231,6,30,3,4,6,0,0,4,1,1,2,0,0,1,1,2,2,2,22,5,3,0,0,1,0,0,9,1,7
3,2,11,0,3,0,2,0,0,0,0,2,1,1,1,50,8,1968,2,4,1,3,2,542340,184260,1,2,3,3,17,3,117,6,30,3,4,6,0,0,4,1,1,1,0,0,1,1,1,1,1,50,8,3,0,0,0,0,0,11,1,2
3,2,9,0,18,0,0,0,0,0,0,1,1,6,2,29,6,1388,1,6,1,1,2,456144,339167,31,2,1,5,346,3,6005,6,30,0,4,6,0,0,0,4,1,2,0,0,1,1,1,1,1,33,6,3,0,0,0,0,0,9,1,5
3,1,9,0,16,0,0,5,0,7,0,1,1,6,2,77,11,1896,2,14,3,1,1,503794,149890,45,1,1,6,511,6,4009,6,60,0,4,6,0,0,0,1,1,1,0,0,2,1,1,1,2,77,11,3,0,0,0,0,0,9,3,8
3,1,9,0,18,0,0,0,11,7,2,1,1,6,2,77,11,1339,1,11,1,2,1,344770,464240,4,1,2,4,76,6,0,6,30,0,4,6,0,0,0,1,1,1,0,2,1,1,1,1,2,77,11,3,0,0,0,0,0,9,1,2
3,1,21,1,18,0,0,0,0,0,0,1,1,1,1,59,9,10308,2,4,1,1,3,399940,296510,20,3,1,2,307,1,6,3,70,0,4,6,0,0,0,4,1,2,0,0,2,1,1,1,1,33,6,3,0,0,0,0,0,9,1,5
3,1,97,0,9,0,8,0,0,0,0,0,1,1,1,33,6,49,1,4,1,1,1,465808,98909,44,1,1,6,498,4,2154,6,30,3,4,6,0,0,0,1,2,2,0,0,1,1,1,1,1,33,6,3,0,0,0,0,0,97,1,4
3,1,9,0,17,0,0,2,0,7,10,1,1,6,2,65,9,1995,2,13,3,1,1,301299,692828,94,1,1,2,925,4,913,6,60,0,4,6,0,0,0,1,1,1,0,0,2,1,1,1,2,65,9,3,0,0,0,0,0,9,3,5
3,1,9,0,9,0,2,0,0,0,0,1,1,6,1,65,9,998,1,16,1,1,1,414770,422939,13,1,1,2,202,6,0,6,30,3,4,6,0,0,1,1,1,1,0,0,1,1,1,3,1,85,11,3,4,3,0,0,0,0,1,5
3,1,19,0,7,7,8,0,0,0,0,4,1,6,1,25,5,1870,2,12,1,1,2,502920,484022,12,2,1,1,186,4,1261,6,40,1,4,4,1261,0,8,1,1,1,0,0,1,1,1,1,1,33,6,3,0,0,0,0,0,9,1,5
3,1,9,0,9,0,8,1,0,1,2,4,1,6,1,41,7,2993,2,3,3,2,1,360339,391016,7,1,2,6,128,3,49,1,40,1,2,3,574,0,5,1,1,1,0,0,1,1,1,2,2,7,2,3,0,0,2,0,0,9,3,5
3,2,9,0,11,0,3,1,0,1,1,4,1,6,2,68,10,1995,2,2,1,1,2,445032,296189,33,2,1,1,361,3,47,1,40,1,4,6,5101,0,8,1,1,1,0,0,2,1,1,1,2,68,10,3,0,0,0,0,0,9,1,9
2,2,3,0,7,0,8,0,0,0,0,1,1,6,2,16,4,49,1,6,1,3,2,360215,169694,52,2,3,1,601,3,4174,9,40,3,4,6,0,0,0,1,1,1,0,0,1,1,2,1,2,16,4,3,0,0,0,0,0,3,1,3
3,1,9,0,18,0,4,0,0,0,0,1,1,6,2,18,4,1299,1,7,1,1,2,449499,336157,31,2,1,7,342,3,52,1,30,1,2,4,6003,0,0,4,1,1,4,0,1,1,1,1,2,18,4,3,0,0,0,0,0,9,1,9
3,2,90,0,9,0,1,0,0,0,0,1,1,6,1,27,6,1598,1,8,1,1,2,383820,393240,6,2,1,6,102,5,0,6,30,3,4,3,5103,0,0,1,9,1,0,0,1,1,1,1,1,33,6,3,0,0,0,0,0,9,1,5
3,1,9,0,1,0,1,0,0,0,0,2,1,6,1,51,8,1598,1,8,1,1,1,295912,205453,62,1,1,2,744,6,0,6,30,3,4,6,0,0,0,1,1,1,0,0,2,1,1,3,2,73,10,3,8,3,0,0,0,0,2,5
3,1,9,0,18,0,7,0,0,4,0,2,1,6,1,20,4,1598,1,8,1,4,2,601420,159690,46,2,4,4,540,1,2,3,70,5,4,3,251,0,0,6,1,1,0,0,1,1,4,2,1,23,5,3,0,0,2,0,0,9,1,5
2,1,19,0,16,0,0,0,0,0,0,1,1,1,1,28,6,2143,2,3,1,2,5,414047,299888,21,5,2,4,252,3,38,3,60,0,4,6,0,0,0,1,1,1,0,3,2,1,1,1,1,28,6,3,0,0,0,0,0,19,1,1
2,3,9,0,9,0,8,0,0,0,0,3,1,6,1,34,6,1796,1,7,1,3,3,518460,169880,1,3,3,2,23,6,0,6,30,3,4,6,0,0,0,4,1,1,0,0,1,1,1,1,1,34,6,2,0,0,0,0,0,9,1,10
3,3,9,0,18,0,2,0,0,0,0,3,1,6,2,29,6,1796,1,7,1,2,3,437950,187503,43,3,2,4,483,4,4507,6,60,3,4,6,0,0,0,6,1,2,7,0,2,1,1,2,2,29,6,3,0,0,1,0,0,9,2,6
3,2,9,0,18,0,1,0,0,0,1,2,1,6,1,60,9,1560,2,2,1,2,4,564837,181059,42,4,2,2,462,3,1013,6,50,3,4,4,188,0,0,1,1,1,0,0,2,1,1,1,1,60,9,3,0,0,0,0,0,9,1,6
3,2,9,0,18,0,1,0,0,0,0,4,1,2,1,19,4,1388,1,13,1,1,2,630190,143100,46,2,1,2,533,3,256,6,30,9,2,6,0,0,0,4,2,2,0,0,1,1,1,1,1,19,4,3,0,0,0,0,0,9,1,1
3,3,9,0,2,0,0,0,0,0,0,2,1,6,1,60,9,1796,1,10,1,1,3,400370,297280,20,3,1,5,307,6,0,6,30,0,4,6,0,0,0,4,1,1,0,0,1,1,1,1,1,33,6,3,0,0,0,0,0,9,1,5
3,2,9,0,9,0,8,0,0,0,0,3,1,6,2,21,5,1339,1,7,1,1,2,536730,172650,1,2,1,1,7,3,212,6,30,3,4,6,0,0,0,1,1,1,0,0,1,1,1,1,2,21,5,3,0,0,0,0,0,9,1,2
3,1,9,0,7,0,2,0,0,0,0,1,1,6,2,36,7,1388,1,3,2,1,2,312610,672680,95,2,1,1,923,1,9,7,70,5,4,3,8,0,0,1,1,1,0,0,2,1,1,1,2,36,7,3,0,0,0,0,0,9,2,5
3,1,9,0,9,0,5,0,0,0,0,1,1,6,1,22,5,1364,1,8,1,2,2,391240,343336,21,2,2,5,257,3,5007,6,30,3,4,6,0,0,0,4,1,1,0,0,1,1,1,1,1,22,5,3,0,0,0,0,0,9,1,1
3,2,1,0,18,0,1,0,0,0,0,1,1,6,2,27,6,1598,1,8,1,1,2,525070,183710,1,2,1,7,28,6,0,6,30,3,4,6,0,0,0,1,1,1,0,0,1,1,1,1,2,27,6,3,0,0,0,0,0,1,1,6
3,2,19,0,3,0,2,0,0,0,0,2,1,1,1,38,7,2463,2,9,1,3,2,427524,564725,10,2,3,5,147,4,1314,6,30,3,2,6,1159,0,4,1,1,1,0,0,1,1,2,2,1,24,5,3,0,0,0,0,0,19,1,5
3,2,9,0,3,0,4,0,0,0,0,2,1,1,1,46,8,1248,2,3,1,2,2,577860,156970,46,2,2,4,536,3,249,1,40,1,4,6,0,0,8,1,1,1,0,0,2,1,1,1,1,46,8,3,0,0,0,0,0,9,1,7
3,2,9,0,5,0,1,0,0,0,0,1,1,6,3,38,7,1598,1,8,1,2,2,350160,314160,22,2,2,5,286,3,5191,6,30,3,2,6,0,0,5,4,1,2,0,0,1,2,1,1,1,33,6,3,0,0,0,0,0,9,1,5
3,3,90,0,9,0,6,0,0,0,0,0,1,1,1,51,8,7142,2,8,1,4,3,508308,431507,16,3,4,3,228,4,1233,6,30,3,2,6,0,0,5,1,1,1,0,0,1,1,4,1,1,51,8,3,0,0,0,0,0,90,1,2
3,1,19,0,18,0,0,2,0,1,9,1,1,2,1,52,8,2497,2,4,3,1,1,502301,412247,16,1,1,5,232,4,1204,6,60,0,4,6,0,0,0,6,2,2,7,0,2,1,1,1,1,52,8,3,0,0,0,0,0,19,3,6
3,1,9,0,18,0,0,0,0,0,0,1,1,2,1,32,6,2198,2,1,1,1,2,364640,431620,4,2,1,4,80,3,59,6,30,0,4,6,0,0,0,1,1,1,0,0,2,1,1,1,1,33,6,3,0,0,0,0,0,9,1,5
3,2,9,0,18,0,8,0,0,0,0,3,1,6,1,47,8,2148,2,6,1,1,2,522578,227031,41,2,1,2,435,3,602,1,60,1,2,4,197,0,0,4,2,2,0,0,2,1,1,1,1,47,8,3,0,0,0,0,0,9,1,10
3,2,9,0,18,0,8,0,0,0,5,1,1,6,1,23,5,1995,2,8,3,1,2,317390,550730,3,2,1,3,60,4,5302,6,60,3,4,6,0,0,0,1,1,1,0,0,2,1,1,2,1,21,5,3,0,0,1,0,0,9,3,4
3,1,19,0,3,0,1,0,0,0,0,2,1,6,1,49,8,2151,2,12,1,1,2,338235,388571,5,2,1,4,91,3,562,6,30,7,2,6,0,0,5,1,1,1,0,0,1,1,1,1,1,49,8,3,0,0,0,0,0,19,1,8
3,1,9,0,5,0,4,0,0,0,0,2,1,6,2,66,10,1598,1,16,1,1,2,434738,386516,14,2,1,1,215,3,61,1,40,1,4,3,61,0,0,1,1,1,0,0,1,1,1,1,2,66,10,3,0,0,0,0,0,9,1,2
3,1,9,0,4,0,6,1,0,1,11,4,1,6,1,33,6,1988,1,14,1,1,2,468328,380596,31,2,1,3,341,3,620,6,40,3,4,4,6420,0,0,4,1,1,0,0,2,1,1,1,1,33,6,3,0,0,0,0,0,9,1,5
3,1,9,0,2,0,0,0,0,0,0,3,1,6,2,38,7,1329,1,4,1,1,2,359879,173307,52,2,1,7,601,6,0,2,20,0,4,6,0,0,0,4,1,1,0,0,1,2,1,1,1,33,6,3,0,0,0,0,0,9,1,5
3,1,9,0,18,0,8,0,0,0,0,3,1,6,2,36,7,1296,1,6,1,1,2,532910,170220,1,2,1,2,20,6,0,1,30,2,4,6,0,0,0,1,1,1,0,0,1,1,1,1,1,33,6,3,0,0,0,0,0,9,1,5
2,1,9,0,2,0,0,0,0,0,0,0,1,6,3,38,7,999,1,1,1,1,1,380564,110802,55,1,1,3,642,5,32,6,30,0,4,6,0,0,0,1,1,1,0,0,2,1,1,3,2,79,11,2,10,9,0,0,0,0,3,6
3,2,9,0,18,0,1,0,0,0,0,1,1,2,2,40,7,2204,2,9,1,1,2,581426,166420,46,2,1,3,544,6,0,6,30,3,4,6,0,0,0,1,1,1,0,0,1,1,1,1,1,33,6,3,0,0,0,0,0,9,1,5
2,2,1,0,18,0,8,0,0,0,0,1,1,3,1,12,3,1598,1,8,1,1,2,362210,404220,6,2,1,3,114,5,0,3,30,6,4,6,0,0,0,1,1,1,0,0,1,1,1,1,1,12,3,2,0,0,0,0,0,1,1,3
3,1,9,0,9,0,8,0,0,0,0,4,1,6,2,28,6,1598,1,4,1,1,2,534060,178050,1,2,1,4,8,3,2,6,30,3,4,6,0,0,0,4,1,1,0,0,1,1,1,1,2,28,6,3,0,0,0,0,0,9,1,3
3,2,9,0,18,0,0,0,0,0,0,2,1,6,1,55,8,1598,1,7,1,1,2,588690,160500,46,2,1,7,540,1,2,3,70,0,4,6,0,0,0,1,1,1,0,0,2,1,1,2,2,75,10,3,0,0,1,0,0,9,1,5
3,1,9,0,4,0,1,0,0,0,0,1,1,6,2,20,4,1598,1,8,1,1,2,258029,665225,97,2,1,7,926,1,8,3,50,5,4,3,804,0,0,1,1,1,0,0,1,2,1,1,1,33,6,3,0,0,0,0,0,9,1,5
3,2,9,0,3,0,1,0,0,0,0,2,1,6,1,50,8,1341,1,17,1,2,2,532238,343960,32,2,2,2,350,3,52,6,30,3,4,6,0,0,4,1,1,1,0,0,1,1,1,2,1,50,8,3,0,0,1,0,0,9,1,2
3,3,9,0,18,0,0,0,0,0,0,3,1,6,3,38,7,1598,1,8,1,1,3,330810,136825,52,3,1,4,607,3,372,6,30,0,4,6,0,0,0,1,9,1,0,0,1,2,1,1,1,33,6,3,0,0,0,0,0,9,1,5
3,2,9,0,18,0,8,0,0,0,0,3,1,6,2,23,5,998,1,1,1,1,2,576260,155390,46,2,1,5,536,3,229,2,30,6,4,6,0,0,0,4,1,1,0,0,1,2,1,1,2,23,5,3,0,0,0,0,0,9,1,5
3,1,9,0,18,0,0,0,0,0,0,0,1,6,3,38,7,1598,1,8,1,2,2,401850,629467,10,2,2,7,139,5,38,6,60,0,4,6,0,0,0,1,1,2,0,0,2,2,1,1,1,33,6,3,0,0,0,0,0,9,1,5
3,2,9,0,4,0,1,0,0,0,0,2,1,6,2,52,8,2143,12,8,3,1,2,507510,434509,16,2,1,3,231,3,1174,6,30,1,4,3,1079,0,0,1,1,1,0,0,2,1,1,1,1,33,6,3,0,0,0,0,0,9,1,5
3,2,21,0,12,0,0,0,0,0,0,3,1,1,1,38,7,1598,1,8,1,2,2,541440,188980,1,2,2,5,14,3,406,3,50,0,4,6,0,0,0,1,1,1,0,0,2,2,1,1,1,33,6,3,0,0,0,0,0,9,1,5
3,2,19,0,2,0,1,0,0,0,0,2,1,6,3,38,7,2500,2,14,1,1,2,434171,86848,44,2,1,1,505,6,0,6,30,3,4,6,0,0,0,1,1,1,0,0,2,1,1,1,1,33,6,3,0,0,0,0,0,9,1,5
3,1,9,0,8,0,1,0,0,0,0,2,1,6,1,47,8,1560,2,6,1,2,2,415617,186829,54,2,2,5,633,5,416,6,30,3,4,3,4311,0,0,4,1,2,0,0,1,1,1,1,1,47,8,3,0,0,0,0,0,9,1,8
3,2,1,0,18,0,0,0,0,0,0,1,1,6,1,43,7,1598,1,8,1,2,2,356173,174633,52,2,2,4,601,6,0,9,20,0,4,6,0,0,0,1,1,1,0,0,2,2,1,1,1,43,7,3,0,0,0,0,0,1,1,6
3,1,9,0,18,0,8,0,0,4,0,4,1,6,1,34,6,1968,2,1,3,2,2,357941,397393,5,2,2,5,92,3,580,3,40,1,2,1,6,0,0,1,1,1,4,0,1,1,1,1,1,34,6,3,0,0,0,0,0,9,3,9
3,2,1,0,17,0,8,0,0,0,0,4,1,6,1,45,7,1598,1,8,1,1,2,540340,183460,1,2,1,2,17,3,114,6,30,3,4,6,0,0,1,1,1,1,0,0,1,1,1,1,1,45,7,3,0,0,0,0,0,1,1,3
3,1,8,0,4,0,0,0,0,0,0,0,1,1,3,38,7,1797,8,4,1,1,1,531910,185800,1,1,1,4,3,5,0,6,30,0,4,6,0,0,0,1,1,1,0,0,1,2,1,2,2,33,6,3,0,0,2,0,0,8,1,5
3,2,1,0,18,4,1,0,0,0,0,3,1,6,1,46,8,1598,1,8,1,1,2,428794,435575,13,2,1,5,204,3,660,6,30,9,4,6,0,0,0,1,1,1,0,0,1,1,1,1,1,46,8,3,0,0,0,0,0,1,1,9
3,1,9,0,9,0,5,0,0,0,0,1,1,6,2,40,7,1299,1,14,1,1,1,552099,130650,47,1,1,2,556,6,0,6,30,3,4,4,2100,0,0,1,1,1,0,0,1,2,1,3,1,4,1,3,10,3,0,0,0,0,1,10
3,2,5,0,18,0,8,0,0,0,0,1,1,2,1,32,6,636,1,12,1,1,2,508374,194481,41,2,1,6,436,3,4145,6,60,8,4,6,0,0,0,6,1,1,0,0,1,1,1,1,1,32,6,3,0,0,0,0,0,5,1,6
3,2,11,0,18,0,1,0,0,0,0,0,1,1,1,56,9,9600,2,14,1,2,2,384550,433980,4,2,2,3,72,3,682,2,30,9,4,6,0,0,0,1,1,1,3,0,1,1,1,2,2,36,7,3,0,0,0,4,0,11,1,1
3,2,9,0,3,0,0,0,0,0,0,2,1,6,1,46,8,1248,1,5,1,1,2,406050,286540,20,2,1,7,300,6,0,6,30,0,4,6,0,0,4,4,9,1,0,0,1,2,1,1,1,46,8,3,0,0,0,0,0,9,1,1
3,3,19,0,10,0,1,0,0,0,0,1,1,6,1,58,9,1598,1,8,3,1,4,277093,882771,91,4,1,5,927,3,9,6,60,9,4,4,9174,0,0,1,1,1,0,0,2,1,1,1,1,33,6,3,0,0,0,0,0,9,1,5
3,1,19,0,18,0,8,0,0,7,1,1,1,6,1,36,7,1998,2,9,1,1,2,459695,300428,33,2,1,1,364,3,563,6,30,6,2,6,198,0,5,4,1,1,0,0,1,1,1,1,1,33,6,3,0,0,0,0,0,9,1,5
3,2,9,0,13,0,8,0,0,0,0,4,1,6,1,20,4,1587,1,8,1,3,2,535510,184890,1,2,3,7,4,4,113,6,30,3,4,6,0,0,0,1,1,1,0,0,1,1,2,1,1,20,4,3,0,0,0,0,0,9,1,2
3,1,19,0,9,0,2,0,0,0,0,1,1,6,1,33,6,2198,2,4,1,1,1,618050,168240,46,1,1,4,531,4,2205,6,30,6,4,6,0,0,0,1,2,2,0,0,1,1,1,3,2,78,11,3,5,1,0,0,0,0,1,9
3,2,19,0,18,0,1,0,0,0,0,2,1,6,2,24,5,2488,2,8,1,1,2,334096,662143,95,2,1,5,929,4,704,6,30,3,4,6,0,0,5,1,1,1,0,0,2,1,1,1,1,33,6,3,0,0,0,0,0,9,1,5
3,2,9,0,3,0,0,0,0,0,0,2,1,6,1,19,4,1149,1,8,2,1,2,426501,566880,10,2,1,6,147,5,124,6,30,0,4,6,0,0,4,1,1,1,0,0,1,1,1,2,2,18,4,3,0,0,1,0,0,9,1,7
3,1,2,0,18,0,0,2,12,0,0,1,1,6,2,45,7,50,1,1,2,1,1,498628,371436,32,1,1,5,352,4,1308,6,30,0,4,6,0,0,0,4,2,2,0,0,1,1,1,1,2,45,7,3,0,0,0,0,0,2,2,10
3,1,9,0,18,0,0,0,0,0,0,1,1,6,3,38,7,1598,1,8,1,1,1,349014,636326,95,1,1,7,914,6,0,6,30,0,4,6,0,0,0,4,1,2,0,0,1,1,1,3,1,18,4,3,5,1,0,0,0,0,1,5
3,1,9,0,2,6,1,0,0,0,0,1,1,6,1,61,9,1124,1,18,2,1,2,307720,141011,52,2,1,3,609,6,0,6,30,8,4,6,0,0,5,1,1,1,0,0,2,2,1,1,1,61,9,3,0,0,0,0,0,9,2,3
3,3,9,0,18,0,8,0,0,0,0,1,1,1,1,43,7,1598,1,8,2,1,3,431430,276040,20,3,1,5,302,3,429,6,30,3,4,6,0,0,0,1,1,1,0,0,2,1,1,1,1,33,6,3,0,0,0,0,0,9,1,5
3,1,9,0,18,0,0,0,0,0,0,3,1,6,1,38,7,1598,1,8,1,1,1,531500,189610,1,1,1,7,31,3,105,6,30,0,4,6,0,0,8,1,1,1,0,0,1,2,1,3,1,14,3,3,5,3,0,0,2,0,1,5
3,2,9,0,4,0,1,0,0,0,0,1,1,6,1,38,7,1995,2,9,1,1,2,511490,176360,1,2,1,3,25,3,30,1,40,1,2,3,4,0,5,1,1,1,0,0,1,1,1,1,1,33,6,3,0,0,0,0,0,9,1,5
2,1,9,0,18,0,2,0,11,0,0,2,1,6,1,60,9,1270,1,21,1,1,1,402920,281910,20,1,1,3,300,6,0,6,30,2,4,6,0,0,0,1,4,1,0,2,1,1,1,1,1,60,9,2,0,0,0,0,0,9,1,4
3,2,9,0,4,0,0,0,0,0,0,2,1,6,2,41,7,1242,1,2,1,1,4,427680,456951,12,4,1,5,182,3,59,6,60,0,4,6,0,0,0,1,1,1,0,0,2,1,1,1,2,41,7,3,0,0,0,0,0,9,1,10
2,1,9,0,9,0,1,0,0,0,0,0,1,6,1,38,7,1598,1,8,1,1,1,581228,230359,42,1,1,4,451,6,0,6,30,3,4,6,0,0,0,1,2,2,0,0,1,2,1,3,2,64,9,2,5,1,0,0,0,0,1,4
3,1,9,0,16,0,1,0,0,0,0,1,1,2,2,44,7,1596,1,13,2,2,2,572190,152370,46,2,2,2,536,4,2163,6,40,3,4,6,0,0,0,6,1,2,0,0,2,1,1,1,2,44,7,3,0,0,0,0,0,9,2,5
3,2,9,0,18,0,1,0,0,0,0,3,1,6,1,28,6,1587,1,12,1,5,3,347930,463190,4,3,5,3,76,6,0,6,30,3,4,6,0,0,0,4,1,1,0,0,1,1,2,1,1,28,6,3,0,0,0,0,0,9,1,4
3,2,1,0,18,0,1,0,0,0,0,1,1,2,2,21,5,1598,1,8,1,1,2,256365,666472,97,2,1,6,926,6,0,6,30,3,4,6,0,0,0,4,1,2,0,0,1,1,1,1,2,21,5,3,0,0,0,0,0,1,1,5
3,1,19,0,18,0,0,0,0,0,0,0,1,6,3,38,7,2496,2,16,1,2,2,429245,518603,11,2,2,5,161,3,167,6,30,0,4,6,0,0,0,1,1,1,0,0,2,2,1,1,1,33,6,3,0,0,0,0,0,9,1,5
3,1,98,0,12,0,0,0,0,0,0,1,2,6,1,42,7,1598,1,8,1,2,2,394382,308608,21,2,2,5,254,1,6,3,70,0,4,6,0,0,0,1,1,1,0,0,2,1,1,1,1,33,6,3,0,0,0,0,0,9,1,5
3,1,9,0,4,0,1,0,0,0,0,1,1,6,1,30,6,2480,1,6,1,3,4,585763,186386,42,4,3,6,460,3,13,6,30,3,4,3,1158,0,4,1,2,2,0,0,1,1,1,1,1,33,6,3,0,0,0,0,0,9,1,5
3,1,21,1,5,0,0,0,0,0,0,3,2,1,1,45,7,1598,1,8,1,2,2,493789,322950,32,2,2,7,355,3,1,3,70,0,4,6,0,0,0,1,1,1,0,0,2,1,1,1,1,33,6,3,0,0,0,0,0,9,1,5
3,1,2,0,16,0,1,1,0,0,0,2,1,6,1,16,4,49,1,7,1,1,2,521970,207680,41,2,1,4,438,6,64,6,30,3,4,6,4988,0,0,4,1,4,0,0,1,1,1,1,1,16,4,3,0,0,0,0,0,2,1,7
3,1,1,0,18,0,8,0,0,0,0,3,1,6,2,34,6,1598,1,8,1,1,2,530780,176950,1,2,1,4,9,3,3,6,30,3,4,6,0,0,0,1,1,1,0,0,1,2,1,1,2,34,6,3,0,0,0,0,0,1,1,5
2,3,9,0,3,0,1,0,0,0,0,1,1,6,2,21,5,1598,1,8,1,2,3,305643,381763,60,3,2,1,723,6,0,6,30,6,4,6,0,0,0,4,2,2,0,0,1,1,2,1,2,21,5,3,0,0,0,0,0,9,1,5
3,1,9,0,4,0,0,0,0,0,0,1,1,6,1,18,4,1596,1,10,1,1,2,450610,532086,17,2,1,5,240,4,1277,6,30,0,4,6,0,0,4,1,1,1,0,0,1,2,1,1,1,33,6,3,0,0,0,0,0,9,1,5
3,2,1,0,18,0,0,0,0,0,0,0,1,6,1,64,9,1598,1,8,1,1,2,384130,396150,6,2,1,5,102,6,0,6,30,0,4,6,0,0,0,1,1,1,0,0,1,2,1,1,1,64,9,3,0,0,0,0,0,1,1,1
3,1,9,0,9,0,8,0,0,0,0,1,1,1,2,55,8,1598,1,8,1,1,2,317532,176247,62,2,1,5,741,6,0,1,30,1,4,3,4119,0,0,1,1,2,0,0,1,1,3,2,2,62,9,3,0,0,2,0,0,9,1,5