accident_severity,vehicle_reference,vehicle_type,towing_and_articulation,vehicle_manoeuvre,vehicle_location-restricted_lane,junction_location,skidding_and_overturning,hit_object_in_carriageway,vehicle_leaving_carriageway,hit_object_off_carriageway,1st_point_of_impact,was_vehicle_left_hand_drive?,journey_purpose_of_driver,sex_of_driver,age_of_driver,age_band_of_driver,engine_capacity_(cc),propulsion_code,age_of_vehicle,driver_home_area_type,NUmber_of_Casualities_unique_to_accident_index,No_of_Vehicles_involved_unique_to_accident_index,location_easting_osgr,location_northing_osgr,police_force,number_of_vehicles,number_of_casualties,day_of_week,local_authority_(district),1st_road_class,1st_road_number,road_type,speed_limit,junction_detail,junction_control,2nd_road_class,2nd_road_number,pedestrian_crossing-human_control,pedestrian_crossing-physical_facilities,light_conditions,weather_conditions,road_surface_conditions,special_conditions_at_site,carriageway_hazards,urban_or_rural_area,did_police_officer_attend_scene_of_accident,casualty_reference,casualty_class,sex_of_casualty,age_of_casualty,age_band_of_casualty,casualty_severity,pedestrian_location,pedestrian_movement,car_passenger,bus_or_coach_passenger,pedestrian_road_maintenance_worker,casualty_type,casualty_home_area_type,casualty_imd_decile
3,1,19,0,16,0,0,1,0,1,9,1,1,2,1,38,7,1461,2,7,3,1,1,477634,440235,16,1,1,5,231,6,0,6,60,0,4,6,0,0,0,6,1,4,0,0,2,2,1,1,1,38,7,3,0,0,0,0,0,19,3,6
3,2,9,0,18,0,1,0,0,0,0,1,1,6,1,21,5,1598,1,15,1,3,2,458891,83434,44,2,3,3,505,3,3055,6,30,3,4,3,3056,0,4,1,1,1,0,0,1,1,2,1,1,21,5,3,0,0,0,0,0,9,1,3
3,1,5,0,16,0,0,0,0,0,0,4,1,6,1,51,8,599,1,1,2,1,1,472977,105959,44,1,1,7,495,3,27,7,70,0,4,6,0,0,0,1,1,1,0,0,2,1,1,1,1,51,8,3,0,0,0,0,0,5,2,7
3,2,9,0,18,0,0,0,0,1,0,2,1,6,1,32,6,1997,2,11,1,1,2,331340,672133,95,2,1,3,923,3,1,3,50,0,4,6,0,0,0,1,2,2,0,0,1,1,1,1,1,33,6,3,0,0,0,0,0,9,1,5
3,2,1,0,18,0,8,0,0,0,0,1,1,6,1,54,8,1598,1,8,1,1,2,527460,183370,1,2,1,6,1,3,5205,6,30,6,2,4,525,0,5,4,1,2,0,0,1,1,1,1,1,54,8,3,0,0,0,0,0,1,1,4
3,1,9,0,18,0,0,0,0,0,0,1,1,6,2,63,9,1390,1,9,1,2,2,452727,203028,43,2,2,4,484,3,423,3,70,0,4,6,0,0,0,1,1,1,0,0,2,1,1,1,2,63,9,3,0,0,0,0,0,9,1,5
3,1,9,0,16,0,1,0,0,7,4,1,1,6,1,47,8,1598,1,8,1,1,1,463601,159239,44,1,1,5,490,6,0,6,30,3,4,6,0,0,0,6,1,1,0,7,2,1,1,1,1,47,8,3,0,0,0,0,0,9,1,5
2,2,5,0,18,0,1,0,0,0,0,1,1,1,1,35,6,599,1,15,1,1,2,489239,201618,43,2,1,3,478,6,60,6,30,3,4,6,1,0,0,1,1,1,0,0,2,1,1,1,1,35,6,2,0,0,0,0,0,5,1,10
3,1,9,0,9,0,5,0,0,0,0,1,1,6,1,37,7,2967,2,4,1,1,3,378460,247960,22,3,1,6,273,6,0,6,30,3,4,6,0,0,0,4,1,1,0,0,1,2,1,1,1,37,7,3,0,0,0,0,0,9,1,1
3,2,3,0,18,0,8,0,0,0,0,0,1,2,1,54,8,1598,1,8,1,1,2,521550,299030,35,2,1,4,394,5,65,6,30,3,4,6,0,0,0,1,1,1,0,0,1,1,1,1,1,54,8,3,0,0,0,0,0,3,1,6
3,1,11,0,4,0,0,0,0,0,0,0,1,1,1,41,7,4500,2,4,1,1,1,516090,187850,1,1,1,5,28,3,404,2,30,0,4,6,0,0,4,1,2,2,0,0,1,1,1,2,2,33,6,3,0,0,0,3,0,11,1,5
2,1,5,0,13,0,0,0,0,1,9,1,1,6,1,31,6,599,1,18,1,1,1,437544,421108,13,1,1,1,206,6,0,6,60,0,4,6,0,0,0,1,1,1,0,0,2,1,1,1,1,31,6,2,0,0,0,0,0,5,1,2
3,2,9,0,3,0,1,0,0,0,0,2,1,6,2,45,7,1596,1,10,1,1,3,254383,664006,97,3,1,2,926,3,761,3,30,9,4,6,0,1,0,4,5,2,0,0,1,1,1,1,2,45,7,3,0,0,0,0,0,9,1,5
3,2,8,0,4,0,0,0,0,0,0,2,1,2,1,49,8,1998,2,10,1,1,2,617958,241251,37,2,1,5,412,3,14,3,70,0,4,6,0,0,0,1,1,1,0,0,2,1,1,1,1,49,8,3,0,0,0,0,0,8,1,7
3,6,9,0,18,0,0,0,0,0,0,1,1,6,1,66,10,1198,1,7,1,4,8,581530,163400,46,8,4,2,544,1,2,3,70,0,4,6,0,0,0,1,1,1,0,0,2,1,1,1,1,33,6,3,0,0,0,0,0,9,1,5
3,1,9,0,9,0,8,0,0,0,0,4,1,6,1,30,6,1364,1,5,1,1,2,531430,178020,1,2,1,6,9,3,3,6,30,3,2,3,3,0,5,1,1,1,0,0,1,1,1,1,1,33,6,3,0,0,0,0,0,9,1,5
3,1,9,0,13,0,0,0,0,0,0,4,1,6,3,38,7,1598,1,8,1,1,2,364207,375064,7,2,1,4,130,6,0,6,40,0,4,6,0,0,0,1,2,2,0,0,2,2,1,1,1,33,6,3,0,0,0,0,0,9,1,5
3,1,9,0,5,0,1,0,0,0,0,4,1,2,1,58,9,1397,1,3,1,1,2,594590,173770,46,2,1,3,540,5,135,6,30,6,4,6,0,0,0,1,1,1,0,0,1,1,1,1,1,58,9,3,0,0,0,0,0,9,1,5
3,1,11,0,4,0,8,0,0,0,0,0,1,1,1,46,8,5132,2,8,1,1,2,524470,183070,1,2,1,6,28,4,413,6,30,3,4,6,0,0,0,1,1,1,0,0,1,1,1,2,2,75,10,3,0,0,0,4,0,11,1,2
3,1,1,0,18,0,8,0,0,0,0,1,1,6,1,58,9,1598,1,8,1,1,2,402680,282189,20,2,1,4,300,6,0,6,30,1,4,6,0,0,0,4,9,1,0,0,1,2,1,1,1,58,9,3,0,0,0,0,0,1,1,3
3,2,9,0,18,0,0,0,0,0,0,2,1,6,1,18,4,1560,2,1,1,1,3,391968,168189,54,3,1,2,635,5,155,6,40,0,4,6,0,0,0,6,5,2,0,0,2,2,1,1,1,18,4,3,0,0,0,0,0,9,1,5
3,1,9,0,18,0,1,0,0,0,0,1,1,6,1,27,6,1364,1,8,1,2,2,343902,399474,5,2,2,4,90,6,0,6,30,3,4,6,0,0,0,1,1,1,0,0,2,1,1,1,1,27,6,3,0,0,0,0,0,9,1,3
3,1,9,0,9,0,8,0,0,0,0,3,1,1,2,41,7,2996,1,8,1,1,2,526720,182070,1,2,1,6,1,6,0,6,30,3,4,3,5,0,4,1,1,1,4,0,1,2,1,1,2,41,7,3,0,0,0,0,0,9,1,7
3,2,8,0,18,0,0,1,0,0,0,1,1,1,1,27,6,1896,2,7,1,1,2,394800,290550,20,2,1,7,303,3,459,3,30,0,4,6,0,0,0,4,8,2,0,0,1,2,1,1,1,27,6,3,0,0,0,0,0,8,1,4
3,1,9,0,18,0,0,0,0,0,0,3,1,6,3,38,7,1598,1,8,1,1,2,417430,433165,13,2,1,6,200,6,0,6,20,0,4,6,0,0,0,4,2,2,0,0,1,2,1,1,1,33,6,3,0,0,0,0,0,9,1,5
3,2,9,0,18,0,1,0,0,0,0,2,1,6,1,33,6,1598,1,8,3,2,3,192120,209010,63,3,2,2,752,3,4076,6,60,3,4,6,0,0,0,1,2,2,0,0,2,1,1,2,2,35,6,3,0,0,1,0,0,9,3,5
2,1,9,0,17,0,0,0,0,1,0,1,1,6,1,20,4,1994,2,12,2,6,2,349300,320240,22,2,6,6,286,3,528,6,60,0,4,6,0,0,0,1,1,2,0,0,2,1,5,2,1,22,5,2,0,0,2,0,0,9,2,3
3,2,1,0,18,0,1,0,0,0,0,1,1,6,1,70,10,1598,1,8,1,1,2,352940,433910,4,2,1,6,79,3,6,3,30,3,4,4,6241,0,0,1,1,2,0,0,1,1,1,1,1,70,10,3,0,0,0,0,0,1,1,9
3,1,9,0,18,0,4,0,0,0,0,1,1,6,1,24,5,1598,1,8,3,1,2,333670,441340,4,2,1,4,85,3,585,1,30,1,4,6,0,0,0,1,1,1,0,0,2,1,1,1,1,24,5,3,0,0,0,0,0,9,3,7
3,1,9,0,7,0,6,0,7,1,10,1,1,3,1,17,4,1998,2,10,1,1,1,522130,162056,45,1,1,6,38,3,240,6,30,3,4,6,0,0,8,1,1,1,0,0,1,1,1,1,1,17,4,3,0,0,0,0,0,9,1,10
3,1,9,0,18,0,0,0,0,0,0,1,1,6,2,34,6,1364,1,7,1,2,2,481093,214440,43,2,2,4,476,5,180,6,30,0,4,6,0,0,8,1,1,1,0,0,1,1,1,1,2,34,6,3,0,0,0,0,0,9,1,2
3,1,5,0,18,0,8,0,0,0,0,2,1,6,1,41,7,1598,1,8,1,1,3,528510,176790,1,3,1,2,10,3,3205,3,30,3,4,6,0,0,0,1,1,1,0,0,1,1,1,1,1,33,6,3,0,0,0,0,0,9,1,5
1,2,9,0,18,0,1,0,0,0,0,2,1,6,1,41,7,2996,2,16,1,3,2,555800,169290,46,2,3,1,532,3,225,6,30,6,3,6,0,0,0,4,1,1,0,0,2,1,3,2,2,15,3,3,0,0,1,0,0,9,1,8
3,1,21,1,1,0,8,0,0,0,0,3,1,1,1,26,6,11946,2,7,3,1,2,528924,423993,16,2,1,4,231,3,1033,6,60,3,4,6,0,0,0,6,1,4,0,0,2,1,1,1,1,33,6,3,0,0,0,0,0,9,1,5
3,1,9,0,18,0,6,0,0,0,0,1,1,2,2,25,5,1198,1,6,1,1,1,529897,136859,47,1,1,3,560,6,0,6,30,3,4,6,0,0,0,1,1,2,0,0,1,1,1,3,1,27,6,3,5,1,0,0,0,0,1,4
3,2,9,0,6,0,0,0,0,0,0,4,1,6,1,38,7,1590,1,10,1,1,2,543790,184200,1,2,1,5,16,3,124,6,30,0,4,6,0,0,0,1,1,1,0,0,1,1,1,1,1,33,6,3,0,0,0,0,0,9,1,5
3,1,8,0,4,0,2,0,0,0,0,2,1,1,1,25,5,1956,2,3,1,3,2,527230,181480,1,2,3,6,1,3,4209,6,30,6,2,3,5,0,5,1,1,1,0,0,1,1,2,2,1,50,8,3,0,0,2,0,0,8,3,6
3,1,9,0,18,0,2,0,0,0,0,4,1,6,1,28,6,1968,2,8,1,1,1,435133,387579,14,1,1,4,215,4,6539,6,30,3,4,6,0,0,4,1,1,1,0,0,1,1,1,3,2,40,7,3,5,1,0,0,0,0,1,1
2,1,1,0,18,0,8,0,0,0,0,4,1,2,1,26,6,1598,1,8,1,1,2,444019,113343,44,2,1,4,500,3,3035,6,30,6,2,3,3024,0,5,7,1,1,0,0,1,2,1,1,1,26,6,2,0,0,0,0,0,1,1,4
2,1,9,0,18,0,1,0,0,0,0,1,1,6,1,25,5,1598,1,8,1,4,1,383630,397490,6,1,4,1,102,3,5103,6,30,3,4,6,0,0,5,5,1,2,0,0,1,1,4,1,1,25,5,3,0,0,0,0,0,9,1,3
3,2,9,0,18,0,0,0,0,0,0,1,1,6,2,73,10,1493,2,8,3,1,2,585413,237639,42,2,1,3,451,6,0,6,60,0,4,6,0,0,0,1,1,1,0,0,2,1,1,1,2,73,10,3,0,0,0,0,0,9,3,7
2,1,9,0,17,0,0,0,0,1,11,1,1,6,1,23,5,1896,1,18,1,2,1,493813,102257,47,1,2,1,558,3,29,6,40,0,4,6,0,0,0,4,1,1,0,0,2,1,1,1,1,23,5,2,0,0,0,0,0,9,1,3
3,2,9,0,9,0,8,0,0,0,0,1,1,6,1,28,6,1598,1,8,1,1,2,536420,187230,1,2,1,6,13,3,104,6,30,3,4,6,0,0,0,4,2,2,0,0,1,1,1,1,1,33,6,3,0,0,0,0,0,9,1,5
3,2,9,0,11,0,1,0,0,0,0,4,1,6,3,38,7,1598,2,8,1,4,2,414259,434433,13,2,4,1,200,4,6144,3,30,3,4,6,0,0,0,4,1,1,0,0,1,2,1,1,1,33,6,3,0,0,0,0,0,9,1,5
3,1,8,0,18,0,4,0,0,0,0,1,1,6,1,38,7,1598,1,11,1,1,2,472392,174553,43,2,1,5,472,4,3345,1,30,2,4,4,3345,0,0,1,1,1,0,0,1,2,1,1,1,33,6,3,0,0,0,0,0,9,1,5
3,1,5,0,18,0,1,0,0,0,0,3,1,2,1,56,9,599,1,5,1,1,2,531450,183270,1,2,1,4,3,3,1,6,20,3,2,4,515,0,5,4,2,2,0,0,1,1,1,1,1,56,9,3,0,0,0,0,0,5,1,8
2,3,9,0,18,0,8,0,0,0,0,2,1,6,1,48,8,1461,2,2,1,6,8,377837,351757,21,8,6,6,253,1,6,3,70,5,4,1,6,0,0,1,1,1,0,3,2,1,3,1,1,48,8,2,0,0,0,0,0,9,1,5
2,1,9,0,17,0,0,0,6,1,10,1,1,6,1,39,7,1124,1,11,2,4,1,256055,860252,91,1,4,7,927,3,862,6,60,0,4,6,0,0,0,1,1,1,0,0,2,1,4,2,1,1,1,2,0,0,2,0,0,9,2,5
3,2,9,0,18,0,8,0,0,0,0,3,1,6,1,37,7,2990,1,23,1,2,2,408020,283320,20,2,2,1,300,6,0,6,30,6,4,6,0,0,0,1,1,1,0,0,1,1,1,1,1,33,6,3,0,0,0,0,0,9,1,5
3,2,9,0,18,0,4,0,0,0,0,2,1,6,2,39,7,1461,2,4,1,2,2,597147,225529,42,2,2,5,455,3,12,1,60,1,4,3,133,0,0,1,1,1,0,0,2,1,1,2,2,33,6,3,0,0,1,0,0,9,1,5
3,2,9,0,9,0,5,0,0,0,0,1,1,6,1,66,10,1389,1,18,1,1,2,331954,161237,52,2,1,1,605,3,370,6,30,3,2,6,0,0,5,1,1,1,0,0,1,1,1,1,1,33,6,3,0,0,0,0,0,9,1,5
2,2,21,1,18,0,8,5,0,0,0,1,1,1,1,48,8,12777,2,8,3,4,2,403030,240260,22,2,4,7,277,3,46,6,50,3,4,6,0,0,0,6,1,1,0,0,2,1,2,1,1,48,8,2,0,0,0,0,0,21,3,10
2,1,9,0,6,0,8,0,0,0,0,1,1,6,1,38,7,1598,1,8,1,1,2,507010,181560,1,2,1,7,26,6,0,6,30,3,4,6,0,0,0,4,1,2,0,0,1,1,1,1,1,33,6,3,0,0,0,0,0,9,1,5
3,2,9,0,4,0,0,0,0,0,0,2,1,6,1,49,8,1604,1,7,1,2,4,331860,431900,4,4,2,2,74,3,5230,3,30,0,4,6,0,0,0,1,1,1,0,0,1,1,1,2,2,45,7,3,0,0,1,0,0,9,1,5
3,1,9,0,18,0,2,0,4,0,0,1,1,6,1,23,5,1364,1,11,1,1,5,419110,552533,11,5,1,1,169,6,0,6,30,3,4,6,0,0,0,1,1,1,0,0,1,1,1,1,1,23,5,3,0,0,0,0,0,9,1,3
3,1,1,0,18,0,2,0,0,0,0,1,1,6,1,41,7,1598,1,8,1,1,2,529210,182710,1,2,1,1,2,3,400,6,30,3,4,6,0,0,0,4,1,1,0,0,1,2,1,1,1,41,7,3,0,0,0,0,0,1,1,8
3,2,3,0,5,0,8,0,0,0,0,1,1,6,1,21,5,1598,1,8,1,1,2,401750,287190,20,2,1,1,305,6,0,6,30,3,4,6,0,0,0,1,1,1,0,0,1,1,1,1,1,21,5,3,0,0,0,0,0,3,1,2
3,1,9,0,11,0,8,0,0,0,0,2,1,6,2,28,6,1799,1,8,1,3,3,530500,173920,1,3,3,6,9,3,23,6,30,3,2,5,0,0,5,4,1,1,0,0,1,1,3,2,2,13,3,3,0,0,2,0,0,9,1,2
3,1,9,0,7,0,5,0,0,0,0,1,1,6,2,37,7,1968,2,6,1,1,2,235985,618797,97,2,1,7,937,3,713,6,40,3,2,6,0,0,0,1,2,2,0,0,2,2,1,1,1,33,6,3,0,0,0,0,0,9,1,5
2,2,9,0,18,0,1,0,0,0,0,1,1,6,1,66,10,1461,2,1,1,1,2,425679,533567,11,2,1,3,169,6,0,6,30,6,4,6,0,0,0,1,1,1,0,0,1,1,1,1,1,33,6,3,0,0,0,0,0,9,1,5
3,1,19,0,17,0,0,1,0,0,0,1,1,1,1,33,6,2977,2,13,1,2,2,420470,382530,30,2,2,2,325,3,6187,6,40,0,4,6,0,0,0,1,2,2,0,0,2,1,1,1,1,33,6,3,0,0,0,0,0,19,1,5
3,3,9,0,18,0,0,0,0,0,0,2,1,6,2,38,7,1390,1,11,1,3,3,455670,366142,31,3,3,4,344,3,60,6,30,0,4,6,0,0,8,4,1,1,0,0,2,2,1,1,1,33,6,3,0,0,0,0,0,9,1,5
3,2,9,0,9,0,1,0,0,0,0,3,1,6,1,23,5,1896,2,11,1,3,2,408680,284560,20,2,3,3,300,3,4540,6,30,3,4,6,0,0,0,4,1,1,0,0,1,1,1,1,1,23,5,3,0,0,0,0,0,9,1,2
2,2,1,0,18,0,8,0,0,0,0,1,1,6,1,67,10,1598,1,8,1,1,2,394170,404860,6,2,1,2,104,3,669,6,30,3,4,6,0,0,0,1,1,1,0,0,1,1,1,1,1,67,10,2,0,0,0,0,0,1,1,4
3,1,9,0,18,0,0,0,0,0,0,1,1,6,1,51,8,1527,2,13,1,3,2,513010,174110,1,2,3,1,24,3,314,6,30,0,4,6,0,0,0,1,2,2,0,0,1,1,2,1,1,51,8,3,0,0,0,0,0,9,1,10
3,2,9,0,18,0,0,0,0,0,6,1,1,6,1,75,10,1598,1,12,1,3,2,242386,672647,97,2,3,6,935,1,8,3,70,0,4,6,0,0,0,1,1,2,0,0,2,1,1,2,1,48,8,3,0,0,1,0,0,9,1,5
3,1,9,0,6,0,0,0,0,0,0,3,1,6,1,26,6,1995,2,8,3,2,2,252951,131257,50,2,2,7,582,3,39,6,60,0,4,6,0,0,0,1,1,1,0,0,1,1,1,1,1,26,6,3,0,0,0,0,0,9,3,8
3,3,21,1,18,0,0,0,0,0,0,3,1,1,1,48,8,12419,2,3,1,1,3,445900,281550,23,3,1,7,292,1,6,3,70,0,4,6,0,0,0,1,2,2,0,0,2,1,1,1,1,33,6,3,0,0,0,0,0,9,1,5
3,2,9,0,9,0,8,0,7,0,0,3,1,6,1,43,7,1956,2,8,1,1,2,507740,176950,1,2,1,5,26,3,4,3,40,6,2,3,4,0,5,1,1,1,0,0,1,1,1,1,1,33,6,3,0,0,0,0,0,9,1,5
2,1,9,0,18,0,0,5,0,1,10,1,1,6,1,69,10,1591,1,6,3,2,1,350680,445700,4,1,2,6,85,1,6,3,70,0,4,6,0,0,0,1,1,1,0,0,2,1,2,2,2,58,9,3,0,0,1,0,0,9,3,7
3,3,9,0,14,0,0,0,0,0,0,1,1,6,1,50,8,1396,1,17,1,1,3,385947,155876,54,3,1,2,635,3,363,6,40,0,4,6,0,0,0,1,1,1,0,0,2,2,1,1,1,33,6,3,0,0,0,0,0,9,1,5
3,1,19,0,13,0,2,0,0,0,0,4,1,1,1,46,8,2198,2,3,1,1,2,489363,403301,16,2,1,6,232,6,0,6,50,3,4,6,0,0,0,1,1,1,0,0,2,1,1,1,1,33,6,3,0,0,0,0,0,9,1,5
3,1,9,0,7,0,6,0,0,0,0,2,1,6,1,38,7,1753,2,11,1,1,2,481908,214089,43,2,1,6,476,3,413,6,30,3,4,6,2015,0,4,4,1,2,0,0,1,1,1,1,1,33,6,3,0,0,0,0,0,9,1,5
2,2,1,0,17,0,8,0,0,0,0,4,1,6,1,23,5,1598,1,8,1,1,2,432867,422153,13,2,1,6,206,3,650,3,30,1,4,3,61,0,0,4,1,1,0,0,1,1,1,1,1,23,5,2,0,0,0,0,0,1,1,6
2,1,1,0,18,9,0,0,0,0,0,1,1,6,1,18,4,1598,1,8,1,2,1,513273,378205,32,1,2,4,351,6,0,6,30,0,4,6,0,0,0,6,1,1,0,0,2,2,2,3,1,89,11,3,10,9,0,0,0,0,2,5
2,1,9,0,18,0,8,0,0,0,0,1,1,1,1,36,7,2000,2,11,1,1,2,479817,264083,34,2,1,4,384,6,8067,6,30,3,4,6,8057,0,1,1,1,1,0,0,1,1,1,1,1,33,6,3,0,0,0,0,0,9,1,5
3,2,1,0,18,0,8,0,0,0,0,4,1,2,1,42,7,1598,1,8,1,1,2,508547,199726,41,2,1,2,436,3,41,3,40,9,4,6,0,0,7,1,1,1,0,0,2,1,1,1,1,42,7,3,0,0,0,0,0,1,1,8
3,3,20,0,3,0,0,0,0,0,0,2,1,1,1,69,10,6174,2,15,1,2,3,433916,560951,10,3,2,5,149,3,184,3,70,0,4,6,0,0,0,1,1,1,0,0,2,1,1,1,1,33,6,3,0,0,0,0,0,9,1,5
3,2,9,0,18,0,1,0,0,0,0,1,1,6,2,20,4,1598,1,8,1,1,2,315081,197620,61,2,1,5,731,4,4254,6,30,6,2,6,0,0,0,1,1,1,0,0,1,1,1,1,2,20,4,3,0,0,0,0,0,9,1,5
2,1,9,0,9,0,5,0,0,0,0,2,1,3,2,19,4,1998,1,10,1,1,2,488775,149829,45,2,1,3,511,5,17,6,30,8,4,6,0,0,0,1,2,2,0,0,1,1,1,1,1,33,6,3,0,0,0,0,0,9,1,5
3,2,5,0,10,0,1,0,0,0,0,2,1,6,1,23,5,124,1,5,1,1,3,560430,168300,46,3,1,4,538,5,252,6,30,3,4,6,0,0,0,4,1,1,0,0,1,1,1,1,1,23,5,3,0,0,0,0,0,5,1,4
2,1,9,0,13,0,0,0,0,0,0,1,1,6,2,78,11,1598,1,8,1,6,3,526089,222529,41,3,6,4,435,3,602,6,40,0,4,6,0,0,0,4,1,2,0,0,1,1,2,2,1,82,11,2,0,0,1,0,0,9,1,3
3,3,9,0,10,0,1,0,0,0,0,1,1,2,1,58,9,4396,1,13,1,2,3,407090,269260,22,3,2,4,274,6,0,6,40,3,4,6,0,0,0,1,1,1,0,0,2,1,1,1,1,33,6,3,0,0,0,0,0,9,1,5
3,1,9,0,11,0,8,0,0,0,0,4,1,6,1,21,5,2457,1,9,1,3,2,540810,190470,1,2,3,1,14,3,406,3,50,5,4,6,0,0,0,4,1,1,0,0,1,1,3,2,2,25,5,3,0,0,1,0,0,9,1,4
3,2,9,0,17,0,0,0,0,0,0,1,1,6,1,50,8,1598,1,8,3,2,2,322970,481120,3,2,2,5,65,3,595,6,40,0,4,6,0,0,0,6,2,2,0,0,2,1,2,2,1,42,7,3,0,0,1,0,0,9,1,9
1,1,1,0,18,9,2,0,0,0,11,1,1,6,1,54,8,1598,1,8,1,1,1,536462,204518,41,1,1,2,430,4,176,6,30,3,4,6,204,0,0,1,1,1,0,0,1,2,1,1,1,54,8,1,0,0,0,0,0,1,1,3
2,1,5,0,14,0,0,0,0,0,0,1,1,2,1,28,6,998,1,21,1,1,3,287786,70647,50,3,1,3,585,6,0,6,40,0,4,6,0,0,0,1,1,1,0,0,1,1,1,1,1,28,6,2,0,0,0,0,0,5,1,4
3,2,9,0,4,0,1,0,0,0,0,2,1,6,1,66,10,1461,2,6,2,5,2,577447,195233,42,2,5,2,454,3,132,7,60,5,4,3,1245,0,0,1,1,1,0,0,2,1,3,2,2,67,10,3,0,0,1,0,0,9,1,5
3,1,9,0,9,0,6,0,0,0,0,1,2,6,1,36,7,1598,1,8,1,1,2,546700,263200,35,2,1,7,395,5,206,6,50,8,4,6,0,0,0,1,1,1,0,0,2,1,1,1,1,33,6,3,0,0,0,0,0,9,1,5
3,1,9,0,5,0,6,0,0,0,0,3,1,6,1,44,7,1900,2,14,1,1,2,428607,431051,13,2,1,4,204,6,0,6,30,3,4,6,0,0,0,1,1,2,0,0,1,1,1,1,1,33,6,3,0,0,0,0,0,9,1,5
3,2,9,0,18,0,0,0,0,0,0,1,1,6,2,59,9,998,1,13,3,1,2,414336,596409,10,2,1,5,139,3,697,6,60,0,4,6,0,0,0,1,1,2,0,0,2,1,1,1,1,33,6,3,0,0,0,0,0,9,1,5
1,2,9,0,18,0,0,0,0,0,0,1,1,6,1,53,8,1798,1,6,1,7,2,570320,172720,46,2,7,7,535,5,2,6,50,0,4,6,0,0,0,6,1,2,0,0,2,1,2,1,1,53,8,2,0,0,0,0,0,9,1,2
3,1,19,0,18,0,0,0,0,0,0,1,1,6,1,38,7,1968,2,8,1,1,3,541410,161470,1,3,1,4,19,3,233,6,30,0,4,6,0,0,0,1,1,1,0,0,1,1,1,1,1,33,6,3,0,0,0,0,0,9,1,5
2,1,9,0,18,0,0,5,0,1,7,1,1,6,2,30,6,1149,1,15,1,4,1,426505,263423,23,1,4,7,294,3,46,3,70,0,4,6,0,0,0,1,1,1,0,0,2,1,1,1,2,30,6,2,0,0,0,0,0,9,1,4
2,1,1,0,16,0,0,1,0,0,0,1,1,6,2,48,8,1598,1,8,1,1,2,475529,127687,44,2,1,2,497,6,0,6,60,0,4,6,0,0,0,1,1,2,0,0,2,1,1,1,2,48,8,2,0,0,0,0,0,1,1,10
3,1,1,0,18,0,8,5,0,0,0,4,1,6,1,31,6,1598,1,8,1,1,2,428376,434061,13,2,1,4,204,3,65,3,30,3,4,6,0,0,0,1,1,1,0,0,1,2,1,1,1,31,6,3,0,0,0,0,0,1,1,8
3,2,9,0,18,0,0,0,0,0,0,1,1,2,1,22,5,1686,2,2,2,1,3,635650,147600,46,3,1,5,533,3,258,6,40,0,4,6,0,0,0,5,1,1,0,0,2,1,1,2,2,19,4,3,0,0,1,0,0,9,1,5
3,2,19,0,13,0,8,0,0,0,0,4,1,2,1,27,6,2198,2,4,1,1,2,464339,320592,33,2,1,5,362,3,46,3,70,5,4,3,46,0,0,1,1,1,0,0,2,1,1,1,1,33,6,3,0,0,0,0,0,9,1,5
3,1,21,0,18,0,8,0,0,0,0,4,1,1,1,47,8,1598,1,8,1,1,1,529470,181440,1,1,1,4,1,6,0,6,30,3,4,6,0,0,0,1,1,1,0,0,1,1,1,3,1,25,5,3,9,5,0,0,2,0,1,6
3,1,9,0,18,0,1,0,0,0,0,4,1,6,2,30,6,1598,2,1,3,1,1,253820,659244,97,1,1,2,926,6,0,6,30,3,4,6,0,0,0,1,4,1,0,0,1,1,1,3,1,8,2,3,5,2,0,0,0,0,1,5
2,1,8,0,18,0,0,1,0,0,0,1,1,1,1,49,8,1995,2,4,1,1,1,446040,238316,43,1,1,7,481,6,137,6,30,0,4,6,0,0,4,4,1,2,0,0,2,1,1,3,1,25,5,2,5,9,0,0,0,0,1,2
3,1,9,0,2,0,2,0,0,0,0,3,1,6,1,32,6,1956,2,2,1,2,2,531300,189850,1,2,2,3,31,6,0,6,30,3,4,3,105,0,0,1,1,1,0,0,1,1,1,1,1,33,6,3,0,0,0,0,0,9,1,5
3,3,9,0,18,0,8,0,0,0,0,1,1,6,1,42,7,1598,1,13,1,2,3,525870,165710,1,3,2,6,21,4,2230,6,30,3,4,6,0,0,0,1,1,1,0,0,1,1,2,1,1,42,7,3,0,0,0,0,0,9,1,8
3,1,21,1,13,0,0,0,0,0,0,4,1,1,1,54,8,1598,2,11,1,1,2,360471,390426,7,2,1,3,128,3,49,3,30,0,4,6,0,0,0,1,1,1,0,0,1,1,1,1,1,33,6,3,0,0,0,0,0,9,1,5
3,1,9,0,18,0,0,5,0,2,4,1,1,6,1,31,6,2179,2,8,3,2,2,427820,314300,30,2,2,6,328,5,30,6,60,0,4,6,0,0,0,1,1,1,0,0,2,1,1,1,1,31,6,3,0,0,0,0,0,9,3,6
3,1,9,0,18,0,0,5,0,0,0,1,1,6,1,26,6,1598,1,8,1,1,2,294188,198559,62,2,1,5,744,3,4061,6,60,0,4,6,0,0,0,1,1,1,0,0,2,1,1,1,1,26,6,3,0,0,0,0,0,9,1,5
3,2,3,0,13,0,8,0,0,0,0,1,1,6,3,38,7,1598,1,8,1,1,2,547350,167810,1,2,1,4,19,6,0,6,30,3,4,6,0,0,0,1,1,1,0,0,1,1,1,1,1,33,6,3,0,0,0,0,0,9,1,5