accident_severity,vehicle_reference,vehicle_type,towing_and_articulation,vehicle_manoeuvre,vehicle_location-restricted_lane,junction_location,skidding_and_overturning,hit_object_in_carriageway,vehicle_leaving_carriageway,hit_object_off_carriageway,1st_point_of_impact,was_vehicle_left_hand_drive?,journey_purpose_of_driver,sex_of_driver,age_of_driver,age_band_of_driver,engine_capacity_(cc),propulsion_code,age_of_vehicle,driver_home_area_type,NUmber_of_Casualities_unique_to_accident_index,No_of_Vehicles_involved_unique_to_accident_index,location_easting_osgr,location_northing_osgr,police_force,number_of_vehicles,number_of_casualties,day_of_week,local_authority_(district),1st_road_class,1st_road_number,road_type,speed_limit,junction_detail,junction_control,2nd_road_class,2nd_road_number,pedestrian_crossing-human_control,pedestrian_crossing-physical_facilities,light_conditions,weather_conditions,road_surface_conditions,special_conditions_at_site,carriageway_hazards,urban_or_rural_area,did_police_officer_attend_scene_of_accident,casualty_reference,casualty_class,sex_of_casualty,age_of_casualty,age_band_of_casualty,casualty_severity,pedestrian_location,pedestrian_movement,car_passenger,bus_or_coach_passenger,pedestrian_road_maintenance_worker,casualty_type,casualty_home_area_type,casualty_imd_decile
3,2,9,0,18,0,8,0,0,0,0,1,1,6,1,94,11,995,1,7,1,1,2,542490,166370,1,2,1,5,19,6,0,6,30,3,4,6,0,0,0,1,1,2,0,0,1,1,1,1,1,94,11,3,0,0,0,0,0,9,1,5
3,2,9,0,9,0,7,0,0,0,0,1,1,6,1,62,9,2204,2,9,3,1,2,372256,86954,55,2,1,3,645,3,352,6,60,8,4,6,0,0,0,1,1,1,0,0,2,1,1,1,1,33,6,3,0,0,0,0,0,9,1,5
3,3,19,0,18,0,0,0,0,0,0,1,1,2,1,42,7,2143,2,4,2,1,3,313448,90432,50,3,1,2,580,3,375,6,60,0,4,6,0,0,0,1,2,2,0,0,2,1,1,1,1,33,6,3,0,0,0,0,0,9,1,5
3,1,9,0,18,0,8,0,0,0,0,1,1,6,2,25,5,1598,1,10,1,1,2,538280,162160,1,2,1,4,20,5,0,6,30,3,4,6,0,0,0,7,1,1,0,0,1,2,1,1,2,25,5,3,0,0,0,0,0,9,1,2
3,1,9,0,9,0,5,1,0,0,0,3,1,6,1,49,8,2495,2,16,1,1,1,433357,293629,23,1,1,1,291,6,0,6,30,2,4,4,4114,0,0,4,1,2,0,0,2,1,1,3,1,54,8,3,5,1,0,0,0,0,1,2
2,1,21,1,4,0,0,1,0,0,0,1,1,1,1,51,8,1598,1,8,1,1,2,446317,289744,33,2,1,7,360,4,4114,6,60,0,4,6,0,0,0,6,4,1,0,0,2,1,1,1,1,33,6,3,0,0,0,0,0,9,1,5
3,2,11,0,18,0,8,0,0,0,0,0,1,1,1,44,7,6370,2,7,2,1,2,424607,564458,10,2,1,6,147,4,1307,6,30,3,2,6,1105,0,4,1,1,1,0,0,1,1,1,2,2,93,11,3,0,0,0,4,0,11,1,10
3,2,9,0,2,0,0,0,0,0,0,3,1,6,3,38,7,1299,1,13,1,1,2,409288,91414,55,2,1,5,640,5,320,6,30,0,4,6,0,0,0,1,1,1,0,0,1,1,1,1,1,33,6,3,0,0,0,0,0,9,1,5
3,2,9,0,9,0,5,0,0,0,0,1,1,6,1,20,4,1598,2,5,1,1,2,393590,299870,20,2,1,5,309,6,0,6,30,8,4,6,0,0,4,1,1,1,0,0,1,1,1,1,1,33,6,3,0,0,0,0,0,9,1,5
3,1,9,0,4,0,1,1,0,5,6,3,1,6,1,38,7,1994,1,10,1,3,2,387262,339035,21,2,3,3,255,3,34,3,40,1,4,3,34,0,0,7,1,2,0,0,2,1,1,1,1,38,7,3,0,0,0,0,0,9,1,6
3,2,9,0,3,0,4,0,0,0,0,1,1,3,2,56,9,1364,1,9,1,2,2,493471,180990,43,2,2,4,473,3,4,1,40,1,4,1,4,0,0,1,1,1,0,0,1,2,2,2,1,21,5,3,0,0,2,0,0,9,1,7
3,2,9,0,18,0,8,0,0,0,0,3,1,6,2,38,7,1796,1,6,1,1,2,398650,385710,30,2,1,5,325,4,6101,6,30,8,4,6,0,0,0,1,1,1,0,0,2,2,1,1,2,33,6,3,0,0,0,0,0,9,1,5
3,1,9,0,18,0,0,0,0,0,0,1,1,2,1,27,6,1198,1,7,1,1,3,519560,182260,1,3,1,6,27,3,40,3,40,0,4,6,0,0,0,1,1,1,0,0,1,1,1,1,1,33,6,3,0,0,0,0,0,9,1,5
3,1,9,0,16,0,0,5,0,7,10,1,1,6,2,23,5,1999,1,10,3,1,1,371940,291730,22,1,1,5,286,4,4555,6,40,0,4,6,0,0,0,1,2,2,0,0,2,1,1,1,2,23,5,3,0,0,0,0,0,9,3,5
3,1,9,0,1,0,2,0,0,0,0,2,1,6,1,31,6,2497,2,10,1,1,1,623250,136620,46,1,1,7,539,3,2033,6,30,3,4,6,0,0,8,1,2,2,0,0,1,1,1,3,1,65,9,3,5,3,0,0,0,0,1,5
3,1,9,0,1,0,8,0,0,0,0,2,1,6,1,61,9,1968,2,6,1,1,2,536540,198450,1,2,1,5,32,5,0,6,30,8,4,6,0,0,0,1,1,1,0,0,1,1,1,1,1,61,9,3,0,0,0,0,0,9,1,3
3,2,5,0,18,0,8,1,0,1,0,1,1,6,1,37,7,998,1,11,1,1,2,216290,778660,91,2,1,1,927,3,82,6,60,3,4,6,0,0,0,1,1,1,0,0,2,1,1,1,1,37,7,3,0,0,0,0,0,5,1,5
2,1,9,0,18,0,2,0,0,0,0,1,1,6,2,45,7,1998,1,12,1,1,1,499683,151319,45,1,1,4,511,6,4023,6,30,3,4,6,0,0,0,4,1,1,0,0,1,1,1,3,2,87,11,2,5,3,0,0,0,0,1,5
3,1,9,0,18,0,0,0,0,0,0,1,1,6,2,38,7,1598,1,8,1,1,1,409486,424905,13,1,1,1,202,6,0,9,20,0,4,6,0,0,0,1,1,1,0,0,1,2,1,3,1,46,8,3,10,9,0,0,0,0,1,3
3,2,9,0,18,0,8,0,0,0,0,2,1,6,1,38,7,1398,2,12,1,1,2,434520,282120,20,2,1,5,302,3,444,1,30,1,4,4,4113,0,0,1,9,1,0,0,1,2,1,1,1,33,6,3,0,0,0,0,0,9,1,9
3,1,9,0,3,0,2,0,0,0,0,4,1,6,1,41,7,1364,1,9,1,1,1,371450,411760,6,1,1,7,100,3,666,6,30,3,4,3,675,0,0,1,1,1,0,0,1,1,1,3,2,42,7,3,5,1,0,0,0,0,1,2
2,1,9,0,16,0,0,1,11,0,0,1,1,6,1,20,4,1968,2,10,2,6,2,332540,289540,22,2,6,1,286,4,4385,6,60,0,4,6,0,0,0,1,1,1,0,6,2,1,1,1,1,20,4,2,0,0,0,0,0,9,2,4
2,2,9,0,18,0,0,0,0,7,6,2,1,6,2,28,6,1598,1,14,1,1,2,510158,206572,41,2,1,6,434,1,1,3,70,0,4,6,0,0,0,1,1,1,0,0,2,1,1,1,2,28,6,2,0,0,0,0,0,9,1,6
3,4,9,0,3,0,0,0,0,0,0,2,1,6,1,47,8,1560,2,5,1,1,4,517190,186190,1,4,1,7,28,3,4088,6,30,0,4,6,0,0,1,1,1,2,0,0,1,1,1,1,1,33,6,3,0,0,0,0,0,9,1,5
3,2,9,0,3,0,0,0,0,0,0,2,1,1,1,26,6,1598,1,8,1,2,3,503122,178182,43,3,2,3,473,1,4,3,70,0,4,6,0,0,0,1,1,1,0,0,2,1,2,1,1,26,6,3,0,0,0,0,0,9,1,7
3,1,3,0,18,0,0,0,0,0,0,1,1,6,1,24,5,124,1,8,1,1,1,526200,175160,1,1,1,4,10,3,214,6,30,0,4,6,0,0,4,4,1,1,0,0,1,1,1,3,2,21,5,3,1,3,0,0,2,0,1,5
3,2,8,0,18,0,8,0,0,0,0,4,1,1,1,29,6,1968,2,7,1,2,2,385391,352732,21,2,2,5,257,6,0,6,30,6,4,6,0,0,0,1,1,1,0,0,1,1,1,1,1,29,6,3,0,0,0,0,0,8,1,2
3,2,1,0,18,0,0,0,0,0,0,4,1,6,1,46,8,1598,1,8,1,1,2,436825,567031,10,2,1,7,149,5,411,6,30,0,4,6,0,0,0,1,1,1,0,0,1,2,1,1,1,46,8,3,0,0,0,0,0,1,1,4
3,1,9,0,18,0,0,0,0,0,0,1,1,6,1,38,7,1598,1,8,1,1,2,511138,196569,41,2,1,1,437,3,411,2,30,0,4,6,0,0,7,4,1,1,0,0,1,2,1,1,1,33,6,3,0,0,0,0,0,9,1,5
3,1,5,0,4,0,0,2,0,0,0,1,1,6,1,67,10,1598,1,8,1,1,2,319424,816534,92,2,1,3,930,3,939,6,60,0,4,6,0,0,0,1,5,2,0,0,2,1,1,1,1,67,10,3,0,0,0,0,0,5,1,5
2,2,1,0,18,0,1,0,0,0,0,1,1,6,1,40,7,1598,1,8,1,2,2,514665,168749,45,2,2,1,510,3,3050,6,30,6,4,6,0,0,0,1,1,1,0,2,1,1,2,1,1,40,7,3,0,0,0,0,0,1,1,5
3,1,21,0,18,0,0,0,0,0,0,1,1,1,1,58,9,11705,2,7,1,1,2,401200,295960,20,2,1,2,307,1,6,3,70,0,4,6,0,0,0,1,1,1,4,0,1,1,1,1,1,33,6,3,0,0,0,0,0,9,1,5
3,1,19,0,18,0,0,0,0,0,0,0,1,6,3,38,7,1598,1,8,1,1,2,302464,664315,95,2,1,1,940,6,0,6,40,0,4,6,0,0,0,1,1,1,0,2,2,2,1,1,1,33,6,3,0,0,0,0,0,9,1,5
3,1,9,0,3,0,1,0,0,0,0,2,1,6,2,38,7,1798,1,6,1,5,3,541790,191610,1,3,5,2,14,5,0,6,30,3,4,6,0,0,0,1,1,1,0,0,1,1,4,1,2,38,7,3,0,0,0,0,0,9,1,5
1,1,9,0,9,0,5,0,0,0,0,4,1,6,2,83,11,2494,1,14,2,2,2,377718,363996,7,2,2,7,129,3,50,6,60,3,4,3,5022,0,0,1,1,1,0,0,2,1,2,1,2,83,11,3,0,0,0,0,0,9,2,9
3,1,9,0,9,0,2,0,0,0,0,3,1,2,1,51,8,1796,1,11,1,1,1,529820,178390,1,1,1,2,1,3,202,3,30,3,2,4,310,0,5,4,2,2,0,0,1,1,1,3,2,46,8,3,4,3,0,0,2,0,3,9
3,1,9,0,18,0,0,0,0,0,0,1,1,6,2,57,9,1388,1,2,1,4,3,408250,292890,20,3,4,1,300,3,453,3,30,0,4,6,0,0,0,1,1,1,0,0,1,1,1,1,2,57,9,3,0,0,0,0,0,9,1,1
3,2,9,0,14,0,0,0,0,0,0,3,1,6,1,49,8,1999,1,9,2,1,2,519312,236622,40,2,1,6,424,6,0,6,30,0,4,6,0,0,0,1,1,1,0,0,2,1,1,1,1,33,6,3,0,0,0,0,0,9,1,5
2,1,9,0,17,0,0,0,0,0,0,1,1,6,1,33,6,1598,1,8,1,2,2,399371,297515,20,2,2,2,307,1,4038,9,70,0,4,6,0,0,0,4,1,2,0,0,1,2,2,2,1,54,8,3,0,0,1,0,0,9,1,5
2,3,19,0,2,0,0,0,0,0,0,2,1,6,3,38,7,1753,2,9,1,1,3,416543,434759,13,3,1,1,200,3,6176,6,30,0,4,6,0,0,0,1,1,1,0,0,1,1,1,1,1,33,6,3,0,0,0,0,0,9,1,5
3,2,9,0,18,0,0,0,0,0,0,1,1,2,1,27,6,1149,1,9,1,1,2,413090,287000,20,2,1,6,300,3,4040,6,30,0,4,6,0,0,0,1,1,1,0,0,1,1,1,1,1,27,6,3,0,0,0,0,0,9,1,8
3,2,9,0,4,0,0,0,0,0,0,2,1,6,1,53,8,1798,1,8,1,2,2,620238,243830,37,2,2,5,415,5,322,6,30,0,4,6,0,0,0,1,1,1,0,0,1,1,2,2,2,26,6,3,0,0,1,0,0,9,1,7
3,2,9,0,18,0,8,0,0,0,0,4,1,1,2,27,6,1086,1,9,1,1,2,398870,294230,20,2,1,3,305,3,4196,6,30,3,4,6,0,0,0,1,1,1,0,0,1,2,1,1,2,27,6,3,0,0,0,0,0,9,1,2
3,1,9,0,10,0,6,0,0,0,0,3,1,6,1,39,7,2987,2,6,1,2,2,496386,180117,43,2,2,7,473,3,355,3,30,8,4,6,0,0,5,4,1,1,0,0,1,1,1,1,1,39,7,3,0,0,0,0,0,9,1,3
3,2,1,0,18,0,8,0,0,0,0,1,1,2,1,20,4,1598,1,8,1,1,2,415247,132174,54,2,1,4,635,6,0,6,30,8,4,6,0,0,0,1,1,1,0,0,1,1,1,1,1,20,4,3,0,0,0,0,0,1,1,10
3,2,9,0,2,0,0,0,0,1,11,2,1,6,2,26,6,999,1,8,1,1,4,442404,521555,17,4,1,7,245,6,0,6,30,0,4,6,0,0,0,4,1,1,0,0,1,1,1,1,1,33,6,3,0,0,0,0,0,9,1,5
2,2,1,0,18,0,6,0,0,0,0,3,1,6,2,43,7,1598,1,8,1,1,2,391190,804807,92,2,1,5,910,6,0,6,30,3,4,6,0,0,0,1,1,1,0,0,1,1,1,1,2,43,7,2,0,0,0,0,0,1,1,5
3,1,9,0,3,0,0,0,0,0,0,2,1,6,1,34,6,998,1,12,1,1,2,537540,182160,1,2,1,1,5,4,140,6,30,0,4,6,0,0,1,4,1,1,0,0,1,2,1,1,1,34,6,3,0,0,0,0,0,9,1,2
2,2,9,0,7,0,5,0,0,0,0,0,1,6,3,38,7,1598,1,8,1,2,3,531179,128526,47,3,2,5,563,4,2036,6,50,8,4,6,0,0,0,1,1,1,0,0,2,1,1,1,1,33,6,3,0,0,0,0,0,9,1,5
3,1,9,0,17,0,8,0,0,0,0,1,1,1,1,33,6,1956,2,1,1,2,3,518510,182750,1,3,2,3,27,3,406,1,30,1,4,3,406,0,0,1,1,1,0,0,1,1,1,1,1,33,6,3,0,0,0,0,0,9,1,5
3,2,9,0,3,0,1,0,0,0,0,2,1,1,2,28,6,999,1,3,1,1,2,417484,501273,12,2,1,1,184,3,6108,6,30,3,4,4,6271,0,0,1,2,2,0,0,2,2,1,1,2,28,6,3,0,0,0,0,0,9,1,10
3,1,9,0,4,0,2,0,0,0,0,2,1,6,1,35,6,2494,1,11,2,1,2,652667,307083,36,2,1,1,402,5,610,6,30,3,4,5,610,0,0,1,1,1,0,6,1,1,1,1,1,35,6,3,0,0,0,0,0,9,2,6
3,1,9,4,18,0,1,0,0,0,0,1,1,1,1,44,7,2663,2,20,2,1,2,544730,307410,35,2,1,7,392,3,47,1,60,1,4,4,198,0,0,1,1,1,0,0,2,1,1,1,1,33,6,3,0,0,0,0,0,9,1,5
3,2,1,0,18,0,0,0,0,0,0,1,1,6,1,12,3,1598,1,8,1,1,2,489246,239667,43,2,1,6,479,6,1103,6,30,0,4,6,0,0,0,1,1,1,0,0,1,3,1,1,1,12,3,3,0,0,0,0,0,1,1,7
3,2,3,0,18,0,1,0,0,0,0,1,1,6,1,40,7,125,1,11,1,1,2,500339,157944,45,2,1,1,518,3,320,6,30,8,4,6,0,0,0,1,1,1,0,0,1,1,1,1,1,40,7,3,0,0,0,0,0,3,1,5
3,1,9,0,9,0,1,0,7,0,0,1,1,6,2,77,11,1598,1,8,1,1,1,261818,190400,62,1,1,2,745,3,4067,6,30,3,4,4,4436,0,0,4,2,2,0,0,1,1,1,1,2,77,11,3,0,0,0,0,0,9,1,5
3,1,9,0,12,0,7,0,0,0,0,0,1,6,3,38,7,1598,1,8,1,1,2,449857,245750,42,2,1,4,461,3,133,7,70,5,4,3,120,0,0,1,9,1,0,0,2,2,1,1,1,33,6,3,0,0,0,0,0,9,1,5
3,2,9,0,18,0,8,0,0,0,0,1,1,6,3,38,7,1598,1,8,1,1,2,524160,175620,1,2,1,7,10,3,219,6,30,3,2,4,306,0,5,4,1,1,0,0,1,2,1,1,1,33,6,3,0,0,0,0,0,9,1,5
3,1,5,0,18,0,1,0,0,0,0,0,1,2,1,35,6,599,1,15,1,1,2,364922,389962,7,2,1,3,128,6,0,6,30,3,4,6,0,0,0,6,2,2,0,0,1,1,1,1,1,35,6,3,0,0,0,0,0,5,1,2
3,1,9,0,13,0,1,0,0,0,0,1,1,6,1,52,8,1998,1,15,1,1,1,526873,409274,16,1,1,3,233,6,0,6,30,3,4,6,0,0,5,1,2,2,0,0,1,1,1,3,1,12,3,3,4,3,0,0,0,0,1,9
3,1,9,0,18,0,0,0,0,0,0,1,1,1,1,51,8,1968,2,1,1,2,3,514830,293160,35,3,2,5,393,2,1,3,70,0,4,6,0,0,0,1,1,1,0,0,2,1,1,1,1,51,8,3,0,0,0,0,0,9,1,5
3,2,9,0,11,0,8,0,4,0,0,1,1,2,1,38,7,2792,1,12,3,1,2,514790,177400,1,2,1,3,25,6,0,6,30,3,4,6,0,0,0,1,2,2,0,0,1,2,1,1,1,33,6,3,0,0,0,0,0,9,1,5
3,2,9,0,10,0,1,0,0,0,0,2,1,6,2,44,7,1598,1,8,1,5,2,309736,379515,60,2,5,1,724,3,5151,6,60,3,4,6,0,0,0,1,1,1,0,0,2,1,4,2,2,11,3,3,0,0,1,0,0,9,1,5
3,1,9,0,18,0,1,0,0,0,0,1,1,6,1,29,6,1461,2,1,1,2,2,530166,108321,47,2,2,7,565,3,23,6,40,3,4,6,0,0,0,1,1,1,0,0,1,1,1,1,1,29,6,3,0,0,0,0,0,9,1,8
3,1,9,0,18,0,0,0,0,0,0,1,1,1,1,47,8,1968,2,2,2,1,3,378300,346710,21,3,1,6,253,1,6,3,70,0,4,6,0,0,0,1,1,1,0,0,2,1,1,1,1,47,8,3,0,0,0,0,0,9,2,8
3,2,9,0,18,0,1,0,0,0,0,1,1,6,2,25,5,1896,2,6,1,3,3,482053,391271,32,3,3,3,356,6,0,6,60,3,4,6,0,0,0,1,1,1,0,0,2,1,2,1,2,25,5,3,0,0,0,0,0,9,1,6
3,1,20,0,18,0,1,2,10,8,10,1,1,1,1,49,8,4461,2,6,1,3,1,400460,859353,92,1,3,3,911,3,952,6,60,5,4,3,90,0,0,1,1,1,0,0,2,1,3,2,2,49,8,3,0,0,2,0,0,20,1,5
3,1,9,0,17,0,0,1,0,1,1,3,1,2,1,21,5,1198,1,10,3,1,1,564650,199927,42,1,1,3,452,3,12,3,70,0,4,6,0,0,0,4,1,1,0,0,2,1,1,1,1,21,5,3,0,0,0,0,0,9,3,7
3,2,1,0,9,0,8,0,0,0,0,4,1,6,1,50,8,1598,1,8,1,1,2,525370,192240,1,2,1,4,30,5,0,1,30,1,4,5,0,0,0,4,1,1,0,0,1,1,1,1,1,50,8,3,0,0,0,0,0,1,1,10
3,1,9,0,4,0,1,0,0,0,0,4,1,6,1,72,10,2494,1,22,1,1,2,413020,285820,20,2,1,4,300,6,0,6,30,6,4,3,4040,0,0,1,1,1,0,0,1,1,1,1,1,33,6,3,0,0,0,0,0,9,1,5
3,2,9,0,3,0,0,0,0,0,0,2,1,6,1,42,7,1998,1,8,1,2,3,518820,303170,35,3,2,5,394,3,15,3,70,0,4,6,0,0,0,6,1,2,0,0,2,2,4,1,1,42,7,3,0,0,0,0,0,9,1,6
3,2,9,0,14,0,2,0,0,0,0,1,1,6,1,49,8,998,1,6,1,4,2,620480,136030,46,2,4,2,539,6,3905,6,30,3,4,6,0,0,0,1,2,2,0,0,1,1,2,1,1,49,8,3,0,0,0,0,0,9,1,7
3,2,1,0,18,0,1,0,0,0,0,1,1,6,2,28,6,1598,1,8,1,1,2,407244,93834,55,2,1,7,643,3,3049,1,30,1,4,5,0,0,0,1,1,1,0,0,1,2,1,1,2,28,6,3,0,0,0,0,0,1,1,5
3,3,9,0,2,0,1,0,0,0,0,1,1,6,2,22,5,1598,1,8,2,1,3,302910,252670,63,3,1,7,753,3,470,6,60,8,4,6,0,0,0,1,1,1,0,0,2,1,1,1,1,33,6,3,0,0,0,0,0,9,1,5
3,2,9,0,18,0,1,0,0,0,0,3,1,6,1,23,5,1686,2,11,1,1,2,393883,221765,53,2,1,2,620,6,709,6,30,6,4,6,540,0,0,1,1,1,0,0,1,1,1,1,1,23,5,3,0,0,0,0,0,9,1,3
3,1,9,0,18,0,1,0,0,7,0,1,1,2,1,33,6,1560,2,1,2,2,2,280343,872322,91,2,2,2,927,4,9175,6,60,3,4,6,0,0,0,1,1,1,0,0,2,1,2,2,1,35,6,3,0,0,1,0,0,9,1,5
3,1,9,0,18,0,0,0,0,0,0,1,1,6,3,38,7,1598,1,8,1,1,2,620890,137670,46,2,1,4,539,1,20,6,60,0,4,6,0,0,0,1,1,1,0,0,2,1,1,1,1,33,6,3,0,0,0,0,0,9,1,5
3,1,1,0,18,0,2,0,0,0,0,1,1,6,1,13,3,1598,1,8,1,1,2,389470,391500,6,2,1,3,109,4,6167,6,30,3,4,6,0,0,4,1,1,1,0,0,1,1,1,1,1,13,3,3,0,0,0,0,0,1,1,3
3,1,9,0,18,0,1,0,0,0,0,1,1,6,1,54,8,2993,2,1,3,2,2,501707,449690,16,2,2,7,231,3,164,6,50,3,4,6,0,0,0,1,1,1,0,0,2,1,2,2,2,54,8,3,0,0,1,0,0,9,3,7
1,1,21,1,16,0,8,0,0,0,0,3,1,1,1,45,7,12777,2,7,1,2,3,354362,348995,7,3,2,6,130,3,49,6,60,3,4,6,0,0,0,1,2,2,0,0,2,1,2,1,1,45,7,3,0,0,0,0,0,21,1,8
3,1,9,0,18,0,0,0,0,0,0,1,1,2,1,22,5,1598,1,8,1,3,2,393574,90396,55,2,3,5,644,3,351,6,60,0,4,6,0,0,0,1,1,1,0,0,2,1,1,1,1,22,5,3,0,0,0,0,0,9,1,7
3,1,9,0,18,0,8,0,0,0,0,1,1,6,3,38,7,1396,1,16,1,2,2,576788,167072,46,2,2,2,544,6,0,6,30,6,2,6,0,0,5,1,1,1,0,0,1,1,1,1,1,33,6,3,0,0,0,0,0,9,1,5
3,2,9,0,17,0,8,0,4,0,0,1,1,6,1,48,8,2495,2,15,1,1,4,442740,379230,30,4,1,6,327,4,6052,6,30,8,4,6,0,0,0,1,1,1,0,0,1,1,1,2,2,48,8,3,0,0,1,0,0,9,1,5
3,1,9,0,1,0,1,0,0,0,0,2,1,6,1,25,5,1968,2,5,1,1,1,460854,304926,33,1,1,6,364,6,531,6,30,6,4,5,1438,0,0,1,1,1,0,0,1,1,1,3,2,49,8,3,5,1,0,0,0,0,1,2
3,1,9,0,18,0,8,0,0,0,0,1,1,6,2,38,7,1598,1,10,1,1,2,455459,258718,34,2,1,4,381,3,361,6,50,6,4,6,6116,0,0,1,1,1,0,0,2,3,1,1,1,33,6,3,0,0,0,0,0,9,1,5
3,1,9,0,18,0,8,0,0,0,0,1,1,6,1,38,7,1598,1,8,1,1,2,496029,268762,34,2,1,5,382,3,5028,6,30,3,4,6,3407,0,0,1,1,1,0,0,1,3,1,1,1,33,6,3,0,0,0,0,0,9,1,5
3,1,9,0,18,0,1,0,0,7,0,4,1,6,1,22,5,998,1,15,1,4,4,431241,408009,14,4,4,4,210,3,635,6,30,3,4,6,0,0,0,1,1,1,0,0,1,1,3,2,1,22,5,3,0,0,1,0,0,9,1,5
2,1,4,0,18,0,1,1,0,0,0,1,1,6,1,37,7,125,1,2,1,1,2,331712,412038,5,2,1,4,93,3,565,6,30,3,4,6,0,0,0,1,2,2,0,0,1,1,1,1,1,37,7,2,0,0,0,0,0,4,1,3
3,1,9,0,18,0,2,0,0,0,0,1,1,6,2,26,6,1242,1,3,1,1,1,327560,675190,95,1,1,5,923,6,0,6,30,3,4,6,0,0,0,4,1,1,0,0,1,1,1,3,1,66,10,3,9,5,0,0,0,0,1,5
3,2,9,0,2,0,0,0,0,0,0,4,1,6,2,41,7,1149,1,14,2,1,2,150996,39774,50,2,1,7,596,6,0,6,30,0,4,6,0,0,0,1,1,1,0,0,2,2,1,1,2,41,7,3,0,0,0,0,0,9,2,3
2,1,9,0,18,0,0,5,0,1,0,4,1,6,2,51,8,1242,1,1,3,1,1,478309,160380,44,1,1,1,494,3,327,6,60,0,4,6,0,0,0,6,1,2,0,0,2,1,1,1,2,51,8,2,0,0,0,0,0,9,3,10
3,1,19,0,9,0,3,0,0,0,0,4,1,1,1,57,9,2461,2,6,3,1,2,438600,370530,30,2,1,7,322,3,61,1,30,1,4,6,0,0,0,1,1,1,0,0,1,1,1,1,1,33,6,3,0,0,0,0,0,9,1,5
3,1,9,0,18,0,0,0,0,0,0,1,1,1,1,18,4,1461,2,7,1,1,2,393280,292090,20,2,1,7,303,6,0,6,30,0,4,6,0,0,0,1,1,1,0,0,1,1,1,1,1,33,6,3,0,0,0,0,0,9,1,5
2,1,9,0,18,0,8,0,0,0,0,1,1,6,2,50,8,1998,1,18,1,3,3,513340,184600,1,3,3,6,27,3,312,6,30,3,2,5,0,0,5,4,1,1,0,0,1,1,1,1,2,50,8,2,0,0,0,0,0,9,1,4
3,2,9,0,18,0,1,0,0,0,0,2,1,2,1,23,5,1598,2,4,1,1,3,417036,429182,13,3,1,2,200,1,606,3,70,5,4,1,606,0,0,1,1,1,0,0,1,1,1,1,1,23,5,3,0,0,0,0,0,9,1,2
3,1,9,0,9,9,5,0,0,0,0,1,1,2,1,30,6,1796,1,15,1,1,2,409906,93031,55,2,1,3,640,3,3049,6,30,8,4,6,0,0,0,1,1,1,0,0,1,1,1,1,1,33,6,3,0,0,0,0,0,9,1,5
2,1,9,0,18,0,0,1,0,2,7,4,1,1,1,58,9,1560,2,8,3,1,1,221377,80086,50,1,1,3,596,3,30,3,70,0,4,6,0,0,0,1,5,4,0,0,2,1,1,1,1,58,9,2,0,0,0,0,0,9,3,4
3,1,9,0,18,0,8,0,0,0,0,1,1,6,1,20,4,1198,1,13,1,1,2,533810,167370,1,2,1,2,20,5,0,6,30,3,4,6,0,0,0,4,1,1,0,0,1,2,1,1,1,20,4,3,0,0,0,0,0,9,1,2
3,1,19,0,18,0,1,0,0,0,0,1,1,1,1,43,7,1753,2,11,1,1,1,344395,392703,5,1,1,2,90,6,0,6,30,3,4,6,0,0,0,1,1,1,0,0,2,1,1,3,1,12,3,3,8,2,0,0,0,0,1,1
3,1,22,0,18,9,0,5,0,0,0,0,1,6,2,79,11,1598,1,8,1,1,1,494392,366634,32,1,1,3,353,6,0,6,30,0,4,6,0,0,0,1,1,1,0,0,1,1,1,1,2,79,11,3,0,0,0,0,0,22,1,8
3,1,9,0,16,0,0,0,0,0,0,1,1,6,2,35,6,1397,1,3,1,1,1,525080,167600,1,1,1,6,22,3,24,3,30,0,4,6,0,0,0,1,1,1,0,0,1,1,1,3,2,16,4,3,5,1,0,0,2,0,1,5
3,1,9,0,18,0,8,0,0,0,0,3,1,6,1,50,8,2494,2,9,3,1,2,466643,226153,43,2,1,1,476,5,2,6,30,3,4,6,835,0,0,1,2,2,0,0,2,1,1,1,1,33,6,3,0,0,0,0,0,9,1,5
3,2,9,0,4,0,0,0,0,0,0,1,1,1,1,54,8,1598,1,8,2,1,2,266326,674256,97,2,1,2,920,6,0,6,30,0,4,6,0,0,0,1,2,2,0,0,1,1,1,1,1,54,8,3,0,0,0,0,0,9,2,5
3,1,19,0,3,0,1,0,0,0,0,2,1,2,1,43,7,1248,2,7,1,1,2,530500,192080,1,2,1,3,32,3,406,6,40,3,4,6,0,0,0,1,1,1,0,0,1,2,1,1,1,43,7,3,0,0,0,0,0,19,1,3
3,2,9,0,18,0,8,1,0,0,0,1,1,6,2,53,8,1349,1,15,1,2,2,390800,388080,6,2,2,5,109,3,6,6,30,3,4,6,0,0,0,1,1,1,0,0,1,1,2,2,1,16,4,3,0,0,1,0,0,9,1,2
3,2,9,0,4,0,7,0,0,0,0,2,1,6,2,34,6,1086,1,11,1,3,2,352480,428770,4,2,3,3,83,3,585,3,40,5,4,3,59,0,0,1,1,2,0,0,2,1,3,2,1,37,7,3,0,0,1,0,0,9,1,2
3,1,9,0,18,0,0,0,0,0,0,3,1,6,1,21,5,1598,1,8,1,1,1,497532,181481,43,1,1,4,473,6,7302,6,30,0,4,6,0,0,0,4,1,2,0,0,1,2,1,3,2,61,9,3,5,1,0,0,0,0,1,3