accident_severity,vehicle_reference,vehicle_type,towing_and_articulation,vehicle_manoeuvre,vehicle_location-restricted_lane,junction_location,skidding_and_overturning,hit_object_in_carriageway,vehicle_leaving_carriageway,hit_object_off_carriageway,1st_point_of_impact,was_vehicle_left_hand_drive?,journey_purpose_of_driver,sex_of_driver,age_of_driver,age_band_of_driver,engine_capacity_(cc),propulsion_code,age_of_vehicle,driver_home_area_type,NUmber_of_Casualities_unique_to_accident_index,No_of_Vehicles_involved_unique_to_accident_index,location_easting_osgr,location_northing_osgr,police_force,number_of_vehicles,number_of_casualties,day_of_week,local_authority_(district),1st_road_class,1st_road_number,road_type,speed_limit,junction_detail,junction_control,2nd_road_class,2nd_road_number,pedestrian_crossing-human_control,pedestrian_crossing-physical_facilities,light_conditions,weather_conditions,road_surface_conditions,special_conditions_at_site,carriageway_hazards,urban_or_rural_area,did_police_officer_attend_scene_of_accident,casualty_reference,casualty_class,sex_of_casualty,age_of_casualty,age_band_of_casualty,casualty_severity,pedestrian_location,pedestrian_movement,car_passenger,bus_or_coach_passenger,pedestrian_road_maintenance_worker,casualty_type,casualty_home_area_type,casualty_imd_decile
3,2,9,0,18,0,0,0,0,0,0,2,1,6,1,27,6,1598,1,8,1,1,2,553140,190560,1,2,1,2,15,3,12,3,50,0,4,6,0,0,0,1,1,1,0,0,1,1,1,2,1,20,4,3,0,0,1,0,0,9,1,2
3,1,9,0,9,0,2,0,0,0,0,1,1,1,1,36,7,1968,2,6,1,4,3,446075,399114,14,3,4,1,213,6,0,6,30,3,4,6,0,0,0,4,1,1,0,0,1,1,4,2,2,26,6,3,0,0,2,0,0,9,1,4
3,2,9,0,9,0,1,0,0,0,0,2,1,6,1,53,8,1685,2,8,1,2,2,409790,290780,20,2,2,2,300,6,0,6,30,3,4,6,0,0,0,1,1,2,0,0,1,1,2,2,1,21,5,3,0,0,2,0,0,9,1,1
3,2,9,0,1,0,6,0,0,0,0,3,1,6,1,26,6,2993,2,8,3,2,2,418481,143221,54,2,2,4,635,5,11,6,30,8,4,6,0,0,0,1,1,1,0,0,2,1,2,1,1,26,6,3,0,0,0,0,0,9,3,8
3,1,9,0,18,0,1,0,0,0,0,1,1,6,2,52,8,2179,2,6,3,2,2,471423,409064,14,2,2,2,211,5,251,6,60,6,4,6,0,0,0,1,1,1,0,0,2,1,2,2,2,60,9,3,0,0,1,0,0,9,3,9
3,2,9,0,9,0,8,0,0,0,0,3,1,6,1,17,4,1598,1,8,3,4,2,258960,220360,63,2,4,2,751,4,4300,6,60,6,4,6,0,0,0,1,1,1,0,0,2,1,1,2,1,17,4,3,0,0,1,0,0,9,3,5
3,2,1,0,4,0,8,0,0,0,0,0,1,2,1,29,6,1598,1,8,1,1,2,524760,170730,1,2,1,3,22,4,235,6,30,8,4,6,0,0,0,1,1,1,0,0,1,1,1,1,1,29,6,3,0,0,0,0,0,1,1,5
3,5,9,0,18,0,0,0,0,0,0,1,1,5,2,18,4,1296,1,9,1,2,5,399314,310393,21,5,2,2,250,3,460,6,40,0,4,6,0,0,0,1,1,1,0,0,2,1,1,1,1,33,6,3,0,0,0,0,0,9,1,5
3,1,9,0,18,0,0,0,0,0,0,1,1,1,1,26,6,1997,2,8,1,1,1,387130,395150,6,1,1,5,102,3,6,6,30,0,4,6,0,0,4,4,2,2,0,0,1,2,1,3,2,39,7,3,4,3,0,0,0,0,1,2
3,3,9,0,18,0,8,0,0,0,0,3,1,6,1,24,5,1248,2,7,1,4,3,336842,400023,5,3,4,4,93,3,5036,3,40,6,2,1,57,0,5,4,1,1,0,0,2,1,3,1,1,24,5,3,0,0,0,0,0,9,1,6
3,1,9,0,18,0,1,0,0,0,0,1,1,1,1,75,10,1968,2,4,1,1,2,484214,240662,43,2,1,5,479,3,422,6,60,1,4,5,157,0,0,1,1,1,0,0,1,1,1,1,1,33,6,3,0,0,0,0,0,9,1,5
3,1,9,0,7,0,8,0,0,0,0,1,1,6,3,38,7,1598,1,8,1,1,4,383550,399990,6,4,1,3,102,4,6180,6,30,6,4,6,0,0,0,4,1,1,0,0,1,1,1,1,1,33,6,3,0,0,0,0,0,9,1,5
3,1,9,0,4,0,2,0,0,0,0,2,1,6,1,71,10,1589,1,17,1,2,2,538630,171580,1,2,2,6,7,3,21,6,30,3,4,6,0,0,0,4,1,1,0,0,1,1,2,2,2,53,8,3,0,0,1,0,0,9,1,2
3,2,19,0,18,0,0,0,0,0,0,1,1,1,1,39,7,2198,2,1,1,1,2,346786,374842,7,2,1,5,130,1,56,3,70,0,4,6,0,0,0,1,1,1,0,0,2,1,1,1,1,33,6,3,0,0,0,0,0,9,1,5
3,1,2,0,18,0,0,0,0,0,0,1,1,2,1,39,7,49,1,17,3,1,2,497779,365402,32,2,1,6,353,3,607,6,30,0,4,6,0,0,0,1,1,1,4,0,2,1,1,1,1,39,7,3,0,0,0,0,0,2,3,9
3,1,9,0,18,0,2,0,0,0,0,1,1,6,2,79,11,1242,1,2,1,2,1,388527,347691,21,1,2,5,257,6,0,6,30,9,4,6,0,0,1,1,1,1,0,0,1,2,1,3,2,58,9,3,1,9,0,0,0,0,1,6
3,1,8,0,18,0,0,0,0,0,0,1,1,6,3,38,7,1598,1,8,1,1,2,527678,410200,16,2,1,4,233,4,1213,6,30,0,4,6,0,0,0,1,4,1,0,0,1,2,1,1,1,33,6,3,0,0,0,0,0,9,1,5
2,1,19,0,18,0,8,0,0,0,0,1,1,6,1,25,5,1686,2,10,1,1,1,148477,31306,50,1,1,5,596,6,0,6,30,6,4,6,0,0,0,4,4,2,0,0,1,1,1,3,1,91,11,2,5,1,0,0,0,0,1,5
1,2,9,0,18,0,0,0,0,0,0,1,1,6,1,59,9,1248,1,2,1,1,2,454026,144184,44,2,1,7,490,3,303,3,70,0,4,6,0,0,0,6,1,2,0,0,2,1,1,1,1,33,6,3,0,0,0,0,0,9,1,5
3,2,9,0,18,0,8,0,0,0,0,1,1,2,1,21,5,1242,1,14,1,2,2,611379,241076,37,2,2,5,410,5,495,3,50,8,4,6,0,0,0,1,1,2,0,0,2,1,2,2,2,52,8,3,0,0,1,0,0,9,1,4
3,1,9,0,17,0,2,0,0,0,0,1,1,6,2,37,7,1598,1,9,1,1,2,534310,197490,1,2,1,6,32,5,0,6,20,3,4,6,0,0,0,1,2,2,0,0,1,2,1,1,2,37,7,3,0,0,0,0,0,9,1,1
3,2,4,0,3,0,0,0,0,0,0,2,1,6,2,32,6,649,1,8,2,1,2,322487,672347,95,2,1,3,923,5,0,6,30,0,4,6,0,0,0,1,1,1,0,0,1,1,1,1,2,32,6,3,0,0,0,0,0,4,2,5
3,1,9,0,14,0,0,0,0,0,0,0,1,6,1,50,8,1997,2,1,1,5,2,465966,105150,44,2,5,5,498,6,0,6,20,0,4,6,0,0,0,1,1,1,0,0,1,2,3,2,2,15,3,3,0,0,2,0,0,9,1,2
3,2,9,0,18,0,2,0,0,0,0,4,1,1,1,41,7,1798,8,3,1,1,2,533440,182150,1,2,1,5,4,3,10,6,30,3,4,6,0,0,0,1,1,1,0,0,1,1,1,1,1,33,6,3,0,0,0,0,0,9,1,5
3,3,9,0,18,0,0,0,0,0,0,1,1,6,1,38,7,1910,2,11,1,1,3,417269,421443,13,3,1,6,202,3,644,6,50,0,4,6,0,0,0,1,1,1,0,0,2,1,1,1,1,33,6,3,0,0,0,0,0,9,1,5
2,2,9,0,18,0,1,0,0,0,0,1,1,6,1,18,4,1598,1,8,1,1,2,359223,178373,52,2,1,4,601,6,0,9,30,3,4,4,4056,0,8,1,2,2,0,0,1,1,1,1,1,18,4,2,0,0,0,0,0,9,1,6
3,1,9,0,9,0,8,0,0,0,0,1,1,6,2,26,6,1240,1,10,1,1,2,409298,424841,13,2,1,3,202,3,629,6,30,3,4,6,0,0,0,1,1,1,0,0,1,1,1,1,1,33,6,3,0,0,0,0,0,9,1,5
3,2,3,0,18,0,8,0,0,0,0,3,1,6,1,22,5,1598,1,8,1,1,2,357220,381236,7,2,1,5,124,3,56,1,40,5,4,1,56,0,0,4,1,1,0,0,2,2,1,1,1,22,5,3,0,0,0,0,0,3,1,6
3,2,19,0,18,0,1,0,0,0,0,1,1,6,1,49,8,1870,2,11,1,3,2,416426,415670,13,2,3,7,203,6,0,6,30,3,4,6,0,0,0,1,1,1,0,0,1,1,1,1,1,49,8,3,0,0,0,0,0,19,1,1
3,2,4,0,18,0,1,0,0,0,0,4,1,6,2,19,4,385,1,14,1,1,2,180521,32276,50,2,1,4,596,6,0,6,30,6,4,6,0,0,0,1,4,2,0,0,1,1,1,1,2,19,4,3,0,0,0,0,0,4,1,6
3,1,9,0,18,0,1,0,0,0,0,1,1,6,1,44,7,1598,1,8,1,1,2,280662,377344,60,2,1,5,721,3,470,6,30,1,4,3,55,0,8,1,1,1,0,0,2,1,1,1,1,33,6,3,0,0,0,0,0,9,1,5
2,1,19,0,18,0,0,1,0,1,0,1,1,1,1,25,5,1461,2,1,1,4,3,246746,644661,97,3,4,4,919,1,77,3,70,0,4,6,0,0,0,1,1,1,4,0,2,1,4,1,1,25,5,3,0,0,0,0,0,19,1,5
3,3,9,0,9,0,1,0,0,0,0,1,1,6,1,41,7,1461,2,8,1,3,3,553470,187190,1,3,3,5,15,3,124,6,30,3,2,5,0,0,5,1,1,1,0,0,1,1,1,1,1,33,6,3,0,0,0,0,0,9,1,5
3,2,9,0,2,0,0,0,0,0,0,2,1,6,3,38,7,1061,1,12,1,1,3,432000,278900,20,3,1,7,302,4,4101,6,30,0,4,6,0,0,0,4,1,1,0,0,1,1,1,1,1,33,6,3,0,0,0,0,0,9,1,5
3,1,5,0,18,0,0,0,0,0,0,3,1,6,1,55,8,1043,1,1,1,1,2,532979,146849,45,2,1,2,516,5,70,6,30,0,4,6,0,0,0,1,1,2,0,0,2,2,1,1,1,55,8,3,0,0,0,0,0,5,1,8
2,2,9,0,17,0,0,0,0,0,0,1,1,2,1,27,6,1242,1,15,3,4,2,370390,267980,22,2,4,2,273,3,443,6,60,0,4,6,0,0,0,1,2,2,0,0,2,1,1,1,1,27,6,3,0,0,0,0,0,9,3,7
3,1,9,0,1,0,6,0,0,0,0,2,1,6,2,47,8,1956,2,2,1,1,2,448780,332390,30,2,1,7,324,6,0,6,30,3,4,6,0,0,0,1,4,1,0,0,1,1,1,1,1,33,6,3,0,0,0,0,0,9,1,5
3,2,3,0,18,0,8,0,0,0,0,1,1,6,1,21,5,124,1,10,1,1,2,505880,176950,1,2,1,6,26,3,4,3,50,3,2,3,3044,0,5,4,1,1,0,0,1,1,1,1,1,21,5,3,0,0,0,0,0,3,1,3
3,2,9,0,3,0,1,0,0,0,0,2,1,6,1,52,8,1598,2,2,2,3,4,431714,273780,23,4,3,6,294,6,0,6,50,8,4,6,0,0,0,1,1,1,0,0,2,1,1,1,1,52,8,3,0,0,0,0,0,9,2,10
1,1,9,0,17,0,0,0,0,7,0,4,1,6,1,20,4,1242,1,16,1,2,2,511184,109055,47,2,2,3,558,3,280,6,60,0,4,6,0,0,0,1,1,2,0,0,2,1,1,1,1,20,4,1,0,0,0,0,0,9,1,2
3,1,9,0,4,0,0,0,0,0,0,2,1,6,1,40,7,1598,1,2,3,1,3,335662,113196,52,3,1,2,610,6,0,9,60,0,4,6,0,0,0,6,2,2,0,0,2,1,1,1,1,33,6,3,0,0,0,0,0,9,1,5
3,2,9,0,18,0,8,0,10,3,11,1,1,3,2,63,9,1997,1,8,1,1,2,590710,186564,42,2,1,2,460,6,0,6,30,6,3,6,0,0,0,1,1,1,0,0,1,1,1,1,1,33,6,3,0,0,0,0,0,9,1,5
3,1,19,0,9,0,8,0,0,0,0,1,1,6,1,69,10,2402,2,5,1,1,2,439726,559597,10,2,1,2,150,5,509,6,30,7,2,4,1291,0,0,1,2,2,0,0,1,1,1,1,1,33,6,3,0,0,0,0,0,9,1,5
3,2,9,0,3,0,1,0,0,0,0,2,1,6,2,56,9,1242,1,5,3,1,2,609630,232154,42,2,1,5,461,4,1352,1,30,1,4,3,137,0,0,7,2,2,0,0,2,2,1,1,2,56,9,3,0,0,0,0,0,9,3,7
2,1,9,0,18,0,0,0,0,0,0,4,1,6,1,31,6,1995,2,8,1,1,1,515824,208888,41,1,1,3,434,5,62,6,30,0,4,6,0,0,0,1,1,1,0,0,1,1,1,3,2,80,11,2,5,2,0,0,0,0,1,10
3,2,9,0,3,0,0,0,0,0,0,2,1,1,1,30,6,1598,1,8,1,1,3,491776,179740,43,3,1,3,477,1,4,3,70,0,4,6,0,0,0,1,1,2,0,0,2,1,1,1,1,33,6,3,0,0,0,0,0,9,1,5
3,3,9,0,4,0,0,0,0,0,0,2,1,1,1,43,7,1986,2,9,1,1,4,558149,104392,47,4,1,4,556,3,2270,6,30,0,4,6,0,0,0,1,1,2,0,0,1,1,1,1,1,33,6,3,0,0,0,0,0,9,1,5
3,2,9,0,5,0,8,0,0,0,0,1,1,6,1,40,7,1997,2,8,1,1,3,430125,278397,20,3,1,5,302,6,0,3,40,3,2,6,0,0,0,4,1,2,0,0,1,1,1,1,1,40,7,3,0,0,0,0,0,9,1,2
3,2,9,0,18,0,8,0,10,0,0,1,1,6,2,34,6,1390,1,11,1,1,2,415320,288190,20,2,1,4,300,6,0,6,30,3,4,6,0,0,0,1,2,2,0,0,1,1,1,1,1,33,6,3,0,0,0,0,0,9,1,5
3,1,9,0,10,0,1,0,0,0,0,1,1,1,1,25,5,1339,1,7,1,1,1,449631,197064,43,1,1,1,483,3,415,2,30,3,4,6,0,0,0,4,1,4,0,0,1,1,1,3,1,20,4,3,5,1,0,0,0,0,1,6
3,2,21,1,2,0,0,0,0,0,0,3,1,1,1,38,7,1598,1,8,1,1,3,440293,422616,13,3,1,2,206,3,655,6,50,0,4,6,0,0,0,4,1,1,0,0,2,1,1,1,1,33,6,3,0,0,0,0,0,9,1,5
3,2,1,0,18,0,0,0,0,0,0,2,1,6,1,24,5,1598,1,8,1,1,2,510678,159497,45,2,1,7,510,5,42,6,30,0,4,6,0,0,0,1,1,1,0,0,2,1,1,1,1,33,6,3,0,0,0,0,0,9,1,5
2,2,3,0,18,0,8,0,0,0,0,1,1,6,1,33,6,847,1,1,1,1,2,535170,180760,1,2,1,5,5,3,1203,6,30,3,4,6,0,0,4,1,1,1,0,0,1,1,1,1,1,33,6,2,0,0,0,0,0,3,1,5
2,2,19,0,14,0,1,0,0,0,0,3,1,6,1,63,9,1598,1,8,1,1,2,513575,236141,40,2,1,3,424,5,142,6,30,3,4,6,138,0,0,1,1,1,0,0,2,1,1,1,1,33,6,3,0,0,0,0,0,9,1,5
3,2,9,0,18,0,8,0,0,0,0,4,1,6,1,50,8,1797,8,5,1,1,2,535170,181260,1,2,1,4,5,3,13,6,30,6,2,5,0,0,5,4,1,1,0,0,1,2,1,1,1,33,6,3,0,0,0,0,0,9,1,5
3,1,9,0,5,0,8,0,0,0,0,4,1,6,1,18,4,1397,1,13,1,1,2,379040,396790,6,2,1,6,112,3,5081,6,40,6,2,3,5181,0,0,4,1,1,0,0,1,1,1,2,2,17,4,3,0,0,1,0,0,9,1,5
3,1,9,0,18,0,0,0,0,0,0,1,1,1,2,61,9,1242,1,12,2,1,1,361088,390301,7,1,1,6,128,3,50,6,30,0,4,6,0,0,0,1,1,1,0,0,1,1,1,3,2,13,3,3,5,1,0,0,0,0,1,2
3,3,9,0,2,0,1,0,0,0,0,3,1,6,3,38,7,2204,2,7,1,1,4,526130,190400,1,4,1,5,30,6,0,6,30,3,4,6,0,0,0,4,1,1,0,0,1,1,1,1,1,33,6,3,0,0,0,0,0,9,1,5
3,1,2,0,18,0,1,1,0,0,0,1,1,6,1,17,4,49,1,6,1,1,2,518140,183890,1,2,1,3,28,3,4089,6,30,3,2,5,0,0,5,4,1,1,0,0,1,1,1,1,1,17,4,3,0,0,0,0,0,2,1,7
2,1,9,0,3,0,0,0,0,0,0,4,1,6,1,34,6,2720,2,9,1,1,2,526400,193990,1,2,1,1,30,3,1000,6,30,0,4,6,0,0,0,1,1,1,0,0,1,1,1,1,1,33,6,3,0,0,0,0,0,9,1,5
3,2,9,0,9,0,5,0,0,0,0,1,1,2,1,22,5,1229,1,6,1,1,2,384622,349214,21,2,1,5,253,5,360,6,30,6,4,6,94,0,0,4,1,1,0,0,1,1,1,1,1,33,6,3,0,0,0,0,0,9,1,5
3,1,9,0,9,0,6,0,0,0,0,3,1,6,2,50,8,1086,1,6,1,2,2,389152,352205,21,2,2,2,257,5,612,6,30,3,4,6,0,0,0,1,1,1,0,0,1,3,1,1,1,33,6,3,0,0,0,0,0,9,1,5
2,1,9,0,9,0,5,0,0,0,0,4,1,6,1,35,6,1769,1,15,1,1,1,323360,676120,95,1,1,1,923,6,0,6,30,8,4,6,0,0,0,1,1,2,0,0,1,1,1,3,2,62,9,2,5,1,0,0,0,0,1,5
3,3,9,0,4,0,0,0,0,0,0,0,1,6,1,40,7,1598,1,8,1,1,3,526055,107470,47,3,1,3,565,3,27,6,30,0,4,6,0,0,0,6,1,1,0,0,2,2,1,1,1,33,6,3,0,0,0,0,0,9,1,5
3,2,9,0,9,0,4,0,0,0,0,4,1,2,2,19,4,1368,1,8,3,1,2,561352,101875,47,2,1,1,551,3,2290,1,40,1,4,3,22,0,0,7,1,1,0,0,2,2,1,1,2,19,4,3,0,0,0,0,0,9,3,9
3,2,9,0,18,0,8,0,0,0,0,0,1,1,1,38,7,1598,1,8,1,1,2,544500,188130,1,2,1,3,14,3,12,3,40,6,2,5,0,0,5,1,1,1,0,0,1,1,1,1,1,33,6,3,0,0,0,0,0,9,1,5
3,3,9,0,18,0,8,0,0,0,0,1,1,6,3,38,7,1598,1,8,1,2,3,531780,178630,1,3,2,3,8,3,3,6,30,3,2,3,3204,0,5,1,1,1,0,0,1,1,1,1,1,33,6,3,0,0,0,0,0,9,1,5
3,1,9,0,18,0,0,2,10,0,0,4,1,2,2,24,5,1598,1,8,1,1,1,438089,168365,43,1,1,7,471,3,4,6,60,0,4,6,0,0,0,6,2,2,0,0,2,1,1,1,2,24,5,3,0,0,0,0,0,9,1,4
2,1,9,0,18,0,0,0,4,3,10,1,1,6,2,40,7,1560,2,7,1,1,2,547970,259090,35,2,1,4,390,6,0,6,30,0,4,6,0,0,0,1,9,1,0,0,1,1,1,1,2,40,7,2,0,0,0,0,0,9,1,2
3,1,9,0,5,0,1,0,0,0,0,1,1,6,1,57,9,1997,1,16,1,1,2,638040,165190,46,2,1,4,541,6,4108,6,30,3,4,6,0,0,0,1,1,1,0,0,1,1,1,1,1,33,6,3,0,0,0,0,0,9,1,5
3,1,8,0,12,0,8,0,0,0,0,2,1,1,1,29,6,1798,8,3,1,1,2,527900,180970,1,2,1,1,1,3,40,6,30,7,2,3,40,0,5,1,1,1,0,0,1,1,1,1,1,33,6,3,0,0,0,0,0,9,1,5
3,2,1,0,17,0,0,5,0,1,9,2,1,6,2,55,8,1598,1,8,3,1,2,153419,826675,91,2,1,7,927,3,87,6,60,0,4,6,0,0,0,1,1,1,0,0,2,1,1,1,2,55,8,3,0,0,0,0,0,1,3,5
3,1,9,0,18,0,0,0,0,0,0,4,1,6,1,21,5,1968,2,1,1,2,3,585648,185712,42,3,2,5,460,6,0,6,30,0,4,6,0,0,0,7,1,1,0,0,1,1,1,1,1,21,5,3,0,0,0,0,0,9,1,5
3,1,9,0,18,0,8,0,0,0,0,1,1,1,2,23,5,1242,1,1,1,2,2,300890,528590,3,2,2,4,60,3,66,6,30,3,4,6,0,0,0,1,1,1,0,0,1,1,1,1,2,23,5,3,0,0,0,0,0,9,1,1
3,1,9,0,18,0,0,0,0,7,0,1,1,2,2,61,9,1596,1,6,1,1,1,538732,142870,45,1,1,3,516,5,88,6,30,0,4,6,0,0,0,1,1,1,0,0,2,1,1,1,2,61,9,3,0,0,0,0,0,9,1,10
2,1,9,0,9,0,5,0,0,0,0,3,1,6,1,49,8,1995,1,4,1,2,2,397862,308635,21,2,2,4,250,3,5,6,30,3,4,6,51,0,0,4,1,1,0,0,1,1,1,1,1,49,8,3,0,0,0,0,0,9,1,9
3,3,9,0,4,0,1,0,0,0,0,2,1,2,1,41,7,1870,2,14,1,2,4,444314,534270,11,4,2,2,169,3,179,6,60,5,4,3,19,0,0,1,1,1,0,0,2,1,1,1,1,33,6,3,0,0,0,0,0,9,1,5
3,2,5,0,4,0,0,0,0,0,0,2,1,2,2,59,9,1441,1,2,3,1,2,474374,423227,16,2,1,4,231,6,0,6,30,0,4,6,0,0,0,1,1,1,0,0,1,1,1,1,2,59,9,3,0,0,0,0,0,5,3,4
3,2,9,0,4,0,0,0,0,0,0,2,1,6,1,20,4,1598,1,8,1,1,2,329925,339901,60,2,1,2,725,3,483,6,60,0,4,6,0,0,0,1,1,1,0,0,2,1,1,1,1,20,4,3,0,0,0,0,0,9,1,5
2,1,19,0,9,0,8,0,0,0,0,1,1,1,1,19,4,2461,2,7,1,1,2,449412,515272,17,2,1,6,243,3,174,3,40,3,4,4,1365,0,0,1,1,1,0,0,1,1,1,1,1,33,6,3,0,0,0,0,0,9,1,5
3,1,2,0,4,0,0,0,0,0,0,1,1,2,1,17,4,1598,1,8,1,1,2,524440,170930,1,2,1,7,22,3,219,6,30,0,4,6,0,0,0,1,2,2,0,0,1,1,1,1,1,17,4,3,0,0,0,0,0,2,1,4
3,1,9,0,3,0,1,0,0,0,0,2,1,6,2,47,8,1499,2,2,1,1,2,483161,168802,43,2,1,1,475,3,329,6,40,3,2,6,7515,0,0,4,7,1,0,0,1,1,1,1,2,47,8,3,0,0,0,0,0,9,1,9
3,2,9,0,18,0,8,0,0,0,0,0,1,6,1,25,5,1560,2,6,1,1,2,433249,389624,14,2,1,3,215,3,6101,6,30,6,2,6,0,0,0,1,1,1,0,0,1,1,1,1,1,33,6,3,0,0,0,0,0,9,1,5
3,1,9,0,18,0,0,0,4,0,0,3,1,2,2,52,8,1086,1,8,1,1,3,515410,190770,1,3,1,1,29,5,0,6,30,0,4,6,0,0,0,1,1,1,0,0,1,1,1,1,2,52,8,3,0,0,0,0,0,9,1,2
3,1,9,0,9,0,8,0,0,0,0,1,1,6,2,34,6,1124,1,11,1,1,2,534950,184360,1,2,1,3,4,3,107,6,30,3,4,6,0,0,0,1,1,2,0,0,1,1,1,1,1,33,6,3,0,0,0,0,0,9,1,5
3,1,9,0,18,0,0,0,0,0,0,1,1,6,1,51,8,1948,1,15,1,2,3,423381,146234,44,3,2,5,501,6,0,6,60,0,4,6,0,0,0,1,1,1,0,0,2,1,1,1,1,51,8,3,0,0,0,0,0,9,1,6
3,2,9,0,3,0,1,0,0,0,0,2,1,1,1,53,8,999,1,8,1,1,2,438177,558455,10,2,1,3,150,6,5325,6,30,3,4,5,508,0,0,1,2,2,0,0,1,1,1,1,1,53,8,3,0,0,0,0,0,9,1,5
3,1,9,0,4,0,0,1,0,0,0,1,1,6,1,79,11,1783,1,14,3,1,2,482505,172904,43,2,1,6,474,1,4,3,70,0,4,6,0,0,0,1,1,2,0,0,2,1,1,2,2,78,11,3,0,0,1,0,0,9,3,9
3,1,9,0,5,0,1,0,0,0,0,1,1,6,1,31,6,1598,1,8,1,2,2,500266,439656,16,2,2,5,231,6,0,1,60,1,4,3,1079,0,0,1,1,1,0,0,2,1,1,1,1,33,6,3,0,0,0,0,0,9,1,5
2,3,9,0,2,0,2,0,0,0,0,3,1,6,3,38,7,1598,1,16,1,3,3,360146,167768,52,3,3,1,601,6,0,6,30,3,4,6,0,0,0,4,1,1,0,0,1,1,1,1,1,33,6,3,0,0,0,0,0,9,1,5
3,1,9,0,18,0,1,0,0,0,0,1,1,6,1,55,8,1560,2,4,1,1,1,422911,425602,13,1,1,3,203,3,652,6,30,3,4,6,0,0,0,1,1,1,0,0,1,2,1,3,1,14,3,3,5,4,0,0,0,0,1,3
3,2,9,0,18,0,0,0,0,0,0,2,1,6,2,31,6,1149,1,5,1,2,2,387282,354689,21,2,2,6,257,6,0,6,30,0,4,6,0,0,0,1,1,2,0,0,2,2,2,2,1,10,2,3,0,0,1,0,0,9,1,5
3,2,9,0,18,0,1,0,0,0,0,1,1,6,3,38,7,1598,1,8,1,1,2,461787,455821,12,2,1,6,189,5,90,6,30,3,4,5,414,0,0,4,1,1,0,0,1,2,1,1,1,33,6,3,0,0,0,0,0,9,1,5
3,1,9,0,18,0,0,0,0,0,0,4,1,6,2,57,9,1598,1,8,2,2,1,283120,202718,62,1,2,7,743,6,0,6,30,0,4,6,0,0,0,1,1,1,0,0,2,1,1,3,1,13,3,3,5,1,0,0,0,0,2,5
3,1,9,0,17,0,0,2,0,0,0,1,1,6,2,28,6,1598,1,8,1,1,1,184630,210640,63,1,1,3,752,4,4327,6,60,0,4,6,0,0,0,6,8,4,0,0,2,1,1,2,2,48,8,3,0,0,2,0,0,9,3,5
3,1,9,0,18,0,1,1,0,0,0,1,1,6,1,43,7,1997,2,13,3,2,2,282330,72019,50,2,2,3,585,3,383,6,60,9,4,6,0,0,0,1,1,1,0,0,2,1,1,1,1,33,6,3,0,0,0,0,0,9,1,5
3,2,9,0,3,0,1,0,0,0,0,2,1,6,2,30,6,1598,1,8,1,1,2,411180,288850,20,2,1,1,300,6,0,6,30,6,4,6,0,0,0,1,1,1,0,0,1,2,1,1,2,30,6,3,0,0,0,0,0,9,1,4
3,1,3,0,18,0,0,1,0,0,0,1,1,6,1,30,6,1598,1,8,1,1,1,389900,412650,6,1,1,5,106,6,0,6,20,0,4,6,0,0,5,1,1,1,0,0,1,1,1,3,2,43,7,3,4,1,0,0,0,0,1,5
3,1,9,0,9,0,5,0,0,0,0,1,1,6,1,69,10,1998,1,12,1,1,2,445592,399159,14,2,1,7,213,3,6022,6,30,3,4,6,0,0,0,1,1,1,0,0,1,1,1,1,1,33,6,3,0,0,0,0,0,9,1,5
3,2,9,0,18,0,0,0,0,0,0,3,1,6,1,26,6,1598,1,8,1,5,2,575360,158210,46,2,5,1,536,3,229,3,50,0,4,6,0,0,0,4,1,1,0,0,2,2,5,2,2,26,6,3,0,0,2,0,0,9,1,5
2,2,9,0,9,0,8,0,0,0,0,4,1,6,2,53,8,1781,1,15,1,1,2,528230,182180,1,2,1,5,1,6,0,6,30,6,2,6,0,0,5,1,1,1,0,0,1,1,1,1,1,33,6,3,0,0,0,0,0,9,1,5
3,2,9,0,4,0,0,0,0,0,0,1,1,6,3,38,7,1997,2,14,1,2,2,434829,144002,44,2,2,6,501,6,0,6,30,0,4,6,0,0,0,1,1,1,0,0,2,2,1,1,1,33,6,3,0,0,0,0,0,9,1,5
2,1,17,0,18,0,0,0,0,0,0,4,1,1,1,52,8,3318,2,9,1,1,1,444995,394551,14,1,1,3,213,3,6123,6,40,0,4,6,0,0,0,1,1,1,0,0,2,1,1,3,1,32,6,2,9,5,0,0,0,0,1,1
3,1,9,0,16,0,0,2,0,7,9,1,1,6,1,66,10,1399,2,7,1,2,1,296216,673750,95,1,2,7,940,3,706,6,50,0,4,6,0,0,0,1,9,2,0,0,2,1,2,2,2,67,10,3,0,0,1,0,0,9,1,5
3,1,11,0,4,2,8,0,0,0,0,1,1,1,1,47,8,6700,2,3,1,13,2,510340,181190,1,2,13,5,26,3,4020,3,30,8,4,6,0,0,4,1,1,1,0,0,1,1,1,2,1,14,3,3,0,0,0,3,0,11,1,5
2,2,9,0,4,0,0,0,0,0,0,2,1,6,2,34,6,1399,2,7,1,3,2,397963,355505,21,2,3,4,256,6,290,6,30,0,4,6,0,0,0,1,1,1,0,0,1,1,3,2,2,2,1,3,0,0,0,0,0,9,1,7
3,2,9,0,14,0,1,0,0,0,0,1,1,6,2,35,6,1781,1,14,1,2,2,485426,159220,44,2,2,3,494,4,3272,6,30,8,4,6,0,0,0,1,2,2,0,0,1,1,2,1,2,35,6,3,0,0,0,0,0,9,1,5