accident_severity,vehicle_reference,vehicle_type,towing_and_articulation,vehicle_manoeuvre,vehicle_location-restricted_lane,junction_location,skidding_and_overturning,hit_object_in_carriageway,vehicle_leaving_carriageway,hit_object_off_carriageway,1st_point_of_impact,was_vehicle_left_hand_drive?,journey_purpose_of_driver,sex_of_driver,age_of_driver,age_band_of_driver,engine_capacity_(cc),propulsion_code,age_of_vehicle,driver_home_area_type,NUmber_of_Casualities_unique_to_accident_index,No_of_Vehicles_involved_unique_to_accident_index,location_easting_osgr,location_northing_osgr,police_force,number_of_vehicles,number_of_casualties,day_of_week,local_authority_(district),1st_road_class,1st_road_number,road_type,speed_limit,junction_detail,junction_control,2nd_road_class,2nd_road_number,pedestrian_crossing-human_control,pedestrian_crossing-physical_facilities,light_conditions,weather_conditions,road_surface_conditions,special_conditions_at_site,carriageway_hazards,urban_or_rural_area,did_police_officer_attend_scene_of_accident,casualty_reference,casualty_class,sex_of_casualty,age_of_casualty,age_band_of_casualty,casualty_severity,pedestrian_location,pedestrian_movement,car_passenger,bus_or_coach_passenger,pedestrian_road_maintenance_worker,casualty_type,casualty_home_area_type,casualty_imd_decile
2,2,2,0,9,0,8,0,0,0,0,4,1,2,2,54,8,50,1,4,1,1,2,505611,432752,16,2,1,2,231,6,0,1,30,2,4,6,0,0,0,1,1,1,0,0,1,1,1,1,2,54,8,2,0,0,0,0,0,2,1,5
3,1,9,0,18,0,1,1,0,0,0,3,1,6,1,23,5,1598,1,12,1,1,2,355580,426080,4,2,1,5,83,3,6,3,70,1,4,4,5257,0,0,1,1,1,0,0,1,1,1,1,1,33,6,3,0,0,0,0,0,9,1,5
3,1,9,0,18,0,0,1,0,0,0,1,1,6,2,44,7,1598,1,8,3,2,2,467903,475000,12,2,2,5,185,4,1257,6,60,0,4,6,0,0,0,1,3,3,0,0,2,1,1,1,2,44,7,3,0,0,0,0,0,9,3,6
3,2,9,0,18,0,1,0,0,0,0,1,1,2,1,30,6,1389,1,12,1,2,2,534992,331666,32,2,2,3,354,5,818,6,60,3,4,6,0,0,0,1,1,1,0,0,2,1,2,2,2,46,8,3,0,0,2,0,0,9,1,2
2,1,1,0,18,0,0,0,10,0,0,1,1,2,2,29,6,1598,1,8,1,1,1,250030,60743,50,1,1,5,583,3,386,3,40,0,4,6,0,0,0,1,4,1,0,0,1,1,1,1,2,29,6,2,0,0,0,0,0,1,1,7
2,2,1,0,17,0,1,0,0,0,0,3,1,6,1,28,6,1598,1,8,1,2,3,590099,186104,42,3,2,3,460,6,0,6,30,3,4,3,13,0,0,1,1,1,0,0,1,2,1,1,1,28,6,3,0,0,0,0,0,1,1,3
3,1,19,0,5,0,0,0,8,0,0,3,1,6,1,47,8,2151,2,13,1,1,2,408350,293640,20,2,1,2,300,6,0,6,30,0,4,6,0,0,0,4,1,1,0,0,1,1,1,3,2,23,5,3,9,5,0,0,0,0,1,5
3,2,9,0,7,0,5,0,0,0,0,4,1,6,1,20,4,1364,1,9,1,1,2,433020,282720,20,2,1,3,302,6,0,6,30,6,4,6,0,0,0,1,1,1,0,0,1,2,1,1,1,33,6,3,0,0,0,0,0,9,1,5
3,2,9,0,4,0,1,0,0,0,0,2,1,2,2,25,5,1242,1,2,1,1,2,511141,199264,41,2,1,5,437,3,412,6,30,1,2,3,41,0,5,4,2,2,0,0,1,2,1,1,2,25,5,3,0,0,0,0,0,9,1,10
3,1,9,0,18,0,8,0,0,0,0,1,1,6,1,38,7,1598,1,8,1,1,2,392520,300970,20,2,1,6,309,6,0,6,30,6,4,6,0,0,0,4,2,2,0,0,1,1,1,1,1,33,6,3,0,0,0,0,0,9,1,5
2,1,1,0,18,0,8,0,0,0,0,4,1,2,1,30,6,1598,1,8,1,1,2,525221,407399,16,2,1,1,233,6,0,1,30,2,4,6,0,0,0,1,1,1,0,0,1,2,1,1,1,30,6,2,0,0,0,0,0,1,1,1
3,2,1,0,18,0,2,0,0,0,0,1,1,6,1,56,9,1598,1,8,1,1,2,428050,564453,10,2,1,7,147,4,1313,6,30,3,4,6,1094,0,0,1,1,1,0,0,1,1,1,1,1,56,9,3,0,0,0,0,0,1,1,1
3,1,19,0,18,0,8,0,0,0,0,1,1,1,1,40,7,1753,2,6,1,1,2,328621,392195,5,2,1,7,95,3,551,3,30,6,2,6,0,0,0,1,2,2,0,0,1,1,1,1,1,33,6,3,0,0,0,0,0,9,1,5
2,1,9,0,18,0,0,0,0,0,0,1,1,6,1,27,6,1560,2,7,1,1,1,433460,406278,14,1,1,3,210,3,628,6,30,0,4,6,0,0,0,1,1,1,0,0,1,1,1,3,1,13,3,2,5,3,0,0,0,0,1,6
3,1,9,0,18,0,0,0,0,0,0,1,1,6,3,38,7,1598,1,8,1,1,2,452048,362771,31,2,1,6,344,3,6191,6,30,0,4,6,0,0,8,4,1,1,0,0,1,2,1,1,1,33,6,3,0,0,0,0,0,9,1,5
3,2,9,0,9,0,5,0,0,0,0,1,1,6,1,24,5,1600,1,10,1,1,2,415991,182814,54,2,1,6,633,4,4006,6,30,3,2,6,0,0,5,4,1,1,0,0,1,1,1,1,1,33,6,3,0,0,0,0,0,9,1,5
2,1,9,0,18,0,0,0,0,0,0,1,1,6,2,46,8,1598,1,8,1,1,1,337258,391594,5,1,1,2,91,6,0,6,20,0,4,6,0,0,0,1,2,2,0,0,1,1,1,3,2,11,3,2,5,3,0,0,0,0,1,1
3,2,9,0,2,0,2,0,0,0,0,4,1,6,3,38,7,1560,2,1,1,1,2,479026,175818,43,2,1,7,475,6,7512,6,30,8,4,6,0,0,0,1,1,2,0,0,2,1,1,1,1,33,6,3,0,0,0,0,0,9,1,5
2,1,9,0,18,0,0,0,0,0,0,1,1,6,2,21,5,1598,1,11,1,3,2,573869,124760,47,2,3,1,555,3,21,6,40,0,4,6,0,0,0,1,1,1,0,0,2,1,1,1,2,21,5,3,0,0,0,0,0,9,1,3
3,2,9,0,18,0,0,0,0,0,0,1,1,1,2,26,6,1598,1,8,3,2,2,448787,419420,13,2,2,6,206,3,1,3,70,0,4,6,0,0,0,1,1,4,0,0,2,1,2,1,2,26,6,3,0,0,0,0,0,9,3,9
3,3,9,0,18,0,0,1,0,1,9,1,1,6,1,23,5,2199,2,4,2,7,13,314050,579638,98,13,7,5,917,2,74,3,70,0,4,6,0,0,0,6,3,4,0,0,2,1,1,1,1,33,6,3,0,0,0,0,0,9,1,5
3,3,9,0,3,0,1,0,0,0,0,1,1,6,2,31,6,1995,2,3,1,1,3,487669,194364,43,3,1,1,480,6,3061,6,30,3,4,6,3061,0,0,1,1,1,0,0,1,1,1,1,1,33,6,3,0,0,0,0,0,9,1,5
3,2,9,0,18,0,8,0,0,0,0,2,1,6,2,50,8,998,1,2,1,1,2,557825,98160,47,2,1,4,551,4,2103,6,60,3,4,3,259,0,0,1,2,2,0,0,2,2,1,1,2,50,8,3,0,0,0,0,0,9,1,6
3,2,8,0,18,0,8,0,0,0,0,4,1,6,1,45,7,1686,2,2,1,2,2,510000,195873,41,2,2,1,437,5,74,6,30,6,2,6,373,0,5,1,2,2,1,0,1,1,2,2,2,36,7,3,0,0,1,0,0,8,1,7
3,1,19,0,12,0,1,0,0,0,0,2,2,1,1,46,8,1598,1,8,1,1,2,616660,137150,46,2,1,4,539,1,20,3,70,5,4,1,20,0,0,1,2,2,0,0,2,1,1,1,1,33,6,3,0,0,0,0,0,9,1,5
3,2,9,0,18,0,0,0,0,0,0,0,1,6,3,38,7,1598,1,8,1,1,2,518220,305330,35,2,1,5,394,6,0,6,60,0,4,6,0,0,0,1,1,2,0,0,2,1,1,1,1,33,6,3,0,0,0,0,0,9,1,5
3,1,19,0,5,0,1,0,0,0,0,1,1,6,3,38,7,2494,2,9,1,1,2,530000,193370,1,2,1,4,32,3,1004,6,30,3,4,6,0,0,1,4,2,2,0,0,1,1,1,1,1,33,6,3,0,0,0,0,0,9,1,5
3,2,9,0,18,0,0,5,4,0,0,1,1,6,2,44,7,1589,1,17,1,1,2,536480,163050,1,2,1,4,20,3,2022,6,30,0,4,6,0,0,0,1,1,1,0,0,1,1,1,1,2,44,7,3,0,0,0,0,0,9,1,6
2,1,5,0,18,0,0,0,0,0,0,1,1,6,1,26,6,955,1,16,1,1,1,440059,293637,33,1,1,5,361,3,47,6,30,0,4,6,0,0,0,4,1,2,0,0,1,1,1,3,1,60,9,2,5,3,0,0,0,0,1,9
2,2,9,0,6,0,0,0,0,0,0,2,1,6,1,38,7,1590,1,13,1,1,2,409490,279820,20,2,1,6,300,6,0,6,30,0,4,6,0,0,0,4,1,1,0,0,1,1,1,1,1,33,6,3,0,0,0,0,0,9,1,5
3,1,9,0,18,0,0,0,0,0,0,3,1,6,1,59,9,1598,1,14,1,3,3,442772,413566,13,3,3,4,206,4,6273,6,30,0,4,6,0,0,0,1,1,1,0,0,2,1,1,1,1,59,9,3,0,0,0,0,0,9,1,1
3,2,9,0,18,0,1,0,0,1,0,2,1,6,1,62,9,1299,1,12,1,1,2,486417,159925,45,2,1,4,515,6,3426,6,30,9,4,6,0,0,0,1,1,2,0,0,1,1,1,1,1,62,9,3,0,0,0,0,0,9,1,7
2,1,9,0,5,0,0,0,0,0,0,1,1,6,1,36,7,1686,2,1,1,1,1,498602,170671,45,1,1,3,514,6,3113,9,30,0,4,6,0,0,0,1,1,1,0,0,1,1,1,3,1,3,1,2,9,9,0,0,0,0,1,4
3,1,8,0,4,0,0,0,0,0,0,3,1,6,1,38,7,1598,1,8,1,1,2,440760,372440,30,2,1,1,322,5,12,6,30,0,4,6,0,0,0,4,9,1,0,0,1,2,1,2,2,44,7,3,0,0,1,0,0,8,1,3
3,1,9,0,18,0,4,0,0,0,0,1,1,6,1,19,4,1398,1,1,1,1,2,257512,672927,97,2,1,1,920,3,807,1,30,1,4,3,879,0,0,1,2,2,0,0,2,1,1,1,1,33,6,3,0,0,0,0,0,9,1,5
3,2,9,0,12,0,0,1,0,0,0,2,1,6,1,27,6,2143,2,2,1,1,3,464118,102451,44,3,1,5,498,1,275,3,60,0,4,6,0,0,0,1,1,1,0,0,2,1,1,1,1,27,6,3,0,0,0,0,0,9,1,3
3,1,9,0,18,0,7,5,0,0,0,1,1,6,2,61,9,1560,2,1,1,1,3,447581,429549,12,3,1,2,187,2,1,3,70,5,4,2,1,0,0,1,1,1,0,0,2,1,1,1,2,61,9,3,0,0,0,0,0,9,1,2
2,1,9,0,17,0,0,1,0,0,4,1,1,6,1,18,4,1598,1,8,3,2,1,491372,175114,43,1,2,1,474,6,7402,6,60,0,4,6,0,0,0,6,1,2,0,0,2,1,1,1,1,18,4,3,0,0,0,0,0,9,3,9
3,2,19,0,18,0,8,0,0,1,2,1,1,1,1,29,6,1598,1,8,1,3,2,304216,207859,62,2,3,1,742,6,0,6,30,3,4,6,0,0,0,4,2,2,0,0,1,1,3,2,1,20,4,3,0,0,0,0,0,19,1,5
3,4,9,0,2,0,0,0,0,0,0,2,1,6,1,38,7,2495,2,22,1,1,5,448418,358933,31,5,1,7,340,4,6026,6,30,0,4,6,0,0,0,4,1,1,0,0,1,1,1,1,1,33,6,3,0,0,0,0,0,9,1,5
3,1,11,0,4,0,1,0,0,0,0,0,1,1,1,38,7,1598,1,8,1,1,1,532020,182180,1,1,1,2,3,3,1,6,30,6,2,3,5201,0,5,1,1,1,0,0,1,1,1,2,1,83,11,3,0,0,0,3,0,11,1,4
3,2,9,0,16,0,0,0,0,0,0,0,1,6,1,32,6,1198,1,8,1,2,3,536592,140958,45,3,2,3,516,3,22,6,40,0,4,6,0,0,0,1,1,1,0,0,2,1,1,1,1,33,6,3,0,0,0,0,0,9,1,5
3,2,9,0,5,0,4,0,0,0,0,1,1,2,2,38,7,1796,1,7,1,1,2,520117,163036,45,2,1,5,38,4,284,1,40,1,4,5,196,0,0,1,1,1,0,0,2,1,1,1,1,33,6,3,0,0,0,0,0,9,1,5
3,3,9,0,4,0,0,0,0,0,0,2,1,1,1,33,6,1598,2,2,1,1,3,576640,156000,46,3,1,5,536,3,249,3,30,0,4,6,0,0,0,1,1,1,0,0,1,1,1,1,1,33,6,3,0,0,0,0,0,9,1,5
3,1,9,0,18,0,8,0,0,0,0,2,1,6,1,19,4,1598,1,8,1,1,2,549620,174890,1,2,1,3,18,3,220,6,30,3,4,6,0,0,0,1,1,1,0,0,1,1,1,1,1,33,6,3,0,0,0,0,0,9,1,5
3,1,9,0,17,0,2,1,0,1,11,1,1,6,2,27,6,1242,1,15,1,1,1,498992,182170,43,1,1,2,473,6,7302,6,30,3,4,6,7302,0,0,1,1,2,0,0,1,1,1,2,2,3,1,3,0,0,2,0,0,9,1,8
3,2,9,0,4,0,0,0,0,0,0,2,1,6,1,46,8,2401,2,10,1,3,2,502380,172919,45,2,3,1,40,1,25,3,70,0,4,6,0,0,0,4,1,1,0,0,2,1,3,2,2,7,2,3,0,0,2,0,0,9,1,1
3,1,9,0,18,0,4,0,0,0,0,3,1,6,1,58,9,1360,1,7,2,1,2,422713,303323,21,2,1,2,258,4,5000,1,30,1,4,6,17,0,0,1,2,2,0,0,1,1,1,1,1,33,6,3,0,0,0,0,0,9,1,5
3,2,9,0,18,0,4,0,0,0,0,3,1,1,2,51,8,1242,1,1,2,1,2,335290,433440,4,2,1,3,74,3,583,1,30,9,4,1,55,0,0,1,1,1,0,0,1,1,1,1,1,33,6,3,0,0,0,0,0,9,1,5
3,2,9,0,17,0,0,0,0,0,0,1,1,6,1,65,9,1973,1,14,3,3,2,617957,325942,36,2,3,7,401,4,1145,6,40,0,4,6,0,0,0,1,2,2,5,0,2,1,2,1,1,65,9,3,0,0,0,0,0,9,3,3
3,1,9,0,17,0,0,1,10,7,2,1,1,1,1,23,5,1598,1,8,1,1,1,300346,205998,62,1,1,6,744,4,4276,6,60,0,4,6,0,0,0,1,2,2,0,0,2,1,1,1,1,23,5,3,0,0,0,0,0,9,1,5
3,1,9,0,18,0,1,0,0,0,0,1,1,2,2,34,6,1598,1,8,2,1,2,578449,287482,36,2,1,6,400,3,1065,6,60,3,4,6,0,0,0,1,1,1,0,0,2,1,1,1,1,33,6,3,0,0,0,0,0,9,1,5
3,1,9,0,9,0,6,0,0,0,0,3,1,6,1,60,9,1598,1,8,1,1,2,422497,303361,21,2,1,4,258,4,5000,6,30,3,4,6,41,0,0,1,1,1,0,0,1,2,1,1,1,33,6,3,0,0,0,0,0,9,1,5
3,1,8,0,4,0,0,0,0,0,0,2,1,1,1,47,8,1997,2,4,1,1,2,534110,181500,1,2,1,3,5,3,11,6,20,0,4,6,0,0,0,4,1,1,0,0,1,1,1,2,2,29,6,3,0,0,2,0,0,8,1,1
3,2,9,0,18,0,1,0,0,0,0,2,1,6,2,56,9,898,1,1,1,3,2,368070,403540,6,2,3,7,114,3,579,6,30,3,2,5,0,0,5,1,1,1,0,0,1,1,1,1,2,56,9,3,0,0,0,0,0,9,1,8
3,2,9,0,18,0,8,1,0,1,7,1,1,6,2,32,6,1242,1,6,1,3,2,487815,341524,32,2,3,6,355,3,1,3,70,9,4,5,74,0,0,6,2,2,0,0,2,1,3,2,2,38,7,3,0,0,2,0,0,9,1,8
3,1,21,0,18,0,0,0,0,0,0,3,1,1,1,55,8,1598,1,8,1,1,2,557380,172330,46,2,1,6,532,3,2,3,70,0,4,6,0,0,0,4,1,1,0,0,1,1,1,1,1,33,6,3,0,0,0,0,0,9,1,5
3,1,9,0,18,0,1,0,10,1,2,1,1,6,2,88,11,1289,1,16,1,3,1,487478,233758,43,1,3,7,479,5,130,3,30,2,4,5,130,0,0,4,1,1,0,0,1,1,1,2,2,74,10,3,0,0,2,0,0,9,1,3
2,1,5,0,18,0,0,1,0,1,11,1,1,6,1,39,7,998,1,6,1,1,1,532919,429011,16,1,1,1,231,4,1242,6,30,0,4,6,0,0,0,1,4,1,0,0,2,1,1,1,1,39,7,2,0,0,0,0,0,5,1,1
3,1,19,0,18,0,0,0,0,0,0,1,1,1,2,26,6,2499,2,1,1,1,2,390854,454987,12,2,1,6,180,3,65,6,40,0,4,6,0,0,0,1,1,1,0,0,2,1,1,1,1,33,6,3,0,0,0,0,0,9,1,5
3,1,9,0,18,0,0,0,0,0,0,1,1,6,3,38,7,3600,1,12,1,1,2,600000,143520,46,2,1,2,530,3,28,6,40,0,4,6,0,0,4,1,1,1,0,0,2,2,1,1,1,33,6,3,0,0,0,0,0,9,1,5
2,1,5,0,18,0,0,0,0,1,0,0,1,6,1,23,5,749,1,18,1,1,1,574676,108226,47,1,1,4,555,3,259,3,40,0,4,6,0,0,0,1,1,1,0,0,1,1,1,1,1,23,5,2,0,0,0,0,0,5,1,9
3,1,9,0,18,0,1,0,0,0,0,1,2,6,1,40,7,2720,2,9,1,1,1,535942,202045,41,1,1,7,430,6,559,6,20,3,4,4,176,0,4,1,1,1,0,0,1,1,1,3,1,25,5,3,4,3,0,0,0,0,1,4
3,1,9,0,13,0,8,0,0,0,0,4,1,6,1,66,10,3800,1,5,1,5,2,442804,430043,13,2,5,2,204,3,656,6,50,8,4,6,0,0,0,1,1,1,0,0,2,2,5,2,2,27,6,3,0,0,2,0,0,9,1,1
3,3,9,0,18,0,0,0,0,0,0,0,1,1,1,38,7,1248,2,2,1,1,3,387339,347135,21,3,1,2,257,4,5046,6,30,0,4,6,0,0,0,1,1,1,0,0,1,1,1,1,1,33,6,3,0,0,0,0,0,9,1,5
3,1,9,0,18,0,0,1,0,1,7,1,1,6,1,33,6,1995,2,3,1,2,1,409240,290390,20,1,2,1,300,1,6,3,70,0,4,6,0,0,0,4,5,2,0,0,1,2,1,1,1,33,6,3,0,0,0,0,0,9,1,4
2,2,9,0,15,0,0,0,0,0,0,0,1,6,3,38,7,1598,1,8,1,1,2,421665,320561,21,2,1,4,251,3,38,3,60,0,4,6,0,0,0,1,1,1,0,0,1,1,1,1,1,33,6,3,0,0,0,0,0,9,1,5
3,1,9,0,18,0,1,1,0,0,0,1,1,1,1,36,7,1598,1,8,2,1,2,499055,359460,32,2,1,3,353,4,1202,6,60,6,4,6,0,0,0,1,1,1,0,0,2,2,1,1,1,33,6,3,0,0,0,0,0,9,1,5
3,1,9,0,18,0,0,0,0,0,0,3,1,6,1,30,6,1598,1,4,1,2,2,514230,179670,1,2,2,7,27,3,4127,6,30,0,4,6,0,0,0,4,1,1,0,0,1,1,1,1,1,30,6,3,0,0,0,0,0,9,1,4
3,1,9,0,3,0,0,0,0,0,0,2,1,6,1,33,6,998,1,12,1,1,3,544470,186720,1,3,1,7,14,3,118,6,30,0,4,6,0,0,0,1,1,1,0,0,1,2,1,1,1,33,6,3,0,0,0,0,0,9,1,5
3,1,9,0,9,0,8,0,0,0,0,4,1,6,1,36,7,1598,1,8,1,1,3,324910,676060,95,3,1,3,923,6,0,6,30,3,2,6,0,0,5,1,1,1,0,0,1,1,1,1,1,33,6,3,0,0,0,0,0,9,1,5
3,1,19,0,18,0,0,0,4,0,0,4,1,1,1,46,8,1598,1,8,1,1,5,293373,92517,50,5,1,5,581,4,3183,6,30,0,4,6,0,0,5,4,1,1,0,0,1,1,1,1,1,46,8,3,0,0,0,0,0,9,1,7
3,2,1,0,9,0,2,0,0,0,0,1,1,6,1,7,2,1598,1,8,1,1,2,551300,172190,46,2,1,4,532,6,3201,6,30,3,4,6,0,0,0,1,1,1,0,0,1,1,1,1,1,7,2,3,0,0,0,0,0,1,1,10
2,2,19,0,18,0,1,1,0,0,0,1,1,6,1,31,6,2500,2,11,1,1,2,578256,184868,42,2,1,3,453,4,1014,3,40,3,2,6,0,0,4,1,1,1,0,0,2,1,1,1,1,33,6,3,0,0,0,0,0,9,1,5
3,2,9,0,18,0,0,0,0,0,0,0,1,6,2,42,7,1149,1,10,1,1,2,431175,514149,11,2,1,4,161,4,6280,6,30,0,4,6,0,0,0,1,1,1,0,0,1,2,1,1,2,42,7,3,0,0,0,0,0,9,1,1
2,3,9,0,3,0,0,0,0,0,0,2,1,6,1,18,4,1560,2,2,3,4,3,547800,155310,46,3,4,2,538,3,25,6,30,0,4,6,0,0,0,1,1,1,0,0,2,1,1,1,1,33,6,3,0,0,0,0,0,9,1,5
3,1,3,0,14,0,8,0,0,0,0,1,1,6,1,20,4,102,1,9,1,2,1,520530,180050,1,1,2,4,27,3,4020,6,30,3,4,6,0,0,4,1,1,1,0,0,1,1,1,1,1,20,4,3,0,0,0,0,0,3,1,4
3,2,5,0,18,0,1,0,0,0,0,4,1,1,1,49,8,1255,1,3,1,1,2,529370,178720,1,2,1,4,1,3,202,6,30,6,2,4,324,0,5,4,1,1,0,0,1,1,1,1,1,49,8,3,0,0,0,0,0,5,1,2
3,2,1,0,18,0,6,0,0,0,0,1,1,6,1,19,4,1598,1,8,1,1,2,508580,180810,1,2,1,7,26,6,0,6,30,3,4,6,0,0,0,1,1,1,0,0,1,1,1,1,1,19,4,3,0,0,0,0,0,1,1,2
3,1,11,0,5,0,0,0,0,0,0,0,1,1,1,49,8,9000,2,5,1,1,1,516680,180440,1,1,1,2,27,3,4020,3,30,0,4,6,0,0,0,1,1,1,0,0,1,1,1,2,2,2,1,3,0,0,0,4,0,11,1,9
3,1,9,0,18,0,0,0,0,0,0,1,1,6,3,38,7,1598,1,8,1,1,1,327190,257860,22,1,1,7,285,3,44,6,60,0,4,6,0,0,0,6,1,1,0,0,2,1,1,3,1,28,6,3,9,9,0,0,0,0,1,5
3,2,9,0,2,0,0,0,4,0,0,1,1,6,1,44,7,1598,1,8,2,1,3,225590,214530,63,3,1,5,751,3,477,6,30,0,4,6,0,0,0,1,1,1,0,0,2,1,1,1,1,33,6,3,0,0,0,0,0,9,1,5
3,1,9,0,4,0,0,0,0,0,0,1,1,2,1,46,8,1956,2,1,2,2,3,405164,416728,13,3,2,2,203,1,62,3,70,0,4,6,0,0,0,1,1,1,0,0,2,1,1,1,1,46,8,3,0,0,0,0,0,9,2,8
3,1,9,0,18,0,8,0,0,0,0,4,1,6,1,37,7,1598,1,8,1,2,2,539210,193950,1,2,2,7,13,3,110,6,30,3,4,6,0,0,0,1,1,1,0,0,1,1,1,1,1,37,7,3,0,0,0,0,0,9,1,5
3,2,9,0,18,0,1,0,0,0,0,1,1,6,2,53,8,1461,2,6,1,2,4,562941,264875,37,4,2,5,411,4,1103,6,30,3,4,6,0,0,0,1,2,2,0,0,2,1,2,2,2,51,8,3,0,0,1,0,0,9,2,8
3,1,19,0,13,0,0,0,0,0,0,0,1,6,1,38,7,1598,1,8,1,1,2,459435,308884,33,2,1,6,362,6,3415,6,30,0,4,6,0,0,0,1,1,2,0,0,1,2,1,1,1,33,6,3,0,0,0,0,0,9,1,5
3,2,9,0,9,0,8,0,0,0,0,3,1,6,1,74,10,1198,1,12,1,1,2,530040,175330,1,2,1,6,9,4,221,6,30,3,4,6,0,0,0,1,1,1,0,0,1,1,1,1,1,33,6,3,0,0,0,0,0,9,1,5
3,2,9,0,13,0,8,0,0,0,0,1,1,6,1,62,9,1598,1,8,1,1,2,446012,522304,17,2,1,4,245,4,1275,6,30,3,4,6,0,0,0,4,3,2,0,0,1,1,1,1,1,33,6,3,0,0,0,0,0,9,1,5
3,1,9,0,18,0,0,1,0,0,0,1,1,6,2,61,9,899,1,1,1,5,2,360830,396200,6,2,5,1,114,3,572,6,40,0,4,6,0,0,0,4,1,2,0,0,1,1,2,2,1,64,9,3,0,0,1,0,0,9,1,7
3,3,9,0,4,0,0,0,0,0,0,1,1,6,1,58,9,1598,1,8,3,1,5,575400,161870,46,5,1,5,542,1,2,3,70,0,4,6,0,0,0,1,1,1,0,0,2,1,1,1,1,33,6,3,0,0,0,0,0,9,1,5
3,1,9,0,12,0,1,5,0,4,0,1,1,6,2,24,5,1299,1,11,1,1,1,434887,208646,43,1,1,2,485,3,40,3,70,5,4,3,40,0,0,1,1,1,0,0,2,2,1,1,2,24,5,3,0,0,0,0,0,9,1,6
3,1,9,0,9,0,5,0,0,0,0,1,1,3,1,34,6,1598,1,12,1,4,2,621761,307788,36,2,4,6,404,5,800,6,30,3,4,6,0,0,0,1,1,1,0,0,1,1,4,2,2,2,1,3,0,0,2,0,0,9,1,7
3,1,9,0,4,0,0,5,0,0,0,1,1,6,2,21,5,898,1,1,3,1,2,368414,162884,52,2,1,3,611,6,0,6,60,0,4,6,0,0,0,1,1,4,0,0,2,1,1,1,2,21,5,3,0,0,0,0,0,9,3,6
2,1,9,0,2,0,0,0,0,0,0,2,1,6,3,38,7,1598,1,8,1,1,2,534660,160200,1,2,1,7,20,4,269,6,30,0,4,6,0,0,0,1,1,1,0,0,1,1,1,1,1,33,6,3,0,0,0,0,0,9,1,5
3,1,1,0,18,0,8,0,0,0,0,3,1,6,1,30,6,1598,1,8,1,1,2,541310,183990,1,2,1,3,17,4,165,6,30,3,4,6,0,0,0,4,1,1,0,0,1,2,1,1,1,30,6,3,0,0,0,0,0,1,1,3
3,2,9,0,18,0,8,0,0,0,0,1,1,6,1,32,6,1997,2,6,1,1,2,432919,421527,13,2,1,1,206,3,61,6,30,3,2,6,0,0,0,4,1,2,0,0,1,1,1,1,1,32,6,3,0,0,0,0,0,9,1,1
3,1,9,0,7,0,2,0,0,0,0,1,1,6,3,38,7,1598,1,8,1,1,1,509670,190750,1,1,1,3,26,3,4125,6,30,3,4,3,404,0,1,4,2,2,0,0,1,2,1,3,2,20,4,3,1,1,0,0,2,0,1,7
2,1,4,0,18,0,0,0,0,0,0,3,1,6,1,60,9,498,1,12,1,1,3,540320,178140,1,3,1,6,6,3,102,3,30,0,4,6,0,0,0,1,1,1,0,0,1,1,1,1,1,60,9,2,0,0,0,0,0,4,1,5
3,2,9,0,18,0,0,0,0,0,0,3,1,6,2,58,9,1598,1,12,3,1,5,163689,30876,50,5,1,1,596,4,3303,6,30,0,4,6,0,0,0,6,1,1,0,0,2,1,1,1,1,33,6,3,0,0,0,0,0,9,1,5
3,1,9,0,7,0,4,0,0,0,0,3,1,6,1,33,6,1497,8,10,2,1,2,544500,257640,35,2,1,5,390,3,603,1,30,1,4,3,1134,0,4,1,1,1,0,0,1,1,1,1,1,33,6,3,0,0,0,0,0,9,1,5
3,1,9,0,1,0,0,0,0,0,0,2,1,6,2,38,7,1598,1,8,2,1,2,562990,149950,46,2,1,3,542,6,1141,6,30,0,4,6,0,0,0,1,1,1,0,0,2,2,1,1,1,33,6,3,0,0,0,0,0,9,1,5
3,2,1,0,18,0,0,0,0,0,0,1,1,6,1,13,3,1598,1,8,1,2,2,378379,148212,52,2,2,6,606,6,0,6,30,0,4,6,0,0,0,1,1,1,0,0,1,1,1,1,1,13,3,3,0,0,0,0,0,1,1,8
3,1,9,0,18,0,8,0,0,0,0,1,1,6,2,36,7,2171,1,13,1,2,2,514800,190590,1,2,2,6,29,6,0,6,30,6,4,6,0,0,0,1,1,1,0,0,1,1,1,1,1,33,6,3,0,0,0,0,0,9,1,5
2,1,9,0,18,0,0,0,0,1,4,3,1,6,1,67,10,3239,1,18,1,1,1,512972,309892,32,1,1,3,355,3,15,3,60,0,4,6,0,0,0,1,2,2,0,0,2,1,1,1,1,67,10,2,0,0,0,0,0,9,1,8
3,3,9,0,3,0,0,0,0,0,0,1,1,6,1,38,7,1598,1,8,1,1,3,316841,179600,62,3,1,3,741,3,469,6,30,0,4,6,0,0,4,1,4,2,0,0,1,1,1,1,1,33,6,3,0,0,0,0,0,9,1,5
3,1,9,0,16,0,0,0,0,0,0,1,1,2,1,48,8,1796,1,12,1,3,3,390610,263980,22,3,3,6,277,3,38,6,60,0,4,6,0,0,0,1,1,1,0,0,2,1,1,1,1,48,8,3,0,0,0,0,0,9,1,9
3,3,9,0,2,0,0,0,4,0,0,1,1,6,3,38,7,1587,1,9,1,1,3,536270,197160,1,3,1,7,32,6,0,6,30,0,4,6,0,0,0,1,1,1,0,0,1,1,1,1,1,33,6,3,0,0,0,0,0,9,1,5