accident_severity,vehicle_reference,vehicle_type,towing_and_articulation,vehicle_manoeuvre,vehicle_location-restricted_lane,junction_location,skidding_and_overturning,hit_object_in_carriageway,vehicle_leaving_carriageway,hit_object_off_carriageway,1st_point_of_impact,was_vehicle_left_hand_drive?,journey_purpose_of_driver,sex_of_driver,age_of_driver,age_band_of_driver,engine_capacity_(cc),propulsion_code,age_of_vehicle,driver_home_area_type,NUmber_of_Casualities_unique_to_accident_index,No_of_Vehicles_involved_unique_to_accident_index,location_easting_osgr,location_northing_osgr,police_force,number_of_vehicles,number_of_casualties,day_of_week,local_authority_(district),1st_road_class,1st_road_number,road_type,speed_limit,junction_detail,junction_control,2nd_road_class,2nd_road_number,pedestrian_crossing-human_control,pedestrian_crossing-physical_facilities,light_conditions,weather_conditions,road_surface_conditions,special_conditions_at_site,carriageway_hazards,urban_or_rural_area,did_police_officer_attend_scene_of_accident,casualty_reference,casualty_class,sex_of_casualty,age_of_casualty,age_band_of_casualty,casualty_severity,pedestrian_location,pedestrian_movement,car_passenger,bus_or_coach_passenger,pedestrian_road_maintenance_worker,casualty_type,casualty_home_area_type,casualty_imd_decile
2,1,20,1,18,0,0,0,4,0,0,1,1,1,1,38,7,1598,1,8,1,2,2,434915,287414,23,2,2,1,290,3,444,3,50,0,4,6,0,0,0,1,2,2,0,0,2,1,1,1,1,33,6,3,0,0,0,0,0,9,1,5
3,2,19,4,16,0,0,0,0,1,9,3,1,2,1,59,9,2402,2,10,1,1,2,487181,173955,43,2,1,6,470,3,3095,6,60,0,4,6,0,0,0,1,1,1,0,0,2,1,1,1,1,33,6,3,0,0,0,0,0,9,1,5
2,2,19,0,2,0,0,0,0,0,0,2,1,1,1,35,6,6692,2,4,1,2,2,336368,396681,5,2,2,3,91,3,59,6,30,0,4,6,0,0,0,4,1,1,0,0,1,1,1,1,1,33,6,3,0,0,0,0,0,9,1,5
3,2,9,0,5,0,1,0,0,0,0,2,1,6,1,53,8,1461,2,2,1,2,2,445470,366980,30,2,2,7,327,5,106,6,60,1,4,3,617,0,0,1,1,1,0,0,2,1,1,2,2,56,9,3,0,0,2,0,0,9,1,2
3,1,3,0,18,0,0,0,0,0,0,1,1,6,1,21,5,125,1,8,2,1,2,645109,262511,37,2,1,4,415,5,228,6,30,0,4,6,0,0,0,1,2,2,0,0,2,1,1,1,1,21,5,3,0,0,0,0,0,3,2,5
3,2,1,0,5,0,6,0,0,0,0,2,1,6,1,26,6,1598,1,8,1,1,2,545880,260220,35,2,1,2,390,3,1309,6,30,6,2,5,287,0,5,1,1,4,0,0,1,1,1,1,1,26,6,3,0,0,0,0,0,1,1,3
3,1,9,0,9,0,8,0,0,0,0,1,1,1,2,44,7,1199,1,13,1,1,2,502544,221545,40,2,1,2,424,6,0,6,20,3,4,6,0,0,0,4,1,2,0,0,1,1,1,1,1,33,6,3,0,0,0,0,0,9,1,5
3,2,9,0,18,0,8,0,0,0,0,2,1,6,2,63,9,1390,1,11,3,1,2,464300,105587,44,2,1,2,498,3,27,6,40,6,2,3,3,0,4,1,1,1,0,0,1,1,1,1,2,63,9,3,0,0,0,0,0,9,3,8
3,2,9,0,9,0,3,0,0,0,0,3,1,6,1,43,7,1560,2,11,2,1,2,456313,511476,12,2,1,5,181,3,173,1,30,1,4,5,16,0,0,1,2,2,0,0,2,1,1,1,1,33,6,3,0,0,0,0,0,9,1,5
2,1,9,0,18,0,1,0,0,0,0,1,1,6,2,44,7,1560,2,4,1,1,1,452579,519207,17,1,1,5,243,6,0,6,30,3,4,6,0,0,0,1,1,1,0,0,1,1,1,3,1,17,4,2,5,1,0,0,0,0,1,1
2,1,9,0,18,0,0,0,0,0,0,1,1,6,3,38,7,2143,2,1,1,2,2,369030,429450,4,2,2,7,70,3,666,6,30,0,4,6,0,0,4,4,1,1,0,0,1,1,1,1,1,33,6,3,0,0,0,0,0,9,1,5
3,5,9,0,3,0,0,0,0,0,0,2,1,6,2,21,5,1995,1,7,1,2,5,552280,230845,42,5,2,5,463,1,11,3,70,0,4,6,0,0,0,6,1,1,0,0,2,1,2,1,2,21,5,3,0,0,0,0,0,9,1,8
3,2,9,0,2,0,2,0,0,0,0,3,1,6,1,38,7,1598,1,8,1,1,2,540590,170280,1,2,1,4,19,5,0,6,30,3,4,6,0,0,0,1,1,1,0,0,1,2,1,1,1,33,6,3,0,0,0,0,0,9,1,5
3,2,8,0,18,0,0,0,0,0,0,1,1,2,1,51,8,1598,1,8,2,2,2,294664,181856,62,2,2,7,740,6,0,6,40,0,4,6,0,0,0,1,1,2,0,0,2,1,2,1,1,51,8,3,0,0,0,0,0,8,2,5
3,3,9,0,3,0,0,0,0,0,0,2,1,6,1,31,6,1590,1,3,1,5,4,473569,153294,44,4,5,6,494,1,3,3,70,0,4,6,0,0,0,1,2,2,0,0,2,1,2,2,2,1,1,3,0,0,2,0,0,9,1,8
2,2,9,0,3,0,0,0,0,0,0,2,1,6,1,24,5,1596,1,4,1,1,2,395190,296450,20,2,1,1,309,3,41,6,30,0,4,6,0,0,0,1,1,1,4,0,1,1,1,1,1,33,6,3,0,0,0,0,0,9,1,5
3,2,9,0,3,0,1,0,0,0,0,1,1,6,2,30,6,1360,1,14,1,2,2,414835,417334,13,2,2,2,203,3,62,3,30,9,2,6,0,0,5,4,1,1,0,0,1,1,1,1,2,30,6,3,0,0,0,0,0,9,1,2
3,1,9,0,18,0,2,0,0,0,0,1,1,6,2,46,8,1598,1,8,1,1,3,330641,363757,60,3,1,6,724,3,550,3,60,9,4,6,0,0,0,1,2,2,0,7,2,1,1,1,1,33,6,3,0,0,0,0,0,9,1,5
3,2,20,1,6,0,8,0,0,0,0,3,1,1,1,38,7,1598,1,8,1,1,2,537530,173610,1,2,1,4,7,3,205,6,30,3,2,5,0,0,5,4,2,2,0,0,1,2,1,1,1,33,6,3,0,0,0,0,0,9,1,5
3,1,5,0,18,0,0,1,0,0,0,3,1,1,1,45,7,1783,1,4,1,1,2,416678,422100,13,2,1,4,202,3,644,6,40,0,4,6,0,0,0,1,2,2,0,0,2,1,1,1,1,45,7,3,0,0,0,0,0,5,1,8
3,2,19,0,18,0,2,0,0,0,0,4,1,1,1,32,6,1598,1,8,3,1,2,431380,334020,30,2,1,3,323,3,38,3,70,5,4,3,516,0,0,4,1,1,0,0,2,1,1,1,1,33,6,3,0,0,0,0,0,9,1,5
3,1,9,0,5,0,8,0,0,0,0,1,1,6,2,57,9,998,1,8,1,1,2,376760,428990,4,2,1,6,75,6,0,6,30,7,4,6,0,0,0,1,1,2,3,0,1,1,1,1,1,33,6,3,0,0,0,0,0,9,1,5
3,1,19,0,6,8,0,0,0,0,0,3,1,1,1,28,6,1995,2,2,1,3,2,403470,274040,22,2,3,5,270,3,441,6,60,0,4,6,0,0,0,6,1,2,0,0,2,1,1,1,1,28,6,3,0,0,0,0,0,19,1,7
3,5,9,0,4,0,0,0,0,0,0,2,1,6,2,52,8,2143,2,5,1,1,5,556630,188980,1,5,1,3,15,3,127,3,50,0,4,6,0,0,0,1,1,1,0,0,2,1,1,1,1,33,6,3,0,0,0,0,0,9,1,5
3,1,9,0,4,0,8,1,0,0,0,1,1,6,1,23,5,1242,1,13,2,2,2,486580,300247,33,2,2,6,368,3,6003,6,30,3,4,6,8174,0,4,1,2,2,0,0,2,1,1,1,1,33,6,3,0,0,0,0,0,9,1,5
3,2,9,0,18,0,8,0,0,0,0,1,1,2,2,57,9,1596,1,9,1,3,2,508842,428658,16,2,3,1,228,3,1105,6,30,3,2,6,0,0,0,1,1,1,0,0,1,1,2,1,2,57,9,3,0,0,0,0,0,9,1,7
3,1,9,0,9,0,3,0,0,0,0,1,1,6,1,45,7,1497,8,9,1,1,2,405274,287690,20,2,1,7,300,3,4540,1,40,1,4,3,4540,0,0,4,1,1,0,0,1,2,2,2,1,23,5,3,0,0,1,0,0,9,1,2
3,1,9,0,18,0,0,0,0,0,0,1,1,6,1,37,7,1461,2,1,3,1,1,353125,382492,7,1,1,5,124,5,2017,6,30,0,4,6,0,0,0,4,2,2,0,0,1,1,1,3,2,12,3,3,5,4,0,0,0,0,1,1
3,1,21,1,11,0,0,0,0,0,0,4,1,1,1,57,9,1598,2,10,1,1,2,430464,431103,13,2,1,4,204,1,621,3,50,0,4,6,0,0,0,1,1,1,0,0,1,1,1,1,1,33,6,3,0,0,0,0,0,9,1,5
3,2,9,0,18,0,0,0,0,0,0,3,1,6,1,77,11,1951,2,12,2,3,2,477091,202506,43,2,3,2,480,4,4009,6,50,0,4,6,0,0,0,1,1,2,0,0,2,1,3,2,2,75,10,3,0,0,1,0,0,9,2,8
3,1,9,0,18,0,0,0,0,0,0,1,1,6,2,74,10,1242,1,9,1,1,1,472112,261108,34,1,1,2,384,5,37,6,30,0,4,6,0,0,1,1,1,1,0,0,1,1,1,3,2,14,3,3,1,1,0,0,0,0,1,1
2,1,9,0,18,0,0,0,0,0,0,1,1,6,2,21,5,1598,1,8,1,2,3,331153,191372,61,3,2,6,733,3,4042,3,70,0,4,6,0,0,0,1,1,1,0,0,2,1,1,1,2,21,5,3,0,0,0,0,0,9,1,5
3,2,1,0,18,0,8,0,0,0,0,1,1,6,1,67,10,1598,1,8,1,1,2,471735,173933,43,2,1,4,472,3,329,1,30,1,4,4,3345,0,0,1,1,1,0,0,1,1,1,1,1,67,10,3,0,0,0,0,0,1,1,10
3,2,3,0,5,0,2,0,0,0,0,3,1,6,1,27,6,125,1,3,1,1,2,525980,188280,1,2,1,5,30,6,0,6,30,6,4,6,0,0,0,1,9,1,0,0,1,1,1,1,1,27,6,3,0,0,0,0,0,3,1,3
3,2,9,0,18,0,8,1,0,0,0,4,1,2,2,24,5,1598,1,12,1,1,2,445041,240849,43,2,1,7,481,4,4100,6,30,6,4,6,0,0,0,1,1,2,0,0,1,2,1,2,2,47,8,3,0,0,2,0,0,9,1,5
3,1,9,0,18,0,1,0,0,0,0,1,1,2,2,33,6,1598,2,5,1,1,1,392020,391080,6,1,1,6,109,5,0,6,30,3,4,6,0,0,0,1,1,2,0,0,1,1,1,3,1,10,2,3,5,3,0,0,0,0,1,1
3,2,9,0,17,0,0,0,0,0,0,1,1,6,2,30,6,2200,1,15,3,5,3,448681,320765,33,3,5,2,362,5,3212,6,40,0,4,6,0,0,0,1,2,2,0,3,2,1,4,2,1,19,4,3,0,0,2,0,0,9,1,8
3,1,1,0,18,0,0,0,0,0,0,1,1,2,1,52,8,1598,1,8,1,2,2,522240,175700,1,2,2,4,24,3,306,6,30,0,4,6,0,0,4,1,1,1,0,0,2,1,2,3,1,33,6,3,1,1,0,0,2,0,1,5
3,1,9,0,9,0,8,0,0,0,0,1,1,6,3,38,7,1781,1,14,1,2,2,509741,434435,16,2,2,3,228,6,0,6,30,3,4,6,0,0,0,1,1,1,0,0,1,1,1,1,1,33,6,3,0,0,0,0,0,9,1,5
3,1,9,0,18,0,1,0,0,0,0,1,1,6,2,34,6,1390,1,5,1,2,3,421647,505347,12,3,2,7,184,3,1,3,50,6,2,3,1,0,0,1,1,1,0,0,2,1,2,2,2,19,4,3,0,0,1,0,0,9,1,5
3,1,9,0,7,0,8,0,0,0,0,1,1,6,2,38,7,1984,1,12,1,1,2,615872,215172,42,2,1,4,461,6,0,6,30,3,4,6,0,0,0,1,1,1,0,0,1,2,1,1,1,33,6,3,0,0,0,0,0,9,1,5
3,2,9,0,14,0,0,1,0,0,0,1,1,6,1,38,7,2319,1,19,1,2,4,446090,333680,30,4,2,3,324,5,165,6,30,0,4,6,0,0,0,1,1,1,0,0,1,1,1,1,1,33,6,3,0,0,0,0,0,9,1,5
3,1,9,0,4,0,0,0,0,0,0,1,1,1,1,29,6,1405,1,11,1,1,3,590191,311937,36,3,1,6,400,3,47,6,60,0,4,6,0,0,0,1,1,1,0,0,2,1,1,1,1,33,6,3,0,0,0,0,0,9,1,5
3,1,9,0,4,0,1,0,0,0,0,1,1,6,3,38,7,1598,1,8,1,1,2,285390,191384,62,2,1,7,740,4,4282,6,30,8,2,6,0,0,5,4,9,2,0,0,1,2,1,1,1,33,6,3,0,0,0,0,0,9,1,5
3,1,9,0,18,0,2,0,0,0,0,4,1,1,1,39,7,1999,1,8,2,1,1,443033,520854,17,1,1,5,245,5,141,6,30,8,4,6,0,0,5,1,1,1,0,0,1,2,1,3,1,19,4,3,4,1,0,0,0,0,1,1
3,2,9,0,18,0,4,0,0,2,2,1,1,6,2,26,6,1242,1,3,3,1,2,356620,425000,4,2,1,2,83,3,6,1,40,1,4,6,0,0,0,4,1,2,0,0,1,1,1,1,2,26,6,3,0,0,0,0,0,9,3,7
3,2,3,0,9,0,8,0,0,0,0,1,1,6,1,18,4,124,1,8,1,1,2,454704,334725,31,2,1,6,346,3,453,6,30,3,4,6,0,0,5,1,1,1,0,0,1,2,1,1,1,18,4,3,0,0,0,0,0,3,1,1
3,2,9,0,18,0,0,0,0,0,0,1,1,6,2,22,5,1242,1,6,1,1,2,544590,183100,1,2,1,4,16,3,13,3,40,0,4,6,0,0,0,4,1,2,0,0,1,1,1,1,1,33,6,3,0,0,0,0,0,9,1,5
3,3,9,0,4,0,0,0,0,0,0,1,1,2,2,40,7,1596,1,11,1,1,3,391345,809096,92,3,1,2,910,3,96,3,40,0,4,6,0,0,4,4,1,1,0,0,1,2,1,1,1,33,6,3,0,0,0,0,0,9,1,5
2,4,9,0,2,0,8,0,0,0,0,3,1,6,3,38,7,1598,2,1,1,1,4,486666,279518,34,4,1,7,383,3,6900,6,30,3,4,6,7049,0,0,4,1,1,0,0,1,1,1,1,1,33,6,3,0,0,0,0,0,9,1,5
3,4,9,0,4,0,0,0,0,0,0,2,1,6,1,36,7,1956,2,1,2,2,4,243589,58794,50,4,2,6,583,3,38,3,30,0,4,6,0,0,0,1,1,2,0,0,2,1,2,1,1,36,7,3,0,0,0,0,0,9,2,5
3,2,9,0,18,0,0,0,0,0,0,4,1,6,1,20,4,1896,2,8,1,2,2,391299,297231,20,2,2,3,309,6,0,6,30,0,4,6,0,0,0,4,1,2,0,0,1,1,2,1,1,20,4,3,0,0,0,0,0,9,1,2
3,1,9,0,18,0,8,0,0,7,0,1,1,6,2,37,7,1598,1,8,1,2,3,476817,261724,34,3,2,3,384,4,5346,1,30,1,4,3,5095,0,0,1,1,1,0,0,1,1,1,1,2,37,7,3,0,0,0,0,0,9,1,5
3,2,19,0,18,0,8,0,0,0,0,1,1,2,1,57,9,2148,2,8,1,1,2,532520,192550,1,2,1,5,32,3,10,1,30,1,4,3,406,0,7,1,2,2,0,0,1,1,1,1,1,33,6,3,0,0,0,0,0,9,1,5
3,1,9,0,18,0,8,1,10,1,2,1,1,1,2,22,5,1995,2,10,1,1,2,409370,286390,20,2,1,2,300,4,4128,6,30,6,4,6,0,0,0,4,2,2,0,0,1,1,1,1,2,22,5,3,0,0,0,0,0,9,1,2
3,2,9,0,18,0,1,0,0,0,0,1,1,6,1,38,7,1360,1,18,1,1,2,439594,386476,14,2,1,4,215,3,57,3,50,1,4,3,57,0,0,1,1,1,0,0,1,2,1,1,1,33,6,3,0,0,0,0,0,9,1,5
3,1,17,4,18,0,2,0,0,0,0,4,1,1,1,20,4,1598,2,21,3,1,1,323941,711613,94,1,1,6,925,3,91,6,30,3,4,6,0,0,4,1,1,1,0,0,2,1,1,3,1,42,7,3,6,8,0,0,0,0,2,5
3,2,21,0,17,0,0,0,0,0,0,4,1,6,1,44,7,5880,2,11,1,1,2,378350,515140,3,2,1,3,64,3,66,6,60,0,4,6,0,0,0,1,1,1,0,0,2,1,1,1,1,44,7,3,0,0,0,0,0,21,1,8
3,2,1,0,18,0,8,0,0,0,0,2,1,6,1,67,10,1598,1,8,1,1,2,331869,381342,5,2,1,7,95,4,5151,6,50,6,4,4,5136,0,0,1,1,1,0,0,2,1,1,1,1,67,10,3,0,0,0,0,0,1,1,5
3,2,9,0,4,0,0,0,0,0,0,2,1,6,2,26,6,1900,2,11,1,5,2,428248,431552,13,2,5,3,204,1,621,7,50,0,4,6,0,0,0,1,1,1,0,0,1,1,2,1,2,26,6,3,0,0,0,0,0,9,1,2
3,3,9,0,4,0,0,0,0,0,0,2,1,6,3,29,6,1968,2,8,1,2,3,452014,215735,43,3,2,1,481,3,34,3,70,0,4,6,0,0,0,1,1,1,0,0,2,1,1,1,1,33,6,3,0,0,0,0,0,9,1,5
3,1,3,0,18,0,0,2,0,1,0,0,1,6,1,19,4,1598,1,8,3,1,1,545355,355040,32,1,1,5,351,5,633,6,60,0,4,6,0,0,0,6,2,2,7,0,2,1,1,1,1,19,4,3,0,0,0,0,0,3,3,2
3,1,9,0,18,0,7,0,0,0,0,1,1,6,1,30,6,1995,2,2,1,1,2,509049,214685,41,2,1,4,431,1,1,7,70,1,4,3,5,0,0,4,1,2,0,0,2,2,1,1,1,33,6,3,0,0,0,0,0,9,1,5
2,1,9,0,4,0,1,0,0,0,0,3,1,2,1,54,8,2967,2,2,1,1,1,341042,366634,7,1,1,3,130,6,0,6,30,3,4,6,0,0,0,1,1,1,0,0,1,1,1,3,1,57,9,2,9,9,0,0,0,0,1,5
3,2,9,0,18,0,8,0,0,0,0,2,1,6,1,65,9,2319,1,18,1,1,2,522370,200050,41,2,1,1,33,3,1,1,70,5,4,1,25,0,0,4,1,1,0,0,2,2,1,2,2,62,9,3,0,0,1,0,0,9,1,8
3,2,9,0,18,0,8,0,0,0,0,4,1,6,2,33,6,1796,1,13,1,5,2,429146,431791,13,2,5,3,204,6,0,6,30,3,4,1,621,0,0,1,1,1,0,0,1,1,3,2,2,1,1,3,0,0,1,0,0,9,1,1
3,1,9,0,5,0,4,0,0,0,0,1,1,6,1,69,10,1598,1,8,1,1,2,442621,114600,44,2,1,1,500,6,0,6,30,2,4,6,0,0,0,1,1,1,0,0,1,1,1,1,1,33,6,3,0,0,0,0,0,9,1,5
3,1,9,0,4,0,0,0,0,0,0,2,1,6,1,38,7,1598,1,8,1,2,3,519590,165580,1,3,2,7,23,3,3,3,50,0,4,6,0,0,0,4,1,1,0,0,1,1,1,1,1,33,6,3,0,0,0,0,0,9,1,5
3,2,1,0,18,0,8,0,0,0,0,1,1,6,1,41,7,1598,1,8,1,1,2,538120,175060,1,2,1,5,7,3,21,3,30,3,2,5,0,0,5,1,1,1,0,0,1,1,1,1,1,41,7,3,0,0,0,0,0,1,1,10
2,1,9,0,9,0,8,1,0,1,10,1,1,6,1,15,3,1560,2,2,3,1,2,504981,217954,40,2,1,6,424,4,4540,6,60,3,4,3,5,0,0,4,1,1,0,0,2,1,1,1,1,15,3,2,0,0,0,0,0,9,3,5
3,1,5,0,18,0,0,1,0,1,0,1,1,6,1,70,10,750,1,4,1,1,2,504148,105816,47,2,1,6,558,3,27,3,60,0,4,6,0,0,0,1,1,1,0,0,2,1,1,1,1,70,10,3,0,0,0,0,0,5,1,10
3,2,9,0,12,0,0,0,0,0,0,3,1,6,2,38,7,1598,1,8,1,1,2,529580,191730,1,2,1,7,31,3,109,6,30,0,4,6,0,0,0,4,1,1,0,0,1,2,1,1,1,33,6,3,0,0,0,0,0,9,1,5
2,2,1,0,18,0,0,0,0,0,0,1,1,6,2,18,4,1598,1,8,1,1,2,415058,429596,13,2,1,7,200,6,0,6,30,0,4,6,0,0,0,1,1,1,0,0,1,1,1,1,1,33,6,3,0,0,0,0,0,9,1,5
2,1,9,0,18,0,4,0,0,0,0,1,1,6,1,38,7,1598,1,8,1,1,2,389850,283610,20,2,1,1,303,3,451,1,30,1,4,4,4186,0,0,1,1,2,0,0,1,2,1,1,1,33,6,3,0,0,0,0,0,9,1,5
3,1,3,0,18,0,0,0,0,0,0,3,1,6,1,20,4,102,1,8,1,1,2,540450,186950,1,2,1,3,14,3,114,6,30,0,4,6,0,0,0,1,1,1,0,0,2,2,1,1,1,20,4,3,0,0,0,0,0,3,1,2
3,1,9,0,4,0,1,0,0,0,0,0,1,6,1,45,7,1388,1,12,1,1,2,349630,394235,5,2,1,4,92,6,0,6,30,6,4,6,0,0,0,1,1,1,0,0,1,1,1,1,1,33,6,3,0,0,0,0,0,9,1,5
3,2,1,0,18,0,1,0,0,0,0,1,1,1,1,40,7,1598,1,8,3,1,2,538356,345767,32,2,1,2,350,3,52,6,50,6,4,6,0,0,0,1,2,2,0,0,2,1,1,1,1,40,7,3,0,0,0,0,0,1,3,4
3,1,1,0,9,0,1,0,0,0,0,2,1,6,1,15,3,1598,1,8,1,1,2,528655,105187,47,2,1,4,565,6,0,6,20,3,4,6,0,0,0,4,1,1,0,0,1,1,1,1,1,15,3,3,0,0,0,0,0,1,1,6
3,2,9,0,18,0,8,0,0,0,0,1,1,1,1,33,6,1998,2,8,1,1,2,455648,341561,31,2,1,3,346,6,0,6,30,3,2,6,0,0,4,4,2,2,0,0,1,1,1,1,1,33,6,3,0,0,0,0,0,9,1,5
3,1,9,0,18,0,8,0,7,1,10,3,1,2,1,60,9,1598,1,8,1,1,2,525170,185860,1,2,1,4,2,3,41,6,30,6,2,5,0,0,5,1,1,1,0,0,1,1,1,1,1,60,9,3,0,0,0,0,0,9,1,7
3,1,9,0,18,0,0,0,0,0,0,1,1,6,2,22,5,1598,1,8,1,1,2,298344,667201,95,2,1,4,940,3,7066,3,60,0,4,6,0,0,0,1,2,2,0,0,1,1,1,1,1,33,6,3,0,0,0,0,0,9,1,5
3,1,9,0,18,0,8,0,0,0,0,4,1,6,2,30,6,1598,1,5,1,1,1,546200,172820,1,1,1,6,18,3,222,6,30,3,2,3,222,0,5,4,1,1,0,0,1,1,1,3,1,14,3,3,1,1,0,0,2,0,1,3
2,1,9,0,14,0,0,0,0,0,0,1,1,6,1,21,5,1598,1,8,3,1,2,289486,207783,62,2,1,6,743,3,4109,6,60,0,4,6,0,0,0,1,1,1,0,0,2,1,1,1,1,21,5,2,0,0,0,0,0,9,3,5
2,1,9,0,18,0,0,0,0,0,0,1,1,6,1,40,7,1598,1,8,1,1,2,485598,103531,47,2,1,4,559,6,0,9,30,0,4,6,0,0,0,1,1,1,0,0,1,2,1,1,1,33,6,3,0,0,0,0,0,9,1,5
2,1,9,0,18,0,0,0,0,7,9,3,1,6,1,28,6,1598,1,8,2,2,2,517726,453926,16,2,2,1,231,4,1242,6,60,0,4,6,0,0,0,1,1,1,0,0,2,1,1,1,1,28,6,2,0,0,0,0,0,9,2,5
2,3,9,0,4,0,0,0,0,0,0,2,1,6,1,40,7,1598,1,8,1,3,3,590300,159410,46,3,3,1,540,1,2,3,70,0,4,6,0,0,0,1,1,1,0,0,2,1,2,1,1,40,7,3,0,0,0,0,0,9,1,8
3,1,9,0,18,1,0,1,0,0,0,1,1,1,1,32,6,1598,1,8,1,3,3,287359,71377,50,3,3,5,585,3,380,3,50,0,4,6,0,0,0,1,1,2,0,0,2,1,1,1,1,32,6,3,0,0,0,0,0,9,1,2
3,1,11,0,18,0,0,0,0,0,0,0,1,1,1,40,7,4760,2,4,1,2,2,430465,435281,13,2,2,6,204,6,0,6,30,0,4,6,0,0,0,1,1,1,0,0,1,2,1,2,1,80,11,3,0,0,0,4,0,11,1,8
3,1,9,0,9,0,2,0,0,0,0,1,1,6,1,23,5,1968,2,11,1,1,2,417328,432962,13,2,1,4,200,3,647,6,30,3,4,6,0,0,0,1,3,3,0,0,1,1,1,1,1,33,6,3,0,0,0,0,0,9,1,5
3,1,9,0,4,0,2,0,0,0,0,1,1,1,1,23,5,1582,2,3,1,1,1,359349,389397,7,1,1,7,128,6,0,6,30,3,4,6,0,0,0,1,1,1,0,0,1,1,1,3,1,21,5,3,8,3,0,0,0,0,1,4
3,1,9,0,7,0,6,0,0,0,0,1,1,6,2,18,4,998,1,11,1,1,2,426642,576043,10,2,1,4,139,5,419,6,30,3,4,6,9549,0,0,1,1,1,0,0,1,1,1,1,1,33,6,3,0,0,0,0,0,9,1,5
3,2,9,0,18,0,8,0,0,0,0,1,1,6,1,45,7,1422,2,7,1,1,2,409540,286470,20,2,1,5,300,4,4128,6,30,6,4,4,4128,0,0,1,1,1,0,0,1,2,1,1,1,45,7,3,0,0,0,0,0,9,1,1
2,5,9,0,2,0,2,0,0,0,0,1,1,6,2,22,5,1341,1,11,1,2,5,431630,291860,23,5,2,3,291,6,0,6,30,8,4,6,0,0,0,1,1,1,0,0,1,1,1,1,1,33,6,3,0,0,0,0,0,9,1,5
3,1,5,0,17,0,0,1,0,1,9,1,1,6,1,33,6,1598,1,8,1,2,1,295550,377593,60,1,2,1,721,3,547,6,60,0,4,6,0,0,0,1,1,1,0,0,2,1,1,1,1,33,6,3,0,0,0,0,0,5,1,5
3,2,21,0,18,0,0,0,0,0,0,1,1,6,1,38,7,3920,2,9,1,1,2,525250,174340,1,2,1,2,10,6,0,6,30,0,4,6,0,0,0,1,1,1,0,0,1,1,1,1,1,33,6,3,0,0,0,0,0,9,1,5
3,1,19,0,9,0,8,0,0,0,0,4,1,6,1,38,7,1998,2,10,1,1,2,510110,187330,1,2,1,5,26,5,0,6,30,3,4,6,0,0,0,1,1,1,0,0,1,1,1,2,2,19,4,3,0,0,0,0,0,19,1,5
3,2,3,0,18,0,0,0,0,0,0,0,1,6,1,18,4,125,1,8,2,1,2,460449,390289,31,2,1,2,341,4,6463,6,30,0,4,6,0,0,0,4,1,1,0,0,2,1,1,1,1,18,4,3,0,0,0,0,0,3,2,2
3,1,9,0,9,0,8,0,0,0,0,1,1,6,1,29,6,1598,1,1,1,1,2,530380,180670,1,2,1,1,1,3,4,6,30,3,4,6,0,0,5,1,1,1,0,0,1,1,1,1,1,33,6,3,0,0,0,0,0,9,1,5
3,1,9,0,9,0,8,0,0,0,0,1,1,2,1,27,6,1968,2,2,1,1,2,448789,520613,17,2,1,2,243,3,178,6,30,3,4,3,66,0,0,1,1,1,0,0,1,1,1,1,1,33,6,3,0,0,0,0,0,9,1,5
3,2,9,0,3,0,0,0,0,0,0,2,1,6,1,23,5,1390,1,5,1,2,2,361188,172663,52,2,2,7,601,6,0,6,30,0,4,6,0,0,1,1,1,1,0,0,1,1,1,1,1,23,5,3,0,0,0,0,0,9,1,10
3,1,9,0,1,0,1,0,0,0,0,2,1,6,2,38,7,1399,2,11,1,1,1,561664,178060,42,1,1,7,462,6,0,6,30,3,4,6,0,0,0,1,1,1,0,0,1,2,1,3,2,25,5,3,5,3,0,0,0,0,1,9
2,1,9,0,18,0,0,0,0,0,0,1,1,6,2,67,10,1399,2,6,2,2,2,353540,435790,4,2,2,4,79,4,5269,6,30,0,4,6,0,0,0,1,2,2,0,0,2,1,1,1,2,67,10,2,0,0,0,0,0,9,2,3
3,1,9,0,5,0,1,0,0,0,0,1,1,6,1,42,7,1796,1,6,1,1,2,450320,275520,23,2,1,7,292,6,0,6,30,3,4,6,0,0,0,1,1,1,0,0,1,2,1,1,1,33,6,3,0,0,0,0,0,9,1,5
3,2,9,0,9,0,1,0,0,0,0,3,1,6,3,38,7,1598,1,8,1,1,2,430253,102048,44,2,1,5,496,3,337,6,30,3,4,4,3055,0,0,1,1,1,0,0,2,2,1,1,1,33,6,3,0,0,0,0,0,9,1,5
3,2,1,0,18,9,0,0,0,0,0,1,1,6,1,46,8,1598,1,8,1,1,2,536250,197000,1,2,1,1,32,5,0,6,30,0,4,6,0,0,0,1,1,1,0,0,1,1,1,1,1,46,8,3,0,0,0,0,0,1,1,2
3,2,1,0,18,0,8,0,0,0,0,4,1,6,2,55,8,1598,1,8,1,1,2,385210,392520,6,2,1,5,102,6,0,6,30,3,4,6,0,0,0,1,2,2,0,0,1,1,1,1,2,55,8,3,0,0,0,0,0,1,1,3
3,1,11,0,18,0,2,0,0,0,0,4,1,1,1,29,6,5132,2,1,1,1,1,529320,192460,1,1,1,5,32,6,0,2,30,5,4,3,1110,0,1,4,1,1,0,0,1,1,1,3,1,21,5,3,4,4,0,0,2,0,1,5