accident_severity,vehicle_reference,vehicle_type,towing_and_articulation,vehicle_manoeuvre,vehicle_location-restricted_lane,junction_location,skidding_and_overturning,hit_object_in_carriageway,vehicle_leaving_carriageway,hit_object_off_carriageway,1st_point_of_impact,was_vehicle_left_hand_drive?,journey_purpose_of_driver,sex_of_driver,age_of_driver,age_band_of_driver,engine_capacity_(cc),propulsion_code,age_of_vehicle,driver_home_area_type,NUmber_of_Casualities_unique_to_accident_index,No_of_Vehicles_involved_unique_to_accident_index,location_easting_osgr,location_northing_osgr,police_force,number_of_vehicles,number_of_casualties,day_of_week,local_authority_(district),1st_road_class,1st_road_number,road_type,speed_limit,junction_detail,junction_control,2nd_road_class,2nd_road_number,pedestrian_crossing-human_control,pedestrian_crossing-physical_facilities,light_conditions,weather_conditions,road_surface_conditions,special_conditions_at_site,carriageway_hazards,urban_or_rural_area,did_police_officer_attend_scene_of_accident,casualty_reference,casualty_class,sex_of_casualty,age_of_casualty,age_band_of_casualty,casualty_severity,pedestrian_location,pedestrian_movement,car_passenger,bus_or_coach_passenger,pedestrian_road_maintenance_worker,casualty_type,casualty_home_area_type,casualty_imd_decile
3,2,9,0,18,0,1,0,0,0,0,1,1,6,2,49,8,1362,1,2,1,1,2,454663,374123,31,2,1,6,341,3,60,6,60,8,4,6,0,0,0,1,1,1,0,0,2,1,1,1,1,33,6,3,0,0,0,0,0,9,1,5
3,1,5,0,18,0,0,1,0,0,0,0,1,6,1,64,9,750,1,18,1,1,1,401359,100152,55,1,1,7,647,5,50,6,30,0,4,6,0,0,0,1,1,2,0,0,1,1,1,1,1,64,9,3,0,0,0,0,0,5,1,8
2,1,9,0,18,0,2,0,0,0,0,1,1,6,2,39,7,999,1,16,2,1,1,293710,668093,95,1,1,4,940,4,8084,6,30,3,4,6,0,0,0,1,2,2,0,0,1,1,1,3,1,7,2,2,5,1,0,0,0,0,2,5
3,2,9,0,18,0,1,0,0,0,0,1,1,6,1,27,6,1900,2,9,1,2,2,266185,845246,91,2,2,6,927,6,0,6,30,6,4,6,0,0,0,1,1,1,0,0,1,1,1,1,1,33,6,3,0,0,0,0,0,9,1,5
2,1,9,0,9,0,8,0,0,0,0,3,1,6,1,23,5,1995,2,3,1,4,2,545310,186000,1,2,4,7,14,5,0,6,30,3,4,6,0,0,0,1,1,2,0,0,1,1,1,1,1,23,5,3,0,0,0,0,0,9,1,5
3,2,90,0,18,0,0,0,0,7,0,1,1,1,1,47,8,2500,2,8,2,1,2,463596,342976,31,2,1,5,343,3,612,6,40,0,4,6,0,0,0,1,1,1,0,0,2,1,1,1,1,47,8,3,0,0,0,0,0,90,2,3
3,1,9,0,7,0,5,0,0,0,0,4,1,6,2,44,7,1598,1,8,3,1,2,497479,372929,32,2,1,6,352,4,1273,6,30,8,4,6,0,0,0,1,1,1,0,0,1,1,1,1,1,33,6,3,0,0,0,0,0,9,1,5
3,1,9,0,9,0,6,0,0,0,0,4,1,1,1,39,7,1598,1,8,3,3,2,381663,215871,53,2,3,5,623,5,8019,6,30,8,4,6,0,0,0,1,1,1,0,0,1,1,1,1,1,39,7,3,0,0,0,0,0,9,3,9
2,1,9,0,1,0,8,0,0,0,0,2,1,6,2,55,8,1398,1,3,1,1,1,515960,172590,1,1,1,3,24,3,310,6,30,3,4,6,0,0,0,1,1,1,0,0,1,1,1,3,2,53,8,2,9,5,0,0,2,0,1,9
2,1,9,0,17,0,0,0,0,3,10,1,1,6,2,89,11,1390,1,4,1,7,1,499541,149529,45,1,7,6,511,5,93,2,30,0,4,6,0,0,0,1,1,1,0,0,1,1,4,3,1,66,10,2,6,9,0,0,2,0,1,8
3,2,9,0,18,0,1,0,0,0,0,2,1,6,1,32,6,1598,1,8,1,2,2,277720,658990,97,2,2,4,932,4,7066,6,30,9,4,6,0,0,0,1,1,1,0,0,1,2,2,2,1,4,1,3,0,0,1,0,0,9,1,5
3,2,9,0,3,0,1,0,0,0,0,2,1,6,1,29,6,1461,2,1,1,3,2,429604,556442,10,2,3,7,150,3,1231,3,70,1,4,3,182,0,0,1,1,1,0,0,1,1,3,2,1,3,1,3,0,0,2,0,0,9,1,5
3,1,9,0,1,0,8,0,0,0,0,2,1,6,2,21,5,1198,1,10,1,1,2,460105,92579,44,2,1,6,505,3,3055,6,30,3,4,6,0,0,0,1,1,1,5,0,1,1,1,1,1,33,6,3,0,0,0,0,0,9,1,5
3,2,9,0,18,0,0,0,0,0,0,2,1,6,2,30,6,1598,1,8,1,5,2,386016,350168,21,2,5,2,257,3,527,6,30,0,4,6,0,0,0,1,1,1,0,0,1,2,3,2,2,7,2,3,0,0,0,0,0,9,1,9
3,1,19,0,4,0,2,0,0,1,2,1,1,1,1,45,7,2496,2,16,1,1,1,455568,342147,31,1,1,2,346,6,0,6,30,3,2,6,0,0,5,1,1,1,0,0,1,1,1,1,1,45,7,3,0,0,0,0,0,19,1,2
3,1,9,0,18,0,8,0,0,0,0,1,1,6,1,57,9,1686,2,5,3,2,2,376313,181156,52,2,2,4,612,3,46,6,40,6,2,4,4040,0,0,1,1,1,0,0,2,1,1,1,1,57,9,3,0,0,0,0,0,9,3,6
3,1,9,0,9,0,6,0,0,1,10,3,1,6,1,20,4,999,1,12,3,2,2,450900,377150,30,2,2,7,321,3,619,6,50,6,3,5,123,0,0,1,1,1,0,0,2,1,2,2,1,20,4,3,0,0,1,0,0,9,1,5
3,2,9,0,9,0,8,0,0,0,0,1,1,6,3,38,7,1598,1,8,1,1,2,524320,174240,1,2,1,4,10,3,3,6,30,3,4,6,0,0,0,4,1,1,0,0,1,1,1,1,1,33,6,3,0,0,0,0,0,9,1,5
3,1,9,0,9,0,8,0,0,0,0,3,1,6,1,83,11,1598,1,8,1,4,2,348880,432160,4,2,4,6,79,5,330,6,30,3,4,5,340,0,0,1,1,1,0,0,2,1,1,1,1,83,11,3,0,0,0,0,0,9,1,10
1,1,5,0,18,0,0,1,0,0,0,1,1,6,1,46,8,1500,1,17,1,2,2,367060,431220,4,2,2,2,80,5,541,6,60,0,4,6,0,0,0,6,1,4,0,0,2,1,1,1,1,46,8,1,0,0,0,0,0,5,1,2
3,1,8,0,6,0,0,0,4,0,0,4,1,6,1,68,10,1598,1,8,1,1,2,318302,177219,62,2,1,5,741,6,0,6,30,0,4,6,0,0,4,4,2,2,0,0,1,1,1,1,1,68,10,3,0,0,0,0,0,8,1,5
3,1,3,0,18,0,0,0,0,0,0,0,1,1,1,44,7,124,1,4,1,1,1,445653,449119,12,1,1,2,182,6,684,6,60,0,4,6,0,0,0,6,1,1,7,0,2,2,1,1,1,44,7,3,0,0,0,0,0,3,1,2
3,2,9,0,4,0,0,0,0,0,0,2,1,6,3,38,7,1598,1,8,1,1,2,368011,192174,52,2,1,6,612,3,38,6,50,0,4,6,0,0,0,1,1,1,0,0,2,2,1,1,1,33,6,3,0,0,0,0,0,9,1,5
3,1,19,0,12,0,0,0,0,0,0,0,1,6,1,38,7,1598,1,8,1,2,3,522778,200731,41,3,2,6,33,2,1,3,70,0,4,6,0,0,0,1,1,1,0,0,2,1,1,1,1,33,6,3,0,0,0,0,0,9,1,5
3,1,9,0,9,0,4,0,0,1,0,1,1,6,2,19,4,1560,2,4,3,1,2,388043,145187,54,2,1,5,635,5,364,1,30,2,4,5,10,0,0,4,1,1,0,0,1,1,1,1,2,19,4,3,0,0,0,0,0,9,3,8
3,2,21,1,7,0,1,0,0,0,0,3,1,1,1,58,9,12777,2,9,2,1,2,647109,262590,37,2,1,5,415,5,228,6,60,9,4,6,0,0,0,1,1,1,0,0,2,1,1,1,1,33,6,3,0,0,0,0,0,9,1,5
3,1,21,0,18,0,1,1,0,0,0,1,1,1,1,52,8,5900,2,8,2,1,2,554280,204005,42,2,1,3,456,3,414,6,50,9,4,6,0,0,0,1,1,1,0,0,2,1,1,1,1,33,6,3,0,0,0,0,0,9,1,5
2,3,9,0,10,0,1,0,0,0,0,0,1,6,1,25,5,1390,1,13,1,1,4,463191,311138,33,4,1,4,362,5,4301,6,30,3,4,6,4381,0,0,4,1,1,0,0,1,1,1,1,1,33,6,3,0,0,0,0,0,9,1,5
3,1,9,0,7,0,2,0,0,0,0,4,1,6,1,30,6,1598,1,8,1,1,1,496504,181324,43,1,1,6,473,6,7302,6,30,6,4,6,7302,0,0,4,1,1,0,0,1,2,1,3,1,15,3,3,5,1,0,0,0,0,1,4
3,1,9,0,4,0,1,0,0,0,0,1,1,1,1,20,4,1149,1,12,1,1,1,487978,179979,43,1,1,6,474,6,7408,6,30,8,4,6,0,0,0,1,1,1,0,0,1,2,1,3,1,12,3,3,5,1,0,0,0,0,1,5
3,1,9,0,18,0,3,1,0,0,0,1,1,6,2,28,6,1598,1,8,1,2,1,521758,133990,47,1,2,1,562,3,264,1,70,1,4,6,0,0,0,1,2,2,0,0,2,1,1,2,1,7,2,3,0,0,2,0,0,9,1,4
3,2,9,0,9,0,6,0,0,0,0,1,1,6,2,30,6,1598,1,7,3,4,3,420670,453394,12,3,4,1,182,4,6451,6,40,3,4,6,2486,0,0,1,1,1,0,0,2,1,4,2,2,62,9,3,0,0,1,0,0,9,3,10
3,4,9,0,4,0,0,0,0,0,0,2,1,6,1,74,10,1598,1,8,3,1,5,556630,188980,1,5,1,3,15,3,127,3,50,0,4,6,0,0,0,1,1,1,0,0,2,1,1,1,1,33,6,3,0,0,0,0,0,9,1,5
3,1,9,0,18,0,0,0,4,0,0,1,1,1,1,27,6,1896,2,11,1,2,2,458193,403855,14,2,2,3,211,6,0,6,30,0,4,6,0,0,0,4,1,1,0,0,1,1,2,2,2,19,4,3,0,0,2,0,0,9,2,9
3,1,9,0,7,0,8,0,0,0,0,3,1,6,1,21,5,1149,1,11,1,1,2,538440,181520,1,2,1,1,5,6,0,6,30,3,4,6,0,0,0,1,1,1,0,0,1,1,1,1,1,33,6,3,0,0,0,0,0,9,1,5
3,2,9,0,18,0,8,0,0,0,0,3,1,2,2,33,6,1598,1,9,1,2,2,269583,663983,97,2,2,5,926,3,8,1,60,1,4,3,8,0,0,1,1,1,0,0,2,1,2,1,2,33,6,3,0,0,0,0,0,9,1,5
3,2,9,0,16,0,1,0,0,0,0,3,1,6,1,34,6,1595,1,10,1,1,2,323319,713218,94,2,1,6,925,4,936,6,60,3,4,6,0,0,0,1,8,4,0,0,2,2,1,1,1,34,6,3,0,0,0,0,0,9,1,5
3,1,9,0,18,0,1,0,0,0,0,1,1,6,1,72,10,1753,2,19,1,1,2,620518,216551,42,2,1,6,461,6,0,6,30,6,4,6,0,0,0,1,1,1,0,0,1,1,1,1,1,33,6,3,0,0,0,0,0,9,1,5
3,1,9,0,10,0,1,0,0,1,9,2,1,6,2,44,7,1360,1,9,2,3,3,455581,430829,12,3,3,7,187,3,63,6,30,8,4,6,0,0,0,4,2,2,0,0,2,1,2,2,1,59,9,3,0,0,1,0,0,9,2,10
3,1,9,0,8,0,1,0,0,0,0,2,1,6,1,76,11,1990,1,12,1,1,2,443736,508878,17,2,1,7,245,3,19,7,60,3,4,3,67,0,0,1,1,1,0,0,2,1,1,2,2,74,10,3,0,0,1,0,0,9,1,3
3,3,9,0,8,0,8,0,0,0,0,3,1,6,1,44,7,1870,2,13,1,1,3,438507,115388,44,3,1,4,500,3,3057,6,30,3,4,6,0,0,0,4,1,1,0,0,1,1,1,1,1,33,6,3,0,0,0,0,0,9,1,5
3,2,19,0,2,0,0,0,0,0,0,4,1,6,3,38,7,1598,1,8,1,1,2,308254,190971,62,2,1,2,744,3,4054,6,30,0,4,6,0,0,0,1,1,1,0,0,1,1,1,1,1,33,6,3,0,0,0,0,0,9,1,5
2,1,9,0,18,0,2,0,0,0,0,1,1,6,3,38,7,1598,1,8,1,1,1,446740,359151,31,1,1,4,340,4,6026,6,30,6,2,6,0,0,5,1,9,1,0,0,1,2,1,3,1,24,5,2,1,1,0,0,0,0,1,2
3,1,9,0,9,0,8,0,0,0,0,4,1,6,1,34,6,1390,1,7,1,2,2,523950,175040,1,2,2,2,10,3,205,6,30,6,2,3,219,0,5,1,1,2,0,0,1,1,1,1,1,34,6,3,0,0,0,0,0,9,1,5
3,3,9,0,10,0,1,0,0,0,0,3,1,6,1,41,7,1995,2,3,3,1,4,414815,91969,55,4,1,3,640,4,3059,6,30,3,4,6,0,0,8,1,1,1,0,0,1,1,1,1,1,33,6,3,0,0,0,0,0,9,1,5
3,1,9,0,12,0,7,0,0,0,0,3,1,2,1,29,6,1395,1,1,1,2,3,359941,391906,7,3,2,5,128,1,62,3,70,5,4,1,62,0,0,1,1,1,0,0,2,1,1,1,1,33,6,3,0,0,0,0,0,9,1,5
3,3,9,0,18,0,0,0,0,0,0,1,1,6,1,48,8,1997,1,16,1,6,3,361977,163656,52,3,6,2,611,3,37,6,60,0,4,6,0,0,0,1,1,1,0,0,2,1,6,2,1,20,4,3,0,0,2,0,0,9,1,9
2,2,3,0,14,0,8,0,0,0,0,1,1,6,1,38,7,124,1,2,3,1,2,499581,149307,45,2,1,7,511,3,281,6,30,8,4,6,0,0,0,1,1,1,0,0,1,2,1,1,1,33,6,2,0,0,0,0,0,3,3,8
3,1,1,0,18,0,8,5,0,0,0,4,1,2,1,26,6,1598,1,8,1,1,2,527187,150151,45,2,1,5,513,5,222,6,30,3,4,6,0,0,0,7,1,1,0,0,1,2,1,1,1,26,6,3,0,0,0,0,0,1,1,8
3,1,9,0,6,0,0,0,0,0,0,3,1,6,2,51,8,1598,2,2,1,1,2,329710,674870,95,2,1,5,923,3,199,6,40,0,4,6,0,0,0,1,1,1,0,0,1,2,1,1,1,33,6,3,0,0,0,0,0,9,1,5
3,2,9,0,18,0,5,0,0,0,0,1,1,6,1,71,10,1560,2,5,1,2,2,580280,150150,46,2,2,2,536,5,83,6,60,3,4,6,0,0,0,6,5,2,0,0,2,1,2,1,1,71,10,3,0,0,0,0,0,9,1,5
3,2,9,0,18,0,0,0,0,0,1,1,1,6,2,41,7,1598,1,8,3,2,2,266630,272940,63,2,2,5,750,6,0,6,60,0,4,6,0,0,0,1,1,1,0,0,2,2,1,1,1,33,6,3,0,0,0,0,0,9,1,5
3,2,9,0,18,0,0,0,0,0,0,1,1,6,1,26,6,1461,2,10,1,3,2,435100,284230,20,2,3,5,302,4,4113,6,30,0,4,6,0,0,0,1,1,1,0,0,1,1,2,1,1,26,6,3,0,0,0,0,0,9,1,1
3,1,1,0,18,0,8,0,0,0,0,1,1,6,2,22,5,1598,1,8,1,1,2,509390,173950,1,2,1,2,25,3,315,3,30,3,2,4,3377,0,5,1,1,1,0,0,1,1,1,1,1,33,6,3,0,0,0,0,0,9,1,5
3,1,11,0,7,0,6,0,0,0,0,1,1,1,1,66,10,1598,1,8,1,3,2,266381,194689,62,2,3,2,745,3,4217,6,30,3,4,4,5444,0,0,1,1,1,0,0,2,1,3,2,2,53,8,3,0,0,0,4,0,11,2,5
2,2,11,0,18,0,8,0,0,0,0,0,1,1,1,56,9,4250,2,7,1,1,2,421593,567059,10,2,1,1,147,3,167,1,30,1,4,6,1271,0,0,1,8,2,0,0,1,2,1,2,1,77,11,2,0,0,0,4,0,11,1,2
3,2,1,0,18,0,8,5,0,0,0,1,1,6,1,43,7,1598,1,8,1,1,2,383220,397780,6,2,1,3,102,3,6143,6,30,3,4,6,0,0,1,1,1,1,0,0,1,1,1,1,1,43,7,3,0,0,0,0,0,1,1,4
3,1,9,0,18,0,8,0,0,0,0,0,1,6,1,38,7,1598,2,4,1,1,2,527350,181800,1,2,1,3,1,3,501,3,30,6,2,3,501,0,5,4,1,1,0,0,1,1,1,3,1,25,5,3,9,9,0,0,2,0,1,7
3,1,1,0,18,0,0,0,0,0,0,2,1,6,1,42,7,1598,1,8,1,1,2,447082,130104,44,2,1,7,502,6,0,6,30,0,4,6,0,0,0,1,1,1,0,0,1,2,1,1,1,42,7,3,0,0,0,0,0,1,1,9
3,1,19,0,18,0,0,0,0,0,0,1,1,1,1,61,9,1598,1,8,1,1,2,610696,225447,42,2,1,4,461,3,120,6,60,0,4,6,0,0,0,6,1,1,0,0,2,1,1,1,1,61,9,3,0,0,0,0,0,19,1,2
3,2,9,0,18,0,8,0,0,0,0,1,1,6,2,55,8,1794,1,7,1,1,2,542590,183940,1,2,1,4,17,6,0,6,30,6,4,6,0,0,0,1,1,1,0,0,1,2,1,1,1,33,6,3,0,0,0,0,0,9,1,5
3,2,9,0,18,0,0,1,0,1,9,2,1,6,1,23,5,1995,2,9,1,1,2,474469,255881,34,2,1,4,385,1,1,3,50,0,4,6,0,0,0,1,1,1,4,0,2,1,1,1,1,23,5,3,0,0,0,0,0,9,1,6
3,2,5,0,9,0,8,0,0,0,0,4,1,2,1,58,9,1200,1,28,3,1,2,453202,167254,43,2,1,4,471,3,4,1,40,1,4,6,7152,0,0,1,2,2,0,0,2,1,1,1,1,58,9,3,0,0,0,0,0,5,3,9
3,1,9,0,1,0,1,0,0,0,0,2,1,6,1,46,8,1596,1,4,1,2,2,508062,223788,40,2,2,3,421,6,0,6,30,8,4,6,0,0,0,1,1,1,0,0,1,1,1,1,1,46,8,3,0,0,0,0,0,9,1,4
3,1,9,0,7,0,5,0,0,0,0,4,1,6,1,72,10,1598,1,13,1,1,2,449241,359011,31,2,1,4,340,6,0,6,30,3,4,4,6023,0,4,1,1,1,0,0,1,2,1,1,1,33,6,3,0,0,0,0,0,9,1,5
2,2,1,0,16,0,0,0,0,0,0,1,1,6,1,51,8,1598,1,8,1,1,2,461118,146857,44,2,1,7,490,6,0,6,60,0,4,6,0,0,0,1,1,1,0,0,2,1,1,1,1,51,8,2,0,0,0,0,0,1,1,8
3,1,8,0,4,0,0,0,0,0,0,0,1,1,3,38,7,1997,2,7,1,1,1,509486,428454,16,1,1,3,228,3,63,3,40,0,4,6,0,0,0,4,1,1,0,0,1,2,1,2,2,35,6,3,0,0,2,0,0,8,1,5
3,1,9,0,17,0,2,1,0,1,11,1,1,6,2,36,7,1299,1,15,3,2,1,394911,162303,54,1,2,1,635,3,365,6,40,3,4,6,0,0,0,1,2,2,0,0,2,1,2,2,2,8,2,3,0,0,2,0,0,9,3,7
3,3,9,0,3,0,1,0,0,3,0,2,1,6,1,72,10,2494,1,18,1,2,3,398484,308380,21,3,2,1,250,3,34,6,30,1,4,3,5,0,0,4,1,1,0,0,2,1,1,1,1,33,6,3,0,0,0,0,0,9,1,5
3,1,9,0,16,0,0,1,0,1,2,1,1,6,1,17,4,1997,2,12,1,1,1,431890,333360,30,1,1,6,323,6,0,6,30,0,4,6,0,0,0,1,2,2,0,0,1,1,1,1,1,17,4,3,0,0,0,0,0,9,1,7
3,2,9,0,18,0,8,0,0,0,0,4,1,2,2,58,9,1499,2,1,3,1,2,433822,542036,11,2,1,7,169,4,1283,6,30,6,4,5,60,1,0,1,1,2,0,0,2,1,1,1,2,58,9,3,0,0,0,0,0,9,3,3
3,1,98,0,10,0,1,0,0,0,0,4,1,1,1,54,8,1248,2,7,1,1,2,278085,854086,91,2,1,2,927,4,9039,6,60,3,4,6,0,0,0,1,1,2,0,0,2,1,1,1,1,33,6,3,0,0,0,0,0,9,1,5
3,2,9,0,4,0,0,0,0,0,0,2,1,6,1,33,6,1596,1,8,1,3,4,537100,191280,1,4,3,3,13,3,406,3,50,0,4,6,0,0,0,4,1,1,0,0,2,1,1,1,1,33,6,3,0,0,0,0,0,9,1,4
3,2,9,0,18,0,8,0,0,7,0,1,1,6,1,69,10,1560,2,9,1,2,2,363933,173830,52,2,2,3,601,3,420,6,30,6,2,6,0,0,5,1,1,1,0,0,1,1,2,1,1,69,10,3,0,0,0,0,0,9,1,4
3,2,9,0,18,0,0,0,0,1,0,3,1,6,2,34,6,1896,2,12,3,4,2,461550,482667,12,2,4,5,185,3,170,6,60,0,4,6,0,0,0,1,1,1,0,0,2,1,2,1,2,34,6,3,0,0,0,0,0,9,3,6
1,1,9,0,17,0,0,0,2,0,0,4,1,6,1,43,7,2495,2,16,1,2,1,349800,464690,4,1,2,7,76,6,0,6,30,0,4,6,0,0,0,5,5,2,4,0,2,1,2,2,2,48,8,1,0,0,1,0,0,9,1,2
3,2,5,0,18,0,8,0,0,0,0,3,1,6,1,44,7,998,1,8,1,1,2,633115,324572,36,2,1,7,405,3,149,6,30,8,4,6,0,0,0,1,1,1,0,0,2,1,1,1,1,44,7,3,0,0,0,0,0,5,1,5
3,2,9,0,3,0,1,0,0,0,0,2,1,6,1,51,8,998,1,3,1,2,3,337715,402604,5,3,2,1,93,3,5147,3,40,6,2,3,59,0,0,1,1,2,0,0,1,1,2,1,1,51,8,3,0,0,0,0,0,9,1,8
3,2,9,0,18,0,0,0,0,0,0,1,1,6,1,49,8,1560,2,8,1,3,3,441870,114392,44,3,3,7,500,3,33,6,40,0,4,6,0,0,0,1,1,1,0,0,1,1,1,2,1,14,3,3,0,0,2,0,0,9,1,5
3,3,9,0,5,0,0,0,0,0,0,2,1,6,1,49,8,1598,1,8,1,3,3,437278,114176,44,3,3,7,500,1,271,3,70,0,4,6,0,0,0,1,1,1,0,0,2,1,1,1,1,33,6,3,0,0,0,0,0,9,1,5
3,1,20,0,12,0,8,0,0,0,0,3,1,6,1,61,9,1598,1,8,1,1,2,533480,178450,1,2,1,3,8,3,2,6,30,3,4,6,0,0,0,1,1,1,0,0,1,1,1,1,1,33,6,3,0,0,0,0,0,9,1,5
2,1,19,0,1,9,0,0,0,0,0,2,1,1,1,42,7,1998,2,10,1,1,1,510640,223082,40,1,1,5,421,6,0,6,20,0,4,6,0,0,8,1,1,1,0,0,1,1,1,3,2,87,11,2,6,9,0,0,0,0,1,4
2,2,9,0,18,0,8,0,0,0,0,1,1,6,1,70,10,1339,1,7,1,3,2,443991,122051,44,2,3,4,491,6,0,6,30,6,4,6,0,0,0,1,1,2,0,0,1,1,3,1,1,70,10,3,0,0,0,0,0,9,1,10
3,2,9,0,3,0,1,0,0,0,0,2,1,6,2,45,7,2495,2,13,3,1,2,334266,95181,55,2,1,1,645,5,30,6,60,3,4,3,35,0,0,1,1,1,0,0,2,2,1,1,2,45,7,3,0,0,0,0,0,9,3,5
3,2,9,0,18,0,0,0,0,0,0,1,1,6,1,38,7,1560,2,4,1,2,2,428353,560227,10,2,2,5,146,6,4861,6,30,0,4,6,0,0,0,1,1,1,0,0,1,2,1,1,1,38,7,3,0,0,0,0,0,9,1,5
3,1,9,0,18,0,0,0,0,2,0,4,1,6,1,19,4,1124,1,10,1,4,1,373970,308770,22,1,4,4,286,6,0,6,60,0,4,6,0,0,0,6,1,1,0,0,2,1,3,2,2,19,4,3,0,0,1,0,0,9,3,6
3,3,19,0,2,0,1,0,0,0,0,1,1,6,1,17,4,2143,2,4,1,2,3,385902,149832,54,3,2,3,635,6,0,6,30,1,4,6,0,0,0,1,2,2,0,0,1,1,1,1,1,33,6,3,0,0,0,0,0,9,1,5
3,1,9,0,18,0,0,2,0,1,10,1,1,6,1,43,7,1598,1,8,2,1,1,269730,213970,63,1,1,1,751,6,0,6,60,0,4,6,0,0,0,4,1,1,0,7,2,1,1,1,1,43,7,3,0,0,0,0,0,9,2,5
3,1,9,0,5,0,6,0,0,0,0,1,1,6,1,33,6,1896,2,12,1,1,2,433330,334900,30,2,1,5,323,3,5111,3,40,3,4,6,0,0,0,1,1,1,0,0,1,1,1,1,1,33,6,3,0,0,0,0,0,9,1,5
1,2,9,0,18,0,0,0,0,0,0,1,1,6,1,35,6,1598,1,8,3,1,2,375916,180934,52,2,1,2,612,3,432,6,40,0,4,6,0,0,0,7,9,1,0,0,2,1,1,1,1,33,6,3,0,0,0,0,0,9,1,5
2,1,9,0,6,0,0,0,0,0,0,3,1,6,1,56,9,1968,2,7,3,1,2,274288,129790,50,2,1,7,582,6,0,6,30,0,4,6,0,0,0,1,1,1,0,0,2,1,1,1,1,33,6,3,0,0,0,0,0,9,1,5
3,2,9,0,9,0,8,0,0,0,0,3,1,6,1,42,7,1783,1,13,1,1,2,468032,108663,44,2,1,6,495,6,0,6,30,3,4,6,0,0,0,4,4,2,0,0,1,1,1,1,1,33,6,3,0,0,0,0,0,9,1,5
3,1,9,0,4,0,1,0,0,0,0,1,1,6,1,38,7,1598,1,8,1,1,2,504675,249744,40,2,1,7,420,6,0,6,30,3,2,3,600,0,5,1,1,1,0,0,1,2,1,1,1,33,6,3,0,0,0,0,0,9,1,5
3,2,9,0,5,0,8,0,0,0,0,1,1,2,1,35,6,1794,1,8,1,1,2,519360,169090,1,2,1,6,23,3,2043,6,30,3,4,5,0,0,0,1,1,1,0,0,1,1,1,1,1,35,6,3,0,0,0,0,0,9,1,4
3,2,9,0,16,0,0,0,0,0,0,1,1,6,1,71,10,1596,1,12,2,3,2,448197,348537,31,2,3,5,342,4,600,6,60,0,4,6,0,0,0,1,2,2,0,0,2,1,2,2,2,68,10,3,0,0,1,0,0,9,2,10
2,2,1,0,12,0,0,0,0,0,0,1,1,6,1,28,6,1598,1,8,1,1,2,361265,171683,52,2,1,2,601,6,0,6,20,0,4,6,0,0,0,1,1,1,0,0,1,1,1,1,1,28,6,2,0,0,0,0,0,1,1,7
3,2,19,0,3,0,1,0,0,0,0,2,1,6,1,27,6,2198,2,9,3,1,2,455947,337239,31,2,1,6,346,3,52,7,50,1,2,3,453,0,7,1,8,2,0,0,2,2,1,2,1,6,2,3,0,0,1,0,0,19,3,9
2,2,9,0,5,0,1,0,0,1,10,1,1,6,2,20,4,1199,1,13,1,4,3,430486,437095,13,3,4,7,204,6,0,6,30,3,4,6,0,0,0,4,1,1,0,0,1,1,2,1,2,20,4,3,0,0,0,0,0,9,1,6
2,1,9,0,18,0,6,0,0,3,11,1,1,6,1,84,11,1388,1,13,1,2,2,180802,44973,50,2,2,3,596,6,0,6,30,3,4,6,0,0,0,1,1,1,0,0,1,1,2,2,2,83,11,2,0,0,1,0,0,9,1,3
3,2,21,1,7,0,5,0,0,0,0,4,1,1,1,52,8,12740,2,2,2,1,2,548440,188930,1,2,1,7,16,3,1112,6,30,8,4,6,0,0,0,4,1,2,0,0,1,1,1,1,1,33,6,3,0,0,0,0,0,9,1,5
3,1,9,0,18,0,0,0,0,0,0,1,1,6,2,84,11,1364,1,8,1,1,3,408719,94226,55,3,1,4,640,5,321,6,30,0,4,6,0,0,4,1,5,2,0,3,1,1,1,1,2,84,11,3,0,0,0,0,0,9,1,5
3,1,9,0,11,0,5,0,0,0,0,1,1,1,1,32,6,1910,2,9,1,4,4,430263,431974,13,4,4,4,204,1,621,7,50,5,4,3,61,0,0,1,1,1,0,0,1,1,1,1,1,32,6,3,0,0,0,0,0,9,1,8
3,2,9,0,18,0,8,0,0,0,0,1,1,6,1,36,7,1896,2,8,1,7,2,383740,401960,6,2,7,1,107,3,665,6,30,3,4,6,0,0,0,4,1,1,0,0,1,1,2,2,2,44,7,3,0,0,2,0,0,9,1,5
2,2,9,0,9,0,5,0,0,0,0,4,1,6,1,64,9,1598,1,8,1,2,2,531970,259520,35,2,2,1,395,6,0,6,30,3,4,6,0,0,8,1,1,2,0,0,2,1,3,1,1,64,9,3,0,0,0,0,0,9,1,4
2,1,5,0,18,0,1,1,0,0,0,1,1,2,1,47,8,1402,1,12,1,2,1,439738,384008,14,1,2,2,215,3,6135,6,30,3,4,6,0,0,8,1,1,2,0,0,1,1,2,3,2,16,4,2,4,1,0,0,0,0,1,8
3,1,9,0,9,0,5,0,0,0,0,4,1,6,1,26,6,998,1,14,1,2,2,531000,190390,1,2,2,6,31,3,105,6,30,3,2,5,0,0,5,4,2,2,0,0,1,1,1,1,1,33,6,3,0,0,0,0,0,9,1,5
3,2,9,0,18,0,3,0,0,0,0,4,1,2,2,27,6,1598,1,8,1,1,2,257570,207230,63,2,1,1,751,1,4,1,70,1,2,3,48,0,0,1,1,1,0,0,2,1,1,1,1,33,6,3,0,0,0,0,0,9,1,5