accident_severity,vehicle_reference,vehicle_type,towing_and_articulation,vehicle_manoeuvre,vehicle_location-restricted_lane,junction_location,skidding_and_overturning,hit_object_in_carriageway,vehicle_leaving_carriageway,hit_object_off_carriageway,1st_point_of_impact,was_vehicle_left_hand_drive?,journey_purpose_of_driver,sex_of_driver,age_of_driver,age_band_of_driver,engine_capacity_(cc),propulsion_code,age_of_vehicle,driver_home_area_type,NUmber_of_Casualities_unique_to_accident_index,No_of_Vehicles_involved_unique_to_accident_index,location_easting_osgr,location_northing_osgr,police_force,number_of_vehicles,number_of_casualties,day_of_week,local_authority_(district),1st_road_class,1st_road_number,road_type,speed_limit,junction_detail,junction_control,2nd_road_class,2nd_road_number,pedestrian_crossing-human_control,pedestrian_crossing-physical_facilities,light_conditions,weather_conditions,road_surface_conditions,special_conditions_at_site,carriageway_hazards,urban_or_rural_area,did_police_officer_attend_scene_of_accident,casualty_reference,casualty_class,sex_of_casualty,age_of_casualty,age_band_of_casualty,casualty_severity,pedestrian_location,pedestrian_movement,car_passenger,bus_or_coach_passenger,pedestrian_road_maintenance_worker,casualty_type,casualty_home_area_type,casualty_imd_decile
3,1,9,0,18,0,0,0,0,0,0,3,1,6,1,44,7,1390,1,7,1,3,2,430511,431199,13,2,3,7,204,1,621,3,50,0,4,6,0,0,0,4,1,1,0,0,1,1,2,2,2,12,3,3,0,0,2,0,0,9,1,1
3,2,9,0,3,0,1,0,0,0,0,2,1,6,1,30,6,1598,2,4,1,1,2,258264,662699,97,2,1,2,926,6,0,6,30,6,2,6,0,0,0,1,1,1,0,0,1,2,1,2,2,30,6,3,0,0,1,0,0,9,1,5
3,2,9,0,18,0,0,0,0,0,0,1,1,6,2,81,11,1390,1,11,3,1,2,449029,292262,33,2,1,6,360,4,4114,6,60,0,4,6,0,0,0,6,1,1,0,0,2,1,1,1,2,81,11,3,0,0,0,0,0,9,3,8
3,2,1,0,9,0,3,0,0,0,0,4,1,5,1,29,6,1598,1,8,1,1,2,389599,263312,22,2,1,5,277,4,4090,1,30,1,4,6,0,0,0,1,1,1,0,0,1,1,1,1,1,29,6,3,0,0,0,0,0,1,1,10
3,1,9,0,1,0,0,0,0,0,0,2,1,6,1,44,7,1364,1,6,1,1,2,510230,181260,1,2,1,1,26,3,4020,7,30,0,4,6,0,0,0,1,1,1,0,0,1,1,1,2,2,64,9,3,0,0,1,0,0,9,1,5
3,1,19,0,18,0,1,1,0,0,0,1,1,6,1,55,8,1598,1,8,1,1,3,517820,193430,1,3,1,7,30,3,5,6,40,8,4,6,0,0,0,1,1,1,0,0,2,1,1,1,1,33,6,3,0,0,0,0,0,9,1,5
3,3,9,0,3,0,1,0,0,0,0,2,1,6,2,65,9,1329,1,8,2,1,3,510346,431493,16,3,1,3,228,3,1033,3,30,3,4,6,0,0,0,1,1,1,0,0,1,1,1,1,1,33,6,3,0,0,0,0,0,9,1,5
3,2,9,0,5,0,0,0,0,0,0,0,1,6,3,38,7,1598,1,8,1,1,2,423603,421450,13,2,1,1,203,6,0,6,30,0,4,6,0,0,0,1,1,1,0,0,1,2,1,1,1,33,6,3,0,0,0,0,0,9,1,5
3,1,9,0,18,0,0,0,0,0,0,1,1,1,1,46,8,1797,8,4,1,1,1,389670,412880,6,1,1,3,106,3,640,6,30,0,4,6,0,0,0,1,1,1,0,0,1,1,1,3,2,44,7,3,5,1,0,0,0,0,1,5
3,1,9,0,3,0,0,0,0,0,0,2,1,6,1,25,5,1995,2,4,1,2,2,533740,189440,1,2,2,6,31,3,10,6,30,0,4,6,0,0,5,4,1,1,0,0,1,2,1,1,1,25,5,3,0,0,0,0,0,9,1,3
2,2,1,0,18,0,0,0,0,0,0,3,1,6,1,51,8,1598,1,8,1,1,2,277560,274870,63,2,1,7,750,4,4574,6,60,0,4,6,0,0,0,1,1,1,0,0,2,2,1,1,1,51,8,2,0,0,0,0,0,1,1,9
3,3,9,0,2,9,0,0,0,0,0,1,1,6,3,38,7,3960,1,18,1,1,3,395590,396130,6,3,1,2,110,6,0,6,30,0,4,6,0,0,0,1,1,2,0,0,1,1,1,1,1,33,6,3,0,0,0,0,0,9,1,5
2,2,9,0,18,0,8,0,0,0,0,1,1,6,1,38,7,1598,1,8,1,1,2,543900,177930,1,2,1,1,6,5,0,6,30,3,4,5,0,0,0,1,1,1,0,0,1,1,1,1,1,33,6,3,0,0,0,0,0,9,1,5
2,4,9,0,3,0,0,0,0,0,0,2,1,6,1,44,7,1997,2,9,3,8,7,370492,195462,53,7,8,7,624,1,5,3,70,0,4,6,0,0,0,1,1,1,0,0,2,1,7,2,2,14,3,3,0,0,2,0,0,9,1,5
2,1,9,0,17,0,0,5,0,7,10,1,1,5,2,78,11,1242,1,1,1,1,1,330276,254991,22,1,1,2,285,3,4111,6,60,0,4,6,0,0,0,1,1,1,0,0,2,1,1,1,2,78,11,2,0,0,0,0,0,9,1,5
3,1,9,0,4,0,0,0,0,0,0,2,1,6,1,29,6,1796,1,10,1,1,2,540250,190530,1,2,1,7,14,3,406,3,50,0,4,6,0,0,0,4,1,1,4,0,1,2,1,2,2,30,6,3,0,0,1,0,0,9,1,5
3,2,8,0,18,0,8,0,0,0,0,4,1,1,1,42,7,1997,2,3,1,6,2,527240,181500,1,2,6,3,1,3,5,6,30,6,2,3,501,0,5,4,2,2,0,0,1,1,3,2,2,11,3,3,0,0,2,0,0,8,1,5
3,1,9,0,13,0,0,2,0,7,9,4,1,6,1,26,6,1360,1,15,1,1,2,497647,183129,43,2,1,6,477,4,416,6,40,0,4,6,0,0,0,1,2,2,0,0,1,1,1,1,1,26,6,3,0,0,0,0,0,9,1,8
3,1,9,0,7,0,7,0,0,0,0,1,1,6,1,50,8,2149,2,8,1,1,2,405670,287630,20,2,1,6,300,3,4540,3,30,3,4,6,0,0,0,4,1,2,0,0,1,2,1,1,1,33,6,3,0,0,0,0,0,9,1,5
3,2,9,0,2,0,0,0,0,0,0,0,1,6,2,57,9,1229,1,5,1,1,2,246839,56461,50,2,1,6,583,6,0,6,30,0,4,6,0,0,0,1,1,1,0,0,1,1,1,1,1,33,6,3,0,0,0,0,0,9,1,5
3,2,9,0,18,0,1,0,0,1,0,2,1,6,1,53,8,1240,1,5,1,3,2,222045,104986,50,2,3,4,596,3,39,6,60,9,4,6,0,0,0,1,1,1,0,0,2,1,2,1,1,53,8,3,0,0,0,0,0,9,1,5
3,1,1,0,18,0,0,0,0,0,0,1,1,6,1,31,6,1598,1,8,1,1,1,545390,187050,1,1,1,4,14,3,118,6,30,0,4,6,0,0,0,1,1,1,0,0,1,1,1,3,2,67,10,3,6,9,0,0,2,0,1,5
3,2,9,0,1,0,1,0,0,0,0,2,1,6,3,38,7,1598,1,2,1,2,3,531950,181760,48,3,2,7,570,5,0,2,30,3,4,5,0,0,0,4,1,1,0,0,1,2,1,1,1,33,6,3,0,0,0,0,0,9,1,5
2,1,9,0,11,0,5,0,0,1,4,1,1,4,3,38,7,1968,2,7,1,4,1,461651,312839,33,1,4,7,362,3,46,3,70,5,4,3,607,0,0,6,1,2,0,0,2,1,2,2,1,20,4,3,0,0,2,0,0,9,1,8
3,2,9,0,4,0,0,0,0,0,0,2,1,6,2,57,9,1398,1,5,1,2,3,420804,439746,13,3,2,3,204,3,65,6,40,0,4,6,0,0,0,1,1,1,0,0,1,1,1,1,2,57,9,3,0,0,0,0,0,9,1,8
3,1,19,0,9,0,8,0,0,0,0,1,1,1,1,27,6,1560,2,1,1,1,1,526390,179630,1,1,1,6,1,5,0,6,30,3,2,3,315,0,5,1,1,1,0,0,1,1,1,3,2,71,10,3,4,1,0,0,2,0,1,8
2,1,5,0,18,0,8,0,0,0,0,4,1,2,1,37,7,599,1,14,1,1,2,465457,104240,44,2,1,4,498,3,3,3,30,3,2,3,2047,0,4,1,1,1,0,0,1,1,1,1,1,37,7,2,0,0,0,0,0,5,1,3
3,1,9,0,4,0,0,1,0,0,0,1,1,1,1,43,7,1598,1,8,1,1,4,642693,291183,37,4,1,6,416,3,146,6,60,0,4,6,0,0,0,1,1,1,0,0,2,1,1,1,1,33,6,3,0,0,0,0,0,9,1,5
2,2,9,0,18,0,8,0,0,0,0,3,1,6,1,58,9,1364,1,6,1,2,2,380061,196775,53,2,2,7,624,4,4058,6,60,6,4,5,283,0,0,1,1,1,0,0,2,1,2,2,2,53,8,2,0,0,1,0,0,9,1,7
3,3,9,0,18,0,0,0,0,0,0,1,1,6,2,40,7,1229,1,1,1,7,3,342491,384142,5,3,7,1,91,3,562,6,30,0,4,6,0,0,0,1,1,1,0,0,1,1,2,2,1,5,1,3,0,0,2,0,0,9,1,2
2,1,19,0,18,0,0,0,0,0,0,1,1,1,1,37,7,2464,2,6,1,2,2,503996,188735,43,2,2,3,477,3,412,6,50,0,4,6,0,0,0,1,1,1,0,0,2,1,1,1,1,37,7,2,0,0,0,0,0,19,1,2
3,1,11,0,17,0,8,0,0,0,0,0,1,1,1,45,7,4500,2,5,1,1,1,529800,180400,1,1,1,3,1,3,4,6,30,6,2,3,4,0,5,4,1,1,0,0,1,1,1,2,2,18,4,3,0,0,0,4,0,11,1,5
3,2,3,0,18,0,1,0,0,0,0,1,1,6,1,32,6,125,1,8,1,2,2,335604,392462,5,2,2,2,91,3,5050,6,30,9,4,6,0,0,0,6,2,2,0,0,1,1,1,1,1,32,6,3,0,0,0,0,0,3,1,1
3,2,9,0,18,0,1,0,0,0,0,3,1,3,2,32,6,1598,1,8,1,2,2,313070,176680,62,2,2,5,741,6,0,6,30,6,4,6,0,0,0,1,1,1,0,0,1,1,2,1,2,32,6,3,0,0,0,0,0,9,1,5
3,1,8,0,18,0,8,0,0,0,0,4,1,1,1,33,6,1995,2,2,1,1,2,415102,433563,13,2,1,6,200,6,0,2,30,3,4,4,6145,0,0,1,1,1,0,0,1,1,1,2,1,20,4,3,0,0,1,0,0,8,1,1
2,1,9,0,18,0,8,1,0,0,7,1,1,6,1,74,10,1598,2,1,1,7,3,417812,426078,13,3,7,1,203,1,62,7,70,5,4,1,606,0,0,4,1,1,0,3,2,1,1,1,1,33,6,3,0,0,0,0,0,9,1,5
3,1,3,0,14,0,0,0,0,0,0,1,1,6,3,38,7,1598,1,8,1,1,1,531350,186690,1,1,1,6,3,3,503,6,30,0,4,6,0,0,0,1,1,1,0,0,1,1,1,3,1,46,8,3,5,2,0,0,2,0,1,2
3,1,9,0,9,0,6,0,0,0,0,4,1,6,1,19,4,1229,1,10,1,1,1,579521,112459,47,1,1,3,552,3,21,6,40,3,4,6,0,0,8,1,1,1,0,0,1,1,1,3,2,84,11,3,8,1,0,0,0,0,1,5
3,1,9,0,18,0,1,0,0,0,0,1,1,6,2,23,5,1299,1,12,1,1,2,390998,343571,21,2,1,2,257,6,0,3,30,3,4,6,0,0,0,1,1,1,0,0,1,2,1,1,1,33,6,3,0,0,0,0,0,9,1,5
3,2,9,0,2,0,2,0,0,0,10,1,1,6,1,40,7,1598,1,8,1,1,2,363224,173805,52,2,1,1,601,6,0,9,20,9,4,6,0,0,0,4,1,1,0,0,1,2,1,1,1,33,6,3,0,0,0,0,0,9,1,5
3,1,9,0,18,0,0,0,0,0,0,1,1,2,1,20,4,998,1,2,2,2,3,279042,655334,97,3,2,7,932,3,721,6,30,0,4,6,0,0,0,1,1,1,0,0,1,1,1,1,1,33,6,3,0,0,0,0,0,9,1,5
3,2,3,0,18,0,1,0,0,0,0,1,1,2,1,61,9,124,1,10,1,1,2,380139,355909,7,2,1,4,129,6,0,6,30,8,4,6,0,0,0,1,1,1,0,0,1,1,1,1,1,61,9,3,0,0,0,0,0,3,1,5
3,1,19,0,3,0,0,0,0,0,0,2,1,1,1,27,6,1598,1,8,1,3,3,433708,420310,13,3,3,6,206,3,61,3,30,0,4,6,0,0,0,1,1,2,0,0,1,1,2,2,1,45,7,3,0,0,1,0,0,19,1,8
3,2,9,0,3,0,0,0,0,0,0,2,1,6,2,39,7,1299,1,15,1,1,2,358672,173049,52,2,1,4,601,3,38,2,20,0,4,6,0,0,5,1,1,1,0,0,1,1,1,2,2,46,8,3,0,0,1,0,0,9,1,2
3,2,9,0,6,0,2,0,0,0,0,3,1,6,1,54,8,3227,2,14,1,1,2,521090,180060,1,2,1,4,27,3,4020,6,30,6,4,5,0,0,0,1,1,1,0,0,1,1,1,1,1,33,6,3,0,0,0,0,0,9,1,5
2,1,9,0,9,0,8,0,0,1,1,1,1,6,1,22,5,1997,1,14,1,2,2,392879,221818,53,2,2,2,620,3,40,6,40,3,2,4,4633,0,0,4,1,2,0,0,1,1,1,2,1,22,5,3,0,0,1,0,0,9,1,1
3,3,9,0,18,0,0,0,0,0,0,1,1,6,1,67,10,1969,2,1,3,2,3,365700,522400,3,3,2,2,64,3,66,6,60,0,4,6,0,0,0,6,7,2,0,0,2,1,1,1,1,33,6,3,0,0,0,0,0,9,1,5
3,2,9,0,7,0,1,0,0,0,0,1,1,6,2,34,6,1598,1,7,1,1,2,430340,276850,20,2,1,3,302,6,0,6,30,3,4,6,0,0,0,1,1,1,0,0,1,1,1,1,1,33,6,3,0,0,0,0,0,9,1,5
3,2,9,0,5,0,0,0,0,0,0,2,1,6,1,24,5,1968,2,6,1,1,2,436212,562154,10,2,1,7,149,4,1298,6,30,0,4,6,0,0,0,4,1,1,0,0,2,1,1,1,1,24,5,3,0,0,0,0,0,9,1,2
3,1,90,0,14,0,1,0,0,0,0,4,1,1,1,27,6,1598,1,8,1,1,1,375970,398140,6,1,1,3,107,3,57,6,30,3,4,6,0,0,0,4,1,1,0,0,1,2,1,3,1,12,3,3,5,2,0,0,0,0,1,3
3,1,9,0,18,0,0,0,0,0,0,4,1,6,3,38,7,1598,1,8,1,1,1,520830,167280,1,1,1,5,23,5,0,6,30,0,4,6,0,0,0,1,1,1,0,0,1,1,1,3,1,48,8,3,9,5,0,0,2,0,1,3
2,1,9,0,17,0,0,1,0,2,4,1,1,6,1,18,4,1200,1,1,3,3,2,431053,452433,12,2,3,7,182,3,61,6,50,0,4,6,0,0,0,4,2,2,0,2,2,1,1,1,1,18,4,3,0,0,0,0,0,9,3,10
3,2,8,0,3,0,1,0,0,0,0,2,1,1,1,45,7,2148,2,9,1,3,2,369520,427730,4,2,3,3,70,6,0,6,30,3,4,6,0,0,1,4,1,1,0,0,1,1,2,2,2,22,5,3,0,0,2,0,0,8,1,1
3,3,9,0,10,0,1,0,0,0,0,1,1,6,2,40,7,2993,2,1,1,1,3,509984,192935,41,3,1,6,436,3,4125,6,40,3,4,6,63,0,0,4,1,1,0,0,1,1,1,1,1,33,6,3,0,0,0,0,0,9,1,5
3,4,9,0,4,0,8,0,0,0,0,2,1,6,2,59,9,1596,1,4,1,1,4,360659,357441,7,4,1,6,128,3,5060,6,30,3,4,6,0,0,0,1,2,2,0,0,2,1,1,2,2,93,11,3,0,0,1,0,0,9,1,5
3,2,1,0,18,0,8,0,0,0,0,3,1,6,2,35,6,1598,1,8,1,1,2,537550,190580,1,2,1,2,13,3,112,6,30,3,4,6,0,0,0,1,1,1,0,0,1,1,1,1,2,35,6,3,0,0,0,0,0,1,1,5
3,2,9,0,18,0,0,0,0,0,0,1,1,6,2,24,5,1598,1,8,1,1,2,194960,215240,63,2,1,3,752,3,487,2,30,0,4,6,0,0,5,1,1,1,0,0,1,1,1,1,1,33,6,3,0,0,0,0,0,9,1,5
3,1,9,0,18,0,3,0,9,8,4,1,1,6,1,39,7,1988,1,12,1,1,1,411365,309056,21,1,1,2,252,3,51,1,30,1,3,5,353,0,0,4,2,2,0,0,1,1,1,2,2,18,4,3,0,0,0,0,0,9,1,3
3,1,9,0,4,0,0,0,0,0,0,1,1,6,1,42,7,1797,8,1,1,1,2,379026,384514,7,2,1,5,129,1,56,3,70,0,4,6,0,0,0,1,1,1,0,0,2,1,1,1,1,33,6,3,0,0,0,0,0,9,1,5
3,1,9,0,5,0,2,0,0,0,0,1,1,6,3,38,7,1598,1,8,1,1,1,433895,281334,20,1,1,4,302,6,0,6,30,3,4,6,0,2,4,5,1,1,0,0,1,2,1,3,1,18,4,3,1,3,0,0,0,0,1,5
3,2,1,0,18,0,8,0,0,0,0,3,1,6,2,47,8,1598,1,8,1,1,2,465431,100845,44,2,1,2,498,6,0,6,30,3,4,6,0,0,0,1,1,1,0,0,1,1,1,1,2,47,8,3,0,0,0,0,0,1,1,1
3,2,19,0,11,0,0,0,0,0,0,4,1,1,3,38,7,1598,1,8,1,1,2,543780,184090,1,2,1,4,16,3,124,3,30,0,4,6,0,0,0,1,2,2,0,0,1,1,1,1,1,33,6,3,0,0,0,0,0,9,1,5
3,2,1,0,16,0,8,0,0,0,0,4,1,6,1,54,8,1598,1,8,1,1,2,361174,388574,7,2,1,3,128,3,57,1,30,1,4,3,57,0,0,1,1,1,0,0,1,1,1,1,1,54,8,3,0,0,0,0,0,1,1,8
3,2,9,0,3,0,0,0,0,0,0,2,1,6,2,27,6,1596,1,10,1,1,2,456750,341499,31,2,1,5,346,3,6130,6,30,0,4,6,0,0,0,1,1,1,0,0,1,1,1,1,2,27,6,3,0,0,0,0,0,9,1,3
3,1,9,0,5,0,6,0,0,0,0,1,1,6,1,44,7,1497,8,10,1,1,2,404460,290650,20,2,1,6,300,3,4040,6,30,6,4,6,0,0,0,1,1,1,0,0,1,2,1,1,1,44,7,3,0,0,0,0,0,9,1,3
3,2,1,0,18,0,8,0,0,0,0,2,1,2,1,50,8,1598,1,8,1,1,2,415816,430044,13,2,1,2,200,3,641,3,30,5,4,3,641,0,0,4,1,1,0,0,1,1,1,1,1,50,8,3,0,0,0,0,0,1,1,1
3,1,9,0,18,0,0,0,0,0,0,1,1,1,1,34,6,1560,2,1,1,1,3,382120,408550,6,3,1,2,101,1,66,3,70,0,4,6,0,0,0,1,1,1,0,0,2,1,1,1,1,33,6,3,0,0,0,0,0,9,1,5
3,4,9,0,3,0,1,0,0,0,0,2,1,6,1,67,10,2494,2,8,2,1,5,432189,262338,23,5,1,6,294,6,0,6,50,9,4,6,0,0,0,1,1,1,0,0,2,1,1,1,1,33,6,3,0,0,0,0,0,9,1,5
3,2,9,0,18,0,0,0,0,0,0,3,1,6,1,35,6,1598,1,8,1,1,2,358719,172439,52,2,1,7,601,6,0,6,20,0,4,6,0,0,0,1,1,1,0,0,1,2,1,1,1,33,6,3,0,0,0,0,0,9,1,5
2,2,9,0,9,0,5,0,0,0,0,3,1,6,2,49,8,1422,2,14,1,1,2,405660,281890,20,2,1,4,300,3,441,6,30,8,4,6,0,0,0,1,1,2,0,0,1,1,1,1,1,33,6,3,0,0,0,0,0,9,1,5
3,2,9,0,18,0,0,0,0,0,0,1,1,6,1,45,7,1997,2,14,2,2,2,568110,141490,46,2,2,6,543,5,50,6,60,0,4,6,0,0,0,6,8,2,5,0,2,1,2,2,2,13,3,3,0,0,1,0,0,9,2,9
2,1,9,0,18,0,4,0,0,0,0,4,1,6,1,42,7,1598,1,8,1,1,1,372454,163786,52,1,1,1,611,6,0,9,30,3,4,6,0,0,0,1,1,2,0,0,1,1,1,3,2,83,11,2,6,9,0,0,0,0,1,10
3,1,9,0,18,0,0,0,0,0,0,3,1,6,2,52,8,1997,1,5,1,2,2,546460,183780,1,2,2,1,16,3,1153,6,30,0,4,6,0,0,0,1,1,1,0,0,1,1,1,1,2,52,8,3,0,0,0,0,0,9,1,7
3,1,4,0,18,9,8,0,0,0,0,3,1,6,1,52,8,278,1,8,1,1,2,438496,384858,14,2,1,2,215,3,6135,6,30,3,4,6,0,0,0,1,1,1,0,0,1,1,1,1,1,52,8,3,0,0,0,0,0,4,1,5
3,2,9,0,7,0,8,0,0,0,0,4,1,1,1,23,5,1560,2,1,2,1,2,510587,429101,16,2,1,5,228,3,165,6,30,8,4,6,0,0,0,1,1,1,0,0,1,1,1,1,1,33,6,3,0,0,0,0,0,9,1,5
3,1,9,0,18,0,0,0,0,0,0,1,1,6,2,52,8,1242,1,1,1,1,1,411244,279197,20,1,1,2,306,6,0,6,30,0,4,6,0,0,0,1,1,1,0,0,1,1,1,3,1,13,3,3,5,1,0,0,0,0,1,7
3,2,9,0,4,0,6,0,0,0,0,1,1,6,2,22,5,1968,2,8,3,1,2,176206,45968,50,2,1,3,596,3,390,6,60,3,4,6,0,0,0,1,1,2,0,0,2,1,1,1,1,33,6,3,0,0,0,0,0,9,1,5
3,2,9,0,18,0,0,0,0,0,0,0,1,6,1,38,7,1995,1,9,1,1,2,506282,146390,45,2,1,4,511,6,222,6,30,0,4,6,0,0,0,1,1,1,0,0,2,2,1,1,1,33,6,3,0,0,0,0,0,9,1,5
3,2,9,0,18,0,8,0,0,0,0,1,1,6,1,34,6,1598,1,8,1,1,2,546940,167920,1,2,1,5,19,3,224,3,30,3,4,6,0,0,0,1,1,2,0,0,1,1,1,1,1,34,6,3,0,0,0,0,0,9,1,9
2,1,19,0,18,0,1,0,0,0,0,3,1,1,1,43,7,2198,2,8,1,1,1,521680,183500,1,1,1,5,28,3,404,6,30,3,4,6,0,0,0,1,1,2,0,0,1,1,1,3,1,54,8,2,5,3,0,0,2,0,1,5
1,1,9,0,18,0,2,0,0,0,0,1,1,6,2,34,6,1229,1,8,1,1,1,349494,394327,5,1,1,6,92,3,58,6,30,9,4,6,0,0,0,1,2,2,0,0,1,1,1,3,2,85,11,1,5,1,0,0,0,0,1,4
3,1,11,0,2,0,0,0,0,0,0,0,1,1,1,44,7,7300,2,12,1,1,1,526600,171980,1,1,1,5,10,3,217,6,30,0,4,6,0,0,1,4,1,1,0,0,1,1,1,2,2,71,10,3,0,0,0,2,0,11,1,6
3,2,16,0,18,0,0,0,0,0,0,3,1,6,2,45,7,1598,1,8,3,1,2,382950,280080,22,2,1,3,278,6,0,6,60,0,4,6,0,0,0,1,1,1,0,0,1,2,1,1,2,45,7,3,0,0,0,0,0,16,3,4
3,2,3,0,4,0,1,0,0,0,0,1,1,2,1,28,6,124,1,3,1,2,2,559070,146740,46,2,2,2,542,4,2260,6,30,3,4,6,0,0,4,1,1,1,0,0,1,1,2,1,1,28,6,3,0,0,0,0,0,3,1,8
3,1,9,0,18,0,0,0,0,0,0,2,1,6,2,25,5,1248,2,4,1,4,2,339909,392972,5,2,4,7,91,6,0,6,30,0,4,6,0,0,0,1,1,1,0,0,1,2,1,1,1,33,6,3,0,0,0,0,0,9,1,5
3,1,9,0,18,0,8,1,0,0,0,1,1,6,1,44,7,4134,2,1,3,2,2,176748,50831,50,2,2,4,596,3,3075,6,40,3,4,6,0,0,0,1,1,2,0,0,2,1,1,1,1,33,6,3,0,0,0,0,0,9,1,5
3,1,5,0,3,0,8,0,0,0,0,4,1,6,1,48,8,1598,1,8,1,1,2,532770,180320,1,2,1,5,8,3,3,3,30,3,2,3,200,0,5,1,1,1,0,0,1,2,1,1,1,48,8,3,0,0,0,0,0,5,1,4
3,1,9,0,9,0,6,0,0,0,0,3,1,6,1,78,11,1198,1,7,1,1,2,397047,309968,21,2,1,4,250,6,27,6,30,6,4,6,54,0,0,1,1,1,0,0,1,1,1,1,1,78,11,3,0,0,0,0,0,9,1,9
2,1,9,0,17,0,0,2,0,2,4,4,1,6,1,21,5,1998,1,11,1,2,1,380935,157796,54,1,2,4,635,3,366,6,60,0,4,6,0,0,0,6,1,1,0,0,2,1,1,1,1,21,5,3,0,0,0,0,0,9,1,8
3,1,9,0,14,0,8,0,0,0,0,1,1,6,2,25,5,1242,1,2,1,1,1,455430,303610,33,1,1,4,364,6,1701,6,30,3,4,6,1713,0,0,1,1,1,0,0,1,1,1,3,2,10,2,3,5,2,0,0,0,0,1,5
3,2,1,0,18,0,2,0,0,0,0,3,1,6,1,32,6,1598,1,8,1,1,2,397990,301350,20,2,1,6,307,6,0,6,30,3,4,6,0,0,0,1,1,1,0,0,1,1,1,1,1,32,6,3,0,0,0,0,0,1,1,3
3,1,9,0,9,0,8,0,0,0,0,1,1,6,1,38,7,1995,2,3,1,1,2,490625,190496,43,2,1,6,480,3,40,1,30,1,4,6,1718,0,0,1,2,2,0,0,1,1,1,1,1,33,6,3,0,0,0,0,0,9,1,5
3,3,9,0,3,0,1,0,0,0,0,2,1,6,1,45,7,1598,1,8,1,1,3,291613,91998,50,3,1,2,581,3,377,1,30,1,2,3,377,0,5,1,1,1,0,0,1,2,1,1,1,45,7,3,0,0,0,0,0,9,1,5
3,2,9,0,18,0,8,0,0,0,0,3,1,2,1,55,8,1242,1,15,1,1,2,398145,356182,21,2,1,7,256,3,53,6,30,3,4,6,291,0,0,4,1,1,0,0,1,1,1,1,1,55,8,3,0,0,0,0,0,9,1,1
3,1,9,0,18,0,1,0,0,0,0,0,1,6,1,35,6,1360,1,11,1,2,2,462420,305975,33,2,2,7,364,6,2585,6,30,6,4,6,1020,0,0,1,1,1,0,0,1,1,1,1,1,35,6,3,0,0,0,0,0,9,1,5
3,1,9,0,3,0,1,0,0,0,0,2,1,6,1,37,7,1598,1,2,1,2,2,535234,201041,41,2,2,1,430,3,10,3,70,1,4,3,10,0,0,1,2,2,0,0,2,1,1,2,2,39,7,3,0,0,1,0,0,9,1,5
3,2,5,0,18,0,8,0,0,0,0,1,1,6,1,32,6,618,1,12,3,1,2,363201,175237,52,2,1,4,601,4,4048,6,30,6,4,6,0,0,4,1,1,1,0,0,1,1,1,1,1,32,6,3,0,0,0,0,0,5,3,6
3,4,9,0,3,0,0,0,0,0,0,2,1,2,2,55,8,1197,1,5,1,4,4,431672,435366,13,4,4,6,204,3,58,6,30,0,4,6,0,0,4,1,1,1,0,0,1,1,4,1,2,55,8,3,0,0,0,0,0,9,1,8
3,1,9,0,9,0,8,0,0,0,0,4,1,6,2,54,8,1598,1,9,1,1,2,534990,182120,1,2,1,7,5,3,107,6,30,3,4,6,0,0,0,1,1,1,0,6,1,1,1,1,1,33,6,3,0,0,0,0,0,9,1,5
3,1,9,0,18,0,0,0,0,0,0,1,1,6,2,30,6,1560,2,6,1,1,2,278849,679285,96,2,1,5,924,1,80,3,70,0,4,6,0,0,0,6,5,2,0,0,1,1,1,1,1,33,6,3,0,0,0,0,0,9,1,5
3,1,9,0,4,0,0,0,0,0,0,1,1,6,1,39,7,1598,1,8,1,3,3,420954,434387,13,3,3,2,204,3,647,3,70,0,4,6,0,0,0,4,1,2,0,0,1,1,1,1,1,33,6,3,0,0,0,0,0,9,1,5
3,2,2,0,18,0,8,0,0,0,0,4,1,2,1,17,4,49,1,1,3,1,2,617770,160160,46,2,1,4,531,3,28,6,30,3,4,6,0,0,4,4,1,1,0,0,2,1,1,1,1,17,4,3,0,0,0,0,0,2,3,6
3,1,9,0,9,0,8,0,0,0,0,1,1,6,1,19,4,1390,1,14,1,2,3,408875,424927,13,3,2,2,202,6,0,6,30,3,4,6,0,0,0,1,2,2,0,0,1,1,1,1,1,19,4,3,0,0,0,0,0,9,1,1
3,1,9,0,13,0,0,2,0,0,9,1,1,1,1,43,7,1587,1,13,3,1,1,545040,316410,35,1,1,4,392,3,1101,6,50,0,4,6,0,0,0,1,1,1,0,0,2,1,1,1,1,43,7,3,0,0,0,0,0,9,3,4
3,2,9,0,13,0,0,0,0,0,0,4,1,6,2,26,6,1598,1,9,2,1,2,623228,308129,36,2,1,7,404,5,864,6,30,0,4,6,0,0,0,1,1,1,0,0,1,1,1,1,1,33,6,3,0,0,0,0,0,9,1,5
3,1,9,0,18,0,0,0,0,0,0,1,1,1,1,23,5,998,1,7,1,1,1,361094,388484,7,1,1,6,128,3,49,2,30,0,4,6,0,0,0,1,1,1,0,0,1,1,1,3,2,46,8,3,10,1,0,0,0,0,1,4
3,1,9,0,9,0,1,0,0,0,0,1,1,6,2,53,8,1598,1,8,1,1,2,288171,378209,60,2,1,5,721,6,0,6,30,3,4,6,0,0,0,1,1,1,0,0,1,1,1,1,2,53,8,3,0,0,0,0,0,9,1,5