accident_severity,vehicle_reference,vehicle_type,towing_and_articulation,vehicle_manoeuvre,vehicle_location-restricted_lane,junction_location,skidding_and_overturning,hit_object_in_carriageway,vehicle_leaving_carriageway,hit_object_off_carriageway,1st_point_of_impact,was_vehicle_left_hand_drive?,journey_purpose_of_driver,sex_of_driver,age_of_driver,age_band_of_driver,engine_capacity_(cc),propulsion_code,age_of_vehicle,driver_home_area_type,NUmber_of_Casualities_unique_to_accident_index,No_of_Vehicles_involved_unique_to_accident_index,location_easting_osgr,location_northing_osgr,police_force,number_of_vehicles,number_of_casualties,day_of_week,local_authority_(district),1st_road_class,1st_road_number,road_type,speed_limit,junction_detail,junction_control,2nd_road_class,2nd_road_number,pedestrian_crossing-human_control,pedestrian_crossing-physical_facilities,light_conditions,weather_conditions,road_surface_conditions,special_conditions_at_site,carriageway_hazards,urban_or_rural_area,did_police_officer_attend_scene_of_accident,casualty_reference,casualty_class,sex_of_casualty,age_of_casualty,age_band_of_casualty,casualty_severity,pedestrian_location,pedestrian_movement,car_passenger,bus_or_coach_passenger,pedestrian_road_maintenance_worker,casualty_type,casualty_home_area_type,casualty_imd_decile
3,2,9,0,18,0,8,0,0,0,0,1,1,6,2,29,6,1798,1,11,3,2,3,351192,616464,95,3,2,3,914,4,6359,6,60,3,4,6,0,0,0,1,5,2,0,0,1,1,2,1,2,29,6,3,0,0,0,0,0,9,3,5
3,1,9,0,18,0,0,0,0,0,0,3,1,2,2,22,5,998,1,2,1,1,2,339591,390899,5,2,1,6,91,6,0,6,30,0,4,6,0,0,0,1,1,1,0,0,1,1,1,1,1,33,6,3,0,0,0,0,0,9,1,5
3,2,1,0,18,0,2,0,0,0,0,3,1,6,2,65,9,1598,1,8,1,1,2,413541,95883,55,2,1,2,641,4,3073,6,60,3,2,3,338,0,4,1,1,1,0,0,2,1,1,1,2,65,9,3,0,0,0,0,0,1,1,7
2,2,9,0,4,0,0,0,0,0,0,0,1,6,3,38,7,1598,1,8,1,1,2,503965,225627,40,2,1,4,424,1,1,3,70,0,4,6,0,0,0,1,1,1,0,0,2,1,1,1,1,33,6,3,0,0,0,0,0,9,1,5
3,1,9,0,11,0,2,0,0,0,0,0,1,6,3,38,7,1598,1,8,1,1,2,349360,312960,22,2,1,6,286,3,528,6,30,3,4,3,458,0,0,1,1,1,0,0,1,1,1,1,1,33,6,3,0,0,0,0,0,9,1,5
3,1,9,0,18,0,1,0,0,0,0,3,1,6,3,38,7,1598,1,8,1,1,2,322760,676710,95,2,1,5,923,5,0,6,30,3,4,5,0,0,0,4,2,2,0,0,1,2,1,1,1,33,6,3,0,0,0,0,0,9,1,5
3,1,9,0,18,0,4,0,10,1,10,1,1,6,2,36,7,1997,2,10,1,2,2,610753,254280,37,2,2,7,413,3,140,1,60,1,4,3,140,0,0,1,1,1,0,0,2,1,1,1,2,36,7,3,0,0,0,0,0,9,1,8
3,1,9,0,18,0,0,0,0,0,11,4,1,6,1,38,7,2776,2,10,1,5,1,353166,167868,52,1,5,7,605,6,0,6,20,0,4,6,0,0,0,1,1,2,0,0,2,1,5,2,2,17,4,3,0,0,2,0,0,9,1,10
3,1,9,0,7,0,2,0,0,0,0,1,1,6,1,18,4,1598,1,8,1,1,1,278514,381874,60,1,1,4,721,6,0,6,30,3,4,6,0,0,0,1,1,1,0,0,1,2,1,3,2,15,3,3,5,2,0,0,0,0,1,5
3,2,9,0,18,0,0,2,0,7,10,3,1,6,1,63,9,2151,2,13,1,1,2,409785,91411,55,2,1,4,640,4,3064,6,30,0,4,6,0,0,0,4,1,1,0,0,1,1,2,1,1,63,9,3,0,0,0,0,0,9,1,5
3,1,9,0,3,0,0,0,4,0,0,1,1,6,2,50,8,998,1,2,1,1,3,535700,184020,1,3,1,5,4,6,0,6,30,0,4,6,0,0,0,1,1,1,0,0,1,1,1,1,2,50,8,3,0,0,0,0,0,9,1,3
3,2,1,0,18,0,8,0,0,0,0,4,1,6,1,57,9,1598,1,8,1,1,2,400700,293660,20,2,1,6,305,6,0,6,30,6,4,6,0,0,0,1,1,2,0,0,1,1,1,1,1,57,9,3,0,0,0,0,0,1,1,3
2,1,9,0,7,0,6,0,0,1,0,2,1,6,2,38,7,1461,2,4,3,1,2,412142,192477,54,2,1,2,635,3,419,3,70,3,4,5,114,0,0,6,1,2,0,0,2,1,1,1,1,33,6,3,0,0,0,0,0,9,1,5
3,2,9,0,10,0,1,0,0,0,0,2,1,6,2,48,8,1396,1,15,1,1,2,244972,128285,50,2,1,6,588,3,386,6,30,3,4,6,0,0,0,1,1,1,0,0,1,2,1,1,2,48,8,3,0,0,0,0,0,9,1,7
3,3,9,0,18,0,8,1,0,7,0,1,1,6,1,50,8,1248,2,4,3,1,3,248595,630665,97,3,1,6,919,4,744,6,60,6,4,3,76,0,0,6,3,3,0,0,2,2,1,1,1,33,6,3,0,0,0,0,0,9,1,5
3,1,9,0,12,0,0,0,0,0,0,3,1,2,1,38,7,1896,2,9,3,1,2,427150,574561,10,2,1,1,139,3,19,3,70,0,4,6,0,0,0,1,1,1,0,0,2,2,1,1,1,33,6,3,0,0,0,0,0,9,1,5
3,1,9,0,16,0,3,1,0,1,2,1,1,6,1,22,5,1598,1,8,1,3,1,299474,192723,62,1,3,7,744,3,4119,1,60,1,4,3,4058,0,0,4,1,1,0,0,1,1,3,2,1,18,4,3,0,0,2,0,0,9,1,5
3,1,9,0,5,0,2,0,0,0,0,3,1,6,2,38,7,1598,1,8,1,1,1,568641,209371,42,1,1,3,454,6,0,6,60,3,4,6,0,0,0,1,4,1,0,0,2,2,1,3,1,27,6,3,10,9,0,0,0,0,1,5
3,1,9,0,18,0,0,0,0,0,0,1,1,6,1,48,8,2184,2,11,1,4,2,508700,218330,40,2,4,7,424,1,1,3,70,0,4,6,0,0,0,1,1,1,0,0,2,1,2,2,1,18,4,3,0,0,1,0,0,9,1,4
3,1,19,0,18,0,0,2,0,1,4,1,1,2,1,27,6,1598,1,8,1,4,1,488022,463682,16,1,4,2,231,4,1248,6,60,0,4,6,0,0,0,1,6,4,0,0,2,1,4,2,1,58,9,3,0,0,0,0,0,19,1,3
3,1,9,0,17,0,0,0,0,0,0,3,1,6,2,31,6,1598,1,8,1,6,3,484173,381049,32,3,6,1,356,3,156,6,60,0,4,6,0,0,0,1,2,2,0,0,2,1,6,2,2,5,1,3,0,0,2,0,0,9,1,2
3,1,9,0,9,0,5,0,0,0,0,1,1,6,1,66,10,1598,2,2,2,3,2,425891,559673,10,2,3,5,146,3,167,6,30,3,2,6,4055,0,5,1,1,1,0,0,1,1,3,2,1,75,10,3,0,0,1,0,0,9,1,7
2,2,3,0,18,0,8,0,0,0,0,1,1,1,1,36,7,125,1,9,1,1,2,503927,194477,41,2,1,4,436,6,440,6,30,3,4,6,906,0,0,4,1,1,0,0,1,1,1,1,1,36,7,2,0,0,0,0,0,3,1,7
2,1,9,0,18,0,8,0,4,0,0,4,1,6,1,51,8,1896,2,11,1,1,3,523590,181270,1,3,1,3,12,6,0,6,30,3,4,6,0,0,0,1,1,1,0,0,1,1,1,1,1,51,8,2,0,0,0,0,0,9,1,8
2,2,9,0,18,0,0,0,0,1,4,1,1,6,1,75,10,1598,1,8,3,6,3,307100,229270,63,3,6,2,753,3,470,6,60,0,4,6,0,0,0,1,1,1,0,0,2,1,2,2,2,18,4,2,0,0,2,0,0,9,3,5
3,2,9,0,17,0,0,0,0,0,0,0,1,1,1,52,8,1248,2,4,1,1,2,430768,393739,14,2,1,3,215,3,6102,6,50,0,4,6,0,0,0,4,1,1,0,0,2,1,1,2,1,17,4,3,0,0,1,0,0,9,1,1
3,1,9,0,18,0,1,0,0,0,0,1,1,6,2,25,5,1399,1,7,1,1,2,432503,454824,12,2,1,4,182,6,274,6,30,6,2,3,661,0,0,1,5,2,0,0,1,2,1,1,1,33,6,3,0,0,0,0,0,9,1,5
2,1,9,0,18,0,8,1,0,0,0,1,1,6,1,57,9,1598,1,8,1,5,2,407690,286720,20,2,5,4,300,6,0,6,30,6,3,6,0,0,0,1,1,1,0,0,1,1,1,1,1,33,6,3,0,0,0,0,0,9,1,5
3,1,9,0,14,0,0,0,0,0,0,4,1,6,2,38,7,1598,1,8,1,1,1,449199,88589,44,1,1,5,505,4,3323,6,30,0,4,6,0,0,0,1,1,1,0,0,1,2,1,3,2,41,7,3,9,5,0,0,0,0,1,5
3,1,9,0,18,0,0,0,0,0,0,0,1,6,2,38,7,1399,2,10,1,1,2,455460,309070,33,2,1,7,362,5,3207,6,30,0,4,6,0,0,0,1,1,1,0,0,2,1,1,1,1,33,6,3,0,0,0,0,0,9,1,5
2,1,3,0,18,0,0,0,10,0,11,1,1,6,1,16,4,124,1,12,1,2,1,435866,559584,10,1,2,5,150,6,5357,6,30,0,4,6,0,0,0,1,1,1,0,0,1,1,2,2,1,15,3,2,0,0,0,0,0,3,1,2
3,2,9,0,4,0,0,0,0,0,0,2,1,6,2,48,8,1242,1,1,1,1,3,431065,382518,14,3,1,7,215,6,0,6,30,0,4,6,0,0,0,1,1,2,0,0,2,2,1,1,1,33,6,3,0,0,0,0,0,9,1,5
3,2,21,0,18,0,0,0,0,0,0,1,1,6,3,38,7,1598,1,8,1,1,2,539050,184490,1,2,1,2,17,3,11,2,30,0,4,6,0,0,0,1,1,1,0,0,1,1,1,1,1,33,6,3,0,0,0,0,0,9,1,5
3,2,19,0,13,0,0,0,0,0,0,4,1,1,1,60,9,2497,2,3,2,1,2,514088,164871,45,2,1,5,510,3,307,6,30,0,4,6,0,0,0,1,1,1,0,0,1,2,1,1,1,33,6,3,0,0,0,0,0,9,1,5
3,2,21,1,18,0,0,0,0,0,0,1,1,6,1,43,7,1598,2,8,1,1,2,525150,152467,45,2,1,2,513,1,25,3,60,0,4,6,0,0,0,1,1,2,0,0,2,1,1,1,1,33,6,3,0,0,0,0,0,9,1,5
3,2,9,0,18,0,8,0,0,0,0,1,1,6,2,43,7,1956,2,3,1,4,2,422226,441980,13,2,4,2,204,3,658,6,50,9,4,6,0,0,0,4,2,2,0,0,1,1,2,1,2,43,7,3,0,0,0,0,0,9,1,8
2,1,9,0,18,0,0,1,0,7,0,1,1,6,1,49,8,1679,1,14,1,1,1,445366,283520,23,1,1,2,292,4,4455,6,60,0,4,6,0,0,0,6,1,2,0,0,2,1,1,1,1,49,8,2,0,0,0,0,0,9,1,5
3,1,9,0,18,0,0,5,10,7,10,1,1,6,2,63,9,1328,1,11,1,1,1,339470,439740,4,1,1,2,74,3,586,6,50,0,4,6,0,0,0,1,1,1,0,0,2,1,1,1,2,63,9,3,0,0,0,0,0,9,1,4
3,2,9,0,3,0,1,0,0,0,0,2,1,6,2,42,7,1399,2,7,2,3,2,467640,414043,14,2,3,2,211,1,18,7,70,1,4,6,0,0,0,7,1,2,0,0,2,2,2,1,2,42,7,3,0,0,0,0,0,9,2,8
3,1,9,0,9,0,1,0,0,0,0,3,1,6,2,63,9,1997,1,5,1,1,2,506423,102491,47,2,1,6,558,4,2140,6,30,3,4,6,0,0,0,1,2,2,0,0,1,2,1,1,1,33,6,3,0,0,0,0,0,9,1,5
3,1,3,0,18,0,2,0,0,0,0,1,1,6,1,19,4,125,1,8,1,2,1,433360,279290,20,1,2,2,302,6,0,6,30,9,4,6,0,0,0,1,1,1,0,0,1,1,1,1,1,19,4,3,0,0,0,0,0,3,1,3
3,1,9,0,13,0,8,0,0,7,0,1,1,6,1,63,9,1997,2,11,1,2,2,388780,638385,10,2,2,5,139,3,697,6,60,9,4,6,0,0,0,1,1,1,0,0,2,1,2,2,2,85,11,3,0,0,1,0,0,9,1,5
3,1,9,0,18,0,0,1,0,1,2,1,1,6,2,22,5,1364,1,8,1,1,1,440816,407928,14,1,1,1,210,3,6195,6,60,0,4,6,0,0,0,4,2,2,0,0,2,2,1,1,2,22,5,3,0,0,0,0,0,9,1,1
3,1,9,0,18,0,1,0,0,0,0,1,1,3,1,43,7,1598,1,8,1,1,1,533516,156513,45,1,1,3,516,5,227,6,30,6,2,6,0,0,5,1,1,1,0,0,1,1,1,3,1,12,3,3,1,1,0,0,0,0,3,5
3,1,9,0,9,0,6,0,0,0,0,1,1,6,1,41,7,1598,1,8,1,2,2,461627,323945,33,2,2,1,362,3,6006,6,60,3,4,5,6211,0,0,6,5,2,0,0,2,1,1,1,1,41,7,3,0,0,0,0,0,9,1,1
3,1,9,0,18,0,0,0,0,0,0,4,1,6,2,47,8,1490,1,7,1,1,1,259908,660511,97,1,1,5,926,6,0,6,30,0,4,6,0,0,0,1,1,1,0,0,1,1,1,3,2,47,8,3,9,7,0,0,0,0,1,5
2,1,9,0,9,0,8,0,0,0,0,2,1,6,1,26,6,1598,1,13,1,1,2,434537,386068,14,2,1,2,215,6,0,6,30,6,2,6,0,0,0,4,2,2,0,0,1,1,1,1,1,33,6,3,0,0,0,0,0,9,1,5
2,1,9,0,18,0,1,5,0,1,2,1,1,1,1,48,8,1598,1,8,1,1,1,542460,243740,35,1,1,2,395,3,505,6,60,3,4,5,266,0,0,1,1,1,0,0,2,1,1,1,1,48,8,2,0,0,0,0,0,9,1,5
3,1,9,0,9,0,8,5,0,3,1,4,1,6,2,32,6,1598,1,8,1,2,2,488982,107666,47,2,2,4,559,6,0,6,60,6,4,6,0,0,0,1,1,1,0,0,2,1,1,1,2,32,6,3,0,0,0,0,0,9,1,9
3,1,9,0,5,0,0,0,0,0,0,4,1,6,1,50,8,1796,1,13,1,1,1,435500,336170,30,1,1,6,323,5,100,6,30,0,4,6,0,0,4,1,1,1,0,0,1,2,1,3,1,28,6,3,1,1,0,0,0,0,1,1
2,1,9,0,16,0,0,0,0,0,0,4,1,6,1,53,8,1968,2,8,1,1,4,399860,269270,22,4,1,6,270,3,448,3,70,0,4,6,0,0,0,6,1,2,0,0,2,1,1,1,1,33,6,3,0,0,0,0,0,9,1,5
3,1,9,0,9,0,8,0,0,0,0,3,1,6,1,30,6,1798,1,1,1,1,2,409974,95050,55,2,1,7,640,3,3060,6,30,3,4,6,0,0,0,1,1,1,0,0,1,1,1,1,1,33,6,3,0,0,0,0,0,9,1,5
3,1,9,0,18,0,0,0,0,0,0,1,1,6,3,38,7,1598,1,8,1,1,1,454005,345042,31,1,1,5,346,4,682,6,30,0,4,6,0,0,1,4,1,1,0,0,1,1,1,3,1,10,2,3,5,9,0,0,0,0,1,1
1,2,9,0,18,0,1,1,0,7,0,1,1,6,2,65,9,1198,1,8,3,3,3,468818,455059,12,3,3,5,185,3,166,6,40,8,4,6,0,0,0,1,1,1,0,0,2,1,1,1,2,65,9,3,0,0,0,0,0,9,3,7
2,2,9,0,6,0,0,0,0,0,0,3,1,6,1,62,9,1400,1,10,1,1,2,433090,382652,14,2,1,5,215,3,621,3,40,0,4,6,0,0,0,1,1,1,0,0,1,1,1,1,1,62,9,2,0,0,0,0,0,9,1,6
3,2,9,0,4,0,0,0,0,0,0,2,1,2,1,27,6,1997,2,4,1,5,2,489699,235296,43,2,5,5,479,5,9009,6,60,0,4,6,0,0,0,4,1,2,0,0,1,1,4,2,2,32,6,3,0,0,1,0,0,9,1,5
3,1,9,0,7,0,6,0,0,3,10,1,1,6,2,42,7,1422,2,11,1,2,2,502350,439722,16,2,2,5,231,6,0,6,40,3,4,6,0,0,0,1,1,1,0,0,2,1,1,1,2,42,7,3,0,0,0,0,0,9,1,1
3,1,9,0,17,0,2,0,0,0,0,2,1,6,1,26,6,1968,2,8,1,1,2,438150,329880,30,2,1,7,323,6,0,6,30,3,4,6,0,0,0,1,1,1,0,0,1,1,1,1,1,33,6,3,0,0,0,0,0,9,1,5
3,1,19,0,4,0,1,0,0,0,0,2,1,2,1,31,6,2151,2,11,1,2,2,516680,184800,1,2,2,4,27,3,4090,6,30,3,4,6,0,0,0,4,2,2,0,0,1,2,2,2,1,33,6,3,0,0,0,0,0,19,1,1
3,2,9,0,18,0,0,0,0,0,0,2,1,6,1,72,10,1329,1,8,1,1,2,328083,388070,5,2,1,3,95,6,0,6,30,0,4,6,0,0,0,1,1,1,0,0,1,1,1,2,2,57,9,3,0,0,2,0,0,9,1,6
3,3,19,0,16,0,0,0,0,0,0,0,1,6,3,38,7,1598,1,8,1,1,3,447292,424134,13,3,1,4,206,2,1,3,70,0,4,6,0,0,0,1,1,1,0,0,2,1,1,1,1,33,6,3,0,0,0,0,0,9,1,5
3,1,19,0,9,0,2,0,0,0,0,1,1,2,2,46,8,1598,1,8,1,1,3,399840,303040,20,3,1,4,307,3,34,6,30,3,4,6,0,0,0,1,2,2,0,0,1,1,1,1,1,33,6,3,0,0,0,0,0,9,1,5
3,1,9,0,18,0,8,0,0,0,0,1,1,2,2,47,8,1998,1,10,1,1,2,526235,107570,47,2,1,4,565,3,27,3,70,5,4,3,293,0,0,6,1,1,0,0,2,1,1,1,1,33,6,3,0,0,0,0,0,9,1,5
3,2,9,0,18,0,1,0,0,0,0,1,1,2,2,29,6,1560,2,2,1,1,2,530092,136543,47,2,1,2,560,6,0,6,30,3,4,6,0,0,0,1,1,1,0,0,1,2,1,1,1,33,6,3,0,0,0,0,0,9,1,5
3,1,9,0,18,0,0,0,0,0,0,1,1,1,2,39,7,1598,1,8,1,1,3,319358,175603,62,3,1,4,741,3,4234,3,50,0,4,6,0,0,0,4,1,1,0,0,1,1,1,1,1,33,6,3,0,0,0,0,0,9,1,5
3,2,8,0,1,0,0,0,0,0,0,2,1,1,1,44,7,1896,2,7,1,1,2,449613,520800,17,2,1,3,243,3,178,6,30,0,4,6,0,0,0,4,1,1,0,0,1,1,1,1,1,33,6,3,0,0,0,0,0,9,1,5
3,1,9,0,18,0,8,0,0,7,10,3,1,2,1,24,5,1299,1,12,1,1,2,458399,379408,31,2,1,7,341,6,0,6,30,3,4,6,0,0,0,1,2,2,0,0,1,1,1,1,1,24,5,3,0,0,0,0,0,9,1,1
2,4,9,0,18,0,0,1,0,0,0,1,1,6,1,59,9,1598,1,8,1,1,4,582143,231852,42,4,1,3,451,3,131,6,60,0,4,6,0,0,0,6,1,1,0,0,2,1,1,1,1,33,6,3,0,0,0,0,0,9,1,5
3,1,9,0,18,0,8,0,0,0,0,3,1,6,1,20,4,1986,2,10,1,1,2,571785,167798,46,2,1,5,544,1,2,1,40,1,4,6,0,0,0,1,1,1,0,0,2,1,1,1,1,33,6,3,0,0,0,0,0,9,1,5
3,1,9,0,18,0,8,0,0,0,0,4,1,2,1,48,8,1590,1,10,1,1,2,518620,180650,1,2,1,6,27,3,406,6,30,6,2,3,406,0,5,4,2,2,0,0,1,2,1,1,1,48,8,3,0,0,0,0,0,9,1,3
3,1,9,0,18,0,0,0,0,0,0,3,1,6,2,41,7,1242,1,1,3,1,1,497525,149907,45,1,1,5,511,6,4001,6,30,0,4,6,0,0,5,1,1,1,0,0,1,1,1,3,1,33,6,3,8,3,0,0,0,0,1,5
3,1,9,0,18,0,0,0,0,0,0,1,1,6,2,24,5,1329,1,4,2,1,1,430865,435481,13,1,1,7,204,6,0,6,30,0,4,6,0,0,4,1,1,1,0,0,1,1,1,3,1,73,10,3,4,3,0,0,0,0,1,1
3,1,9,0,18,0,2,0,0,0,0,1,1,2,1,53,8,1997,2,12,1,2,1,530910,191500,1,1,2,6,31,3,105,6,30,3,4,6,0,0,4,4,1,1,0,0,1,1,1,3,1,9,2,3,4,4,0,0,2,0,1,5
3,1,9,0,11,0,1,1,10,1,0,1,1,6,3,38,7,1587,1,12,1,1,2,431491,556865,10,2,1,1,150,3,1231,3,70,5,4,3,1231,0,0,7,7,2,0,0,1,1,1,1,1,33,6,3,0,0,0,0,0,9,1,5
3,1,9,0,18,0,8,0,0,0,0,3,1,6,1,26,6,1998,1,8,1,1,2,509740,181990,1,2,1,4,26,5,0,6,30,6,2,6,0,0,5,1,1,1,0,0,1,1,1,1,1,26,6,3,0,0,0,0,0,9,1,2
2,2,9,0,18,0,0,1,0,0,0,1,1,2,1,24,5,1598,1,8,1,2,2,258020,207640,63,2,2,6,751,3,483,6,60,0,4,6,0,0,0,6,1,1,0,0,2,1,1,1,1,24,5,2,0,0,0,0,0,9,1,5
3,2,9,0,9,0,6,0,0,0,0,1,2,2,2,71,10,1598,1,8,2,1,3,440257,293775,33,3,1,5,361,3,47,6,30,3,4,6,6188,0,0,4,1,2,0,0,1,1,1,1,1,33,6,3,0,0,0,0,0,9,1,5
3,1,8,0,18,0,0,0,0,0,0,1,1,1,1,61,9,1794,1,8,1,1,1,429218,433496,13,1,1,3,204,6,0,3,30,0,4,6,0,0,0,1,1,1,0,0,1,1,1,3,1,24,5,3,5,3,0,0,0,0,1,1
2,2,1,0,18,0,0,0,0,0,0,0,1,6,1,54,8,1598,1,8,1,1,2,536920,171410,1,2,1,2,19,6,0,6,30,0,4,6,0,0,0,1,1,1,0,0,1,1,1,1,1,54,8,2,0,0,0,0,0,1,1,9
2,1,9,0,9,0,5,0,0,0,0,1,1,6,2,40,7,1390,1,11,1,2,2,469714,234451,43,2,2,4,476,3,413,6,30,3,4,6,1941,0,0,1,1,1,0,0,1,1,1,1,2,40,7,3,0,0,0,0,0,9,1,9
3,2,3,0,18,0,8,1,0,0,0,1,1,6,1,20,4,124,1,2,1,1,2,332160,442370,4,2,1,3,71,6,0,6,30,6,4,6,0,0,0,1,1,1,0,0,1,1,1,1,1,20,4,3,0,0,0,0,0,3,1,8
2,1,9,0,16,0,1,1,4,0,0,1,1,6,1,24,5,973,1,13,1,1,2,511198,101818,47,2,1,3,564,6,0,6,30,1,4,6,0,0,0,1,4,1,0,0,1,1,1,1,1,24,5,2,0,0,0,0,0,9,1,4
3,1,9,0,9,0,3,0,0,1,2,1,1,6,1,38,7,1598,1,8,1,1,1,260108,198477,62,1,1,1,745,3,4240,1,30,2,4,6,0,0,0,1,1,1,0,0,2,1,1,1,1,33,6,3,0,0,0,0,0,9,1,5
3,1,9,0,9,0,8,0,0,0,0,1,1,2,1,36,7,1399,2,9,1,1,2,466410,99973,44,2,1,5,498,3,288,6,30,3,4,6,0,0,1,1,1,1,0,0,1,1,1,1,1,33,6,3,0,0,0,0,0,9,1,5
2,2,9,0,4,0,0,0,0,0,0,2,1,6,1,69,10,1461,2,5,1,9,5,602000,159590,46,5,9,7,540,1,2,3,70,0,4,6,0,0,0,1,1,1,0,0,2,1,9,2,1,8,2,2,0,0,2,0,0,9,1,3
3,1,9,0,9,0,8,0,0,0,0,1,1,6,2,25,5,1390,1,8,1,1,2,381180,401400,6,2,1,3,107,5,0,6,30,9,4,5,0,0,0,1,1,1,0,0,1,1,1,1,1,33,6,3,0,0,0,0,0,9,1,5
3,1,9,0,18,0,8,5,0,0,0,3,2,6,1,49,8,1598,1,8,1,1,2,412090,297040,20,2,1,1,300,3,453,3,30,6,2,3,5127,0,0,1,1,1,0,0,1,1,1,1,1,49,8,3,0,0,0,0,0,9,1,7
3,2,9,0,18,0,1,0,0,0,0,1,1,6,2,24,5,1242,1,8,1,2,2,348817,384368,7,2,2,6,124,5,2007,6,30,3,4,6,0,0,0,1,2,2,0,0,1,1,2,1,2,24,5,3,0,0,0,0,0,9,1,3
3,1,9,0,18,0,4,0,0,0,0,1,1,6,3,38,7,1598,1,8,1,1,2,574969,169921,46,2,1,1,544,3,289,1,50,1,4,3,289,0,0,1,1,1,0,0,2,2,1,1,1,33,6,3,0,0,0,0,0,9,1,5
3,3,9,0,18,0,0,0,0,0,0,2,1,6,2,77,11,1783,1,14,3,3,3,255548,131377,50,3,3,7,582,3,39,6,60,0,4,6,0,0,0,1,1,1,0,0,2,1,2,1,2,77,11,3,0,0,0,0,0,9,3,4
3,3,9,0,18,0,8,0,0,0,0,1,1,6,2,42,7,1000,1,8,1,1,3,380920,411310,6,3,1,4,101,3,56,6,30,3,4,6,0,0,0,4,1,1,0,0,1,1,1,1,2,42,7,3,0,0,0,0,0,9,1,5
3,1,9,0,3,0,4,0,0,0,0,2,1,1,2,46,8,1997,2,11,1,3,2,443372,389363,14,2,3,3,213,3,630,1,60,1,2,1,1,0,0,1,1,1,0,0,2,1,3,2,2,22,5,3,0,0,2,0,0,9,1,3
1,1,9,0,18,0,0,0,0,1,3,3,1,6,2,20,4,998,1,6,3,3,1,610760,163540,46,1,3,5,531,3,290,6,40,0,4,6,0,0,0,6,1,2,0,0,2,1,2,2,1,17,4,1,0,0,2,0,0,9,1,5
2,1,9,0,9,9,5,0,0,0,0,1,1,6,2,39,7,1997,2,9,1,1,1,489294,196344,43,1,1,3,480,6,2087,6,30,8,4,6,2087,0,0,1,1,1,0,0,1,3,1,3,2,55,8,2,6,9,0,0,0,0,1,10
2,1,9,0,5,0,0,0,0,0,0,1,1,6,2,42,7,1796,1,14,2,1,2,429420,356970,30,2,1,6,329,6,0,6,30,0,4,6,0,0,0,1,1,1,0,0,2,1,1,1,1,33,6,3,0,0,0,0,0,9,1,5
3,1,9,0,18,0,1,1,0,0,0,1,1,6,2,27,6,1598,1,8,1,2,3,381830,394010,6,3,2,7,102,3,6010,6,30,6,2,6,0,0,5,4,1,1,4,0,1,1,1,1,2,27,6,3,0,0,0,0,0,9,1,1
3,2,9,0,18,0,8,0,0,0,0,4,1,1,1,52,8,1598,1,5,1,2,3,511280,198188,41,3,2,2,437,6,20,6,30,3,4,6,520,0,0,1,1,1,0,0,1,1,2,2,1,50,8,3,0,0,1,0,0,9,1,10
3,1,9,0,9,0,8,0,0,0,0,1,1,6,1,44,7,2231,2,8,1,1,2,525610,179620,1,2,1,7,12,3,315,6,30,3,4,6,0,0,0,1,1,1,0,0,1,1,1,1,1,33,6,3,0,0,0,0,0,9,1,5
3,1,21,0,4,0,0,0,0,0,0,1,1,1,1,52,8,1598,1,8,1,3,2,330330,695118,94,2,3,5,925,3,915,6,50,0,4,6,0,0,0,1,1,2,0,0,2,1,1,1,1,52,8,3,0,0,0,0,0,21,1,5
2,1,9,0,18,0,8,0,0,0,0,1,1,6,1,51,8,1997,2,12,1,1,2,423176,434676,13,2,1,6,204,4,6157,6,30,6,2,6,0,0,5,4,1,2,4,0,1,1,1,1,1,33,6,3,0,0,0,0,0,9,1,5
3,4,9,0,10,0,1,0,0,0,0,2,1,2,2,40,7,1360,1,14,3,3,4,458210,319945,33,4,3,3,362,5,3213,6,60,3,4,5,5209,0,0,1,2,2,0,0,2,1,3,1,2,40,7,3,0,0,0,0,0,9,3,10
3,1,19,0,18,0,1,0,0,0,0,1,1,1,1,46,8,1995,2,8,1,1,2,231230,104698,50,2,1,3,588,3,3072,6,60,3,4,6,0,0,0,1,1,1,0,0,2,1,1,1,1,33,6,3,0,0,0,0,0,9,1,5
3,2,9,0,18,0,0,0,0,1,0,1,1,6,2,27,6,1598,1,8,2,2,2,246830,250550,63,2,2,2,750,4,4338,6,60,0,4,6,0,0,0,6,1,2,0,0,2,1,2,2,2,23,5,3,0,0,1,0,0,9,3,5
3,2,9,0,4,0,0,1,0,0,0,1,1,2,1,31,6,1598,1,8,3,1,2,556940,162590,46,2,1,4,538,6,3001,6,60,0,4,6,0,0,0,6,1,2,0,0,2,1,1,2,1,30,6,3,0,0,1,0,0,9,1,5
3,1,11,0,18,0,0,0,0,0,0,4,1,1,3,40,7,1598,1,8,1,1,2,258907,665635,97,2,1,3,926,6,0,2,30,0,4,6,0,0,0,1,1,1,0,0,1,2,1,1,1,33,6,3,0,0,0,0,0,9,1,5
3,1,8,0,3,0,1,0,0,0,0,2,1,1,1,50,8,1997,2,5,1,1,2,416793,185256,54,2,1,3,633,3,4312,3,40,3,2,6,0,0,5,1,1,1,0,0,1,1,1,1,1,33,6,3,0,0,0,0,0,9,1,5