accident_severity,vehicle_reference,vehicle_type,towing_and_articulation,vehicle_manoeuvre,vehicle_location-restricted_lane,junction_location,skidding_and_overturning,hit_object_in_carriageway,vehicle_leaving_carriageway,hit_object_off_carriageway,1st_point_of_impact,was_vehicle_left_hand_drive?,journey_purpose_of_driver,sex_of_driver,age_of_driver,age_band_of_driver,engine_capacity_(cc),propulsion_code,age_of_vehicle,driver_home_area_type,NUmber_of_Casualities_unique_to_accident_index,No_of_Vehicles_involved_unique_to_accident_index,location_easting_osgr,location_northing_osgr,police_force,number_of_vehicles,number_of_casualties,day_of_week,local_authority_(district),1st_road_class,1st_road_number,road_type,speed_limit,junction_detail,junction_control,2nd_road_class,2nd_road_number,pedestrian_crossing-human_control,pedestrian_crossing-physical_facilities,light_conditions,weather_conditions,road_surface_conditions,special_conditions_at_site,carriageway_hazards,urban_or_rural_area,did_police_officer_attend_scene_of_accident,casualty_reference,casualty_class,sex_of_casualty,age_of_casualty,age_band_of_casualty,casualty_severity,pedestrian_location,pedestrian_movement,car_passenger,bus_or_coach_passenger,pedestrian_road_maintenance_worker,casualty_type,casualty_home_area_type,casualty_imd_decile
3,1,9,0,18,0,4,0,0,3,1,1,1,2,2,26,6,1598,2,1,1,1,2,561190,142170,46,2,1,2,543,3,21,1,70,1,4,6,0,0,0,1,1,1,0,0,2,1,1,1,2,26,6,3,0,0,0,0,0,9,1,9
3,1,9,0,18,0,2,0,0,0,0,1,1,6,3,38,7,1598,1,8,1,1,1,303979,208203,62,1,1,7,742,6,0,6,30,3,4,6,0,0,0,4,1,1,0,0,1,1,1,3,1,40,7,3,9,9,0,0,0,0,1,5
1,4,5,0,18,0,0,0,0,0,0,0,1,6,1,38,7,599,1,16,1,2,4,523263,159818,45,4,2,2,513,3,240,6,30,0,4,6,0,0,0,1,1,1,0,0,1,1,1,1,1,33,6,3,0,0,0,0,0,9,1,5
2,2,21,1,11,0,1,0,0,0,0,4,1,6,3,38,7,1598,1,8,1,1,2,416853,432705,13,2,1,4,200,3,650,3,40,3,4,6,0,0,0,1,1,1,0,0,1,2,1,1,1,33,6,3,0,0,0,0,0,9,1,5
3,1,20,0,18,0,0,1,0,0,0,1,1,1,1,38,7,5480,2,12,1,4,2,368206,386939,7,2,4,3,128,3,56,6,30,0,4,6,0,0,0,1,1,1,0,0,1,2,1,1,1,33,6,3,0,0,0,0,0,9,1,5
3,1,9,0,17,0,0,1,0,2,4,1,1,6,2,18,4,1229,1,4,1,1,1,405893,99878,55,1,1,1,647,6,0,6,40,0,4,6,0,0,0,6,4,2,0,0,1,1,1,1,2,18,4,3,0,0,0,0,0,9,1,10
2,3,17,4,3,0,1,0,0,0,0,1,1,1,1,26,6,6728,2,4,3,2,3,335561,711434,94,3,2,1,925,3,914,6,60,6,4,5,0,0,0,1,1,1,0,0,2,1,1,1,1,33,6,3,0,0,0,0,0,9,1,5
3,1,9,0,9,0,5,0,0,0,0,0,1,6,3,38,7,1598,1,8,1,1,3,212824,72372,50,3,1,1,596,3,30,6,40,3,4,6,0,0,0,1,2,2,4,0,2,2,1,1,1,33,6,3,0,0,0,0,0,9,1,5
3,2,9,0,18,0,1,0,0,0,0,1,1,6,1,42,7,1598,1,2,1,1,2,506135,427963,16,2,1,1,228,6,0,6,30,3,4,6,0,0,0,1,1,1,0,0,1,2,1,1,1,33,6,3,0,0,0,0,0,9,1,5
3,2,9,0,9,0,8,0,0,0,0,2,1,6,2,34,6,1560,2,8,1,1,2,526710,182070,1,2,1,2,1,3,5,6,30,3,4,6,0,0,1,1,1,1,0,0,1,1,1,1,1,33,6,3,0,0,0,0,0,9,1,5
3,1,9,0,18,0,1,0,0,0,0,1,1,6,2,46,8,1499,1,1,1,1,2,526517,151049,45,2,1,7,513,3,242,6,30,1,4,6,0,0,0,1,1,1,0,0,1,1,1,1,1,33,6,3,0,0,0,0,0,9,1,5
3,2,9,0,4,0,8,0,0,0,0,1,1,6,1,57,9,1796,1,13,2,1,2,517770,293780,35,2,1,2,394,3,15,6,40,3,2,6,0,0,5,4,1,1,0,0,2,1,1,1,1,33,6,3,0,0,0,0,0,9,1,5
2,3,9,0,3,0,0,0,0,0,0,2,1,6,1,28,6,1968,2,2,1,1,3,521910,186920,1,3,1,1,28,3,406,3,40,0,4,6,0,0,7,1,1,1,0,0,1,1,1,1,1,33,6,3,0,0,0,0,0,9,1,5
2,2,1,0,18,0,8,0,0,0,0,4,1,6,1,39,7,1598,1,8,1,1,2,533940,187720,1,2,1,1,4,3,107,6,30,3,4,6,0,0,0,4,1,1,0,0,1,1,1,1,1,39,7,2,0,0,0,0,0,1,1,5
3,1,9,0,5,0,2,0,0,0,0,1,1,6,2,30,6,1598,1,8,1,2,2,261228,367732,60,2,2,5,722,3,5,6,40,6,4,6,0,0,0,1,2,2,0,0,2,1,1,1,2,30,6,3,0,0,0,0,0,9,1,5
3,2,1,0,18,0,8,0,0,0,0,1,1,6,1,51,8,1598,1,8,1,1,2,513810,171180,1,2,1,2,24,5,0,6,30,3,4,3,312,0,0,1,1,1,0,0,1,1,1,1,1,51,8,3,0,0,0,0,0,1,1,2
3,1,2,0,13,0,8,0,0,0,0,4,1,2,1,25,5,250,1,7,1,1,2,523650,183120,1,2,1,5,28,5,0,6,30,6,4,6,0,0,4,1,1,1,0,0,1,1,1,1,1,25,5,3,0,0,0,0,0,2,1,2
3,2,9,0,4,0,0,0,0,0,0,1,1,4,2,27,6,1198,1,2,3,1,2,383710,399100,6,2,1,7,102,3,6042,3,30,0,4,6,0,0,8,4,1,1,0,0,1,1,1,1,1,33,6,3,0,0,0,0,0,9,1,5
3,3,19,0,18,0,0,0,0,0,0,1,1,1,1,43,7,2143,2,3,1,2,3,503890,175830,1,3,2,4,26,1,25,3,70,0,4,6,0,0,0,1,1,1,0,0,2,1,2,1,1,43,7,3,0,0,0,0,0,19,1,5
3,2,9,0,4,0,8,0,0,0,0,2,1,6,2,34,6,1968,2,3,1,3,3,532380,166940,1,3,3,1,20,3,213,6,30,3,4,6,0,0,1,1,1,1,0,0,1,1,3,2,2,33,6,3,0,0,2,0,0,9,1,5
3,2,3,0,18,0,8,0,0,0,0,1,1,2,1,19,4,125,1,8,1,1,3,333190,433200,4,3,1,2,71,6,0,6,30,3,4,6,0,0,0,1,1,1,0,0,1,1,1,1,1,19,4,3,0,0,0,0,0,3,1,1
2,1,1,0,12,0,0,5,0,0,0,1,1,1,2,20,4,1598,1,8,1,1,2,570978,205526,42,2,1,2,454,3,1114,6,40,0,4,6,0,2,4,1,1,1,1,0,1,1,1,1,2,20,4,2,0,0,0,0,0,1,1,8
3,2,9,0,3,0,1,0,0,0,0,2,1,6,2,42,7,1399,2,7,2,3,2,467640,414043,14,2,3,2,211,1,18,7,70,1,4,6,0,0,0,7,1,2,0,0,2,2,3,2,2,50,8,3,0,0,1,0,0,9,3,7
3,2,9,0,17,0,0,0,0,0,0,3,1,6,1,51,8,2926,2,9,1,1,2,414412,97509,55,2,1,6,641,5,137,6,40,0,4,6,0,0,0,1,1,1,0,0,2,1,1,1,1,33,6,3,0,0,0,0,0,9,1,5
3,2,3,0,18,0,8,0,0,0,0,1,1,2,1,30,6,124,1,3,1,1,2,510900,176640,1,2,1,5,25,3,4,1,30,1,4,3,312,0,0,1,1,1,0,0,1,1,1,1,1,30,6,3,0,0,0,0,0,3,1,3
3,2,9,0,10,0,8,0,0,0,0,0,1,6,1,68,10,998,1,13,1,1,2,377970,392770,6,2,1,1,112,5,0,6,30,3,4,5,0,0,0,1,1,2,0,0,1,1,1,1,1,68,10,3,0,0,0,0,0,9,1,3
3,2,9,0,6,0,0,0,0,0,0,3,1,6,2,20,4,1229,1,10,1,3,2,407560,281400,20,2,3,1,300,6,0,6,30,0,4,6,0,0,0,1,1,1,0,0,1,1,2,1,2,20,4,3,0,0,0,0,0,9,1,10
3,1,11,0,4,0,0,0,0,0,0,1,1,1,1,26,6,6370,2,8,1,1,1,331020,434220,4,1,1,6,71,3,5073,6,30,0,4,6,0,0,5,1,1,1,0,0,1,1,1,3,1,15,3,3,4,1,0,0,0,0,1,1
3,2,9,0,18,0,8,0,0,0,0,3,1,6,1,69,10,1396,1,16,1,1,3,532230,190520,1,3,1,5,31,3,109,6,30,6,2,4,155,0,5,1,1,1,0,0,1,1,1,1,1,69,10,3,0,0,0,0,0,9,1,4
3,2,9,0,18,0,0,0,0,0,0,1,1,6,1,29,6,2997,1,17,1,1,3,330530,670710,95,3,1,5,929,6,0,6,40,0,4,6,0,0,0,1,1,1,0,0,2,1,1,2,2,21,5,3,0,0,1,0,0,9,1,5
3,2,9,0,18,0,0,5,0,1,4,3,1,2,2,30,6,1598,1,8,1,1,2,313854,175360,62,2,1,2,741,3,4232,3,70,0,4,6,0,0,0,1,1,2,0,0,2,1,2,1,2,30,6,3,0,0,0,0,0,9,1,5
3,2,9,0,18,0,8,0,0,0,0,1,1,6,2,51,8,1686,2,12,1,1,2,450148,519929,17,2,1,7,243,6,0,6,30,6,2,6,0,0,5,1,1,1,0,0,1,1,1,1,2,51,8,3,0,0,0,0,0,9,1,7
2,2,9,0,18,0,1,0,0,0,0,4,1,1,1,26,6,1598,1,8,1,1,2,276353,651077,97,2,1,2,938,6,0,6,30,7,2,6,0,0,5,1,2,2,0,0,1,1,1,1,1,33,6,3,0,0,0,0,0,9,1,5
2,1,9,0,18,0,0,0,0,0,0,2,1,6,1,79,11,1997,2,12,1,1,2,457573,106348,44,2,1,5,492,6,0,6,30,0,4,6,0,0,0,1,1,1,0,0,1,1,1,1,1,33,6,3,0,0,0,0,0,9,1,5
3,1,5,0,4,0,0,0,0,0,0,1,1,6,1,19,4,599,1,14,1,1,2,531230,178420,1,2,1,6,9,3,23,6,30,0,4,6,0,0,0,1,1,1,0,0,1,1,1,1,1,19,4,3,0,0,0,0,0,5,1,5
3,1,9,0,17,0,0,5,0,7,10,1,1,6,2,21,5,1240,1,12,2,1,1,340094,115018,52,1,1,3,610,6,0,6,60,0,4,6,0,0,0,1,1,2,0,0,2,1,1,1,2,21,5,3,0,0,0,0,0,9,2,6
1,4,9,0,4,0,0,0,0,0,0,0,1,1,3,38,7,1598,1,8,1,1,11,464470,261123,34,11,1,4,381,1,1,3,50,0,4,6,0,0,0,6,1,1,4,0,2,1,1,1,1,33,6,3,0,0,0,0,0,9,1,5
3,1,9,0,18,0,0,0,0,0,0,1,1,6,1,21,5,1598,1,8,1,1,2,476410,256495,34,2,1,5,384,6,8121,6,30,0,4,6,0,0,0,4,1,1,0,0,1,1,1,2,2,16,4,3,0,0,1,0,0,9,1,7
3,2,9,0,18,0,0,0,0,0,0,1,1,6,1,18,4,1598,1,8,1,1,2,550120,189220,1,2,1,5,15,3,12,3,50,0,4,6,0,0,0,1,1,1,0,0,1,1,1,1,1,33,6,3,0,0,0,0,0,9,1,5
3,1,9,0,1,0,0,0,0,0,0,3,1,1,1,24,5,1461,2,4,1,1,1,520804,160842,45,1,1,2,38,5,195,6,30,0,4,6,0,0,0,1,1,1,0,0,1,1,1,3,2,90,11,3,6,9,0,0,0,0,1,4
3,2,20,0,18,0,0,0,0,0,0,1,1,6,2,44,7,8500,2,25,3,2,2,525901,151827,45,2,2,7,513,3,217,6,40,0,4,6,0,0,0,1,1,2,0,0,2,1,2,1,2,44,7,3,0,0,0,0,0,20,3,8
3,2,9,0,17,0,8,0,0,0,0,1,1,1,1,19,4,1199,1,12,1,2,2,391668,332260,21,2,2,4,255,3,51,6,60,3,4,6,166,0,0,1,2,2,0,0,1,2,2,1,1,19,4,3,0,0,0,0,0,9,1,8
3,1,9,0,18,0,8,0,0,0,0,4,1,6,3,38,7,1998,1,8,1,4,3,378600,388050,6,3,4,1,112,5,0,6,30,9,4,6,0,0,0,4,1,1,0,0,1,1,1,1,1,33,6,3,0,0,0,0,0,9,1,5
3,2,9,0,3,0,0,0,0,0,0,2,1,6,1,54,8,1560,2,5,2,4,4,561385,227352,42,4,4,1,463,4,184,6,60,0,4,6,0,0,0,1,1,1,0,0,2,1,2,2,2,33,6,3,0,0,1,0,0,9,1,5
2,2,4,0,18,0,0,0,0,0,0,0,1,6,1,31,6,398,1,12,1,1,2,475744,138023,44,2,1,7,497,4,3004,6,30,0,4,6,0,0,0,1,1,1,0,0,2,1,1,1,1,33,6,3,0,0,0,0,0,9,1,5
3,2,9,0,18,0,0,0,0,0,0,1,1,6,1,38,7,1968,2,7,1,2,2,461809,307502,33,2,2,6,364,3,563,3,40,0,4,6,0,0,0,1,1,1,0,0,1,1,1,1,1,33,6,3,0,0,0,0,0,9,1,5
3,1,9,0,18,0,8,0,0,0,0,3,1,6,1,39,7,1598,1,8,1,2,2,412430,288410,20,2,2,5,300,3,4040,3,30,6,2,4,4114,0,4,4,1,1,0,0,1,1,1,2,1,44,7,3,0,0,1,0,0,9,1,1
2,2,1,0,18,0,6,0,0,0,0,3,1,6,2,38,7,1598,1,8,1,2,2,535460,194030,1,2,2,2,32,4,137,6,30,3,4,6,0,0,8,1,2,2,0,0,1,1,2,1,2,33,6,2,0,0,0,0,0,1,1,2
3,1,9,0,18,0,8,0,0,0,0,1,1,6,2,56,9,1598,1,8,1,2,3,522990,190380,1,3,2,5,30,3,1,3,50,3,4,6,0,0,0,1,1,1,0,0,1,1,1,1,2,56,9,3,0,0,0,0,0,9,1,5
2,2,3,0,13,0,1,0,0,0,0,4,1,2,1,26,6,1598,1,8,1,1,3,335851,364435,60,3,1,4,724,3,5104,6,50,3,4,6,0,0,0,4,1,1,0,0,2,1,1,1,1,26,6,2,0,0,0,0,0,3,1,5
3,1,9,0,9,0,8,0,0,0,0,1,1,6,1,19,4,1686,2,9,3,2,2,309642,667294,95,2,2,1,940,3,71,6,50,6,2,6,0,0,5,1,1,1,0,0,2,1,2,2,2,18,4,3,0,0,1,0,0,9,3,5
3,1,9,0,16,0,0,1,0,1,4,1,1,6,1,20,4,1598,1,8,1,1,1,324000,548190,3,1,1,1,60,4,5302,6,60,0,4,6,0,0,0,1,8,4,0,0,2,1,1,1,1,20,4,3,0,0,0,0,0,9,1,5
3,2,9,0,9,0,8,0,0,0,0,3,1,6,2,38,7,1598,2,3,1,1,2,527780,171120,1,2,1,5,10,3,217,6,30,3,4,5,0,0,0,1,2,2,0,0,1,2,1,1,1,33,6,3,0,0,0,0,0,9,1,5
3,2,9,0,18,0,8,0,0,0,0,1,1,6,1,78,11,999,1,2,1,2,2,336320,378368,7,2,2,5,130,3,41,3,40,3,2,3,550,0,0,1,1,1,0,0,1,1,2,2,2,75,10,3,0,0,1,0,0,9,1,10
3,2,9,0,18,0,0,0,0,0,0,1,1,6,1,26,6,998,1,17,1,2,2,384270,401120,6,2,2,1,102,3,665,6,30,0,4,6,0,0,4,4,1,1,0,0,1,1,2,2,1,24,5,3,0,0,1,0,0,9,1,2
3,1,9,0,18,0,6,0,0,0,0,1,1,2,2,54,8,1995,2,3,1,1,2,426560,437636,13,2,1,4,204,6,0,6,30,6,4,6,0,0,0,1,1,1,3,0,1,1,1,1,1,33,6,3,0,0,0,0,0,9,1,5
3,1,9,0,7,0,6,0,0,0,0,1,1,2,1,44,7,2969,2,10,1,1,2,427906,515085,11,2,1,6,161,3,68,6,30,8,4,6,0,0,0,1,1,1,0,0,1,1,1,1,1,33,6,3,0,0,0,0,0,9,1,5
3,1,9,0,17,0,0,5,0,7,3,4,1,6,1,43,7,2324,1,14,1,1,1,533450,259430,35,1,1,5,395,5,178,6,60,0,4,6,0,0,0,6,2,2,0,0,2,1,1,1,1,43,7,3,0,0,0,0,0,9,1,4
3,3,9,0,3,0,2,0,0,0,0,3,1,6,1,57,9,1998,2,9,1,2,3,450757,340076,31,3,2,2,342,3,6002,6,30,3,4,6,0,0,5,1,1,1,0,0,1,1,2,1,1,57,9,3,0,0,0,0,0,9,1,8
3,1,9,0,4,0,1,0,0,0,0,3,1,1,1,47,8,1797,8,4,1,1,2,542230,188010,1,2,1,4,14,6,0,6,30,3,4,6,0,0,0,1,1,1,0,0,1,2,1,1,1,47,8,3,0,0,0,0,0,9,1,2
2,1,9,0,18,0,0,0,0,1,4,1,1,6,1,21,5,1599,1,10,2,3,1,622851,338221,36,1,3,6,405,3,149,6,50,0,4,6,0,0,0,7,1,1,0,0,2,1,3,2,2,18,4,3,0,0,2,0,0,9,2,8
3,1,9,0,18,0,0,0,0,1,10,0,1,6,1,53,8,1598,1,8,1,1,1,362860,128457,52,1,1,4,610,3,359,6,50,0,4,6,0,0,0,1,9,1,0,0,2,2,1,1,1,53,8,3,0,0,0,0,0,9,1,2
3,3,9,0,2,0,2,0,0,0,0,2,1,6,1,38,7,1587,1,13,1,2,5,480396,354058,31,5,2,1,345,6,0,6,30,3,4,6,0,0,0,1,1,1,0,0,1,1,1,1,1,33,6,3,0,0,0,0,0,9,1,5
3,1,9,0,18,0,1,0,0,0,0,1,1,6,1,51,8,1399,2,10,1,2,2,335504,393715,5,2,2,4,91,3,59,6,30,3,4,6,0,0,0,4,1,2,0,0,1,1,1,1,1,33,6,3,0,0,0,0,0,9,1,5
3,2,97,0,12,0,0,1,0,0,0,1,1,6,1,25,5,599,1,15,1,1,2,486484,235611,43,2,1,7,479,3,5,7,70,0,4,6,0,0,0,1,1,1,0,0,2,1,1,1,1,25,5,3,0,0,0,0,0,97,1,5
3,1,11,0,4,0,2,0,0,0,0,0,1,1,1,55,8,8268,2,12,1,1,1,538200,186360,1,1,1,7,13,3,112,6,30,3,4,6,0,0,0,1,1,1,0,0,1,1,1,2,2,18,4,3,0,0,0,4,0,11,1,3
3,1,3,0,18,0,0,0,0,0,0,0,1,6,1,61,9,124,1,8,1,2,2,437570,317475,33,2,2,3,366,4,587,6,60,0,4,6,0,0,0,1,1,1,0,0,2,1,2,2,2,58,9,3,0,0,0,0,0,3,1,5
2,1,9,0,16,0,0,0,0,1,10,1,1,6,2,37,7,1598,1,8,1,1,2,422608,99385,44,2,1,5,496,4,3058,6,40,0,4,6,0,0,0,1,1,1,0,0,2,1,1,1,2,37,7,2,0,0,0,0,0,9,1,6
3,1,3,0,18,0,8,1,0,0,0,1,1,6,1,70,10,125,1,7,1,1,1,481565,155576,44,1,1,2,494,4,3013,6,40,1,4,3,3013,0,0,1,1,1,0,0,1,2,1,1,1,70,10,3,0,0,0,0,0,3,1,10
3,1,11,0,2,0,0,0,0,0,0,0,1,1,1,57,9,4500,2,5,1,1,1,435607,387297,14,1,1,6,215,6,0,6,30,0,4,6,0,0,0,1,9,1,0,0,1,2,1,2,1,55,8,3,0,0,0,1,0,11,1,1
2,3,9,0,2,0,0,0,0,0,0,3,1,6,3,38,7,1360,1,12,1,1,3,506238,204975,41,3,1,6,33,3,4251,6,30,0,4,6,0,0,0,4,8,2,0,0,1,1,1,1,1,33,6,3,0,0,0,0,0,9,1,5
3,1,9,0,9,0,8,0,0,0,0,1,1,6,2,36,7,1587,1,8,1,1,1,356674,172900,52,1,1,5,601,6,0,6,20,3,4,6,0,0,0,1,1,1,0,6,1,2,1,3,2,58,9,3,5,1,0,0,0,0,1,5
3,2,9,0,18,0,8,0,0,0,0,2,1,6,1,45,7,1598,1,8,2,1,2,579245,111550,47,2,1,6,552,6,0,6,30,3,4,6,0,0,0,1,1,1,0,0,1,1,1,1,1,33,6,3,0,0,0,0,0,9,1,5
3,1,9,0,5,0,1,0,0,0,0,1,1,6,1,78,11,1896,2,8,1,1,1,395480,388750,6,1,1,3,109,3,626,6,30,7,2,3,626,0,5,1,1,1,0,0,1,1,1,3,1,47,8,3,1,1,0,0,0,0,1,6
3,1,9,0,16,0,3,0,0,0,0,2,1,2,2,20,4,998,1,3,1,1,2,498641,150754,45,2,1,3,511,3,322,1,30,1,4,3,25,0,0,1,4,1,0,0,1,1,1,1,1,33,6,3,0,0,0,0,0,9,1,5
3,2,21,0,4,0,0,0,0,0,0,2,1,1,1,61,9,12740,2,4,1,1,2,536090,265460,35,2,1,2,395,3,14,3,70,0,4,6,0,0,0,1,1,1,0,0,2,1,1,1,1,33,6,3,0,0,0,0,0,9,1,5
3,1,9,0,18,0,0,0,0,4,6,1,1,6,1,20,4,1595,1,16,2,2,3,318880,670030,95,3,2,1,923,3,720,3,70,0,4,6,0,0,0,1,1,2,0,0,1,1,1,1,1,33,6,3,0,0,0,0,0,9,1,5
3,3,19,0,4,0,0,0,0,0,0,1,1,6,1,38,7,1995,2,5,1,1,3,514990,183130,1,3,1,6,27,3,40,3,50,0,4,6,0,0,0,4,1,1,0,0,1,1,1,1,1,33,6,3,0,0,0,0,0,9,1,5
2,1,9,0,18,0,3,0,0,1,2,3,1,6,1,25,5,1242,1,9,1,1,1,377829,818595,92,1,1,1,911,3,96,1,60,1,4,6,0,0,8,1,1,2,0,0,2,1,1,1,1,25,5,2,0,0,0,0,0,9,1,5
3,2,9,0,4,0,2,0,0,0,0,1,1,6,2,23,5,1198,1,3,1,1,2,442814,114416,44,2,1,2,500,6,0,6,30,3,4,6,0,0,1,1,1,1,0,0,1,1,1,1,2,23,5,3,0,0,0,0,0,9,1,9
2,1,3,0,18,0,0,0,0,0,0,1,1,2,1,35,6,125,1,1,1,2,1,537040,187610,1,1,2,3,13,3,104,3,30,0,4,6,0,0,0,1,1,2,0,0,1,1,1,1,1,35,6,3,0,0,0,0,0,3,1,6
1,2,9,0,2,0,0,0,0,0,0,2,1,6,1,51,8,1598,1,8,1,2,3,351833,123624,52,3,2,2,610,3,303,3,70,0,4,6,0,0,0,1,1,1,0,0,2,1,2,1,1,51,8,3,0,0,0,0,0,9,1,5
3,1,9,0,18,0,0,0,0,0,0,4,1,6,1,28,6,1242,1,2,2,1,1,325430,672550,95,1,1,5,923,5,0,6,30,0,4,6,0,0,0,1,2,2,0,0,1,2,1,3,1,25,5,3,5,2,0,0,0,0,1,5
2,2,5,0,18,0,8,0,0,0,0,1,1,6,1,50,8,592,1,24,3,1,2,370650,407840,6,2,1,5,100,3,579,6,30,3,4,6,0,0,0,1,1,1,0,0,1,1,1,1,1,50,8,2,0,0,0,0,0,5,3,5
2,1,5,0,13,0,8,1,0,7,0,1,1,6,1,40,7,1441,1,3,1,1,2,341220,317000,22,2,1,1,286,3,5,6,60,3,4,6,0,0,0,1,1,2,0,0,2,1,1,1,1,40,7,2,0,0,0,0,0,5,1,2
3,2,9,0,7,6,5,1,0,0,0,2,1,6,1,51,8,1598,1,8,1,1,2,333809,351346,60,2,1,5,725,6,0,6,30,5,4,6,0,0,0,1,2,2,0,0,1,2,1,1,1,51,8,3,0,0,0,0,0,9,1,5
3,1,5,0,16,0,0,1,0,0,0,1,1,6,1,36,7,750,1,3,1,1,2,265434,701769,96,2,1,4,939,4,822,6,60,0,4,6,0,0,0,1,1,1,0,0,2,1,1,1,1,36,7,3,0,0,0,0,0,5,1,5
3,2,9,0,13,0,0,0,0,0,0,4,1,6,1,26,6,1998,2,11,1,1,2,298022,110503,50,2,1,4,586,6,0,6,30,0,4,6,0,0,0,1,1,2,0,0,2,2,1,1,1,33,6,3,0,0,0,0,0,9,1,5
3,2,9,0,18,0,8,0,0,0,0,1,1,6,1,30,6,1598,1,8,1,1,2,633660,155220,46,2,1,5,533,3,258,6,50,3,4,6,0,0,0,1,2,2,0,0,2,1,1,1,1,30,6,3,0,0,0,0,0,9,1,5
3,1,9,0,18,0,0,1,0,7,4,1,1,6,1,32,6,998,1,3,1,3,2,546130,116729,47,2,3,7,556,3,26,6,50,0,4,6,0,0,0,1,1,1,0,0,2,1,1,2,2,68,10,3,0,0,2,0,0,9,1,5
3,1,9,0,12,0,0,0,0,0,0,3,1,2,1,21,5,1598,1,8,3,1,2,285448,180064,62,2,1,2,740,3,48,3,50,0,4,6,0,0,0,1,4,1,0,0,2,1,1,1,1,33,6,3,0,0,0,0,0,9,1,5
1,1,98,0,18,0,0,0,0,0,0,4,1,1,1,49,8,10837,2,2,1,1,2,343427,385165,5,2,1,3,91,6,0,3,30,0,4,6,0,0,0,1,1,1,0,0,1,1,1,1,1,33,6,3,0,0,0,0,0,9,1,5
2,2,9,0,4,0,8,0,0,0,0,1,1,6,3,38,7,1598,1,8,1,1,2,542530,175150,1,2,1,3,6,3,208,6,30,3,4,6,0,0,0,4,1,1,0,0,1,1,1,1,1,33,6,3,0,0,0,0,0,9,1,5
3,1,19,0,17,0,0,5,0,7,4,3,1,1,1,19,4,1598,1,8,1,1,1,449785,186607,43,1,1,5,484,6,401,6,60,0,4,6,0,0,0,6,1,2,0,0,2,1,1,2,1,17,4,3,0,0,0,0,0,19,1,6
3,1,9,0,18,0,1,0,0,0,0,1,1,6,2,50,8,1998,1,13,1,2,2,394743,329673,21,2,2,1,255,3,51,6,40,8,4,6,0,0,0,1,1,1,0,0,2,2,1,1,2,50,8,3,0,0,0,0,0,9,1,5
3,1,9,0,3,0,2,0,0,0,0,1,1,6,2,55,8,1999,1,8,1,1,1,445147,391576,14,1,1,5,213,3,6123,1,40,1,4,3,6123,0,1,1,1,1,0,0,1,2,1,3,1,78,11,3,1,3,0,0,0,0,1,10
3,2,9,0,2,0,0,0,0,0,0,2,1,6,1,57,9,1598,1,8,1,2,2,301802,207336,62,2,2,7,742,3,465,6,60,0,4,6,0,0,0,1,2,2,0,0,2,1,1,1,1,33,6,3,0,0,0,0,0,9,1,5
3,2,9,0,2,0,0,0,4,0,0,2,1,5,1,62,9,1910,2,9,1,1,2,412314,310519,21,2,1,1,252,6,372,6,30,0,4,6,0,0,0,1,1,1,0,0,1,2,1,1,1,33,6,3,0,0,0,0,0,9,1,5
3,1,9,0,9,0,6,0,0,0,0,1,1,6,2,40,7,1598,1,8,3,1,2,575806,171900,46,2,1,2,544,6,0,6,30,3,4,6,0,0,0,1,1,1,0,0,2,1,1,1,1,33,6,3,0,0,0,0,0,9,1,5
3,1,11,0,18,0,0,0,0,0,0,1,1,1,2,39,7,8268,2,13,1,2,1,524920,177760,1,1,2,2,11,4,317,6,30,0,4,6,0,0,0,1,1,1,0,0,1,1,1,3,2,60,9,3,5,1,0,0,2,0,1,7
3,1,9,0,17,0,0,0,0,0,0,1,1,6,1,21,5,1598,1,8,1,2,2,327219,352436,60,2,2,6,725,4,5430,6,30,0,4,6,0,0,0,6,8,4,0,0,2,1,2,1,1,21,5,3,0,0,0,0,0,9,1,5
3,2,9,0,18,0,8,0,0,1,0,1,1,6,2,38,7,1124,1,11,1,2,2,509700,187440,1,2,2,1,26,6,0,6,30,6,4,6,0,0,0,1,1,1,0,0,1,1,2,2,2,33,6,3,0,0,1,0,0,9,1,5
3,2,11,0,18,0,8,0,0,0,0,3,1,1,1,26,6,9000,2,4,1,1,2,400484,172382,54,2,1,6,635,5,394,6,50,8,4,6,0,0,0,1,1,1,0,0,1,1,1,1,1,33,6,3,0,0,0,0,0,9,1,5
3,1,9,0,17,0,0,2,0,0,0,1,1,1,1,34,6,1598,1,8,1,1,1,273523,59394,50,1,1,7,584,6,0,6,30,0,4,6,0,0,0,6,8,4,0,0,2,1,1,1,1,34,6,3,0,0,0,0,0,9,1,4
3,1,2,0,4,0,1,0,4,0,0,3,1,6,1,20,4,49,1,4,1,1,2,573200,154990,46,2,1,3,536,6,3604,6,30,3,4,6,0,0,0,6,1,1,0,0,1,1,1,1,1,20,4,3,0,0,0,0,0,2,1,3
3,2,9,0,2,0,0,0,0,0,0,2,1,6,3,38,7,1598,1,12,1,2,3,458285,300741,33,3,2,1,364,4,5366,6,30,0,4,6,0,0,8,1,1,1,0,0,1,1,1,1,1,33,6,3,0,0,0,0,0,9,1,5
3,2,9,0,18,0,0,0,0,0,0,3,1,6,2,84,11,1296,1,7,2,1,2,286538,71181,50,2,1,6,585,6,0,6,30,0,4,6,0,0,0,1,1,1,0,0,1,1,1,1,1,33,6,3,0,0,0,0,0,9,1,5
3,2,3,0,18,0,8,0,0,0,0,1,1,2,2,23,5,124,1,14,1,1,2,562317,99867,47,2,1,1,551,4,2106,6,30,3,4,6,0,0,1,1,1,1,0,0,1,1,1,1,2,23,5,3,0,0,0,0,0,3,1,5