accident_severity,vehicle_reference,vehicle_type,towing_and_articulation,vehicle_manoeuvre,vehicle_location-restricted_lane,junction_location,skidding_and_overturning,hit_object_in_carriageway,vehicle_leaving_carriageway,hit_object_off_carriageway,1st_point_of_impact,was_vehicle_left_hand_drive?,journey_purpose_of_driver,sex_of_driver,age_of_driver,age_band_of_driver,engine_capacity_(cc),propulsion_code,age_of_vehicle,driver_home_area_type,NUmber_of_Casualities_unique_to_accident_index,No_of_Vehicles_involved_unique_to_accident_index,location_easting_osgr,location_northing_osgr,police_force,number_of_vehicles,number_of_casualties,day_of_week,local_authority_(district),1st_road_class,1st_road_number,road_type,speed_limit,junction_detail,junction_control,2nd_road_class,2nd_road_number,pedestrian_crossing-human_control,pedestrian_crossing-physical_facilities,light_conditions,weather_conditions,road_surface_conditions,special_conditions_at_site,carriageway_hazards,urban_or_rural_area,did_police_officer_attend_scene_of_accident,casualty_reference,casualty_class,sex_of_casualty,age_of_casualty,age_band_of_casualty,casualty_severity,pedestrian_location,pedestrian_movement,car_passenger,bus_or_coach_passenger,pedestrian_road_maintenance_worker,casualty_type,casualty_home_area_type,casualty_imd_decile
3,2,9,0,4,0,1,0,0,0,0,2,1,2,1,43,7,998,1,8,1,1,2,480471,177935,43,2,1,2,475,3,4,6,50,8,4,6,0,0,0,1,2,2,6,0,2,1,1,1,1,33,6,3,0,0,0,0,0,9,1,5
3,1,9,0,18,0,1,0,0,0,0,1,1,6,1,39,7,1598,1,8,1,1,2,460554,337586,31,2,1,6,347,3,52,1,70,1,4,3,52,0,0,4,1,1,0,0,1,2,1,1,1,33,6,3,0,0,0,0,0,9,1,5
3,1,4,0,18,0,0,0,0,0,0,1,1,6,1,32,6,929,1,14,1,2,1,527960,180660,1,1,2,2,1,3,4202,3,30,0,4,6,0,0,0,1,1,1,0,0,1,1,2,3,1,27,6,3,5,1,0,0,2,0,1,5
3,1,9,0,18,0,1,0,0,0,0,1,1,6,2,78,11,1396,1,17,1,3,4,407883,103037,55,4,3,3,647,4,3072,6,30,3,4,6,0,0,0,1,1,1,0,0,1,1,1,1,2,78,11,3,0,0,0,0,0,9,1,6
3,2,9,0,4,0,1,0,0,0,0,3,1,6,2,25,5,1329,1,8,1,2,3,396950,290290,20,3,2,1,305,3,4123,3,40,3,2,6,0,0,0,4,1,1,0,0,1,1,1,1,2,25,5,3,0,0,0,0,0,9,1,3
3,2,9,0,18,0,1,0,0,0,0,4,1,6,2,23,5,1598,1,8,1,1,2,253195,371541,60,2,1,7,720,3,5,6,30,3,4,6,0,0,0,1,1,1,0,0,2,1,1,1,2,23,5,3,0,0,0,0,0,9,1,5
3,2,9,0,3,0,0,0,0,0,0,2,1,3,2,44,7,1896,2,13,3,4,2,376743,366881,7,2,4,2,129,3,54,6,30,0,4,6,0,0,0,1,1,1,0,0,2,1,2,2,2,16,4,3,0,0,1,0,0,9,3,7
3,2,9,0,3,0,1,0,0,0,0,2,1,6,1,33,6,1598,1,6,2,1,2,202373,55659,50,2,1,1,596,4,3374,6,30,6,2,6,0,0,0,1,1,1,4,0,2,2,1,1,1,33,6,3,0,0,0,0,0,9,2,2
3,1,9,0,18,0,0,1,7,0,6,1,1,6,2,39,7,1598,1,10,1,2,1,393000,395710,6,1,2,1,110,1,67,3,70,0,4,6,0,0,0,4,5,2,0,0,1,1,1,2,1,8,2,3,0,0,2,0,0,9,1,6
2,4,9,0,4,0,0,0,0,0,0,1,1,2,1,46,8,1968,2,2,1,1,4,419450,183509,54,4,1,4,633,3,419,3,70,0,4,6,0,0,0,6,2,2,0,0,2,1,1,1,1,33,6,3,0,0,0,0,0,9,1,5
3,2,9,0,18,0,8,0,0,0,0,1,1,6,1,33,6,2231,2,6,1,2,2,536270,181120,1,2,2,7,5,3,13,6,30,3,4,6,0,0,0,1,1,1,0,0,1,1,1,1,1,33,6,3,0,0,0,0,0,9,1,1
3,1,9,0,5,0,6,0,0,1,0,1,1,6,2,36,7,2993,2,10,1,1,2,552860,152410,46,2,1,7,538,5,300,6,60,6,3,6,0,0,0,1,2,2,0,0,2,1,1,1,1,33,6,3,0,0,0,0,0,9,1,5
3,1,9,0,18,0,0,0,0,0,0,1,1,6,1,42,7,1329,1,1,1,2,2,418657,425181,13,2,2,1,203,3,643,6,30,0,4,6,0,0,0,4,1,2,0,0,1,1,1,1,1,33,6,3,0,0,0,0,0,9,1,5
3,1,5,0,18,0,1,1,0,0,0,0,1,6,1,59,9,790,1,11,1,1,2,330804,377874,7,2,1,1,130,3,540,6,40,3,4,6,0,0,0,1,1,1,0,0,2,1,1,1,1,59,9,3,0,0,0,0,0,5,1,5
3,2,11,0,18,0,1,0,0,0,0,1,1,1,1,54,8,9360,2,7,1,6,2,415909,433394,13,2,6,2,200,3,6181,3,30,3,4,6,0,0,0,1,1,2,0,0,1,1,6,2,1,12,3,3,0,0,2,4,0,11,1,1
2,3,19,0,18,0,0,0,0,0,0,4,1,1,1,27,6,2198,2,8,1,5,3,546442,198685,42,3,5,6,456,1,11,3,70,0,4,6,0,0,0,1,1,1,0,0,2,1,4,1,1,27,6,3,0,0,0,0,0,19,1,3
3,1,11,0,3,0,0,0,0,0,0,0,1,1,1,64,9,3900,2,12,1,1,1,537930,186110,1,1,1,4,13,3,106,6,30,0,4,6,0,0,0,4,4,2,0,0,1,1,1,2,2,79,11,3,0,0,0,1,0,11,1,1
3,2,3,0,4,2,0,0,0,0,0,1,1,6,1,30,6,125,1,2,1,1,2,528250,179810,1,2,1,4,1,3,4,3,30,0,4,6,0,0,0,1,1,1,0,0,1,1,1,1,1,30,6,3,0,0,0,0,0,3,1,3
3,5,9,0,18,0,0,0,0,0,0,2,1,2,1,47,8,1398,1,1,1,3,5,508915,160247,45,5,3,6,510,3,3,3,70,0,4,6,0,0,0,4,1,2,0,0,2,1,1,1,1,33,6,3,0,0,0,0,0,9,1,5
2,3,9,0,18,0,0,0,0,0,0,3,1,6,1,78,11,2993,2,2,1,2,4,301253,142333,52,4,2,2,609,3,39,6,30,0,4,6,0,0,0,1,1,1,0,0,2,1,1,1,1,33,6,3,0,0,0,0,0,9,1,5
3,2,11,0,2,2,0,0,0,0,0,0,1,1,1,38,7,1598,1,8,1,1,2,520250,300800,35,2,1,6,394,6,0,6,30,0,4,6,0,0,0,1,1,1,0,0,1,2,1,1,1,33,6,3,0,0,0,0,0,9,1,5
3,2,1,0,9,0,8,0,0,0,0,1,1,6,1,26,6,1598,1,8,1,1,2,511399,430042,16,2,1,5,228,3,165,6,30,3,4,6,0,0,0,1,1,1,0,0,1,1,1,1,1,26,6,3,0,0,0,0,0,1,1,9
2,1,9,0,4,0,1,0,0,0,0,1,1,5,2,28,6,1398,1,3,1,1,3,419855,255454,23,3,1,2,293,3,3400,6,30,3,4,6,0,0,0,1,1,1,0,0,1,1,1,1,1,33,6,3,0,0,0,0,0,9,1,5
3,2,9,0,3,0,8,0,0,0,0,2,1,6,2,29,6,1753,2,13,1,3,2,459177,305650,33,2,3,5,364,3,607,1,30,1,2,4,5427,0,5,4,1,1,0,0,1,2,3,2,1,25,5,3,0,0,2,0,0,9,1,5
3,3,9,0,18,0,0,0,0,3,0,0,1,1,1,35,6,2143,2,4,3,4,3,419762,562866,10,3,4,2,146,3,1,3,70,0,4,6,0,0,0,4,1,2,0,0,2,1,4,2,2,59,9,3,0,0,2,0,0,9,1,5
3,1,9,0,18,0,1,0,0,0,0,1,1,6,2,67,10,2148,2,9,1,1,1,495126,100068,47,1,1,5,558,3,259,6,30,6,2,6,0,0,5,1,2,2,0,0,1,1,1,3,1,13,3,3,1,3,0,0,0,0,1,4
2,2,9,0,4,0,0,0,0,0,0,2,1,6,1,43,7,1997,2,6,1,1,3,434668,197502,43,3,1,6,483,3,420,6,50,0,4,6,0,0,0,1,1,1,0,0,2,1,1,1,1,33,6,3,0,0,0,0,0,9,1,5
3,1,9,0,5,0,0,0,0,0,0,1,1,1,2,25,5,1686,2,2,1,1,2,381003,214261,53,2,1,5,623,4,4008,6,30,0,4,6,0,0,0,4,2,2,4,0,1,1,1,1,1,33,6,3,0,0,0,0,0,9,1,5
3,1,9,0,18,0,2,0,4,0,0,1,1,3,2,46,8,1995,2,11,1,1,2,396350,292930,20,2,1,3,305,6,0,6,30,3,4,6,0,0,8,1,1,1,0,0,1,1,1,1,2,46,8,3,0,0,0,0,0,9,1,2
3,3,9,0,18,0,0,0,0,0,0,1,1,6,2,31,6,1587,1,10,3,2,4,354356,751967,93,4,2,7,912,4,9113,6,60,0,4,6,0,0,0,1,4,2,0,0,2,1,1,1,1,33,6,3,0,0,0,0,0,9,1,5
3,2,9,0,8,0,4,0,0,0,0,2,1,2,2,39,7,1968,2,2,3,1,3,381372,805801,92,3,1,2,911,4,9119,6,50,1,4,6,0,0,0,1,1,1,0,0,2,1,1,1,2,39,7,3,0,0,0,0,0,9,3,5
3,1,1,0,17,0,0,1,0,0,10,1,1,2,1,19,4,1598,1,8,1,1,1,573384,167220,46,1,1,2,544,6,0,6,30,0,4,6,0,0,0,1,1,2,0,0,1,1,1,1,1,19,4,3,0,0,0,0,0,1,1,2
2,1,9,0,18,0,0,0,0,1,2,1,1,6,1,73,10,1598,1,8,1,5,1,429679,456482,12,1,5,7,182,3,61,6,30,0,4,6,0,0,4,1,4,1,0,0,1,1,2,2,2,71,10,2,0,0,1,0,0,9,1,10
3,1,9,0,18,0,0,0,0,0,0,1,1,6,1,60,9,1339,8,8,1,1,1,358427,172085,52,1,1,7,601,6,0,6,30,0,4,6,0,0,4,4,1,1,0,0,1,1,1,3,1,13,3,3,9,5,0,0,0,0,1,10
2,1,3,0,18,0,0,0,12,0,0,1,1,2,1,17,4,125,1,1,2,1,1,418295,241699,53,1,1,1,621,5,122,6,60,0,4,6,0,0,0,1,1,1,0,7,2,1,1,1,1,17,4,2,0,0,0,0,0,3,2,9
2,1,9,0,9,0,0,0,0,0,0,3,1,2,1,26,6,1995,2,11,1,2,2,526210,171560,1,2,2,2,22,6,0,6,30,0,4,6,0,0,0,1,1,1,0,0,1,1,1,1,1,26,6,3,0,0,0,0,0,9,1,4
3,1,2,0,17,0,0,0,10,0,0,1,1,6,1,19,4,1598,1,8,1,1,1,456304,91488,44,1,1,5,505,6,0,6,60,0,4,6,0,0,0,1,1,1,0,0,2,2,1,1,1,19,4,3,0,0,0,0,0,2,1,2
3,1,9,0,5,0,8,0,0,0,0,4,1,6,2,28,6,1968,2,1,1,2,2,286381,680340,96,2,2,3,924,6,0,6,30,3,4,6,0,0,0,4,2,2,0,0,1,1,1,1,2,28,6,3,0,0,0,0,0,9,1,5
3,1,4,0,13,0,1,0,0,0,0,4,1,2,1,20,4,296,1,1,1,1,2,507890,181580,1,2,1,3,26,4,465,6,30,3,4,6,0,0,5,1,1,1,0,0,1,2,1,1,1,20,4,3,0,0,0,0,0,4,1,10
3,2,9,0,12,0,0,0,0,0,0,0,1,6,1,41,7,1596,1,14,1,1,2,474652,106401,44,2,1,4,495,3,27,3,70,0,4,6,0,0,0,1,1,1,0,0,2,2,1,1,1,33,6,3,0,0,0,0,0,9,1,5
3,2,4,0,3,0,4,0,0,0,0,2,1,6,1,32,6,124,1,3,3,1,2,447386,165254,43,2,1,2,471,6,7129,1,30,1,4,3,339,0,0,4,8,1,0,0,1,1,1,1,1,32,6,3,0,0,0,0,0,4,3,7
3,1,1,0,18,0,0,0,0,0,0,3,1,6,1,30,6,1598,1,8,1,1,2,529590,182820,1,2,1,7,2,3,4200,6,30,0,4,6,0,0,0,4,1,2,0,0,1,2,1,1,1,30,6,3,0,0,0,0,0,1,1,2
3,2,9,0,2,0,0,0,0,0,0,4,1,6,1,53,8,1598,1,8,1,1,2,332724,188851,61,2,1,2,733,6,0,6,30,0,4,6,0,0,0,1,2,2,0,0,1,1,1,1,1,53,8,3,0,0,0,0,0,9,1,5
3,3,9,0,3,0,0,0,0,0,0,2,1,6,2,34,6,1386,1,7,1,1,5,434207,454067,12,5,1,6,182,3,661,6,60,0,4,6,0,0,0,1,1,1,0,0,2,1,1,1,2,34,6,3,0,0,0,0,0,9,1,10
3,1,9,0,9,0,5,0,0,0,0,1,1,1,1,41,7,1598,1,8,1,1,1,320364,176341,62,1,1,3,741,6,0,6,30,6,4,6,0,0,0,1,1,2,0,0,1,1,1,3,1,6,2,3,5,2,0,0,0,0,1,5
3,1,9,0,18,0,5,0,0,3,10,1,1,2,2,52,8,1498,1,6,1,1,1,532690,188620,1,1,1,6,31,5,0,6,30,8,4,6,0,0,0,7,1,1,0,0,1,1,1,1,2,52,8,3,0,0,0,0,0,9,1,1
3,1,9,0,18,0,0,1,0,0,0,1,1,6,1,45,7,1598,1,8,1,2,7,404163,437658,13,7,2,5,200,4,6142,6,30,0,4,6,0,0,0,4,1,1,0,0,1,1,1,1,1,33,6,3,0,0,0,0,0,9,1,5
3,3,9,0,12,0,8,0,0,0,0,0,1,6,3,38,7,1598,1,8,1,1,3,438420,335550,30,3,1,2,323,3,52,3,60,5,4,3,52,0,0,1,7,2,0,0,2,2,1,1,1,33,6,3,0,0,0,0,0,9,1,5
3,3,9,0,2,0,0,0,0,0,0,3,1,6,3,29,6,1598,1,8,1,1,4,489799,177691,43,4,1,6,474,6,7402,6,30,0,4,6,0,0,0,1,1,1,0,0,1,1,1,1,1,33,6,3,0,0,0,0,0,9,1,5
3,1,9,0,18,0,4,0,0,0,0,1,1,6,1,26,6,1598,1,14,1,2,2,378890,407450,6,2,2,5,101,3,6053,1,30,2,4,5,0,0,0,4,1,2,0,0,1,1,1,1,1,26,6,3,0,0,0,0,0,9,1,2
3,1,9,0,5,0,0,0,0,0,0,1,1,1,1,60,9,1560,2,5,1,1,3,390500,263830,22,3,1,4,277,4,4065,6,30,0,4,6,0,0,0,1,1,2,0,0,2,1,1,1,1,33,6,3,0,0,0,0,0,9,1,5
3,2,9,0,2,0,1,0,0,0,0,1,1,1,1,38,7,1598,1,8,1,1,2,616703,215252,42,2,1,4,461,6,0,6,30,3,4,6,0,0,0,1,1,1,0,0,1,1,1,2,1,22,5,3,0,0,1,0,0,9,1,5
3,1,9,0,18,0,0,0,0,0,0,2,1,1,1,29,6,1999,1,13,1,1,3,428435,428631,13,3,1,4,204,3,653,3,70,0,4,6,0,0,0,1,1,1,0,0,2,1,1,1,1,33,6,3,0,0,0,0,0,9,1,5
2,1,9,0,18,0,0,0,0,0,0,1,1,2,1,22,5,1986,2,8,1,1,2,408488,285061,20,2,1,5,300,6,0,6,30,0,4,6,0,0,0,4,5,2,0,0,1,1,1,3,1,36,7,2,5,1,0,0,0,0,1,1
2,1,3,0,18,0,0,0,0,6,0,3,1,6,2,29,6,125,1,8,1,1,3,359746,172131,52,3,1,4,601,3,4,3,30,0,4,6,0,0,0,1,1,1,0,0,1,1,1,1,2,29,6,2,0,0,0,0,0,3,1,2
3,2,9,0,18,0,8,0,0,0,0,1,1,6,1,51,8,2902,2,7,1,1,2,370450,408430,6,2,1,5,100,6,0,6,30,6,4,6,0,0,0,1,1,1,0,0,1,1,1,1,1,33,6,3,0,0,0,0,0,9,1,5
3,1,9,0,18,0,1,0,0,0,0,1,1,6,1,28,6,2987,2,7,1,1,2,555460,173380,46,2,1,4,532,3,296,6,30,1,4,3,225,0,7,1,1,1,0,0,1,1,1,1,1,33,6,3,0,0,0,0,0,9,1,5
3,3,9,0,2,0,0,0,0,0,0,2,1,6,3,38,7,1598,1,8,1,1,3,335642,347739,60,3,1,6,725,3,525,6,30,0,4,6,0,0,0,4,1,1,0,0,2,1,1,1,1,33,6,3,0,0,0,0,0,9,1,5
3,2,9,0,18,0,1,0,0,0,0,1,1,6,1,59,9,1598,1,8,1,2,2,252881,662039,97,2,2,2,926,6,0,3,30,9,4,6,0,0,0,1,1,1,0,0,1,2,1,2,2,58,9,3,0,0,1,0,0,9,1,5
3,2,9,0,9,0,8,0,0,0,0,4,1,6,3,38,7,1368,1,8,1,1,2,528930,174480,1,2,1,3,9,3,24,6,30,3,4,6,0,0,0,1,2,2,0,0,1,2,1,1,1,33,6,3,0,0,0,0,0,9,1,5
3,1,9,0,7,0,5,0,0,0,0,1,1,6,3,38,7,1598,1,8,1,1,1,427316,433304,13,1,1,6,204,6,0,6,30,3,4,6,0,0,0,1,1,1,0,0,1,2,1,3,1,58,9,3,5,3,0,0,0,0,1,1
3,2,1,0,18,0,0,0,0,0,0,3,1,6,2,26,6,1598,1,8,1,1,2,531960,178930,1,2,1,5,8,3,3,3,30,0,4,6,0,0,0,1,1,1,0,0,1,1,1,1,2,26,6,3,0,0,0,0,0,1,1,4
3,1,9,0,6,8,0,0,0,0,0,2,1,6,1,85,11,1248,1,5,1,1,2,387052,287156,21,2,1,4,254,3,449,3,60,0,4,6,0,0,0,1,1,1,0,0,2,2,1,1,1,85,11,3,0,0,0,0,0,9,1,5
2,1,19,0,18,0,1,0,0,0,0,1,1,1,1,38,7,1998,2,11,1,1,1,535590,184710,1,1,1,4,4,4,113,2,30,6,2,4,113,0,5,1,1,1,0,0,1,1,1,3,1,11,3,2,4,1,0,0,2,0,1,2
3,1,9,0,18,0,4,0,0,0,0,3,1,6,1,38,7,1598,1,8,1,2,2,411530,287750,20,2,2,1,300,6,0,1,30,1,4,6,0,0,0,4,1,1,0,0,1,1,1,1,1,33,6,3,0,0,0,0,0,9,1,5
3,2,9,0,9,0,8,0,0,0,0,1,1,6,1,34,6,1598,1,11,1,1,2,534570,181310,1,2,1,1,5,3,13,6,30,6,2,4,108,0,5,4,1,1,0,0,1,1,1,1,1,33,6,3,0,0,0,0,0,9,1,5
3,1,9,0,4,0,1,0,0,0,0,1,1,6,1,38,7,1598,1,8,1,1,2,530450,173440,1,2,1,3,9,3,205,6,30,6,2,3,23,0,5,4,2,2,0,0,1,1,1,1,1,33,6,3,0,0,0,0,0,9,1,5
3,1,9,0,3,0,0,0,0,0,0,2,1,6,1,27,6,1596,1,10,2,2,2,434829,144002,44,2,2,6,501,6,0,6,30,0,4,6,0,0,0,1,1,1,0,0,2,2,2,2,2,24,5,3,0,0,1,0,0,9,2,8
3,1,21,0,18,0,0,0,0,0,0,2,1,1,1,52,8,2998,2,4,1,2,2,336181,153221,52,2,2,4,607,1,5,9,70,0,4,6,0,0,0,6,1,1,0,0,2,1,1,1,1,52,8,3,0,0,0,0,0,21,1,5
3,2,9,0,5,0,1,0,0,0,0,2,1,3,2,36,7,1596,1,12,1,5,2,562232,319489,36,2,5,6,407,3,148,6,30,3,2,6,0,0,4,1,1,1,0,0,1,2,2,2,2,31,6,3,0,0,1,0,0,9,1,8
2,2,9,0,18,0,0,0,0,0,0,3,1,6,1,28,6,1753,2,9,3,5,5,313761,834240,91,5,5,1,927,3,95,6,60,0,4,6,0,0,0,1,1,2,0,0,2,1,5,2,1,4,1,3,0,0,2,0,0,9,3,5
3,2,9,0,18,0,0,0,0,5,6,3,1,1,2,45,7,1360,1,8,1,1,2,432294,426758,13,2,1,4,204,1,1,3,70,0,4,6,0,0,0,1,1,1,0,0,2,1,1,1,2,45,7,3,0,0,0,0,0,9,1,2
3,1,1,0,18,0,6,0,0,0,0,1,1,6,1,47,8,1598,1,8,1,1,2,490806,410695,16,2,1,4,232,3,1029,3,40,6,2,6,0,0,4,1,1,2,0,0,2,1,1,1,1,47,8,3,0,0,0,0,0,1,1,5
3,1,9,0,18,0,2,0,0,0,0,4,1,6,2,24,5,1598,1,8,3,1,2,195190,215250,63,2,1,6,752,6,0,6,30,3,4,6,0,0,0,1,1,1,0,0,1,1,1,1,1,33,6,3,0,0,0,0,0,9,1,5
3,1,8,0,3,0,8,0,0,0,0,0,1,1,1,51,8,1686,2,7,1,1,2,410532,430158,13,2,1,5,200,3,644,6,30,6,2,6,0,0,0,1,1,1,0,0,1,1,1,1,1,33,6,3,0,0,0,0,0,9,1,5
3,3,9,0,2,0,1,0,0,0,0,1,1,6,3,38,7,1598,1,9,1,1,4,562382,178066,42,4,1,4,462,6,0,6,30,3,4,6,0,0,0,1,1,1,0,0,1,1,1,1,1,33,6,3,0,0,0,0,0,9,1,5
3,2,9,0,18,0,8,0,0,0,0,3,1,6,2,40,7,1598,1,8,1,1,2,265372,196801,62,2,1,2,745,6,0,6,30,6,4,6,0,0,0,1,1,1,0,0,1,1,2,1,2,40,7,3,0,0,0,0,0,9,1,5
2,3,9,0,18,0,0,0,0,0,0,1,1,6,1,51,8,1598,1,8,1,2,5,231232,378905,60,5,2,5,720,3,55,3,70,0,4,6,0,0,0,1,1,1,0,0,2,1,1,1,1,51,8,3,0,0,0,0,0,9,1,5
3,1,11,0,18,0,2,0,0,0,0,1,1,1,3,38,7,1598,1,8,1,1,1,537460,173590,1,1,1,7,7,3,205,3,30,3,2,6,0,0,5,4,1,1,0,0,1,2,1,3,2,78,11,3,4,1,0,0,2,0,1,1
3,1,9,0,9,0,1,0,0,1,0,1,1,6,3,38,7,1598,1,8,1,1,1,384910,255260,22,1,1,1,276,3,38,2,30,3,4,6,0,0,4,1,1,1,0,0,1,2,1,3,1,18,4,3,6,9,0,0,0,0,1,10
3,1,9,0,9,0,6,0,0,0,0,1,1,6,1,38,7,1598,1,8,2,1,2,464856,399705,14,2,1,1,211,6,0,6,40,6,2,6,0,0,0,1,1,1,0,0,2,1,1,1,1,33,6,3,0,0,0,0,0,9,1,5
3,1,9,0,16,0,2,1,0,1,0,1,1,2,1,19,4,1200,1,8,2,2,2,570060,157690,46,2,2,6,542,5,254,6,40,3,4,6,0,0,0,1,1,1,0,0,1,1,1,1,1,19,4,3,0,0,0,0,0,9,2,7
3,1,9,0,18,0,0,0,0,0,0,1,1,6,1,38,7,1995,2,5,1,1,1,535350,177220,1,1,1,5,7,3,2,6,30,0,4,6,0,0,0,1,1,2,0,0,1,1,1,3,2,25,5,3,5,2,0,0,2,0,1,5
3,2,9,0,4,0,1,0,0,0,0,4,1,6,1,70,10,2400,2,5,1,1,3,277728,699337,96,3,1,5,939,3,9,3,70,1,4,3,9,0,0,1,1,1,0,0,2,1,1,1,1,33,6,3,0,0,0,0,0,9,1,5
3,1,9,0,18,0,1,0,0,0,0,1,1,6,2,27,6,1240,1,12,1,1,2,437617,563448,10,2,1,5,149,6,3068,6,30,3,4,3,1018,0,0,1,1,1,0,0,1,2,1,1,1,33,6,3,0,0,0,0,0,9,1,5
3,2,9,0,2,0,0,0,0,0,0,4,1,6,1,31,6,1948,1,16,1,1,2,329821,390615,5,2,1,2,95,3,5088,6,30,0,4,6,0,0,0,1,1,1,0,0,1,1,1,1,1,33,6,3,0,0,0,0,0,9,1,5
3,1,9,0,18,0,0,0,10,0,0,1,1,6,3,38,7,1598,1,8,1,1,2,392870,294140,20,2,1,1,303,3,463,6,30,0,4,6,0,0,0,1,9,1,0,0,1,2,1,1,1,33,6,3,0,0,0,0,0,9,1,5
3,2,19,0,13,0,0,0,0,0,0,1,1,1,2,33,6,1753,2,4,1,3,3,618060,137160,46,3,3,5,539,1,20,3,70,0,4,6,0,0,0,1,2,2,0,0,2,1,1,1,1,33,6,3,0,0,0,0,0,9,1,5
3,2,9,0,16,0,0,0,10,0,0,1,1,6,1,24,5,2170,2,11,1,1,2,397200,308087,21,2,1,6,254,3,460,6,50,0,4,6,0,0,0,6,1,2,0,0,2,1,1,1,1,33,6,3,0,0,0,0,0,9,1,5
3,2,9,0,10,0,1,0,0,0,0,2,1,6,2,51,8,1998,1,7,2,1,2,238606,665804,97,2,1,3,935,3,761,9,30,9,4,6,0,0,0,1,2,2,0,0,2,2,1,1,2,51,8,3,0,0,0,0,0,9,2,5
2,2,1,0,18,0,0,0,8,0,0,1,1,6,2,38,7,1598,1,8,1,2,3,531080,183250,1,3,2,7,3,5,0,6,20,0,4,6,0,0,1,1,1,1,0,0,1,1,1,1,2,33,6,3,0,0,0,0,0,1,1,1
3,2,2,0,9,0,8,0,0,0,0,3,1,6,1,25,5,49,1,8,1,1,2,489356,169268,43,2,1,2,470,6,7007,6,30,8,4,6,0,0,0,5,1,2,0,0,2,2,1,1,1,25,5,3,0,0,0,0,0,2,1,4
3,1,9,0,5,0,1,0,0,0,0,2,1,2,1,51,8,1242,1,17,1,1,2,339904,371322,7,2,1,2,130,3,41,3,60,3,4,6,0,0,4,1,1,2,0,0,2,1,1,1,1,51,8,3,0,0,0,0,0,9,1,1
3,1,90,0,18,9,0,1,0,7,2,3,1,6,1,30,6,1598,1,8,1,2,1,420553,552225,11,1,2,1,169,6,0,9,20,0,4,6,0,0,0,1,1,1,0,0,2,1,2,2,2,6,2,3,0,0,0,0,0,90,1,2
3,2,3,0,13,0,8,0,0,0,0,4,1,1,1,26,6,124,1,3,1,1,2,498595,177162,43,2,1,5,474,4,376,6,30,8,4,6,0,0,0,1,1,2,0,0,2,1,1,1,1,26,6,3,0,0,0,0,0,3,1,4
3,2,9,0,18,0,0,0,0,0,0,1,1,3,2,44,7,1796,1,13,1,3,2,489927,195254,43,2,3,5,480,4,474,6,30,0,4,6,0,0,0,1,1,2,0,0,2,1,2,2,1,12,3,3,0,0,2,0,0,9,1,10
3,2,9,0,2,0,1,0,0,0,0,1,1,6,3,38,7,1998,1,9,1,3,3,495674,181805,43,3,3,3,473,6,7302,6,30,3,4,6,7302,0,0,4,2,2,0,0,1,1,1,1,1,33,6,3,0,0,0,0,0,9,1,5
3,2,1,0,18,0,1,0,0,0,0,1,1,6,1,12,3,1598,1,8,1,1,2,290768,92982,50,2,1,6,581,6,0,6,30,7,2,6,0,0,4,1,1,1,0,0,1,1,1,1,1,12,3,3,0,0,0,0,0,1,1,3
3,1,9,0,9,0,6,0,0,0,0,3,1,3,1,42,7,1968,2,4,3,1,2,438900,303232,33,2,1,4,361,5,6118,6,60,3,4,5,6104,0,0,6,1,1,0,0,2,1,1,1,1,33,6,3,0,0,0,0,0,9,1,5
3,1,9,0,18,0,3,0,0,0,0,3,1,6,2,28,6,1796,1,7,1,1,2,534457,343287,32,2,1,5,350,6,36,1,30,2,4,6,23,0,0,1,1,1,0,0,1,2,1,1,1,33,6,3,0,0,0,0,0,9,1,5
3,2,1,0,18,0,0,0,0,1,9,2,1,6,1,60,9,1598,1,8,2,1,2,472219,335375,31,2,1,2,347,6,0,6,60,0,4,6,0,0,0,1,1,2,0,0,2,1,1,1,1,60,9,3,0,0,0,0,0,1,2,10
3,1,9,0,18,0,1,0,0,0,0,3,1,2,1,26,6,1896,2,12,1,1,1,654694,292905,37,1,1,7,416,3,12,6,30,3,2,5,909,0,5,1,1,1,0,0,1,1,1,3,1,25,5,3,4,4,0,0,0,0,1,5
2,2,3,0,4,0,1,2,0,0,0,0,1,6,1,42,7,125,1,1,1,1,2,523990,156267,45,2,1,4,513,3,217,3,40,1,2,3,217,0,5,1,5,2,0,0,2,1,1,1,1,42,7,2,0,0,0,0,0,3,1,3
3,1,1,0,4,0,8,0,0,0,0,1,1,1,2,40,7,1598,1,8,1,1,2,441802,294057,33,2,1,2,361,6,6116,6,30,3,4,6,6119,0,0,1,1,2,0,0,1,2,1,1,2,40,7,3,0,0,0,0,0,1,1,6
2,2,5,0,18,0,1,1,0,0,0,1,1,6,1,56,9,1690,1,8,1,1,2,456159,401120,14,2,1,4,211,6,0,6,30,3,4,6,0,0,0,1,1,1,0,0,1,1,1,1,1,56,9,2,0,0,0,0,0,5,1,9
3,1,19,0,4,0,1,1,0,0,0,1,1,2,1,61,9,2998,2,3,3,1,2,487748,374346,32,2,1,3,356,3,57,6,60,8,4,6,0,0,0,1,1,1,0,0,2,1,1,1,1,33,6,3,0,0,0,0,0,9,1,5
3,1,1,0,9,0,1,0,0,0,0,0,1,1,1,22,5,1598,1,8,2,1,2,453513,469223,12,2,1,4,181,5,91,6,30,3,4,6,0,0,0,1,1,1,0,0,2,1,1,1,1,22,5,3,0,0,0,0,0,1,2,5