accident_severity,vehicle_reference,vehicle_type,towing_and_articulation,vehicle_manoeuvre,vehicle_location-restricted_lane,junction_location,skidding_and_overturning,hit_object_in_carriageway,vehicle_leaving_carriageway,hit_object_off_carriageway,1st_point_of_impact,was_vehicle_left_hand_drive?,journey_purpose_of_driver,sex_of_driver,age_of_driver,age_band_of_driver,engine_capacity_(cc),propulsion_code,age_of_vehicle,driver_home_area_type,NUmber_of_Casualities_unique_to_accident_index,No_of_Vehicles_involved_unique_to_accident_index,location_easting_osgr,location_northing_osgr,police_force,number_of_vehicles,number_of_casualties,day_of_week,local_authority_(district),1st_road_class,1st_road_number,road_type,speed_limit,junction_detail,junction_control,2nd_road_class,2nd_road_number,pedestrian_crossing-human_control,pedestrian_crossing-physical_facilities,light_conditions,weather_conditions,road_surface_conditions,special_conditions_at_site,carriageway_hazards,urban_or_rural_area,did_police_officer_attend_scene_of_accident,casualty_reference,casualty_class,sex_of_casualty,age_of_casualty,age_band_of_casualty,casualty_severity,pedestrian_location,pedestrian_movement,car_passenger,bus_or_coach_passenger,pedestrian_road_maintenance_worker,casualty_type,casualty_home_area_type,casualty_imd_decile
3,2,9,0,18,0,8,0,0,0,0,2,1,2,1,28,6,1390,1,4,1,1,2,525140,169920,1,2,1,5,22,3,238,6,30,3,2,4,285,0,5,4,1,1,0,0,1,1,1,1,1,28,6,3,0,0,0,0,0,9,1,10
3,2,9,0,18,0,2,0,0,0,0,1,1,6,1,38,7,1984,1,13,1,1,2,540420,183150,1,2,1,4,17,3,112,6,30,3,4,6,0,0,1,1,1,1,0,0,1,1,1,1,1,33,6,3,0,0,0,0,0,9,1,5
2,1,4,0,18,0,1,0,0,0,0,2,1,2,1,36,7,1598,1,8,1,1,2,318194,176641,62,2,1,7,741,3,470,3,30,3,4,6,0,0,8,1,1,1,0,0,2,1,1,1,1,36,7,2,0,0,0,0,0,4,1,5
3,2,9,0,18,0,8,0,0,7,2,4,1,6,2,28,6,998,1,12,1,2,2,462762,304648,33,2,2,7,364,6,2218,1,30,2,4,6,2671,0,8,4,1,1,0,0,1,1,2,1,2,28,6,3,0,0,0,0,0,9,1,5
2,2,9,0,16,0,8,0,0,0,0,1,1,2,2,56,9,1598,1,6,1,1,2,397419,270557,22,2,1,5,270,6,0,6,30,3,4,6,0,0,0,1,1,2,0,0,1,1,1,1,1,33,6,3,0,0,0,0,0,9,1,5
3,1,9,0,7,0,4,0,0,0,0,1,1,6,2,36,7,1997,2,1,1,1,2,379680,405660,6,2,1,5,101,5,0,1,30,2,4,3,667,0,0,1,1,1,0,0,1,1,1,1,1,33,6,3,0,0,0,0,0,9,1,5
2,2,1,0,17,0,1,5,0,0,0,1,1,6,2,29,6,1598,1,8,2,1,2,528540,270680,35,2,1,4,393,5,121,6,30,3,4,6,0,0,0,1,1,1,0,0,2,1,1,1,2,29,6,2,0,0,0,0,0,1,2,6
3,2,9,0,10,0,1,0,0,0,0,2,1,6,1,28,6,1896,2,10,1,1,2,461753,229462,43,2,1,2,481,3,4421,6,50,8,4,6,0,0,0,1,1,1,0,0,2,1,1,1,1,28,6,3,0,0,0,0,0,9,1,7
3,2,3,0,4,0,1,0,0,0,0,0,1,6,1,38,7,124,1,11,1,1,2,528120,178750,1,2,1,7,12,3,3217,6,30,3,4,3,3217,0,0,1,2,2,0,0,1,1,1,1,1,38,7,3,0,0,0,0,0,3,1,9
3,1,9,0,16,0,0,1,0,1,4,1,1,6,1,29,6,1596,1,5,2,1,1,351533,368543,7,1,1,7,130,3,54,3,70,0,4,6,0,0,0,1,2,2,0,0,2,1,1,1,1,29,6,3,0,0,0,0,0,9,2,9
2,1,9,0,12,0,0,2,10,4,0,3,1,6,2,36,7,1339,1,13,3,3,2,420916,133838,54,2,3,6,635,3,30,3,70,0,4,6,0,0,0,1,1,1,0,0,2,1,1,1,2,36,7,3,0,0,0,0,0,9,3,6
2,2,21,0,2,8,0,0,0,0,0,2,1,1,1,50,8,1598,1,8,2,1,2,392630,411600,6,2,1,5,106,1,62,3,70,0,4,6,0,0,0,1,6,3,0,0,2,1,1,1,1,33,6,3,0,0,0,0,0,9,1,5
3,1,21,0,18,0,2,0,10,3,11,1,1,1,1,65,9,9290,2,2,1,1,1,577003,285313,37,1,1,5,411,3,1065,6,30,3,4,6,0,0,0,1,1,1,0,0,2,1,1,1,1,65,9,3,0,0,0,0,0,21,1,2
3,1,9,0,16,0,1,0,0,0,0,1,1,6,1,53,8,1598,1,8,1,6,3,216002,65267,50,3,6,5,596,3,38,6,50,3,3,6,0,0,0,1,1,1,0,0,2,1,5,2,1,20,4,3,0,0,1,0,0,9,1,4
3,1,9,0,18,0,0,0,0,0,0,1,1,6,1,42,7,1968,2,5,1,1,2,530750,176050,1,2,1,1,9,3,203,6,30,0,4,6,0,0,0,4,1,1,0,0,1,1,1,1,1,42,7,3,0,0,0,0,0,9,1,5
2,1,9,0,2,0,0,0,0,0,0,3,1,6,1,19,4,1299,1,15,1,1,2,565950,172230,46,2,1,7,535,6,3532,6,30,0,4,6,0,0,0,1,4,1,0,0,1,1,1,1,1,33,6,3,0,0,0,0,0,9,1,5
3,1,8,0,18,0,1,0,0,0,0,1,1,6,1,46,8,1896,2,11,1,1,2,486781,105440,47,2,1,2,559,6,0,1,30,1,4,6,0,0,0,1,1,1,0,0,1,1,1,1,1,33,6,3,0,0,0,0,0,9,1,5
3,1,9,0,18,0,0,2,0,0,0,1,1,6,2,30,6,1598,1,8,3,2,1,525282,355247,32,1,2,2,351,5,836,6,60,0,4,6,0,0,0,6,1,2,0,0,2,1,1,1,2,30,6,3,0,0,0,0,0,9,3,7
3,1,9,0,18,0,8,0,0,0,0,1,1,6,1,40,7,1598,1,12,3,1,2,474383,258171,34,2,1,1,384,3,5076,1,40,1,4,3,5123,0,0,4,2,3,0,0,1,1,1,1,1,33,6,3,0,0,0,0,0,9,1,5
3,3,9,0,18,0,2,0,0,0,0,1,1,6,2,50,8,1299,1,11,1,1,3,453704,514703,17,3,1,1,243,5,114,6,30,3,4,6,0,0,0,1,1,1,0,0,1,1,1,1,2,50,8,3,0,0,0,0,0,9,1,7
3,1,9,0,7,0,6,0,0,0,0,2,1,6,1,45,7,1299,1,9,1,1,2,574778,167580,46,2,1,3,544,3,229,6,30,3,4,6,0,0,0,1,1,1,0,0,1,2,1,1,1,33,6,3,0,0,0,0,0,9,1,5
3,1,9,0,18,0,0,0,0,0,0,4,1,6,3,38,7,1600,1,13,1,1,1,637060,169580,46,1,1,4,541,6,4157,6,30,0,4,6,0,0,0,1,1,1,0,0,1,2,1,3,1,16,4,3,5,1,0,0,0,0,1,4
2,5,9,0,18,0,0,0,0,0,0,3,1,6,1,69,10,1796,1,4,1,1,6,236072,628737,97,6,1,5,937,3,79,3,70,0,4,6,0,0,0,1,1,1,0,0,1,1,1,1,1,33,6,3,0,0,0,0,0,9,1,5
3,2,20,0,16,0,8,0,0,0,0,4,1,1,1,38,7,1598,1,8,1,1,2,511470,176410,1,2,1,3,25,3,4,1,30,1,4,6,0,0,0,4,2,2,0,0,1,2,1,1,1,33,6,3,0,0,0,0,0,9,1,5
3,1,9,0,4,0,0,0,0,0,0,1,2,2,2,57,9,1422,2,6,1,2,3,440930,554842,10,3,2,6,150,3,1018,6,30,0,4,6,0,0,0,4,1,1,0,2,2,1,1,1,2,57,9,3,0,0,0,0,0,9,1,5
3,2,3,0,18,0,8,0,0,0,0,1,1,6,1,25,5,124,1,8,1,1,2,512667,196395,41,2,1,5,33,4,462,1,30,1,4,6,1256,0,8,1,1,2,0,0,1,1,1,1,1,25,5,3,0,0,0,0,0,3,1,8
3,1,9,0,9,0,8,0,0,0,0,4,1,6,1,36,7,1598,1,8,1,2,2,537360,177600,1,2,2,3,7,3,200,6,30,3,2,3,2209,0,5,1,1,1,0,0,1,1,1,1,1,33,6,3,0,0,0,0,0,9,1,5
3,1,9,0,12,0,0,0,0,0,0,1,1,1,1,40,7,1296,1,7,1,1,3,469866,169444,43,3,1,6,475,1,4,3,70,0,4,6,0,0,0,1,1,1,0,0,2,1,1,1,1,33,6,3,0,0,0,0,0,9,1,5
2,2,11,0,18,0,8,0,0,0,0,1,1,1,1,23,5,6700,2,4,1,10,2,335584,390665,5,2,10,1,91,6,0,6,30,7,2,6,0,0,5,1,2,2,0,0,1,1,6,2,1,69,10,3,0,0,0,4,0,11,1,1
3,3,9,0,3,0,0,0,0,0,0,2,1,6,1,29,6,1995,2,3,1,3,3,505445,205834,41,3,3,4,431,3,414,3,30,0,4,6,0,0,8,1,1,1,0,0,2,1,1,1,1,33,6,3,0,0,0,0,0,9,1,5
3,2,1,0,18,0,1,0,0,0,0,1,1,6,1,28,6,1598,1,8,1,1,2,395379,112093,55,2,1,2,642,3,354,6,60,3,4,6,0,0,0,1,1,1,0,0,2,2,1,1,1,28,6,3,0,0,0,0,0,1,3,9
3,2,19,0,18,0,1,0,0,0,0,2,1,1,1,38,7,1560,2,8,1,1,2,539290,184510,1,2,1,6,17,3,118,6,30,3,4,6,0,0,4,1,1,1,0,0,1,1,1,1,1,33,6,3,0,0,0,0,0,19,1,5
3,2,9,0,9,0,1,0,0,0,0,1,1,6,2,35,6,1794,1,9,1,1,2,530470,176730,1,2,1,5,9,3,203,6,30,6,2,5,0,0,5,1,1,1,0,0,1,1,1,1,1,33,6,3,0,0,0,0,0,9,1,5
2,2,9,0,3,0,1,0,0,0,0,2,1,6,1,36,7,1598,1,8,3,1,2,303190,228380,63,2,1,3,753,4,4601,1,40,1,4,3,40,0,0,1,1,1,0,0,2,1,1,1,1,33,6,3,0,0,0,0,0,9,1,5
3,1,8,0,14,0,0,0,0,0,0,1,1,2,1,43,7,1797,8,4,1,1,1,533560,184790,1,1,1,3,4,3,104,6,30,0,4,6,0,0,0,1,1,1,0,0,1,1,1,3,2,21,5,3,5,2,0,0,2,0,1,7
3,2,9,4,10,0,1,0,0,1,9,2,1,1,1,58,9,2982,2,4,3,1,3,439338,272124,23,3,1,6,292,3,423,6,60,6,4,6,0,0,0,1,1,1,0,0,2,1,1,1,1,33,6,3,0,0,0,0,0,9,1,5
2,1,9,0,16,0,0,5,0,7,2,1,1,6,1,37,7,1975,1,9,1,5,1,458485,306135,33,1,5,1,364,4,5327,6,30,0,4,6,0,0,0,1,1,1,0,0,2,1,4,2,1,25,5,2,0,0,2,0,0,9,1,5
3,2,9,0,9,0,8,0,0,0,0,3,1,6,1,38,7,1998,1,16,1,1,2,525030,184120,1,2,1,4,28,3,5,6,30,3,2,6,0,0,5,1,1,1,0,0,1,2,1,1,1,33,6,3,0,0,0,0,0,9,1,5
3,2,9,0,4,0,0,0,0,0,0,2,1,6,2,19,4,1598,1,3,1,1,3,388360,253870,22,3,1,1,277,1,5,3,70,0,4,6,0,0,0,1,1,1,0,0,2,1,1,1,1,33,6,3,0,0,0,0,0,9,1,5
3,1,9,0,7,0,6,0,0,0,0,1,1,6,1,55,8,1798,1,11,2,1,2,347670,463840,4,2,1,4,76,3,6,6,30,3,4,6,0,0,0,4,2,2,0,0,1,1,1,1,1,33,6,3,0,0,0,0,0,9,1,5
3,1,3,0,18,0,1,0,0,0,0,1,1,6,1,38,7,1598,1,8,1,1,2,530390,170320,1,2,1,5,9,3,23,6,30,3,4,6,0,0,0,1,1,1,0,0,1,2,1,1,1,33,6,3,0,0,0,0,0,3,1,5
3,1,9,0,18,0,8,0,0,0,0,1,1,6,1,37,7,1896,2,13,1,1,1,368060,430440,4,1,1,4,70,6,0,6,30,3,4,6,0,0,0,1,1,1,0,0,1,1,1,3,1,9,2,3,5,3,0,0,2,0,1,8
3,1,9,0,18,0,1,0,0,0,0,1,1,6,1,38,7,1686,2,10,1,1,2,388769,303386,21,2,1,6,254,6,144,6,30,3,4,5,40,0,0,1,1,1,0,0,2,2,1,1,1,33,6,3,0,0,0,0,0,9,1,5
3,2,9,0,3,0,0,0,0,0,0,2,1,6,2,38,7,1594,1,9,1,1,2,460779,307035,33,2,1,6,364,6,923,6,30,0,4,6,0,0,0,4,2,2,0,0,1,2,1,1,2,33,6,3,0,0,0,0,0,9,1,3
3,2,9,0,18,0,8,0,0,0,0,4,1,5,2,25,5,1299,1,12,1,1,2,421951,321252,21,2,1,5,251,3,5121,1,30,1,4,3,38,0,0,1,1,1,0,0,2,1,1,1,2,25,5,3,0,0,0,0,0,9,1,8
3,1,9,0,9,0,8,0,0,0,0,4,1,6,2,53,8,998,1,8,1,1,2,523880,174710,1,2,1,6,10,3,219,6,30,3,4,6,0,0,0,1,1,1,0,0,1,1,1,1,1,33,6,3,0,0,0,0,0,9,1,5
3,1,9,0,18,0,0,0,0,0,0,1,1,6,1,32,6,1598,1,11,1,1,1,409880,285650,20,1,1,5,300,6,0,6,30,0,4,6,0,0,0,1,1,1,0,0,1,2,1,3,2,9,2,3,5,1,0,0,0,0,1,1
3,1,9,0,18,0,0,0,0,0,0,1,1,6,1,39,7,1360,1,13,1,2,2,445260,363850,30,2,2,3,321,1,1,3,70,0,4,6,0,0,0,6,1,1,4,0,2,1,2,2,1,16,4,3,0,0,1,0,0,9,1,5
3,1,9,0,18,0,2,0,0,0,0,1,1,6,2,54,8,1995,1,5,2,1,1,464545,304154,33,1,1,7,363,3,47,6,40,3,2,5,3303,0,5,1,1,1,0,0,1,1,1,3,1,15,3,3,4,3,0,0,0,0,1,8
3,1,9,0,18,0,0,0,0,0,0,0,1,6,3,38,7,1598,1,8,1,2,4,327670,675050,95,4,2,1,923,6,0,6,30,0,4,6,0,0,0,4,1,1,0,0,1,1,1,1,1,33,6,3,0,0,0,0,0,9,1,5
3,1,9,0,9,0,1,0,0,0,0,1,1,6,1,27,6,1560,2,1,1,1,2,411147,420892,13,2,1,6,202,4,6114,6,30,3,4,6,0,0,0,1,1,1,0,0,1,2,1,1,1,33,6,3,0,0,0,0,0,9,1,5
2,1,5,0,16,0,8,0,0,8,7,1,1,6,1,23,5,690,1,8,1,1,1,520820,106719,47,1,1,6,557,3,27,7,70,1,4,3,283,0,0,1,1,1,0,0,2,1,1,1,1,23,5,2,0,0,0,0,0,5,1,6
3,1,9,0,18,0,1,0,0,0,0,1,2,1,2,37,7,1390,1,7,1,2,2,407542,96186,55,2,2,2,640,6,0,6,30,3,4,5,301,0,0,1,1,1,0,0,1,1,1,1,2,37,7,3,0,0,0,0,0,9,1,5
2,2,9,0,17,0,8,0,0,0,0,4,1,6,2,88,11,1363,2,12,1,2,2,260889,141130,50,2,2,4,582,3,39,6,60,3,4,6,0,0,0,1,1,1,0,0,2,1,1,1,2,88,11,2,0,0,0,0,0,9,1,5
3,1,1,0,4,0,2,5,0,0,0,0,1,6,1,55,8,1598,1,8,1,1,4,511019,141075,45,4,1,7,512,4,2127,6,40,3,4,6,0,0,0,1,1,1,0,0,2,1,1,1,1,55,8,3,0,0,0,0,0,1,1,5
3,2,9,0,18,0,0,0,0,0,0,1,1,6,1,82,11,1598,1,8,1,2,3,491286,188911,43,3,2,2,480,3,4094,6,30,0,4,6,0,0,0,1,1,2,0,0,1,1,1,1,1,82,11,3,0,0,0,0,0,9,1,5
2,1,97,0,13,0,0,2,0,1,11,3,1,6,1,48,8,675,1,5,3,1,2,388370,814058,92,2,1,5,910,6,0,6,60,0,4,6,0,0,0,1,1,1,0,0,2,1,1,1,1,48,8,2,0,0,0,0,0,97,3,5
3,2,9,0,3,0,1,0,0,0,0,2,1,1,1,38,7,1598,1,8,1,1,3,302061,377807,60,3,1,6,723,6,0,6,30,3,4,6,0,0,0,1,1,1,4,0,2,1,1,1,1,38,7,3,0,0,0,0,0,9,1,5
3,1,9,0,13,0,0,0,0,0,0,4,1,6,2,58,9,1997,1,7,2,1,2,343621,154713,52,2,1,6,607,3,371,6,60,0,4,6,0,0,0,1,1,1,0,0,2,2,1,1,1,33,6,3,0,0,0,0,0,9,1,5
2,1,1,0,16,0,0,1,0,0,0,0,1,6,1,42,7,1598,1,8,2,1,2,556819,126496,47,2,1,7,556,6,0,6,60,0,4,6,0,0,0,1,1,1,0,0,2,1,1,1,1,42,7,2,0,0,0,0,0,1,2,5
3,1,19,0,16,0,0,0,0,7,0,1,1,1,1,23,5,1998,2,9,1,3,1,605359,263278,37,1,3,2,413,4,1113,6,60,0,4,6,0,0,0,1,2,2,0,0,2,1,2,2,1,34,6,3,0,0,0,0,0,19,1,1
3,2,9,0,2,0,0,0,0,0,0,2,1,6,3,38,7,1994,2,5,1,1,2,331398,392297,5,2,1,1,95,6,0,6,30,0,4,6,0,0,0,4,4,1,0,0,1,1,1,1,1,33,6,3,0,0,0,0,0,9,1,5
2,1,9,0,18,0,0,0,0,0,0,1,1,6,2,34,6,1388,1,12,1,2,2,255825,147731,50,2,2,2,582,3,399,6,60,0,4,6,0,0,0,1,1,1,0,0,2,1,1,1,2,34,6,2,0,0,0,0,0,9,1,2
3,2,9,0,5,0,1,0,0,0,0,2,1,6,2,39,7,1679,1,17,1,1,2,391280,300420,20,2,1,1,309,3,449,3,40,1,4,6,0,0,8,1,1,1,0,0,1,1,1,1,2,39,7,3,0,0,0,0,0,9,1,2
3,2,9,0,7,0,5,0,0,0,0,4,1,6,3,38,7,1598,1,8,1,1,2,384813,219191,53,2,1,4,623,4,4063,6,30,3,4,6,4053,0,0,1,1,1,0,0,1,1,1,1,1,33,6,3,0,0,0,0,0,9,1,5
3,1,2,0,17,0,0,1,0,0,0,1,1,2,1,39,7,50,1,3,1,1,2,371762,243953,22,2,1,5,285,6,0,6,60,0,4,6,0,0,0,1,1,2,0,0,2,1,1,1,1,39,7,3,0,0,0,0,0,2,1,5
3,2,9,0,18,0,1,0,0,0,0,3,1,1,1,59,9,2494,2,11,1,1,3,406458,91554,55,3,1,5,643,5,1,6,30,3,4,6,0,0,0,1,1,1,0,0,1,1,1,1,1,33,6,3,0,0,0,0,0,9,1,5
3,1,9,0,2,0,2,0,8,0,0,3,1,6,2,33,6,1298,1,13,1,1,2,411600,283100,20,2,1,3,300,6,0,6,30,6,4,4,4146,0,0,1,1,1,0,0,1,1,1,1,1,33,6,3,0,0,0,0,0,9,1,5
3,1,9,0,9,0,5,0,0,0,0,3,1,6,1,40,7,2993,2,10,1,2,2,564450,174030,46,2,2,1,535,4,262,6,30,3,4,6,0,0,1,1,1,1,0,0,1,1,1,1,1,40,7,3,0,0,0,0,0,9,1,4
3,2,9,0,18,0,8,0,0,0,0,1,1,6,1,51,8,1246,1,10,1,1,3,513690,172970,1,3,1,6,24,4,358,3,30,6,2,5,0,0,5,1,1,1,0,0,1,1,1,1,1,33,6,3,0,0,0,0,0,9,1,5
3,2,9,0,10,0,0,0,4,0,0,1,1,2,1,22,5,1988,1,14,1,1,2,513950,176490,1,2,1,6,25,6,0,6,30,0,4,6,0,0,0,1,1,1,0,0,1,1,1,1,1,22,5,3,0,0,0,0,0,9,1,6
2,1,2,0,18,0,0,0,0,0,0,3,1,6,1,36,7,1598,1,8,1,1,2,341640,409330,4,2,1,5,84,6,0,6,20,0,4,6,0,0,0,1,1,1,0,0,1,1,1,1,1,36,7,2,0,0,0,0,0,2,1,8
3,1,9,0,4,0,0,0,0,0,0,0,1,6,1,36,7,1198,1,7,1,1,2,258419,661396,97,2,1,7,926,4,766,6,30,0,4,6,0,0,0,1,1,1,0,0,1,2,1,1,1,33,6,3,0,0,0,0,0,9,1,5
3,2,9,0,9,8,0,1,0,0,0,1,1,6,1,57,9,1997,2,4,3,2,2,235511,665802,97,2,2,3,935,4,786,6,60,0,4,6,0,0,0,1,6,3,0,0,2,1,1,1,1,57,9,3,0,0,0,0,0,9,3,5
3,1,9,0,17,0,0,2,0,1,11,3,1,6,1,18,4,1598,1,8,1,2,1,299534,376299,60,1,2,7,723,6,0,6,60,0,4,6,0,0,0,1,2,5,0,0,2,1,2,2,1,16,4,3,0,0,1,0,0,9,1,5
3,1,11,0,18,0,1,0,0,0,0,0,1,1,1,48,8,6700,2,3,1,3,1,532980,188350,1,1,3,6,31,3,503,6,30,3,4,6,0,0,0,4,1,1,0,0,1,1,2,2,1,1,1,3,0,0,0,4,0,11,1,3
3,2,9,0,18,0,0,0,0,0,0,1,1,6,2,23,5,1390,1,2,1,2,2,517171,147619,45,2,2,4,512,3,24,6,50,0,4,6,0,0,0,1,1,2,4,0,1,1,2,1,2,23,5,3,0,0,0,0,0,9,1,6
3,1,9,0,4,0,0,0,0,0,0,1,1,6,1,28,6,1242,1,14,1,1,2,432931,419643,13,2,1,5,206,3,636,6,30,0,4,6,0,0,0,1,1,1,0,0,1,1,1,1,1,33,6,3,0,0,0,0,0,9,1,5
2,1,9,0,4,0,8,0,0,0,0,2,1,6,2,37,7,1598,1,12,3,1,2,388880,418980,4,2,1,6,82,6,0,6,30,9,4,6,0,0,0,1,1,1,0,0,1,1,1,1,2,37,7,2,0,0,0,0,0,9,3,4
3,2,9,0,17,0,1,0,0,0,0,1,1,6,2,54,8,1753,2,7,1,2,2,239903,62833,50,2,2,5,596,3,388,6,60,3,4,6,0,0,0,1,2,2,0,0,2,1,2,1,2,54,8,3,0,0,0,0,0,9,1,8
3,2,1,0,18,5,0,0,0,0,0,1,1,6,1,36,7,1598,1,8,2,1,2,403845,412234,13,2,1,5,203,6,0,6,30,0,4,6,0,0,0,1,1,1,0,0,2,2,1,1,1,36,7,3,0,0,0,0,0,1,2,3
2,1,4,0,18,0,0,1,0,0,0,1,1,6,1,16,4,1598,1,8,1,1,2,433351,390983,14,2,1,6,215,3,6102,6,30,0,4,6,0,0,8,1,1,1,0,0,1,1,1,1,1,16,4,2,0,0,0,0,0,4,1,1
3,3,9,0,3,0,0,0,0,0,0,2,1,2,2,43,7,2400,2,1,1,2,3,253203,661469,97,3,2,5,926,4,762,3,30,0,4,6,0,0,0,1,2,2,0,0,1,1,1,1,1,33,6,3,0,0,0,0,0,9,1,5
1,3,1,0,18,0,0,0,0,0,0,3,1,6,1,16,4,1598,1,8,1,2,5,407396,454418,12,5,2,1,180,4,6160,6,60,0,4,6,0,0,0,1,1,2,0,0,2,1,2,1,1,16,4,3,0,0,0,0,0,1,1,5
3,2,1,0,18,0,1,0,0,0,0,1,1,6,1,10,2,1598,1,8,2,1,2,370054,157008,52,2,1,6,611,6,0,6,20,3,4,6,0,0,0,1,1,1,0,0,2,2,1,1,1,10,2,3,0,0,0,0,0,1,2,4
2,1,9,0,18,0,0,0,0,0,0,0,1,6,1,83,11,1997,2,10,1,2,1,474110,318245,33,1,2,6,365,3,607,6,40,0,4,6,0,0,0,1,1,1,0,0,2,1,2,2,2,81,11,2,0,0,1,0,0,9,1,5
3,2,9,0,18,0,2,0,0,0,0,4,1,6,2,21,5,1149,1,8,1,1,2,428598,432796,13,2,1,5,204,3,643,3,40,5,4,6,0,0,7,1,1,1,0,0,1,1,1,1,2,21,5,3,0,0,0,0,0,9,1,7
3,2,1,0,18,0,0,0,0,0,0,3,1,6,2,39,7,1598,1,8,2,1,2,498368,174810,43,2,1,4,474,3,308,6,30,0,4,6,0,0,4,1,1,1,0,0,1,1,1,1,2,39,7,3,0,0,0,0,0,1,2,10
3,1,9,0,18,0,8,0,0,0,0,2,1,6,2,26,6,1596,1,13,1,1,2,531880,169310,1,2,1,5,20,4,273,6,30,3,2,5,0,0,5,1,1,1,0,0,1,1,1,2,2,41,7,3,0,0,1,0,0,9,1,6
3,1,11,0,7,0,2,0,10,1,2,1,1,1,1,55,8,4500,2,6,1,2,1,530990,190390,1,1,2,5,31,5,0,6,30,6,2,3,105,0,5,1,1,1,0,0,1,1,1,2,2,47,8,3,0,0,0,4,0,11,1,6
3,1,9,0,5,0,0,0,0,1,11,2,1,6,2,39,7,1910,2,8,2,1,2,449157,413446,13,2,1,7,206,6,0,6,30,0,4,6,0,0,0,1,1,1,0,0,2,1,1,1,2,39,7,3,0,0,0,0,0,9,2,2
3,2,9,0,3,0,1,0,0,0,0,2,1,6,1,35,6,1246,1,9,1,2,2,624620,243925,37,2,2,1,415,3,12,1,60,1,4,5,322,0,0,1,1,1,0,0,2,1,2,2,2,35,6,3,0,0,2,0,0,9,1,5
2,2,1,0,18,4,8,0,0,0,0,3,1,6,1,29,6,1598,1,8,1,1,2,454970,106293,44,2,1,1,492,6,0,6,30,3,4,6,0,0,0,1,1,1,0,0,1,1,1,1,1,29,6,2,0,0,0,0,0,1,1,5
3,3,9,0,3,0,8,0,0,0,0,2,1,6,1,47,8,1910,2,5,1,2,3,457955,339591,31,3,2,2,346,3,6008,2,30,3,4,6,0,0,0,1,1,2,0,0,1,1,2,2,2,55,8,3,0,0,1,0,0,9,1,7
3,1,9,0,3,0,0,0,0,0,0,2,1,1,1,41,7,1910,2,7,1,2,2,518570,182560,1,2,2,5,27,3,40,3,50,0,4,6,0,0,5,1,1,1,0,0,1,1,1,1,1,41,7,3,0,0,0,0,0,9,1,5
3,2,9,0,7,0,6,0,0,0,0,1,1,2,2,37,7,2000,2,5,1,1,2,497331,179982,43,2,1,6,473,3,4,3,30,3,4,6,7302,0,5,1,1,1,0,0,1,1,1,1,1,33,6,3,0,0,0,0,0,9,1,5
3,1,9,0,18,0,2,0,0,0,0,4,1,6,1,37,7,1796,1,4,1,1,2,532420,177780,1,2,1,3,8,3,215,6,30,6,4,6,0,0,0,1,2,2,0,0,1,1,1,1,1,33,6,3,0,0,0,0,0,9,1,5
3,1,9,0,5,0,6,0,0,0,0,0,1,6,1,69,10,2497,2,8,3,1,2,406040,245490,22,2,1,5,277,4,4510,6,30,6,4,6,0,0,0,1,1,1,0,0,2,1,1,1,1,33,6,3,0,0,0,0,0,9,1,5
2,1,9,0,17,0,0,1,0,1,4,1,1,2,2,23,5,1587,1,10,1,1,1,448183,393718,14,1,1,3,213,6,0,6,40,0,4,6,0,0,0,4,5,2,0,0,2,1,1,1,2,23,5,2,0,0,0,0,0,9,1,8
3,2,3,0,17,0,0,0,0,1,11,1,1,6,1,22,5,124,1,6,1,1,2,452478,337003,31,2,1,3,342,6,0,6,30,0,4,6,0,0,0,1,1,1,0,0,1,2,1,1,1,22,5,3,0,0,0,0,0,3,1,10
3,1,9,0,9,0,2,0,0,0,0,1,1,6,2,20,4,1598,1,10,1,1,2,534230,194050,1,2,1,5,32,6,0,6,30,3,4,6,0,0,0,4,1,1,0,0,1,1,1,2,2,19,4,3,0,0,1,0,0,9,1,3
3,1,17,0,18,0,0,0,0,0,0,1,1,1,1,41,7,3900,9,8,2,1,2,413872,185733,54,2,1,5,633,4,4006,6,30,0,4,6,0,0,0,1,2,2,4,0,1,2,1,1,1,33,6,3,0,0,0,0,0,9,1,5
3,1,9,0,18,0,1,0,0,0,0,4,1,6,1,21,5,1199,1,12,1,1,1,538340,165790,1,1,1,3,19,5,0,6,30,3,4,6,0,0,0,4,1,2,0,0,1,1,1,1,1,21,5,3,0,0,0,0,0,9,1,7
3,2,9,0,9,0,8,0,0,0,0,4,1,6,2,33,6,1598,1,2,1,2,2,542680,185890,1,2,2,6,17,3,118,6,30,3,4,6,0,0,0,4,1,1,0,0,1,1,2,1,2,33,6,3,0,0,0,0,0,9,1,7
3,1,9,0,16,0,0,0,0,0,0,1,1,6,1,68,10,1598,1,8,1,1,2,242227,685841,97,2,1,3,916,3,811,6,50,0,4,6,0,0,0,1,1,1,0,0,2,1,1,1,1,33,6,3,0,0,0,0,0,9,1,5
2,1,9,0,18,0,3,1,0,0,0,1,1,6,2,25,5,1360,1,13,1,2,2,518688,228335,41,2,2,7,433,3,602,6,30,1,4,3,602,0,0,4,9,2,0,0,1,1,2,2,1,25,5,3,0,0,1,0,0,9,1,10