accident_severity,vehicle_reference,vehicle_type,towing_and_articulation,vehicle_manoeuvre,vehicle_location-restricted_lane,junction_location,skidding_and_overturning,hit_object_in_carriageway,vehicle_leaving_carriageway,hit_object_off_carriageway,1st_point_of_impact,was_vehicle_left_hand_drive?,journey_purpose_of_driver,sex_of_driver,age_of_driver,age_band_of_driver,engine_capacity_(cc),propulsion_code,age_of_vehicle,driver_home_area_type,NUmber_of_Casualities_unique_to_accident_index,No_of_Vehicles_involved_unique_to_accident_index,location_easting_osgr,location_northing_osgr,police_force,number_of_vehicles,number_of_casualties,day_of_week,local_authority_(district),1st_road_class,1st_road_number,road_type,speed_limit,junction_detail,junction_control,2nd_road_class,2nd_road_number,pedestrian_crossing-human_control,pedestrian_crossing-physical_facilities,light_conditions,weather_conditions,road_surface_conditions,special_conditions_at_site,carriageway_hazards,urban_or_rural_area,did_police_officer_attend_scene_of_accident,casualty_reference,casualty_class,sex_of_casualty,age_of_casualty,age_band_of_casualty,casualty_severity,pedestrian_location,pedestrian_movement,car_passenger,bus_or_coach_passenger,pedestrian_road_maintenance_worker,casualty_type,casualty_home_area_type,casualty_imd_decile
3,1,9,0,9,0,5,0,0,0,0,1,1,6,1,25,5,1364,2,2,1,1,1,500944,159309,45,1,1,5,518,3,320,6,40,3,4,6,0,0,0,4,1,1,0,0,2,1,1,3,1,52,8,3,5,3,0,0,0,0,1,9
3,2,1,0,18,0,8,0,0,0,0,4,1,6,1,35,6,1598,1,8,1,1,2,514571,160577,45,2,1,2,510,3,244,6,30,3,4,6,0,0,0,1,1,2,0,0,1,1,1,1,1,35,6,3,0,0,0,0,0,1,1,6
2,1,9,0,9,0,5,0,0,0,0,4,1,6,2,73,10,1598,1,8,1,1,2,316499,177352,62,2,1,7,741,3,4119,6,30,3,4,6,0,0,0,1,1,1,0,0,2,1,1,1,1,33,6,3,0,0,0,0,0,9,1,5
3,2,9,0,18,0,0,0,0,0,0,1,1,6,1,59,9,1796,1,12,1,2,2,491247,232440,43,2,2,1,479,5,20,6,60,0,4,6,0,0,0,1,1,1,0,0,2,1,2,1,1,59,9,3,0,0,0,0,0,9,1,5
3,1,9,0,17,0,0,0,0,0,0,1,1,5,1,35,6,1598,1,12,1,1,2,408019,273186,23,2,1,4,293,6,0,6,60,0,4,6,0,0,0,1,1,1,0,0,2,1,1,1,1,33,6,3,0,0,0,0,0,9,1,5
3,2,9,0,18,0,8,0,0,0,0,1,1,6,1,25,5,1896,2,15,1,2,2,530430,173470,1,2,2,7,9,3,23,3,30,6,2,3,205,0,5,4,1,2,0,0,1,1,2,1,1,25,5,3,0,0,0,0,0,9,1,1
3,2,9,0,18,0,0,0,0,0,0,3,1,6,1,25,5,1461,2,1,1,4,4,545660,183450,1,4,4,2,16,3,13,3,50,0,4,6,0,0,0,4,1,1,0,0,1,1,1,1,1,25,5,3,0,0,0,0,0,9,1,5
3,1,9,0,18,0,8,0,0,0,0,1,1,6,3,38,7,1598,1,13,1,1,2,430201,438774,13,2,1,7,204,4,6157,6,30,3,4,6,0,0,0,1,1,1,0,6,1,1,1,1,1,33,6,3,0,0,0,0,0,9,1,5
3,1,9,0,18,0,1,0,0,0,0,1,1,6,2,25,5,1995,2,3,2,2,3,362914,156863,52,3,2,7,611,3,37,6,30,9,2,3,39,0,0,1,1,1,0,0,2,1,1,1,2,25,5,3,0,0,0,0,0,9,2,9
3,2,9,0,18,0,1,1,0,0,0,1,1,6,2,78,11,1598,1,8,1,2,2,328864,195955,61,2,2,7,733,6,0,6,30,9,4,6,0,0,0,1,1,1,0,0,1,1,1,1,2,78,11,3,0,0,0,0,0,9,1,5
3,2,1,0,18,0,1,0,0,0,0,1,1,2,1,27,6,1598,1,8,1,1,2,310760,291550,63,2,1,1,753,6,0,6,30,3,4,4,4568,0,1,1,1,1,0,0,1,2,1,1,1,27,6,3,0,0,0,0,0,1,1,5
3,2,9,0,18,0,0,0,0,0,0,4,1,6,2,33,6,1896,2,7,3,6,2,238939,65337,50,2,6,4,596,3,388,6,30,0,4,6,0,0,0,1,1,2,0,0,2,1,4,2,2,9,2,3,0,0,2,0,0,9,3,5
2,1,19,0,18,0,0,0,0,0,0,1,1,1,1,35,6,2198,2,6,1,1,2,384254,158616,54,2,1,2,635,3,363,6,40,0,4,6,0,0,0,1,1,1,0,7,1,1,1,1,1,33,6,3,0,0,0,0,0,9,1,5
3,1,9,0,7,0,5,0,0,0,0,3,1,6,1,51,8,1598,1,8,1,2,1,444494,398968,14,1,2,4,213,6,0,6,30,3,4,3,6022,0,1,1,1,1,0,0,1,2,1,3,1,6,2,3,10,1,0,0,0,0,1,2
3,1,9,0,18,0,8,0,0,0,0,1,1,6,1,49,8,1896,2,15,2,2,1,472699,258799,34,1,2,7,384,5,202,1,60,1,2,3,5076,0,0,4,1,1,0,0,1,1,1,1,1,49,8,3,0,0,0,0,0,9,2,10
3,2,9,0,18,0,3,0,0,0,0,4,1,6,2,30,6,1968,2,1,3,1,2,446711,241731,43,2,1,5,481,3,422,1,60,1,4,6,0,0,0,1,1,1,0,0,1,1,1,1,2,30,6,3,0,0,0,0,0,9,3,7
3,1,9,0,18,0,4,0,0,0,0,3,1,2,1,21,5,1389,1,11,1,2,2,365978,389135,7,2,2,4,128,3,57,3,40,1,4,4,5120,0,0,1,1,2,0,0,2,1,2,1,1,21,5,3,0,0,0,0,0,9,1,2
3,1,9,0,18,0,2,0,0,0,0,1,1,6,3,38,7,1598,1,8,1,1,2,400634,161005,54,2,1,1,635,3,360,6,30,2,4,3,360,0,0,1,1,1,0,0,1,2,1,1,1,33,6,3,0,0,0,0,0,9,1,5
3,1,9,0,18,0,1,0,0,0,0,4,1,2,2,58,9,1124,1,16,1,1,1,401410,394910,30,1,1,2,325,3,57,6,30,3,2,6,0,0,0,1,1,1,0,0,1,1,1,3,1,27,6,3,5,1,0,0,0,0,1,1
3,1,9,0,17,0,0,0,0,0,0,2,1,6,2,45,7,1390,1,10,1,1,1,282602,689823,96,1,1,5,939,4,9124,6,60,0,4,6,0,0,0,1,1,1,0,0,2,1,1,1,2,45,7,3,0,0,0,0,0,9,1,5
3,2,9,0,18,0,8,0,0,0,0,1,1,6,1,32,6,1995,2,2,1,1,2,541230,173760,1,2,1,2,6,3,20,3,30,3,4,6,0,0,0,4,1,1,0,0,1,1,1,1,1,33,6,3,0,0,0,0,0,9,1,5
3,2,9,0,18,0,0,0,0,0,0,3,1,6,2,52,8,1598,1,3,1,1,2,529130,157660,1,2,1,4,20,3,23,6,30,0,4,6,0,0,0,1,1,2,0,0,1,1,1,1,2,52,8,3,0,0,0,0,0,9,1,9
3,1,19,0,16,0,0,0,0,1,11,1,1,1,1,27,6,1248,2,4,2,1,1,457723,79920,44,1,1,5,505,3,3055,6,60,0,4,6,0,0,0,6,1,1,0,0,2,1,1,1,1,27,6,3,0,0,0,0,0,19,2,4
3,1,9,0,18,0,0,0,0,0,0,1,1,1,2,50,8,1398,2,13,1,1,2,340519,394174,5,2,1,3,91,6,0,6,30,0,4,6,0,0,0,1,1,1,0,0,2,2,1,1,1,33,6,3,0,0,0,0,0,9,1,5
3,2,9,0,16,0,1,1,0,0,0,1,1,6,1,54,8,1124,1,12,3,1,2,323844,953653,91,2,1,6,927,4,870,6,60,9,4,6,0,0,0,1,1,1,0,0,2,1,1,1,1,54,8,3,0,0,0,0,0,9,3,5
3,1,9,0,18,0,1,0,0,0,0,4,1,6,2,38,7,1896,2,11,1,1,1,630860,164720,46,1,1,3,541,6,0,6,30,6,4,6,0,0,0,1,4,2,0,0,2,2,1,3,1,8,2,3,5,2,0,0,0,0,2,6
3,1,9,0,3,0,8,0,0,0,0,2,1,1,2,28,6,1995,1,10,1,2,2,512630,183940,1,2,2,6,27,3,312,1,30,1,2,3,40,0,5,4,2,2,0,0,1,2,2,2,2,26,6,3,0,0,1,0,0,9,1,5
3,1,9,0,18,2,1,0,0,0,0,1,1,6,3,38,7,1598,1,8,1,1,1,530990,191980,1,1,1,4,32,3,105,6,30,3,4,6,0,0,0,4,5,2,0,0,1,1,1,3,2,14,3,3,5,3,0,0,2,0,1,2
3,2,90,0,18,0,1,0,0,0,0,3,1,6,1,23,5,1598,1,8,1,1,2,523240,184650,1,2,1,2,28,3,4003,6,30,3,4,3,407,0,5,4,1,1,0,0,1,1,1,1,1,23,5,3,0,0,0,0,0,90,1,5
3,2,20,0,2,2,0,0,0,0,0,3,1,6,1,35,6,1598,1,8,1,1,2,357552,174451,52,2,1,6,601,3,4018,6,20,0,4,6,0,0,0,1,1,1,0,0,1,2,1,1,1,33,6,3,0,0,0,0,0,9,1,5
3,1,9,0,13,0,0,0,0,0,0,4,1,6,1,42,7,3189,1,8,1,1,2,492745,224764,40,2,1,4,424,5,238,6,30,0,4,6,0,0,0,1,1,2,0,0,1,1,1,1,1,33,6,3,0,0,0,0,0,9,1,5
3,2,9,0,18,0,2,0,0,0,0,3,1,6,1,43,7,1895,1,14,1,2,2,431493,563487,10,2,2,2,149,6,3074,6,30,3,4,6,3074,0,0,1,1,1,0,0,1,1,2,1,1,43,7,3,0,0,0,0,0,9,1,2
3,1,9,0,1,0,8,0,0,0,0,3,1,6,1,28,6,1596,1,13,1,1,1,527450,193660,1,1,1,6,30,6,0,6,30,8,4,6,0,0,0,4,1,1,0,0,1,1,1,3,2,27,6,3,9,9,0,0,2,0,1,5
2,2,1,0,18,0,8,0,0,0,0,1,1,2,2,23,5,1598,1,8,1,1,2,532023,105578,47,2,1,6,565,3,270,6,20,3,4,6,0,0,4,1,1,1,0,0,1,1,1,1,2,23,5,2,0,0,0,0,0,1,1,3
3,2,9,4,18,0,8,0,0,0,0,1,1,6,1,57,9,1956,2,2,1,2,2,342720,463470,4,2,2,6,76,6,0,6,30,6,2,6,0,0,0,1,1,1,0,0,1,1,1,1,1,33,6,3,0,0,0,0,0,9,1,5
2,2,3,0,18,0,0,1,0,0,0,1,1,6,1,20,4,1598,1,8,1,1,2,528490,169390,1,2,1,5,22,5,0,6,30,0,4,6,0,0,0,1,1,2,0,0,1,1,1,1,1,20,4,2,0,0,0,0,0,3,1,5
3,2,9,0,5,0,1,0,0,0,0,3,1,6,1,20,4,1149,1,14,1,1,3,409329,91129,55,3,1,4,640,6,0,6,30,1,4,4,3066,0,0,1,1,1,0,0,1,1,1,1,1,33,6,3,0,0,0,0,0,9,1,5
3,1,19,0,11,0,0,0,0,0,0,4,1,1,1,46,8,1686,2,2,1,1,2,513399,203766,41,2,1,2,434,3,405,3,70,0,4,6,0,0,0,1,1,1,0,0,1,1,1,1,1,33,6,3,0,0,0,0,0,9,1,5
3,1,9,0,16,0,0,0,0,0,0,1,1,3,2,42,7,2521,1,7,1,2,2,433300,319990,30,2,2,5,328,5,84,6,60,0,4,6,0,0,0,1,1,1,0,0,2,1,1,1,2,42,7,3,0,0,0,0,0,9,1,8
3,1,9,0,16,0,2,1,11,0,0,3,1,2,2,21,5,1598,1,12,1,1,2,386498,110907,55,2,1,3,642,3,354,6,60,3,4,6,0,0,0,1,1,2,0,2,2,1,1,1,2,21,5,3,0,0,0,0,0,9,1,7
3,2,3,0,4,0,1,0,0,0,0,1,1,6,1,21,5,124,1,2,1,1,2,416793,185256,54,2,1,3,633,3,4312,3,40,3,2,6,0,0,5,1,1,1,0,0,1,1,1,1,1,21,5,3,0,0,0,0,0,3,1,3
3,1,9,0,18,0,0,0,0,0,0,1,1,6,2,40,7,1598,1,8,1,1,3,330750,367362,60,3,1,3,724,3,494,3,50,0,4,6,0,0,0,1,1,1,0,0,1,1,1,1,1,33,6,3,0,0,0,0,0,9,1,5
3,1,4,0,13,0,8,0,0,0,0,1,1,6,1,17,4,124,1,16,1,3,2,528700,163540,1,2,3,4,21,4,271,6,30,6,4,6,0,0,0,4,1,1,0,0,1,1,1,1,1,17,4,3,0,0,0,0,0,4,1,3
3,1,9,0,18,0,1,1,0,7,2,1,1,6,1,45,7,1596,1,9,1,1,2,349584,395839,5,2,1,3,92,6,0,6,30,3,4,6,0,0,0,1,1,1,0,0,1,1,1,1,1,45,7,3,0,0,0,0,0,9,1,2
3,2,1,0,18,0,8,0,0,0,0,4,1,6,1,66,10,1598,1,8,1,1,2,488189,412003,16,2,1,6,232,6,0,6,30,3,4,6,0,0,0,1,2,2,0,0,1,2,1,1,1,66,10,3,0,0,0,0,0,1,1,1
3,2,9,0,4,0,8,0,0,0,0,2,1,6,1,25,5,2171,1,14,1,1,2,534500,181720,1,2,1,2,5,3,11,6,30,6,2,4,108,0,5,4,1,1,0,0,1,1,1,2,2,23,5,3,0,0,1,0,0,9,1,3
3,3,9,0,3,0,1,0,0,0,0,3,1,6,2,25,5,1598,1,12,1,1,3,448779,115222,44,3,1,3,491,4,3342,6,40,1,4,6,0,0,0,4,1,2,0,0,2,1,1,1,1,33,6,3,0,0,0,0,0,9,1,5
3,2,9,0,18,0,0,0,0,0,0,4,1,6,1,50,8,1598,1,8,1,1,3,486504,168829,43,3,1,5,470,3,322,6,50,0,4,6,0,0,0,4,1,1,0,0,1,1,1,1,1,33,6,3,0,0,0,0,0,9,1,5
3,1,9,0,1,0,0,0,0,0,0,2,1,6,2,41,7,1341,1,12,1,1,2,423332,563686,10,2,1,4,147,6,1042,6,30,0,4,6,0,0,0,7,1,1,0,0,1,2,1,1,1,33,6,3,0,0,0,0,0,9,1,5
3,1,2,0,13,0,0,0,0,0,0,1,1,6,1,16,4,49,1,14,3,1,2,285315,672851,96,2,1,5,924,6,0,6,30,0,4,6,0,0,0,4,1,2,0,0,2,1,1,1,1,16,4,3,0,0,0,0,0,2,3,5
3,1,9,0,4,0,2,0,0,0,0,2,1,6,3,38,7,1598,1,8,1,1,1,252174,660334,97,1,1,6,926,6,0,6,30,3,1,3,727,1,4,1,1,2,0,0,1,1,1,3,1,8,2,3,4,1,0,0,0,0,1,5
2,1,9,0,18,0,0,0,0,0,0,1,1,6,2,70,10,1598,1,1,1,1,1,246923,54423,50,1,1,7,583,6,0,6,30,0,4,6,0,0,4,4,1,2,0,0,1,1,1,3,1,29,6,2,1,1,0,0,0,0,1,2
3,1,1,0,18,0,0,0,0,0,0,4,1,1,1,39,7,1598,1,8,1,1,1,579560,129770,46,1,1,3,543,5,257,6,60,0,4,6,0,0,0,1,5,2,0,2,2,1,1,1,1,39,7,3,0,0,0,0,0,1,1,5
3,1,9,0,17,0,0,0,0,0,0,1,1,6,1,59,9,2204,2,6,2,2,2,368648,72848,55,2,2,6,646,3,354,6,30,0,4,6,0,0,0,1,1,1,0,0,2,1,2,1,1,59,9,3,0,0,0,0,0,9,2,3
3,1,19,0,18,0,0,0,0,0,0,4,1,6,1,58,9,1905,2,17,1,1,1,296073,113944,50,1,1,7,586,6,0,6,30,0,4,6,0,0,0,1,1,1,0,0,1,1,1,3,1,37,7,3,10,1,0,0,0,0,1,8
3,1,9,0,16,0,8,1,4,0,0,1,1,6,1,22,5,1598,2,3,1,1,3,382530,438910,4,3,1,7,77,6,0,6,30,3,1,6,0,0,0,1,1,4,0,0,2,1,1,1,1,22,5,3,0,0,0,0,0,9,1,1
3,3,9,0,18,0,0,0,0,0,0,0,1,6,3,38,7,1598,1,8,1,1,3,431287,268018,23,3,1,6,294,6,0,6,50,0,4,6,0,0,0,1,1,1,0,0,2,1,1,1,1,33,6,3,0,0,0,0,0,9,1,5
3,1,9,0,18,0,0,0,0,0,0,4,1,6,2,56,9,1794,1,15,1,2,2,458726,304031,33,2,2,4,364,3,594,2,30,0,4,6,0,0,0,1,9,1,0,0,1,2,1,1,2,56,9,3,0,0,0,0,0,9,1,1
3,1,9,0,9,0,8,0,0,0,0,1,1,6,1,38,7,1598,1,8,1,1,1,517890,184850,1,1,1,6,28,6,0,2,30,6,4,6,0,0,0,1,1,1,0,0,1,2,1,3,2,34,6,3,5,9,0,0,2,0,1,5
3,1,11,0,4,0,0,0,0,0,0,0,1,6,1,30,6,9000,2,5,1,2,1,435250,377840,30,1,2,1,327,6,0,6,30,0,4,6,0,0,0,1,1,1,0,0,1,2,2,2,1,66,10,3,0,0,0,4,0,11,1,5
3,1,9,0,3,0,1,0,0,0,0,2,1,2,1,44,7,1995,2,5,1,1,2,532550,192480,1,2,1,5,32,3,10,3,30,3,2,6,0,0,0,1,1,1,0,0,1,2,1,1,1,44,7,3,0,0,0,0,0,9,1,3
3,2,9,0,13,0,8,0,0,0,0,4,1,6,3,38,7,1598,1,8,1,1,2,464298,105550,44,2,1,5,498,3,27,6,40,6,2,3,27,0,5,7,2,2,0,0,2,2,1,1,1,33,6,3,0,0,0,0,0,9,1,5
3,2,9,0,9,0,8,0,0,1,1,3,1,2,1,32,6,1598,1,8,1,3,2,345825,341276,60,2,3,6,725,3,525,6,60,6,4,6,0,0,0,1,1,1,0,0,2,1,2,1,1,32,6,3,0,0,0,0,0,9,1,5
2,2,9,0,3,0,0,0,0,0,0,2,1,6,2,56,9,1229,1,4,3,2,4,545750,307480,35,4,2,4,392,3,47,6,60,0,4,6,0,0,0,1,1,1,0,0,1,1,2,1,2,56,9,3,0,0,0,0,0,9,3,5
3,1,19,0,13,0,8,0,0,7,3,1,1,1,1,40,7,2143,2,1,1,1,2,449443,284373,23,2,1,4,292,6,0,6,60,3,4,6,0,0,0,1,1,1,0,0,2,1,1,1,1,33,6,3,0,0,0,0,0,9,1,5
3,1,9,0,4,0,0,1,0,0,0,1,1,2,1,53,8,1995,2,3,1,3,3,502779,229098,40,3,3,5,424,1,1,3,70,0,4,6,0,0,0,6,7,2,0,0,2,1,1,1,1,53,8,3,0,0,0,0,0,9,1,4
3,2,11,0,18,0,4,0,0,0,0,4,1,6,1,32,6,9000,2,7,1,3,2,404998,93317,55,2,3,6,643,6,0,6,30,2,4,6,0,0,0,1,2,2,0,0,1,1,3,2,1,52,8,3,0,0,0,4,0,11,1,5
3,1,9,0,9,0,5,0,0,0,0,4,1,6,1,49,8,1598,2,2,2,1,2,419203,318433,21,2,1,7,251,4,5016,6,30,3,4,6,529,0,0,1,1,1,0,0,2,2,1,1,1,33,6,3,0,0,0,0,0,9,1,5
3,3,9,0,2,0,0,0,0,0,0,0,1,6,3,38,7,1598,1,8,1,1,3,505435,102312,47,3,1,6,558,4,2140,6,30,0,4,6,0,0,0,1,1,1,0,0,1,1,1,1,1,33,6,3,0,0,0,0,0,9,1,5
3,1,9,0,9,0,8,0,0,0,0,1,1,6,1,38,7,1968,2,4,1,1,1,528010,181180,1,1,1,3,1,3,41,2,30,6,2,3,5204,0,5,1,1,1,0,0,1,2,1,3,1,52,8,3,1,3,0,0,2,0,1,5
3,2,19,0,4,0,0,0,0,0,0,0,1,1,1,34,6,2402,2,14,1,1,2,531056,132589,47,2,1,3,563,4,2036,6,50,0,4,6,0,0,0,1,1,1,0,0,2,1,1,1,1,33,6,3,0,0,0,0,0,9,1,5
3,2,1,0,18,9,0,0,0,0,0,1,1,6,2,44,7,1598,1,8,1,1,2,618633,242701,37,2,1,2,412,5,0,6,30,0,4,6,0,0,0,1,1,1,0,0,1,1,1,1,2,44,7,3,0,0,0,0,0,1,1,1
3,2,9,0,2,0,0,0,0,0,0,3,1,6,1,63,9,1753,2,5,1,1,2,396660,269880,22,2,1,4,270,4,4184,6,30,0,4,6,0,0,0,1,1,1,0,0,1,1,1,1,1,33,6,3,0,0,0,0,0,9,1,5
3,1,9,0,9,0,5,0,0,0,0,1,1,6,1,47,8,1598,1,8,3,1,2,246980,208360,63,2,1,3,751,4,4309,6,30,8,4,6,0,0,0,1,1,1,0,0,2,2,1,1,1,33,6,3,0,0,0,0,0,9,1,5
3,2,9,0,18,0,8,0,0,0,0,1,1,6,1,74,10,1560,2,7,1,1,2,401790,298310,20,2,1,6,307,6,0,6,30,8,4,6,0,0,0,1,1,1,0,0,1,1,1,1,1,33,6,3,0,0,0,0,0,9,1,5
3,1,9,0,7,0,6,0,0,0,0,3,1,6,2,38,7,1995,2,11,1,1,2,453493,361391,31,2,1,3,344,6,0,2,30,8,4,6,0,0,0,1,1,1,0,0,1,1,1,1,1,33,6,3,0,0,0,0,0,9,1,5
2,1,9,0,18,0,8,0,0,0,0,2,1,6,1,17,4,1596,1,7,1,2,2,494142,267758,34,2,2,4,382,3,5001,1,40,1,4,3,5001,0,0,1,2,2,0,0,2,1,2,2,2,17,4,3,0,0,2,0,0,9,1,5
2,2,9,0,18,0,8,0,0,0,0,1,1,6,1,24,5,1781,1,12,1,1,2,579110,158390,46,2,1,7,536,3,249,3,50,7,4,6,0,0,7,1,1,1,0,0,2,1,1,1,1,33,6,3,0,0,0,0,0,9,1,5
3,1,19,0,9,0,8,0,0,0,0,1,1,6,1,36,7,2287,2,1,1,1,2,527310,175100,1,2,1,3,10,3,3,6,30,3,4,5,0,0,0,1,1,1,0,0,1,1,1,1,1,33,6,3,0,0,0,0,0,9,1,5
3,2,20,0,3,0,1,0,0,0,0,2,1,1,1,38,7,1598,1,8,3,1,3,562910,158390,46,3,1,2,542,3,20,1,70,1,4,6,0,0,0,1,1,1,0,0,2,1,1,1,1,38,7,3,0,0,0,0,0,20,3,7
2,1,9,0,18,0,0,0,0,0,0,4,1,6,1,20,4,1497,1,10,1,1,2,460607,522413,17,2,1,2,241,6,0,6,30,0,4,6,0,0,0,4,1,1,0,0,1,1,1,1,1,33,6,3,0,0,0,0,0,9,1,5
3,2,9,0,18,0,1,0,0,0,0,1,1,6,2,50,8,1896,2,13,1,1,2,497243,370095,32,2,1,4,352,4,1262,6,30,9,4,6,924,0,0,1,1,1,0,0,1,1,1,1,1,33,6,3,0,0,0,0,0,9,1,5
3,1,9,0,5,0,4,0,0,0,0,1,1,1,1,34,6,1598,1,8,1,1,2,582381,213427,42,2,1,6,451,6,0,1,40,2,4,4,1018,0,0,1,1,1,0,0,1,1,1,1,1,33,6,3,0,0,0,0,0,9,1,5
3,1,9,0,1,0,2,0,0,0,0,3,1,6,1,27,6,1560,2,9,1,1,1,401610,288990,20,1,1,7,305,6,0,2,30,3,4,4,4169,0,0,1,8,1,0,0,1,1,1,3,2,52,8,3,5,3,0,0,0,0,1,3
3,2,3,0,13,0,1,0,0,0,0,4,1,2,1,25,5,124,1,3,1,1,2,518710,180030,1,2,1,5,27,3,406,6,30,3,4,6,0,0,0,4,1,1,0,0,1,1,1,1,1,25,5,3,0,0,0,0,0,3,1,4
3,2,9,0,18,0,8,0,0,0,0,1,1,6,3,38,7,1598,1,8,1,1,2,488048,288249,34,2,1,2,380,6,5102,6,30,3,4,6,5072,0,0,1,1,1,0,0,1,2,1,1,1,33,6,3,0,0,0,0,0,9,1,5
3,2,9,0,5,0,4,0,0,0,0,2,1,6,1,17,4,998,1,11,1,2,2,351830,426800,4,2,2,5,83,6,0,1,30,1,4,6,0,0,0,1,1,1,0,0,2,1,2,2,1,16,4,3,0,0,1,0,0,9,1,5
3,2,1,0,15,0,8,0,0,0,0,1,1,6,1,25,5,1598,1,8,1,1,3,391930,299650,20,3,1,3,309,3,460,6,30,3,4,6,0,0,4,1,1,1,0,0,1,1,1,1,1,25,5,3,0,0,0,0,0,1,1,5
3,1,9,0,9,0,1,0,0,0,0,1,1,6,1,24,5,1689,2,12,1,1,1,515658,310177,32,1,1,3,355,4,1525,6,30,3,4,4,1162,0,0,1,1,1,0,0,1,1,1,3,2,79,11,3,8,1,0,0,0,0,1,9
3,1,9,0,18,0,4,5,9,1,2,1,1,6,1,21,5,1598,1,8,1,1,1,435425,288596,23,1,1,2,291,3,444,1,70,1,4,6,0,0,0,4,1,1,0,0,2,1,1,2,2,18,4,3,0,0,1,0,0,9,1,5
3,1,9,0,13,0,0,0,0,0,0,1,1,6,1,38,7,1248,1,17,1,1,2,487316,256338,34,2,1,4,385,3,428,6,60,0,4,6,0,0,0,1,1,2,0,0,2,2,1,1,1,33,6,3,0,0,0,0,0,9,1,5
3,1,9,0,3,0,1,0,0,0,0,2,1,6,2,71,10,1587,1,17,1,1,2,527430,175110,1,2,1,6,10,4,229,6,30,6,2,3,3,0,5,1,1,1,0,0,1,2,1,1,2,71,10,3,0,0,0,0,0,9,1,8
3,1,9,0,18,0,0,0,0,0,0,1,1,6,2,26,6,1149,1,14,1,1,1,652302,308658,36,1,1,7,402,6,0,6,30,0,4,6,0,0,0,1,1,1,0,0,1,1,1,3,1,6,2,3,5,4,0,0,0,0,1,1
3,2,9,0,18,0,0,1,0,5,0,3,1,2,2,54,8,1598,2,2,1,1,2,429567,420276,13,2,1,3,206,1,1,3,50,0,4,6,0,0,0,6,2,2,0,0,2,1,1,1,2,54,8,3,0,0,0,0,0,9,1,1
3,1,9,0,18,0,0,0,0,0,0,3,1,6,1,31,6,1796,1,11,1,1,1,337125,391972,5,1,1,1,91,6,0,6,30,0,4,6,0,0,0,4,1,1,0,0,1,1,1,3,1,26,6,3,5,3,0,0,0,0,1,1
3,1,9,0,18,0,8,0,0,0,0,3,1,6,1,33,6,1390,1,8,1,1,2,536860,170860,1,2,1,6,19,6,0,6,30,3,4,6,0,0,0,1,1,1,0,0,1,1,1,1,1,33,6,3,0,0,0,0,0,9,1,1
1,2,9,0,16,0,0,0,0,0,0,0,1,1,1,48,8,2231,2,8,3,1,2,561042,316043,36,2,1,1,407,5,8,6,60,0,4,6,0,0,0,1,1,1,0,0,2,1,1,1,1,33,6,3,0,0,0,0,0,9,1,5
3,1,9,0,18,0,1,0,0,0,0,1,1,6,2,49,8,1598,1,8,1,1,1,510661,160151,45,1,1,1,510,3,245,6,30,3,4,6,0,0,8,4,2,2,0,0,1,1,1,3,1,94,11,3,5,3,0,0,0,0,1,6
3,1,9,0,18,0,0,0,0,0,0,1,1,6,1,36,7,1598,1,5,1,1,2,326720,693279,94,2,1,2,925,6,0,6,30,0,4,6,0,0,0,1,1,2,0,0,1,1,1,1,1,33,6,3,0,0,0,0,0,9,1,5
3,2,9,0,18,0,0,0,0,0,0,1,1,1,1,56,9,1598,1,8,2,1,2,321790,241850,63,2,1,3,753,6,0,6,30,0,4,6,0,0,0,1,1,1,0,0,2,2,1,1,1,56,9,3,0,0,0,0,0,9,2,5
3,3,9,0,18,0,0,0,0,0,0,1,1,6,1,28,6,1900,2,10,1,1,3,415768,185117,54,3,1,7,633,3,4259,6,40,0,4,6,0,0,4,1,1,1,0,0,1,1,1,1,1,33,6,3,0,0,0,0,0,9,1,5
3,1,9,0,16,0,0,1,0,7,9,1,1,1,1,44,7,1997,2,12,2,1,1,607922,243787,37,1,1,1,410,3,1071,6,40,0,4,6,0,0,0,6,2,2,0,0,2,1,1,1,1,44,7,3,0,0,0,0,0,9,2,7
3,1,21,0,18,0,8,0,0,0,0,2,1,1,1,39,7,10837,2,2,1,3,4,516770,177630,1,4,3,4,25,3,4,3,40,3,3,6,0,0,0,4,1,1,0,0,1,1,1,1,1,33,6,3,0,0,0,0,0,9,1,5
3,1,21,1,11,0,0,0,0,0,0,4,1,1,1,41,7,12740,2,1,1,1,2,456126,336794,31,2,1,7,346,3,52,3,50,0,4,6,0,0,0,1,1,1,0,0,2,1,1,1,1,33,6,3,0,0,0,0,0,9,1,5
3,1,1,0,18,0,8,0,0,0,0,1,1,6,1,48,8,1598,1,8,1,1,2,548240,176050,1,2,1,6,18,5,0,6,30,3,4,6,0,0,1,1,1,1,0,0,1,1,1,1,1,48,8,3,0,0,0,0,0,1,1,7
3,1,9,0,18,0,0,0,0,0,0,1,1,1,1,45,7,1598,1,8,1,1,2,495533,350886,32,2,1,5,355,3,17,6,60,0,4,6,0,0,0,1,1,1,0,0,2,1,1,1,1,33,6,3,0,0,0,0,0,9,1,5
1,1,9,0,15,0,1,0,0,0,0,3,1,6,3,38,7,1149,1,10,1,1,2,526120,181360,1,2,1,3,1,3,4206,6,30,6,2,5,0,0,5,7,9,1,0,0,1,1,1,3,1,65,9,1,10,9,0,0,2,0,1,3