accident_severity,vehicle_reference,vehicle_type,towing_and_articulation,vehicle_manoeuvre,vehicle_location-restricted_lane,junction_location,skidding_and_overturning,hit_object_in_carriageway,vehicle_leaving_carriageway,hit_object_off_carriageway,1st_point_of_impact,was_vehicle_left_hand_drive?,journey_purpose_of_driver,sex_of_driver,age_of_driver,age_band_of_driver,engine_capacity_(cc),propulsion_code,age_of_vehicle,driver_home_area_type,NUmber_of_Casualities_unique_to_accident_index,No_of_Vehicles_involved_unique_to_accident_index,location_easting_osgr,location_northing_osgr,police_force,number_of_vehicles,number_of_casualties,day_of_week,local_authority_(district),1st_road_class,1st_road_number,road_type,speed_limit,junction_detail,junction_control,2nd_road_class,2nd_road_number,pedestrian_crossing-human_control,pedestrian_crossing-physical_facilities,light_conditions,weather_conditions,road_surface_conditions,special_conditions_at_site,carriageway_hazards,urban_or_rural_area,did_police_officer_attend_scene_of_accident,casualty_reference,casualty_class,sex_of_casualty,age_of_casualty,age_band_of_casualty,casualty_severity,pedestrian_location,pedestrian_movement,car_passenger,bus_or_coach_passenger,pedestrian_road_maintenance_worker,casualty_type,casualty_home_area_type,casualty_imd_decile
3,2,9,0,7,0,3,0,0,0,0,4,1,1,1,45,7,4163,1,9,1,1,2,527144,139724,47,2,1,4,560,3,23,3,70,8,4,6,0,0,0,1,1,1,0,0,2,1,1,1,1,33,6,3,0,0,0,0,0,9,1,5
3,2,5,0,13,0,8,0,0,0,0,0,1,6,1,31,6,600,1,9,1,1,2,530120,171850,1,2,1,1,9,3,23,6,30,3,4,3,23,0,0,1,1,1,0,0,1,1,1,1,1,31,6,3,0,0,0,0,0,5,1,2
2,3,9,0,18,0,0,0,0,0,0,1,1,6,1,33,6,1149,1,10,1,3,4,435396,551881,10,4,3,1,150,3,690,3,50,0,4,6,0,0,0,1,1,1,0,0,2,1,1,1,1,33,6,3,0,0,0,0,0,9,1,5
3,2,19,0,2,0,0,0,0,0,0,2,1,6,3,38,7,2686,2,11,1,1,2,388440,295250,20,2,1,3,309,3,449,3,40,0,4,6,0,0,0,4,9,1,0,0,1,2,1,1,1,33,6,3,0,0,0,0,0,9,1,5
3,1,9,0,13,0,1,0,10,1,1,3,1,1,1,22,5,1362,1,4,3,1,2,325636,664620,95,2,1,5,929,3,703,6,60,6,2,6,0,0,5,1,1,1,0,0,2,1,1,1,1,22,5,3,0,0,0,0,0,9,3,5
3,1,9,0,5,0,1,0,0,0,0,1,1,6,2,25,5,1596,1,10,1,1,1,529010,173810,1,1,1,5,9,5,0,6,30,3,4,6,0,0,0,1,1,1,0,0,1,2,1,3,1,54,8,3,9,5,0,0,2,0,1,3
3,1,9,0,13,0,0,0,0,0,0,1,1,6,1,25,5,1560,2,2,1,2,2,393206,215396,53,2,2,1,621,3,417,6,60,0,4,6,0,0,0,4,1,2,0,0,2,1,1,1,1,25,5,3,0,0,0,0,0,9,1,5
3,1,9,0,18,0,1,0,0,0,0,1,1,6,2,29,6,1598,1,12,1,1,1,541620,184220,1,1,1,4,17,4,109,6,30,3,4,6,0,0,0,1,1,1,0,0,1,1,1,3,1,36,7,3,5,1,0,0,2,0,1,2
3,2,9,0,18,0,8,0,0,0,10,4,1,3,2,34,6,2967,2,2,1,1,2,494232,175622,43,2,1,2,474,6,7409,6,30,3,4,6,7409,0,0,1,1,1,0,0,1,2,1,1,2,34,6,3,0,0,0,0,0,9,1,10
3,3,9,0,18,0,8,0,0,0,0,3,1,6,2,33,6,1199,1,13,1,2,3,390415,164085,54,3,2,2,635,3,3102,1,30,2,4,6,0,0,0,1,1,1,0,0,1,1,1,1,1,33,6,3,0,0,0,0,0,9,1,5
3,2,8,0,18,0,8,0,0,0,0,1,1,1,1,47,8,2499,2,7,1,1,2,335410,390287,5,2,1,1,91,6,0,6,30,6,2,6,0,0,5,4,1,1,0,0,1,1,1,2,2,18,4,3,0,0,2,0,0,8,1,5
3,2,3,0,18,0,1,0,0,0,0,1,1,6,1,40,7,124,1,2,1,1,2,498717,159377,45,2,1,2,518,6,7296,6,30,8,4,6,0,0,0,4,1,1,0,0,1,1,1,1,1,40,7,3,0,0,0,0,0,3,1,5
3,1,9,0,9,0,5,0,0,0,0,1,1,6,2,22,5,1968,2,6,1,1,2,397989,355347,21,2,1,5,256,6,290,6,30,3,4,6,290,0,0,1,1,1,0,0,1,2,1,1,1,33,6,3,0,0,0,0,0,9,1,5
3,1,9,0,5,0,8,0,0,0,0,4,1,6,2,62,9,999,1,9,3,1,2,438571,107222,44,2,1,5,496,6,0,6,40,6,4,6,0,0,0,1,1,1,0,0,2,1,1,1,1,33,6,3,0,0,0,0,0,9,1,5
3,2,9,0,9,0,6,0,0,0,0,1,1,6,1,42,7,1686,2,4,1,2,2,500151,167602,45,2,2,2,514,5,10,6,30,3,4,5,127,0,0,1,1,2,0,0,2,1,2,1,1,42,7,3,0,0,0,0,0,9,1,6
3,1,9,0,18,0,8,0,0,0,0,1,1,2,2,26,6,1390,1,11,1,1,1,357816,173833,52,1,1,2,601,3,4018,6,20,3,4,6,0,0,1,1,1,1,0,0,1,2,1,3,1,17,4,3,1,1,0,0,0,0,1,6
3,1,9,0,9,0,8,0,0,0,0,4,1,6,1,52,8,1598,1,8,1,1,2,526720,183290,1,2,1,4,1,3,41,6,30,6,2,5,0,0,5,1,1,1,0,0,1,1,1,1,1,33,6,3,0,0,0,0,0,9,1,5
2,2,9,0,18,0,0,0,0,0,0,1,1,6,1,26,6,1796,1,9,1,3,2,309246,727836,93,2,3,3,934,3,9,3,70,0,4,6,0,0,0,6,1,1,0,0,2,1,3,2,1,34,6,3,0,0,1,0,0,9,1,5
2,1,9,0,18,0,6,0,0,7,1,1,2,1,1,25,5,2500,1,8,1,3,2,444575,175772,43,2,3,5,471,4,4494,6,60,6,4,6,7137,0,0,1,1,1,0,0,2,1,2,1,1,25,5,3,0,0,0,0,0,9,1,9
3,1,9,0,9,0,2,0,0,0,0,3,1,1,2,50,8,1598,1,2,1,1,2,543910,258310,35,2,1,6,390,6,0,6,30,8,4,6,0,0,0,1,1,1,0,0,1,1,1,1,2,50,8,3,0,0,0,0,0,9,1,7
3,2,1,0,18,0,8,0,0,0,0,1,1,6,1,43,7,1598,1,8,1,1,2,376870,410310,6,2,1,4,101,4,6196,6,30,6,4,6,0,0,0,1,1,1,0,0,1,1,1,1,1,43,7,3,0,0,0,0,0,1,1,10
2,1,9,0,18,0,0,0,0,1,4,1,1,6,1,21,5,1599,1,10,2,3,1,622851,338221,36,1,3,6,405,3,149,6,50,0,4,6,0,0,0,7,1,1,0,0,2,1,1,1,1,21,5,2,0,0,0,0,0,9,2,6
3,1,9,0,4,0,1,1,0,0,0,1,1,6,2,33,6,1798,1,10,1,1,3,391643,346094,21,3,1,4,257,6,0,6,30,3,4,6,0,0,0,1,2,2,0,0,1,1,1,1,1,33,6,3,0,0,0,0,0,9,1,5
3,1,9,0,4,0,1,0,0,0,0,1,1,2,1,61,9,1242,1,19,1,1,1,394147,221742,53,1,1,5,620,6,539,6,30,3,4,3,40,0,0,1,1,1,0,0,1,1,1,3,2,51,8,3,5,1,0,0,0,0,1,10
3,1,9,0,1,0,0,0,0,0,0,2,1,6,2,38,7,1368,1,7,3,1,1,307640,538400,3,1,1,3,60,6,0,6,30,0,4,6,0,0,0,1,1,1,0,0,2,2,1,3,2,15,3,3,5,1,0,0,0,0,1,5
3,1,3,0,9,0,8,0,0,0,0,4,1,6,1,22,5,125,1,8,1,1,2,532850,180840,48,2,1,2,570,5,0,6,30,6,2,5,0,0,5,1,1,1,0,0,1,1,1,1,1,33,6,3,0,0,0,0,0,9,1,5
3,1,9,0,18,0,1,0,0,0,0,1,1,6,2,48,8,1598,1,7,1,1,2,353324,381686,7,2,1,6,124,6,0,3,30,3,4,3,533,0,0,1,1,1,4,0,1,1,1,2,2,42,7,3,0,0,1,0,0,9,1,1
3,2,8,0,18,0,0,0,0,0,0,1,1,1,1,57,9,1896,2,11,1,2,2,440740,370920,30,2,2,1,327,3,632,6,30,0,4,6,0,0,0,1,1,1,0,0,1,1,2,1,1,57,9,3,0,0,0,0,0,8,1,2
3,2,9,0,9,0,8,0,0,0,0,4,1,6,1,50,8,1598,1,13,1,1,2,442309,541992,11,2,1,5,169,6,0,1,30,1,4,5,145,0,0,1,1,2,0,0,1,1,1,1,1,33,6,3,0,0,0,0,0,9,1,5
3,2,9,0,18,0,0,1,0,0,0,2,1,1,1,45,7,1242,1,6,1,2,2,523269,223065,41,2,2,7,435,2,1,3,70,0,4,6,0,0,0,6,1,2,0,0,2,1,2,1,1,45,7,3,0,0,0,0,0,9,1,6
3,1,9,0,9,0,2,0,0,0,0,1,1,6,1,26,6,1595,1,9,1,2,1,540730,178260,1,1,2,5,6,6,0,6,30,3,4,6,0,0,0,1,1,1,0,0,1,1,1,3,2,8,2,3,5,3,0,0,2,0,1,5
3,2,9,0,18,0,0,0,0,0,0,1,1,6,2,22,5,998,1,1,1,2,2,366018,179423,52,2,2,3,612,6,0,6,30,0,4,6,0,0,0,1,4,1,0,0,1,1,2,1,2,22,5,3,0,0,0,0,0,9,1,5
3,1,9,0,18,0,1,0,0,0,0,3,1,6,1,30,6,2204,2,8,1,1,2,531070,185590,1,2,1,5,3,3,103,6,30,1,4,5,0,0,1,1,1,1,0,6,1,1,1,1,1,30,6,3,0,0,0,0,0,9,1,2
3,1,9,0,7,0,2,0,0,0,0,1,1,6,3,38,7,973,1,14,1,1,3,402750,279500,20,3,1,7,300,6,0,6,30,6,4,4,4121,0,0,1,1,2,0,0,1,1,1,1,1,33,6,3,0,0,0,0,0,9,1,5
3,3,9,0,1,0,1,0,0,0,0,0,1,6,2,32,6,1984,1,3,1,1,3,528810,105231,47,3,1,4,565,6,0,6,20,3,4,6,0,0,0,1,1,1,0,0,1,2,1,1,1,33,6,3,0,0,0,0,0,9,1,5
2,5,9,0,18,0,0,0,0,0,0,1,1,6,1,29,6,2204,2,9,2,6,5,611279,270919,37,5,6,7,413,3,140,6,50,0,4,6,0,0,0,6,1,1,0,0,2,1,6,1,1,29,6,3,0,0,0,0,0,9,2,3
3,2,1,0,17,0,8,0,0,0,0,2,1,2,1,47,8,1598,1,8,1,1,2,452702,342120,31,2,1,2,346,4,6004,1,30,1,4,4,690,0,1,1,2,2,0,0,1,1,1,1,1,47,8,3,0,0,0,0,0,1,1,1
3,4,20,0,18,0,0,0,0,0,0,2,1,1,1,25,5,2148,2,10,1,6,4,557677,104734,47,4,6,5,556,3,27,6,50,0,4,6,0,0,0,1,1,1,0,0,1,1,1,1,1,33,6,3,0,0,0,0,0,9,1,5
3,1,9,0,18,0,1,0,0,0,0,1,1,6,1,66,10,1598,1,8,1,3,2,305802,180015,62,2,3,7,746,3,4119,7,70,5,4,1,4,0,0,1,1,1,0,0,2,2,1,1,1,33,6,3,0,0,0,0,0,9,1,5
3,1,19,0,3,0,8,0,0,0,0,2,1,6,1,51,8,1998,2,12,1,1,2,539890,187800,1,2,1,6,13,3,114,1,30,1,2,3,12,0,0,1,9,1,0,0,2,1,1,1,1,51,8,3,0,0,0,0,0,19,1,1
1,1,9,0,16,0,0,0,0,7,11,1,1,6,1,25,5,1896,2,13,1,1,1,423330,527806,11,1,1,7,169,5,34,6,30,0,4,6,0,0,0,4,5,2,0,0,2,1,1,1,1,25,5,1,0,0,0,0,0,9,1,1
3,2,9,0,18,0,0,0,0,0,0,2,1,6,1,57,9,1598,1,8,1,1,2,258750,216470,63,2,1,5,751,3,476,6,30,0,4,6,0,0,0,1,1,1,0,0,2,1,1,2,2,85,11,3,0,0,1,0,0,9,1,5
3,1,1,0,18,5,8,0,0,0,0,1,1,6,1,20,4,1598,1,8,1,1,2,407815,93552,55,2,1,6,640,3,347,6,30,8,4,6,0,0,0,1,1,1,0,0,1,2,1,1,1,20,4,3,0,0,0,0,0,1,1,3
3,2,9,0,17,0,8,0,0,0,0,4,1,6,1,52,8,1600,1,16,1,3,2,411110,284040,20,2,3,6,300,4,4146,6,30,3,4,6,0,0,0,1,1,1,0,0,1,1,2,1,1,52,8,3,0,0,0,0,0,9,1,1
2,1,9,0,18,0,1,0,0,0,0,1,1,6,1,22,5,1910,2,10,1,2,2,446265,394784,14,2,2,2,213,6,0,6,30,3,4,6,0,0,0,1,1,1,0,0,1,1,1,1,1,33,6,3,0,0,0,0,0,9,1,5
3,1,9,0,18,0,0,1,0,1,7,1,1,6,1,32,6,1796,1,13,1,4,1,469651,106248,44,1,4,1,495,2,3,7,70,0,4,6,0,0,0,1,1,1,0,0,2,1,4,2,2,0,1,3,0,0,2,0,0,9,1,9
3,1,9,0,18,0,0,0,0,0,0,1,1,6,1,34,6,1600,1,14,1,4,4,457807,333441,31,4,4,5,347,3,60,6,30,0,4,6,0,0,0,1,1,1,4,0,1,1,1,1,1,34,6,3,0,0,0,0,0,9,1,7
2,2,9,0,16,0,0,0,0,0,0,1,1,6,2,42,7,1598,2,5,3,5,2,247963,636827,97,2,5,6,919,3,71,6,60,0,4,6,0,0,0,6,1,1,0,0,2,2,3,1,2,42,7,3,0,0,0,0,0,9,3,5
3,1,9,0,18,0,1,0,0,0,0,1,1,6,3,38,7,1598,1,8,1,1,2,504564,248974,40,2,1,5,420,4,531,6,30,3,2,6,0,0,5,1,1,1,0,0,1,2,1,1,1,33,6,3,0,0,0,0,0,9,1,5
3,3,9,0,2,0,8,0,0,0,0,3,1,6,3,38,7,1598,1,8,1,1,3,531330,189570,1,3,1,4,31,3,504,6,30,3,4,6,0,0,0,1,1,1,0,0,1,1,1,1,1,33,6,3,0,0,0,0,0,9,1,5
3,2,9,0,18,0,0,0,0,0,0,2,1,6,2,34,6,1968,2,3,2,3,5,556080,172150,46,5,3,4,532,3,2,3,70,0,4,6,0,0,0,1,1,1,0,0,2,1,1,1,2,34,6,3,0,0,0,0,0,9,2,9
3,1,9,0,3,0,1,0,0,0,0,2,1,6,2,44,7,1968,2,10,1,2,2,541820,188310,1,2,2,3,14,3,12,1,30,1,2,3,406,0,5,4,1,1,0,0,1,2,1,1,2,44,7,3,0,0,0,0,0,9,1,2
3,2,9,0,18,0,1,0,0,0,0,1,1,2,2,33,6,1248,2,1,1,2,2,523440,231030,41,2,2,2,433,2,1,7,70,1,4,3,505,0,0,4,2,2,0,0,2,2,1,1,1,33,6,3,0,0,0,0,0,9,1,5
3,1,3,0,18,0,1,1,0,0,0,1,1,6,2,24,5,1598,1,8,1,1,2,325614,363840,60,2,1,5,724,3,549,6,30,8,4,6,0,0,0,4,5,2,0,0,1,1,1,1,2,24,5,3,0,0,0,0,0,3,1,5
2,2,9,0,18,0,1,0,0,0,0,1,1,6,1,51,8,1560,2,9,1,1,2,433784,296400,23,2,1,3,290,3,5,6,60,3,4,6,0,0,0,1,1,1,0,0,2,1,1,1,1,33,6,3,0,0,0,0,0,9,1,5
3,1,9,0,3,0,1,0,0,0,0,2,1,6,2,28,6,1910,2,10,2,1,2,436474,404071,14,2,1,5,210,4,6100,6,30,3,4,6,0,0,0,1,1,1,0,0,1,2,1,1,2,28,6,3,0,0,0,0,0,9,2,4
2,1,9,0,9,0,5,0,0,0,0,1,1,2,2,22,5,1896,2,11,1,1,2,360030,224470,22,2,1,6,285,6,0,6,30,3,4,6,0,0,0,1,1,1,0,0,1,1,1,1,1,33,6,3,0,0,0,0,0,9,1,5
3,1,9,0,17,0,8,2,0,1,9,1,1,6,2,39,7,1360,1,13,1,1,2,505703,347348,32,2,1,2,353,3,15,1,60,1,4,3,17,0,0,1,2,2,0,0,2,1,1,1,2,39,7,3,0,0,0,0,0,9,1,3
3,1,9,0,2,0,0,0,0,0,0,2,1,6,2,38,7,1248,2,1,1,3,2,468436,415213,14,2,3,1,211,6,0,6,60,0,4,6,0,0,0,1,1,4,0,0,2,1,3,2,2,30,6,3,0,0,2,0,0,9,1,7
3,2,9,0,18,0,1,0,0,0,0,1,1,2,2,20,4,1124,1,11,1,3,2,458209,403017,14,2,3,6,211,6,0,6,30,8,4,6,0,0,0,1,1,1,0,0,1,1,2,1,2,20,4,3,0,0,0,0,0,9,1,8
3,1,9,0,18,0,0,0,0,0,0,1,1,6,3,38,7,1598,1,8,1,1,1,437010,281500,20,1,1,1,302,6,0,6,30,0,4,6,0,0,0,1,1,1,0,0,1,1,1,3,1,19,4,3,5,3,0,0,0,0,1,1
3,2,9,0,18,0,0,0,0,0,0,1,1,1,1,50,8,1598,1,8,1,2,2,436130,335590,30,2,2,2,323,4,6000,6,30,0,4,6,0,0,4,1,2,2,0,0,1,1,2,2,1,41,7,3,0,0,1,0,0,9,1,5
2,1,9,0,1,0,2,0,0,0,0,2,1,6,1,69,10,1999,1,8,1,1,1,465471,100829,44,1,1,7,498,6,0,6,30,3,4,6,0,0,0,1,1,1,0,0,1,1,1,3,1,95,11,2,5,1,0,0,0,0,1,1
3,1,9,0,5,0,6,0,0,0,0,1,1,6,1,40,7,1598,1,8,1,1,2,547520,257900,35,2,1,1,390,3,1134,6,30,8,4,6,0,0,0,1,1,1,0,0,1,2,1,1,1,33,6,3,0,0,0,0,0,9,1,5
3,2,9,0,18,0,0,1,4,0,0,4,1,6,2,57,9,1296,1,9,1,1,3,421397,565230,10,3,1,6,147,4,1305,6,30,0,4,6,0,0,8,1,1,1,0,0,1,1,1,1,2,57,9,3,0,0,0,0,0,9,1,3
3,2,21,0,17,0,1,0,0,0,0,1,1,1,1,45,7,9186,2,2,1,1,2,517583,465699,16,2,1,2,231,6,0,6,30,6,4,6,0,0,0,1,1,1,0,0,1,1,1,1,1,33,6,3,0,0,0,0,0,9,1,5
3,1,9,0,18,0,8,0,0,0,0,1,1,6,2,50,8,1997,2,12,1,1,2,432186,435226,13,2,1,7,204,6,0,6,30,6,2,6,0,0,5,4,1,1,0,0,1,1,1,1,2,50,8,3,0,0,0,0,0,9,1,3
3,2,9,0,5,0,8,0,0,0,0,1,1,2,1,29,6,1246,1,9,1,1,2,445300,113709,44,2,1,3,500,6,0,1,30,1,1,6,0,0,0,7,1,1,0,0,1,1,1,1,1,33,6,3,0,0,0,0,0,9,1,5
3,1,9,0,7,0,5,0,0,0,0,4,1,6,2,29,6,1968,2,4,1,6,2,415909,433394,13,2,6,2,200,3,6181,3,30,3,4,6,0,0,0,1,1,2,0,0,1,1,1,1,2,29,6,3,0,0,0,0,0,9,1,1
3,1,9,0,7,0,8,0,0,0,0,3,1,6,1,37,7,999,1,3,1,2,3,362432,174026,52,3,2,2,601,6,0,6,30,3,4,6,0,0,0,1,1,1,0,0,1,1,1,1,1,37,7,3,0,0,0,0,0,9,1,1
3,2,8,0,18,0,8,0,0,0,0,4,1,1,1,42,7,1997,2,3,1,6,2,527240,181500,1,2,6,3,1,3,5,6,30,6,2,3,501,0,5,4,2,2,0,0,1,1,5,2,2,14,3,3,0,0,2,0,0,8,1,5
3,2,9,0,16,0,1,0,0,0,0,1,1,2,1,23,5,1364,1,8,1,1,2,469607,108901,44,2,1,5,495,4,2150,6,40,1,4,2,3,0,0,1,1,1,0,0,2,1,1,1,1,33,6,3,0,0,0,0,0,9,1,5
3,2,9,0,7,0,8,0,0,1,10,3,1,3,2,39,7,1461,2,4,1,1,2,511540,187040,1,2,1,5,26,5,0,6,30,3,4,6,0,0,0,1,1,1,0,0,1,1,1,1,1,33,6,3,0,0,0,0,0,9,1,5
3,2,9,0,18,0,0,0,0,0,0,1,1,6,1,18,4,1272,1,23,1,4,3,436860,335560,30,3,4,1,323,6,0,6,30,0,4,6,0,0,0,4,1,2,0,0,1,1,3,2,1,19,4,3,0,0,1,0,0,9,1,5
3,2,9,0,18,0,1,0,0,0,0,1,1,6,1,38,7,1796,1,11,1,2,2,523520,187980,1,2,2,7,30,3,41,3,30,1,4,3,406,0,0,4,1,4,0,0,1,1,1,1,1,33,6,3,0,0,0,0,0,9,1,5
3,1,9,0,9,0,1,0,0,0,0,1,1,2,1,30,6,1910,2,7,3,1,1,341002,366948,7,1,1,6,130,6,0,6,30,3,4,6,0,0,4,4,1,2,0,0,1,1,1,3,1,51,8,3,8,1,0,0,0,0,1,1
3,1,9,0,18,0,8,0,0,1,0,1,1,6,1,23,5,1984,1,1,1,2,2,495446,182051,43,2,2,3,473,6,7302,6,30,3,4,6,7302,0,0,4,1,1,0,0,1,1,1,1,1,23,5,3,0,0,0,0,0,9,1,3
3,2,1,0,18,0,0,0,0,0,0,2,1,6,1,23,5,1598,1,8,2,1,2,430501,445445,13,2,1,7,204,3,659,6,60,0,4,6,0,0,0,1,1,1,0,0,2,1,1,1,1,33,6,3,0,0,0,0,0,9,1,5
3,2,9,0,18,0,1,0,0,0,0,0,1,6,1,54,8,1360,1,11,1,2,2,462420,305975,33,2,2,7,364,6,2585,6,30,6,4,6,1020,0,0,1,1,1,0,0,1,1,2,1,1,54,8,3,0,0,0,0,0,9,1,5
3,2,3,0,15,0,8,0,0,0,0,3,1,6,1,25,5,124,1,13,1,1,2,530980,183080,1,2,1,6,3,3,501,6,30,3,4,6,0,0,0,1,1,1,0,0,1,1,1,1,1,25,5,3,0,0,0,0,0,3,1,2
2,5,9,0,3,0,0,0,0,0,0,2,1,6,2,59,9,875,1,2,1,4,6,503277,194344,41,6,4,4,436,1,25,3,70,0,4,6,0,0,0,1,1,1,0,0,2,1,3,1,2,59,9,3,0,0,0,0,0,9,1,6
3,1,9,0,18,0,0,1,0,8,11,4,1,6,1,25,5,1598,1,8,1,1,1,165201,620380,97,1,1,7,913,4,843,6,60,0,4,6,0,0,0,6,1,2,0,0,2,1,1,1,1,25,5,3,0,0,0,0,0,9,1,5
3,2,9,0,4,0,7,0,0,0,0,2,1,6,2,42,7,1598,1,8,1,3,3,339660,559930,3,3,3,3,62,1,6,7,60,5,4,1,6,0,0,7,9,2,4,0,2,2,2,2,1,14,3,3,0,0,1,0,0,9,1,3
2,1,3,0,18,0,1,0,0,0,0,1,1,1,1,16,4,124,1,9,1,1,1,534870,178500,1,1,1,5,8,6,0,6,30,3,4,6,0,0,0,1,1,1,0,0,1,1,1,3,2,40,7,2,5,2,0,0,2,0,1,3
3,1,9,0,9,0,6,0,0,0,0,3,1,6,1,75,10,1796,1,10,3,3,2,364023,564781,10,2,3,7,139,3,69,6,60,3,4,5,300,0,0,1,1,1,0,0,2,1,1,1,1,75,10,3,0,0,0,0,0,9,3,6
3,1,9,0,7,0,1,0,0,0,0,4,1,6,1,27,6,1461,2,8,1,1,2,532080,104709,47,2,1,2,565,6,0,9,20,3,4,6,0,0,4,1,2,2,0,0,1,1,1,2,2,31,6,3,0,0,1,0,0,9,1,8
3,2,9,0,9,0,8,0,0,0,0,1,1,6,1,51,8,2995,1,10,1,1,2,530100,164840,1,2,1,5,21,3,232,6,30,3,4,4,272,0,0,1,1,1,0,0,1,1,1,1,1,33,6,3,0,0,0,0,0,9,1,5
3,1,2,0,14,0,1,0,0,0,0,1,1,6,1,20,4,124,1,13,1,1,2,539710,175520,1,2,1,7,7,4,212,6,30,3,4,6,0,0,0,1,1,1,0,0,1,1,1,1,1,20,4,3,0,0,0,0,0,2,1,2
3,2,9,0,9,0,8,0,0,0,0,1,1,6,2,25,5,1229,1,6,1,2,2,511540,181120,1,2,2,4,26,6,0,6,30,3,4,6,0,0,0,1,1,2,0,0,1,1,2,1,2,25,5,3,0,0,0,0,0,9,1,3
3,2,9,0,18,0,1,0,0,0,0,1,1,6,2,27,6,1598,1,8,1,1,3,313888,176234,62,3,1,2,741,3,48,6,30,3,2,6,0,0,5,1,1,1,0,0,1,1,2,1,2,27,6,3,0,0,0,0,0,9,1,5
3,2,9,0,9,0,8,0,0,0,0,1,1,6,2,46,8,1587,1,10,1,1,2,502794,220896,40,2,1,4,424,6,0,2,20,3,4,3,5,0,5,1,1,1,0,0,1,1,1,1,1,33,6,3,0,0,0,0,0,9,1,5
3,1,9,0,3,0,0,0,0,0,0,2,1,1,1,33,6,1364,1,7,1,1,3,490319,267102,34,3,1,7,386,4,573,6,30,0,4,6,0,0,0,1,2,2,0,0,2,2,1,1,1,33,6,3,0,0,0,0,0,9,1,5
2,2,9,0,4,0,2,0,0,0,0,1,1,6,2,63,9,1199,1,14,1,1,2,540842,110064,47,2,1,2,554,3,277,6,20,3,2,6,0,0,4,1,2,2,0,0,1,1,1,1,1,33,6,3,0,0,0,0,0,9,1,5
2,1,9,0,18,0,0,0,0,0,0,1,1,6,2,69,10,1896,2,8,3,1,1,330310,669460,95,1,1,1,929,3,7,6,40,0,4,6,0,0,5,4,1,2,0,0,2,2,1,3,1,80,11,2,4,3,0,0,0,0,3,5
3,1,9,0,18,0,0,0,0,0,0,1,1,1,2,37,7,1998,1,10,1,1,2,340062,392533,5,2,1,5,91,6,0,6,30,0,4,6,0,0,0,1,1,1,0,0,1,1,1,1,2,37,7,3,0,0,0,0,0,9,1,8
2,2,90,0,18,0,0,0,0,0,0,1,1,1,1,24,5,2686,2,9,1,4,2,573241,172329,46,2,4,5,544,4,2000,6,40,0,4,6,0,0,0,1,1,1,0,0,2,1,3,2,2,53,8,3,0,0,0,0,0,90,1,4
3,1,9,0,18,0,1,0,0,0,0,1,1,6,1,50,8,1598,1,8,1,1,2,281924,680486,96,2,1,3,924,6,0,6,30,2,4,6,0,0,0,1,9,2,0,0,1,2,1,1,1,33,6,3,0,0,0,0,0,9,1,5
3,2,21,0,18,0,0,0,0,0,0,4,1,1,1,27,6,9200,2,10,1,1,3,395820,414210,6,3,1,2,106,1,62,3,70,0,4,6,0,0,0,1,1,1,0,0,2,1,1,1,1,33,6,3,0,0,0,0,0,9,1,5
3,2,9,0,18,0,1,0,0,0,0,1,1,1,1,45,7,1248,2,5,1,2,2,312960,677880,95,2,2,6,923,6,0,6,30,3,4,6,0,0,4,1,1,1,0,0,2,1,1,1,1,45,7,3,0,0,0,0,0,9,1,5
3,1,9,0,17,0,0,2,0,2,9,1,1,2,2,44,7,1598,1,8,1,1,1,514790,263800,35,1,1,3,393,4,645,6,60,0,4,6,0,0,0,1,1,2,0,0,2,1,1,1,2,44,7,3,0,0,0,0,0,9,1,10
3,1,5,0,18,0,1,1,0,0,0,1,1,1,1,49,8,599,1,17,1,1,1,440781,408227,14,1,1,5,210,3,6195,6,60,1,4,6,0,0,0,1,1,1,0,0,2,1,1,1,1,49,8,3,0,0,0,0,0,5,1,6
3,5,9,0,4,0,0,0,11,0,0,0,1,6,1,60,9,1995,2,3,1,3,5,410514,97473,55,5,3,1,641,4,3073,6,60,0,4,6,0,0,0,1,1,1,0,2,2,1,1,1,1,33,6,3,0,0,0,0,0,9,1,5
3,1,9,0,17,0,0,2,0,7,0,1,1,6,2,20,4,1149,1,13,3,2,1,337703,1012805,91,1,2,2,933,3,965,6,60,0,4,6,0,0,0,1,1,1,0,0,2,1,2,2,2,17,4,3,0,0,1,0,0,9,1,5
3,2,9,0,18,0,1,0,0,0,0,3,1,6,1,38,7,1968,2,1,1,1,3,495932,148358,45,3,1,5,511,3,3,3,50,5,4,3,31,0,0,1,1,1,0,0,2,1,1,1,1,33,6,3,0,0,0,0,0,9,1,5
3,1,9,0,10,0,1,0,0,0,0,2,1,6,2,47,8,1997,2,5,1,1,3,472117,286990,33,3,1,1,363,3,4304,6,30,8,4,6,6,0,0,4,1,1,0,0,1,1,1,1,2,47,8,3,0,0,0,0,0,9,1,6
3,3,9,0,4,0,1,0,0,0,0,2,1,6,2,39,7,1360,1,7,1,2,3,569141,190093,42,3,2,1,450,3,127,3,70,5,4,3,176,0,0,1,1,1,0,0,2,1,1,1,1,33,6,3,0,0,0,0,0,9,1,5
3,2,1,0,18,0,1,0,0,0,0,4,1,6,1,55,8,1598,1,8,1,1,2,262819,193315,62,2,1,5,745,6,0,6,30,1,4,3,4216,0,0,1,2,2,0,0,1,1,2,1,1,55,8,3,0,0,0,0,0,1,1,5