accident_severity,vehicle_reference,vehicle_type,towing_and_articulation,vehicle_manoeuvre,vehicle_location-restricted_lane,junction_location,skidding_and_overturning,hit_object_in_carriageway,vehicle_leaving_carriageway,hit_object_off_carriageway,1st_point_of_impact,was_vehicle_left_hand_drive?,journey_purpose_of_driver,sex_of_driver,age_of_driver,age_band_of_driver,engine_capacity_(cc),propulsion_code,age_of_vehicle,driver_home_area_type,NUmber_of_Casualities_unique_to_accident_index,No_of_Vehicles_involved_unique_to_accident_index,location_easting_osgr,location_northing_osgr,police_force,number_of_vehicles,number_of_casualties,day_of_week,local_authority_(district),1st_road_class,1st_road_number,road_type,speed_limit,junction_detail,junction_control,2nd_road_class,2nd_road_number,pedestrian_crossing-human_control,pedestrian_crossing-physical_facilities,light_conditions,weather_conditions,road_surface_conditions,special_conditions_at_site,carriageway_hazards,urban_or_rural_area,did_police_officer_attend_scene_of_accident,casualty_reference,casualty_class,sex_of_casualty,age_of_casualty,age_band_of_casualty,casualty_severity,pedestrian_location,pedestrian_movement,car_passenger,bus_or_coach_passenger,pedestrian_road_maintenance_worker,casualty_type,casualty_home_area_type,casualty_imd_decile
2,3,9,0,18,0,0,0,0,0,0,1,1,6,1,73,10,1398,2,3,1,3,3,554870,189380,1,3,3,2,15,3,127,3,70,0,4,6,0,0,0,1,1,1,0,0,1,1,3,2,2,50,8,2,0,0,1,0,0,9,1,6
3,1,9,0,5,9,6,0,0,0,0,1,1,6,2,38,7,1905,2,17,1,1,2,342529,367360,7,2,1,5,130,5,224,6,30,8,4,6,0,0,0,1,1,1,0,0,1,2,1,1,1,33,6,3,0,0,0,0,0,9,1,5
3,2,3,0,14,0,3,0,0,0,0,4,1,2,1,26,6,124,1,1,1,1,2,560119,100722,47,2,1,5,551,3,2021,6,30,1,4,3,2280,0,0,1,1,1,0,0,2,2,1,1,1,26,6,3,0,0,0,0,0,3,1,3
3,2,4,0,18,0,2,0,0,0,0,3,1,6,1,20,4,689,1,1,1,1,2,389930,389140,6,2,1,6,109,5,0,6,30,3,4,6,0,0,0,1,2,2,0,0,1,1,1,1,1,20,4,3,0,0,0,0,0,4,1,1
3,1,9,0,9,0,5,0,0,0,0,1,1,1,1,26,6,1598,1,8,1,1,2,577380,153330,46,2,1,2,536,3,274,6,30,3,4,6,0,0,8,1,1,1,0,0,1,1,1,1,1,33,6,3,0,0,0,0,0,9,1,5
3,1,5,0,9,0,5,0,0,0,0,4,1,6,1,22,5,781,1,16,1,1,2,528916,104377,47,2,1,3,565,3,259,3,30,3,4,6,0,0,0,4,4,2,0,0,1,1,1,1,1,22,5,3,0,0,0,0,0,5,1,2
3,1,1,0,11,0,3,1,0,0,0,1,1,6,1,22,5,1598,1,8,2,1,2,486339,105318,47,2,1,7,559,3,286,1,30,1,4,4,2178,0,0,4,1,1,0,0,1,1,1,1,1,22,5,3,0,0,0,0,0,1,2,7
3,2,19,0,17,0,8,0,0,0,0,4,1,6,1,54,8,1995,2,8,1,1,2,515074,105117,47,2,1,4,564,3,27,6,30,6,2,6,0,0,5,1,1,1,0,0,1,2,1,1,1,54,8,3,0,0,0,0,0,19,1,6
3,1,9,0,18,0,0,0,0,0,0,1,1,6,1,31,6,1598,1,8,1,1,2,623650,139640,46,2,1,3,539,3,20,3,70,0,4,6,0,0,0,7,8,2,0,0,2,2,1,1,1,33,6,3,0,0,0,0,0,9,1,5
3,3,9,0,2,0,0,0,0,0,0,2,1,6,3,38,7,1796,1,15,1,2,3,563530,172350,46,3,2,3,535,5,364,6,30,0,4,6,0,0,0,1,1,1,0,0,1,1,1,1,1,33,6,3,0,0,0,0,0,9,1,5
3,2,9,0,3,0,1,0,0,0,0,2,1,6,2,42,7,1997,2,4,1,1,2,505050,205310,41,2,1,6,431,3,41,7,60,1,4,3,41,0,0,1,1,1,0,0,2,1,1,1,2,42,7,3,0,0,0,0,0,9,1,10
3,2,5,0,10,0,1,0,0,0,0,2,1,6,1,40,7,750,1,19,3,1,2,616855,246125,37,2,1,1,412,3,1214,1,30,1,4,4,1077,0,0,1,1,1,0,0,1,1,1,1,1,40,7,3,0,0,0,0,0,5,3,6
3,1,9,0,18,0,8,0,0,0,0,1,1,1,1,23,5,1598,1,8,1,1,3,586133,282506,36,3,1,7,400,5,587,6,30,3,4,6,0,0,0,4,1,2,0,0,1,1,1,1,1,33,6,3,0,0,0,0,0,9,1,5
3,1,9,0,18,0,1,1,0,0,0,1,1,6,3,38,7,1598,1,17,1,1,2,394290,298430,20,2,1,3,309,3,454,3,30,6,2,6,0,0,5,4,1,1,0,0,1,1,1,1,1,33,6,3,0,0,0,0,0,9,1,5
3,1,9,0,18,0,0,0,0,4,6,1,1,6,1,65,9,1329,1,6,1,1,1,417022,422853,13,1,1,7,202,1,62,3,70,0,4,6,0,0,0,4,2,2,0,2,2,1,1,2,2,61,9,3,0,0,1,0,0,9,1,3
3,2,1,0,18,0,1,0,0,0,0,4,1,6,1,34,6,1598,1,8,1,1,2,531610,181170,48,2,1,4,570,5,0,6,30,6,2,3,201,0,5,4,1,1,0,0,1,1,1,1,1,34,6,3,0,0,0,0,0,1,1,6
3,1,9,0,18,0,0,0,0,0,0,2,1,6,1,38,7,1390,1,6,1,1,2,434146,418625,13,2,1,7,206,3,61,6,40,0,4,6,0,0,0,1,1,1,0,0,1,2,1,1,1,33,6,3,0,0,0,0,0,9,1,5
3,2,9,0,9,0,8,0,11,0,1,1,1,6,2,39,7,1590,1,8,1,1,2,324340,673040,95,2,1,4,923,6,0,6,30,6,2,6,0,0,4,1,1,1,0,0,1,1,1,1,2,39,7,3,0,0,0,0,0,9,1,5
3,2,9,0,18,0,8,0,0,0,0,2,1,1,1,33,6,2967,2,2,1,2,3,409880,282820,20,3,2,4,300,3,34,6,30,3,4,6,0,0,0,4,1,1,0,0,1,1,1,1,1,33,6,3,0,0,0,0,0,9,1,1
3,2,9,0,3,0,0,0,0,0,0,2,1,6,1,28,6,1896,2,8,1,2,3,498281,371411,32,3,2,7,352,4,1308,6,30,0,4,6,0,0,0,1,9,1,0,0,1,1,2,1,1,28,6,3,0,0,0,0,0,9,1,2
3,1,19,0,18,0,0,0,0,0,0,1,1,6,2,33,6,1753,2,11,3,1,2,347670,463370,4,2,1,2,76,3,6,6,30,0,4,6,0,0,0,1,9,1,0,0,1,1,1,1,1,33,6,3,0,0,0,0,0,9,1,5
3,1,9,0,9,0,5,0,0,0,0,1,1,6,1,38,7,1995,2,11,1,1,2,616207,243485,37,2,1,5,412,6,0,6,30,6,4,6,0,0,0,1,1,1,0,0,1,2,1,1,1,33,6,3,0,0,0,0,0,9,1,5
3,1,9,0,18,0,0,5,0,0,0,0,1,6,1,22,5,1598,1,8,1,1,1,331886,204125,61,1,1,7,734,3,4042,6,60,0,4,6,0,0,0,6,5,2,0,0,2,1,1,1,1,22,5,3,0,0,0,0,0,9,1,5
3,3,21,0,2,0,1,0,0,0,0,3,1,6,1,25,5,1598,1,8,1,1,3,495015,302071,33,3,1,4,368,5,9308,6,60,8,4,6,6,0,0,1,1,1,0,0,2,1,1,1,1,33,6,3,0,0,0,0,0,9,1,5
3,1,9,0,18,0,8,1,0,0,0,1,1,2,2,56,9,1242,1,8,2,1,2,515957,241052,40,2,1,2,424,4,658,6,40,6,4,6,155,0,0,1,1,1,0,0,2,1,1,1,2,56,9,3,0,0,0,0,0,9,2,8
3,2,9,0,4,0,7,0,0,0,0,2,1,1,2,56,9,1794,1,7,2,1,2,535690,265760,35,2,1,4,395,3,14,3,70,9,4,3,14,0,0,1,1,1,0,0,2,1,1,1,2,56,9,3,0,0,0,0,0,9,2,9
3,2,9,0,3,0,1,0,0,0,0,2,1,6,1,30,6,1598,1,8,1,2,2,250350,198680,63,2,2,6,751,4,4304,1,40,1,4,6,0,0,0,4,5,2,0,0,2,1,1,2,2,30,6,3,0,0,1,0,0,9,1,5
3,2,9,0,2,0,0,0,0,0,0,4,1,6,3,38,7,1997,2,10,1,1,2,572314,188883,42,2,1,5,450,6,0,6,30,0,4,6,0,0,0,1,1,1,0,0,1,1,1,1,1,33,6,3,0,0,0,0,0,9,1,5
3,1,9,0,9,0,6,0,0,0,0,1,1,2,2,49,8,1968,2,2,1,1,2,388877,347229,21,2,1,4,257,6,0,6,30,3,4,6,0,0,0,4,2,4,0,0,1,1,1,1,1,33,6,3,0,0,0,0,0,9,1,5
3,1,9,0,17,0,0,2,0,2,10,4,1,6,1,32,6,1598,1,8,3,1,1,221580,237420,63,1,1,7,752,6,0,6,60,0,4,6,0,0,0,6,2,2,0,0,2,1,1,1,1,32,6,3,0,0,0,0,0,9,3,3
3,1,9,0,18,0,1,0,0,0,0,1,1,6,1,27,6,1956,2,2,1,2,2,445513,539716,11,2,2,4,169,3,1086,6,30,3,4,6,0,0,0,4,1,1,0,0,1,1,1,1,1,33,6,3,0,0,0,0,0,9,1,5
3,2,1,0,14,0,0,0,0,0,0,2,1,6,2,69,10,1598,1,8,1,1,2,346263,93026,55,2,1,1,645,4,3162,6,30,0,4,6,0,0,8,4,1,1,0,0,1,2,1,1,2,69,10,3,0,0,0,0,0,1,1,5
3,1,3,0,13,0,8,0,0,0,0,4,1,2,1,27,6,108,1,2,1,1,1,512150,180520,1,1,1,4,27,3,4020,6,30,3,4,6,0,0,0,1,1,1,0,0,1,1,1,3,2,36,7,3,5,1,0,0,2,0,1,10
3,2,9,0,4,0,1,0,0,0,0,2,1,6,1,23,5,2495,2,20,2,1,2,351580,329660,22,2,1,3,286,4,5476,6,30,3,4,6,0,0,0,1,1,1,0,0,2,1,1,1,1,33,6,3,0,0,0,0,0,9,1,5
3,2,19,0,3,0,1,0,0,0,0,2,1,1,1,56,9,2143,2,2,1,2,3,460373,337506,31,3,2,5,347,3,6011,3,30,3,4,6,0,0,0,1,2,2,0,0,2,1,2,2,1,33,6,3,0,0,1,0,0,19,1,5
3,2,19,0,2,0,0,0,0,0,0,2,1,6,1,43,7,2477,2,9,1,1,2,429189,566159,10,2,1,7,148,3,193,6,30,0,4,6,0,0,0,1,1,1,0,0,1,1,1,1,1,33,6,3,0,0,0,0,0,9,1,5
3,1,20,0,9,0,8,0,0,0,0,4,1,6,1,28,6,1598,1,8,1,1,2,546760,177020,1,2,1,6,18,5,0,1,30,1,4,3,209,0,0,1,1,1,0,0,1,1,1,1,1,33,6,3,0,0,0,0,0,9,1,5
3,2,11,0,4,0,1,0,0,0,0,1,1,1,1,54,8,9200,2,11,1,1,2,533600,181180,48,2,1,5,570,3,11,2,30,3,2,3,1211,0,5,1,1,1,0,0,1,1,1,1,1,33,6,3,0,0,0,0,0,9,1,5
2,1,9,0,5,0,0,0,0,0,0,3,1,6,1,70,10,1598,2,3,1,1,2,181596,61841,50,2,1,2,596,6,0,6,30,0,4,6,0,0,0,1,1,1,0,0,1,1,1,1,1,33,6,3,0,0,0,0,0,9,1,5
3,2,9,0,18,0,0,0,0,4,0,3,1,6,1,24,5,1149,1,13,1,1,2,464517,261069,34,2,1,6,381,1,1,3,50,0,4,6,0,0,0,6,2,2,0,0,2,1,1,1,1,24,5,3,0,0,0,0,0,9,1,10
3,1,9,0,9,0,8,0,0,0,0,1,1,6,1,38,7,1598,1,8,1,1,2,434550,334810,30,2,1,2,323,6,0,6,30,3,4,6,0,0,0,4,1,1,0,0,1,2,1,1,1,33,6,3,0,0,0,0,0,9,1,5
2,1,9,0,16,0,2,1,0,0,0,1,1,6,2,28,6,1149,1,13,3,4,2,466231,393946,14,2,4,5,211,3,614,6,30,3,4,6,0,0,0,4,1,2,0,0,2,1,4,2,1,5,1,3,0,0,2,0,0,9,3,5
3,2,11,0,18,0,1,0,0,0,0,4,1,1,3,38,7,1598,1,8,1,1,2,525150,179330,1,2,1,6,12,3,315,6,30,3,2,4,316,0,5,1,1,1,0,0,1,2,1,1,1,33,6,3,0,0,0,0,0,9,1,5
3,2,9,0,2,0,1,0,0,0,0,3,1,6,1,38,7,1596,1,8,1,1,3,527120,191880,1,3,1,6,30,3,1003,6,30,3,4,6,0,0,0,4,1,1,0,0,1,1,1,1,1,33,6,3,0,0,0,0,0,9,1,5
3,2,9,0,5,0,8,0,0,0,0,2,1,6,2,30,6,1229,1,2,1,3,2,557805,179125,42,2,3,4,462,3,1306,1,40,1,4,6,0,0,0,4,1,2,0,0,2,1,2,1,2,30,6,3,0,0,0,0,0,9,1,10
2,2,9,0,11,0,8,0,0,0,0,4,1,2,2,46,8,1995,1,4,1,1,3,534840,200010,1,3,1,5,32,3,10,1,30,1,2,1,25,0,0,1,1,1,0,0,2,1,1,1,1,33,6,3,0,0,0,0,0,9,1,5
3,1,9,0,1,0,0,0,0,0,0,3,1,3,2,28,6,1395,1,8,1,1,4,384290,402870,6,4,1,4,102,6,0,6,30,0,4,6,0,0,0,1,1,1,0,0,1,1,1,1,2,28,6,3,0,0,0,0,0,9,1,3
3,1,9,0,18,0,0,0,7,4,4,1,1,6,1,17,4,2143,2,1,1,1,2,411267,280416,20,2,1,7,300,3,34,3,30,0,4,6,0,0,4,4,9,1,0,0,1,1,1,1,1,17,4,3,0,0,0,0,0,9,1,5
2,1,1,0,18,0,0,0,0,0,0,1,1,6,1,41,7,1598,1,8,1,1,1,514352,152806,45,1,1,3,512,6,2530,6,30,0,4,6,0,0,0,1,1,2,5,0,2,1,1,1,1,41,7,2,0,0,0,0,0,1,1,7
3,1,9,0,18,0,8,0,0,0,0,1,1,6,1,43,7,1598,1,8,1,1,2,434957,405688,14,2,1,7,210,3,61,6,30,6,2,3,6133,0,5,4,1,1,0,0,1,1,1,1,1,43,7,3,0,0,0,0,0,9,1,2
3,1,21,1,18,0,0,0,0,0,0,3,1,1,1,58,9,10837,2,5,1,4,2,471785,161384,44,2,4,6,494,3,33,6,50,0,4,6,0,0,0,1,1,1,0,0,2,1,1,1,1,33,6,3,0,0,0,0,0,9,1,5
3,2,19,0,2,0,0,0,0,1,0,2,1,1,1,64,9,2198,2,3,1,1,2,418312,525658,11,2,1,5,169,3,688,6,60,0,4,6,0,0,0,1,1,1,0,0,2,1,1,1,1,33,6,3,0,0,0,0,0,9,1,5
3,3,9,0,2,0,0,0,0,0,0,2,1,6,1,38,7,1560,2,8,1,2,3,636490,170880,46,3,2,2,541,6,4159,6,30,0,4,6,0,0,1,4,1,1,0,0,1,1,1,1,1,33,6,3,0,0,0,0,0,9,1,5
3,2,2,0,13,0,8,0,0,7,4,1,1,6,1,17,4,49,1,5,1,1,2,385628,158790,54,2,1,4,635,6,0,6,30,3,4,6,0,0,0,1,1,1,0,0,1,1,1,1,1,17,4,3,0,0,0,0,0,2,1,7
3,2,9,0,18,0,8,0,0,0,0,1,1,6,2,27,6,1598,1,8,1,2,2,427900,207404,43,2,2,2,485,4,4477,6,30,6,2,4,4020,0,0,4,1,2,0,0,1,1,2,1,2,27,6,3,0,0,0,0,0,9,1,9
3,1,9,0,5,0,7,0,0,0,0,1,1,6,1,40,7,1197,1,1,2,1,2,485604,93134,47,2,1,2,559,6,0,9,30,3,3,6,0,0,0,1,1,1,0,0,1,2,1,1,1,33,6,3,0,0,0,0,0,9,1,5
3,2,9,0,18,0,6,0,0,0,0,1,1,6,3,38,7,1598,1,8,1,1,2,507019,429174,16,2,1,5,228,6,0,6,30,3,4,6,0,0,4,1,1,1,0,0,1,1,1,1,1,33,6,3,0,0,0,0,0,9,1,5
2,2,1,0,4,0,1,0,0,0,0,1,1,6,1,24,5,1598,1,8,1,1,2,429594,273361,23,2,1,6,294,6,0,6,30,3,4,3,429,0,0,1,1,1,0,0,1,2,1,1,1,24,5,2,0,0,0,0,0,1,1,10
3,1,8,0,5,0,0,0,0,0,0,1,1,1,1,40,7,1797,8,5,1,1,1,531150,185230,1,1,1,3,3,3,1,6,20,0,4,6,0,0,1,4,1,1,0,0,1,1,1,3,1,51,8,3,1,1,0,0,2,0,1,5
2,2,9,0,18,0,0,0,0,0,0,1,1,2,1,35,6,1598,1,8,1,3,2,456096,521592,17,2,3,2,241,3,1085,3,70,0,4,6,0,0,0,1,1,1,0,0,2,1,2,1,1,35,6,2,0,0,0,0,0,9,1,2
3,1,9,0,4,0,0,0,0,0,0,2,1,6,2,22,5,998,1,8,1,1,2,390450,395640,6,2,1,7,110,3,57,3,30,0,4,6,0,0,0,1,1,1,0,0,1,1,1,1,1,33,6,3,0,0,0,0,0,9,1,5
3,2,9,0,18,0,8,0,0,0,0,1,1,6,1,35,6,1598,1,8,1,4,2,487946,275153,34,2,4,3,383,3,509,6,60,8,4,6,0,0,0,6,1,1,0,0,2,1,1,1,1,35,6,3,0,0,0,0,0,9,1,1
3,2,5,0,18,0,0,0,0,0,0,1,1,1,2,42,7,599,1,13,1,1,2,551340,173180,46,2,1,4,532,3,2,3,70,0,4,6,0,0,0,1,1,1,0,0,2,1,1,1,2,42,7,3,0,0,0,0,0,5,1,5
3,2,9,0,4,0,0,0,0,0,0,1,1,6,1,30,6,1956,2,2,3,1,2,275698,614176,98,2,1,7,917,6,461,6,60,0,4,6,0,0,0,1,1,1,0,0,2,1,1,1,1,33,6,3,0,0,0,0,0,9,1,5
3,2,1,0,12,0,0,0,0,0,0,3,1,6,1,25,5,1598,1,8,1,1,2,521180,180070,1,2,1,4,27,3,4020,6,30,0,4,6,0,0,0,4,1,1,0,0,1,1,1,1,1,25,5,3,0,0,0,0,0,1,1,1
3,2,9,0,10,0,1,0,0,0,0,2,1,6,1,50,8,1968,2,7,1,2,2,332060,382046,5,2,2,3,95,4,5151,6,30,8,4,6,0,0,0,1,1,1,0,0,2,1,2,1,1,50,8,3,0,0,0,0,0,9,1,1
3,1,9,0,16,0,7,1,0,0,0,1,1,6,2,25,5,1598,1,8,1,1,2,438230,335690,30,2,1,1,323,3,52,7,70,5,4,3,52,0,0,1,1,2,0,0,1,1,1,1,2,25,5,3,0,0,0,0,0,9,1,4
3,2,1,0,5,0,4,0,0,0,0,4,1,6,1,38,7,1598,1,8,1,1,2,501083,156993,45,2,1,4,518,3,247,1,30,2,4,3,247,0,0,1,1,1,0,0,1,1,1,1,1,33,6,3,0,0,0,0,0,9,1,5
3,1,9,0,3,0,1,0,0,0,0,1,1,6,2,72,10,1598,1,3,2,2,3,509592,322530,32,3,2,4,355,3,15,6,60,3,4,6,0,0,0,6,1,2,0,0,2,1,1,1,2,72,10,3,0,0,0,0,0,9,2,6
3,2,5,0,18,0,0,0,0,0,0,4,1,2,1,43,7,647,1,16,2,1,2,546000,183550,1,2,1,4,16,3,13,3,40,0,4,6,0,0,0,4,1,2,0,0,1,1,1,1,1,43,7,3,0,0,0,0,0,5,2,4
3,1,9,0,18,0,1,0,0,0,0,2,1,6,2,33,6,1799,1,9,1,2,2,531730,166000,1,2,2,7,20,3,236,3,30,3,4,6,0,0,0,1,1,1,0,0,1,1,1,1,2,33,6,3,0,0,0,0,0,9,1,6
2,1,9,0,18,0,0,0,0,0,0,2,1,6,1,66,10,1527,1,91,1,3,2,452039,143710,44,2,3,6,502,3,303,3,70,0,4,6,0,0,0,6,4,2,0,0,2,1,2,2,1,67,10,2,0,0,1,0,0,9,1,7
3,2,9,0,18,0,2,0,0,0,0,2,1,6,1,54,8,1598,1,14,1,2,2,529500,184600,1,2,2,7,2,3,503,6,30,3,4,6,0,0,4,4,1,1,0,0,1,1,2,2,2,53,8,3,0,0,1,0,0,9,1,2
3,1,9,0,3,0,1,0,0,0,0,2,1,2,2,19,4,1598,1,8,1,2,2,461435,447929,12,2,2,7,189,3,19,1,30,1,4,6,4910,0,0,1,1,1,0,0,2,1,1,1,2,19,4,3,0,0,0,0,0,9,1,9
3,1,9,0,9,0,8,0,0,0,0,4,1,6,1,23,5,1598,1,8,1,1,2,510470,176990,1,2,1,1,25,6,0,6,30,2,4,6,0,0,0,4,1,1,0,0,1,1,1,1,1,33,6,3,0,0,0,0,0,9,1,5
3,2,9,0,6,0,8,0,0,0,0,4,1,6,2,48,8,1997,2,7,1,1,2,447530,385224,14,2,1,7,213,3,57,3,50,3,4,4,6067,0,0,1,9,1,0,0,2,1,1,1,1,33,6,3,0,0,0,0,0,9,1,5
2,2,8,0,6,0,8,0,0,0,2,1,1,2,1,21,5,1497,8,8,1,3,2,367090,409320,6,2,3,6,100,3,673,6,40,3,4,6,0,0,0,4,2,2,0,0,1,1,1,1,1,33,6,3,0,0,0,0,0,9,1,5
3,1,9,0,10,0,8,0,0,0,0,1,1,6,2,38,7,2204,2,9,1,1,1,456794,262263,34,1,1,3,381,5,197,3,30,3,4,5,166,0,4,4,1,1,0,0,1,1,1,3,1,26,6,3,5,1,0,0,0,0,1,5
3,2,4,0,18,0,8,0,0,1,1,3,1,6,1,19,4,124,1,4,1,1,2,513686,212842,41,2,1,6,434,3,1081,6,40,3,4,6,620,0,0,4,1,1,0,0,2,1,1,1,1,19,4,3,0,0,0,0,0,4,1,10
3,2,9,0,3,0,1,0,0,0,0,0,1,6,1,45,7,1422,2,13,1,1,2,366351,77002,55,2,1,1,646,6,0,6,30,3,4,6,0,0,0,4,2,2,0,2,1,1,1,1,1,33,6,3,0,0,0,0,0,9,1,5
3,1,9,0,18,0,0,0,0,0,0,1,1,6,1,17,4,1598,1,8,1,1,3,491286,182273,43,3,1,6,477,6,62,6,30,0,4,6,0,0,0,1,2,2,0,0,1,1,1,1,1,17,4,3,0,0,0,0,0,9,1,3
3,2,8,0,1,0,1,0,0,0,0,3,1,1,1,38,7,1798,8,1,1,1,2,537080,184060,1,2,1,1,5,6,0,6,20,3,4,6,0,0,0,4,1,1,0,0,1,2,1,1,1,33,6,3,0,0,0,0,0,9,1,5
3,2,9,0,5,0,4,0,0,0,0,2,1,6,2,40,7,1896,2,9,3,2,2,146956,29632,50,2,2,7,596,6,0,1,30,1,4,6,0,0,1,1,1,1,0,0,1,1,2,1,2,40,7,3,0,0,0,0,0,9,3,5
3,2,9,0,18,0,8,0,0,0,0,1,1,6,1,24,5,1753,2,9,1,2,2,390429,344221,21,2,2,4,257,6,0,6,30,6,4,6,0,0,0,1,2,2,0,0,1,1,2,1,1,24,5,3,0,0,0,0,0,9,1,1
3,2,1,0,18,0,8,0,0,0,0,3,1,2,1,44,7,1598,1,8,1,1,2,518930,229410,41,2,1,2,433,4,656,6,30,3,4,6,1344,0,0,4,1,1,0,0,1,2,1,1,1,44,7,3,0,0,0,0,0,1,1,8
3,2,9,0,3,0,1,0,0,0,0,2,1,6,2,20,4,1598,2,1,1,3,3,441270,520976,17,3,3,5,245,5,143,6,30,3,4,6,0,0,0,1,1,1,0,0,1,1,3,2,1,22,5,3,0,0,1,0,0,9,1,2
2,2,9,0,18,0,0,0,0,0,0,0,1,6,1,17,4,1124,1,14,3,2,3,353000,527540,3,3,2,3,64,3,6,6,60,0,4,6,0,0,0,6,1,2,0,0,2,1,1,1,1,33,6,3,0,0,0,0,0,9,1,5
3,2,9,0,18,0,1,0,0,0,0,0,1,6,1,43,7,1598,1,11,1,1,2,432399,434430,13,2,1,4,204,6,0,6,30,3,4,6,0,0,0,1,1,1,0,0,1,1,1,1,1,33,6,3,0,0,0,0,0,9,1,5
2,2,9,0,18,0,0,0,0,0,0,1,1,6,2,41,7,2495,2,10,3,3,2,332766,161135,52,2,3,7,605,4,3440,6,30,0,4,6,0,0,0,1,2,2,0,0,1,2,3,2,1,12,3,3,0,0,1,0,0,9,1,3
3,1,19,0,18,0,8,0,0,0,0,1,1,6,1,30,6,2402,2,4,1,1,2,419748,565600,10,2,1,3,147,3,186,1,30,1,2,3,69,0,0,1,9,1,0,0,1,2,1,1,1,33,6,3,0,0,0,0,0,9,1,5
3,1,9,0,9,0,8,0,0,0,0,3,1,6,1,41,7,1896,2,12,1,1,2,528790,174090,1,2,1,4,10,3,24,6,30,6,4,6,0,0,0,1,1,1,0,0,1,1,1,1,1,33,6,3,0,0,0,0,0,9,1,5
3,4,9,0,4,0,0,0,0,0,0,2,1,6,1,28,6,1399,2,3,1,2,4,418432,292391,23,4,2,6,290,1,42,3,70,0,4,6,0,0,0,1,1,1,0,0,2,1,2,1,1,28,6,3,0,0,0,0,0,9,1,4
2,2,21,1,18,0,8,0,0,0,0,4,1,1,1,43,7,12740,2,2,1,2,2,438942,557170,10,2,2,6,150,3,1231,1,30,1,4,3,1231,0,0,1,1,1,0,0,1,1,1,1,1,43,7,3,0,0,0,0,0,21,1,9
3,2,1,0,13,0,0,0,0,0,0,1,1,2,1,33,6,1598,1,8,1,1,2,448050,336360,30,2,1,2,324,4,5010,6,30,0,4,6,0,0,0,4,1,1,0,0,1,1,1,1,1,33,6,3,0,0,0,0,0,1,1,5
3,2,5,0,18,0,0,0,0,0,0,4,1,6,1,44,7,1250,1,15,1,1,2,505470,178340,1,2,1,4,26,1,4,3,70,0,4,6,0,0,0,1,1,1,0,0,2,1,1,1,1,44,7,3,0,0,0,0,0,5,1,9
3,2,1,0,18,0,1,0,0,0,0,1,1,3,1,15,3,1598,1,8,1,1,2,638160,168020,46,2,1,6,541,3,255,6,30,3,4,6,0,0,0,1,1,1,0,0,1,2,1,1,1,15,3,3,0,0,0,0,0,1,1,5
3,1,9,0,9,0,8,0,0,0,0,1,1,6,2,42,7,1149,1,4,1,1,2,448583,519182,17,2,1,2,243,6,0,6,30,3,4,6,0,0,0,1,1,1,0,0,1,1,1,1,1,33,6,3,0,0,0,0,0,9,1,5
3,1,9,0,18,4,4,0,0,0,0,4,1,2,1,59,9,1900,2,15,1,1,2,341550,434820,4,2,1,5,74,3,585,3,50,1,4,1,55,0,0,1,1,1,0,0,2,1,1,1,1,33,6,3,0,0,0,0,0,9,1,5
3,1,1,0,17,0,8,0,0,0,0,3,1,6,1,38,7,1598,1,8,1,1,2,523360,178620,1,2,1,4,11,3,315,1,30,1,4,3,219,0,4,1,1,1,0,0,1,2,1,1,1,33,6,3,0,0,0,0,0,1,1,3
3,1,9,0,17,0,2,1,0,1,10,1,1,6,1,54,8,1598,1,8,2,2,1,519576,245089,40,1,2,2,424,4,1040,6,30,3,4,6,0,0,0,4,3,3,0,0,1,1,1,1,1,54,8,3,0,0,0,0,0,9,2,8
3,2,9,0,4,0,0,0,0,0,0,2,1,6,1,52,8,1968,2,3,3,1,3,352407,177495,52,3,1,6,601,1,5,3,70,0,4,6,0,0,0,1,1,1,0,0,1,1,1,1,1,33,6,3,0,0,0,0,0,9,1,5
3,1,9,0,18,0,0,0,0,0,0,1,1,6,1,19,4,1120,1,18,3,1,2,368060,424530,4,2,1,4,70,1,65,3,70,0,4,6,0,0,0,6,1,1,0,0,1,1,1,1,1,19,4,3,0,0,0,0,0,9,3,8
3,4,9,0,3,0,0,0,0,0,0,2,1,6,2,67,10,1198,1,6,1,2,4,258482,666376,97,4,2,6,926,1,8,3,50,0,4,6,0,0,0,1,2,2,0,0,1,1,1,1,2,67,10,3,0,0,0,0,0,9,1,5
3,3,19,0,4,0,1,0,0,0,0,3,1,6,1,56,9,1998,2,13,1,1,3,414796,434251,13,3,1,5,200,4,6144,6,30,6,4,6,0,0,0,1,1,1,0,0,1,2,1,1,1,33,6,3,0,0,0,0,0,9,1,5
3,2,9,0,16,0,2,1,0,0,0,1,1,6,1,22,5,1199,1,14,1,1,2,455280,349110,31,2,1,6,340,4,683,6,60,3,4,6,0,0,0,1,1,1,0,0,2,1,1,1,1,22,5,3,0,0,0,0,0,9,1,1
2,3,9,0,18,0,1,1,0,1,10,3,1,6,1,66,10,2996,1,1,3,4,4,303733,90622,50,4,4,5,580,3,3052,6,50,3,4,6,0,0,0,1,1,1,0,0,2,1,3,1,1,66,10,3,0,0,0,0,0,9,3,4
3,2,11,0,13,0,2,0,0,0,0,4,1,1,1,47,8,9360,2,6,1,2,2,325680,673950,95,2,2,3,923,6,0,3,30,3,2,5,0,0,5,1,1,1,0,0,1,1,2,2,2,50,8,3,0,0,0,4,0,11,1,5