accident_severity,vehicle_reference,vehicle_type,towing_and_articulation,vehicle_manoeuvre,vehicle_location-restricted_lane,junction_location,skidding_and_overturning,hit_object_in_carriageway,vehicle_leaving_carriageway,hit_object_off_carriageway,1st_point_of_impact,was_vehicle_left_hand_drive?,journey_purpose_of_driver,sex_of_driver,age_of_driver,age_band_of_driver,engine_capacity_(cc),propulsion_code,age_of_vehicle,driver_home_area_type,NUmber_of_Casualities_unique_to_accident_index,No_of_Vehicles_involved_unique_to_accident_index,location_easting_osgr,location_northing_osgr,police_force,number_of_vehicles,number_of_casualties,day_of_week,local_authority_(district),1st_road_class,1st_road_number,road_type,speed_limit,junction_detail,junction_control,2nd_road_class,2nd_road_number,pedestrian_crossing-human_control,pedestrian_crossing-physical_facilities,light_conditions,weather_conditions,road_surface_conditions,special_conditions_at_site,carriageway_hazards,urban_or_rural_area,did_police_officer_attend_scene_of_accident,casualty_reference,casualty_class,sex_of_casualty,age_of_casualty,age_band_of_casualty,casualty_severity,pedestrian_location,pedestrian_movement,car_passenger,bus_or_coach_passenger,pedestrian_road_maintenance_worker,casualty_type,casualty_home_area_type,casualty_imd_decile
3,1,9,0,18,0,0,1,0,1,9,1,1,3,2,43,7,3200,2,12,3,2,1,474905,395532,31,1,2,6,341,6,0,6,60,0,4,6,0,0,0,1,1,2,0,0,2,2,1,1,2,43,7,3,0,0,0,0,0,9,3,8
3,2,9,0,2,0,0,0,0,0,0,2,1,6,3,38,7,1296,1,8,1,1,2,488470,290006,34,2,1,2,380,6,5097,6,30,0,4,6,0,0,0,1,1,1,0,0,1,2,1,1,1,33,6,3,0,0,0,0,0,9,1,5
2,1,9,0,18,0,0,0,0,0,0,1,1,6,2,93,11,1198,1,4,2,1,2,488313,441246,16,2,1,5,231,6,0,6,30,0,4,6,0,0,0,1,1,1,0,0,2,1,1,1,2,93,11,2,0,0,0,0,0,9,2,6
3,1,9,0,18,0,0,0,0,0,0,1,1,6,1,40,7,1598,1,8,1,1,2,545540,258760,35,2,1,6,390,5,291,6,30,0,4,6,0,0,4,1,1,1,0,0,1,2,1,1,1,33,6,3,0,0,0,0,0,9,1,5
3,2,1,0,18,0,0,0,0,0,0,3,1,6,1,50,8,1598,1,8,1,1,2,470538,106635,44,2,1,3,495,4,2177,6,30,0,4,6,0,0,0,1,1,1,0,0,1,2,1,1,1,50,8,3,0,0,0,0,0,1,1,8
3,1,9,0,4,0,0,0,0,0,0,1,1,2,2,18,4,998,1,12,3,2,3,612451,242378,37,3,2,3,410,3,14,3,70,0,4,6,0,0,0,1,1,1,0,0,2,1,1,1,2,18,4,3,0,0,0,0,0,9,3,10
3,1,19,0,1,0,0,0,0,0,0,2,1,1,1,42,7,1598,1,8,1,1,2,451061,206592,43,2,1,6,482,6,320,6,20,0,4,6,0,0,0,1,1,2,0,0,1,1,1,1,1,33,6,3,0,0,0,0,0,9,1,5
3,1,9,0,4,0,0,0,0,0,0,2,1,6,1,64,9,1598,1,15,1,2,3,364460,313450,22,3,2,5,284,4,5063,6,40,0,4,6,0,0,0,1,1,2,0,0,1,1,1,1,1,64,9,3,0,0,0,0,0,9,1,5
3,2,9,0,18,0,0,0,0,0,0,1,1,6,2,19,4,1896,2,7,1,1,2,531440,192270,1,2,1,1,32,3,406,3,40,0,4,6,0,0,0,1,1,1,0,0,1,1,1,1,1,33,6,3,0,0,0,0,0,9,1,5
2,2,9,0,16,0,0,0,0,0,0,1,1,6,1,69,10,1124,1,17,1,3,2,566942,253185,37,2,3,5,414,4,1061,6,30,0,4,6,0,0,0,4,1,2,0,0,2,1,3,2,2,72,10,2,0,0,1,0,0,9,1,4
3,1,9,0,18,0,1,0,0,0,0,1,1,6,1,74,10,2204,2,10,2,1,2,606930,124930,46,2,1,3,539,4,2071,6,30,9,4,6,0,0,4,1,2,2,0,0,2,1,1,2,2,79,11,3,0,0,1,0,0,9,2,7
3,2,21,1,4,0,0,0,0,0,0,2,1,1,1,24,5,1598,1,8,3,2,2,362070,245000,22,2,2,3,285,3,4103,6,40,0,4,6,0,0,0,1,4,1,0,2,2,1,1,1,1,33,6,3,0,0,0,0,0,9,1,5
3,2,9,0,9,0,8,0,0,0,0,3,1,6,2,26,6,2000,1,8,1,5,2,523740,169080,1,2,5,5,22,3,298,3,30,8,4,6,0,0,0,1,1,1,0,0,1,1,5,2,1,5,1,3,0,0,2,0,0,9,1,9
3,1,90,0,18,0,0,0,0,0,0,0,1,6,3,38,7,1598,1,8,1,1,1,433150,336400,30,1,1,6,323,6,0,6,30,0,4,6,0,0,0,1,1,1,0,0,1,2,1,3,2,69,10,3,5,9,0,0,0,0,1,1
2,1,9,0,17,0,0,1,0,0,0,4,1,6,1,28,6,1360,1,12,1,2,2,397380,401200,6,2,2,3,110,3,635,6,40,0,4,6,0,0,0,4,1,2,0,0,2,1,1,1,1,28,6,2,0,0,0,0,0,9,1,2
3,1,9,0,4,0,1,0,0,0,0,1,1,6,2,49,8,1242,1,1,2,1,2,415414,416288,13,2,1,3,203,3,629,3,30,3,2,6,0,0,5,1,1,1,0,0,1,1,1,1,1,33,6,3,0,0,0,0,0,9,1,5
3,1,9,0,18,0,4,0,0,0,0,1,1,6,2,42,7,1242,1,12,3,1,2,481611,390004,32,2,1,2,356,4,1433,1,30,1,4,3,159,0,0,1,1,1,0,0,1,2,1,1,2,42,7,3,0,0,0,0,0,9,1,1
2,3,19,0,3,0,1,0,0,0,0,2,1,6,1,40,7,1896,2,9,1,3,3,529970,182290,1,3,3,4,2,3,4200,6,30,6,2,5,0,0,5,1,2,2,0,0,1,1,1,1,1,33,6,3,0,0,0,0,0,9,1,5
3,1,9,0,3,0,0,0,0,0,0,3,1,1,2,25,5,1686,2,4,1,1,2,460283,305208,33,2,1,5,364,3,47,6,30,0,4,6,0,0,4,1,1,1,0,0,1,1,1,1,1,33,6,3,0,0,0,0,0,9,1,5
3,1,9,0,5,0,8,5,0,1,3,4,1,6,2,57,9,4164,2,12,1,2,2,477556,157900,44,2,2,6,494,3,30,3,70,6,4,6,0,0,0,1,1,1,0,0,2,1,1,1,2,57,9,3,0,0,0,0,0,9,1,6
3,2,1,0,18,0,8,0,0,0,0,4,1,6,1,47,8,1598,1,8,1,1,2,315156,188881,61,2,1,3,731,3,469,1,30,1,4,6,0,0,0,1,1,1,0,0,1,2,1,1,1,47,8,3,0,0,0,0,0,1,1,5
3,1,9,0,9,0,1,0,0,0,0,1,1,6,1,59,9,2987,2,9,1,1,2,413359,93553,55,2,1,2,640,6,0,6,30,9,4,3,3060,2,0,1,1,1,0,0,2,2,1,1,1,33,6,3,0,0,0,0,0,9,1,5
2,1,9,0,17,0,0,0,11,1,4,1,1,6,2,19,4,1299,1,11,2,2,2,492995,149027,45,2,2,3,511,5,16,6,40,0,4,6,0,0,0,1,2,2,0,2,2,1,1,1,2,19,4,2,0,0,0,0,0,9,2,10
3,1,9,0,4,0,1,0,0,0,0,2,1,6,1,46,8,1240,1,6,1,2,2,545370,183930,1,2,2,6,16,3,123,6,30,3,4,6,0,0,4,1,1,1,0,0,1,1,2,2,2,12,3,3,0,0,2,0,0,9,1,3
3,1,9,0,18,0,6,0,0,0,0,1,1,2,1,40,7,1598,1,8,1,2,2,438568,234083,43,2,2,5,481,6,409,6,60,3,4,6,0,0,0,6,1,1,0,0,2,1,1,1,1,40,7,3,0,0,0,0,0,9,1,5
2,1,5,0,3,0,0,0,0,0,0,3,1,6,1,48,8,1598,1,8,1,2,1,383630,451330,4,1,2,4,80,3,682,6,60,0,4,6,0,0,0,1,2,2,0,0,2,1,2,2,2,41,7,3,0,0,2,0,0,5,1,2
3,3,19,0,18,0,8,0,0,0,0,3,1,6,1,35,6,1598,1,8,1,2,3,539460,178950,1,3,2,3,6,3,102,6,30,3,4,6,0,0,0,1,1,1,0,0,1,1,1,1,1,33,6,3,0,0,0,0,0,9,1,5
2,1,5,0,18,0,8,0,0,1,5,1,1,2,1,46,8,582,1,12,1,1,1,461242,105532,44,1,1,3,492,3,27,6,30,3,4,6,0,0,0,1,1,1,0,0,1,1,1,1,1,46,8,2,0,0,0,0,0,5,1,5
3,1,19,0,1,0,1,0,0,0,0,2,1,1,1,27,6,1995,2,2,3,1,2,536782,139708,45,2,1,7,516,3,264,6,40,8,4,6,0,0,0,1,1,1,0,0,1,1,1,1,1,33,6,3,0,0,0,0,0,9,1,5
3,1,9,0,18,0,0,0,4,0,0,1,1,6,1,24,5,1596,1,10,1,1,4,406517,425260,13,4,1,1,202,6,0,6,30,0,4,6,0,0,0,1,1,1,0,0,1,1,1,1,1,24,5,3,0,0,0,0,0,9,1,5
3,1,9,0,18,0,0,0,10,5,6,1,1,6,1,30,6,1596,1,4,1,1,1,312394,719933,93,1,1,6,934,1,90,3,70,0,4,6,0,0,0,1,2,2,0,0,2,1,1,1,1,30,6,3,0,0,0,0,0,9,1,5
3,1,9,0,18,0,8,0,0,0,0,3,1,6,2,26,6,1461,2,1,1,2,2,530310,186540,1,2,2,1,3,6,0,6,20,6,4,6,0,0,0,1,1,1,0,0,1,1,1,1,2,26,6,3,0,0,0,0,0,9,1,4
3,1,9,0,9,0,6,0,0,0,0,3,1,1,2,18,4,1299,1,11,2,1,2,561009,319068,36,2,1,2,407,5,80,6,40,3,4,5,39,0,0,4,1,1,0,0,2,1,1,1,1,33,6,3,0,0,0,0,0,9,1,5
3,2,9,0,18,0,0,0,0,1,0,1,1,6,1,34,6,1598,1,8,1,1,3,546840,221870,41,3,1,4,432,3,120,6,60,0,4,6,0,0,0,1,1,1,0,0,2,1,1,1,1,34,6,3,0,0,0,0,0,9,1,5
3,1,9,0,18,0,3,1,0,1,10,1,1,6,1,19,4,1389,1,13,1,1,1,509161,220945,40,1,1,1,421,3,505,1,30,1,4,6,0,0,7,4,2,2,0,0,1,1,1,1,1,19,4,3,0,0,0,0,0,9,1,2
3,2,8,0,18,0,2,0,0,0,0,2,1,1,1,40,7,1797,8,5,1,2,2,384170,399010,6,2,2,2,102,3,665,2,30,3,2,3,6042,0,0,4,2,2,0,0,1,1,1,2,1,38,7,3,0,0,1,0,0,8,1,2
3,1,1,0,18,0,8,0,0,0,0,3,1,6,1,28,6,1598,1,8,1,1,2,457457,304566,33,2,1,1,364,5,1145,6,30,3,4,6,1440,0,0,4,9,1,0,0,1,2,1,1,1,28,6,3,0,0,0,0,0,1,1,1
3,1,9,0,18,0,0,0,0,0,0,1,1,1,1,65,9,1968,2,9,1,1,1,257207,668312,97,1,1,2,926,3,81,6,30,0,4,6,0,0,5,1,1,1,0,0,1,1,1,3,1,5,1,3,1,1,0,0,0,0,1,5
3,2,9,0,18,0,1,1,0,7,0,4,1,6,1,47,8,1399,2,3,1,1,2,440315,284580,23,2,1,7,292,4,4029,6,30,3,4,6,0,0,0,1,1,1,0,0,2,1,1,1,1,47,8,3,0,0,0,0,0,9,1,7
2,1,9,0,5,0,1,0,0,0,0,4,1,6,1,65,9,1242,1,3,1,1,2,335390,435720,4,2,1,4,74,6,0,6,60,3,4,6,0,0,0,1,1,1,0,0,2,1,1,1,1,33,6,3,0,0,0,0,0,9,1,5
3,2,9,0,18,0,4,0,0,0,0,1,1,6,1,71,10,2967,1,12,1,2,2,499587,156120,45,2,2,5,518,3,320,1,30,1,4,4,380,0,0,7,1,2,0,0,2,2,1,1,1,33,6,3,0,0,0,0,0,9,1,5
3,2,9,0,18,0,0,0,0,0,0,1,1,6,1,62,9,2000,2,10,3,1,2,629054,308406,36,2,1,7,401,3,1042,6,60,0,4,6,0,0,0,4,2,2,0,0,2,1,1,1,1,33,6,3,0,0,0,0,0,9,1,5
2,1,1,0,18,0,8,0,0,0,0,2,1,6,1,48,8,1598,1,8,1,1,2,508865,434223,16,2,1,6,228,3,1033,1,30,1,4,6,0,0,4,4,1,1,0,0,1,1,1,1,1,48,8,2,0,0,0,0,0,1,1,7
3,1,9,0,18,0,4,0,0,0,0,1,1,2,2,38,7,1388,1,17,1,1,2,453285,318505,33,2,1,6,362,3,6004,1,30,1,4,6,6201,0,0,1,8,1,0,0,1,1,1,1,1,33,6,3,0,0,0,0,0,9,1,5
3,1,9,0,3,0,1,0,0,0,0,2,1,6,1,26,6,1595,1,2,1,3,2,514161,196778,41,2,3,1,33,3,41,6,60,6,2,6,660,0,0,1,1,2,0,0,2,2,2,2,2,25,5,3,0,0,1,0,0,9,1,7
3,2,9,0,18,0,0,0,10,0,0,4,1,2,1,23,5,1896,2,14,1,1,2,413800,290590,20,2,1,5,300,3,452,3,40,0,4,6,0,0,0,1,1,1,0,0,1,1,1,1,1,23,5,3,0,0,0,0,0,9,1,10
3,2,9,0,4,0,1,0,0,0,0,1,1,6,1,38,7,1598,1,8,1,1,2,529800,184970,1,2,1,2,3,3,503,6,30,6,2,3,5200,0,5,1,1,1,0,0,1,1,1,1,1,33,6,3,0,0,0,0,0,9,1,5
3,2,4,0,18,0,8,0,0,0,0,1,1,6,1,26,6,124,1,16,1,1,2,385310,251420,22,2,1,4,273,3,38,6,60,3,4,6,0,0,0,1,1,1,0,0,2,1,1,1,1,26,6,3,0,0,0,0,0,4,1,2
3,2,9,0,18,0,0,0,0,0,0,3,1,6,3,38,7,1598,1,8,1,1,2,440062,103197,44,2,1,5,496,4,3054,6,60,0,4,6,0,0,0,7,1,1,0,0,2,2,1,1,1,33,6,3,0,0,0,0,0,9,1,5
3,2,8,0,10,0,1,0,0,0,0,2,1,1,1,28,6,1422,2,6,1,1,2,462395,397745,14,2,1,2,211,4,6463,6,30,3,4,6,0,0,0,1,1,1,0,0,1,1,1,2,2,82,11,3,0,0,2,0,0,8,1,8
3,1,9,0,18,0,0,2,0,7,4,1,1,6,1,27,6,1598,1,8,1,1,1,315549,202399,61,1,1,1,731,6,0,6,60,0,4,6,0,0,0,6,2,2,7,0,2,2,1,1,1,27,6,3,0,0,0,0,0,9,1,5
1,1,9,0,18,0,0,0,0,8,10,3,1,6,1,17,4,2494,1,16,1,3,2,359300,404000,6,2,3,7,114,3,573,6,30,0,4,6,0,0,0,4,1,1,0,0,1,1,3,1,1,17,4,3,0,0,0,0,0,9,1,2
3,1,9,0,10,0,8,0,0,0,0,2,1,3,2,31,6,1998,1,13,1,1,2,462361,304905,33,2,1,6,364,6,716,6,30,8,4,6,6,0,0,1,9,1,0,0,1,2,1,2,2,2,1,3,0,0,2,0,0,9,1,1
3,2,9,0,18,0,1,0,7,1,10,4,1,6,2,25,5,1796,1,12,1,6,2,297360,518130,3,2,6,3,63,6,0,2,30,6,4,6,0,0,0,4,1,1,0,0,1,1,2,1,2,25,5,3,0,0,0,0,0,9,1,3
3,2,9,0,2,0,0,0,0,0,0,0,1,6,1,37,7,1988,1,13,1,1,2,627625,329977,36,2,1,6,405,5,506,6,30,0,4,6,0,0,0,1,1,1,0,0,1,1,1,1,1,33,6,3,0,0,0,0,0,9,1,5
3,1,9,0,14,0,2,0,4,0,0,1,1,1,2,47,8,1197,1,8,1,1,2,409860,282520,20,2,1,6,300,6,0,6,30,3,4,6,0,0,0,1,1,1,0,0,1,1,1,3,2,5,1,3,5,4,0,0,0,0,1,5
3,1,9,0,4,0,1,0,0,0,0,1,1,6,2,17,4,1242,1,5,3,1,2,330645,387065,5,2,1,3,95,4,5151,6,30,3,4,6,0,0,0,1,2,2,0,0,1,1,1,1,1,33,6,3,0,0,0,0,0,9,1,5
2,1,9,0,18,0,2,0,0,0,0,4,1,1,2,70,10,1242,1,7,1,1,2,506190,185560,1,2,1,4,26,4,467,3,30,1,4,3,40,0,8,1,1,1,0,0,1,2,1,1,2,70,10,2,0,0,0,0,0,9,1,9
3,4,9,0,4,0,0,0,0,0,0,2,1,6,1,36,7,2148,2,8,1,3,4,541530,188830,1,4,3,7,14,3,406,3,50,0,4,6,0,0,0,1,1,1,0,0,2,1,1,1,1,33,6,3,0,0,0,0,0,9,1,5
3,1,9,0,1,0,6,0,0,0,0,4,1,6,2,59,9,1598,1,2,1,1,2,395809,550064,10,2,1,2,139,5,298,6,60,3,4,6,0,0,0,1,2,2,0,0,2,1,1,1,1,33,6,3,0,0,0,0,0,9,1,5
3,1,18,0,18,1,1,0,0,0,0,1,1,1,1,54,8,1598,1,8,2,1,1,317850,672130,95,1,1,2,923,6,0,6,20,6,2,6,0,0,5,1,1,1,0,0,1,1,1,3,1,32,6,3,1,1,0,0,0,0,1,5
3,1,9,0,4,0,1,0,0,0,0,1,1,6,1,40,7,2830,2,20,1,2,2,437152,554629,10,2,2,4,150,3,690,3,40,6,2,6,5143,1,5,1,1,1,0,0,1,1,2,2,2,29,6,3,0,0,1,0,0,9,1,5
3,1,9,0,4,0,0,0,0,0,0,2,1,6,1,37,7,1956,2,1,1,2,2,545080,175740,1,2,2,5,18,3,209,6,30,0,4,6,0,0,0,1,1,1,0,0,1,1,2,2,2,20,4,3,0,0,1,0,0,9,1,5
3,1,1,0,18,9,1,0,0,0,0,3,1,6,1,24,5,1598,1,8,1,1,2,330929,186240,61,2,1,3,733,6,0,6,30,8,4,6,0,0,0,1,2,2,0,0,1,1,1,1,1,24,5,3,0,0,0,0,0,1,1,5
3,1,21,4,17,0,0,0,0,2,1,4,1,1,1,41,7,12740,2,5,3,1,1,602840,120070,46,1,1,4,539,5,345,6,60,0,4,6,0,0,0,1,4,1,5,0,2,1,1,1,1,41,7,3,0,0,0,0,0,21,3,5
3,1,9,0,3,0,1,0,0,0,0,2,1,6,2,50,8,1461,2,1,1,2,2,503398,171106,45,2,2,2,514,3,320,6,40,9,4,6,0,0,0,1,1,1,0,0,1,1,1,1,2,50,8,3,0,0,0,0,0,9,1,3
3,2,9,0,18,0,0,5,0,0,0,3,1,6,1,86,11,1242,1,2,3,2,2,535752,390441,32,2,2,6,351,5,645,6,60,0,4,6,0,0,0,1,1,1,0,0,2,1,1,1,1,86,11,3,0,0,0,0,0,9,3,4
3,1,9,0,1,0,0,0,0,0,0,2,1,6,1,55,8,1956,2,4,1,1,2,258412,665681,97,2,1,7,926,6,0,2,30,0,4,6,0,0,0,4,1,1,0,0,1,1,1,1,1,33,6,3,0,0,0,0,0,9,1,5
3,2,9,0,8,0,5,0,0,0,0,2,1,2,1,50,8,1968,2,4,2,2,2,615530,158580,46,2,2,4,531,3,28,6,30,8,4,6,0,0,4,1,1,1,0,0,1,1,2,1,1,50,8,3,0,0,0,0,0,9,2,7
3,2,1,0,18,0,8,0,0,0,0,1,1,2,1,23,5,1598,1,8,1,1,2,528320,184620,1,2,1,3,2,5,0,6,30,6,2,4,517,0,5,1,1,1,0,0,1,1,1,1,1,23,5,3,0,0,0,0,0,1,1,1
3,1,9,0,13,0,4,5,9,3,10,1,1,6,1,25,5,1968,2,5,1,4,2,414264,422901,13,2,4,1,202,3,6025,1,30,1,4,3,644,0,0,4,1,1,0,0,1,1,2,2,2,32,6,3,0,0,1,0,0,9,1,2
3,1,11,0,18,0,0,0,0,0,0,0,1,6,1,35,6,9000,2,3,3,1,1,440693,411253,14,1,1,6,210,3,628,6,30,0,4,6,0,0,0,1,1,1,0,0,2,2,1,2,2,2,1,3,0,0,0,4,0,11,3,3
3,4,9,0,3,0,0,0,0,0,0,2,1,6,2,55,8,1149,1,10,1,3,4,432636,454746,12,4,3,7,182,3,661,6,30,0,4,6,0,0,0,1,1,1,0,0,1,1,2,1,2,55,8,3,0,0,0,0,0,9,1,9
3,2,1,0,18,0,4,0,0,0,0,1,1,6,2,43,7,1598,1,8,1,1,2,381950,403600,6,2,1,6,101,5,0,1,30,2,4,5,0,0,0,1,1,1,0,0,1,1,1,1,2,43,7,3,0,0,0,0,0,1,1,5
3,1,9,0,7,0,8,0,0,0,0,1,1,6,1,81,11,1229,1,5,1,2,2,516290,176390,1,2,2,5,25,3,310,6,30,3,4,6,0,0,1,1,1,1,0,0,1,1,1,1,1,81,11,3,0,0,0,0,0,9,1,9
3,1,9,0,16,0,0,1,0,0,0,1,1,6,1,62,9,1598,1,8,2,4,2,260018,101749,50,2,4,2,589,3,3072,3,60,0,4,6,0,0,0,1,3,3,0,0,2,1,1,1,1,62,9,3,0,0,0,0,0,9,2,3
3,1,11,0,4,0,1,0,0,0,0,3,1,1,1,30,6,4500,2,1,1,1,2,534930,181890,1,2,1,4,5,3,11,3,30,6,2,3,107,0,5,4,1,1,0,0,1,1,1,1,1,33,6,3,0,0,0,0,0,9,1,5
3,1,1,0,18,0,0,0,0,0,0,3,1,6,2,34,6,1598,1,8,1,1,3,531310,176010,1,3,1,3,9,6,0,6,30,0,4,6,0,0,0,1,1,1,0,0,1,2,1,1,2,34,6,3,0,0,0,0,0,1,1,10
3,1,1,0,18,4,0,0,0,0,0,1,1,1,1,42,7,1598,1,8,1,2,1,530730,180680,1,1,2,6,1,3,3211,6,30,0,4,6,0,0,1,1,1,1,4,0,1,1,1,3,2,40,7,3,1,1,0,0,2,0,1,5
3,2,9,0,18,0,1,0,0,0,0,2,1,6,1,46,8,1598,1,12,3,2,3,583847,216475,42,3,2,6,451,3,12,3,70,5,4,6,0,0,0,1,1,1,0,0,2,1,1,1,1,33,6,3,0,0,0,0,0,9,1,5
3,1,1,0,15,0,1,0,8,0,0,1,1,6,1,34,6,1598,1,8,1,1,2,532740,181050,48,2,1,3,570,5,0,6,30,3,4,5,0,0,0,1,1,1,0,0,1,2,1,1,1,34,6,3,0,0,0,0,0,1,1,6
3,3,9,0,2,0,0,0,0,0,0,3,1,6,3,38,7,1299,1,12,1,1,3,364773,173185,52,3,1,6,612,4,4046,6,30,0,4,6,0,0,0,4,2,2,0,0,1,1,1,1,1,33,6,3,0,0,0,0,0,9,1,5
3,1,9,0,14,4,0,0,0,0,0,4,1,6,1,57,9,1984,1,8,1,1,2,291283,64340,50,2,1,7,587,6,0,2,30,0,4,6,0,0,0,1,1,1,0,0,1,1,1,1,1,33,6,3,0,0,0,0,0,9,1,5
3,1,9,0,9,0,8,0,0,0,0,2,1,6,2,35,6,1598,1,8,1,1,2,420034,420458,13,2,1,5,203,6,0,6,30,3,4,6,0,0,0,1,1,1,0,0,1,1,1,1,2,35,6,3,0,0,0,0,0,9,1,2
3,1,9,0,17,0,0,2,0,7,9,1,1,6,2,26,6,1598,1,8,1,3,1,495770,319480,32,1,3,1,355,5,431,6,60,0,4,6,0,0,0,1,1,2,0,0,2,1,2,2,2,39,7,3,0,0,1,0,0,9,1,3
3,1,9,0,16,0,0,0,0,7,4,1,1,6,2,68,10,1598,1,8,1,1,1,270106,200800,62,1,1,2,745,4,4291,6,30,0,4,6,0,0,0,1,4,1,0,0,1,1,1,1,2,68,10,3,0,0,0,0,0,9,1,5
3,1,1,0,16,0,0,5,0,0,0,3,1,6,1,38,7,1598,1,8,1,1,2,295196,114844,50,2,1,7,586,6,0,6,60,0,4,6,0,0,0,1,2,2,0,0,2,1,1,1,1,33,6,3,0,0,0,0,0,1,1,8
2,1,9,0,18,0,8,0,0,0,0,1,1,2,2,39,7,1499,1,8,1,1,1,488114,287188,34,1,1,2,380,6,5112,6,30,3,4,6,0,0,0,1,1,2,0,0,1,1,1,3,1,27,6,2,5,1,0,0,0,0,1,5
3,1,19,0,17,0,0,0,0,0,0,3,1,1,1,23,5,1870,2,13,2,1,2,456672,198110,43,2,1,2,484,4,4015,6,50,0,4,6,0,0,0,1,2,2,6,0,2,1,1,1,1,33,6,3,0,0,0,0,0,9,1,5
3,1,19,0,1,0,1,0,0,0,0,2,1,2,1,24,5,2198,2,5,1,1,2,421233,312181,21,2,1,6,252,5,48,6,40,3,4,6,552,0,0,1,1,1,0,0,2,2,1,1,1,33,6,3,0,0,0,0,0,9,1,5
3,3,9,0,18,0,8,0,0,0,0,1,1,6,2,23,5,1388,1,8,1,5,6,516341,256185,40,6,5,7,420,3,1,3,60,8,4,6,0,0,0,1,1,2,0,0,2,1,1,1,2,23,5,3,0,0,0,0,0,9,1,5
2,1,8,0,13,0,8,0,0,0,0,1,1,1,1,25,5,2143,2,3,1,1,3,519390,178290,1,3,1,5,25,3,4,1,30,1,4,3,205,0,0,1,1,1,0,0,1,1,1,1,1,33,6,3,0,0,0,0,0,9,1,5
3,1,9,0,3,0,1,0,0,0,0,2,1,3,1,35,6,1797,8,4,1,3,2,534120,192520,1,2,3,6,32,3,1010,6,30,3,4,6,0,0,0,1,1,1,0,0,1,1,2,2,2,35,6,3,0,0,1,0,0,9,1,1
2,2,1,0,16,0,1,0,0,0,0,2,1,1,1,24,5,1598,1,8,1,1,2,345200,463060,4,2,1,2,76,6,0,6,30,3,4,6,0,0,0,1,1,1,0,0,1,1,1,1,1,24,5,2,0,0,0,0,0,1,1,6
2,2,5,0,17,0,0,0,0,0,0,1,1,6,1,22,5,599,1,14,1,1,2,370532,166612,52,2,1,6,611,3,431,6,60,0,4,6,0,0,0,1,1,1,0,0,2,1,1,1,1,22,5,2,0,0,0,0,0,5,1,6
2,2,9,0,5,0,8,0,0,0,0,2,1,6,1,35,6,1199,2,3,1,1,2,410109,283834,20,2,1,2,300,6,0,6,30,3,4,6,0,0,0,4,1,2,0,0,1,2,1,1,1,35,6,2,0,0,0,0,0,9,1,1
3,1,9,0,18,0,1,0,0,0,0,1,1,6,1,38,7,1560,2,2,1,1,4,568368,196550,42,4,1,4,450,4,1007,6,30,9,4,6,0,0,0,1,1,1,0,0,1,2,1,1,1,33,6,3,0,0,0,0,0,9,1,5
3,1,9,2,18,0,0,5,0,7,0,1,1,6,1,32,6,1769,1,11,1,1,1,351828,755424,93,1,1,4,912,4,9134,6,60,0,4,6,0,0,0,1,1,1,0,0,2,1,1,1,1,32,6,3,0,0,0,0,0,9,1,5
3,1,9,0,18,0,2,0,0,0,0,4,1,6,3,38,7,1598,1,8,1,1,1,330438,710008,94,1,1,4,925,6,0,6,20,3,4,6,0,0,0,1,1,1,0,0,2,1,1,3,1,30,6,3,5,1,0,0,0,0,1,5
2,1,1,0,18,0,0,0,8,0,0,1,1,2,1,56,9,1598,1,8,1,1,2,530060,179630,1,2,1,2,1,3,302,6,30,0,4,6,0,0,0,1,1,1,0,0,1,2,1,1,1,56,9,2,0,0,0,0,0,1,1,8
3,1,9,0,16,0,5,0,10,0,0,1,2,6,3,38,7,1242,1,15,1,1,3,370840,409710,6,3,1,6,100,5,0,6,30,3,2,4,6226,0,0,4,1,2,0,2,1,2,1,1,1,33,6,3,0,0,0,0,0,9,1,5
2,1,1,0,18,0,1,0,0,0,0,1,1,6,1,38,7,1598,1,8,1,1,1,532520,181940,1,1,1,6,3,4,100,6,30,3,4,6,0,0,0,1,1,1,0,6,1,2,1,1,1,33,6,2,0,0,0,0,0,1,1,5
3,1,9,0,3,0,1,0,0,0,0,1,1,6,2,23,5,1598,1,8,1,1,1,310650,291110,63,1,1,6,753,3,489,6,30,7,2,3,483,0,5,1,1,1,0,0,1,2,1,3,1,11,3,3,1,1,0,0,0,0,1,5
3,2,9,0,17,0,1,0,0,1,0,1,1,6,2,50,8,1598,1,5,1,2,2,515094,158018,45,2,2,5,512,3,245,6,30,3,4,5,131,0,0,1,1,1,0,0,2,1,2,1,2,50,8,3,0,0,0,0,0,9,1,8
3,2,9,0,10,0,1,0,0,0,0,3,1,6,1,65,9,1248,1,4,2,1,4,414815,91969,55,4,1,3,640,4,3059,6,30,3,4,6,0,0,8,1,1,1,0,0,1,1,1,1,1,33,6,3,0,0,0,0,0,9,1,5
3,2,1,0,18,0,6,0,0,0,0,1,1,6,1,13,3,1598,1,8,1,1,2,507843,225314,40,2,1,3,421,6,0,6,20,3,4,6,0,0,0,1,1,1,0,0,1,2,1,1,1,13,3,3,0,0,0,0,0,1,1,4
3,1,9,0,9,0,8,0,4,0,0,3,1,6,1,79,11,1560,2,4,1,2,2,535500,194330,1,2,2,5,32,4,137,6,30,8,4,6,0,0,0,1,1,1,0,0,1,1,1,1,1,79,11,3,0,0,0,0,0,9,1,1