accident_severity,vehicle_reference,vehicle_type,towing_and_articulation,vehicle_manoeuvre,vehicle_location-restricted_lane,junction_location,skidding_and_overturning,hit_object_in_carriageway,vehicle_leaving_carriageway,hit_object_off_carriageway,1st_point_of_impact,was_vehicle_left_hand_drive?,journey_purpose_of_driver,sex_of_driver,age_of_driver,age_band_of_driver,engine_capacity_(cc),propulsion_code,age_of_vehicle,driver_home_area_type,NUmber_of_Casualities_unique_to_accident_index,No_of_Vehicles_involved_unique_to_accident_index,location_easting_osgr,location_northing_osgr,police_force,number_of_vehicles,number_of_casualties,day_of_week,local_authority_(district),1st_road_class,1st_road_number,road_type,speed_limit,junction_detail,junction_control,2nd_road_class,2nd_road_number,pedestrian_crossing-human_control,pedestrian_crossing-physical_facilities,light_conditions,weather_conditions,road_surface_conditions,special_conditions_at_site,carriageway_hazards,urban_or_rural_area,did_police_officer_attend_scene_of_accident,casualty_reference,casualty_class,sex_of_casualty,age_of_casualty,age_band_of_casualty,casualty_severity,pedestrian_location,pedestrian_movement,car_passenger,bus_or_coach_passenger,pedestrian_road_maintenance_worker,casualty_type,casualty_home_area_type,casualty_imd_decile
3,1,9,0,18,0,0,0,0,0,0,3,1,6,3,38,7,1360,1,8,1,1,2,572710,160030,46,2,1,3,542,5,21,6,30,0,4,6,0,0,0,1,1,1,0,0,2,2,1,1,1,33,6,3,0,0,0,0,0,9,1,5
3,1,8,0,6,0,0,0,0,0,0,3,1,6,1,49,8,2499,2,7,1,1,2,528730,178820,1,2,1,6,1,3,3214,3,30,0,4,6,0,0,0,4,1,1,0,0,1,1,1,1,1,33,6,3,0,0,0,0,0,9,1,5
3,1,9,0,18,0,0,0,0,0,0,1,1,6,1,56,9,1198,1,2,1,1,2,459787,310146,33,2,1,4,362,6,3601,6,30,0,4,6,0,0,0,4,1,1,0,0,1,1,1,1,1,33,6,3,0,0,0,0,0,9,1,5
3,1,9,0,3,0,4,0,0,0,0,2,1,6,2,27,6,1968,2,7,1,1,2,397648,292590,20,2,1,2,305,4,4517,6,30,1,4,3,461,0,0,1,1,2,0,0,1,2,1,1,2,27,6,3,0,0,0,0,0,9,1,1
3,1,1,0,18,0,8,0,0,0,0,3,1,6,2,18,4,1598,1,8,1,1,2,507354,429498,16,2,1,4,228,6,0,6,30,3,2,6,0,0,5,1,1,1,0,0,1,2,1,1,2,18,4,3,0,0,0,0,0,1,1,5
3,1,9,0,18,0,0,0,0,0,0,4,1,6,2,17,4,998,1,7,3,3,2,397075,98510,55,2,3,6,647,3,31,6,60,0,4,6,0,0,0,1,1,1,0,0,2,1,3,2,1,58,9,3,0,0,1,0,0,9,3,10
3,1,9,0,9,0,1,0,0,0,0,0,1,6,2,72,10,2204,2,6,2,1,2,270931,677940,97,2,1,2,932,3,803,6,30,9,4,6,0,0,0,1,1,1,0,0,2,1,1,1,1,33,6,3,0,0,0,0,0,9,1,5
2,2,1,0,18,0,8,0,0,1,0,1,1,6,1,28,6,1598,1,8,1,1,2,389070,389870,6,2,1,6,109,5,0,6,30,9,4,6,0,0,0,1,1,1,0,0,1,1,1,1,1,28,6,2,0,0,0,0,0,1,1,3
3,1,9,0,9,0,8,0,0,0,0,1,1,2,1,43,7,1199,1,1,1,1,2,406319,441087,13,2,1,4,200,6,0,6,30,3,4,6,0,0,0,4,2,2,0,0,1,1,1,1,1,33,6,3,0,0,0,0,0,9,1,5
3,2,9,0,9,0,8,0,0,0,0,4,1,6,1,40,7,1598,1,8,1,1,2,536600,187340,1,2,1,6,13,3,104,6,30,6,4,6,0,0,4,1,1,1,0,0,1,2,1,1,1,33,6,3,0,0,0,0,0,9,1,5
3,1,9,0,5,0,0,0,0,0,0,0,1,1,1,51,8,1149,1,8,1,1,2,413011,92785,55,2,1,4,640,3,35,6,30,0,4,6,0,0,5,4,1,1,0,0,1,2,1,1,1,33,6,3,0,0,0,0,0,9,1,5
2,1,9,0,18,0,0,0,0,0,0,1,1,1,1,38,7,1598,1,8,3,3,2,428020,362120,30,2,3,4,329,3,6,6,40,0,4,6,0,0,0,1,1,1,0,0,1,2,1,1,1,33,6,2,0,0,0,0,0,9,3,8
3,2,1,0,18,0,8,0,0,0,0,1,1,1,1,58,9,1598,1,8,1,1,2,332790,442530,4,2,1,4,85,3,585,1,30,1,4,4,5412,0,0,5,8,2,0,0,1,1,1,1,1,58,9,3,0,0,0,0,0,1,1,5
3,1,9,0,18,0,0,0,0,0,0,1,1,6,2,54,8,1597,1,19,1,1,2,585153,186106,42,2,1,7,460,6,0,6,30,0,4,6,0,0,0,4,1,1,0,0,1,2,1,1,1,33,6,3,0,0,0,0,0,9,1,5
3,2,9,0,1,0,0,0,0,0,0,2,1,6,1,33,6,2477,2,10,1,1,2,525745,410802,16,2,1,1,233,6,0,6,30,0,4,6,0,0,0,1,1,1,0,0,1,2,1,1,1,33,6,3,0,0,0,0,0,9,1,5
3,1,9,0,18,0,0,0,0,0,0,3,1,6,1,28,6,1598,1,5,1,1,2,444900,359990,30,2,1,5,321,1,1,3,70,0,4,6,0,0,0,1,1,1,4,0,2,2,1,2,2,27,6,3,0,0,1,0,0,9,1,7
3,1,9,0,18,0,0,2,0,1,0,1,1,6,2,34,6,1590,1,11,1,5,4,570650,153410,46,4,5,6,536,3,26,6,40,0,4,6,0,0,0,1,1,1,0,0,2,1,5,2,2,63,9,3,0,0,2,0,0,9,1,5
3,1,9,0,18,0,8,0,0,0,0,1,1,6,1,39,7,1796,1,9,1,2,2,437740,278420,20,2,2,1,302,3,428,3,30,3,2,4,4082,0,0,4,1,1,0,0,1,1,2,2,1,19,4,3,0,0,1,0,0,9,1,9
2,1,9,0,17,0,1,2,0,1,10,1,1,6,1,78,11,1360,1,4,2,2,1,411432,463586,12,1,2,7,182,5,270,6,60,8,4,6,0,0,0,1,3,3,0,0,2,1,2,2,2,81,11,2,0,0,1,0,0,9,2,10
3,2,9,0,3,0,0,0,0,0,0,2,1,6,2,32,6,1198,1,4,1,3,3,410550,288740,20,3,3,1,300,4,4114,6,30,0,4,6,0,0,0,1,1,1,0,0,1,1,1,1,2,32,6,3,0,0,0,0,0,9,1,1
3,1,9,0,5,0,4,0,0,0,0,1,1,6,1,30,6,1368,1,9,1,1,2,446960,341460,30,2,1,6,324,5,339,1,30,2,4,6,0,0,0,4,2,2,0,0,1,1,1,1,1,33,6,3,0,0,0,0,0,9,1,5
3,2,21,0,9,0,5,0,0,0,0,4,1,1,1,46,8,12777,2,7,1,1,2,368250,424330,4,2,1,3,70,3,666,6,30,3,2,3,666,0,0,1,1,1,0,0,1,1,1,1,1,33,6,3,0,0,0,0,0,9,1,5
3,2,9,0,18,0,8,0,0,0,0,3,1,5,1,50,8,1896,2,13,1,1,2,433538,291809,23,2,1,7,291,6,0,6,30,7,4,6,0,0,0,1,1,1,0,0,1,1,1,1,1,50,8,3,0,0,0,0,0,9,1,4
3,2,9,0,4,0,0,0,0,0,0,2,1,6,1,54,8,1956,2,8,1,2,2,561140,246980,35,2,2,5,395,3,1307,6,60,0,4,6,0,0,0,1,1,1,0,0,2,1,2,2,2,52,8,3,0,0,1,0,0,9,1,8
3,2,9,0,18,0,2,0,0,0,0,1,1,6,2,40,7,1246,1,8,1,3,4,453940,341822,31,4,3,2,346,4,690,6,30,6,2,6,0,0,5,1,1,1,0,0,1,1,2,1,2,40,7,3,0,0,0,0,0,9,1,4
3,2,1,0,18,0,6,0,0,0,0,3,1,6,1,10,2,1598,1,8,1,1,2,317124,196206,61,2,1,7,731,6,0,6,30,3,4,6,0,0,0,4,1,1,0,0,1,1,1,1,1,10,2,3,0,0,0,0,0,1,1,5
3,1,11,0,16,0,0,0,4,1,10,3,1,6,1,42,7,9000,2,12,1,8,3,536460,167690,1,3,8,7,19,3,214,6,30,0,4,6,0,0,0,4,1,1,0,0,1,1,6,2,1,19,4,3,0,0,0,4,0,11,1,8
2,1,8,0,18,0,8,0,0,0,0,0,1,6,1,51,8,2664,2,15,1,1,1,518920,180430,1,1,1,1,27,3,4020,6,30,3,4,6,0,0,0,4,1,1,0,0,1,1,1,2,1,33,6,2,0,0,2,0,0,8,1,5
3,2,9,0,18,0,3,0,0,0,0,1,1,6,2,30,6,1388,1,12,1,3,2,359387,388123,7,2,3,4,128,3,57,3,30,1,2,5,1025,0,4,4,1,1,0,0,2,2,2,2,2,7,2,3,0,0,2,0,0,9,1,3
3,1,9,0,18,0,1,0,0,0,0,4,1,6,2,37,7,875,1,1,1,1,4,528250,182070,1,4,1,2,1,3,501,3,30,3,2,6,0,0,5,1,1,1,0,0,1,1,1,1,1,33,6,3,0,0,0,0,0,9,1,5
3,2,9,0,14,0,8,0,0,0,0,4,1,6,2,46,8,1997,2,8,1,1,2,422423,304032,21,2,1,6,258,5,372,6,30,3,4,6,14,0,0,1,1,1,0,0,1,2,1,1,2,46,8,3,0,0,0,0,0,9,1,8
3,3,9,0,18,0,1,0,0,0,0,0,1,1,1,38,7,2967,2,2,1,1,3,401610,296090,20,3,1,2,307,6,0,6,30,6,4,6,0,0,0,1,1,1,0,0,1,1,1,1,1,33,6,3,0,0,0,0,0,9,1,5
3,2,9,0,3,0,1,0,0,0,0,0,1,6,1,19,4,973,1,13,1,2,2,248594,54890,50,2,2,3,583,6,0,6,30,9,4,6,0,0,0,1,1,1,0,0,1,2,2,2,1,21,5,3,0,0,1,0,0,9,1,3
3,1,9,0,18,0,0,0,0,1,9,1,1,6,1,82,11,1000,1,13,1,1,2,429714,110490,44,2,1,2,496,3,337,6,60,0,4,6,0,0,0,1,2,2,0,0,2,1,1,1,1,82,11,3,0,0,0,0,0,9,1,7
3,1,8,0,4,0,8,0,0,0,0,1,1,1,1,50,8,1797,8,5,1,2,2,624008,311135,36,2,2,4,404,3,1042,1,30,1,4,3,1151,0,0,1,1,1,0,0,1,2,2,2,2,71,10,3,0,0,2,0,0,8,1,4
2,2,5,0,18,0,1,0,0,0,0,1,1,2,1,50,8,1598,1,8,1,1,2,330306,193762,61,2,1,7,734,6,0,6,30,3,4,6,0,0,0,4,1,1,0,0,1,1,1,1,1,50,8,2,0,0,0,0,0,5,1,5
3,2,9,0,18,0,0,0,0,0,0,1,1,1,1,51,8,1598,1,8,2,1,2,273820,237110,63,2,1,4,751,6,0,9,30,0,4,6,0,0,0,1,1,2,0,0,2,2,1,1,1,33,6,3,0,0,0,0,0,9,1,5
3,1,2,0,9,0,4,0,0,0,0,3,1,1,1,36,7,1598,1,8,1,2,2,496241,203319,43,2,2,4,478,6,5,6,30,3,4,6,2002,0,0,1,1,2,0,0,1,1,1,1,1,36,7,3,0,0,0,0,0,2,1,6
3,1,3,0,18,0,0,0,0,0,0,1,1,6,1,21,5,102,1,11,1,2,1,529240,178390,1,1,2,6,1,6,0,6,30,0,4,6,0,0,0,1,1,1,0,0,1,1,1,1,1,21,5,3,0,0,0,0,0,3,1,3
3,2,9,0,4,0,0,1,0,0,0,1,1,1,2,23,5,1242,1,9,3,1,3,368643,393592,7,3,1,4,128,1,62,3,70,0,4,6,0,0,0,1,2,2,0,0,2,1,1,1,2,23,5,3,0,0,0,0,0,9,3,9
3,3,1,0,9,0,0,0,0,0,0,3,1,6,1,34,6,1598,1,8,1,1,3,524790,322953,32,3,1,6,354,4,1172,6,30,0,4,6,0,0,0,4,1,1,0,0,1,1,1,1,1,34,6,3,0,0,0,0,0,1,1,4
3,1,8,0,1,0,6,0,0,0,0,4,1,1,1,55,8,1598,1,8,1,1,1,326637,201662,61,1,1,2,734,6,0,6,30,3,4,6,0,0,0,4,1,1,0,0,2,1,1,3,1,57,9,3,5,1,0,0,0,0,1,5
3,1,9,0,9,0,6,0,0,0,0,3,1,6,1,38,7,1598,1,8,1,1,2,470052,339103,31,2,1,3,347,3,52,6,60,3,4,5,28,0,0,1,1,1,0,0,2,1,1,1,1,33,6,3,0,0,0,0,0,9,1,5
3,1,3,0,18,0,8,0,0,0,0,1,1,6,1,21,5,124,1,2,1,2,2,374512,163421,52,2,2,6,611,6,0,6,20,3,4,6,0,0,0,1,1,1,0,0,1,1,1,1,1,21,5,3,0,0,0,0,0,3,1,8
3,2,1,0,18,0,8,0,0,0,0,1,1,6,1,33,6,1598,1,8,1,1,3,461826,303651,33,3,1,3,364,3,6030,6,30,3,4,6,2034,0,0,4,1,1,0,0,1,1,1,1,1,33,6,3,0,0,0,0,0,1,1,9
3,1,9,0,13,0,1,5,10,1,0,1,1,6,1,25,5,1395,1,8,1,1,2,437056,383383,14,2,1,3,215,6,0,6,30,3,4,6,0,0,0,1,1,1,0,0,1,1,1,1,1,25,5,3,0,0,0,0,0,9,1,2
3,1,9,0,17,0,0,0,0,7,0,1,1,6,1,25,5,2172,2,12,1,3,3,486455,166631,43,3,3,7,470,6,7002,6,30,0,4,6,0,0,8,1,1,2,0,0,1,1,1,1,1,25,5,3,0,0,0,0,0,9,1,7
3,3,5,0,4,0,0,0,0,0,0,2,1,6,1,48,8,1255,1,5,1,1,4,337280,488130,3,4,1,7,65,6,0,6,60,0,4,6,0,0,0,1,1,1,0,0,2,1,1,1,1,33,6,3,0,0,0,0,0,9,1,5
3,1,8,0,9,0,2,0,0,0,0,3,1,1,1,44,7,1598,2,2,1,1,1,401010,297180,20,1,1,5,307,6,0,6,30,3,4,6,0,0,0,4,2,2,0,0,1,1,1,3,1,19,4,3,5,3,0,0,0,0,1,2
3,3,19,0,18,0,1,0,0,0,0,1,1,6,1,38,7,1560,2,2,1,1,3,535030,200010,1,3,1,3,32,1,25,3,30,5,4,3,10,0,0,1,1,1,0,0,2,1,1,1,1,33,6,3,0,0,0,0,0,9,1,5
3,1,9,0,18,0,3,0,0,0,0,4,1,6,1,74,10,1396,1,2,1,1,2,507931,103182,47,2,1,1,558,3,259,1,50,1,4,4,2140,0,0,1,1,2,0,0,2,2,1,1,1,33,6,3,0,0,0,0,0,9,1,5
3,1,9,0,12,0,1,0,0,0,0,1,1,2,2,20,4,1229,1,10,3,1,2,396293,817089,92,2,1,2,911,3,90,3,70,3,4,6,0,0,0,1,1,2,0,0,2,1,1,1,2,20,4,3,0,0,0,0,0,9,3,5
3,1,9,0,18,0,0,0,0,1,4,1,1,6,1,41,7,1995,1,11,1,1,1,535903,151878,45,1,1,4,516,3,25,6,40,0,4,6,0,0,0,4,2,2,0,0,2,1,1,1,1,41,7,3,0,0,0,0,0,9,1,5
3,2,9,0,7,0,8,0,0,0,0,4,1,6,1,34,6,1390,2,11,1,1,2,540650,178410,1,2,1,7,6,3,206,6,30,3,4,6,0,0,1,1,1,1,0,0,1,1,1,1,1,33,6,3,0,0,0,0,0,9,1,5
3,1,9,0,18,0,0,0,0,0,0,1,1,2,1,40,7,1598,1,8,1,1,2,385890,389390,6,2,1,6,109,1,60,3,70,0,4,6,0,0,0,1,1,1,0,0,2,1,1,1,1,33,6,3,0,0,0,0,0,9,1,5
3,1,11,0,5,0,1,0,0,0,0,0,1,1,1,61,9,9360,2,6,1,1,1,326940,675890,95,1,1,6,923,6,0,6,30,3,2,3,901,0,0,4,1,1,0,0,1,2,1,2,2,57,9,3,0,0,0,3,0,11,1,8
3,2,9,0,3,0,1,0,0,0,0,2,1,6,2,30,6,2926,2,13,1,3,3,336519,152181,52,3,3,4,607,3,38,6,30,8,4,6,0,0,0,1,1,1,0,0,2,1,2,1,2,30,6,3,0,0,0,0,0,9,1,10
3,1,9,0,9,0,8,0,0,0,0,4,1,6,1,51,8,1600,1,8,1,1,2,532040,177030,1,2,1,4,9,3,202,6,30,3,4,3,202,0,0,1,1,1,0,0,1,1,1,1,1,33,6,3,0,0,0,0,0,9,1,5
3,1,9,0,18,0,6,0,0,0,0,1,1,6,1,54,8,1598,1,8,1,1,2,529329,105301,47,2,1,5,565,4,2120,6,30,3,4,6,0,0,0,4,1,1,0,0,1,1,1,1,1,33,6,3,0,0,0,0,0,9,1,5
3,1,9,0,18,0,0,0,0,0,0,3,1,6,2,49,8,1997,2,12,1,1,2,419885,417727,13,2,1,7,203,4,6118,6,40,0,4,6,0,0,0,1,1,2,0,0,2,1,1,1,2,49,8,3,0,0,0,0,0,9,1,5
3,2,9,0,4,0,0,0,0,0,0,1,1,6,2,26,6,1997,2,8,1,1,2,486610,189433,43,2,1,7,480,6,1823,6,60,0,4,6,0,0,0,1,2,2,0,0,2,1,1,1,2,26,6,3,0,0,0,0,0,9,1,10
3,1,9,0,9,0,1,0,0,0,0,0,1,6,2,58,9,1995,1,13,1,2,2,525290,186070,1,2,2,5,2,5,0,6,30,3,4,6,0,0,0,1,1,1,0,0,1,1,1,1,1,33,6,3,0,0,0,0,0,9,1,5
3,1,11,0,18,2,0,0,0,0,0,1,1,1,1,45,7,5900,2,8,1,1,1,340174,364970,7,1,1,5,130,3,483,6,30,0,4,6,0,0,4,1,1,1,0,0,2,1,1,3,2,16,4,3,4,1,0,0,0,0,1,5
3,2,9,0,3,0,0,0,0,0,0,2,1,6,1,38,7,1596,1,7,1,2,2,389920,301580,20,2,2,5,309,6,0,6,30,0,4,6,0,0,0,1,1,1,0,0,2,1,2,2,2,26,6,3,0,0,1,0,0,9,1,5
2,1,9,0,9,0,5,0,0,0,0,4,1,6,2,17,4,1388,1,7,1,1,2,435909,288877,23,2,1,5,291,4,4113,6,50,3,4,6,0,0,0,1,1,1,0,0,2,1,1,1,1,33,6,3,0,0,0,0,0,9,1,5
3,1,9,0,18,0,8,5,0,0,0,1,1,6,2,34,6,999,1,5,1,1,2,362331,168913,52,2,1,4,601,6,0,6,30,3,4,6,0,0,0,1,1,1,0,0,1,1,1,1,2,34,6,3,0,0,0,0,0,9,1,1
3,1,9,0,18,0,2,0,0,0,0,4,1,6,1,29,6,1796,1,10,2,1,1,479102,471418,12,1,1,6,185,6,376,6,30,3,4,6,1248,0,0,1,1,1,0,0,1,2,1,3,1,15,3,3,5,1,0,0,0,0,1,6
3,2,9,0,5,0,8,0,0,0,0,4,1,6,2,23,5,1242,1,12,1,1,2,417730,430565,13,2,1,1,200,3,6177,3,40,3,2,6,0,0,0,4,1,2,0,0,1,2,1,1,2,23,5,3,0,0,0,0,0,9,1,5
3,1,5,0,18,0,1,0,0,0,0,1,1,6,1,30,6,1598,1,8,1,1,2,534440,177840,1,2,1,7,8,3,2,3,30,3,2,4,216,0,5,1,2,2,0,0,1,1,1,1,1,30,6,3,0,0,0,0,0,5,1,5
3,1,9,0,3,0,0,0,0,0,0,3,1,6,2,45,7,1596,1,8,1,1,3,551590,176500,1,3,1,4,18,3,206,6,30,0,4,6,0,0,5,1,1,1,0,0,1,1,1,1,1,33,6,3,0,0,0,0,0,9,1,5
3,2,5,0,17,0,0,0,0,0,0,1,1,6,1,31,6,599,1,14,1,1,2,341134,170083,52,2,1,3,605,6,0,6,30,0,4,6,0,0,0,1,1,1,0,0,1,1,1,1,1,31,6,3,0,0,0,0,0,5,1,7
3,1,9,0,18,0,1,0,11,1,0,0,1,6,1,52,8,1560,2,2,1,2,2,392298,454320,12,2,2,7,180,3,65,6,60,8,4,6,0,0,0,6,4,2,0,2,2,1,1,1,1,52,8,3,0,0,0,0,0,9,1,9
2,2,1,2,18,0,1,0,0,0,0,1,1,6,1,51,8,1598,1,8,1,1,2,328030,675130,95,2,1,4,923,6,0,6,30,3,4,6,0,0,0,1,1,1,0,0,1,2,1,1,1,51,8,2,0,0,0,0,0,1,1,5
3,1,1,0,18,0,8,0,0,0,0,1,1,6,1,48,8,1598,1,8,1,1,2,539970,174910,1,2,1,7,6,3,20,6,30,3,4,6,0,0,0,1,1,1,0,0,1,1,1,1,1,48,8,3,0,0,0,0,0,1,1,5
3,1,9,0,17,0,0,2,0,8,10,1,1,6,1,42,7,1598,1,8,2,1,1,193260,235830,63,1,1,6,752,3,487,6,60,0,4,6,0,0,0,1,2,2,1,0,2,1,1,1,1,42,7,3,0,0,0,0,0,9,2,5
3,2,8,0,18,0,8,0,0,0,0,1,1,6,1,54,8,1497,8,7,1,1,2,511100,178820,1,2,1,2,25,5,0,6,30,2,4,6,0,0,0,1,1,1,0,0,1,1,1,1,1,33,6,3,0,0,0,0,0,9,1,5
3,2,9,0,18,0,1,0,0,0,0,1,1,6,3,38,7,1598,1,8,1,1,2,534780,197470,1,2,1,2,32,5,0,6,30,2,4,6,0,0,0,1,1,1,0,0,1,2,1,1,1,33,6,3,0,0,0,0,0,9,1,5
3,1,2,0,18,0,0,0,0,0,0,1,1,6,1,29,6,109,1,2,1,1,2,530700,185920,1,2,1,2,3,6,0,6,30,0,4,6,0,0,0,1,1,2,0,0,1,1,1,1,1,29,6,3,0,0,0,0,0,2,1,2
3,1,9,0,7,9,1,0,0,0,0,3,1,6,1,53,8,1896,2,13,1,1,2,614933,244528,37,2,1,4,412,3,1214,3,30,8,4,6,0,0,0,1,1,1,0,0,1,1,1,1,1,33,6,3,0,0,0,0,0,9,1,5
3,1,1,0,18,0,0,0,0,0,0,1,1,6,1,17,4,1598,1,8,1,1,2,419960,418989,13,2,1,1,203,6,0,6,30,0,4,6,0,0,0,1,1,1,0,0,2,2,1,1,1,17,4,3,0,0,0,0,0,1,1,5
3,1,19,0,4,0,1,0,12,0,0,1,1,2,1,50,8,1598,1,8,1,1,1,429524,572251,10,1,1,4,148,4,1317,6,60,3,4,4,1322,0,0,1,1,1,0,7,2,1,1,1,1,50,8,3,0,0,0,0,0,19,1,6
3,1,8,0,18,0,0,0,0,0,0,0,1,6,1,38,7,1598,1,8,1,1,1,347464,387493,7,1,1,1,124,6,1,6,30,0,4,6,0,0,0,7,1,1,0,0,2,2,1,2,2,47,8,3,0,0,2,0,0,8,1,8
3,1,9,0,9,0,8,0,0,0,0,1,1,2,1,54,8,1956,2,2,1,1,2,533260,185880,1,2,1,2,4,5,0,6,20,3,4,6,0,0,0,1,1,2,0,0,1,1,1,1,1,33,6,3,0,0,0,0,0,9,1,5
3,1,20,0,9,0,5,0,0,0,0,1,1,1,1,48,8,6370,2,13,1,1,2,435171,284801,23,2,1,6,291,4,4113,6,30,9,4,6,0,0,0,1,1,1,0,0,1,1,1,1,1,33,6,3,0,0,0,0,0,9,1,5
3,1,9,0,5,0,4,0,0,0,0,3,1,2,1,60,9,1086,1,4,3,1,2,447377,165293,43,2,1,2,471,3,339,1,50,1,4,6,7139,0,0,4,1,4,0,0,1,1,1,1,1,33,6,3,0,0,0,0,0,9,1,5
3,4,9,0,2,0,0,0,0,0,0,1,1,6,3,38,7,1596,1,5,1,1,5,491004,225796,40,5,1,1,424,6,0,6,30,0,4,6,0,0,0,1,8,2,0,0,1,1,1,1,1,33,6,3,0,0,0,0,0,9,1,5
3,2,9,0,18,0,0,0,0,4,6,4,1,6,1,42,7,1956,2,8,2,3,2,425907,326537,21,2,3,4,251,3,38,3,70,0,4,6,0,0,0,1,1,1,0,0,1,2,2,2,2,41,7,3,0,0,1,0,0,9,2,6
3,1,9,0,18,0,0,0,0,0,0,1,1,6,1,31,6,2967,1,12,3,3,2,595338,237096,37,2,3,7,410,3,134,6,60,0,4,6,0,0,0,6,1,1,0,0,2,1,1,1,1,31,6,3,0,0,0,0,0,9,3,8
3,2,9,0,18,0,2,0,0,0,0,4,1,6,1,23,5,2993,2,7,1,1,2,545190,188380,1,2,1,5,14,3,12,3,50,3,4,6,0,0,0,4,1,1,0,0,1,1,1,1,1,33,6,3,0,0,0,0,0,9,1,5
3,3,9,0,2,0,0,0,0,0,0,3,1,6,3,38,7,1598,2,1,1,1,3,504784,248610,40,3,1,4,420,6,0,6,30,0,4,6,0,0,0,1,1,1,0,0,1,1,1,1,1,33,6,3,0,0,0,0,0,9,1,5
3,1,9,0,4,0,8,0,0,0,0,2,1,6,1,45,7,1598,1,8,1,1,2,530000,171660,1,2,1,4,9,3,214,2,30,7,2,3,216,0,5,1,1,2,0,0,1,1,1,1,1,45,7,3,0,0,0,0,0,9,1,1
3,1,9,0,18,0,0,0,0,0,0,1,1,6,2,62,9,1598,1,9,1,1,2,547530,184340,1,2,1,2,16,5,0,6,30,0,4,6,0,0,0,1,1,1,0,0,1,1,1,1,1,33,6,3,0,0,0,0,0,9,1,5
3,2,9,0,4,0,0,0,0,0,0,0,1,6,2,43,7,998,1,5,1,1,2,426544,427134,13,2,1,4,204,6,0,6,30,0,4,6,0,0,1,1,1,1,0,0,1,1,1,1,2,43,7,3,0,0,0,0,0,9,1,2
2,1,9,0,18,0,0,0,0,0,0,1,1,6,3,38,7,1598,1,8,1,1,1,528720,189790,1,1,1,6,31,4,550,6,30,0,4,6,0,0,0,4,1,1,0,0,1,1,1,3,2,33,6,2,5,1,0,0,2,0,1,5
3,1,9,0,18,0,1,0,0,0,0,1,1,6,1,77,11,1834,1,18,1,1,2,332660,436890,4,2,1,4,71,6,0,6,30,3,4,6,0,0,0,1,1,1,0,0,1,1,1,1,1,33,6,3,0,0,0,0,0,9,1,5
3,2,9,0,2,0,0,0,4,0,0,2,1,4,2,64,9,1242,1,5,1,1,4,291298,64928,50,4,1,6,587,6,0,6,30,0,4,6,0,0,0,4,1,1,0,0,1,1,1,1,1,33,6,3,0,0,0,0,0,9,1,5
3,2,19,0,18,0,8,0,0,0,0,1,1,6,1,23,5,1248,2,8,1,1,2,555160,187870,1,2,1,5,15,6,0,1,30,2,4,6,0,0,0,1,1,1,0,0,1,1,1,1,1,33,6,3,0,0,0,0,0,9,1,5
3,1,9,0,16,0,0,0,0,4,6,1,1,6,2,41,7,1948,1,14,3,1,1,463957,104905,44,1,1,5,498,1,27,3,50,0,4,6,0,0,0,1,2,2,0,0,2,1,1,1,2,41,7,3,0,0,0,0,0,9,3,8
3,1,4,0,18,0,1,0,0,0,0,0,1,2,1,72,10,279,1,2,2,1,1,570451,268936,37,1,1,1,411,5,611,6,60,3,4,6,0,0,0,6,1,1,0,1,2,1,1,1,1,72,10,3,0,0,0,0,0,4,2,6
3,1,9,0,18,0,1,0,0,0,0,1,1,6,1,32,6,2171,2,14,2,1,2,391940,299650,20,2,1,2,309,3,460,6,30,3,4,6,0,0,4,4,1,1,0,0,1,1,1,1,1,32,6,3,0,0,0,0,0,9,2,3
3,2,9,0,18,0,0,0,0,0,0,1,1,2,2,48,8,1560,2,1,1,1,2,266184,845670,91,2,1,3,927,3,82,3,30,0,4,6,0,0,0,1,1,1,0,0,2,1,1,1,2,48,8,3,0,0,0,0,0,9,1,5
3,2,11,0,16,0,0,0,0,0,0,1,1,6,2,30,6,1598,1,8,1,7,2,605922,233188,42,2,7,5,455,4,1029,6,30,0,4,6,0,0,0,1,1,1,0,0,2,1,3,2,1,65,9,3,0,0,0,4,0,11,1,5
2,1,9,0,18,0,0,0,0,0,0,4,1,6,1,75,10,1968,2,5,1,1,3,521024,162734,45,3,1,6,38,4,2200,6,30,0,4,6,0,0,0,1,1,1,0,0,1,1,1,1,1,33,6,3,0,0,0,0,0,9,1,5
3,1,9,0,18,0,0,0,0,0,0,1,1,6,2,47,8,1598,1,5,1,1,1,357049,176603,52,1,1,5,601,6,0,9,20,0,4,6,0,0,0,4,1,2,0,0,1,1,1,3,1,16,4,3,5,9,0,0,0,0,1,10
3,1,19,0,4,0,1,1,0,0,0,1,1,1,1,35,6,1560,2,3,1,1,2,213086,65071,50,2,1,4,596,3,38,6,50,3,4,6,0,0,0,1,3,4,0,0,2,1,1,1,1,33,6,3,0,0,0,0,0,9,1,5
3,1,9,0,2,0,1,0,0,0,0,3,1,6,1,29,6,2993,2,9,1,1,2,530070,170760,1,2,1,7,9,4,272,6,30,3,4,6,0,0,0,1,1,1,0,0,1,1,1,1,1,29,6,3,0,0,0,0,0,9,1,5
3,4,9,0,18,0,0,0,0,6,0,1,1,6,1,41,7,1598,2,8,1,2,5,508197,200384,41,5,2,3,436,3,41,3,70,0,4,6,0,0,0,1,1,2,0,0,2,1,1,1,1,33,6,3,0,0,0,0,0,9,1,5