accident_severity,vehicle_reference,vehicle_type,towing_and_articulation,vehicle_manoeuvre,vehicle_location-restricted_lane,junction_location,skidding_and_overturning,hit_object_in_carriageway,vehicle_leaving_carriageway,hit_object_off_carriageway,1st_point_of_impact,was_vehicle_left_hand_drive?,journey_purpose_of_driver,sex_of_driver,age_of_driver,age_band_of_driver,engine_capacity_(cc),propulsion_code,age_of_vehicle,driver_home_area_type,NUmber_of_Casualities_unique_to_accident_index,No_of_Vehicles_involved_unique_to_accident_index,location_easting_osgr,location_northing_osgr,police_force,number_of_vehicles,number_of_casualties,day_of_week,local_authority_(district),1st_road_class,1st_road_number,road_type,speed_limit,junction_detail,junction_control,2nd_road_class,2nd_road_number,pedestrian_crossing-human_control,pedestrian_crossing-physical_facilities,light_conditions,weather_conditions,road_surface_conditions,special_conditions_at_site,carriageway_hazards,urban_or_rural_area,did_police_officer_attend_scene_of_accident,casualty_reference,casualty_class,sex_of_casualty,age_of_casualty,age_band_of_casualty,casualty_severity,pedestrian_location,pedestrian_movement,car_passenger,bus_or_coach_passenger,pedestrian_road_maintenance_worker,casualty_type,casualty_home_area_type,casualty_imd_decile
3,2,9,0,1,9,0,0,0,0,0,0,1,6,2,52,8,1560,2,4,1,1,2,517636,158342,45,2,1,6,512,6,2507,6,30,0,4,6,0,0,0,1,1,1,0,0,1,1,1,1,1,33,6,3,0,0,0,0,0,9,1,5
3,1,9,0,18,0,0,0,0,0,0,4,1,2,1,34,6,1386,1,4,1,1,1,559216,181517,42,1,1,3,462,4,186,6,30,0,4,6,0,0,0,1,1,1,0,0,1,1,1,3,2,12,3,3,5,9,0,0,0,0,1,5
3,3,9,0,18,0,1,0,0,0,0,1,1,6,1,61,9,1956,2,4,1,3,4,532710,166480,1,4,3,2,20,3,222,6,30,6,2,5,0,0,5,1,2,2,0,0,1,1,1,1,1,33,6,3,0,0,0,0,0,9,1,5
2,1,9,0,9,0,8,0,0,0,0,3,1,6,3,38,7,1598,1,8,1,1,1,635220,170680,46,1,1,1,541,3,254,6,30,8,4,6,0,0,0,1,1,1,0,0,1,1,1,3,1,73,10,2,8,3,0,0,0,0,1,3
3,1,9,0,18,0,0,0,7,0,0,4,1,6,1,66,10,1390,1,2,1,1,1,524850,187050,1,1,1,4,30,6,0,6,30,0,4,6,0,0,0,1,1,1,0,0,1,1,1,1,1,66,10,3,0,0,0,0,0,9,1,8
3,1,9,0,9,0,4,0,0,0,0,1,1,6,2,45,7,1598,1,7,1,1,2,514484,310214,32,2,1,6,355,6,300,1,30,2,4,6,303,0,1,1,1,1,0,0,1,2,1,1,1,33,6,3,0,0,0,0,0,9,1,5
3,2,9,0,18,0,1,0,0,0,0,4,1,6,1,70,10,2720,2,9,3,2,2,546006,112991,47,2,2,5,554,4,2192,6,40,3,4,6,0,0,0,1,1,1,0,0,2,1,1,1,1,33,6,3,0,0,0,0,0,9,1,5
3,2,1,0,18,0,0,0,0,0,0,4,1,6,2,22,5,1598,1,8,1,1,2,458135,222713,43,2,1,7,481,6,129,6,30,0,4,6,0,0,1,4,2,2,0,0,1,1,1,1,2,22,5,3,0,0,0,0,0,1,1,10
3,2,9,0,4,0,8,0,0,0,0,2,1,6,2,68,10,1339,1,12,1,1,2,521430,182470,1,2,1,5,27,3,4000,1,30,2,4,3,4000,0,1,1,1,1,0,0,1,1,1,1,2,68,10,3,0,0,0,0,0,9,1,4
3,1,9,0,7,0,8,0,0,0,0,3,1,6,1,38,7,1198,1,12,1,1,2,554680,191190,1,2,1,1,15,3,12,3,30,6,2,5,0,0,5,1,1,1,0,0,1,1,1,1,1,33,6,3,0,0,0,0,0,9,1,5
3,1,9,0,16,0,0,0,0,1,1,1,1,2,1,23,5,1870,2,10,1,1,1,553071,293560,36,1,1,1,407,3,1101,6,40,0,4,6,0,0,0,1,1,1,0,0,2,1,1,1,1,23,5,3,0,0,0,0,0,9,1,3
3,2,9,0,18,0,0,0,0,0,0,3,1,2,2,22,5,1198,1,3,1,1,2,544210,182900,1,2,1,3,17,3,13,3,50,0,4,6,0,0,0,1,1,1,0,0,2,1,1,1,2,22,5,3,0,0,0,0,0,9,1,8
2,1,9,0,17,0,2,1,0,1,3,1,1,6,1,23,5,1399,1,5,1,1,1,506296,473002,16,1,1,5,231,6,0,6,60,3,4,6,0,0,0,6,1,2,0,0,2,1,1,1,1,23,5,2,0,0,0,0,0,9,1,3
2,2,21,1,18,0,0,0,0,0,0,2,1,1,1,38,7,12777,2,3,1,1,2,468468,152237,44,2,1,2,490,1,3,3,70,0,4,6,0,0,0,1,1,1,0,0,2,1,1,1,1,33,6,3,0,0,0,0,0,9,1,5
3,1,20,1,18,0,0,0,0,0,0,1,1,1,1,43,7,1598,1,8,1,2,2,464755,382762,31,2,2,5,341,3,1,3,60,0,4,6,0,0,0,6,1,1,0,0,2,1,1,1,1,33,6,3,0,0,0,0,0,9,1,5
3,2,1,0,18,0,1,0,0,0,0,3,1,6,2,27,6,1598,1,8,1,1,2,352860,429910,4,2,1,5,79,6,0,6,30,3,4,6,0,0,0,1,1,1,0,0,1,1,1,1,2,27,6,3,0,0,0,0,0,1,1,5
3,2,9,0,18,0,8,0,0,0,0,4,1,6,2,63,9,998,1,14,1,1,2,436359,558335,10,2,1,1,150,6,5331,6,30,3,4,6,5331,0,8,1,1,1,0,0,1,1,1,1,2,63,9,3,0,0,0,0,0,9,1,4
3,1,9,0,6,0,0,0,0,0,0,3,1,6,1,45,7,1956,2,1,3,1,2,478101,352853,31,2,1,5,345,3,46,6,60,0,4,6,0,0,0,1,1,1,0,0,2,1,1,1,1,33,6,3,0,0,0,0,0,9,1,5
3,1,9,0,4,0,0,0,0,0,0,1,1,1,1,55,8,1598,1,8,3,4,3,578505,211590,42,3,4,5,451,3,12,3,70,0,4,6,0,0,0,1,1,1,0,0,2,1,1,1,1,33,6,3,0,0,0,0,0,9,1,5
3,2,11,0,18,0,0,0,0,0,0,3,1,1,1,40,7,1598,1,8,1,1,2,316786,176123,62,2,1,3,741,6,0,6,30,0,4,6,0,0,1,4,1,1,0,0,1,1,1,1,1,33,6,3,0,0,0,0,0,9,1,5
3,2,2,0,18,0,3,0,0,0,0,4,1,6,2,35,6,114,1,1,1,1,2,493404,370937,32,2,1,4,353,3,46,1,60,1,4,4,1378,0,0,1,1,1,0,0,2,1,1,1,2,35,6,3,0,0,0,0,0,2,1,7
3,2,3,0,18,0,8,0,0,0,0,1,1,6,1,46,8,234,1,12,1,1,2,525590,178180,1,2,1,4,12,3,3218,6,30,6,2,3,3220,0,5,4,1,1,0,0,1,1,1,1,1,46,8,3,0,0,0,0,0,3,1,2
3,1,9,0,9,0,5,0,0,0,0,1,1,6,2,36,7,1598,2,1,3,1,1,225600,64342,50,1,1,5,596,6,0,6,40,3,4,6,0,0,0,1,1,1,4,0,2,1,1,3,1,27,6,3,9,5,0,0,1,0,3,4
3,3,9,0,9,0,1,0,0,0,0,2,1,6,1,40,7,1598,1,8,1,1,3,332504,349410,60,3,1,4,725,3,5152,6,40,9,4,6,0,0,0,1,1,1,0,0,2,1,1,1,1,33,6,3,0,0,0,0,0,9,1,5
3,1,9,0,18,0,0,0,0,0,0,4,1,6,2,82,11,1328,1,11,2,1,1,418553,613455,10,1,1,2,139,4,6341,6,30,0,4,6,0,0,0,1,1,1,0,0,2,1,1,3,2,23,5,3,6,8,0,0,0,0,3,5
3,1,5,0,4,0,0,0,0,4,1,4,1,1,1,47,8,998,1,8,3,1,3,507460,178550,1,3,1,3,26,1,4,3,70,0,4,6,0,0,0,1,1,1,0,0,1,1,1,1,1,47,8,3,0,0,0,0,0,5,3,9
3,1,9,0,18,0,0,0,0,0,0,1,1,3,1,26,6,1242,1,2,1,3,2,346484,392815,5,2,3,6,90,3,57,6,30,0,4,6,0,0,1,1,1,1,0,0,1,1,1,1,1,26,6,3,0,0,0,0,0,9,1,1
3,2,3,0,18,0,8,0,0,0,0,0,1,6,1,19,4,125,1,1,1,1,2,519180,184110,1,2,1,2,28,6,0,6,30,8,4,6,0,0,0,4,1,1,0,0,1,1,1,1,1,19,4,3,0,0,0,0,0,3,1,5
3,2,9,0,18,0,0,0,0,0,0,1,1,6,1,25,5,1242,1,1,1,2,2,328890,385926,5,2,2,6,95,1,53,3,70,0,4,6,0,0,0,6,1,2,0,0,2,1,1,1,1,25,5,3,0,0,0,0,0,9,1,2
2,2,19,0,2,0,0,0,0,0,0,2,1,1,1,48,8,1997,2,10,2,1,2,614540,287680,36,2,1,7,406,4,1134,6,60,0,4,6,0,0,0,1,1,1,0,0,2,1,1,1,1,33,6,3,0,0,0,0,0,9,1,5
3,1,9,0,12,0,0,0,0,0,0,3,1,6,3,38,7,1598,1,8,1,1,2,398810,288330,20,2,1,6,305,1,5,3,70,0,4,6,0,0,0,4,1,2,0,0,1,2,1,1,1,33,6,3,0,0,0,0,0,9,1,5
3,1,9,0,7,0,6,0,0,0,0,1,1,2,1,28,6,2261,1,4,1,1,2,340776,384384,5,2,1,4,91,4,5171,6,40,3,4,3,561,0,0,4,1,2,0,0,1,1,1,1,1,33,6,3,0,0,0,0,0,9,1,5
3,2,3,0,18,0,8,0,0,0,0,1,1,6,1,32,6,124,1,7,1,1,2,525710,178340,1,2,1,7,12,3,3220,2,30,3,4,6,0,0,0,1,1,1,0,0,1,1,1,1,1,32,6,3,0,0,0,0,0,3,1,7
3,2,9,0,3,0,0,0,0,0,0,4,1,6,2,38,7,1598,1,8,1,1,2,334998,349658,60,2,1,2,725,6,0,6,20,0,4,6,0,0,0,1,1,1,0,0,1,2,1,1,2,38,7,3,0,0,0,0,0,9,1,5
3,1,9,0,1,0,1,0,0,0,0,2,1,6,1,41,7,1598,1,8,1,4,1,259755,203839,62,1,4,5,745,6,0,6,30,6,4,6,0,0,0,1,1,1,0,0,2,1,3,3,2,3,1,3,5,1,0,0,0,0,2,5
2,1,9,0,9,0,4,0,0,0,0,1,1,6,1,34,6,1956,2,1,2,1,2,497150,162607,45,2,1,7,515,4,383,6,30,2,4,6,0,0,8,1,1,2,0,0,1,1,1,1,1,33,6,3,0,0,0,0,0,9,1,5
3,1,9,0,18,0,2,0,0,0,0,1,1,6,1,38,7,1598,1,8,1,1,1,534920,182730,1,1,1,5,5,3,1209,6,30,3,4,6,0,0,0,1,1,2,0,0,1,2,1,3,1,30,6,3,5,1,0,0,2,0,1,1
2,1,9,0,16,0,0,2,10,2,10,4,1,6,1,18,4,1390,1,15,1,5,2,254114,57265,50,2,5,7,583,6,0,6,30,0,4,6,0,0,0,4,2,2,0,0,1,1,5,2,1,17,4,3,0,0,1,0,0,9,1,6
2,1,9,0,9,0,8,0,0,0,0,4,1,6,2,38,7,1246,1,10,1,2,2,545700,183960,1,2,2,3,16,3,123,6,30,6,4,6,0,0,0,4,1,1,0,0,1,1,1,1,2,38,7,3,0,0,0,0,0,9,1,3
3,1,9,0,17,0,0,0,0,0,0,3,1,6,1,68,10,2179,2,3,1,1,2,445880,334580,30,2,1,5,324,5,165,6,40,0,4,6,0,0,0,1,1,1,0,0,2,1,1,1,1,33,6,3,0,0,0,0,0,9,1,5
3,1,9,0,18,0,0,0,0,0,0,1,1,6,1,74,10,1598,1,8,1,5,3,352960,226830,22,3,5,7,285,3,49,6,40,0,4,6,0,0,0,1,1,1,0,0,2,1,5,2,2,71,10,3,0,0,1,0,0,9,1,4
2,1,9,0,9,0,8,0,0,0,0,4,1,6,1,40,7,2494,2,13,1,3,2,383010,398540,6,2,3,2,107,3,6042,3,30,6,2,3,6,0,5,1,1,1,0,0,1,1,3,2,2,34,6,3,0,0,2,0,0,9,1,5
3,1,9,0,9,0,6,0,0,1,0,1,1,6,1,47,8,1497,8,10,1,5,2,436505,386458,14,2,5,4,215,3,6135,6,30,3,4,6,0,0,0,4,2,2,0,0,1,1,3,2,1,10,2,3,0,0,2,0,0,9,1,1
3,1,9,0,18,0,0,0,0,0,0,1,1,6,2,22,5,1149,1,4,1,1,2,575207,191981,42,2,1,1,450,6,0,6,30,0,4,6,0,0,0,5,8,4,0,0,1,1,1,1,2,22,5,3,0,0,0,0,0,9,1,5
3,1,9,0,18,0,0,0,0,0,0,4,1,6,2,66,10,1398,1,14,1,1,1,408500,285050,20,1,1,4,300,3,41,6,30,0,4,6,0,0,0,1,2,2,0,0,1,1,1,3,1,47,8,3,5,2,0,0,0,0,1,2
3,1,3,0,18,0,8,0,0,0,0,1,1,2,1,29,6,125,1,6,1,1,2,461956,308445,33,2,1,2,362,6,3111,6,30,8,4,6,6,0,0,1,4,1,0,0,1,1,1,1,1,29,6,3,0,0,0,0,0,3,1,6
3,1,9,0,17,0,0,1,0,1,0,1,1,2,1,26,6,1149,1,14,1,1,2,428030,320540,30,2,1,1,328,4,5353,6,30,0,4,6,0,0,0,1,1,2,0,0,1,1,1,1,1,26,6,3,0,0,0,0,0,9,1,5
3,2,1,0,18,0,8,0,0,0,0,1,1,6,1,15,3,1598,1,8,1,2,2,367778,90413,55,2,2,2,645,4,3150,6,30,1,4,6,0,0,0,1,1,1,0,0,1,2,2,1,1,15,3,3,0,0,0,0,0,1,1,5
3,1,9,0,18,0,8,0,0,0,0,1,1,6,3,38,7,1598,1,8,1,1,1,545250,186400,1,1,1,4,14,5,0,6,30,3,4,6,0,0,0,1,1,1,0,0,1,1,1,3,1,53,8,3,5,9,0,0,2,0,1,5
3,1,9,0,18,9,0,0,0,1,0,1,1,6,1,65,9,1998,1,20,1,1,1,549680,220660,41,1,1,5,432,6,434,6,30,0,4,6,0,0,0,1,9,1,0,0,1,2,1,3,2,49,8,3,6,6,0,0,0,0,1,10
3,2,9,0,4,0,1,0,0,7,0,2,1,6,1,63,9,1995,2,14,3,2,2,442693,1145671,91,2,2,6,936,3,970,6,60,9,4,6,0,0,0,1,1,1,0,0,2,1,2,2,2,61,9,3,0,0,1,0,0,9,3,5
3,1,9,0,9,0,8,0,0,0,0,3,1,6,2,34,6,1896,2,8,1,2,2,392850,283660,20,2,2,2,303,6,0,6,30,3,4,6,0,0,0,1,1,1,0,0,1,1,1,1,2,34,6,3,0,0,0,0,0,9,1,3
2,2,4,0,13,0,1,0,0,0,0,1,1,2,1,20,4,1598,1,8,1,1,2,346762,91967,55,2,1,3,645,3,35,6,40,3,4,5,92,0,8,1,1,1,0,0,1,1,1,1,1,20,4,2,0,0,0,0,0,4,1,5
2,1,9,0,18,0,0,0,0,0,0,4,1,6,1,27,6,1598,1,8,1,1,1,317841,176441,62,1,1,7,741,3,4161,3,30,0,4,6,0,0,4,4,1,1,0,0,1,1,1,3,1,35,6,2,2,1,0,0,0,0,1,5
3,1,9,0,9,0,5,0,0,0,0,1,1,6,1,62,9,2720,2,8,2,2,2,425394,584236,10,2,2,1,139,3,1068,6,30,3,4,6,6566,0,0,1,1,1,0,0,2,1,1,1,1,33,6,3,0,0,0,0,0,9,1,5
2,1,19,0,16,0,0,1,0,7,4,1,1,6,1,20,4,1598,1,8,1,2,1,508700,198560,41,1,2,7,436,5,75,6,60,0,4,6,0,0,0,6,1,1,0,0,1,1,1,1,1,20,4,3,0,0,0,0,0,19,1,9
3,1,9,0,9,0,8,0,0,0,0,1,1,2,1,48,8,1968,2,1,2,1,2,491520,288892,34,2,1,3,380,3,43,6,50,5,2,3,43,0,0,1,1,2,0,0,2,1,1,1,1,33,6,3,0,0,0,0,0,9,1,5
2,2,9,0,18,0,0,0,0,0,0,0,1,6,1,51,8,2143,2,4,1,1,3,409696,290195,20,3,1,7,300,3,5127,6,30,0,4,6,0,0,0,4,8,2,0,0,1,1,1,1,1,33,6,3,0,0,0,0,0,9,1,5
2,1,90,0,18,0,0,0,0,0,0,1,1,6,1,62,9,1598,1,8,1,1,2,533118,155645,45,2,1,5,516,6,1426,6,30,0,4,6,0,0,0,1,1,1,0,0,1,1,1,1,1,62,9,2,0,0,0,0,0,90,1,10
3,2,9,0,16,0,0,0,0,0,0,1,1,6,1,43,7,1598,1,8,1,1,2,415810,283890,20,2,1,3,300,6,0,6,30,0,4,6,0,0,0,1,1,1,0,0,1,1,1,1,1,43,7,3,0,0,0,0,0,9,1,7
3,2,1,0,18,0,1,0,0,0,0,1,1,6,1,35,6,1598,1,8,1,1,2,461056,393144,14,2,1,3,211,3,631,6,40,3,4,4,6463,0,0,1,1,2,0,0,2,1,1,1,1,35,6,3,0,0,0,0,0,1,1,2
3,3,9,0,3,0,1,0,0,0,0,0,1,6,1,30,6,1598,1,8,1,1,3,430282,455488,12,3,1,6,182,3,61,2,30,3,4,6,519,0,4,1,2,2,0,0,1,1,1,1,1,33,6,3,0,0,0,0,0,9,1,5
2,1,9,0,18,0,0,0,0,0,0,1,1,2,1,26,6,1796,1,14,1,2,3,372483,355671,7,3,2,3,129,3,534,6,60,0,4,6,0,0,0,1,5,2,0,0,2,1,1,1,1,26,6,3,0,0,0,0,0,9,1,9
2,2,19,0,18,0,0,0,0,0,0,3,1,2,1,24,5,2148,2,8,1,2,3,408900,256451,23,3,2,2,293,3,46,6,60,0,4,6,0,0,0,1,2,2,0,0,2,1,1,1,1,33,6,3,0,0,0,0,0,9,1,5
3,3,9,0,10,0,1,0,0,0,0,0,1,6,1,45,7,1362,1,3,2,2,3,332549,141514,52,3,2,4,607,6,0,6,30,3,4,6,0,0,0,1,1,1,0,0,2,1,1,1,1,33,6,3,0,0,0,0,0,9,1,5
3,3,9,0,18,0,8,0,0,0,0,1,1,6,2,33,6,1198,1,12,1,1,4,331779,667950,95,4,1,4,929,3,720,1,70,1,2,3,7,0,0,1,1,1,0,0,2,2,1,1,2,33,6,3,0,0,0,0,0,9,1,5
3,3,9,0,18,0,0,0,0,0,0,2,1,2,1,50,8,1332,1,22,1,2,4,579246,186777,42,4,2,6,453,4,1004,6,30,0,4,6,0,0,0,1,1,2,0,0,1,1,1,1,1,33,6,3,0,0,0,0,0,9,1,5
3,1,9,0,17,0,8,0,0,0,0,1,1,6,1,23,5,1198,1,10,1,4,2,514830,295980,35,2,4,5,394,6,0,6,30,3,4,6,0,0,0,5,2,2,0,0,2,1,4,2,1,15,3,3,0,0,2,0,0,9,1,1
3,3,9,0,18,0,0,0,0,0,0,1,1,6,2,24,5,1339,1,12,1,2,4,430507,260424,23,4,2,5,294,1,40,3,70,0,4,6,0,0,0,1,1,1,0,0,2,1,2,2,2,22,5,3,0,0,1,0,0,9,1,1
3,2,9,0,18,0,8,1,0,0,0,3,1,1,1,23,5,1598,2,4,1,1,2,258365,665481,97,2,1,5,926,6,0,6,30,6,4,6,0,0,5,1,2,2,0,0,1,1,1,1,1,23,5,3,0,0,0,0,0,9,1,5
3,2,1,0,18,0,0,1,0,0,0,1,1,6,1,19,4,1598,1,8,1,1,2,409639,419993,13,2,1,2,202,6,0,6,30,0,4,6,0,0,0,1,1,1,0,0,2,2,1,1,1,19,4,3,0,0,0,0,0,1,1,5
2,1,9,0,18,0,0,0,0,0,0,4,1,6,1,43,7,1395,1,1,2,1,1,430318,542278,11,1,1,6,169,4,1283,6,60,0,4,6,0,0,8,7,1,2,0,0,2,2,1,3,1,14,3,2,5,1,0,0,0,0,1,2
3,1,9,0,12,0,0,0,0,0,0,2,1,5,1,25,5,1998,1,12,2,2,2,391193,307783,21,2,2,6,254,3,449,3,70,0,4,6,0,0,0,4,1,1,0,0,2,1,1,1,1,33,6,3,0,0,0,0,0,9,1,5
3,1,9,0,7,0,8,0,0,0,0,1,1,6,1,30,6,1360,1,13,1,1,2,512096,430763,16,2,1,5,228,3,165,6,30,3,4,6,0,0,0,1,1,1,0,0,1,1,1,1,1,33,6,3,0,0,0,0,0,9,1,5
3,1,9,0,9,0,8,1,0,0,0,1,1,6,2,19,4,1242,1,6,1,4,2,400456,298496,20,2,4,6,307,6,0,6,30,7,2,6,0,0,5,4,5,2,0,0,1,1,3,2,2,15,3,3,0,0,2,0,0,9,1,5
3,1,1,0,9,0,8,0,0,0,0,4,1,2,1,52,8,1598,1,8,3,1,2,352270,239930,22,2,1,5,285,3,438,6,30,1,4,6,0,0,0,1,1,1,0,0,1,2,1,1,1,52,8,3,0,0,0,0,0,1,3,9
3,3,9,0,18,0,0,0,0,0,0,1,1,6,1,48,8,1397,1,14,1,1,3,388070,395260,6,3,1,1,102,4,6178,6,30,0,4,6,0,0,0,4,1,1,0,0,1,1,1,1,1,33,6,3,0,0,0,0,0,9,1,5
3,1,9,0,18,0,8,0,0,0,0,3,1,6,1,63,9,1598,1,8,1,2,1,323400,308000,63,1,2,2,753,3,458,6,30,3,4,6,0,0,1,1,1,1,0,0,2,1,2,3,1,19,4,3,4,3,0,0,0,0,2,5
3,1,9,0,17,0,0,1,4,0,0,1,1,6,2,25,5,1598,1,8,1,1,4,259634,195758,62,4,1,6,745,4,4295,6,30,0,4,6,0,0,0,4,1,2,0,0,1,1,1,1,2,25,5,3,0,0,0,0,0,9,1,5
3,2,9,0,7,0,6,0,0,0,0,0,1,6,2,18,4,1229,1,4,1,1,2,458954,451257,12,2,1,4,189,3,59,6,30,3,4,6,5710,0,0,1,1,2,0,0,1,1,1,1,1,33,6,3,0,0,0,0,0,9,1,5
3,2,21,1,18,0,0,0,0,0,0,3,1,1,1,40,7,1598,1,8,1,1,2,519712,203163,41,2,1,4,33,1,25,3,70,0,4,6,0,0,0,1,2,2,0,0,2,1,1,1,1,33,6,3,0,0,0,0,0,9,1,5
3,1,9,0,18,0,4,0,0,0,0,1,1,6,3,38,7,1598,1,8,1,1,2,426520,570123,10,2,1,6,148,3,188,1,30,1,4,3,189,0,0,1,1,1,0,0,2,2,1,1,1,33,6,3,0,0,0,0,0,9,1,5
3,1,9,0,4,0,8,0,0,0,0,2,1,6,1,35,6,1598,1,8,1,2,2,536840,177870,1,2,2,1,7,3,200,6,30,2,4,6,0,0,0,4,1,1,0,0,1,1,2,2,2,35,6,3,0,0,1,0,0,9,1,5
3,2,9,0,4,0,8,0,0,0,0,2,1,6,2,65,9,1149,1,3,1,2,2,522130,174250,1,2,2,6,10,3,306,6,30,3,2,3,306,0,5,1,1,1,0,0,1,1,1,2,2,86,11,3,0,0,1,0,0,9,1,2
3,2,4,0,14,0,1,0,0,0,0,1,1,6,1,19,4,124,1,1,1,1,2,511538,430193,16,2,1,5,228,3,165,6,30,3,4,6,0,0,4,1,1,1,0,0,1,1,1,1,1,33,6,3,0,0,0,0,0,9,1,5
3,2,8,0,18,0,8,0,0,0,0,3,1,1,1,56,9,1956,2,2,1,3,2,384060,398180,6,2,3,7,102,6,0,2,20,6,4,6,0,0,0,4,1,2,0,0,1,1,1,1,1,56,9,3,0,0,0,0,0,8,1,5
3,1,9,0,18,0,1,0,0,0,0,0,1,6,3,38,7,1598,1,8,1,1,2,584119,111563,47,2,1,5,552,6,0,6,30,3,4,6,0,0,0,1,1,1,0,0,1,1,1,1,1,33,6,3,0,0,0,0,0,9,1,5
3,2,9,0,18,0,0,0,0,0,0,4,1,6,2,45,7,1984,1,11,1,1,3,339445,391038,5,3,1,5,91,4,5189,6,30,0,4,6,0,0,0,1,1,1,0,0,1,1,1,1,2,45,7,3,0,0,0,0,0,9,1,4
3,1,1,0,17,0,8,0,0,0,0,4,1,2,2,42,7,1598,1,8,1,1,2,523530,173620,1,2,1,3,10,3,219,1,30,1,4,3,3,0,0,1,1,1,0,0,1,1,1,1,2,42,7,3,0,0,0,0,0,1,1,10
3,2,21,1,7,0,2,0,0,0,0,3,2,1,1,38,7,1598,1,8,1,1,2,514830,183960,1,2,1,2,27,5,0,6,30,3,4,5,0,0,0,1,1,1,0,0,1,2,1,1,1,33,6,3,0,0,0,0,0,9,1,5
2,1,21,0,3,0,2,0,0,0,0,2,1,1,1,39,7,9364,2,9,1,2,4,491633,162483,45,4,2,2,515,1,3,3,70,5,4,1,3,0,0,1,1,1,0,0,2,1,1,1,1,33,6,3,0,0,0,0,0,9,1,5
3,2,9,0,3,0,1,0,0,0,0,2,1,6,1,21,5,996,1,4,1,3,3,337100,442060,4,3,3,1,85,3,588,6,30,8,4,3,588,0,0,1,1,1,0,0,2,1,1,1,1,21,5,3,0,0,0,0,0,9,1,8
3,1,9,0,18,0,1,0,0,0,0,3,1,6,1,20,4,1598,1,5,1,1,1,536190,190430,1,1,1,5,13,5,0,6,30,3,4,6,0,0,0,4,1,1,0,0,1,1,1,3,1,59,9,3,5,3,0,0,2,0,1,2
3,2,9,0,9,0,8,0,0,0,0,2,1,2,2,23,5,1198,1,3,1,2,2,474184,257850,34,2,2,6,384,6,8060,6,30,3,4,6,8183,0,0,1,1,1,0,0,1,1,2,2,2,19,4,3,0,0,1,0,0,9,1,5
3,1,9,0,9,0,2,0,0,0,0,1,1,6,1,37,7,1598,1,1,1,2,3,440218,555800,10,3,2,3,150,6,5179,6,30,3,4,6,5179,0,0,1,2,2,0,0,1,1,1,1,1,33,6,3,0,0,0,0,0,9,1,5
1,1,9,0,18,0,0,2,0,1,4,1,1,2,1,40,7,1598,1,8,1,1,1,430880,271740,23,1,1,6,294,3,46,3,70,0,4,6,0,0,0,6,2,5,0,0,2,1,1,1,1,40,7,1,0,0,0,0,0,9,1,9
2,1,9,0,13,0,8,0,0,7,7,4,1,6,1,19,4,1598,1,8,1,2,2,410730,278490,20,2,2,5,306,6,0,6,30,8,4,6,0,0,0,1,1,1,0,0,1,1,2,2,1,18,4,2,0,0,1,0,0,9,1,7
3,2,8,0,1,0,0,0,4,0,0,2,1,6,1,38,7,1339,1,10,1,1,2,549540,186490,1,2,1,3,16,6,0,6,30,0,4,6,0,0,0,1,1,1,0,0,1,2,1,1,1,33,6,3,0,0,0,0,0,9,1,5
3,1,9,0,17,0,0,2,0,1,4,4,1,2,2,20,4,1598,1,8,2,1,1,393230,244860,22,1,1,7,277,3,4104,6,60,0,4,6,0,0,0,6,1,4,0,0,2,1,1,1,2,20,4,3,0,0,0,0,0,9,2,10
3,1,19,0,18,0,1,0,0,0,0,1,1,1,1,49,8,1598,1,8,3,1,2,300535,202357,62,2,1,4,744,4,4275,6,30,3,4,6,0,0,0,1,1,1,0,0,1,1,1,1,1,33,6,3,0,0,0,0,0,9,1,5
3,1,9,0,18,0,0,0,0,0,6,1,1,2,1,35,6,1596,1,12,1,1,2,498399,178200,43,2,1,6,474,1,4,3,70,0,4,6,0,0,0,1,1,1,0,0,2,1,1,1,1,33,6,3,0,0,0,0,0,9,1,5
3,1,9,0,9,0,8,0,0,7,0,1,1,6,1,48,8,1998,2,11,1,1,2,535948,113275,47,2,1,1,554,4,2116,6,60,3,3,6,0,0,0,1,1,1,0,0,2,1,1,1,1,33,6,3,0,0,0,0,0,9,1,5
3,1,9,0,18,0,4,0,0,0,0,1,1,6,2,53,8,998,1,8,1,1,2,456719,406007,14,2,1,6,211,3,19,1,30,2,4,3,19,0,0,1,1,1,0,0,1,1,1,1,1,33,6,3,0,0,0,0,0,9,1,5
3,1,9,0,16,0,0,0,0,7,0,0,1,6,1,41,7,1968,2,8,1,4,1,551275,378409,32,1,4,2,351,6,0,6,60,0,4,6,0,0,0,1,1,1,0,0,2,1,2,2,2,18,4,3,0,0,2,0,0,9,1,3
3,1,11,0,18,0,1,0,0,0,0,1,1,1,1,38,7,7300,2,6,1,3,2,434040,335870,30,2,3,3,323,3,516,6,30,3,4,6,0,0,0,1,1,1,0,0,1,2,1,1,1,33,6,3,0,0,0,0,0,9,1,5
3,1,9,0,18,0,2,0,0,0,0,1,1,1,1,26,6,1299,1,11,1,1,2,457104,304265,33,2,1,2,364,5,1105,2,30,5,4,3,47,0,4,1,1,2,0,0,1,1,1,1,1,33,6,3,0,0,0,0,0,9,1,5
3,1,1,0,18,0,0,0,0,0,0,3,1,6,1,44,7,1598,1,8,1,1,2,530380,178110,1,2,1,2,9,3,3036,3,30,0,4,6,0,0,0,1,1,1,0,0,1,1,1,1,1,44,7,3,0,0,0,0,0,1,1,3