accident_severity,vehicle_reference,vehicle_type,towing_and_articulation,vehicle_manoeuvre,vehicle_location-restricted_lane,junction_location,skidding_and_overturning,hit_object_in_carriageway,vehicle_leaving_carriageway,hit_object_off_carriageway,1st_point_of_impact,was_vehicle_left_hand_drive?,journey_purpose_of_driver,sex_of_driver,age_of_driver,age_band_of_driver,engine_capacity_(cc),propulsion_code,age_of_vehicle,driver_home_area_type,NUmber_of_Casualities_unique_to_accident_index,No_of_Vehicles_involved_unique_to_accident_index,location_easting_osgr,location_northing_osgr,police_force,number_of_vehicles,number_of_casualties,day_of_week,local_authority_(district),1st_road_class,1st_road_number,road_type,speed_limit,junction_detail,junction_control,2nd_road_class,2nd_road_number,pedestrian_crossing-human_control,pedestrian_crossing-physical_facilities,light_conditions,weather_conditions,road_surface_conditions,special_conditions_at_site,carriageway_hazards,urban_or_rural_area,did_police_officer_attend_scene_of_accident,casualty_reference,casualty_class,sex_of_casualty,age_of_casualty,age_band_of_casualty,casualty_severity,pedestrian_location,pedestrian_movement,car_passenger,bus_or_coach_passenger,pedestrian_road_maintenance_worker,casualty_type,casualty_home_area_type,casualty_imd_decile
3,1,19,0,18,0,0,0,0,0,0,1,1,1,1,50,8,2198,2,1,1,1,3,481103,213396,43,3,1,4,476,3,418,6,30,0,4,6,0,0,4,1,2,2,0,0,1,1,1,1,1,33,6,3,0,0,0,0,0,9,1,5
3,1,9,0,18,0,8,0,0,0,0,1,1,6,2,54,8,1910,2,10,1,2,2,342720,463470,4,2,2,6,76,6,0,6,30,6,2,6,0,0,0,1,1,1,0,0,1,1,2,2,2,29,6,3,0,0,1,0,0,9,1,2
3,1,9,0,13,0,0,2,0,7,9,1,1,1,1,24,5,1997,1,8,3,2,1,376344,824553,92,1,2,7,911,4,9001,6,40,0,4,6,0,0,0,1,8,2,0,0,2,1,2,2,1,14,3,3,0,0,1,0,0,9,3,5
3,1,8,0,6,0,8,0,0,0,0,4,1,1,1,38,7,1798,8,1,1,1,2,524710,180260,1,2,1,4,12,3,402,6,30,3,4,6,0,0,0,1,1,1,0,0,1,2,1,1,1,33,6,3,0,0,0,0,0,9,1,5
3,1,9,0,18,0,0,0,0,1,1,4,1,6,1,24,5,1598,1,8,3,1,1,349170,532550,3,1,1,1,64,1,6,3,70,0,4,6,0,0,0,6,4,2,0,0,2,1,1,1,1,24,5,3,0,0,0,0,0,9,3,7
3,1,1,0,18,0,0,0,4,0,0,1,1,6,1,44,7,1598,1,8,1,1,2,356620,427920,4,2,1,4,83,6,0,6,40,0,4,6,0,0,0,4,1,2,0,0,2,1,1,1,1,44,7,3,0,0,0,0,0,1,1,1
2,2,9,0,7,0,2,0,0,0,0,0,1,6,3,38,7,1598,1,8,1,1,2,389070,389880,6,2,1,2,109,5,0,6,30,3,4,6,0,0,0,1,1,1,0,0,1,2,1,1,1,33,6,3,0,0,0,0,0,9,1,5
3,2,9,0,18,0,1,0,0,0,0,2,1,1,1,38,7,1598,1,8,1,2,2,546170,185730,1,2,2,2,16,3,124,6,30,3,4,6,0,0,4,1,1,1,0,0,1,1,1,2,1,33,6,3,0,0,2,0,0,9,1,5
2,1,11,0,18,0,6,0,0,3,10,1,1,1,1,46,8,9500,2,16,1,6,3,431527,469861,12,3,6,2,182,3,61,6,60,3,4,5,377,0,0,1,1,1,0,0,2,1,4,2,2,15,3,3,0,0,0,4,0,11,1,2
3,1,9,0,2,0,0,0,0,0,0,2,1,6,2,44,7,1595,1,15,1,2,3,433918,209158,43,3,2,5,485,3,4095,6,30,0,4,6,0,0,0,4,1,1,0,0,1,1,1,1,1,33,6,3,0,0,0,0,0,9,1,5
3,1,1,0,7,0,6,0,0,0,0,2,1,6,1,19,4,1598,1,8,1,1,2,515303,103689,47,2,1,6,564,6,0,6,30,3,4,6,0,0,0,1,2,2,0,0,1,2,1,1,1,19,4,3,0,0,0,0,0,1,1,2
3,2,9,0,17,0,0,0,0,0,0,3,1,6,1,49,8,2099,1,12,1,2,2,466756,345753,31,2,2,1,345,3,612,6,40,0,4,6,0,0,0,1,1,1,0,0,2,1,2,2,2,49,8,3,0,0,2,0,0,9,1,2
3,2,9,0,5,0,1,0,0,0,0,2,1,6,2,45,7,1596,1,1,1,1,2,453646,361351,31,2,1,2,344,6,0,2,30,3,2,6,0,0,5,1,1,2,0,0,1,1,1,1,2,45,7,3,0,0,0,0,0,9,1,1
3,2,1,0,18,0,8,0,0,0,0,1,1,6,1,55,8,1598,1,8,1,1,2,420276,566984,10,2,1,2,147,4,6324,6,30,3,4,6,1279,0,8,1,1,1,0,0,1,1,1,1,1,55,8,3,0,0,0,0,0,1,1,1
1,1,9,0,17,0,0,5,0,1,3,3,1,6,1,21,5,1769,2,19,3,1,1,612212,308322,36,1,1,7,406,5,162,6,60,0,4,6,0,0,0,1,8,2,0,0,2,1,1,1,1,21,5,1,0,0,0,0,0,9,3,6
3,1,9,0,18,0,8,0,0,0,0,1,1,6,1,44,7,1995,2,8,1,1,4,493267,99424,47,4,1,1,558,6,0,6,30,3,4,6,0,0,0,1,1,1,0,0,1,1,1,1,1,44,7,3,0,0,0,0,0,9,1,4
3,1,9,0,2,0,0,0,0,0,0,3,1,6,2,35,6,1598,1,8,1,1,2,258909,199145,62,2,1,3,745,6,0,6,30,0,4,6,0,0,0,1,1,1,0,0,1,1,1,1,1,33,6,3,0,0,0,0,0,9,1,5
3,1,9,0,4,0,8,0,0,0,0,2,1,6,1,23,5,1229,1,1,1,2,2,534310,196340,1,2,2,6,32,3,10,3,30,5,4,3,10,0,5,1,1,1,0,0,1,1,1,1,1,23,5,3,0,0,0,0,0,9,1,1
2,1,9,0,16,0,0,0,0,0,0,1,1,6,1,81,11,1588,1,16,1,5,2,385648,453470,12,2,5,6,180,3,682,6,60,0,4,6,0,0,0,1,1,1,0,0,2,1,4,2,2,81,11,2,0,0,2,0,0,9,1,4
3,1,9,0,18,0,8,0,0,0,0,1,1,6,1,68,10,1598,1,8,1,1,1,530980,192070,1,1,1,4,32,3,406,3,40,6,2,3,105,0,5,1,1,1,0,0,1,1,1,3,2,91,11,3,1,1,0,0,2,0,1,1
3,2,9,0,16,0,0,0,0,0,0,1,1,6,1,44,7,1461,2,4,3,2,2,420470,382530,30,2,2,2,325,3,6187,6,40,0,4,6,0,0,0,1,2,2,0,0,2,1,2,1,1,44,7,3,0,0,0,0,0,9,3,7
3,1,9,0,12,0,8,0,0,0,0,3,1,6,2,28,6,1388,1,9,1,1,2,568070,182892,42,2,1,5,462,3,13,1,60,1,2,3,1014,0,0,1,1,1,0,0,2,1,1,1,2,28,6,3,0,0,0,0,0,9,1,9
3,1,9,0,18,0,1,0,0,0,0,1,1,2,2,55,8,1364,1,9,1,1,3,458052,222516,43,3,1,4,481,6,129,6,30,3,4,6,0,0,4,1,1,2,0,0,1,2,1,2,1,15,3,3,0,0,1,0,0,9,1,4
3,1,9,0,18,0,2,0,0,0,0,2,1,6,2,41,7,1388,1,10,1,2,2,508296,429058,16,2,2,5,228,6,0,6,30,3,4,6,0,0,1,1,1,1,0,0,1,2,1,1,2,41,7,3,0,0,0,0,0,9,1,1
3,1,1,0,18,0,8,0,0,0,0,1,1,6,1,28,6,1598,1,8,1,1,3,538820,175230,1,3,1,3,7,3,20,6,30,3,4,6,0,0,0,1,1,1,0,0,1,1,1,1,1,28,6,3,0,0,0,0,0,1,1,5
3,2,9,0,18,0,1,0,0,0,0,3,1,6,1,56,9,998,1,9,1,1,2,391419,343015,21,2,1,6,257,6,0,9,30,2,4,6,0,0,0,1,1,1,0,0,1,2,1,1,1,56,9,3,0,0,0,0,0,9,1,7
3,2,9,0,4,0,1,0,0,0,0,2,1,6,1,42,7,1753,2,8,1,1,4,408179,308680,21,4,1,3,252,3,5190,6,30,3,4,6,206,0,0,1,9,1,0,0,2,2,1,1,1,42,7,3,0,0,0,0,0,9,1,7
3,1,8,0,9,0,6,0,0,0,0,3,1,1,1,35,6,1339,8,6,1,1,2,517990,166940,1,2,1,5,23,3,243,6,30,3,4,6,0,0,0,1,2,2,0,0,1,1,1,1,1,33,6,3,0,0,0,0,0,9,1,5
3,2,9,0,7,0,6,0,0,0,0,1,1,6,2,49,8,1598,1,8,1,1,2,327635,364061,60,2,1,3,724,3,549,6,30,9,4,6,0,0,0,1,1,1,0,0,1,2,1,1,2,49,8,3,0,0,0,0,0,9,1,5
3,2,9,0,18,0,8,0,0,0,0,1,1,6,1,42,7,2362,1,9,1,2,2,521920,180520,1,2,2,3,11,6,0,6,30,6,4,6,0,0,0,1,1,1,0,0,1,1,2,1,1,42,7,3,0,0,0,0,0,9,1,1
3,1,9,0,18,0,0,0,0,0,0,1,1,6,2,46,8,1198,1,12,1,3,2,436486,473603,12,2,3,2,182,2,1,3,70,0,4,6,0,0,0,1,1,1,0,0,2,1,3,2,2,69,10,3,0,0,1,0,0,9,1,2
3,1,9,0,18,0,0,0,0,0,0,1,1,1,1,24,5,2967,2,3,1,4,3,544947,115454,47,3,4,2,554,3,26,6,60,0,4,6,0,0,0,1,1,1,0,0,2,1,1,1,1,33,6,3,0,0,0,0,0,9,1,5
3,1,9,0,5,0,3,0,0,0,0,0,1,6,2,48,8,1998,1,12,1,3,2,614430,157810,46,2,3,7,531,3,290,1,30,1,4,6,0,0,0,4,8,2,0,0,1,1,2,2,2,17,4,3,0,0,2,0,0,9,1,9
3,3,9,0,4,0,0,0,0,1,9,3,1,6,2,81,11,1461,2,2,3,1,3,424090,331270,30,3,1,6,328,3,50,3,70,0,4,6,0,0,0,1,1,1,0,0,2,1,1,1,1,33,6,3,0,0,0,0,0,9,1,5
3,2,9,0,18,0,0,0,0,0,0,4,1,6,1,21,5,1596,1,10,2,1,2,555850,166910,46,2,1,1,538,1,20,3,70,0,4,6,0,0,0,4,1,1,0,0,2,1,1,1,1,33,6,3,0,0,0,0,0,9,1,5
3,1,9,0,4,0,1,0,0,0,0,1,1,6,3,38,7,1598,1,8,1,2,2,437474,564295,10,2,2,6,149,3,1300,6,30,1,4,3,1018,0,0,1,1,1,0,0,1,2,1,1,1,33,6,3,0,0,0,0,0,9,1,5
3,3,9,0,4,0,0,0,0,0,0,2,1,2,1,49,8,1199,1,12,1,4,4,460473,300898,33,4,4,6,364,3,563,6,40,0,4,6,0,0,4,1,1,1,0,0,2,1,2,1,1,49,8,3,0,0,0,0,0,9,1,4
3,2,9,0,5,0,8,0,0,0,0,1,1,1,1,27,6,1582,2,1,1,1,2,546090,256700,35,2,1,1,390,3,1307,6,30,6,2,6,0,0,5,4,1,1,0,0,1,1,1,1,1,33,6,3,0,0,0,0,0,9,1,5
3,2,9,0,18,0,8,0,0,0,0,1,1,6,1,78,11,1242,1,5,1,3,2,388591,134007,54,2,3,6,635,3,303,6,60,3,4,3,350,0,0,1,1,1,0,0,2,1,3,2,2,71,10,3,0,0,1,0,0,9,1,8
3,1,9,0,4,0,1,0,0,0,0,1,1,6,2,45,7,1598,1,13,1,1,2,387435,218062,53,2,1,5,625,3,417,1,60,1,4,3,417,0,0,1,1,1,0,0,2,1,1,1,1,33,6,3,0,0,0,0,0,9,1,5
2,1,19,0,5,0,2,0,0,0,0,1,1,1,1,51,8,1598,1,8,1,1,2,364065,741403,93,2,1,3,912,3,92,6,30,1,4,3,933,0,0,1,1,1,0,0,1,1,1,1,1,33,6,3,0,0,0,0,0,9,1,5
3,2,9,0,18,0,1,0,0,0,0,3,1,1,2,25,5,1995,1,8,1,2,3,431853,435790,13,3,2,6,204,6,0,6,30,3,4,6,0,0,0,1,1,1,0,0,1,1,2,1,2,25,5,3,0,0,0,0,0,9,1,5
3,2,1,0,4,0,4,0,0,0,0,0,1,4,1,12,3,1598,1,8,3,1,2,487188,169944,43,2,1,2,470,6,7002,1,30,1,4,6,7002,0,0,1,9,1,0,0,1,2,1,1,1,12,3,3,0,0,0,0,0,1,3,8
3,1,9,0,5,0,6,0,0,0,0,1,1,6,1,44,7,1997,2,1,1,1,2,343412,392994,5,2,1,6,90,4,5198,6,30,9,4,6,0,0,0,1,1,1,0,0,1,1,1,1,1,33,6,3,0,0,0,0,0,9,1,5
2,1,9,0,4,0,8,0,0,0,0,1,1,6,1,30,6,995,1,11,2,1,2,349108,366999,7,2,1,7,130,6,0,6,30,3,4,6,0,0,0,1,1,1,0,0,2,2,1,1,1,33,6,3,0,0,0,0,0,9,1,5
3,2,9,0,2,0,1,0,0,0,0,3,1,6,2,25,5,998,1,10,1,1,3,436069,393445,14,3,1,3,215,3,6135,6,30,3,4,6,0,0,0,1,1,1,0,0,1,1,1,1,1,33,6,3,0,0,0,0,0,9,1,5
3,2,9,0,18,0,0,0,0,0,0,3,1,1,1,53,8,1598,1,8,1,2,2,447921,422801,13,2,2,3,206,2,1,3,70,0,4,6,0,0,0,1,1,1,0,0,2,1,2,1,1,53,8,3,0,0,0,0,0,9,1,7
3,1,9,0,18,0,0,0,0,0,0,4,1,6,2,42,7,1796,1,11,1,1,1,372100,181782,52,1,1,5,612,6,0,6,30,0,4,6,0,0,0,1,1,1,0,0,1,1,1,3,2,9,2,3,5,2,0,0,0,0,1,8
3,2,9,0,9,0,1,0,0,0,0,3,1,2,1,51,8,1560,2,5,1,1,2,529790,182540,1,2,1,1,2,3,4200,6,30,3,4,6,0,0,0,4,1,1,0,0,1,1,1,1,1,33,6,3,0,0,0,0,0,9,1,5
3,2,9,0,18,0,8,0,0,1,0,4,1,6,1,73,10,1595,1,18,2,2,2,642597,276772,37,2,2,1,416,4,1123,6,60,3,4,6,0,0,0,1,1,1,0,0,2,1,1,1,1,73,10,3,0,0,0,0,0,9,2,4
3,2,1,0,18,0,8,0,0,0,0,1,1,4,1,17,4,1598,1,8,1,1,2,453150,205508,43,2,1,3,482,4,480,6,20,3,4,6,0,0,0,1,1,1,0,0,1,2,1,1,1,17,4,3,0,0,0,0,0,1,1,2
3,1,9,0,18,0,0,0,0,0,0,4,1,6,3,38,7,1598,1,8,1,1,1,384290,395150,6,1,1,1,102,6,0,6,30,0,4,6,0,0,0,1,1,1,0,0,1,1,1,3,1,8,2,3,5,3,0,0,0,0,1,1
3,1,9,0,4,0,1,0,0,0,0,4,1,6,1,65,9,1598,1,8,1,1,1,529266,104345,47,1,1,1,565,6,0,2,20,3,4,6,0,0,4,1,1,1,0,0,1,1,1,3,1,50,8,3,1,1,0,0,0,0,1,5
3,3,9,0,18,0,1,0,0,0,0,1,1,6,1,38,7,1598,1,8,1,1,3,531420,166310,1,3,1,4,20,3,213,6,30,3,4,3,236,0,0,1,1,1,0,0,1,2,1,1,1,33,6,3,0,0,0,0,0,9,1,5
2,1,9,0,11,0,0,0,0,0,0,1,1,6,1,20,4,1248,2,1,3,1,3,556947,192119,42,3,1,1,452,1,25,7,70,0,4,6,0,0,0,4,1,1,0,0,2,2,1,1,1,33,6,3,0,0,0,0,0,9,1,5
3,1,4,0,18,0,1,0,0,0,0,1,1,6,1,24,5,125,1,8,1,1,1,531890,172330,1,1,1,1,9,3,215,6,30,3,4,6,0,0,0,7,1,1,0,6,1,1,1,1,1,24,5,3,0,0,0,0,0,4,1,3
3,1,19,0,18,0,1,0,0,0,0,1,1,1,1,40,7,2143,2,8,1,2,2,575480,149510,46,2,2,6,536,3,229,6,40,3,4,6,0,0,0,1,1,1,0,0,2,1,1,1,1,33,6,3,0,0,0,0,0,9,1,5
3,1,19,0,18,0,6,0,0,0,0,1,1,1,1,32,6,2198,2,2,2,1,2,569393,110613,47,2,1,4,556,6,0,6,30,3,4,4,2095,0,0,1,1,1,0,0,2,1,1,2,2,47,8,3,0,0,0,0,0,19,1,2
3,1,9,0,7,0,5,0,0,7,4,1,1,6,1,22,5,1598,1,8,1,5,1,429960,333780,30,1,5,3,328,3,516,7,70,5,4,3,516,0,0,4,1,1,0,0,2,1,3,2,1,20,4,3,0,0,1,0,0,9,1,5
3,2,9,0,9,0,1,0,0,0,0,2,1,6,2,66,10,1389,1,19,1,1,2,502493,102164,47,2,1,7,558,4,2187,6,30,3,4,6,0,0,0,1,1,1,0,0,1,1,1,1,2,66,10,3,0,0,0,0,0,9,1,1
3,2,9,0,18,0,5,5,0,0,0,1,1,6,1,86,11,1364,1,6,2,2,3,203279,75490,50,3,2,7,596,3,39,6,60,3,4,6,0,0,0,6,1,2,0,0,2,1,2,1,1,86,11,3,0,0,0,0,0,9,2,5
2,3,1,0,18,0,0,0,0,0,0,3,1,6,1,33,6,1598,1,8,1,2,3,451505,520166,17,3,2,3,243,6,0,6,30,0,4,6,0,0,0,4,1,1,0,0,1,2,2,1,1,33,6,2,0,0,0,0,0,1,1,1
3,3,9,0,4,0,0,0,0,0,0,2,1,6,1,33,6,1598,1,8,1,3,3,585590,162350,46,3,3,1,540,3,249,3,70,0,4,6,0,0,0,1,1,1,0,0,2,1,1,1,1,33,6,3,0,0,0,0,0,9,1,5
3,1,9,0,18,0,8,0,0,0,0,1,1,6,1,52,8,2148,2,10,1,1,2,505050,174740,1,2,1,4,57,6,0,1,30,1,4,6,0,0,0,1,1,1,0,0,2,1,1,1,1,33,6,3,0,0,0,0,0,9,1,5
3,3,9,0,3,0,0,0,0,0,0,2,1,6,1,43,7,1995,2,7,3,1,3,509318,323939,32,3,1,1,355,3,15,6,40,0,4,6,0,0,0,1,1,1,0,0,2,1,1,1,1,33,6,3,0,0,0,0,0,9,1,5
3,1,9,0,18,0,2,0,0,0,0,1,1,3,1,32,6,2800,2,20,3,1,2,594887,301832,36,2,1,4,400,5,134,6,30,3,4,6,0,0,0,1,1,2,0,0,2,2,1,1,1,33,6,3,0,0,0,0,0,9,1,5
3,1,1,0,18,0,8,0,0,4,6,4,1,2,1,22,5,1598,1,8,1,1,2,510300,181210,1,2,1,6,26,3,4020,3,30,3,4,3,4020,0,0,4,1,1,0,0,1,2,1,1,1,22,5,3,0,0,0,0,0,1,1,4
3,1,9,0,17,0,0,1,0,1,11,1,1,6,2,29,6,1299,1,9,1,1,1,541709,207392,42,1,1,5,456,6,0,3,40,0,4,6,0,0,0,4,2,2,0,0,1,1,1,1,2,29,6,3,0,0,0,0,0,9,1,6
3,1,9,0,16,0,0,5,0,1,11,3,1,2,1,32,6,998,1,6,3,1,1,547950,116974,47,1,1,4,556,6,0,6,50,0,4,6,0,0,0,1,1,4,0,0,2,1,1,1,1,32,6,3,0,0,0,0,0,9,3,6
3,1,8,0,18,2,1,0,0,0,0,1,1,6,1,38,7,1598,1,8,1,1,2,346610,462530,4,2,1,3,76,3,589,3,30,9,4,6,0,2,4,1,1,1,0,0,2,1,1,1,1,33,6,3,0,0,0,0,0,9,1,5
3,1,9,0,5,0,1,0,0,0,0,2,1,6,1,60,9,1596,1,12,1,1,3,288779,61096,50,3,1,1,587,3,3022,6,30,3,2,4,3060,0,0,1,1,1,0,0,1,1,1,1,1,60,9,3,0,0,0,0,0,9,1,7
3,2,9,0,15,0,8,0,0,0,0,4,1,6,1,38,7,1598,1,8,1,1,2,537990,177260,1,2,1,6,6,3,206,6,30,6,4,6,0,0,0,1,1,1,0,0,1,1,1,1,1,33,6,3,0,0,0,0,0,9,1,5
1,1,9,0,17,0,0,5,0,7,11,1,1,6,1,33,6,1999,1,8,1,1,1,366671,745348,93,1,1,7,912,5,46,6,60,0,4,6,0,0,0,6,1,1,0,0,2,2,1,1,1,33,6,1,0,0,0,0,0,9,1,5
3,1,1,0,18,0,1,0,0,0,0,1,1,6,1,42,7,1598,1,8,1,1,2,537080,184060,1,2,1,1,5,6,0,6,20,3,4,6,0,0,0,4,1,1,0,0,1,2,1,1,1,42,7,3,0,0,0,0,0,1,1,1
3,1,19,0,18,0,1,0,0,0,0,1,1,6,1,32,6,1686,2,12,3,1,3,480103,482659,12,3,1,3,185,3,169,6,60,8,4,6,0,0,0,1,1,1,0,0,2,1,1,1,1,33,6,3,0,0,0,0,0,9,1,5
3,2,9,0,18,0,0,0,8,0,0,4,1,6,1,75,10,1560,2,2,2,1,2,288329,697050,96,2,1,3,915,3,91,6,30,0,4,6,0,0,0,1,1,1,0,0,2,1,1,1,1,33,6,3,0,0,0,0,0,9,1,5
3,1,4,0,13,0,8,0,0,0,0,1,1,1,1,42,7,1598,1,8,1,1,2,571023,276022,37,2,1,4,411,6,0,2,30,3,4,6,0,0,0,4,1,1,0,0,1,1,1,1,1,42,7,3,0,0,0,0,0,4,1,3
3,1,9,0,18,0,1,0,0,0,0,2,1,6,1,23,5,1598,1,8,1,1,2,531730,173030,1,2,1,2,9,3,205,6,30,6,2,3,215,0,5,4,1,1,0,0,1,1,1,1,1,23,5,3,0,0,0,0,0,9,1,5
3,3,19,0,2,6,0,0,0,0,0,2,1,1,1,38,7,2148,2,7,1,2,3,383965,379097,7,3,2,5,129,3,34,6,60,0,4,6,0,0,0,1,2,2,0,0,2,1,1,1,1,33,6,3,0,0,0,0,0,9,1,5
3,2,9,0,13,0,0,0,0,0,0,0,1,6,3,38,7,1598,1,8,1,1,2,560424,318254,36,2,1,7,407,3,47,6,60,0,4,6,0,0,0,1,1,1,0,0,2,1,1,1,1,33,6,3,0,0,0,0,0,9,1,5
3,2,9,0,18,0,1,0,0,0,0,1,1,6,1,45,7,1997,2,1,1,1,2,520610,189840,1,2,1,1,30,3,5,6,30,3,4,6,0,0,5,1,1,1,0,0,1,1,1,1,1,33,6,3,0,0,0,0,0,9,1,5
3,3,9,0,18,0,1,0,0,0,0,1,1,1,1,53,8,1598,1,8,1,1,3,426327,324022,21,3,1,4,251,6,12,6,30,3,4,4,5008,0,0,1,1,1,0,0,1,1,1,1,1,33,6,3,0,0,0,0,0,9,1,5
3,2,20,0,18,0,0,0,0,0,0,4,1,1,3,38,7,1598,1,8,1,1,2,351334,131809,52,2,1,3,606,6,0,6,40,0,4,6,0,0,0,6,1,1,0,0,2,2,1,1,1,33,6,3,0,0,0,0,0,9,1,5
3,1,3,0,15,0,8,0,0,0,0,1,1,6,1,38,7,125,1,8,1,1,2,540340,188070,1,2,1,7,14,3,1008,6,30,3,2,3,1008,0,5,1,1,1,0,0,1,1,1,1,1,33,6,3,0,0,0,0,0,3,1,6
3,2,11,0,5,0,1,0,0,0,0,1,1,6,1,32,6,5132,2,8,1,3,2,536989,102221,47,2,3,4,565,3,259,6,30,6,2,4,2122,0,5,1,2,2,0,0,1,1,3,2,1,82,11,3,0,0,0,4,0,11,1,3
2,2,1,0,18,0,1,0,0,0,0,4,1,6,1,59,9,1598,1,8,1,1,2,430417,422127,13,2,1,5,206,6,0,6,30,8,4,6,0,0,0,1,1,1,0,0,1,1,1,1,1,59,9,2,0,0,0,0,0,1,1,3
3,2,9,0,18,0,8,0,0,0,0,1,1,6,1,18,4,998,1,6,1,1,2,542620,181810,1,2,1,2,17,6,0,6,30,6,4,6,0,0,0,1,1,1,0,0,1,1,1,1,1,33,6,3,0,0,0,0,0,9,1,5
3,2,9,0,18,0,0,0,0,0,0,0,1,1,1,46,8,2993,2,8,1,1,2,429829,431493,13,2,1,7,204,6,0,6,20,0,4,6,0,0,0,4,2,2,0,0,1,1,1,1,1,33,6,3,0,0,0,0,0,9,1,5
3,1,9,0,7,0,8,0,0,0,0,1,1,6,1,40,7,1598,1,14,1,1,2,442539,113137,44,2,1,1,500,6,0,6,30,3,2,6,0,0,4,1,1,1,0,0,1,2,1,1,1,33,6,3,0,0,0,0,0,9,1,5
2,2,9,0,18,0,0,0,0,0,0,3,1,6,1,28,6,1997,2,13,2,1,2,615870,166970,46,2,1,7,531,6,3130,6,30,0,4,6,0,0,0,5,4,2,0,0,1,2,1,1,1,28,6,2,0,0,0,0,0,9,2,6
2,1,1,0,18,0,0,0,4,0,0,1,1,6,1,29,6,1598,1,8,1,1,1,532020,183040,1,1,1,6,3,6,0,6,30,0,4,6,0,0,0,1,1,1,0,0,1,1,1,1,1,29,6,2,0,0,0,0,0,1,1,2
3,1,9,0,16,0,0,0,0,0,0,1,1,6,2,50,8,1198,1,1,1,1,2,232226,612443,97,2,1,5,937,3,77,6,60,0,4,6,0,0,0,1,1,1,0,0,2,1,1,1,2,50,8,3,0,0,0,0,0,9,1,5
3,2,9,0,9,0,5,0,0,0,0,4,1,6,1,64,9,1997,2,14,1,1,2,504874,208252,41,2,1,1,431,6,672,6,30,8,4,6,0,0,0,1,1,1,0,0,1,1,1,1,1,33,6,3,0,0,0,0,0,9,1,5
3,2,10,0,18,0,8,0,10,1,0,3,1,1,1,47,8,2198,2,2,1,5,2,517963,466751,16,2,5,1,231,3,1038,6,30,3,4,6,0,0,0,4,2,2,0,0,1,1,5,2,2,49,8,3,0,0,0,0,0,10,1,8
3,1,9,0,9,0,8,0,0,0,0,4,1,6,2,28,6,1390,1,11,1,1,2,449523,520000,17,2,1,4,243,5,120,6,30,6,2,6,0,0,5,1,2,2,0,0,1,1,1,1,1,33,6,3,0,0,0,0,0,9,1,5
3,2,9,0,18,0,8,0,0,0,0,1,1,5,2,21,5,1461,2,8,1,1,2,422633,301248,21,2,1,5,258,4,5404,6,30,3,4,5,373,0,0,1,1,1,0,0,1,2,1,1,2,21,5,3,0,0,0,0,0,9,1,6
3,1,9,0,9,0,6,0,0,0,0,3,1,6,2,23,5,1896,2,14,1,2,2,621924,244019,37,2,2,5,415,5,322,6,60,3,4,5,350,0,0,1,1,1,0,0,2,1,1,1,2,23,5,3,0,0,0,0,0,9,1,10
3,1,5,0,9,0,6,0,0,0,0,3,1,6,1,48,8,600,1,10,1,2,2,358027,173892,52,2,2,2,601,6,0,2,20,3,4,6,0,0,0,4,1,1,0,0,1,1,1,1,1,48,8,3,0,0,0,0,0,5,1,7
3,2,9,0,9,0,5,0,0,0,0,3,1,1,1,31,6,1598,1,8,1,1,2,389195,228358,53,2,1,2,625,3,38,3,70,3,4,3,38,0,0,1,5,2,0,0,2,1,1,1,1,33,6,3,0,0,0,0,0,9,1,5
3,1,9,0,18,0,1,0,0,0,0,1,1,2,1,28,6,1995,2,7,1,1,2,540750,181770,1,2,1,6,17,3,13,2,30,8,4,6,0,0,0,1,1,1,0,0,1,1,1,1,1,28,6,3,0,0,0,0,0,9,1,4
3,2,9,0,18,0,8,0,10,3,10,1,1,6,3,38,7,2987,2,4,1,1,2,531850,188120,1,2,1,1,31,3,105,6,30,6,2,6,0,0,5,1,1,1,0,0,1,1,1,1,1,33,6,3,0,0,0,0,0,9,1,5
3,1,9,0,4,0,0,0,0,0,0,2,1,6,2,20,4,1599,1,7,1,1,2,523850,180000,1,2,1,1,11,3,3220,3,30,0,4,6,0,0,5,4,1,2,0,0,1,1,1,1,2,20,4,3,0,0,0,0,0,9,1,3
3,2,9,0,16,0,0,0,0,0,0,3,1,6,1,26,6,1598,1,8,1,1,2,391110,299820,20,2,1,7,309,6,0,6,30,0,4,6,0,0,0,1,1,1,0,0,1,2,1,1,1,26,6,3,0,0,0,0,0,9,1,1
3,2,9,0,2,6,1,0,0,0,0,2,1,3,1,64,9,1598,1,8,1,2,3,330773,356427,60,3,2,2,724,4,5102,6,30,9,4,6,0,0,0,1,1,1,0,0,2,1,2,2,2,57,9,3,0,0,1,0,0,9,1,5
3,2,9,0,3,0,0,0,0,0,0,2,1,6,1,18,4,1229,1,7,1,5,2,348360,559860,3,2,5,5,62,3,689,6,60,0,4,6,0,0,0,1,1,1,4,0,2,1,5,2,1,18,4,3,0,0,1,0,0,9,1,6
3,2,9,0,9,0,1,0,0,0,0,1,1,6,1,30,6,1299,1,15,1,1,2,529140,162460,1,2,1,2,21,3,237,6,30,3,4,6,0,0,0,4,1,2,0,0,1,1,1,1,1,33,6,3,0,0,0,0,0,9,1,5
3,1,9,0,18,0,4,0,0,0,0,1,1,6,1,61,9,1995,1,12,3,2,1,482843,145902,45,1,2,4,517,3,31,3,70,1,4,3,31,0,0,4,1,1,0,0,2,1,1,1,1,61,9,3,0,0,0,0,0,9,3,10