accident_severity,vehicle_reference,vehicle_type,towing_and_articulation,vehicle_manoeuvre,vehicle_location-restricted_lane,junction_location,skidding_and_overturning,hit_object_in_carriageway,vehicle_leaving_carriageway,hit_object_off_carriageway,1st_point_of_impact,was_vehicle_left_hand_drive?,journey_purpose_of_driver,sex_of_driver,age_of_driver,age_band_of_driver,engine_capacity_(cc),propulsion_code,age_of_vehicle,driver_home_area_type,NUmber_of_Casualities_unique_to_accident_index,No_of_Vehicles_involved_unique_to_accident_index,location_easting_osgr,location_northing_osgr,police_force,number_of_vehicles,number_of_casualties,day_of_week,local_authority_(district),1st_road_class,1st_road_number,road_type,speed_limit,junction_detail,junction_control,2nd_road_class,2nd_road_number,pedestrian_crossing-human_control,pedestrian_crossing-physical_facilities,light_conditions,weather_conditions,road_surface_conditions,special_conditions_at_site,carriageway_hazards,urban_or_rural_area,did_police_officer_attend_scene_of_accident,casualty_reference,casualty_class,sex_of_casualty,age_of_casualty,age_band_of_casualty,casualty_severity,pedestrian_location,pedestrian_movement,car_passenger,bus_or_coach_passenger,pedestrian_road_maintenance_worker,casualty_type,casualty_home_area_type,casualty_imd_decile
3,1,3,0,9,0,8,0,0,0,0,3,1,6,1,22,5,124,1,4,1,2,2,518210,179290,1,2,2,3,27,4,4491,6,30,3,4,6,0,0,0,1,1,1,0,0,1,1,1,1,1,22,5,3,0,0,0,0,0,3,1,8
2,3,9,0,18,0,0,0,0,0,0,0,1,6,1,62,9,1598,1,8,1,1,3,372295,163354,52,3,1,5,611,6,0,6,30,0,4,6,0,0,0,1,1,1,0,0,1,1,1,1,1,33,6,3,0,0,0,0,0,9,1,5
3,1,9,0,7,0,8,0,0,0,0,1,1,6,1,66,10,2400,2,4,1,2,2,526183,403955,16,2,2,5,233,6,0,6,30,3,4,4,1203,0,0,1,1,1,0,0,1,1,1,1,1,66,10,3,0,0,0,0,0,9,1,10
3,1,9,0,9,0,8,0,0,0,0,4,1,6,1,44,7,1598,1,8,1,1,2,513600,185580,1,2,1,6,29,3,4090,6,30,3,4,6,0,0,0,4,2,2,0,0,1,1,1,1,1,33,6,3,0,0,0,0,0,9,1,5
3,2,9,0,3,0,8,0,0,0,0,2,2,3,2,26,6,1796,1,8,2,2,2,526779,135203,47,2,2,2,560,3,2004,6,30,3,4,6,0,0,0,1,1,1,0,0,1,2,2,2,2,9,2,3,0,0,2,0,0,9,2,6
3,1,9,0,18,0,8,0,0,0,0,3,1,6,1,27,6,2143,2,8,1,5,2,329230,671900,95,2,5,6,923,6,0,6,30,6,4,6,0,0,0,1,1,1,3,0,1,1,1,1,1,27,6,3,0,0,0,0,0,9,1,5
3,1,9,0,4,0,1,0,0,0,0,1,1,2,2,27,6,1598,2,3,1,2,2,542020,256910,35,2,2,5,395,5,200,6,50,3,4,1,11,0,0,1,1,2,0,0,2,1,1,1,2,27,6,3,0,0,0,0,0,9,1,10
3,1,9,0,9,0,8,0,0,0,0,4,1,6,1,25,5,1598,1,8,1,3,2,540900,175710,1,2,3,6,6,3,2213,6,30,3,2,3,2213,0,5,1,4,1,0,0,1,1,1,1,1,25,5,3,0,0,0,0,0,9,1,5
3,1,9,0,18,0,0,0,0,0,0,1,1,1,2,33,6,2993,2,3,1,1,2,584622,187294,42,2,1,2,460,6,0,3,30,0,4,6,0,0,0,1,1,1,0,0,1,1,1,1,1,33,6,3,0,0,0,0,0,9,1,5
3,1,9,0,18,0,0,0,0,0,0,1,1,6,2,52,8,1587,1,13,3,2,2,472065,409165,14,2,2,7,211,1,180,3,70,0,4,6,0,0,0,4,1,1,0,0,2,1,1,1,2,52,8,3,0,0,0,0,0,9,3,8
2,2,2,0,18,0,0,0,0,0,0,3,1,6,1,44,7,124,1,15,1,1,2,543780,182690,1,2,1,5,17,3,13,3,50,0,4,6,0,0,0,1,1,1,0,0,2,1,1,1,1,44,7,2,0,0,0,0,0,2,1,2
3,2,9,0,3,0,0,0,0,0,0,2,1,6,2,37,7,1598,1,15,1,3,2,455975,307040,33,2,3,5,364,3,563,6,30,0,4,6,0,0,0,1,1,1,0,0,2,2,2,2,1,50,8,3,0,0,1,0,0,9,1,4
3,1,9,0,16,0,0,0,0,0,0,1,1,6,1,19,4,1149,1,13,1,1,3,420389,502946,12,3,1,7,184,3,6108,6,30,0,4,6,0,0,0,1,1,1,0,0,2,1,1,1,1,33,6,3,0,0,0,0,0,9,1,5
3,1,9,0,18,9,2,0,0,1,2,1,1,6,1,32,6,1598,1,8,1,1,1,581694,109296,47,1,1,1,552,3,259,6,30,3,2,6,0,0,0,4,1,4,0,0,2,1,1,1,1,32,6,3,0,0,0,0,0,9,1,2
3,1,9,0,7,0,1,0,0,0,0,3,1,1,1,60,9,1686,2,7,3,1,2,598275,223190,42,2,1,3,455,4,1026,6,30,3,4,6,0,0,0,1,1,1,0,0,1,1,1,1,1,33,6,3,0,0,0,0,0,9,1,5
3,1,11,0,3,0,1,0,0,0,0,3,1,1,1,38,7,1598,2,17,1,1,3,437030,357790,30,3,1,4,327,3,615,6,30,3,4,6,0,0,0,1,1,1,0,0,2,1,1,1,1,33,6,3,0,0,0,0,0,9,1,5
3,1,9,0,18,0,8,0,0,0,0,1,1,6,1,35,6,1398,2,9,1,1,2,508986,430001,16,2,1,3,228,3,1079,6,30,3,2,6,0,0,5,4,1,2,0,0,1,1,1,1,1,35,6,3,0,0,0,0,0,9,1,1
3,1,9,0,3,0,0,0,0,0,0,2,1,6,2,56,9,1388,1,11,1,2,2,521360,183700,1,2,2,7,28,3,404,6,30,0,4,6,0,0,0,4,1,1,0,0,1,2,2,2,1,23,5,3,0,0,2,0,0,9,1,5
2,2,9,0,6,0,0,0,0,0,0,1,1,6,2,66,10,898,1,1,1,1,2,438450,346840,30,2,1,3,320,4,6179,6,40,0,4,6,0,0,0,4,1,2,0,0,2,1,1,1,1,33,6,3,0,0,0,0,0,9,1,5
3,1,11,0,4,0,0,0,0,0,0,0,1,1,1,31,6,3900,2,12,1,1,1,514440,175930,1,1,1,2,25,3,315,3,30,0,4,6,0,0,1,4,1,1,0,0,1,1,1,2,2,43,7,3,0,0,0,3,0,11,1,8
3,2,9,0,3,0,0,0,0,1,0,2,1,6,2,53,8,1598,1,8,2,4,4,304320,255570,63,4,4,5,753,3,483,6,60,0,4,6,0,0,0,6,2,2,4,2,2,1,2,1,2,53,8,3,0,0,0,0,0,9,2,5
3,2,9,0,5,0,1,0,0,0,0,2,1,6,1,51,8,1598,1,8,1,1,2,270393,193070,62,2,1,2,745,3,483,6,40,6,2,6,0,0,5,4,2,2,0,0,2,1,1,1,1,33,6,3,0,0,0,0,0,9,1,5
3,1,9,0,16,0,1,1,10,7,0,4,1,2,1,32,6,1368,1,8,2,1,1,429209,576588,10,1,1,5,139,3,192,6,30,3,4,6,0,0,0,6,1,1,5,0,2,1,1,3,1,32,6,3,5,3,0,0,0,0,1,5
3,2,1,0,3,5,8,0,0,0,0,1,1,4,2,11,3,1598,1,8,1,1,2,443390,120523,44,2,1,5,491,4,3043,6,30,8,4,6,0,0,0,1,1,2,0,0,1,1,1,1,2,11,3,3,0,0,0,0,0,1,1,10
3,1,9,0,18,0,0,1,0,7,4,4,1,6,1,84,11,1598,1,8,3,1,2,539563,364854,32,2,1,6,351,3,16,6,60,0,4,6,0,0,0,1,2,2,0,0,2,1,1,1,1,84,11,3,0,0,0,0,0,9,3,4
3,2,9,0,18,0,0,0,0,0,0,1,1,6,2,27,6,1242,1,6,1,8,2,452025,406957,14,2,8,1,211,2,1,3,70,0,4,6,0,0,0,1,1,1,0,0,2,1,7,2,1,16,4,3,0,0,2,0,0,9,1,7
3,2,9,0,18,0,8,0,0,0,0,1,1,6,2,36,7,1598,1,8,2,2,2,225670,214750,63,2,2,1,751,3,477,6,60,3,4,6,0,0,0,1,1,1,0,0,2,1,2,2,2,71,10,3,0,0,1,0,0,9,1,4
3,1,9,0,9,0,1,0,0,0,0,0,1,6,1,55,8,2521,1,12,1,1,2,358350,417290,4,2,1,6,73,6,0,6,20,9,4,6,0,0,0,1,1,1,0,0,1,1,1,1,1,33,6,3,0,0,0,0,0,9,1,5
3,1,9,0,18,0,6,0,0,7,0,1,1,6,2,75,10,1339,1,8,3,4,3,249604,54320,50,3,4,2,583,3,374,6,30,5,4,3,379,0,0,1,1,1,0,0,1,1,1,1,2,75,10,3,0,0,0,0,0,9,3,9
3,2,9,0,4,0,0,0,0,0,0,2,1,6,2,41,7,1360,1,12,1,3,4,527877,405308,16,4,3,2,233,3,16,6,60,0,4,6,0,0,0,4,1,2,0,0,2,1,2,1,2,41,7,3,0,0,0,0,0,9,1,8
3,1,9,0,18,0,1,5,0,1,10,3,1,6,1,29,6,1198,1,4,1,2,3,358023,395698,5,3,2,4,92,3,572,6,30,6,2,6,0,0,5,1,1,1,0,0,1,1,1,1,1,29,6,3,0,0,0,0,0,9,1,2
3,2,9,0,16,0,0,0,0,0,0,0,1,6,1,53,8,1229,1,10,3,1,2,462721,345428,31,2,1,5,343,6,0,6,60,0,4,6,0,0,0,1,1,1,0,0,2,1,1,1,1,33,6,3,0,0,0,0,0,9,1,5
2,2,9,0,16,0,0,1,0,0,0,1,1,2,2,42,7,1598,1,8,3,3,3,439673,415983,13,3,3,5,206,6,0,6,60,0,4,6,0,0,0,1,1,1,0,0,2,1,2,1,2,42,7,3,0,0,0,0,0,9,3,3
2,1,9,0,18,0,0,0,0,0,0,4,1,6,3,38,7,1598,1,8,1,1,2,565920,172520,46,2,1,1,535,6,3533,6,30,0,4,6,0,0,0,1,1,1,0,0,1,2,1,1,1,33,6,3,0,0,0,0,0,9,1,5
2,1,9,0,18,0,0,0,0,0,0,1,1,6,3,38,7,1598,1,8,1,1,2,240972,53971,50,2,1,4,596,6,0,6,60,0,4,6,0,0,0,6,5,2,0,0,2,2,1,1,1,33,6,3,0,0,0,0,0,9,1,5
2,1,5,0,17,0,0,1,0,1,0,4,1,6,1,44,7,1598,1,8,1,1,1,399288,93330,55,1,1,5,643,3,35,6,50,0,4,6,0,0,0,1,1,1,0,0,2,1,1,1,1,44,7,2,0,0,0,0,0,5,1,3
3,1,9,0,17,0,0,0,0,0,0,3,1,1,1,42,7,1108,1,15,3,1,1,556617,102871,47,1,1,3,556,6,0,6,60,0,4,6,0,0,0,6,2,2,0,0,2,1,1,1,1,42,7,3,0,0,0,0,0,9,3,6
3,2,9,0,18,0,8,0,0,0,0,1,1,6,2,54,8,1242,1,12,1,2,2,530500,407727,16,2,2,4,233,3,1098,6,30,3,4,6,0,0,1,1,1,1,0,0,1,1,1,1,2,54,8,3,0,0,0,0,0,9,1,8
3,2,11,0,18,2,7,0,0,0,0,1,1,1,2,45,7,5900,2,9,1,1,2,430683,433601,13,2,1,5,204,6,0,2,20,5,2,6,0,0,0,1,1,1,0,0,1,1,1,1,1,33,6,3,0,0,0,0,0,9,1,5
3,1,2,0,18,0,8,0,0,0,0,1,1,2,1,32,6,125,1,1,1,2,1,520110,179510,1,1,2,6,27,5,0,6,30,3,4,6,0,0,0,1,1,1,0,0,1,1,1,3,1,33,6,3,5,3,0,0,2,0,1,5
3,2,9,0,9,0,8,0,0,0,0,4,1,4,2,18,4,998,1,7,1,3,2,396770,398450,6,2,3,4,110,3,6018,6,30,3,2,4,6175,0,5,4,1,2,6,0,1,1,3,1,2,18,4,3,0,0,0,0,0,9,1,5
3,2,8,0,18,0,8,0,0,0,0,4,1,1,1,49,8,1794,1,13,1,1,2,385740,401230,6,2,1,2,102,5,0,6,30,3,4,6,0,0,0,4,8,2,0,0,1,1,1,1,1,49,8,3,0,0,0,0,0,8,1,1
2,1,5,0,18,0,0,1,0,0,0,1,1,6,1,53,8,647,1,8,3,1,1,449130,146570,44,1,1,6,490,6,0,6,60,0,4,6,0,0,0,1,1,2,0,0,2,1,1,1,1,53,8,2,0,0,0,0,0,5,3,10
3,1,9,0,4,0,0,0,0,0,0,1,1,6,1,29,6,1242,1,5,1,2,2,262161,663824,97,2,2,6,926,3,74,6,30,0,4,6,0,0,5,1,1,1,0,0,1,1,2,1,1,29,6,3,0,0,0,0,0,9,1,5
3,1,9,0,18,0,0,0,0,1,4,1,1,6,1,24,5,1896,2,16,1,1,1,615915,244507,37,1,1,1,412,3,1156,3,30,0,4,6,0,0,0,4,1,1,0,0,1,1,1,2,2,15,3,3,0,0,1,0,0,9,1,2
3,2,9,0,4,0,8,0,0,0,0,2,1,2,2,36,7,1496,2,8,3,1,2,414589,105468,44,2,1,3,496,3,31,3,70,5,4,3,31,0,0,1,2,2,0,0,1,2,1,1,1,33,6,3,0,0,0,0,0,9,1,5
3,1,1,0,18,0,2,0,0,0,0,1,1,4,1,18,4,1598,1,8,1,1,2,459390,451040,12,2,1,3,189,3,1036,6,30,6,2,3,59,0,0,1,1,1,0,0,1,2,1,1,1,18,4,3,0,0,0,0,0,1,1,8
3,1,9,0,14,0,8,0,0,0,0,4,1,2,1,22,5,1364,2,7,1,5,2,484108,358901,31,2,5,4,345,6,0,6,50,6,4,6,0,0,0,1,1,1,0,0,2,1,3,2,1,29,6,3,0,0,1,0,0,9,1,4
3,2,9,0,9,0,8,0,0,0,0,1,1,6,2,38,7,1598,1,8,1,1,2,528880,177060,1,2,1,4,10,3,3205,6,30,6,2,5,0,0,5,4,1,1,0,0,1,2,1,1,1,33,6,3,0,0,0,0,0,9,1,5
2,1,9,0,18,0,0,0,0,0,0,1,1,6,1,23,5,1998,2,11,1,2,1,416580,286740,20,1,2,1,306,6,0,6,30,0,4,6,0,0,0,1,1,1,0,0,1,1,1,3,2,29,6,2,5,3,0,0,0,0,1,3
3,1,9,0,18,0,8,0,0,0,0,1,1,6,2,28,6,1242,1,1,2,2,3,372910,274550,22,3,2,2,278,3,4117,6,30,3,4,6,0,0,0,6,1,2,0,0,2,1,1,1,2,28,6,3,0,0,0,0,0,9,2,8
3,2,1,0,18,0,8,0,0,0,0,1,1,6,1,64,9,1598,1,8,1,1,2,631211,256826,37,2,1,7,415,4,1078,1,60,1,4,4,1116,0,0,1,1,1,0,0,2,2,1,1,1,64,9,3,0,0,0,0,0,1,1,10
3,1,9,0,18,0,0,0,0,0,0,2,1,6,2,23,5,1364,1,8,1,4,3,400050,286110,20,3,4,4,305,3,4123,3,40,0,4,6,0,0,0,1,2,2,0,0,1,1,2,2,2,33,6,3,0,0,1,0,0,9,1,4
3,1,9,0,3,0,0,0,0,0,0,1,1,2,2,66,10,1149,1,12,2,1,2,339431,395952,5,2,1,3,91,3,580,3,40,0,4,6,0,0,8,1,1,1,0,0,1,1,1,1,1,33,6,3,0,0,0,0,0,9,1,5
3,1,8,0,18,0,1,0,0,0,0,4,1,1,1,57,9,1910,2,9,1,1,1,366840,426900,4,1,1,3,70,6,0,6,30,3,4,6,0,0,0,1,1,1,0,0,1,1,1,3,2,20,4,3,6,8,0,0,0,0,1,5
3,3,9,0,18,0,0,0,0,0,0,3,1,6,1,47,8,1995,2,13,1,1,4,632580,144060,46,4,1,4,533,3,2,6,60,0,4,6,0,0,0,1,1,1,0,3,2,1,1,1,1,33,6,3,0,0,0,0,0,9,1,5
3,1,9,0,18,0,8,0,0,0,0,4,1,6,2,23,5,999,1,7,1,1,2,529370,161680,1,2,1,6,20,3,237,6,30,6,2,3,2022,0,5,1,1,1,0,0,1,2,1,1,2,23,5,3,0,0,0,0,0,9,1,4
2,1,9,0,17,0,0,0,0,8,4,3,1,6,2,41,7,1896,2,12,3,4,1,399115,445473,12,1,4,7,180,5,102,6,60,0,4,6,0,0,0,1,5,2,0,0,2,1,3,2,1,9,2,3,0,0,2,0,0,9,3,8
3,1,9,0,18,0,2,0,0,0,0,1,1,1,2,28,6,1598,1,8,1,2,2,312272,168646,62,2,2,7,746,4,4294,6,30,3,4,6,0,0,0,1,1,1,0,0,1,1,3,2,1,37,7,3,0,0,1,0,0,9,1,5
3,1,9,0,7,0,3,0,0,0,0,3,1,6,2,32,6,1984,2,2,2,1,2,601419,223476,42,2,1,3,455,6,0,1,30,1,4,6,0,0,1,1,1,1,0,0,1,1,1,1,1,33,6,3,0,0,0,0,0,9,1,5
3,1,9,0,18,0,0,0,4,0,0,1,1,6,3,38,7,2143,2,3,1,1,3,487660,193498,43,3,1,2,480,6,3058,9,30,0,4,6,0,0,0,4,1,1,0,0,1,1,1,2,2,31,6,3,0,0,1,0,0,9,1,6
3,1,9,0,17,0,0,0,0,7,10,1,1,6,1,58,9,1398,1,1,2,4,1,337960,305260,22,1,4,7,286,3,488,6,30,0,4,6,0,0,0,1,1,1,0,0,2,1,3,2,2,4,1,3,0,0,2,0,0,9,1,8
3,1,9,0,18,0,8,0,0,0,0,1,1,1,2,33,6,2000,1,10,1,1,1,524622,322779,32,1,1,6,354,6,0,6,30,3,2,6,0,0,4,4,1,1,0,0,1,1,1,3,1,19,4,3,9,9,0,0,0,0,1,9
3,1,9,0,9,0,8,0,0,0,0,1,1,1,1,44,7,1598,1,8,1,1,2,329060,337748,60,2,1,4,725,4,5070,6,30,3,4,6,0,0,0,4,1,1,0,0,2,1,1,1,1,44,7,3,0,0,0,0,0,9,1,5
2,1,9,0,6,0,8,0,0,0,0,2,1,6,1,20,4,1598,1,10,1,5,2,434853,396272,14,2,5,6,215,4,113,6,30,3,4,6,0,0,0,4,2,2,0,0,1,1,3,2,1,20,4,3,0,0,2,0,0,9,1,8
3,2,9,0,18,0,1,1,0,1,0,1,1,6,2,18,4,1242,1,1,1,2,2,514967,473061,12,2,2,6,186,3,165,6,60,3,4,6,370,0,0,1,1,1,0,0,2,1,2,2,2,18,4,3,0,0,1,0,0,9,1,1
3,1,9,0,18,0,8,1,0,0,0,1,1,6,2,38,7,1299,1,13,1,2,2,497677,362582,32,2,2,5,353,3,607,6,50,3,4,5,103,0,0,1,1,1,0,0,2,1,1,1,2,38,7,3,0,0,0,0,0,9,1,10
3,2,9,0,18,0,8,0,0,0,0,1,1,6,3,67,10,1596,1,3,1,1,2,420836,529612,11,2,1,2,169,6,0,6,30,6,4,6,0,0,0,1,2,2,0,0,1,2,1,1,1,33,6,3,0,0,0,0,0,9,1,5
3,1,9,0,9,0,8,0,0,0,0,1,1,6,2,31,6,1560,2,4,1,1,2,530250,178990,1,2,1,7,1,3,3212,1,30,1,4,3,3203,0,1,1,1,1,0,0,1,1,1,1,1,33,6,3,0,0,0,0,0,9,1,5
3,5,9,0,3,0,0,0,0,0,0,3,1,6,1,38,7,1598,1,8,1,1,5,383110,276930,22,5,1,7,278,3,456,3,40,0,4,6,0,0,0,1,2,2,0,0,1,1,1,1,1,33,6,3,0,0,0,0,0,9,1,5
3,2,9,0,5,0,1,1,10,1,7,3,1,2,2,24,5,1399,2,5,1,1,2,438841,386371,14,2,1,5,215,3,6102,3,40,6,2,6,0,0,4,1,1,1,0,0,1,1,1,1,1,33,6,3,0,0,0,0,0,9,1,5
3,3,9,0,4,0,0,1,0,0,0,2,1,6,1,34,6,1598,1,8,1,5,3,441298,553503,10,3,5,7,150,3,1018,6,50,0,4,6,0,0,0,1,4,1,0,0,2,1,3,1,1,34,6,3,0,0,0,0,0,9,1,2
2,1,9,0,18,0,0,0,0,0,0,1,1,6,2,63,9,1499,2,2,1,2,1,353090,429120,4,1,2,6,79,6,0,6,20,0,4,6,0,0,0,1,1,1,0,0,1,1,1,1,2,63,9,3,0,0,0,0,0,9,1,5
3,1,1,0,18,0,0,0,0,0,0,1,1,6,1,40,7,1598,1,8,1,1,1,439904,113820,44,1,1,7,500,3,3057,6,30,0,4,6,0,0,8,1,1,1,0,0,1,1,1,3,2,53,8,3,1,4,0,0,0,0,1,3
3,2,9,0,18,0,0,0,0,0,0,2,1,2,2,31,6,1198,1,3,1,2,3,423162,447794,12,3,2,4,182,4,6161,6,60,0,4,6,0,0,0,1,1,2,0,0,2,1,2,2,1,29,6,3,0,0,1,0,0,9,1,8
3,3,8,0,18,0,0,0,0,0,0,0,1,1,1,38,7,1598,1,8,1,1,3,431959,435824,13,3,1,7,204,6,0,6,30,0,4,6,0,0,0,1,1,1,0,0,1,1,1,1,1,33,6,3,0,0,0,0,0,9,1,5
3,1,9,0,7,0,8,0,0,0,0,4,1,6,2,30,6,1598,1,8,1,1,2,393270,407460,6,2,1,2,104,4,6194,6,30,3,4,6,0,0,0,1,1,1,0,0,1,2,1,1,1,33,6,3,0,0,0,0,0,9,1,5
2,1,9,0,18,0,0,0,0,0,0,1,1,6,2,79,11,1360,1,13,3,1,1,484804,149591,45,1,1,3,517,3,325,6,30,0,4,6,0,0,0,4,1,2,0,6,1,1,1,3,2,64,9,2,5,1,0,0,0,0,1,9
3,2,9,0,18,0,4,0,0,0,0,1,1,1,1,64,9,2987,2,2,1,1,2,417020,283440,20,2,1,5,306,6,0,2,30,1,4,6,0,0,0,1,2,2,0,0,1,1,1,1,1,64,9,3,0,0,0,0,0,9,1,9
3,1,9,0,5,0,1,0,0,0,0,1,1,6,2,35,6,2926,2,11,1,1,1,276133,665540,97,1,1,6,932,6,0,6,30,3,4,6,0,0,0,1,1,1,0,0,1,1,1,3,2,80,11,3,5,3,0,0,0,0,1,5
3,2,9,0,18,0,1,0,0,0,0,3,1,6,1,67,10,1399,2,7,1,1,2,290599,64611,50,2,1,7,587,6,0,6,30,6,4,6,0,0,0,1,1,1,0,0,1,1,1,1,1,33,6,3,0,0,0,0,0,9,1,5
2,1,9,0,9,0,8,0,0,0,0,3,1,6,1,27,6,2204,2,8,1,1,2,523650,183120,1,2,1,4,28,5,0,6,30,6,4,6,0,0,4,7,1,1,0,0,1,1,1,1,1,33,6,3,0,0,0,0,0,9,1,5
3,2,9,0,8,0,1,0,0,0,0,2,1,6,2,57,9,998,1,6,1,1,2,356270,419690,4,2,1,1,73,6,0,6,30,3,2,6,0,2,5,1,1,1,1,0,2,1,1,1,2,57,9,3,0,0,0,0,0,9,1,4
3,2,9,0,3,0,8,0,0,0,0,2,1,6,1,34,6,1753,2,6,1,1,2,526450,164180,1,2,1,3,21,3,232,6,30,3,4,6,0,0,0,1,1,1,0,0,1,1,1,1,1,33,6,3,0,0,0,0,0,9,1,5
2,2,9,0,9,0,8,0,0,0,0,4,1,6,1,30,6,1598,1,8,2,2,2,546185,211771,42,2,2,3,457,3,414,6,40,3,4,6,0,0,0,4,1,1,0,0,1,1,1,1,1,30,6,3,0,0,0,0,0,9,2,8
3,2,9,0,18,0,0,0,0,0,0,3,1,1,1,53,8,1968,2,3,1,1,2,395370,395190,6,2,1,5,110,1,67,3,70,0,4,6,0,0,0,1,1,1,0,0,1,1,1,1,1,53,8,3,0,0,0,0,0,9,1,5
3,1,9,0,18,0,1,0,0,0,0,2,1,6,2,19,4,1388,1,13,1,1,2,442525,113129,44,2,1,2,500,3,335,6,30,3,4,6,0,0,0,1,1,1,0,0,1,2,1,1,2,19,4,3,0,0,0,0,0,9,1,6
3,2,9,0,18,0,0,0,0,7,0,1,1,6,2,83,11,1798,1,11,2,2,3,412742,454900,12,3,2,5,182,3,59,6,60,0,4,6,0,0,0,6,2,2,0,0,2,1,2,2,1,82,11,3,0,0,1,0,0,9,2,9
3,1,9,0,4,0,0,0,0,0,0,1,1,6,2,18,4,1149,1,12,2,2,2,501987,221909,40,2,2,1,424,3,505,6,30,0,4,6,0,0,0,1,1,1,0,0,1,1,1,1,2,18,4,3,0,0,0,0,0,9,2,7
3,1,9,0,4,0,1,0,0,0,0,1,1,6,1,23,5,973,1,13,1,3,4,341700,408160,4,4,3,5,84,3,570,2,30,3,4,6,0,0,0,1,8,2,0,0,1,1,1,1,1,33,6,3,0,0,0,0,0,9,1,5
3,1,9,0,18,0,2,0,4,0,0,1,1,6,1,45,7,1896,2,13,1,1,4,577141,168180,46,4,1,2,544,5,376,6,30,3,4,6,0,0,0,1,1,1,0,0,1,1,1,2,2,43,7,3,0,0,1,0,0,9,1,4
3,2,9,0,18,0,0,0,0,0,0,1,1,6,3,38,7,1598,1,8,1,1,2,415524,429811,13,2,1,6,200,6,0,6,30,0,4,6,0,0,0,1,1,1,0,0,1,1,1,1,1,33,6,3,0,0,0,0,0,9,1,5
3,2,9,0,18,0,0,0,1,0,0,1,1,2,1,28,6,1968,2,6,3,2,2,282915,687746,96,2,2,1,939,1,9,3,70,0,4,6,0,0,0,6,1,2,0,3,2,1,1,1,1,33,6,3,0,0,0,0,0,9,1,5
3,1,9,0,18,0,0,0,0,0,0,1,1,2,1,21,5,1968,2,8,1,1,2,537270,264680,35,2,1,6,395,3,14,3,70,0,4,6,0,0,0,1,1,2,0,0,2,1,1,1,1,33,6,3,0,0,0,0,0,9,1,5
3,1,9,0,18,0,0,1,0,1,1,1,1,6,2,26,6,2149,2,8,1,2,1,609680,158650,46,1,2,7,531,3,2,3,70,0,4,6,0,0,0,1,2,2,0,0,2,1,2,2,1,44,7,3,0,0,1,0,0,9,1,9
2,1,9,0,17,0,0,0,0,0,0,1,1,6,2,33,6,1360,1,14,1,2,2,374250,239970,22,2,2,2,285,3,449,6,60,0,4,6,0,0,0,1,2,2,0,0,2,1,1,1,2,33,6,2,0,0,0,0,0,9,1,5
3,1,20,0,3,0,0,1,0,0,0,1,1,1,1,50,8,3920,2,2,1,3,2,416371,434813,13,2,3,2,200,3,6037,6,40,0,4,6,0,0,0,1,2,2,0,0,1,1,1,1,1,33,6,3,0,0,0,0,0,9,1,5
3,1,9,0,18,0,0,1,0,7,10,1,1,6,1,26,6,1396,1,11,3,1,2,337453,138889,52,2,1,6,607,3,39,6,50,0,4,6,0,0,0,1,1,1,0,0,2,1,1,1,1,33,6,3,0,0,0,0,0,9,1,5
3,2,9,0,4,0,0,0,0,0,0,2,1,6,2,26,6,1364,1,8,1,1,3,646498,313452,36,3,1,5,402,3,1064,6,30,0,4,6,0,0,0,1,1,1,0,0,2,1,1,1,1,33,6,3,0,0,0,0,0,9,1,5
3,2,21,1,1,0,0,0,0,0,0,2,1,1,1,42,7,10518,2,4,1,1,2,471725,423804,16,2,1,6,231,6,0,6,60,0,4,6,0,0,0,1,1,1,0,0,2,1,1,1,1,33,6,3,0,0,0,0,0,9,1,5
3,1,9,0,18,0,0,0,0,0,0,1,1,6,1,38,7,1598,1,8,1,1,2,501806,230188,40,2,1,1,424,1,1,3,70,0,4,6,0,0,0,4,5,2,0,0,2,2,1,1,1,33,6,3,0,0,0,0,0,9,1,5
2,2,1,0,18,0,0,0,0,0,0,3,1,6,1,62,9,1598,1,8,1,1,2,371664,384334,7,2,1,2,129,5,114,6,60,0,4,6,0,0,0,1,1,1,0,0,2,2,1,1,1,62,9,2,0,0,0,0,0,1,1,10
2,1,98,0,18,0,0,0,0,0,0,1,1,1,1,51,8,4461,2,7,1,1,2,420372,530655,11,2,1,3,169,3,689,6,40,0,4,6,0,0,0,6,2,2,0,0,2,1,1,1,1,33,6,3,0,0,0,0,0,9,1,5
3,2,9,0,9,0,2,0,0,0,0,4,1,6,1,66,10,1197,1,1,1,1,2,556889,364082,32,2,1,2,351,5,590,6,30,3,4,6,0,0,0,1,1,1,0,0,1,1,1,1,1,33,6,3,0,0,0,0,0,9,1,5
3,1,9,0,1,0,1,0,0,0,0,2,1,6,1,38,7,1968,2,9,1,1,1,523930,179930,1,1,1,4,11,3,402,1,30,1,2,3,3220,0,5,1,1,1,0,0,1,2,1,3,2,51,8,3,1,1,0,0,2,0,1,1
2,3,19,0,3,0,1,0,0,0,0,2,1,6,1,46,8,1598,1,8,1,1,3,460594,452259,12,3,1,5,189,3,1036,2,30,6,2,6,7210,0,5,4,1,1,0,0,1,1,1,1,1,33,6,3,0,0,0,0,0,9,1,5
3,1,97,0,18,0,1,0,0,0,0,1,1,6,1,38,7,1598,1,8,1,1,1,412536,130507,54,1,1,5,635,6,0,6,30,3,4,6,0,0,0,5,1,1,0,0,1,1,1,3,1,21,5,3,9,8,0,0,0,0,3,7