accident_severity,vehicle_reference,vehicle_type,towing_and_articulation,vehicle_manoeuvre,vehicle_location-restricted_lane,junction_location,skidding_and_overturning,hit_object_in_carriageway,vehicle_leaving_carriageway,hit_object_off_carriageway,1st_point_of_impact,was_vehicle_left_hand_drive?,journey_purpose_of_driver,sex_of_driver,age_of_driver,age_band_of_driver,engine_capacity_(cc),propulsion_code,age_of_vehicle,driver_home_area_type,NUmber_of_Casualities_unique_to_accident_index,No_of_Vehicles_involved_unique_to_accident_index,location_easting_osgr,location_northing_osgr,police_force,number_of_vehicles,number_of_casualties,day_of_week,local_authority_(district),1st_road_class,1st_road_number,road_type,speed_limit,junction_detail,junction_control,2nd_road_class,2nd_road_number,pedestrian_crossing-human_control,pedestrian_crossing-physical_facilities,light_conditions,weather_conditions,road_surface_conditions,special_conditions_at_site,carriageway_hazards,urban_or_rural_area,did_police_officer_attend_scene_of_accident,casualty_reference,casualty_class,sex_of_casualty,age_of_casualty,age_band_of_casualty,casualty_severity,pedestrian_location,pedestrian_movement,car_passenger,bus_or_coach_passenger,pedestrian_road_maintenance_worker,casualty_type,casualty_home_area_type,casualty_imd_decile
3,1,9,0,18,0,1,0,0,0,0,1,1,2,1,30,6,2198,2,9,1,4,2,354349,395303,5,2,4,3,92,6,0,6,30,3,4,6,0,0,0,1,1,1,0,0,1,1,3,2,1,12,3,3,0,0,1,0,0,9,1,2
2,2,9,0,9,0,6,0,0,0,0,1,1,6,3,38,7,1198,1,5,1,1,2,445596,399162,14,2,1,4,213,6,0,6,30,3,4,3,6022,0,0,1,1,1,0,0,1,2,1,1,1,33,6,3,0,0,0,0,0,9,1,5
3,1,9,0,18,0,1,0,0,0,0,1,1,6,2,35,6,1560,2,4,1,1,3,540170,270000,35,3,1,7,395,4,1050,6,30,3,2,5,186,0,5,1,1,1,0,0,2,1,1,1,1,33,6,3,0,0,0,0,0,9,1,5
2,2,3,0,18,0,8,1,0,0,0,1,1,6,1,41,7,124,1,3,2,1,3,301121,662810,95,3,1,4,940,3,71,6,30,3,4,6,0,0,8,1,1,2,0,0,2,1,1,1,1,41,7,2,0,0,0,0,0,3,2,5
3,2,4,0,14,0,8,0,0,0,0,1,1,6,1,87,11,125,1,6,1,1,2,403330,242120,22,2,1,6,277,3,4184,6,30,3,4,6,0,0,0,1,1,1,0,0,1,1,1,1,1,87,11,3,0,0,0,0,0,4,1,5
3,2,9,0,2,0,2,0,0,0,0,3,1,3,1,38,7,1582,2,1,1,1,2,429390,318980,30,2,1,3,328,6,0,6,30,3,4,6,0,0,0,1,1,1,0,0,1,2,1,1,1,33,6,3,0,0,0,0,0,9,1,5
3,2,9,0,18,0,8,0,0,0,0,1,1,6,1,20,4,1595,1,22,1,1,3,388870,397370,6,3,1,6,102,3,635,6,30,3,4,6,0,0,0,1,2,2,0,0,1,1,1,1,1,33,6,3,0,0,0,0,0,9,1,5
3,3,9,0,18,0,0,0,0,0,0,3,1,6,1,51,8,1598,1,8,2,2,4,274257,834745,91,4,2,6,927,3,9,6,60,0,4,6,0,0,0,6,1,2,0,0,2,1,1,1,1,33,6,3,0,0,0,0,0,9,1,5
3,1,9,0,18,0,0,0,0,1,0,1,1,6,2,52,8,2179,2,8,1,1,1,483630,231653,43,1,1,2,476,5,21,6,40,0,4,6,0,0,0,1,1,1,0,0,2,1,1,1,2,52,8,3,0,0,0,0,0,9,1,7
3,2,9,0,18,0,0,0,0,1,0,3,1,6,2,31,6,1998,1,12,1,2,4,425107,321456,21,4,2,1,251,6,16,6,30,0,4,6,0,0,0,1,1,1,0,0,1,2,1,1,1,33,6,3,0,0,0,0,0,9,1,5
3,2,9,0,18,0,0,0,0,0,0,4,1,6,3,38,7,1598,1,8,1,1,2,521183,160027,45,2,1,3,38,6,2129,6,30,0,4,6,0,0,0,1,1,1,0,0,1,2,1,1,1,33,6,3,0,0,0,0,0,9,1,5
3,1,9,0,18,0,2,0,0,0,0,1,1,6,3,32,6,2993,2,4,1,1,2,427752,569305,10,2,1,3,148,4,1317,6,30,8,4,6,2129,0,0,1,1,1,0,0,1,1,1,1,1,33,6,3,0,0,0,0,0,9,1,5
3,1,9,0,4,0,1,0,0,0,0,1,1,6,1,68,10,1388,1,11,2,1,2,206469,53394,50,2,1,4,596,6,0,6,30,3,4,6,0,0,0,1,1,1,0,0,2,1,1,1,1,33,6,3,0,0,0,0,0,9,1,5
2,2,19,0,5,0,6,0,0,0,0,3,1,2,1,25,5,1598,2,1,1,1,2,567390,146450,46,2,1,7,543,4,2160,6,60,3,4,6,0,0,0,1,1,1,0,0,2,1,1,1,1,33,6,3,0,0,0,0,0,9,1,5
3,1,9,0,9,0,5,0,0,0,0,1,1,1,3,38,7,1598,1,8,1,1,2,400930,290786,20,2,1,4,305,6,0,6,30,3,4,6,0,0,0,1,2,2,0,0,1,2,1,1,1,33,6,3,0,0,0,0,0,9,1,5
3,2,19,0,18,0,8,0,0,0,0,1,1,6,1,23,5,1598,1,8,1,1,2,540230,177120,1,2,1,2,6,4,212,6,30,3,4,6,0,0,0,1,1,1,0,0,1,1,1,1,1,33,6,3,0,0,0,0,0,9,1,5
2,1,9,0,18,0,0,2,0,5,6,2,1,6,1,77,11,1896,2,12,1,2,2,475939,154762,44,2,2,2,494,1,3,3,70,0,4,6,0,0,0,1,1,1,0,0,2,1,2,2,2,68,10,3,0,0,1,0,0,9,1,7
2,1,9,0,18,0,0,1,4,0,0,4,1,6,1,31,6,1999,1,11,1,1,4,586576,186941,42,4,1,1,460,6,0,6,30,0,4,6,0,0,0,4,2,2,0,0,1,2,1,1,1,31,6,2,0,0,0,0,0,9,1,7
3,3,9,0,4,0,1,1,0,1,9,1,1,6,3,38,7,1997,2,15,1,1,3,380844,125056,55,3,1,4,642,4,3092,6,30,3,4,6,0,0,0,1,2,2,0,0,2,1,1,1,1,33,6,3,0,0,0,0,0,9,1,5
3,1,9,0,18,0,1,0,0,0,0,1,1,6,2,38,7,1598,1,8,1,1,2,410744,287799,20,2,1,4,300,6,0,1,30,1,4,6,0,0,0,4,2,2,0,0,1,2,1,1,1,33,6,3,0,0,0,0,0,9,1,5
2,2,19,0,7,0,8,0,0,0,0,4,1,6,1,52,8,2198,2,1,1,1,2,521730,185630,1,2,1,5,28,3,4088,6,30,6,4,6,0,0,0,4,3,4,0,0,1,1,1,1,1,33,6,3,0,0,0,0,0,9,1,5
3,2,9,0,18,0,0,0,0,0,0,3,1,6,2,47,8,1599,1,11,2,5,2,336662,673353,95,2,5,1,921,4,1348,6,60,0,4,6,0,0,0,1,1,1,0,7,2,1,2,1,2,47,8,3,0,0,0,0,0,9,2,5
3,1,9,0,6,0,0,0,0,0,0,4,1,1,1,63,9,1560,2,2,1,1,2,338229,731277,93,2,1,5,918,3,923,6,30,0,4,6,0,0,0,1,1,1,0,0,1,1,1,1,1,33,6,3,0,0,0,0,0,9,1,5
3,2,9,0,12,0,1,0,0,0,0,2,1,2,2,20,4,1399,2,12,1,1,2,459419,304431,33,2,1,6,364,3,594,3,30,6,2,6,313,0,5,1,1,1,0,0,1,1,1,1,1,33,6,3,0,0,0,0,0,9,1,5
3,3,9,0,7,0,5,0,0,0,0,2,1,6,2,21,5,1242,1,2,1,1,3,429848,561290,10,3,1,3,146,6,4110,6,30,3,2,3,195,0,4,1,1,1,0,0,1,1,1,1,1,33,6,3,0,0,0,0,0,9,1,5
3,2,9,0,18,0,0,0,0,0,0,4,1,6,1,55,8,1198,1,1,1,1,2,507854,219559,40,2,1,2,424,1,1,3,70,0,4,6,0,0,0,1,1,1,0,0,2,1,1,1,1,55,8,3,0,0,0,0,0,9,1,3
3,1,9,0,18,0,1,0,0,0,0,1,1,2,2,29,6,1149,1,7,1,2,2,510291,479755,12,2,2,5,186,3,165,6,40,3,4,3,1039,0,0,1,1,1,0,0,2,1,1,1,2,29,6,3,0,0,0,0,0,9,1,6
3,2,9,0,7,0,8,0,0,0,0,3,1,1,2,30,6,1598,1,8,1,1,2,333720,441470,4,2,1,3,85,6,0,6,30,3,4,6,0,0,1,1,1,1,0,0,1,1,1,1,2,30,6,3,0,0,0,0,0,9,1,5
3,2,9,0,17,0,0,0,0,0,0,3,1,6,1,35,6,1984,1,4,3,2,2,527447,202593,41,2,2,3,438,4,156,6,60,0,4,6,0,0,0,6,2,2,0,0,2,1,1,1,1,35,6,3,0,0,0,0,0,9,3,7
3,1,9,0,3,0,1,0,0,0,0,2,1,6,2,54,8,1796,1,3,1,1,3,442354,315147,33,3,1,6,366,5,5112,6,30,1,4,3,511,0,8,1,2,2,0,0,1,2,1,1,2,54,8,3,0,0,0,0,0,9,1,8
3,1,9,0,9,0,8,0,0,0,0,1,1,6,2,75,10,1596,1,7,2,1,2,245349,126139,50,2,1,1,588,3,386,1,30,1,4,6,0,0,0,1,1,2,0,0,1,1,1,1,1,33,6,3,0,0,0,0,0,9,1,5
3,1,9,0,4,0,4,0,0,0,0,2,1,6,2,40,7,1360,1,13,1,1,2,462980,306200,33,2,1,5,364,3,563,1,30,1,4,6,2585,0,4,1,1,1,0,0,1,1,1,1,2,40,7,3,0,0,0,0,0,9,1,6
3,1,5,0,7,0,1,1,0,0,0,4,1,1,2,49,8,954,1,13,3,1,1,484630,238763,43,1,1,5,479,6,1098,3,30,3,4,6,1098,0,0,1,1,2,6,0,1,1,1,1,2,49,8,3,0,0,0,0,0,5,3,7
3,1,9,0,18,0,0,0,0,0,0,1,1,6,3,38,7,1598,1,8,1,1,1,326000,674310,95,1,1,4,923,3,900,6,30,0,4,6,0,0,4,1,1,1,0,0,1,1,1,3,2,34,6,3,1,1,0,0,0,0,3,5
3,2,9,0,18,0,0,0,0,0,0,1,1,6,1,38,7,1560,2,7,1,1,2,401800,285620,20,2,1,2,300,3,456,3,40,0,4,6,0,0,0,1,1,1,0,0,1,2,1,1,1,33,6,3,0,0,0,0,0,9,1,5
3,1,1,0,18,0,0,0,0,0,0,1,1,6,1,40,7,1598,1,8,1,1,2,543490,169500,1,2,1,2,19,3,222,6,30,0,4,6,0,0,0,4,1,1,0,0,1,1,1,1,1,40,7,3,0,0,0,0,0,1,1,5
3,2,3,0,7,0,2,0,0,0,0,1,1,6,1,18,4,125,1,5,1,1,2,540340,167380,1,2,1,7,19,6,0,6,30,6,4,6,0,0,0,4,1,1,0,0,1,1,1,1,1,18,4,3,0,0,0,0,0,3,1,6
3,2,9,0,4,0,4,0,0,0,0,2,1,1,1,21,5,2616,1,10,1,1,2,599337,226043,42,2,1,6,455,3,133,1,30,1,4,6,0,0,0,1,1,1,0,0,1,2,1,1,1,21,5,3,0,0,0,0,0,9,1,6
3,1,1,0,18,0,1,0,0,0,0,3,1,1,1,53,8,1598,1,8,1,1,2,507185,429471,16,2,1,5,228,6,0,6,30,3,4,6,0,0,0,4,1,2,0,0,1,2,1,1,1,53,8,3,0,0,0,0,0,1,1,4
2,1,8,0,18,0,8,0,0,0,0,1,1,1,1,53,8,2499,2,6,1,1,1,529640,180820,1,1,1,5,1,3,401,6,30,6,2,6,0,0,5,1,1,1,0,0,1,1,1,3,1,43,7,2,1,1,0,0,2,0,1,5
3,3,9,0,3,0,1,0,0,0,0,2,1,6,2,61,9,1598,1,1,1,3,4,460580,149422,44,4,3,1,490,3,30,6,50,1,4,6,0,0,0,1,1,1,0,0,1,1,2,2,1,58,9,3,0,0,1,0,0,9,1,7
3,1,9,0,18,0,8,0,0,0,0,1,1,6,1,38,7,973,1,13,1,1,2,431710,278640,20,2,1,2,302,4,4101,6,30,7,2,4,4107,0,0,1,8,2,0,0,1,2,1,1,1,33,6,3,0,0,0,0,0,9,1,5
2,2,9,0,17,0,0,0,0,0,0,1,1,6,1,24,5,1461,2,8,1,1,2,372710,293380,22,2,1,6,286,4,4363,6,30,0,4,6,0,0,0,1,1,2,0,0,2,1,1,1,1,33,6,3,0,0,0,0,0,9,1,5
2,1,11,0,18,0,0,0,0,0,0,1,1,1,1,45,7,5900,2,17,1,1,1,561456,177828,42,1,1,3,462,6,0,6,30,0,4,6,0,0,4,1,4,1,0,0,1,1,1,3,2,27,6,2,1,1,0,0,0,0,1,7
3,1,19,0,17,0,0,2,10,7,0,1,1,2,1,34,6,1996,2,4,1,1,1,331779,383411,5,1,1,5,95,4,5151,6,60,0,4,6,0,0,0,1,1,2,6,0,2,1,1,1,1,34,6,3,0,0,0,0,0,19,1,1
3,2,8,0,11,0,1,0,0,0,0,4,1,1,1,49,8,1797,8,4,1,3,2,457031,339723,31,2,3,7,346,3,6008,3,30,6,2,6,0,0,4,1,1,1,0,0,1,1,2,2,2,47,8,3,0,0,2,0,0,8,1,2
3,1,9,0,1,0,8,0,0,0,0,2,1,6,1,22,5,1956,2,3,1,1,2,368310,428580,4,2,1,7,70,6,0,2,30,9,4,6,0,0,0,1,1,1,0,0,1,1,1,1,1,33,6,3,0,0,0,0,0,9,1,5
3,1,90,0,2,0,0,0,0,0,0,2,1,1,2,24,5,2686,2,10,1,1,2,517830,169060,1,2,1,4,23,5,0,6,30,0,4,6,0,0,0,1,1,1,0,0,1,1,1,1,1,33,6,3,0,0,0,0,0,9,1,5
3,1,9,0,5,0,0,0,0,0,0,3,1,6,1,28,6,2497,2,11,1,1,2,359683,174283,52,2,1,6,601,6,0,9,20,0,4,6,0,0,0,1,2,2,0,0,1,2,1,1,1,33,6,3,0,0,0,0,0,9,1,5
3,2,9,0,18,0,1,0,0,0,0,2,1,6,1,52,8,1598,1,8,1,1,5,580944,192191,42,5,1,7,459,6,0,6,30,3,4,6,0,0,0,1,1,1,0,0,1,1,1,1,1,33,6,3,0,0,0,0,0,9,1,5
2,2,5,0,18,0,1,0,0,0,0,1,1,6,1,31,6,955,1,15,1,1,2,440699,114938,44,2,1,3,500,3,35,6,30,3,4,6,0,0,0,4,1,1,0,0,1,1,1,1,1,31,6,2,0,0,0,0,0,5,1,9
2,1,1,0,14,0,1,0,0,0,0,1,1,6,1,19,4,1598,1,8,1,3,1,358970,173381,52,1,3,4,601,6,0,2,20,9,2,6,0,0,4,1,1,1,0,0,1,1,1,1,1,19,4,3,0,0,0,0,0,1,1,4
2,2,9,0,16,0,0,0,0,0,0,1,1,2,2,32,6,1388,1,13,1,1,2,400810,267200,22,2,1,6,270,6,0,6,60,0,4,6,0,0,0,1,1,2,0,0,2,1,1,1,2,32,6,2,0,0,0,0,0,9,1,10
3,2,9,0,2,0,0,0,0,0,0,1,1,6,3,38,7,1598,1,8,1,1,2,313595,176864,62,2,1,3,741,6,0,6,30,0,4,6,0,0,0,4,2,2,0,0,1,1,1,1,1,33,6,3,0,0,0,0,0,9,1,5
3,2,9,0,18,0,1,0,0,0,0,1,1,6,1,18,4,1390,1,9,3,1,3,442496,273021,23,3,1,3,292,3,45,3,50,8,4,6,0,0,0,1,1,1,0,0,2,1,1,2,1,16,4,3,0,0,1,0,0,9,1,7
3,1,11,0,18,0,1,0,0,0,0,1,1,1,1,59,9,1598,1,8,1,2,2,534080,192110,1,2,2,4,32,3,1010,6,30,3,4,6,0,0,0,1,1,1,0,0,1,2,2,2,2,33,6,3,0,0,0,4,0,11,1,1
3,2,9,0,17,0,0,0,0,0,0,1,1,6,1,30,6,1598,1,13,1,6,2,484918,394658,32,2,6,3,356,3,159,6,30,0,4,6,0,0,0,1,1,1,0,0,2,1,3,2,2,7,2,3,0,0,2,0,0,9,1,1
2,1,9,0,17,0,0,1,0,8,7,1,1,6,2,23,5,1242,1,5,1,3,2,440694,385518,14,2,3,1,215,3,57,6,50,0,4,6,0,0,0,1,5,2,0,0,2,1,3,2,1,46,8,3,0,0,1,0,0,9,1,6
3,2,9,0,18,0,1,0,0,0,0,2,1,6,2,54,8,1995,2,1,1,5,3,490987,435796,16,3,5,4,231,3,1034,6,40,3,4,6,0,0,0,1,1,1,0,0,2,1,4,2,2,5,1,3,0,0,2,0,0,9,1,10
3,2,9,0,18,0,1,0,0,0,0,1,1,1,3,38,7,2198,2,1,1,1,2,307173,672072,95,2,1,7,940,3,899,6,30,8,4,6,0,1,4,1,1,1,0,0,1,1,1,1,1,33,6,3,0,0,0,0,0,9,1,5
3,1,8,0,1,0,0,0,0,0,0,2,1,1,1,34,6,1598,1,6,1,1,1,288625,60665,50,1,1,7,587,6,0,2,30,0,4,6,0,0,0,1,1,1,0,0,1,1,1,3,1,54,8,3,5,1,0,0,0,0,1,3
3,2,9,0,4,0,0,0,0,0,0,3,1,6,2,40,7,1598,1,8,1,3,2,299844,203609,62,2,3,3,744,6,0,6,30,0,4,6,0,0,0,1,1,1,0,0,2,1,3,2,1,7,2,3,0,0,1,0,0,9,1,5
3,1,5,0,18,0,1,1,0,0,0,1,1,6,2,49,8,998,1,11,3,1,2,524871,117413,47,2,1,1,562,4,2116,6,30,3,4,6,0,0,0,1,1,1,0,0,2,2,1,1,2,49,8,3,0,0,0,0,0,5,3,6
3,2,9,0,18,0,8,0,0,0,0,4,1,6,2,25,5,1995,2,4,1,4,2,444102,497208,12,2,4,6,181,3,19,3,70,3,4,3,684,0,0,5,1,1,4,0,2,1,2,2,1,56,9,3,0,0,1,0,0,9,1,7
3,2,9,0,18,0,0,0,0,0,0,1,1,6,1,44,7,1968,2,5,1,3,3,512448,161880,45,3,3,2,510,3,3,3,70,0,4,6,0,0,0,6,1,2,0,0,2,1,2,1,1,44,7,3,0,0,0,0,0,9,1,6
3,1,19,0,5,0,0,0,0,0,0,2,1,6,1,38,7,1560,2,8,1,1,2,327900,674220,95,2,1,5,923,6,0,6,30,0,4,6,0,0,0,4,2,2,0,0,1,1,1,1,1,33,6,3,0,0,0,0,0,9,1,5
3,3,9,0,2,0,2,0,0,0,0,4,1,6,2,34,6,998,1,12,1,1,5,369740,427820,4,5,1,4,70,3,679,6,30,3,4,6,0,0,0,1,1,1,0,0,1,1,1,1,1,33,6,3,0,0,0,0,0,9,1,5
3,2,9,0,4,0,0,0,0,0,0,2,1,2,1,49,8,1910,2,10,1,1,2,369100,304290,22,2,1,3,284,6,0,6,30,0,4,6,0,0,0,1,1,1,0,0,1,1,1,1,1,33,6,3,0,0,0,0,0,9,1,5
3,1,9,0,16,0,0,0,0,0,0,0,1,2,2,18,4,1398,1,3,3,1,1,251062,57157,50,1,1,5,583,3,38,3,70,0,4,6,0,0,0,1,2,2,0,0,2,1,1,1,2,18,4,3,0,0,0,0,0,9,3,6
3,1,2,0,17,0,0,0,0,0,0,3,1,1,2,16,4,49,1,2,3,1,2,591757,326507,36,2,1,6,400,6,0,6,30,0,4,6,0,0,0,1,1,1,0,0,2,2,1,1,2,16,4,3,0,0,0,0,0,2,3,5
2,2,5,0,18,0,8,0,0,0,0,1,1,6,1,19,4,599,1,16,1,3,3,394810,396170,6,3,3,3,110,4,6170,6,30,3,4,6,0,0,0,1,1,1,0,0,1,1,3,2,1,30,6,3,0,0,0,0,0,5,1,5
3,1,9,0,9,0,8,0,0,0,0,3,1,6,1,28,6,1896,2,11,1,1,2,532600,172460,1,2,1,2,9,6,0,6,30,2,4,6,0,0,0,4,1,2,0,0,1,1,1,1,1,33,6,3,0,0,0,0,0,9,1,5
2,2,9,0,18,0,0,0,0,1,4,1,1,6,1,75,10,1598,1,8,3,6,3,307100,229270,63,3,6,2,753,3,470,6,60,0,4,6,0,0,0,1,1,1,0,0,2,1,3,2,2,19,4,2,0,0,2,0,0,9,3,5
3,1,9,0,17,0,0,5,7,0,0,1,1,2,1,41,7,1956,2,3,1,1,1,256851,55282,50,1,1,1,584,3,38,3,70,0,4,6,0,0,0,1,1,2,0,0,2,1,1,1,1,41,7,3,0,0,0,0,0,9,1,1
2,2,9,0,9,0,6,0,0,0,0,0,1,6,3,38,7,1598,1,8,1,1,2,409570,294590,20,2,1,4,300,3,452,6,30,8,4,6,0,0,0,4,9,1,0,0,1,2,1,1,1,33,6,3,0,0,0,0,0,9,1,5
1,1,9,0,17,0,0,0,0,7,4,1,1,6,1,18,4,1229,1,5,3,1,1,589910,133130,46,1,1,3,530,4,2080,6,60,0,4,6,0,0,0,1,1,1,0,0,2,1,1,1,1,18,4,1,0,0,0,0,0,9,3,5
3,2,3,0,18,0,8,0,0,0,0,1,1,6,1,19,4,125,1,6,1,1,2,486896,155698,44,2,1,6,499,4,3014,6,30,3,2,6,0,0,5,4,1,1,0,0,1,1,1,1,1,19,4,3,0,0,0,0,0,3,1,10
3,1,9,0,13,0,0,2,0,1,11,1,1,2,1,55,8,5000,1,1,1,1,1,249337,620615,97,1,1,5,919,3,70,3,60,0,4,6,0,0,0,6,5,2,0,0,2,1,1,1,1,55,8,3,0,0,0,0,0,9,1,5
3,1,8,0,3,0,8,0,0,0,0,2,1,6,1,31,6,2499,2,2,1,2,3,532470,179760,1,3,2,1,8,3,2,6,30,3,2,3,2198,0,5,4,1,1,0,0,1,1,1,1,1,31,6,3,0,0,0,0,0,8,1,5
3,1,19,0,18,0,8,0,0,0,0,3,1,1,1,72,10,2800,2,9,3,1,2,447450,327515,33,2,1,4,366,3,453,1,50,1,2,3,453,0,0,1,1,1,0,0,2,1,1,1,1,33,6,3,0,0,0,0,0,9,1,5
3,2,9,0,18,0,2,0,0,0,0,3,1,6,2,31,6,999,1,1,1,4,5,393580,408690,6,5,4,4,104,6,0,6,30,3,4,6,0,0,0,1,1,1,0,0,1,1,3,2,1,30,6,3,0,0,1,0,0,9,1,4
3,2,9,0,16,0,8,0,0,0,0,1,1,1,1,44,7,1461,2,1,1,2,2,385091,303109,21,2,2,6,254,5,21,6,60,3,4,6,27,0,0,1,1,4,5,0,2,1,2,1,1,44,7,3,0,0,0,0,0,9,1,4
3,1,9,0,4,0,8,0,0,0,0,3,1,6,1,30,6,1497,8,8,1,1,2,533910,188160,1,2,1,2,31,6,0,6,30,3,4,6,0,0,0,1,1,1,0,0,1,1,1,1,1,33,6,3,0,0,0,0,0,9,1,5
2,2,9,0,18,0,2,0,0,0,0,1,1,6,1,69,10,1242,1,4,1,1,2,651054,304155,36,2,1,7,402,3,143,6,30,3,4,6,0,0,0,1,1,1,0,0,1,1,1,1,1,33,6,3,0,0,0,0,0,9,1,5
3,2,19,0,4,0,8,0,0,0,0,1,1,6,2,24,5,1598,1,8,1,1,2,454265,106504,44,2,1,7,492,6,0,6,30,8,4,6,0,0,0,1,5,2,0,0,2,1,1,1,1,33,6,3,0,0,0,0,0,9,1,5
3,1,9,0,4,0,2,0,0,0,0,2,1,2,2,63,9,1598,1,12,1,1,2,509119,221033,40,2,1,4,421,6,0,6,30,3,4,4,4540,0,0,1,1,1,0,0,1,1,1,1,1,33,6,3,0,0,0,0,0,9,1,5
3,2,9,0,18,0,8,0,0,0,0,1,1,6,1,48,8,1560,2,9,1,2,2,414434,433819,13,2,2,1,200,6,0,6,30,3,4,6,0,0,0,1,2,2,0,0,1,1,2,2,2,69,10,3,0,0,2,0,0,9,1,1
3,3,9,0,8,0,6,0,0,0,0,3,1,6,1,60,9,1586,1,1,1,2,3,461841,431696,12,3,2,3,187,3,1041,6,30,3,4,6,1140,0,0,4,1,1,0,0,1,1,1,1,1,33,6,3,0,0,0,0,0,9,1,5
3,2,9,0,9,0,1,0,0,0,0,2,1,6,1,49,8,1390,1,10,1,1,3,528386,105948,47,3,1,4,565,3,2023,6,20,6,2,3,270,0,5,4,1,1,0,0,1,2,1,1,1,49,8,3,0,0,0,0,0,9,1,8
2,1,4,0,16,0,0,0,0,0,0,1,1,6,1,20,4,599,1,11,1,2,2,529720,230784,41,2,2,1,433,3,507,6,60,0,4,6,0,0,0,1,1,1,0,0,2,1,1,1,1,20,4,2,0,0,0,0,0,4,1,6
3,1,3,0,17,0,0,1,0,0,0,4,1,6,1,18,4,1598,1,8,1,1,1,488348,189458,43,1,1,2,480,5,101,6,60,0,4,6,0,0,0,6,5,2,0,0,2,1,1,1,1,18,4,3,0,0,0,0,0,3,1,10
3,1,9,0,9,0,5,0,0,0,0,1,1,6,1,51,8,1997,2,7,1,1,2,514195,214715,41,2,1,4,434,4,652,6,30,6,4,6,711,0,0,4,2,2,0,0,1,1,1,1,1,33,6,3,0,0,0,0,0,9,1,5
3,2,1,0,5,0,8,0,0,0,0,4,1,6,1,22,5,1598,1,8,1,1,2,359751,169322,52,2,1,6,601,3,4174,6,40,6,2,6,0,0,5,4,1,1,0,0,1,1,1,1,1,22,5,3,0,0,0,0,0,1,1,1
3,1,9,0,17,0,8,2,10,1,7,4,1,1,1,40,7,1598,1,8,1,1,1,280497,688937,96,1,1,7,939,3,872,1,60,5,4,1,9,0,0,1,5,2,0,0,2,1,1,1,1,40,7,3,0,0,0,0,0,9,1,5
3,1,9,0,9,0,1,0,0,0,0,1,1,1,2,29,6,1598,1,8,1,1,2,323826,191227,61,2,1,3,731,6,0,6,30,3,4,6,0,0,0,1,1,1,0,0,1,1,1,1,1,33,6,3,0,0,0,0,0,9,1,5
3,1,21,1,18,0,0,0,0,0,0,1,1,1,1,42,7,11946,2,2,1,1,4,382140,409140,6,4,1,2,101,1,66,3,70,0,4,6,0,0,0,1,1,1,0,0,1,1,1,1,1,33,6,3,0,0,0,0,0,9,1,5
3,2,9,0,18,0,1,0,0,0,0,4,1,6,1,43,7,1587,1,14,1,1,2,561040,168800,46,2,1,4,532,4,260,6,30,3,4,6,0,0,0,1,1,1,0,0,2,1,1,2,2,50,8,3,0,0,1,0,0,9,1,5
3,2,9,0,5,9,8,0,0,0,0,4,1,1,1,46,8,1598,2,1,1,1,2,524769,323071,32,2,1,3,354,4,1172,6,30,8,4,6,0,0,5,1,9,1,0,0,1,1,1,1,1,33,6,3,0,0,0,0,0,9,1,5
1,1,9,0,18,0,0,1,0,7,0,4,1,6,1,18,4,1390,1,7,1,4,2,517270,138316,45,2,4,1,512,3,24,6,50,0,4,6,0,0,0,6,4,1,0,0,2,1,1,1,1,18,4,2,0,0,0,0,0,9,1,4
3,2,9,0,9,0,8,0,0,0,0,4,1,6,2,45,7,1598,1,8,1,2,2,320540,675440,95,2,2,7,923,6,0,1,30,2,4,6,0,0,1,4,1,1,0,0,1,1,2,1,2,45,7,3,0,0,0,0,0,9,1,5
3,2,9,0,18,0,1,0,0,0,0,1,1,6,1,28,6,1995,2,1,1,2,3,533010,165560,1,3,2,1,20,6,0,6,30,3,4,6,0,0,0,4,1,1,0,0,1,1,1,1,1,33,6,3,0,0,0,0,0,9,1,5
3,2,1,0,18,0,1,0,8,0,0,1,1,6,1,33,6,1598,1,8,1,1,2,458490,302815,33,2,1,4,364,6,1744,6,30,3,2,3,426,0,5,1,9,1,0,0,1,2,1,1,1,33,6,3,0,0,0,0,0,1,1,4
3,2,9,0,4,0,0,0,0,0,0,2,1,1,1,24,5,1968,2,2,1,5,2,363270,430570,4,2,5,4,83,3,677,6,40,0,4,6,0,0,0,1,1,1,0,0,2,1,3,2,2,35,6,3,0,0,1,0,0,9,2,4
2,2,4,0,18,0,8,0,0,0,0,1,1,6,1,58,9,499,1,17,1,1,2,557780,256930,35,2,1,6,395,3,1304,6,40,6,4,5,231,0,0,1,2,2,0,0,2,1,1,1,1,58,9,2,0,0,0,0,0,4,1,1
3,2,1,0,18,4,1,0,0,0,0,1,1,2,2,25,5,1598,1,8,1,1,2,531508,106108,47,2,1,6,565,6,0,6,30,3,2,6,0,0,4,1,1,1,0,0,1,1,1,1,2,25,5,3,0,0,0,0,0,1,1,10
3,1,3,0,4,0,4,1,0,1,7,4,1,2,2,24,5,124,1,4,1,1,1,358510,418260,4,1,1,6,73,6,0,3,30,1,4,6,0,0,8,1,2,2,0,0,1,1,1,1,2,24,5,3,0,0,0,0,0,3,1,5