accident_severity,vehicle_reference,vehicle_type,towing_and_articulation,vehicle_manoeuvre,vehicle_location-restricted_lane,junction_location,skidding_and_overturning,hit_object_in_carriageway,vehicle_leaving_carriageway,hit_object_off_carriageway,1st_point_of_impact,was_vehicle_left_hand_drive?,journey_purpose_of_driver,sex_of_driver,age_of_driver,age_band_of_driver,engine_capacity_(cc),propulsion_code,age_of_vehicle,driver_home_area_type,NUmber_of_Casualities_unique_to_accident_index,No_of_Vehicles_involved_unique_to_accident_index,location_easting_osgr,location_northing_osgr,police_force,number_of_vehicles,number_of_casualties,day_of_week,local_authority_(district),1st_road_class,1st_road_number,road_type,speed_limit,junction_detail,junction_control,2nd_road_class,2nd_road_number,pedestrian_crossing-human_control,pedestrian_crossing-physical_facilities,light_conditions,weather_conditions,road_surface_conditions,special_conditions_at_site,carriageway_hazards,urban_or_rural_area,did_police_officer_attend_scene_of_accident,casualty_reference,casualty_class,sex_of_casualty,age_of_casualty,age_band_of_casualty,casualty_severity,pedestrian_location,pedestrian_movement,car_passenger,bus_or_coach_passenger,pedestrian_road_maintenance_worker,casualty_type,casualty_home_area_type,casualty_imd_decile
3,2,9,0,18,0,3,0,0,0,0,4,1,6,2,31,6,1995,2,2,3,2,2,560784,180208,42,2,2,1,462,3,13,1,30,1,4,3,1012,0,0,1,1,1,0,0,2,2,1,1,2,31,6,3,0,0,0,0,0,9,3,7
3,1,9,0,9,0,1,0,0,0,0,2,1,2,1,37,7,1198,1,10,1,1,2,411195,92579,55,2,1,5,640,3,3049,6,30,3,4,6,0,0,0,1,1,1,0,0,1,1,1,1,1,33,6,3,0,0,0,0,0,9,1,5
3,1,9,0,18,0,1,0,10,1,2,1,1,6,2,64,9,999,1,2,1,2,2,533030,188060,1,2,2,2,31,6,0,6,30,3,4,6,0,0,0,4,1,1,0,0,1,1,1,1,2,64,9,3,0,0,0,0,0,9,1,2
3,1,9,0,5,0,4,0,0,0,0,2,1,6,1,30,6,1997,2,1,1,1,2,461367,448184,12,2,1,7,189,3,19,1,40,1,4,3,19,0,0,1,1,1,0,0,2,1,1,1,1,33,6,3,0,0,0,0,0,9,1,5
3,1,3,0,7,0,4,1,0,0,0,1,1,6,1,21,5,1598,1,8,1,1,2,265067,195430,62,2,1,2,745,6,0,6,30,6,4,6,0,0,0,1,1,1,0,0,1,1,1,1,1,21,5,3,0,0,0,0,0,3,1,5
3,1,9,0,16,0,0,2,0,0,0,1,1,6,1,19,4,1149,1,16,1,1,1,333377,92314,55,1,1,2,645,6,0,6,30,0,4,6,0,0,0,4,1,4,0,0,2,1,1,1,1,19,4,3,0,0,0,0,0,9,1,5
3,2,9,0,10,0,1,0,0,0,0,2,1,6,2,35,6,1596,1,3,1,4,2,393960,416360,6,2,4,1,106,4,6225,6,30,3,4,3,58,0,0,4,1,1,0,0,1,1,2,2,2,58,9,3,0,0,1,0,0,9,1,5
3,2,9,0,5,0,8,0,0,0,0,0,1,6,1,55,8,1598,1,8,1,1,2,525990,183670,1,2,1,5,2,4,507,6,30,6,4,4,507,0,1,1,1,2,0,0,1,1,1,1,1,33,6,3,0,0,0,0,0,9,1,5
3,2,9,0,18,0,0,0,0,0,0,0,1,6,3,38,7,1598,1,8,1,2,2,451051,532194,17,2,2,5,240,6,0,6,30,0,4,6,0,0,0,1,1,1,0,0,1,2,1,1,1,33,6,3,0,0,0,0,0,9,1,5
3,1,9,0,18,0,0,0,0,0,0,1,1,2,2,60,9,1995,2,1,1,1,2,489797,168924,43,2,1,5,470,3,329,6,40,0,4,6,0,0,0,1,1,1,0,0,2,1,1,1,2,60,9,3,0,0,0,0,0,9,1,9
3,1,9,0,18,0,0,0,0,0,0,3,1,6,1,44,7,1390,1,7,1,3,2,430511,431199,13,2,3,7,204,1,621,3,50,0,4,6,0,0,0,4,1,1,0,0,1,1,1,1,1,44,7,3,0,0,0,0,0,9,1,2
3,1,9,0,18,0,0,0,0,0,0,1,1,6,1,21,5,1461,2,1,1,3,2,527680,182490,1,2,3,1,1,6,0,6,30,0,4,6,0,0,0,1,1,2,0,0,1,1,1,1,1,21,5,3,0,0,0,0,0,9,1,4
3,2,9,0,3,0,1,0,0,0,0,2,1,2,2,46,8,1598,1,8,3,3,3,302730,253360,63,3,3,5,753,3,470,6,60,3,4,6,0,0,0,1,1,1,0,0,2,1,1,1,2,46,8,3,0,0,0,0,0,9,3,5
3,1,9,0,1,0,2,0,0,0,0,2,1,6,1,38,7,1598,1,4,1,1,2,290009,93611,50,2,1,3,581,6,0,6,20,2,4,6,0,0,0,1,1,1,0,0,1,2,1,1,1,33,6,3,0,0,0,0,0,9,1,5
3,2,9,0,18,0,0,0,0,0,0,1,1,6,2,61,9,1598,1,8,3,2,2,526211,219503,41,2,2,7,433,6,1568,6,60,0,4,6,0,0,0,1,1,1,0,0,2,1,2,1,2,61,9,3,0,0,0,0,0,9,3,9
2,3,5,0,18,0,8,0,0,0,0,1,1,6,1,17,4,124,1,6,1,1,3,403198,309592,21,3,1,2,252,3,5190,1,30,1,4,5,146,0,0,1,1,1,0,0,1,2,3,1,1,17,4,2,0,0,0,0,0,5,1,6
3,1,9,0,11,0,0,0,0,0,0,4,1,6,1,38,7,1498,1,8,1,2,2,430470,277110,20,2,2,6,302,6,0,6,30,0,4,6,0,0,0,1,9,1,0,0,1,2,1,1,1,33,6,3,0,0,0,0,0,9,1,5
3,1,9,0,18,0,0,0,0,0,0,1,1,6,3,38,7,1598,1,8,1,1,2,252699,367787,60,2,1,4,722,6,0,6,30,0,4,6,0,0,0,1,1,1,0,0,2,2,1,1,1,33,6,3,0,0,0,0,0,9,1,5
3,2,9,0,9,0,8,0,0,0,0,3,1,6,1,19,4,1242,1,1,1,2,2,391430,401350,6,2,2,4,104,5,0,6,30,3,4,5,0,0,0,4,1,1,0,0,1,1,1,1,1,19,4,3,0,0,0,0,0,9,1,2
3,1,9,0,5,0,6,0,0,0,0,1,1,6,1,23,5,1598,1,11,1,1,2,338376,395348,5,2,1,4,91,3,580,3,30,6,4,6,0,0,0,1,1,1,0,0,1,1,1,1,1,33,6,3,0,0,0,0,0,9,1,5
3,3,9,0,7,0,6,0,0,0,0,3,1,6,1,29,6,1984,1,8,1,2,3,431711,435435,13,3,2,7,204,3,58,6,30,3,4,6,0,0,0,4,1,1,0,0,1,1,1,1,1,33,6,3,0,0,0,0,0,9,1,5
3,1,9,0,18,0,6,0,0,0,0,3,1,6,1,50,8,1995,2,5,1,1,2,459527,339493,31,2,1,6,346,3,612,6,30,3,4,6,0,0,8,4,1,1,0,0,1,1,1,1,1,33,6,3,0,0,0,0,0,9,1,5
3,1,8,0,18,0,0,2,0,8,11,1,1,1,1,21,5,1896,2,8,1,3,1,443314,518040,17,1,3,7,245,3,1027,6,30,0,4,6,0,0,0,4,2,2,0,0,1,1,2,2,1,29,6,3,0,0,2,0,0,8,1,1
3,1,9,0,9,0,6,0,0,0,0,1,1,6,2,31,6,1868,2,14,1,1,2,401253,426033,13,2,1,1,202,3,646,6,30,3,4,6,0,0,0,1,2,2,0,0,2,1,1,1,2,31,6,3,0,0,0,0,0,9,1,5
3,1,1,0,18,0,1,0,0,0,0,0,1,6,3,38,7,1598,1,8,1,1,2,433100,572158,10,2,1,7,148,3,192,6,40,1,4,3,1148,0,0,4,1,1,0,0,2,1,1,1,1,33,6,3,0,0,0,0,0,9,1,5
3,1,21,0,18,0,3,0,0,0,0,2,1,6,2,36,7,1598,1,8,1,1,2,557490,180186,42,2,1,4,462,1,25,1,70,1,2,3,13,0,0,1,9,1,0,0,2,2,1,1,2,36,7,3,0,0,0,0,0,21,1,8
3,2,5,0,18,0,8,1,0,0,0,2,1,6,1,49,8,675,1,4,1,1,2,235862,693281,97,2,1,3,913,3,82,6,60,3,4,6,0,0,0,1,1,1,0,0,2,2,1,1,1,33,6,3,0,0,0,0,0,9,1,5
2,2,9,0,18,0,0,0,0,0,0,3,1,6,1,19,4,1560,2,9,1,4,2,551920,186330,1,2,4,3,15,3,125,6,30,0,4,6,0,0,0,4,2,2,0,0,1,1,2,1,1,19,4,2,0,0,0,0,0,9,1,5
3,1,9,0,8,0,1,0,0,0,0,1,1,2,1,32,6,1998,1,8,1,3,2,588289,185850,42,2,3,6,460,6,0,6,30,3,2,6,0,0,5,1,1,1,0,0,1,1,1,1,1,32,6,3,0,0,0,0,0,9,1,1
3,1,9,0,18,0,1,0,0,0,0,1,1,6,1,50,8,1997,2,4,1,1,3,535890,189670,1,3,1,3,13,4,179,6,30,3,4,6,0,0,0,1,4,1,0,0,1,1,1,1,1,33,6,3,0,0,0,0,0,9,1,5
3,1,9,0,12,0,2,0,0,0,0,3,1,6,1,20,4,1150,1,7,1,1,2,537390,189720,1,2,1,3,13,3,112,6,30,3,4,6,0,0,0,1,1,1,0,0,1,1,1,1,1,33,6,3,0,0,0,0,0,9,1,5
3,1,3,0,18,0,8,0,0,0,0,1,1,6,1,51,8,598,1,22,2,1,2,545460,170700,1,2,1,5,19,3,222,6,30,3,4,6,0,0,0,1,1,1,0,0,1,1,1,1,1,51,8,3,0,0,0,0,0,3,2,3
3,1,9,0,9,0,8,0,0,0,0,4,1,6,1,46,8,1598,1,6,1,1,2,539170,182500,1,2,1,7,17,3,1011,1,30,2,4,6,0,0,0,4,1,1,0,0,1,1,1,1,1,46,8,3,0,0,0,0,0,9,1,3
3,1,9,0,18,0,0,0,0,0,0,1,1,6,2,26,6,1598,1,8,1,1,2,388595,347600,21,2,1,2,257,3,50,3,50,0,4,6,0,0,4,1,1,1,0,0,1,1,1,1,1,33,6,3,0,0,0,0,0,9,1,5
3,1,9,0,18,0,1,0,0,0,0,1,1,6,2,69,10,600,1,15,3,1,2,595864,307362,36,2,1,4,400,3,1075,6,30,6,4,5,160,0,0,1,1,1,0,0,2,1,1,1,2,69,10,3,0,0,0,0,0,9,3,3
3,1,90,0,7,0,8,0,0,0,0,3,1,1,1,64,9,1598,1,8,1,1,2,531110,179440,1,2,1,5,9,3,23,6,30,7,2,3,23,0,5,1,1,1,0,0,1,1,1,1,1,33,6,3,0,0,0,0,0,9,1,5
2,1,10,0,16,0,0,0,0,0,0,3,1,1,1,74,10,1598,1,8,1,5,3,428477,440937,13,3,5,3,204,6,0,6,60,0,4,6,0,0,0,1,1,1,0,0,2,1,1,1,1,74,10,3,0,0,0,0,0,10,1,1
3,1,9,0,12,0,1,0,0,0,0,2,1,6,1,26,6,1242,1,9,1,2,2,532650,191520,1,2,2,3,31,3,10,3,40,3,4,6,0,0,4,1,1,1,0,0,1,1,1,1,1,26,6,3,0,0,0,0,0,9,1,2
3,1,9,0,4,0,1,0,0,0,0,1,1,6,1,20,4,998,1,1,1,3,3,518960,301250,35,3,3,7,394,6,0,6,30,3,4,6,0,0,0,1,1,1,0,0,1,1,1,1,1,33,6,3,0,0,0,0,0,9,1,5
3,1,9,0,7,0,8,0,0,0,0,3,1,6,1,57,9,1598,1,10,2,2,2,466002,516836,17,2,2,6,241,6,0,6,30,3,4,6,0,0,0,1,1,1,4,0,2,1,1,1,1,57,9,3,0,0,0,0,0,9,2,2
3,2,9,0,3,0,1,0,0,0,0,2,1,6,2,50,8,1796,1,15,1,2,2,374230,430240,4,2,2,6,75,3,6185,3,70,1,4,3,6185,0,0,1,1,1,0,0,2,1,1,1,2,50,8,3,0,0,0,0,0,9,1,3
1,1,9,0,18,0,0,1,0,0,0,1,1,6,1,23,5,1796,1,13,2,1,1,474828,265914,34,1,1,4,381,3,508,6,60,0,4,6,0,0,0,1,1,1,0,0,2,1,1,3,2,61,9,1,5,1,0,0,0,0,1,2
3,2,9,0,18,0,8,0,0,0,0,1,1,6,2,46,8,1398,1,8,1,1,2,423045,437665,13,2,1,5,204,3,6120,1,40,1,2,3,65,0,5,1,1,1,0,0,1,1,1,1,2,46,8,3,0,0,0,0,0,9,1,10
3,1,9,0,18,0,8,0,0,0,0,4,1,6,1,22,5,1997,2,5,2,1,2,522168,233700,41,2,1,1,433,6,646,6,30,2,4,6,786,0,0,7,1,1,0,0,1,1,1,2,2,18,4,3,0,0,1,0,0,9,1,7
3,1,9,0,18,0,0,0,0,0,0,1,1,6,2,29,6,1390,1,14,1,1,1,439801,385386,14,1,1,6,215,6,0,6,30,0,4,6,0,0,4,1,1,1,0,0,1,1,1,3,2,87,11,3,1,3,0,0,0,0,1,3
3,1,9,0,11,0,0,0,0,0,0,0,1,6,1,38,7,1598,1,8,1,1,2,455921,337330,31,2,1,4,346,6,0,7,50,0,4,6,0,0,0,1,1,1,0,0,1,1,1,1,1,33,6,3,0,0,0,0,0,9,1,5
3,1,19,0,18,0,0,0,0,0,0,1,1,6,1,38,7,1998,2,10,1,1,3,424124,428117,13,3,1,5,204,3,62,3,40,0,4,6,0,0,0,4,1,1,0,0,1,2,1,1,1,33,6,3,0,0,0,0,0,9,1,5
2,2,9,0,2,0,0,0,0,0,0,2,1,1,2,43,7,1124,1,13,1,1,2,510517,170404,45,2,1,5,40,3,316,3,30,0,4,6,0,0,0,1,1,1,0,0,1,1,1,1,2,43,7,2,0,0,0,0,0,9,1,9
3,1,21,1,12,0,0,0,0,0,0,3,2,1,1,37,7,1598,1,8,1,1,2,512988,202912,41,2,1,4,434,1,25,7,70,0,4,6,0,0,0,1,1,1,0,0,2,1,1,1,1,33,6,3,0,0,0,0,0,9,1,5
3,2,9,0,4,0,1,0,0,0,0,1,1,6,2,17,4,1299,1,12,1,6,3,412796,183676,54,3,6,6,633,3,3102,3,70,3,4,6,0,0,7,6,5,2,0,2,2,1,6,2,1,17,4,3,0,0,2,0,0,9,1,4
2,2,9,0,18,0,8,2,0,0,0,4,1,6,1,64,9,1339,1,8,2,3,2,502479,378965,32,2,3,2,356,3,46,6,60,3,4,5,223,0,0,1,1,1,0,0,2,1,2,1,1,64,9,3,0,0,0,0,0,9,2,5
3,2,9,0,4,0,0,0,0,0,0,2,1,6,2,20,4,1598,1,8,1,2,2,312639,168125,62,2,2,3,746,6,0,6,30,0,4,6,0,0,0,1,1,1,0,0,1,1,3,2,1,24,5,3,0,0,1,0,0,9,1,5
3,1,9,0,18,0,1,0,0,0,0,1,1,6,3,38,7,1598,1,8,1,1,2,485162,235005,43,2,1,4,479,6,1043,6,30,3,4,6,1043,0,0,1,2,2,0,0,1,3,1,1,1,33,6,3,0,0,0,0,0,9,1,5
3,1,9,0,4,0,8,0,0,0,0,1,1,6,1,38,7,1991,1,19,2,1,2,604260,120750,46,2,1,5,539,6,1713,6,30,6,4,6,0,0,0,4,1,1,0,0,2,1,1,1,1,33,6,3,0,0,0,0,0,9,1,5
3,2,9,0,3,0,0,0,0,0,0,3,1,6,2,25,5,1598,1,13,1,1,2,589380,164040,46,2,1,5,540,6,4001,6,30,0,4,6,0,0,0,1,1,1,0,0,1,1,1,1,2,25,5,3,0,0,0,0,0,9,1,3
3,2,9,0,9,0,5,0,0,0,0,1,1,2,1,41,7,2598,1,16,1,1,2,445460,375670,30,2,1,2,322,3,619,6,40,6,2,4,6419,0,4,4,2,2,6,0,1,1,1,1,1,33,6,3,0,0,0,0,0,9,1,5
2,1,9,0,5,0,0,0,0,0,0,0,1,3,1,18,4,1299,1,15,1,1,1,387756,220220,53,1,1,3,625,6,2416,6,30,0,4,6,0,0,0,1,9,1,0,0,1,1,1,2,2,18,4,2,0,0,1,0,0,9,1,8
3,3,9,0,18,0,0,0,0,0,0,2,1,6,1,71,10,2494,2,5,3,5,5,440277,390319,14,5,5,3,215,1,1,3,70,0,4,6,0,0,0,1,1,1,0,0,1,1,1,1,1,71,10,3,0,0,0,0,0,9,3,2
3,2,9,0,18,0,8,0,0,0,0,1,1,1,1,51,8,1560,2,4,1,2,2,406575,91619,55,2,2,7,643,3,35,1,30,1,2,3,35,0,4,4,1,1,0,0,1,1,2,1,1,51,8,3,0,0,0,0,0,9,1,4
3,2,9,0,3,0,8,0,0,0,0,0,1,6,2,28,6,1596,1,13,1,1,2,519740,186350,1,2,1,6,28,6,0,6,30,3,4,6,0,0,0,1,2,2,0,0,1,1,1,1,1,33,6,3,0,0,0,0,0,9,1,5
3,1,9,0,18,0,0,0,0,0,0,0,1,6,2,38,7,1360,1,15,1,1,2,359037,174373,52,2,1,1,601,6,0,6,30,0,4,6,0,0,0,1,1,1,0,0,1,2,1,1,2,38,7,3,0,0,0,0,0,9,1,9
3,2,9,0,7,0,4,0,0,0,0,1,1,2,1,45,7,1598,1,8,3,1,2,516390,297710,35,2,1,2,394,3,1179,1,70,1,4,3,1260,0,0,1,8,2,0,0,2,1,1,1,1,33,6,3,0,0,0,0,0,9,1,5
3,1,9,0,5,0,1,0,0,0,0,4,1,6,1,53,8,1587,1,12,1,1,2,475884,156014,44,2,1,5,494,6,0,6,30,8,4,6,0,0,0,1,1,1,0,0,2,1,1,1,1,33,6,3,0,0,0,0,0,9,1,5
3,1,9,0,18,0,1,0,0,0,0,1,1,6,3,38,7,1598,1,8,1,1,2,435100,381217,14,2,1,6,215,4,6054,1,40,1,4,3,61,0,0,1,1,1,0,0,1,2,1,1,1,33,6,3,0,0,0,0,0,9,1,5
3,1,2,0,18,0,0,0,0,0,11,1,1,6,1,22,5,49,1,14,2,1,2,433179,86604,44,2,1,4,505,6,0,6,30,0,4,6,0,0,0,1,1,1,0,0,2,1,1,1,1,22,5,3,0,0,0,0,0,2,2,4
3,2,9,0,15,0,1,0,0,0,0,1,1,6,1,85,11,1910,2,10,1,1,2,320550,675420,95,2,1,5,923,4,9085,6,30,2,4,6,0,0,1,1,1,1,0,0,1,1,1,1,1,33,6,3,0,0,0,0,0,9,1,5
2,2,9,0,2,0,0,0,0,0,0,2,1,6,1,38,7,1598,1,8,1,1,2,333048,189484,61,2,1,1,733,6,0,6,30,0,4,6,0,0,0,1,1,1,0,0,1,1,1,1,1,33,6,3,0,0,0,0,0,9,1,5
3,1,9,0,5,0,2,0,0,0,0,1,1,6,1,28,6,2171,1,11,1,1,3,513455,102865,47,3,1,2,564,6,0,6,30,6,4,3,259,0,0,1,1,1,0,0,1,1,1,1,1,33,6,3,0,0,0,0,0,9,1,5
2,2,1,0,18,0,8,0,0,0,0,4,1,6,1,74,10,1598,1,8,1,1,2,408925,108447,55,2,1,6,647,6,0,6,30,3,4,6,0,0,0,1,1,2,0,0,1,1,1,1,1,74,10,2,0,0,0,0,0,1,1,5
2,1,9,0,9,0,6,0,0,7,0,4,1,6,1,37,7,1364,2,5,1,2,2,422451,432854,13,2,2,2,204,6,0,6,30,3,4,6,0,0,0,1,2,2,0,0,1,1,1,1,1,37,7,2,0,0,0,0,0,9,1,5
3,1,9,0,18,0,0,0,0,0,0,1,1,1,1,33,6,1791,8,3,1,1,2,539500,187170,1,2,1,6,13,6,0,6,30,0,4,6,0,0,0,1,1,1,0,0,1,1,1,1,1,33,6,3,0,0,0,0,0,9,1,5
3,2,3,0,18,0,2,2,0,0,0,1,1,1,1,18,4,125,1,1,1,1,2,437717,555976,10,2,1,4,150,6,5186,6,30,9,4,6,5186,0,0,1,1,1,0,0,1,2,1,1,1,18,4,3,0,0,0,0,0,3,1,7
3,1,9,0,18,0,8,0,0,0,0,1,1,6,2,28,6,1299,1,13,1,3,2,416159,432956,13,2,3,7,200,3,6181,6,30,3,2,4,6145,0,5,1,2,2,2,0,1,1,1,1,2,28,6,3,0,0,0,0,0,9,1,3
3,1,5,0,18,0,1,5,0,0,0,1,1,6,1,45,7,1043,1,4,1,1,1,291235,85262,50,1,1,2,585,3,38,3,50,3,4,3,380,0,0,1,1,1,0,0,2,1,1,1,1,45,7,3,0,0,0,0,0,5,1,10
3,1,1,0,18,0,8,0,0,0,0,3,1,6,1,26,6,1598,1,8,1,1,2,522030,169730,1,2,1,2,22,3,238,3,30,3,4,6,0,0,0,4,1,1,0,0,1,2,1,1,1,26,6,3,0,0,0,0,0,1,1,7
3,2,3,0,18,0,8,0,0,0,0,1,1,6,1,48,8,125,1,8,1,1,2,464840,102623,44,2,1,6,498,6,0,6,30,6,4,6,0,0,0,1,1,1,0,0,1,1,1,1,1,48,8,3,0,0,0,0,0,3,1,1
3,1,9,0,16,0,0,1,0,1,0,1,1,6,1,21,5,1390,1,6,1,1,2,460568,326539,31,2,1,6,347,5,60,6,60,0,4,6,0,0,0,1,3,3,0,0,2,2,1,1,1,21,5,3,0,0,0,0,0,9,1,5
3,2,1,0,18,0,8,0,0,0,0,1,1,6,2,59,9,1598,1,8,1,1,2,336970,427200,4,2,1,4,74,6,0,6,20,6,4,6,0,0,0,1,8,1,0,0,1,1,1,1,2,59,9,3,0,0,0,0,0,1,1,10
3,2,9,0,9,0,1,0,0,0,0,3,1,6,1,59,9,1998,8,8,1,1,2,288073,810436,91,2,1,5,927,3,9,6,60,3,4,4,9152,0,0,1,1,1,0,0,2,1,1,1,1,33,6,3,0,0,0,0,0,9,1,5
3,1,9,0,2,0,8,0,0,0,0,3,1,6,2,29,6,1905,2,16,1,1,2,475333,260995,34,2,1,7,384,6,8397,6,30,3,4,3,508,0,0,4,1,1,0,0,1,1,1,1,1,33,6,3,0,0,0,0,0,9,1,5
3,1,9,0,4,0,1,0,0,0,0,1,1,2,2,43,7,1390,1,9,1,1,3,431620,334650,30,3,1,2,323,4,5020,6,40,3,4,6,0,0,0,1,1,1,0,0,1,1,1,1,1,33,6,3,0,0,0,0,0,9,1,5
3,2,9,0,18,0,1,0,0,0,0,1,1,6,1,26,6,1753,2,13,1,2,2,561453,103707,47,2,2,6,551,6,0,6,30,3,4,6,0,0,0,1,1,1,0,0,1,1,2,2,2,24,5,3,0,0,1,0,0,9,1,3
3,1,9,0,17,0,0,1,0,1,9,4,1,1,2,25,5,1242,1,11,2,1,1,520025,409694,16,1,1,2,233,6,0,6,60,0,4,6,0,0,0,1,1,1,0,0,2,2,1,1,2,25,5,3,0,0,0,0,0,9,2,8
3,1,9,0,4,0,1,0,0,0,0,1,1,6,2,38,7,2993,2,7,1,1,2,444238,534286,11,2,1,1,169,3,19,7,70,3,4,3,179,0,0,1,1,1,0,0,2,2,1,1,1,33,6,3,0,0,0,0,0,9,1,5
3,1,1,0,18,0,8,0,10,0,0,3,1,6,1,34,6,1598,1,8,1,1,2,526740,177420,1,2,1,5,12,3,3220,6,30,3,4,6,0,0,0,1,1,1,0,0,1,1,1,1,1,34,6,3,0,0,0,0,0,1,1,2
3,2,9,0,9,0,8,0,0,0,0,3,1,3,1,48,8,1598,1,9,1,1,2,538580,190070,1,2,1,4,13,3,503,6,30,6,4,5,0,0,0,1,1,2,0,0,1,1,1,1,1,33,6,3,0,0,0,0,0,9,1,5
3,1,9,0,18,0,0,0,12,0,0,1,1,6,1,47,8,1560,2,2,3,1,1,369098,810430,92,1,1,7,911,3,944,6,60,0,4,6,0,0,0,6,1,2,0,0,2,1,1,1,1,47,8,3,0,0,0,0,0,9,3,5
3,2,9,0,3,0,0,0,0,0,0,2,1,6,1,45,7,1399,2,7,1,1,3,567431,194610,42,3,1,7,450,4,1007,6,30,0,4,6,0,0,4,1,2,2,0,0,1,1,1,1,1,45,7,3,0,0,0,0,0,9,1,6
3,1,9,0,18,0,0,0,0,0,0,1,1,6,1,71,10,1598,1,8,1,6,2,365640,405680,6,2,6,1,100,3,58,6,30,0,4,6,0,0,0,4,1,2,0,0,1,1,3,2,2,70,10,3,0,0,1,0,0,9,1,5
3,1,2,0,4,0,0,1,0,0,0,0,1,4,1,16,4,49,1,3,1,1,1,447227,165284,43,1,1,3,471,6,7139,6,30,0,4,6,0,0,0,4,2,2,6,0,2,1,1,1,1,16,4,3,0,0,0,0,0,2,1,3
3,1,1,0,18,0,0,0,0,0,0,0,1,6,1,35,6,1598,1,8,1,1,2,519346,236149,40,2,1,5,424,5,169,6,30,0,4,6,0,0,0,1,1,1,0,0,2,2,1,1,1,35,6,3,0,0,0,0,0,1,1,5
3,1,9,0,18,0,1,0,0,0,0,1,1,2,2,20,4,1199,1,13,2,2,2,514230,296400,35,2,2,2,394,6,0,6,30,8,4,6,0,0,0,1,1,1,0,0,1,1,1,1,2,20,4,3,0,0,0,0,0,9,2,9
3,1,19,0,1,0,0,0,0,0,0,2,1,6,1,38,7,2143,2,5,1,1,1,549180,179110,1,1,1,2,18,4,213,6,30,0,4,6,0,0,0,1,1,1,0,0,1,1,1,3,2,46,8,3,5,9,0,0,2,0,1,4
3,1,9,0,9,0,5,0,0,0,0,1,1,6,1,38,7,1598,1,8,1,1,2,494082,180630,43,2,1,5,473,6,7302,6,30,8,4,6,0,0,0,4,2,2,0,0,1,2,1,1,1,33,6,3,0,0,0,0,0,9,1,5
2,1,3,0,10,0,1,0,0,0,0,2,1,6,1,30,6,124,1,7,1,1,2,368811,89674,55,2,1,3,645,4,3147,6,30,3,4,6,0,0,0,1,1,1,0,0,1,2,1,1,1,30,6,2,0,0,0,0,0,3,1,5
3,1,9,0,9,0,4,0,0,0,0,3,1,6,1,68,10,1794,1,13,1,1,2,520984,161054,45,2,1,6,38,6,2002,1,30,1,4,6,0,0,0,4,1,1,0,0,1,1,1,1,1,33,6,3,0,0,0,0,0,9,1,5
3,1,9,0,13,0,1,0,0,0,0,2,1,6,1,20,4,1398,1,1,1,1,1,527030,189860,1,1,1,4,30,3,1000,6,30,6,3,6,0,0,8,1,1,1,0,0,1,1,1,3,2,69,10,3,5,3,0,0,2,0,1,6
3,2,19,4,2,0,0,0,0,0,0,2,1,6,1,47,8,2198,2,1,1,1,2,510161,477756,12,2,1,6,186,6,264,6,30,0,4,6,0,0,0,1,1,1,4,0,2,1,1,1,1,33,6,3,0,0,0,0,0,9,1,5
3,1,9,0,10,0,1,0,0,0,0,1,1,6,1,18,4,1405,1,11,1,3,3,482053,391271,32,3,3,3,356,6,0,6,60,3,4,6,0,0,0,1,1,1,0,0,2,1,3,2,2,18,4,3,0,0,1,0,0,9,1,6
2,2,9,0,18,0,1,0,0,0,0,1,1,6,1,45,7,1598,1,8,1,3,2,243653,374363,60,2,3,1,720,3,5,6,60,3,4,4,4422,0,0,1,2,2,0,0,2,1,3,2,2,46,8,2,0,0,1,0,0,9,1,5
3,1,9,0,18,0,8,0,0,0,0,1,1,6,1,38,7,1391,1,15,1,1,2,368560,307210,22,2,1,3,284,6,0,6,30,3,4,6,0,0,0,1,2,2,0,0,1,2,1,1,1,33,6,3,0,0,0,0,0,9,1,5
3,1,11,0,5,0,2,0,0,0,0,4,1,1,1,53,8,1598,1,8,1,1,1,266912,197907,62,1,1,4,745,4,4603,6,30,3,4,6,0,0,0,1,1,1,0,0,1,1,1,3,1,65,9,3,10,5,0,0,0,0,1,5
3,1,9,0,3,0,1,0,0,0,0,2,1,6,2,37,7,1973,1,15,1,1,2,538490,175650,1,2,1,5,7,4,220,6,30,3,4,6,0,0,0,1,1,2,0,0,1,2,1,1,2,37,7,3,0,0,0,0,0,9,1,5
3,2,9,0,18,0,0,0,0,0,0,1,1,6,2,19,4,1242,1,1,1,1,3,486589,192736,43,3,1,4,480,3,40,3,30,0,4,6,0,0,0,1,1,1,0,0,1,1,1,1,2,19,4,3,0,0,0,0,0,9,1,10
2,1,3,0,18,0,1,1,0,0,0,1,1,6,1,23,5,1598,1,8,2,2,2,305827,185135,62,2,2,1,744,4,4595,6,30,8,4,6,0,0,0,1,1,1,0,0,1,1,3,2,1,17,4,2,0,0,0,0,0,3,1,5
3,2,9,0,3,0,1,0,0,0,0,2,1,6,2,29,6,1396,1,12,1,1,2,448013,311117,33,2,1,4,361,3,50,3,70,1,4,1,1,0,0,1,1,1,0,0,2,2,1,1,2,29,6,3,0,0,0,0,0,9,1,9
2,1,5,0,18,0,1,2,0,0,11,3,1,6,1,22,5,645,1,15,1,2,1,250644,141610,50,1,2,4,582,3,361,6,60,8,4,6,0,0,0,6,1,2,0,0,2,1,1,1,1,22,5,2,0,0,0,0,0,5,1,5