accident_severity,vehicle_reference,vehicle_type,towing_and_articulation,vehicle_manoeuvre,vehicle_location-restricted_lane,junction_location,skidding_and_overturning,hit_object_in_carriageway,vehicle_leaving_carriageway,hit_object_off_carriageway,1st_point_of_impact,was_vehicle_left_hand_drive?,journey_purpose_of_driver,sex_of_driver,age_of_driver,age_band_of_driver,engine_capacity_(cc),propulsion_code,age_of_vehicle,driver_home_area_type,NUmber_of_Casualities_unique_to_accident_index,No_of_Vehicles_involved_unique_to_accident_index,location_easting_osgr,location_northing_osgr,police_force,number_of_vehicles,number_of_casualties,day_of_week,local_authority_(district),1st_road_class,1st_road_number,road_type,speed_limit,junction_detail,junction_control,2nd_road_class,2nd_road_number,pedestrian_crossing-human_control,pedestrian_crossing-physical_facilities,light_conditions,weather_conditions,road_surface_conditions,special_conditions_at_site,carriageway_hazards,urban_or_rural_area,did_police_officer_attend_scene_of_accident,casualty_reference,casualty_class,sex_of_casualty,age_of_casualty,age_band_of_casualty,casualty_severity,pedestrian_location,pedestrian_movement,car_passenger,bus_or_coach_passenger,pedestrian_road_maintenance_worker,casualty_type,casualty_home_area_type,casualty_imd_decile
3,1,9,0,4,0,1,0,0,4,1,1,1,6,1,34,6,1896,2,13,3,1,1,501654,171802,45,1,1,2,514,3,30,3,50,1,4,3,308,0,8,1,1,1,0,0,2,1,1,1,1,34,6,3,0,0,0,0,0,9,3,7
3,1,9,0,10,0,1,0,0,0,0,1,1,6,1,30,6,1397,1,12,1,1,2,590174,244318,37,2,1,5,410,5,711,6,60,9,4,5,713,0,0,6,5,2,7,0,2,1,1,2,1,30,6,3,0,0,2,0,0,9,1,2
3,2,9,0,9,0,5,0,0,0,0,0,1,6,3,38,7,1391,1,19,1,1,2,362363,173626,52,2,1,3,601,3,420,6,20,3,2,3,420,0,5,4,1,2,0,0,1,2,1,1,1,33,6,3,0,0,0,0,0,9,1,5
3,3,9,0,4,0,0,0,0,0,0,2,1,1,1,43,7,1995,2,1,1,2,3,401399,337638,21,3,2,2,256,3,50,3,70,0,4,6,0,0,0,1,1,1,4,0,2,1,2,2,2,42,7,3,0,0,1,0,0,9,1,5
3,2,9,0,18,0,1,0,0,0,0,2,1,1,3,40,7,1242,1,6,1,1,2,484366,145651,45,2,1,6,517,3,287,6,30,6,4,4,3384,0,0,1,1,1,0,0,1,1,1,1,1,40,7,3,0,0,0,0,0,9,1,6
3,2,9,0,3,0,0,0,0,0,0,2,1,6,2,57,9,1200,1,8,1,4,3,406067,306618,21,3,4,7,252,5,210,6,40,0,4,6,0,0,0,1,1,1,0,0,2,2,3,2,2,16,4,3,0,0,2,0,0,9,1,5
3,1,9,0,18,0,0,2,0,7,0,4,1,6,1,25,5,1598,1,8,1,4,1,281215,182155,62,1,4,7,740,4,4283,6,60,0,4,6,0,0,0,6,1,1,0,0,2,1,1,1,1,25,5,3,0,0,0,0,0,9,1,5
3,2,9,0,18,0,4,1,10,7,0,2,1,6,1,18,4,1798,1,6,1,2,2,434292,283648,20,2,2,1,302,6,0,1,30,1,2,3,444,0,0,1,1,1,0,0,1,1,2,2,2,77,11,3,0,0,2,0,0,9,1,4
3,3,9,0,8,0,1,0,0,0,0,1,1,4,1,37,7,2496,2,12,3,2,3,278515,881023,91,3,2,6,927,3,9,6,60,5,4,6,0,0,0,1,1,1,0,0,2,1,1,1,1,33,6,3,0,0,0,0,0,9,1,5
3,2,9,0,3,0,1,0,0,0,0,2,1,6,1,22,5,1753,2,12,2,1,2,581835,309030,36,2,1,6,400,5,562,6,20,3,4,5,563,0,0,1,1,1,0,0,2,1,1,2,2,19,4,3,0,0,1,0,0,9,2,3
3,1,9,0,9,0,5,0,0,0,0,1,1,6,1,22,5,1360,1,13,1,1,2,540050,298100,35,2,1,3,392,3,141,6,50,8,4,6,0,0,0,1,1,1,0,0,1,1,1,1,1,33,6,3,0,0,0,0,0,9,1,5
3,1,1,0,18,0,0,0,8,0,0,1,1,6,1,28,6,1598,1,8,1,1,2,538880,188970,1,2,1,7,13,3,104,6,30,0,4,6,0,0,0,1,1,1,0,0,2,2,1,1,1,28,6,3,0,0,0,0,0,1,1,5
3,1,9,0,18,0,8,0,0,0,0,1,1,6,1,32,6,1596,1,14,1,2,2,549117,219969,41,2,2,2,432,4,1383,6,30,3,2,6,432,0,5,4,1,1,0,0,1,1,1,2,1,19,4,3,0,0,1,0,0,9,1,3
3,2,9,0,18,0,2,0,0,0,0,1,1,6,1,26,6,1598,1,8,1,3,2,252590,200350,63,2,3,4,751,3,4138,6,60,6,2,4,4297,0,0,4,1,1,0,0,1,1,1,1,1,26,6,3,0,0,0,0,0,9,1,5
3,1,9,0,7,0,1,0,0,0,0,3,1,1,1,53,8,1995,1,6,1,1,2,526429,105568,47,2,1,4,565,4,2194,6,20,3,4,4,2194,0,0,1,1,1,0,0,1,1,1,3,1,11,3,3,5,4,0,0,0,0,1,3
3,1,9,0,3,0,1,0,0,0,0,2,1,6,2,59,9,1998,1,16,1,1,2,534230,192200,1,2,1,3,32,6,0,6,30,6,4,6,0,0,0,1,9,1,0,0,1,2,1,1,2,59,9,3,0,0,0,0,0,9,1,2
3,1,9,0,18,0,0,1,0,0,0,2,1,6,2,28,6,1399,2,3,1,1,4,540311,374763,32,4,1,2,351,3,16,6,60,0,4,6,0,0,0,1,1,1,0,0,2,1,1,1,1,33,6,3,0,0,0,0,0,9,1,5
2,1,9,0,5,0,2,0,0,0,0,0,1,6,2,52,8,1560,2,10,1,1,1,416882,551466,11,1,1,2,169,6,0,6,30,3,4,5,11,0,0,1,1,1,0,0,1,1,1,3,2,82,11,2,6,9,0,0,0,0,1,2
3,2,9,0,18,0,1,0,0,0,0,1,1,6,2,38,7,1388,1,13,1,1,2,540630,168530,1,2,1,7,19,3,21,3,30,3,2,4,228,0,5,1,1,1,0,0,1,1,1,1,1,33,6,3,0,0,0,0,0,9,1,5
3,2,9,0,3,0,0,0,0,0,0,2,1,1,2,37,7,1587,1,8,2,1,2,458002,332368,31,2,1,3,347,3,60,6,40,0,4,6,0,0,0,1,1,2,0,0,2,1,1,1,2,37,7,3,0,0,0,0,0,9,2,10
2,1,9,0,17,0,0,1,0,8,11,3,1,6,1,19,4,1598,1,8,1,3,2,328221,353613,60,2,3,2,725,4,5102,6,60,0,4,6,0,0,0,1,2,2,0,0,2,1,1,1,1,19,4,3,0,0,0,0,0,9,1,5
3,2,9,0,18,0,8,0,0,0,0,4,1,6,2,36,7,1598,1,4,1,1,2,546670,174370,1,2,1,4,18,6,0,6,30,3,4,6,0,0,0,1,1,1,0,0,1,1,1,1,1,33,6,3,0,0,0,0,0,9,1,5
3,1,1,0,18,0,0,0,0,0,0,1,1,6,1,14,3,1598,1,8,1,1,1,481515,159516,44,1,1,3,494,6,0,6,30,0,4,6,0,0,0,1,1,2,0,0,1,1,1,1,1,14,3,3,0,0,0,0,0,1,1,10
3,3,9,0,18,0,0,0,0,0,0,2,1,6,1,48,8,1461,2,8,1,2,3,433499,563381,10,3,2,5,149,3,194,3,70,0,4,6,0,0,0,1,1,2,0,0,1,1,1,1,1,33,6,3,0,0,0,0,0,9,1,5
3,2,9,0,18,0,0,0,0,0,0,3,1,6,3,38,7,1598,1,8,1,1,2,546590,178190,1,2,1,4,6,3,206,6,30,0,4,6,0,0,0,4,1,1,4,0,1,1,1,1,1,33,6,3,0,0,0,0,0,9,1,5
3,2,9,0,18,0,0,0,0,0,0,3,1,6,2,38,7,1086,1,6,1,3,3,414259,417711,13,3,3,6,203,6,0,6,30,0,4,6,0,0,0,1,1,1,0,0,1,1,1,1,2,38,7,3,0,0,0,0,0,9,1,5
3,2,19,0,18,0,0,0,0,0,0,4,1,6,1,43,7,1998,2,9,1,1,2,333260,443530,4,2,1,3,85,6,0,6,30,0,4,6,0,0,0,1,1,1,0,0,1,1,1,1,1,33,6,3,0,0,0,0,0,9,1,5
3,2,9,0,18,0,0,0,0,0,0,3,1,6,3,38,7,1598,1,8,1,1,2,411865,418478,13,2,1,7,203,6,0,6,30,0,4,6,0,0,0,1,1,1,0,0,1,2,1,1,1,33,6,3,0,0,0,0,0,9,1,5
3,1,9,0,18,0,0,0,0,0,0,1,1,6,1,31,6,1598,2,6,1,1,1,487631,288036,34,1,1,3,380,6,5059,6,30,0,4,6,0,0,1,1,1,1,0,0,1,1,1,3,1,77,11,3,1,1,0,0,0,0,1,5
3,2,19,0,18,0,8,0,0,0,0,4,1,1,1,35,6,1598,1,8,1,4,2,435423,408408,14,2,4,4,210,3,633,6,30,6,2,6,0,0,0,1,1,1,0,0,1,1,2,2,2,30,6,3,0,0,0,0,0,19,1,2
3,1,8,0,5,0,8,0,0,0,0,1,1,1,1,50,8,2499,2,4,1,1,2,335216,390956,5,2,1,4,91,3,5049,3,30,6,2,6,0,0,0,4,1,1,0,0,1,1,1,1,1,33,6,3,0,0,0,0,0,9,1,5
3,1,3,0,18,0,0,0,0,0,0,1,1,2,1,40,7,124,1,3,1,1,1,543507,130439,47,1,1,2,556,3,22,6,60,0,4,6,0,0,0,6,1,1,0,7,2,1,1,1,1,40,7,3,0,0,0,0,0,3,1,7
3,2,9,0,3,0,8,0,0,0,0,2,1,6,1,61,9,1560,2,1,1,1,3,434040,335860,30,3,1,4,323,3,516,6,30,3,4,6,0,0,0,1,1,1,0,0,1,1,1,1,1,33,6,3,0,0,0,0,0,9,1,5
3,1,19,0,14,0,8,0,0,0,0,1,1,1,1,45,7,2298,2,1,1,2,2,332258,666377,95,2,2,4,929,3,6094,6,30,3,4,6,0,0,0,1,1,1,0,0,1,1,1,1,1,33,6,3,0,0,0,0,0,9,1,5
3,2,3,0,13,0,8,0,0,0,0,1,1,6,1,36,7,748,1,21,1,1,2,524350,175890,1,2,1,5,11,3,219,6,30,3,4,6,0,0,4,4,1,1,0,0,1,1,1,1,1,36,7,3,0,0,0,0,0,3,1,5
3,1,9,0,9,0,8,0,0,0,0,1,1,6,2,24,5,1598,1,14,1,1,2,370030,407330,6,2,1,7,100,3,579,6,30,6,2,5,0,0,0,4,2,2,0,0,1,1,1,2,2,30,6,3,0,0,1,0,0,9,1,5
3,1,9,0,18,0,2,0,0,0,0,1,1,2,1,19,4,1348,1,15,2,1,3,426650,536764,11,3,1,3,169,4,6288,6,30,3,4,6,0,0,0,1,1,1,0,0,2,1,1,1,1,33,6,3,0,0,0,0,0,9,1,5
3,2,1,0,18,0,2,0,0,0,0,3,1,6,1,14,3,1598,1,8,1,1,2,524190,191230,1,2,1,3,30,4,552,6,30,1,4,5,0,0,4,4,1,1,0,0,1,1,1,1,1,14,3,3,0,0,0,0,0,1,1,3
2,2,3,0,18,0,1,1,0,0,0,1,1,6,1,47,8,124,1,10,1,1,2,403685,93265,55,2,1,4,643,4,3068,6,30,3,4,6,0,0,1,1,1,1,0,0,1,1,1,1,1,47,8,2,0,0,0,0,0,3,1,4
3,2,8,0,18,0,8,0,0,0,0,1,1,1,1,54,8,1997,2,6,1,1,2,362220,404570,6,2,1,4,114,5,0,6,20,6,4,6,0,0,0,4,4,2,0,0,1,1,1,1,1,33,6,3,0,0,0,0,0,9,1,5
3,2,9,0,3,0,0,0,0,0,0,2,1,6,2,42,7,1598,1,8,1,2,3,297403,377281,60,3,2,4,721,3,547,6,60,0,4,6,0,0,0,1,1,1,0,0,2,1,1,1,2,42,7,3,0,0,0,0,0,9,1,5
3,2,19,0,16,0,0,2,0,1,10,4,1,2,1,23,5,1686,2,13,1,1,2,513314,157688,45,2,1,6,512,6,2508,6,40,0,4,6,0,0,0,6,1,2,0,0,2,1,1,1,1,23,5,3,0,0,0,0,0,19,1,6
3,2,5,0,18,0,8,0,0,0,0,1,1,6,1,23,5,675,1,1,1,1,2,580200,110150,47,2,1,5,552,3,21,6,30,3,3,6,0,0,0,4,1,1,0,0,1,1,1,1,1,23,5,3,0,0,0,0,0,5,1,2
3,1,9,0,17,0,1,0,10,1,4,1,1,6,2,69,10,1781,1,17,1,1,1,526760,198480,1,1,1,6,32,6,0,6,30,3,4,6,0,0,0,1,1,1,0,0,1,1,1,1,2,69,10,3,0,0,0,0,0,9,1,10
3,1,1,0,18,0,8,0,0,0,0,1,1,6,1,26,6,1598,1,8,1,1,2,519370,184730,1,2,1,4,28,3,404,6,30,3,4,3,404,0,4,1,4,1,0,0,1,1,1,1,1,26,6,3,0,0,0,0,0,1,1,9
3,2,9,0,8,0,8,0,0,0,0,2,1,6,1,32,6,1596,1,9,1,1,2,515430,294680,35,2,1,5,394,6,0,6,30,3,4,6,0,0,0,1,1,1,0,0,2,1,1,2,2,22,5,3,0,0,1,0,0,9,1,1
3,1,9,0,4,0,6,0,0,0,0,0,1,2,1,35,6,1598,1,7,1,1,1,376000,429250,4,1,1,2,75,6,0,6,30,9,4,6,0,0,0,1,1,1,0,0,1,1,1,3,1,2,1,3,5,3,0,0,0,0,1,4
3,1,9,0,9,0,8,0,0,0,0,1,1,6,1,25,5,1995,1,9,1,1,1,510470,176830,1,1,1,3,25,3,4,3,30,6,2,3,4,0,5,1,1,1,0,0,1,1,1,3,2,18,4,3,1,3,0,0,2,0,1,5
3,1,11,0,4,0,0,0,0,0,0,0,1,1,1,40,7,9360,2,6,1,1,1,529500,178620,1,1,1,4,1,3,202,6,30,0,4,6,0,0,0,1,1,1,0,0,1,1,1,2,2,71,10,3,0,0,0,3,0,11,1,4
3,1,9,0,18,0,0,0,0,0,0,4,1,6,2,32,6,1598,1,5,1,1,1,424695,561309,10,1,1,4,146,6,4125,6,30,0,4,6,0,0,0,1,1,1,0,0,1,2,1,3,1,6,2,3,5,1,0,0,0,0,1,1
3,1,9,0,3,0,1,0,0,0,0,3,1,6,1,42,7,1995,2,4,1,1,2,526360,186000,1,2,1,3,2,3,502,6,30,3,4,6,0,0,1,1,1,1,0,0,1,1,1,1,1,33,6,3,0,0,0,0,0,9,1,5
3,2,9,0,3,0,1,0,0,0,0,2,1,6,1,70,10,998,1,2,1,1,2,393170,400220,6,2,1,2,110,5,0,6,30,6,4,5,0,0,0,1,1,1,0,0,1,2,1,1,1,70,10,3,0,0,0,0,0,9,1,1
3,1,9,0,4,0,1,0,0,0,0,1,1,6,1,32,6,1598,1,8,1,3,3,520164,227769,41,3,3,2,433,3,602,6,60,3,4,6,87,0,0,1,1,1,0,0,2,1,1,2,2,31,6,3,0,0,1,0,0,9,1,7
3,2,9,0,9,0,8,0,0,0,0,3,1,6,1,38,7,1598,1,8,1,1,2,527830,172170,1,2,1,2,10,3,24,6,30,3,4,6,0,0,0,1,5,2,0,0,1,2,1,1,1,33,6,3,0,0,0,0,0,9,1,5
2,1,9,0,9,0,5,0,0,0,0,3,1,6,1,22,5,1598,1,12,1,1,2,463905,105526,44,2,1,2,498,6,0,6,30,3,4,6,0,0,0,1,1,1,0,0,1,1,1,1,1,33,6,3,0,0,0,0,0,9,1,5
3,2,9,0,18,1,0,0,0,0,0,1,1,6,1,74,10,1598,1,8,2,1,2,195800,215020,63,2,1,4,752,3,4076,6,60,0,4,6,0,0,0,1,1,1,0,0,2,1,1,1,1,33,6,3,0,0,0,0,0,9,1,5
3,2,1,0,18,0,8,0,0,0,0,1,1,6,1,29,6,1598,1,8,1,1,2,379810,394520,6,2,1,2,112,6,0,3,40,3,4,3,56,0,0,4,4,2,0,0,1,1,1,1,1,29,6,3,0,0,0,0,0,1,1,10
3,1,9,0,6,0,0,0,0,0,0,4,1,6,1,34,6,1497,1,11,1,2,2,424697,565355,10,2,2,6,147,6,1185,6,30,0,4,6,0,0,0,1,1,1,0,0,1,1,1,1,1,34,6,3,0,0,0,0,0,9,1,3
3,2,9,0,18,0,0,0,0,0,0,2,1,6,1,39,7,1598,1,8,1,3,2,457113,275313,34,2,3,7,381,1,1,3,50,0,4,6,0,0,0,6,3,2,4,0,2,1,2,2,2,30,6,3,0,0,1,0,0,9,1,5
3,2,5,0,18,0,8,0,0,0,0,1,1,6,1,40,7,1000,1,8,1,1,2,514300,172520,1,2,1,5,24,3,305,6,30,3,4,6,0,0,0,1,1,1,0,0,1,1,1,1,1,40,7,3,0,0,0,0,0,5,1,9
3,1,9,0,18,0,2,0,10,0,0,1,1,6,2,35,6,1398,1,2,1,1,1,552150,177010,1,1,1,6,18,6,0,6,30,3,4,6,0,0,0,1,1,1,0,0,1,2,1,1,2,35,6,3,0,0,0,0,0,9,1,3
3,2,9,0,4,0,8,0,0,0,0,2,1,6,1,63,9,1781,1,14,2,1,2,636450,164910,46,2,1,5,541,3,255,6,30,3,4,6,0,0,1,1,1,1,0,6,1,1,1,1,1,63,9,3,0,0,0,0,0,9,2,6
2,1,9,0,18,0,0,2,0,1,10,1,1,6,1,51,8,2204,2,7,1,1,3,345845,389114,5,3,1,5,90,1,62,3,70,0,4,6,0,0,0,1,1,1,0,2,2,1,1,1,1,51,8,2,0,0,0,0,0,9,1,2
3,2,9,0,18,0,8,0,0,1,4,4,1,6,2,38,7,1598,1,8,1,1,2,364035,190566,52,2,1,2,612,4,4061,6,30,3,4,6,0,0,0,1,9,1,0,0,1,1,1,1,2,38,7,3,0,0,0,0,0,9,1,10
3,1,9,0,18,0,6,1,0,0,0,1,1,6,1,31,6,1598,1,8,1,1,1,321724,188947,61,1,1,1,731,6,0,6,30,3,4,3,468,0,0,1,1,2,0,0,2,1,1,1,1,31,6,3,0,0,0,0,0,9,1,5
3,2,19,0,5,0,1,0,0,0,0,3,1,6,1,38,7,1968,2,2,1,1,2,520940,178060,1,2,1,7,25,6,0,6,30,3,4,6,0,0,0,1,1,1,0,0,1,2,1,1,1,33,6,3,0,0,0,0,0,9,1,5
3,2,9,0,18,0,8,0,0,0,0,3,1,6,1,38,7,1799,1,6,1,3,2,506970,179150,1,2,3,2,26,6,0,6,30,9,4,6,0,0,0,1,2,2,0,0,1,1,2,2,1,38,7,3,0,0,1,0,0,9,1,3
3,2,9,0,18,0,0,0,0,0,0,1,1,1,1,53,8,1686,2,5,1,1,2,374950,405020,6,2,1,1,100,3,666,6,30,0,4,6,0,0,0,4,1,1,0,0,1,1,1,1,1,33,6,3,0,0,0,0,0,9,1,5
3,2,9,0,5,0,2,0,0,0,0,2,1,6,1,26,6,1124,1,14,1,2,2,354370,429700,4,2,2,7,79,3,6,3,30,3,4,6,0,0,0,1,1,2,0,0,1,1,2,2,2,28,6,3,0,0,1,0,0,9,1,3
3,1,9,0,18,0,4,1,10,0,0,1,1,6,2,20,4,1679,1,14,1,1,1,324120,475080,3,1,1,2,61,3,590,1,60,1,4,3,590,0,0,1,2,2,0,0,2,1,1,1,2,20,4,3,0,0,0,0,0,9,1,2
3,1,3,0,17,0,0,0,0,0,0,3,1,6,1,28,6,1598,1,8,2,1,2,328050,313930,63,2,1,6,753,6,0,6,60,0,4,6,0,0,0,1,1,1,0,0,2,2,1,1,1,28,6,3,0,0,0,0,0,3,2,5
2,1,9,0,1,0,0,0,0,0,0,2,1,2,2,47,8,2143,2,1,1,1,1,436482,429188,13,1,1,6,204,6,0,6,30,0,4,6,0,0,0,1,1,1,0,0,1,1,1,3,2,85,11,2,5,1,0,0,0,0,1,8
3,1,3,0,18,0,0,0,0,0,0,1,1,6,1,27,6,125,1,8,1,1,1,529140,179160,1,1,1,6,1,3,302,6,30,0,4,6,0,0,0,1,1,1,0,0,1,1,1,3,1,48,8,3,5,1,0,0,2,0,1,5
3,2,3,0,18,0,8,1,0,0,0,1,1,2,1,18,4,124,1,15,1,1,2,415219,436473,13,2,1,3,200,3,6037,6,30,6,4,6,0,0,0,1,2,2,0,0,1,1,1,1,1,18,4,3,0,0,0,0,0,3,1,1
3,1,9,0,18,0,8,0,0,0,0,1,1,1,1,41,7,1995,2,9,1,2,3,530270,190960,1,3,2,2,31,3,109,6,30,3,4,6,0,0,0,4,8,2,0,0,1,1,1,1,1,33,6,3,0,0,0,0,0,9,1,5
3,1,8,0,3,0,1,0,0,0,0,2,1,1,1,55,8,1686,2,10,1,1,2,509545,221597,40,2,1,1,421,6,0,6,30,3,2,6,0,0,5,4,1,1,0,0,1,2,1,2,2,35,6,3,0,0,2,0,0,8,1,2
3,1,9,0,18,0,2,0,0,0,0,2,1,6,2,41,7,1388,1,10,1,2,2,508296,429058,16,2,2,5,228,6,0,6,30,3,4,6,0,0,1,1,1,1,0,0,1,2,2,2,2,24,5,3,0,0,1,0,0,9,1,1
3,3,9,0,18,0,0,0,0,0,0,1,1,2,1,32,6,2184,2,10,3,5,5,439372,386570,14,5,5,2,215,3,630,3,50,0,4,6,0,0,0,1,1,1,0,0,1,1,3,1,1,32,6,3,0,0,0,0,0,9,3,6
3,1,9,0,9,0,1,0,0,0,0,3,1,6,2,35,6,1686,2,9,1,1,2,287256,71574,50,2,1,4,585,6,0,6,30,3,4,6,0,0,0,4,2,2,0,0,1,2,1,1,1,33,6,3,0,0,0,0,0,9,1,5
3,3,19,0,3,0,0,0,0,0,0,2,1,1,1,52,8,1995,2,2,1,4,3,349570,397261,5,3,4,4,92,3,580,3,60,0,4,6,0,0,0,1,1,2,0,0,2,1,1,1,1,33,6,3,0,0,0,0,0,9,1,5
3,1,9,0,18,0,6,0,0,0,0,4,1,6,2,68,10,1968,2,2,3,1,2,393072,563897,10,2,1,6,139,4,6305,6,30,3,2,4,6351,0,5,1,1,1,0,0,1,2,1,1,1,33,6,3,0,0,0,0,0,9,1,5
3,1,9,0,18,0,6,0,0,0,0,1,1,6,1,61,9,1598,1,8,3,1,2,357211,210837,53,2,1,2,622,6,64,6,30,6,4,6,66,0,0,1,2,2,0,0,1,1,1,1,1,33,6,3,0,0,0,0,0,9,1,5
3,2,9,0,7,0,8,0,0,0,0,1,1,6,1,62,9,1396,1,16,1,1,2,534660,179160,1,2,1,2,8,6,0,6,30,6,4,6,0,0,0,4,1,2,0,0,1,1,1,1,1,33,6,3,0,0,0,0,0,9,1,5
3,2,3,0,18,0,2,0,0,0,0,1,1,6,1,19,4,124,1,1,1,1,3,385120,395520,6,3,1,2,102,4,5117,6,30,3,2,6,0,0,5,4,1,2,0,0,1,1,1,1,1,19,4,3,0,0,0,0,0,3,1,5
3,1,9,0,5,0,8,0,0,0,0,1,1,6,2,20,4,796,1,9,1,2,2,519050,177420,1,2,2,6,24,3,205,6,30,3,4,6,0,0,0,4,1,1,0,0,1,1,1,1,2,20,4,3,0,0,0,0,0,9,1,8
3,1,9,0,4,0,0,0,0,0,0,1,1,1,2,36,7,1390,1,10,1,1,2,486997,177415,43,2,1,5,474,1,4,3,70,0,4,6,0,0,0,1,2,2,0,0,2,1,1,1,1,33,6,3,0,0,0,0,0,9,1,5
3,2,5,0,14,0,1,1,0,7,0,1,1,6,1,30,6,645,1,6,2,1,2,371030,218429,53,2,1,7,622,3,4136,9,50,3,4,5,43,0,0,1,1,2,4,0,2,1,1,1,1,30,6,3,0,0,0,0,0,5,2,6
3,1,9,0,9,0,6,0,0,0,0,1,1,2,2,38,7,1598,1,8,1,1,2,401770,289520,20,2,1,5,305,6,0,6,30,8,4,6,0,0,0,1,1,1,0,0,1,2,1,1,2,33,6,3,0,0,0,0,0,9,1,1
3,1,9,0,9,0,6,0,0,0,0,3,1,1,1,35,6,1229,1,9,2,1,2,370830,306290,22,2,1,5,284,6,0,3,30,3,4,6,0,0,0,1,1,1,0,0,2,1,1,1,1,33,6,3,0,0,0,0,0,9,1,5
3,2,5,0,14,0,1,0,0,0,0,3,1,6,2,43,7,779,1,5,1,1,3,455987,400268,14,3,1,4,211,6,0,6,30,3,4,6,0,0,0,1,1,1,0,0,1,1,1,1,2,43,7,3,0,0,0,0,0,5,1,1
3,1,9,0,18,0,4,5,0,7,10,1,1,6,1,69,10,1197,1,8,3,1,2,501702,370748,32,2,1,5,353,4,1190,1,30,1,4,6,250,0,0,1,1,1,0,0,2,1,1,1,1,69,10,3,0,0,0,0,0,9,3,6
3,1,1,0,7,0,1,0,0,0,0,1,1,6,1,46,8,1598,1,8,1,1,2,358265,174131,52,2,1,6,601,6,0,6,20,3,4,6,0,0,0,1,1,1,0,0,1,2,1,1,1,46,8,3,0,0,0,0,0,1,1,9
3,1,9,0,18,0,8,0,0,0,0,1,1,6,1,43,7,2000,2,10,1,1,3,539230,192930,1,3,1,6,13,3,1009,6,30,3,4,6,0,0,0,4,1,1,0,0,1,1,1,1,1,43,7,3,0,0,0,0,0,9,1,2
3,1,9,0,18,0,0,0,0,0,0,0,1,1,3,38,7,1598,1,8,1,1,2,401760,298770,20,2,1,3,307,6,0,6,30,0,4,6,0,0,4,4,8,2,0,0,1,2,1,1,1,33,6,3,0,0,0,0,0,9,1,5
3,1,9,0,9,0,8,0,0,0,0,4,1,1,1,22,5,1598,1,8,1,1,4,364490,397360,6,4,1,2,114,3,580,3,60,3,2,3,579,0,0,1,1,1,1,0,2,1,1,1,1,22,5,3,0,0,0,0,0,9,1,2
3,2,19,0,5,0,1,0,0,0,0,1,1,6,1,36,7,2198,2,4,1,1,2,442026,111121,44,2,1,6,500,6,0,6,30,3,2,6,0,0,0,1,4,1,0,0,1,2,1,1,1,33,6,3,0,0,0,0,0,9,1,5
3,2,9,0,3,0,1,0,0,0,0,1,1,6,1,80,11,1783,1,13,1,3,3,416032,303265,21,3,3,1,252,5,36,6,40,3,4,6,409,0,0,1,1,1,0,0,2,1,3,2,2,80,11,3,0,0,1,0,0,9,1,8
2,1,2,0,7,0,5,1,0,1,8,1,1,2,1,35,6,49,1,1,1,1,1,344690,383630,5,1,1,2,91,6,0,6,30,5,4,3,561,0,0,4,5,5,0,0,1,1,1,1,1,35,6,2,0,0,0,0,0,2,1,1
3,2,9,0,3,0,0,0,0,0,0,2,1,6,1,64,9,1598,1,8,1,1,3,454383,278935,33,3,1,2,363,1,6,3,70,0,4,6,0,0,0,1,1,1,0,0,2,1,1,2,2,74,10,3,0,0,1,0,0,9,2,10
3,1,9,0,18,0,0,0,0,5,6,3,1,6,2,30,6,1598,1,10,1,7,2,329730,667530,95,2,7,1,923,3,720,3,70,0,4,6,0,0,0,1,1,1,0,0,2,1,5,2,2,26,6,3,0,0,1,0,0,9,1,5
3,1,19,0,1,9,3,0,0,0,0,2,1,1,2,66,10,2198,2,6,2,1,1,417136,500996,12,1,1,7,184,3,6108,1,30,1,4,6,1302,0,0,1,1,1,0,0,2,1,1,3,2,66,10,3,5,3,0,0,0,0,2,10
3,1,1,0,18,0,0,0,0,0,0,1,1,6,1,15,3,1598,1,8,1,1,2,530710,184800,1,2,1,7,3,5,0,6,30,0,4,6,0,0,0,4,1,1,0,0,1,1,1,1,1,15,3,3,0,0,0,0,0,1,1,2
3,1,9,0,18,0,0,0,0,0,0,3,1,6,1,48,8,2498,2,15,3,1,2,284803,556035,98,2,1,7,917,3,710,6,60,0,4,6,0,0,0,6,1,1,0,0,2,2,1,1,1,33,6,3,0,0,0,0,0,9,1,5
2,2,9,0,18,0,0,0,0,1,0,1,1,6,2,82,11,1598,1,8,1,2,2,337390,444640,4,2,2,4,85,3,588,6,30,0,4,6,0,0,0,4,2,2,0,0,2,1,2,1,2,82,11,2,0,0,0,0,0,9,1,5
3,2,21,1,17,0,0,0,0,0,0,3,1,6,1,47,8,11967,2,3,2,1,2,379017,344374,21,2,1,2,253,1,6,3,70,0,4,6,0,0,0,1,1,1,0,0,2,1,1,1,1,33,6,3,0,0,0,0,0,9,1,5
3,1,9,0,4,0,0,0,0,0,0,2,1,6,3,38,7,1598,1,8,1,1,4,521310,172170,1,4,1,5,23,3,3,3,40,0,4,6,0,0,0,1,1,1,0,0,1,1,1,1,1,33,6,3,0,0,0,0,0,9,1,5
3,1,21,1,11,0,8,0,0,0,0,4,1,1,1,47,8,12777,2,4,1,1,2,421117,567728,10,2,1,3,147,3,1,3,60,5,4,3,1,0,0,1,1,1,0,0,1,2,1,1,1,33,6,3,0,0,0,0,0,9,1,5