accident_severity,vehicle_reference,vehicle_type,towing_and_articulation,vehicle_manoeuvre,vehicle_location-restricted_lane,junction_location,skidding_and_overturning,hit_object_in_carriageway,vehicle_leaving_carriageway,hit_object_off_carriageway,1st_point_of_impact,was_vehicle_left_hand_drive?,journey_purpose_of_driver,sex_of_driver,age_of_driver,age_band_of_driver,engine_capacity_(cc),propulsion_code,age_of_vehicle,driver_home_area_type,NUmber_of_Casualities_unique_to_accident_index,No_of_Vehicles_involved_unique_to_accident_index,location_easting_osgr,location_northing_osgr,police_force,number_of_vehicles,number_of_casualties,day_of_week,local_authority_(district),1st_road_class,1st_road_number,road_type,speed_limit,junction_detail,junction_control,2nd_road_class,2nd_road_number,pedestrian_crossing-human_control,pedestrian_crossing-physical_facilities,light_conditions,weather_conditions,road_surface_conditions,special_conditions_at_site,carriageway_hazards,urban_or_rural_area,did_police_officer_attend_scene_of_accident,casualty_reference,casualty_class,sex_of_casualty,age_of_casualty,age_band_of_casualty,casualty_severity,pedestrian_location,pedestrian_movement,car_passenger,bus_or_coach_passenger,pedestrian_road_maintenance_worker,casualty_type,casualty_home_area_type,casualty_imd_decile
3,1,9,0,5,0,1,0,0,0,0,1,1,6,1,55,8,1229,1,2,1,1,2,340675,396513,5,2,1,5,91,6,0,6,30,6,4,6,0,0,0,1,1,1,0,0,1,1,1,1,1,33,6,3,0,0,0,0,0,9,1,5
3,2,9,0,4,0,2,0,0,0,0,2,1,2,1,43,7,1598,1,8,1,2,3,473679,173413,43,3,2,5,472,3,4,6,30,3,4,6,7201,0,0,1,2,2,0,0,1,1,1,1,1,43,7,3,0,0,0,0,0,9,1,1
3,2,19,0,18,0,1,0,0,0,0,1,1,6,1,42,7,1753,2,7,1,2,2,513630,188710,1,2,2,4,29,3,4090,6,30,6,2,3,404,0,5,1,1,2,0,0,1,1,1,1,1,33,6,3,0,0,0,0,0,9,1,5
2,1,1,0,18,0,8,5,0,0,0,1,1,6,1,43,7,1598,1,8,1,1,2,331810,439010,4,2,1,5,71,6,0,6,30,3,4,6,0,0,0,4,1,1,0,0,1,1,1,1,1,43,7,2,0,0,0,0,0,1,1,3
3,1,9,0,8,0,1,0,0,0,0,2,1,6,1,44,7,1998,2,8,1,3,2,445824,394372,14,2,3,7,213,6,0,6,30,3,4,3,630,0,0,1,1,2,0,0,1,2,1,1,1,44,7,3,0,0,0,0,0,9,1,7
3,2,9,0,3,0,0,0,0,0,0,2,1,2,2,22,5,998,1,11,2,2,3,503663,164973,45,3,2,5,514,3,320,3,50,0,4,6,0,0,0,7,1,1,0,0,2,1,1,1,1,33,6,3,0,0,0,0,0,9,1,5
2,2,19,0,9,0,8,0,0,0,0,4,1,1,3,38,7,2143,2,1,1,1,2,456973,136558,44,2,1,6,502,4,3046,6,60,3,4,6,0,0,0,1,1,1,0,0,2,1,1,1,1,33,6,3,0,0,0,0,0,9,1,5
3,1,9,0,9,0,6,0,0,0,0,3,1,1,1,22,5,1598,1,8,1,1,2,420767,423756,13,2,1,6,203,3,62,6,30,3,4,6,0,0,0,1,1,1,0,0,1,1,1,1,1,33,6,3,0,0,0,0,0,9,1,5
3,2,5,0,18,0,8,0,0,0,0,1,1,6,1,28,6,599,1,6,1,1,2,551620,190590,1,2,1,3,15,3,12,3,70,3,4,6,0,0,0,1,1,1,0,0,1,1,1,1,1,28,6,3,0,0,0,0,0,5,1,3
3,2,9,0,9,0,8,0,0,0,0,3,1,6,1,53,8,1598,1,8,1,1,2,263406,192380,62,2,1,3,745,6,0,6,30,3,4,6,0,0,0,1,1,1,0,0,1,1,1,1,1,33,6,3,0,0,0,0,0,9,1,5
3,2,9,0,10,0,1,0,0,0,0,2,1,6,2,22,5,1229,1,10,1,3,2,406490,290040,20,2,3,7,300,6,0,6,30,3,4,6,0,0,0,1,1,1,0,0,1,2,1,1,2,22,5,3,0,0,0,0,0,9,1,1
2,2,1,0,18,0,0,0,0,0,0,2,1,6,1,38,7,1598,1,8,1,1,2,463024,401626,14,2,1,1,211,4,1396,6,40,0,4,6,0,0,0,1,1,1,0,0,2,2,1,1,1,38,7,2,0,0,0,0,0,1,1,5
3,2,9,0,2,0,0,0,0,1,0,3,1,6,3,38,7,1398,2,2,1,1,3,624176,231354,42,3,1,1,461,6,0,6,30,0,4,6,0,0,0,1,1,2,0,0,1,1,1,1,1,33,6,3,0,0,0,0,0,9,1,5
3,3,9,0,4,0,0,0,0,0,0,2,1,6,2,33,6,1364,1,8,1,1,3,519191,156207,45,3,1,2,512,1,25,3,70,0,4,6,0,0,0,1,1,1,0,0,2,1,1,1,2,33,6,3,0,0,0,0,0,9,1,7
3,2,9,0,17,0,2,0,0,0,0,1,1,2,1,58,9,1968,2,3,1,2,2,332158,667663,95,2,2,5,929,3,6106,6,60,3,4,6,0,0,0,1,1,1,0,0,2,1,2,1,1,58,9,3,0,0,0,0,0,9,1,5
3,1,9,0,18,0,4,0,0,0,0,3,1,6,1,26,6,1598,1,8,1,1,2,323844,181947,62,2,1,3,741,3,48,1,30,1,3,6,0,0,0,4,1,1,0,0,2,1,1,1,1,33,6,3,0,0,0,0,0,9,1,5
2,1,9,0,5,0,4,0,0,0,0,1,1,6,2,78,11,1598,1,8,2,1,2,612718,302537,36,2,1,1,406,4,1172,1,40,1,4,4,1135,0,0,1,1,1,0,0,2,1,1,1,2,78,11,2,0,0,0,0,0,9,2,6
2,1,9,0,18,0,6,1,0,1,10,3,1,2,1,28,6,998,1,14,1,1,2,559110,260470,35,2,1,6,391,3,1303,6,60,6,4,5,218,0,0,6,2,2,0,0,2,1,1,1,1,28,6,2,0,0,0,0,0,9,1,7
3,2,9,0,4,0,1,0,0,0,0,3,1,6,1,48,8,1398,2,6,1,2,3,487747,105391,47,3,2,2,559,3,27,1,70,1,4,3,285,0,0,1,1,1,0,0,1,2,1,1,1,33,6,3,0,0,0,0,0,9,1,5
3,1,9,0,17,0,0,0,0,0,0,1,1,6,1,56,9,999,1,1,1,4,2,530340,268970,35,2,4,4,393,3,1096,6,40,0,4,6,0,0,0,1,1,1,0,0,2,1,3,2,2,12,3,3,0,0,2,0,0,9,1,5
3,1,9,0,18,0,2,0,0,0,0,1,1,6,1,28,6,998,1,12,1,1,2,435230,279760,20,2,1,6,302,6,0,6,30,3,4,6,0,0,0,1,1,1,0,0,1,1,1,1,1,33,6,3,0,0,0,0,0,9,1,5
3,2,9,0,18,0,1,0,0,0,0,1,1,6,2,22,5,999,1,2,1,1,2,342756,388904,5,2,1,7,91,4,5178,3,30,3,4,6,0,0,0,4,1,1,0,0,1,2,1,1,2,22,5,3,0,0,0,0,0,9,1,5
2,1,9,0,5,0,8,0,0,0,0,0,1,6,3,38,7,1598,1,8,1,1,2,588139,185479,42,2,1,5,460,6,0,1,30,1,4,6,0,0,0,1,1,1,0,0,1,2,1,1,1,33,6,3,0,0,0,0,0,9,1,5
3,1,9,0,7,0,5,0,0,0,0,1,1,6,1,87,11,1783,1,14,3,1,2,451090,186887,43,2,1,3,483,3,417,6,30,3,4,6,0,0,0,1,1,1,0,0,2,1,1,1,1,87,11,3,0,0,0,0,0,9,3,8
3,1,9,0,18,0,8,0,0,0,0,1,1,6,1,28,6,1598,1,8,1,2,2,546950,165270,1,2,2,5,19,3,224,6,30,3,4,6,0,0,0,1,1,1,0,0,1,1,1,1,1,28,6,3,0,0,0,0,0,9,1,5
2,1,9,0,17,0,0,5,0,1,4,1,1,5,2,20,4,1598,1,14,1,2,1,566248,192119,42,1,2,5,450,6,0,6,60,0,4,6,0,0,0,6,1,2,7,0,2,2,1,1,2,20,4,2,0,0,0,0,0,9,1,2
3,2,9,0,4,0,1,0,0,0,0,2,1,6,2,26,6,1598,1,8,1,1,3,515097,199186,41,3,1,3,33,4,462,6,30,2,4,6,107,0,0,4,1,1,0,0,2,2,1,1,2,26,6,3,0,0,0,0,0,9,1,5
2,2,9,0,18,0,1,0,0,4,0,1,1,6,2,51,8,1995,2,4,1,3,2,224866,80261,50,2,3,1,596,3,30,3,70,9,4,4,3257,0,0,4,1,1,0,0,2,1,2,2,2,17,4,3,0,0,1,0,0,9,1,5
3,1,9,0,14,0,0,0,0,0,0,1,1,6,2,20,4,1390,1,5,1,1,1,338101,402696,5,1,1,3,93,6,0,6,20,0,4,6,0,0,0,1,2,2,0,0,1,2,1,3,1,70,10,3,5,4,0,0,0,0,1,2
3,1,1,0,18,0,1,0,0,0,0,2,1,6,1,14,3,1598,1,8,1,1,2,534610,190870,1,2,1,4,31,6,0,6,30,6,4,6,0,0,0,1,1,1,0,0,1,2,1,1,1,14,3,3,0,0,0,0,0,1,1,1
3,1,19,0,18,0,0,0,4,0,0,1,1,1,1,32,6,1598,2,1,1,2,3,351838,391779,5,3,2,2,92,4,5419,6,30,0,4,6,0,0,0,1,2,2,0,0,1,1,2,2,1,57,9,3,0,0,0,0,0,19,1,2
3,1,9,0,9,0,0,1,0,0,7,1,1,6,1,18,4,1586,1,8,1,2,1,254050,664599,97,1,2,7,926,1,8,3,70,0,4,6,0,0,0,4,5,2,0,0,1,1,1,2,1,18,4,3,0,0,1,0,0,9,1,5
3,1,9,0,9,0,6,0,0,0,0,1,1,6,2,31,6,1596,1,10,1,1,1,293933,93453,50,1,1,3,581,4,3212,6,30,3,4,4,3212,0,0,5,1,1,0,0,1,2,1,3,1,15,3,3,5,3,0,0,0,0,1,3
3,2,9,0,18,0,0,0,0,0,0,3,1,6,2,45,7,1686,2,10,3,2,2,359309,182299,52,2,2,2,612,1,5,3,70,0,4,6,0,0,0,1,1,1,0,0,2,1,1,1,2,45,7,3,0,0,0,0,0,9,3,9
3,2,9,0,3,0,0,0,0,0,0,2,1,1,1,22,5,1399,2,7,1,5,2,408340,278580,20,2,5,5,300,6,0,6,30,0,4,6,0,0,0,1,3,3,0,0,1,1,3,2,1,27,6,3,0,0,2,0,0,9,1,1
3,2,9,0,18,0,0,0,0,4,6,2,1,6,2,52,8,1598,1,8,3,2,2,593666,263681,37,2,2,4,413,3,14,3,70,0,4,6,0,0,0,6,1,1,0,0,2,1,2,1,2,52,8,3,0,0,0,0,0,9,3,8
3,2,1,0,7,0,8,0,0,0,0,1,1,6,2,65,9,1598,1,8,1,1,2,474779,423807,16,2,1,6,231,6,0,6,30,3,4,6,0,0,0,1,1,1,3,0,1,1,1,1,2,65,9,3,0,0,0,0,0,1,1,1
3,1,9,0,16,0,1,0,0,7,3,1,1,6,1,18,4,1299,1,18,1,1,1,559180,144530,46,1,1,3,542,6,4212,6,60,8,4,6,0,0,0,6,1,1,0,0,2,1,1,1,1,18,4,3,0,0,0,0,0,9,1,4
3,2,9,0,5,0,0,0,0,0,0,2,1,3,2,60,9,1598,1,8,1,1,2,313390,175437,62,2,1,6,741,6,0,6,30,0,4,6,0,0,0,1,1,2,0,0,1,1,2,1,2,60,9,3,0,0,0,0,0,9,1,5
3,1,11,0,18,0,4,0,0,0,0,0,1,1,1,43,7,12816,5,2,1,1,1,429022,514876,11,1,1,3,161,3,167,1,30,2,4,3,68,0,0,1,1,1,0,0,1,2,1,2,2,70,10,3,0,0,0,4,0,11,1,5
3,3,20,0,18,0,0,0,0,0,0,1,1,6,1,38,7,1598,1,8,1,4,4,556410,192880,1,4,4,3,15,1,25,3,70,0,4,6,0,0,0,4,1,2,0,0,2,1,1,1,1,33,6,3,0,0,0,0,0,9,1,5
3,1,9,0,18,0,1,0,0,0,0,1,1,6,1,38,7,1396,1,3,1,1,1,527950,164490,1,1,1,4,21,3,232,6,30,3,4,4,277,0,0,1,1,1,0,0,1,2,1,3,2,48,8,3,5,1,0,0,2,0,1,5
3,1,19,0,18,0,0,0,0,0,0,1,1,1,1,27,6,2998,2,1,1,2,2,561140,246980,35,2,2,5,395,3,1307,6,60,0,4,6,0,0,0,1,1,1,0,0,2,1,1,1,1,33,6,3,0,0,0,0,0,9,1,5
3,2,9,0,3,0,8,0,0,0,0,3,1,6,1,19,4,998,1,7,1,1,2,253507,659323,97,2,1,1,926,6,0,3,30,9,2,3,726,0,5,4,1,2,0,0,2,1,1,1,1,19,4,3,0,0,0,0,0,9,1,5
3,2,11,0,18,0,1,0,0,0,0,1,1,1,1,50,8,4250,2,5,1,4,2,386230,439820,4,2,4,7,77,3,682,6,30,3,4,4,6247,0,0,1,1,1,0,0,1,1,4,2,1,15,3,3,0,0,0,4,0,11,1,5
2,2,1,0,18,0,1,0,0,0,0,2,1,6,1,66,10,1598,1,8,2,1,3,374070,361334,7,3,1,1,129,3,533,6,30,3,4,6,994,0,0,1,1,1,0,0,1,1,1,1,1,66,10,2,0,0,0,0,0,1,1,4
3,3,9,0,18,0,0,0,0,0,0,3,1,5,2,68,10,1360,1,6,1,3,3,587039,202441,42,3,3,4,458,6,0,6,30,0,4,6,0,0,0,1,1,1,0,0,2,2,1,2,2,77,11,3,0,0,1,0,0,9,1,5
3,2,5,0,18,0,2,1,0,0,0,1,1,6,1,44,7,647,1,27,1,1,2,434597,392420,14,2,1,7,215,6,0,6,30,8,4,6,0,0,0,1,1,1,0,0,1,1,1,1,1,44,7,3,0,0,0,0,0,5,1,7
3,1,9,0,13,0,0,5,0,7,0,3,1,6,1,21,5,1686,2,13,1,2,1,424367,587511,10,1,2,6,139,3,197,6,60,0,4,6,0,0,0,1,1,1,0,0,2,1,2,2,1,17,4,3,0,0,1,0,0,9,1,5
1,1,4,0,16,0,0,0,0,8,0,3,1,6,1,22,5,471,1,2,1,1,1,368860,415890,4,1,1,6,70,6,0,6,60,0,4,6,0,0,0,6,1,1,0,0,2,1,1,1,1,22,5,1,0,0,0,0,0,4,1,8
3,2,9,0,18,0,0,1,0,0,0,1,1,6,1,54,8,2492,1,15,1,2,2,567720,150230,46,2,2,3,536,4,2015,6,40,0,4,6,0,0,0,6,1,2,0,0,2,1,1,1,1,54,8,3,0,0,0,0,0,9,1,4
2,2,11,0,17,0,0,1,0,0,0,1,1,1,1,35,6,5132,2,8,1,7,2,545117,102253,47,2,7,4,554,4,2109,6,30,0,4,6,0,0,0,1,1,1,0,0,1,1,3,2,2,13,3,3,0,0,0,4,0,11,1,4
3,1,9,0,4,0,1,0,0,0,0,1,1,6,1,24,5,1229,1,10,1,1,2,452660,205169,43,2,1,6,482,6,320,6,20,3,4,3,4158,0,0,4,1,1,0,0,1,1,1,1,1,33,6,3,0,0,0,0,0,9,1,5
3,2,1,0,18,0,8,0,0,0,0,1,1,1,1,45,7,1598,1,8,1,1,2,470065,173038,43,2,1,5,472,6,7201,1,30,2,4,6,7201,0,0,1,1,1,0,0,1,1,1,1,1,45,7,3,0,0,0,0,0,1,1,5
3,1,3,0,15,0,1,0,0,0,0,1,1,2,1,18,4,124,1,6,1,1,2,352240,240960,22,2,1,2,285,3,465,6,30,3,4,6,0,0,0,1,1,1,0,0,1,1,1,1,1,18,4,3,0,0,0,0,0,3,1,8
3,2,9,0,5,0,2,0,0,0,0,2,1,6,1,31,6,1994,2,11,1,1,3,436530,336610,30,3,1,1,323,5,351,6,30,3,4,6,0,0,5,1,1,1,0,0,1,1,1,2,2,18,4,3,0,0,2,0,0,9,1,5
3,1,9,0,18,0,8,0,0,0,0,1,1,6,2,45,7,1598,1,8,1,1,2,534360,189560,1,2,1,6,31,3,1055,6,30,6,4,3,503,0,0,1,1,1,0,0,1,2,1,1,2,45,7,3,0,0,0,0,0,9,1,5
3,1,9,0,12,0,0,2,0,5,6,1,1,6,2,39,7,1388,1,9,2,1,2,497809,240536,40,2,1,7,424,3,421,3,70,0,4,6,0,0,0,1,1,1,0,0,2,1,1,1,2,39,7,3,0,0,0,0,0,9,2,6
3,4,9,0,2,0,1,0,0,0,0,1,1,6,3,38,7,1956,2,1,1,1,4,381500,400910,6,4,1,2,107,5,0,6,30,3,4,6,0,0,0,4,1,1,0,0,1,1,1,1,1,33,6,3,0,0,0,0,0,9,1,5
3,3,9,0,2,0,0,0,0,0,0,2,1,6,3,38,7,1896,2,6,1,2,3,372492,165420,52,3,2,3,611,6,0,6,30,0,4,6,0,0,0,4,1,1,0,0,1,1,1,1,1,33,6,3,0,0,0,0,0,9,1,5
3,2,9,0,18,0,8,0,0,0,0,1,1,2,2,36,7,1598,1,8,1,2,2,371520,411020,6,2,2,4,100,3,666,6,30,3,4,6,0,0,0,1,2,2,0,0,1,1,2,1,2,36,7,3,0,0,0,0,0,9,1,5
3,2,11,0,5,0,8,0,0,0,0,1,1,1,1,64,9,6696,2,2,1,4,2,652567,307710,36,2,4,7,402,4,1141,2,30,6,2,6,0,0,5,1,1,1,0,0,1,1,2,2,2,14,3,3,0,0,0,3,0,11,1,5
3,2,21,0,18,0,0,0,0,7,4,3,1,1,1,34,6,1598,1,8,1,1,2,397882,651065,10,2,1,4,139,3,1,6,60,0,4,6,0,0,0,6,8,4,0,0,2,1,1,1,1,33,6,3,0,0,0,0,0,9,1,5
3,2,9,0,11,0,8,0,0,0,0,1,1,6,2,37,7,2143,2,8,1,1,2,516370,174420,1,2,1,6,24,3,316,6,30,3,4,6,0,0,0,1,1,1,0,0,1,1,1,1,1,33,6,3,0,0,0,0,0,9,1,5
2,1,9,0,1,0,1,0,0,0,0,2,1,6,1,42,7,1598,1,8,1,1,1,406120,488417,12,1,1,1,184,3,684,6,30,8,4,6,0,0,0,1,2,2,0,0,2,1,1,3,1,79,11,2,5,3,0,0,0,0,3,6
3,1,9,0,7,0,6,0,0,0,0,3,1,6,2,38,7,1995,2,1,1,4,2,506495,172791,45,2,4,4,40,3,30,3,40,3,4,5,239,0,0,1,1,1,0,0,1,1,4,1,2,38,7,3,0,0,0,0,0,9,1,3
3,2,9,0,9,0,5,0,0,0,0,1,1,6,2,38,7,1560,2,1,1,1,2,525600,187300,1,2,1,5,30,3,502,6,30,3,4,6,0,0,0,1,1,1,0,0,1,2,1,1,1,33,6,3,0,0,0,0,0,9,1,5
3,1,9,0,18,0,8,0,0,0,0,1,1,6,2,30,6,1596,1,14,1,1,2,544490,257920,35,2,1,4,390,3,1134,6,30,6,2,6,0,0,5,1,1,1,0,0,1,2,1,1,1,33,6,3,0,0,0,0,0,9,1,5
3,2,9,0,18,0,1,0,0,0,0,2,1,1,2,24,5,1461,2,1,1,2,2,366417,393207,7,2,2,4,128,1,62,3,70,5,4,1,62,0,0,4,1,1,0,0,2,1,2,2,2,24,5,3,0,0,1,0,0,9,1,6
3,2,9,0,18,0,0,0,0,0,0,1,1,6,1,38,7,1587,1,13,1,2,2,527149,409800,16,2,2,1,233,3,16,6,30,0,4,6,0,0,0,1,1,1,0,0,1,2,1,1,1,33,6,3,0,0,0,0,0,9,1,5
3,2,9,0,16,0,0,0,0,0,0,1,1,6,3,38,7,1598,1,8,1,1,2,460296,89760,44,2,1,6,505,3,3055,6,50,0,4,6,0,0,0,1,1,1,0,0,2,1,1,1,1,33,6,3,0,0,0,0,0,9,1,5
2,1,19,0,17,0,0,0,0,7,4,1,1,6,1,40,7,1870,2,14,3,1,2,577697,221613,42,2,1,4,451,4,1018,6,40,0,4,6,0,0,0,7,1,1,0,0,2,1,1,1,1,40,7,2,0,0,0,0,0,19,3,8
3,1,9,0,6,0,0,0,0,0,0,3,1,6,1,24,5,1596,1,14,1,2,2,430775,309929,33,2,2,7,366,3,444,6,50,0,4,6,0,0,0,1,1,1,0,0,2,1,1,1,1,24,5,3,0,0,0,0,0,9,1,2
3,4,9,0,18,0,0,0,0,0,0,0,1,1,1,33,6,2967,2,1,1,1,4,528423,144716,45,4,1,3,513,3,23,6,40,0,4,6,0,0,0,4,1,1,0,0,1,1,1,1,1,33,6,3,0,0,0,0,0,9,1,5
3,2,9,0,5,0,6,0,0,0,0,2,1,6,1,74,10,1197,1,2,1,1,2,381280,271590,22,2,1,3,278,3,451,3,30,9,4,6,0,0,0,1,1,1,0,0,1,2,1,1,1,74,10,3,0,0,0,0,0,9,1,5
3,2,9,0,18,0,1,0,0,0,0,1,1,6,1,81,11,1399,2,6,1,1,2,434153,115494,44,2,1,2,496,3,36,6,40,3,4,6,0,0,0,1,1,1,0,0,2,1,1,1,1,81,11,3,0,0,0,0,0,9,1,8
3,2,1,0,18,2,0,0,0,0,0,0,1,1,1,38,7,1598,1,8,1,1,2,407640,287234,20,2,1,3,300,3,47,3,30,0,4,6,0,0,0,1,1,1,0,0,1,2,1,1,1,33,6,3,0,0,0,0,0,1,1,6
3,3,9,0,10,0,8,0,0,0,0,1,1,6,1,60,9,1749,1,11,1,1,3,458894,100812,44,3,1,2,493,6,0,6,40,3,4,6,0,0,0,4,2,2,0,0,1,1,1,1,1,33,6,3,0,0,0,0,0,9,1,5
3,2,9,0,18,0,0,0,0,0,0,1,1,6,2,50,8,1598,1,8,1,2,2,479712,262617,34,2,2,4,384,6,8026,6,30,0,4,6,0,0,0,1,1,1,0,0,1,1,2,1,2,50,8,3,0,0,0,0,0,9,1,1
3,2,9,0,16,0,0,0,0,0,0,1,1,6,2,61,9,1388,1,7,1,3,2,287584,69376,50,2,3,7,585,3,380,3,30,0,4,6,0,0,0,6,1,1,4,0,2,1,2,1,2,61,9,3,0,0,0,0,0,9,1,7
3,3,9,0,8,9,0,0,0,0,0,3,1,6,1,52,8,1598,1,8,2,1,4,350170,470920,4,4,1,2,76,3,6,6,50,0,4,6,0,0,0,1,1,1,0,0,2,1,1,1,1,33,6,3,0,0,0,0,0,9,1,5
3,1,19,0,18,0,0,0,0,0,0,3,1,6,1,23,5,2198,2,8,1,1,2,387226,170748,54,2,1,6,635,6,0,6,30,0,4,6,0,0,0,1,1,1,0,0,1,2,1,1,1,33,6,3,0,0,0,0,0,9,1,5
3,1,9,0,3,0,1,0,0,0,0,2,1,6,1,27,6,1790,8,3,1,5,4,526490,169890,1,4,5,1,22,3,24,6,30,1,4,6,0,0,0,1,1,1,0,0,1,1,2,2,2,22,5,3,0,0,2,0,0,9,1,2
3,2,9,0,3,0,1,0,0,0,0,2,1,6,2,45,7,1598,1,10,1,3,2,591114,186434,42,2,3,7,460,3,1159,3,50,1,4,3,13,0,0,1,5,2,0,0,2,2,3,2,2,15,3,3,0,0,1,0,0,9,1,1
2,1,9,0,18,0,0,0,0,3,4,1,1,6,1,77,11,1498,1,3,1,1,1,542729,208261,42,1,1,4,457,6,0,6,30,0,4,6,0,0,0,1,1,1,0,0,1,1,1,1,1,77,11,2,0,0,0,0,0,9,1,9
3,2,9,0,18,0,0,0,0,0,0,0,1,6,1,34,6,2143,2,2,1,1,2,524853,210263,41,2,1,7,438,6,37,6,60,0,4,6,0,0,0,1,1,1,0,0,2,1,1,1,1,33,6,3,0,0,0,0,0,9,1,5
3,2,9,0,4,0,2,0,0,0,0,2,1,6,2,68,10,1598,1,8,1,2,2,318404,176977,62,2,2,7,741,6,0,6,30,3,4,6,0,0,4,4,1,1,0,0,1,1,2,1,2,68,10,3,0,0,0,0,0,9,1,5
3,3,9,0,2,0,8,0,0,0,0,2,1,6,2,72,10,998,1,13,1,3,3,410903,551602,11,3,3,1,169,4,6308,6,30,3,4,6,0,0,0,1,1,1,0,0,1,1,1,1,1,33,6,3,0,0,0,0,0,9,1,5
3,2,9,0,18,0,1,0,0,0,0,4,1,6,2,40,7,1398,1,2,1,3,2,360533,168286,52,2,3,6,601,6,0,6,30,3,4,6,0,0,0,1,1,1,0,0,1,1,3,2,2,22,5,3,0,0,1,0,0,9,2,9
3,1,9,0,5,0,6,0,0,0,0,3,1,6,1,64,9,1590,1,13,1,1,2,425652,435732,13,2,1,2,204,4,6157,6,30,3,4,6,0,0,0,1,1,1,0,0,2,1,1,1,1,33,6,3,0,0,0,0,0,9,1,5
3,2,9,0,5,0,1,0,0,0,0,1,1,6,2,39,7,2148,2,10,1,1,2,521870,190240,1,2,1,7,30,6,0,6,30,3,4,6,0,0,0,7,9,1,0,0,1,1,1,1,1,33,6,3,0,0,0,0,0,9,1,5
3,2,9,0,4,0,1,0,0,0,0,1,1,6,2,32,6,1240,1,7,1,2,2,545080,187280,1,2,2,1,14,5,0,6,30,3,4,6,0,0,0,1,1,1,0,0,1,1,2,1,2,32,6,3,0,0,0,0,0,9,1,4
3,1,9,0,17,0,3,0,0,1,0,1,1,6,2,73,10,1198,1,1,1,1,1,485410,147704,45,1,1,3,517,3,325,1,30,1,4,4,3208,0,8,1,1,1,0,0,1,1,1,1,2,73,10,3,0,0,0,0,0,9,1,9
3,1,9,0,18,0,2,0,0,0,0,4,1,6,2,44,7,1598,1,13,1,1,1,531460,189480,1,1,1,4,31,6,0,6,20,3,4,6,0,0,0,1,1,1,0,6,1,1,1,3,2,14,3,3,5,1,0,0,2,0,1,1
3,2,9,0,5,0,6,0,0,0,0,1,1,2,2,20,4,1240,1,5,1,1,3,331700,444100,4,3,1,4,85,3,587,6,30,3,4,6,0,0,0,1,2,2,0,0,1,1,1,1,1,33,6,3,0,0,0,0,0,9,1,5
3,2,1,0,15,0,8,0,0,0,0,1,1,4,1,15,3,1598,1,8,1,1,2,463943,305300,33,2,1,5,364,6,2279,6,30,3,4,6,1112,0,0,1,1,1,0,0,1,1,1,1,1,15,3,3,0,0,0,0,0,1,1,2
2,1,21,1,5,0,2,0,0,0,0,1,1,1,1,54,8,10518,2,2,2,1,1,337868,729832,93,1,1,6,918,5,235,6,30,3,4,6,0,0,0,1,1,1,0,0,1,1,1,3,1,54,8,2,9,5,0,0,0,0,3,5
3,1,1,0,18,0,1,0,0,0,0,3,1,6,1,38,7,1598,1,8,1,1,1,532200,182300,1,1,1,4,3,5,0,6,30,6,2,3,5201,0,5,4,1,1,0,0,1,2,1,1,1,38,7,3,0,0,0,0,0,1,1,5
3,3,9,0,4,0,0,0,0,0,0,2,1,1,2,50,8,1598,1,8,3,2,4,277711,188989,62,4,2,4,743,1,4,3,70,0,4,6,0,0,0,1,1,1,0,0,1,1,1,1,1,33,6,3,0,0,0,0,0,9,1,5
3,2,9,0,18,0,0,0,0,5,6,0,1,6,2,51,8,1598,1,8,1,2,2,432129,428989,13,2,2,2,204,1,1,3,70,0,4,6,0,0,0,4,1,2,0,0,2,1,1,1,2,51,8,3,0,0,0,0,0,9,1,9
3,1,9,0,5,0,4,0,0,0,0,3,1,2,2,19,4,1422,2,12,1,1,2,419239,168951,54,2,1,5,635,3,345,1,30,2,4,4,3052,0,8,1,1,1,0,0,2,2,1,1,1,33,6,3,0,0,0,0,0,9,1,5
2,2,9,0,18,0,0,0,0,0,0,1,1,6,1,16,4,1598,1,8,1,2,2,406810,291080,20,2,2,2,300,3,34,3,40,0,4,6,0,0,0,4,1,1,0,0,1,1,2,1,1,16,4,2,0,0,0,0,0,9,1,1
3,1,9,0,17,0,0,5,0,1,1,4,1,6,1,25,5,1598,1,8,1,1,1,442480,365730,30,1,1,5,327,3,6175,6,30,0,4,6,0,0,0,4,2,2,0,0,1,2,1,1,1,25,5,3,0,0,0,0,0,9,1,8
3,1,11,0,5,0,0,0,0,0,0,1,1,1,1,51,8,4461,2,2,1,1,2,521630,167030,1,2,1,2,23,3,2043,6,30,0,4,6,0,0,0,1,9,1,0,0,1,1,1,1,1,33,6,3,0,0,0,0,0,9,1,5
3,1,1,0,9,0,1,0,0,0,0,4,1,6,1,37,7,1598,1,8,2,1,2,315394,200336,61,2,1,2,730,3,4049,6,30,6,2,4,4511,0,4,1,1,1,0,0,1,1,1,1,1,37,7,3,0,0,0,0,0,1,2,5
3,2,9,0,18,0,2,1,0,0,0,1,1,6,2,25,5,1995,2,12,1,2,2,450403,129128,44,2,2,7,502,3,31,6,60,3,4,6,0,0,0,6,2,2,0,0,2,1,1,1,2,25,5,3,0,0,0,0,0,9,1,6