accident_severity,vehicle_reference,vehicle_type,towing_and_articulation,vehicle_manoeuvre,vehicle_location-restricted_lane,junction_location,skidding_and_overturning,hit_object_in_carriageway,vehicle_leaving_carriageway,hit_object_off_carriageway,1st_point_of_impact,was_vehicle_left_hand_drive?,journey_purpose_of_driver,sex_of_driver,age_of_driver,age_band_of_driver,engine_capacity_(cc),propulsion_code,age_of_vehicle,driver_home_area_type,NUmber_of_Casualities_unique_to_accident_index,No_of_Vehicles_involved_unique_to_accident_index,location_easting_osgr,location_northing_osgr,police_force,number_of_vehicles,number_of_casualties,day_of_week,local_authority_(district),1st_road_class,1st_road_number,road_type,speed_limit,junction_detail,junction_control,2nd_road_class,2nd_road_number,pedestrian_crossing-human_control,pedestrian_crossing-physical_facilities,light_conditions,weather_conditions,road_surface_conditions,special_conditions_at_site,carriageway_hazards,urban_or_rural_area,did_police_officer_attend_scene_of_accident,casualty_reference,casualty_class,sex_of_casualty,age_of_casualty,age_band_of_casualty,casualty_severity,pedestrian_location,pedestrian_movement,car_passenger,bus_or_coach_passenger,pedestrian_road_maintenance_worker,casualty_type,casualty_home_area_type,casualty_imd_decile
3,1,9,0,9,0,5,0,0,0,0,1,1,6,1,81,11,1598,1,13,1,2,2,449004,304329,33,2,2,1,361,5,3104,6,40,3,4,5,4103,0,0,1,1,1,0,0,2,1,1,1,1,33,6,3,0,0,0,0,0,9,1,5
3,1,9,0,18,0,8,0,0,0,0,1,1,6,2,22,5,1242,1,12,1,2,2,521890,180100,1,2,2,5,11,3,4020,6,30,5,2,4,408,0,5,1,2,2,0,0,1,1,1,1,1,33,6,3,0,0,0,0,0,9,1,5
3,2,21,0,18,0,8,0,0,0,0,1,1,1,1,46,8,11946,2,8,1,1,2,369125,232461,53,2,1,2,622,4,4215,6,50,6,4,4,4024,0,0,1,1,2,0,0,2,1,1,1,1,33,6,3,0,0,0,0,0,9,1,5
2,2,9,0,18,0,1,0,0,0,0,4,1,6,2,27,6,1598,1,7,1,1,3,637550,151120,46,3,1,1,533,3,258,6,30,6,4,6,0,0,0,1,2,2,0,0,1,1,1,1,2,27,6,2,0,0,0,0,0,9,1,9
3,2,9,0,9,0,6,0,0,0,0,1,1,6,1,23,5,1598,1,8,1,3,2,392150,407280,6,2,3,6,104,3,671,6,30,3,4,6,0,0,0,1,1,1,0,0,1,1,3,1,1,23,5,3,0,0,0,0,0,9,1,3
3,1,19,0,4,0,1,0,0,0,0,1,1,6,1,38,7,2198,2,2,1,1,2,529870,185070,1,2,1,3,3,3,503,6,30,3,4,6,0,0,0,1,1,1,0,0,1,1,1,1,1,33,6,3,0,0,0,0,0,19,1,5
3,1,9,0,18,0,0,5,6,1,7,1,1,2,1,22,5,1587,1,7,1,1,1,421190,567799,10,1,1,4,147,3,1,3,70,0,4,6,0,0,0,4,1,2,0,0,1,1,1,1,1,22,5,3,0,0,0,0,0,9,1,2
3,2,9,0,3,0,0,0,0,0,0,2,1,6,1,27,6,1968,2,8,1,3,2,376420,401440,6,2,3,5,107,3,580,3,30,0,4,6,0,0,0,1,1,1,0,0,1,1,2,2,2,27,6,3,0,0,1,0,0,9,1,3
1,4,9,0,18,0,0,0,0,0,0,2,1,1,1,29,6,1598,1,10,1,2,5,451974,108809,44,5,2,5,492,1,27,3,70,0,4,6,0,0,0,1,1,2,0,0,2,1,2,2,2,1,1,3,0,0,2,0,0,9,1,6
3,2,1,0,18,0,0,0,4,0,0,1,1,2,1,24,5,1598,1,8,1,2,2,537110,187650,1,2,2,1,13,3,104,3,30,0,4,6,0,0,0,1,2,2,0,0,1,1,1,1,1,24,5,3,0,0,0,0,0,1,1,2
3,1,19,0,18,0,8,0,0,0,0,4,1,6,1,30,6,1995,2,4,1,1,2,514297,215025,41,2,1,6,434,6,625,6,30,6,4,6,821,0,0,1,1,1,0,0,1,1,1,1,1,33,6,3,0,0,0,0,0,9,1,5
3,1,9,0,18,0,0,0,0,0,0,4,1,6,3,38,7,1597,2,8,3,1,1,417625,443444,13,1,1,4,200,6,0,6,30,0,4,6,0,0,0,1,1,1,0,0,2,2,1,3,2,28,6,3,6,9,0,0,0,0,1,1
3,1,9,0,18,0,3,1,0,1,2,3,1,6,1,68,10,3940,1,20,1,1,1,573250,157780,46,1,1,5,542,3,20,1,40,1,4,6,0,0,0,1,1,1,0,0,2,1,1,1,1,68,10,3,0,0,0,0,0,9,1,10
3,2,9,0,18,0,0,0,0,0,0,1,1,6,1,27,6,1598,1,8,3,3,2,324895,666159,95,2,3,1,929,3,702,6,60,0,4,6,0,0,0,6,1,1,0,0,2,1,3,2,1,61,9,3,0,0,1,0,0,9,1,5
3,1,1,0,18,0,8,0,0,0,0,3,1,6,1,46,8,1598,1,8,1,1,2,380540,270270,22,2,1,3,278,6,0,6,30,2,4,6,0,0,0,4,1,2,0,0,1,2,1,1,1,46,8,3,0,0,0,0,0,1,1,2
3,3,9,0,2,0,0,0,0,0,0,0,1,6,1,38,7,1600,1,11,1,1,3,396759,299205,20,3,1,3,307,6,0,6,30,0,4,6,0,0,0,1,1,1,0,0,1,1,1,1,1,33,6,3,0,0,0,0,0,9,1,5
1,1,9,0,17,0,0,2,0,0,0,3,1,6,1,22,5,1598,1,8,1,5,2,303861,343548,60,2,5,7,723,3,5,6,60,0,4,6,0,0,0,1,1,2,0,0,2,1,4,2,1,21,5,1,0,0,2,0,0,9,1,5
3,1,9,0,18,0,2,0,0,0,0,1,1,6,2,52,8,1686,2,10,1,3,2,531240,193150,1,2,3,5,32,3,105,6,30,3,4,6,0,0,0,1,2,2,0,0,1,1,1,1,2,52,8,3,0,0,0,0,0,9,1,2
3,2,19,0,4,0,2,0,0,0,0,2,1,1,1,35,6,1870,2,10,3,1,2,505273,375959,32,2,1,4,356,3,158,6,60,9,2,6,0,0,0,1,1,1,0,0,2,1,1,1,1,33,6,3,0,0,0,0,0,9,1,5
3,1,9,0,16,0,0,1,0,7,4,1,1,6,1,18,4,1499,2,2,1,3,1,405590,379540,30,1,3,6,325,6,0,6,30,0,4,6,0,0,0,1,2,2,0,0,2,1,1,2,2,15,3,3,0,0,2,0,0,9,1,5
3,1,9,0,17,0,0,5,0,1,11,1,1,6,2,36,7,1400,1,15,1,3,1,407984,110890,55,1,3,1,647,5,104,6,60,0,4,6,0,0,0,1,1,2,0,0,2,1,3,2,1,8,2,3,0,0,2,0,0,9,1,10
3,1,8,0,5,0,0,0,0,0,0,4,1,6,1,24,5,1995,2,13,1,1,1,437110,332950,30,1,1,7,323,6,0,6,30,0,4,6,0,0,0,4,1,1,0,0,1,2,1,3,2,21,5,3,9,9,0,0,0,0,1,5
2,1,9,0,18,0,0,0,0,0,0,1,1,6,1,25,5,1997,1,14,3,1,1,496964,372096,32,1,1,4,352,4,1273,6,30,0,4,6,0,0,4,1,1,1,0,0,1,1,1,3,1,33,6,2,4,1,0,0,0,0,2,5
2,1,9,0,18,0,0,1,0,0,4,1,1,6,1,30,6,2000,1,9,1,1,1,378310,394760,6,1,1,1,112,5,0,6,30,0,4,6,0,0,0,4,1,1,0,0,1,1,1,1,1,30,6,2,0,0,0,0,0,9,1,5
3,2,9,0,18,0,2,0,0,0,0,3,1,6,1,60,9,1749,1,11,1,1,2,331420,432650,4,2,1,5,71,6,0,6,30,6,4,6,0,0,0,4,1,1,0,0,1,1,1,1,1,60,9,3,0,0,0,0,0,9,1,5
3,1,9,0,18,0,1,0,0,0,0,4,1,3,2,46,8,1584,1,10,1,1,2,533830,183090,1,2,1,2,5,3,1208,6,30,3,4,6,0,0,1,1,1,1,0,0,1,1,1,2,1,8,2,3,0,0,2,0,0,9,1,3
3,1,9,0,1,0,1,0,0,0,0,2,1,6,3,38,7,1598,2,8,1,1,1,423002,564525,10,1,1,5,147,5,116,6,30,3,4,6,1111,0,0,1,1,1,0,0,1,1,1,3,1,27,6,3,10,9,0,0,0,0,1,1
3,2,9,0,18,0,8,0,0,5,6,4,1,2,2,49,8,1781,1,14,1,1,2,409030,270540,22,2,1,2,270,3,435,3,70,5,4,4,4101,0,0,4,1,1,0,0,2,1,1,1,2,49,8,3,0,0,0,0,0,9,1,7
2,2,5,0,3,0,2,0,0,0,0,2,1,1,1,56,9,599,1,13,1,1,2,530930,182080,1,2,1,3,2,6,0,6,30,3,4,3,5200,0,1,1,1,1,0,6,1,1,1,1,1,56,9,2,0,0,0,0,0,5,1,7
3,3,9,0,3,0,0,0,0,0,0,2,1,6,1,39,7,1956,2,6,1,3,3,330840,431750,4,3,3,7,74,3,5230,3,30,0,4,6,0,0,0,1,1,1,0,0,1,1,1,1,1,33,6,3,0,0,0,0,0,9,1,5
3,1,9,0,2,0,0,0,0,0,0,1,1,6,2,46,8,1968,2,8,1,1,2,469174,110158,44,2,1,7,495,6,0,6,30,0,4,6,0,0,0,1,1,1,0,0,1,2,1,1,2,46,8,3,0,0,0,0,0,9,1,6
2,1,9,0,9,0,5,0,0,0,0,3,1,6,1,20,4,1364,1,8,1,2,2,435359,396447,14,2,2,1,215,6,0,6,30,3,4,6,0,0,0,4,1,1,0,0,1,1,1,1,1,33,6,3,0,0,0,0,0,9,1,5
3,2,1,0,17,0,8,0,0,0,0,0,1,6,1,37,7,1598,1,8,1,1,2,512200,180500,1,2,1,5,27,3,4020,6,30,8,4,6,0,0,0,1,1,1,0,0,1,1,1,1,1,37,7,3,0,0,0,0,0,1,1,7
3,2,9,0,4,0,2,0,0,0,0,1,1,6,2,26,6,1242,1,2,1,1,2,547270,164780,1,2,1,5,19,3,224,6,30,3,4,6,0,0,0,1,1,2,0,0,1,1,1,1,2,26,6,3,0,0,0,0,0,9,1,7
3,2,4,0,18,0,8,0,0,0,0,1,1,6,1,17,4,125,1,6,1,1,2,384260,396690,6,2,1,6,102,5,0,3,30,8,4,6,0,0,0,1,1,1,0,0,1,1,1,1,1,17,4,3,0,0,0,0,0,4,1,1
3,1,9,0,18,0,0,0,0,0,0,1,1,6,3,38,7,1598,1,8,1,1,2,566956,340091,36,2,1,4,407,6,0,6,30,0,4,6,0,0,0,1,1,1,0,0,2,2,1,1,1,33,6,3,0,0,0,0,0,9,1,5
3,1,9,0,9,0,8,0,0,0,0,4,1,6,2,27,6,2993,2,3,1,1,1,341690,461720,4,1,1,5,76,3,589,6,30,3,4,6,0,0,0,1,1,1,0,0,1,1,1,3,2,88,11,3,5,3,0,0,0,0,1,2
2,1,9,0,9,0,8,0,0,0,0,4,1,6,1,20,4,998,1,2,1,1,1,478947,262240,34,1,1,3,384,3,4500,6,30,6,2,5,156,0,0,4,1,1,0,0,1,1,1,3,1,50,8,2,5,1,0,0,0,0,1,5
2,2,9,0,18,0,1,0,0,7,4,1,1,6,2,30,6,2720,2,8,3,4,2,346780,420770,4,2,4,3,73,4,5247,6,30,3,4,4,5248,0,0,6,1,1,0,0,2,1,3,2,1,5,1,3,0,0,1,0,0,9,2,8
1,1,9,0,16,0,0,1,0,0,0,1,1,6,1,31,6,2000,1,8,1,3,3,484972,194727,43,3,3,2,480,6,2085,6,30,0,4,6,0,0,0,4,1,1,0,0,1,1,3,2,1,54,8,2,0,0,2,0,0,9,1,5
3,2,9,0,18,0,1,0,0,0,0,1,1,6,1,64,9,1997,1,3,1,1,2,514950,183740,1,2,1,6,27,3,4127,6,30,6,4,6,0,0,1,4,1,1,0,0,1,1,1,1,1,33,6,3,0,0,0,0,0,9,1,5
3,1,3,0,15,0,8,0,0,0,0,1,1,6,1,29,6,125,1,7,1,1,2,429829,515414,11,2,1,5,161,6,0,6,30,3,4,6,0,0,0,1,1,1,0,0,1,1,1,1,1,29,6,3,0,0,0,0,0,3,1,3
3,2,9,0,18,0,6,0,0,0,0,1,1,6,3,38,7,1398,1,4,1,2,2,515005,430949,16,2,2,3,228,6,0,6,30,6,4,6,0,0,0,1,1,1,0,0,1,2,1,1,1,33,6,3,0,0,0,0,0,9,1,5
3,1,9,0,13,0,2,0,7,0,0,1,1,2,2,55,8,1598,1,8,1,1,1,289638,179790,62,1,1,2,740,3,473,6,30,3,4,6,0,0,0,1,1,1,0,0,1,1,1,1,2,55,8,3,0,0,0,0,0,9,1,5
2,1,9,0,5,0,6,0,0,0,0,3,1,6,1,74,10,1598,1,8,2,3,2,637734,309888,36,2,3,1,401,3,47,3,70,3,4,4,1140,0,0,4,1,4,0,0,2,1,1,1,1,74,10,2,0,0,0,0,0,9,2,9
3,2,9,0,7,0,6,0,0,0,0,1,1,6,1,78,11,1360,1,9,1,1,2,407789,98142,55,2,1,3,647,4,3073,6,40,3,4,6,0,0,0,1,1,1,0,0,1,1,1,1,1,33,6,3,0,0,0,0,0,9,1,5
3,1,1,0,9,0,2,0,0,0,0,1,1,1,1,33,6,1598,1,8,1,1,2,532630,181640,48,2,1,4,570,6,0,6,20,3,4,6,0,0,0,1,1,1,0,0,1,1,1,1,1,33,6,3,0,0,0,0,0,1,1,6
3,1,9,0,18,0,4,0,0,0,0,1,1,2,1,35,6,1242,1,8,1,1,2,548960,162920,46,2,1,4,538,3,224,1,60,1,4,3,21,0,0,1,1,1,0,0,2,1,1,1,1,33,6,3,0,0,0,0,0,9,1,5
3,2,4,0,9,0,6,1,0,0,0,0,1,1,2,54,8,998,1,9,1,1,2,575821,168591,46,2,1,7,544,3,231,3,40,7,4,6,0,0,0,1,1,1,0,0,1,1,1,1,2,54,8,3,0,0,0,0,0,4,1,5
3,1,19,0,12,0,0,1,0,0,0,3,1,6,1,36,7,2198,2,8,1,1,2,431450,432413,13,2,1,5,204,3,61,3,40,0,4,6,0,0,0,1,1,1,0,0,1,1,1,2,1,11,3,3,0,0,1,0,0,19,1,5
3,2,9,0,3,0,0,0,0,0,0,1,1,6,1,42,7,1598,1,1,1,4,3,405465,423018,13,3,4,1,202,3,58,6,30,0,4,6,0,0,0,1,1,1,0,0,1,1,2,2,2,36,7,3,0,0,1,0,0,9,1,4
3,2,9,0,3,0,1,0,0,0,0,4,1,6,2,38,7,1997,2,8,1,3,2,598919,224951,42,2,3,3,455,3,1124,6,30,8,4,6,0,0,0,1,1,1,0,0,1,1,2,2,1,12,3,3,0,0,2,0,0,9,1,4
3,4,9,0,2,0,0,0,4,0,0,2,1,6,3,38,7,1598,1,8,1,1,4,523590,196390,1,4,1,3,30,3,411,6,30,0,4,6,0,0,0,1,9,2,0,0,1,1,1,1,1,33,6,3,0,0,0,0,0,9,1,5
3,2,9,0,9,0,8,0,0,0,0,1,1,6,2,35,6,1598,1,10,1,2,2,364347,173932,52,2,2,4,601,3,420,6,20,3,4,3,4017,0,0,1,1,1,0,0,1,2,2,1,2,35,6,3,0,0,0,0,0,9,1,3
3,2,1,0,18,0,0,0,0,0,0,2,1,6,1,31,6,1598,1,8,1,1,2,488286,242760,43,2,1,4,479,3,422,3,70,0,4,6,0,0,0,1,1,1,0,0,2,3,1,1,1,31,6,3,0,0,0,0,0,1,1,8
3,3,21,0,18,0,0,0,0,0,0,3,1,1,1,38,7,11946,2,2,1,1,3,445898,123706,44,3,1,2,502,1,3,3,70,0,4,6,0,0,0,6,1,1,0,0,2,1,1,1,1,33,6,3,0,0,0,0,0,9,1,5
3,4,9,0,18,0,0,0,0,0,0,1,1,6,3,38,7,1598,1,8,1,2,4,518870,301910,35,4,2,4,394,5,56,6,30,0,4,6,0,0,0,1,1,2,0,0,2,1,1,1,1,33,6,3,0,0,0,0,0,9,1,5
3,3,9,0,3,0,1,0,0,0,0,0,1,2,2,29,6,1587,1,8,1,2,3,628145,325529,36,3,2,4,405,4,1150,6,50,3,4,5,273,0,0,1,1,1,0,0,2,1,1,1,1,33,6,3,0,0,0,0,0,9,1,5
3,2,1,0,18,0,1,0,0,0,0,3,1,6,1,16,4,1598,1,8,1,1,2,441090,373630,30,2,1,6,322,6,0,6,30,3,4,3,619,0,0,4,1,2,0,0,1,1,1,1,1,16,4,3,0,0,0,0,0,1,1,5
3,1,9,0,17,0,0,1,0,1,4,1,1,6,1,17,4,1598,1,8,1,2,1,380440,271860,22,1,2,7,278,6,0,6,30,0,4,6,0,0,0,4,2,2,0,0,1,1,1,2,1,22,5,3,0,0,1,0,0,9,1,5
3,1,9,0,11,0,0,1,0,0,0,1,1,1,3,38,7,1598,1,8,1,1,3,570380,159000,46,3,1,5,542,1,20,3,70,0,4,6,0,0,0,1,1,1,0,0,1,1,1,1,1,33,6,3,0,0,0,0,0,9,1,5
2,1,9,0,9,0,8,0,0,0,0,4,1,6,2,56,9,1461,2,12,1,1,2,527360,169300,1,2,1,4,22,3,236,6,30,3,4,6,0,0,0,7,9,1,0,0,1,1,1,1,1,33,6,3,0,0,0,0,0,9,1,5
3,1,9,0,9,0,5,0,0,0,0,4,1,5,1,81,11,1783,1,13,1,1,2,350879,313794,22,2,1,2,286,6,0,6,30,3,4,5,0,0,8,4,1,2,0,0,1,1,1,1,1,33,6,3,0,0,0,0,0,9,1,5
3,1,11,0,18,0,0,0,0,0,0,1,1,1,1,44,7,9200,2,7,1,1,2,362250,498880,3,2,1,6,65,1,6,3,70,0,4,6,0,0,0,6,1,2,0,0,2,1,1,1,1,33,6,3,0,0,0,0,0,9,1,5
3,1,9,0,18,0,8,0,0,0,0,3,1,6,2,38,7,1598,1,8,1,1,2,547720,186900,1,2,1,5,16,5,0,3,30,6,2,3,1083,0,5,4,1,1,0,0,1,2,1,2,1,1,1,3,0,0,2,0,0,9,1,2
3,1,9,0,2,0,2,0,0,0,0,2,1,6,2,26,6,1596,1,16,1,2,2,534940,177460,1,2,2,6,8,3,2,6,30,3,4,6,0,0,4,1,1,1,0,0,1,2,2,2,1,23,5,3,0,0,1,0,0,9,1,5
3,1,9,0,14,0,8,0,0,0,0,4,1,6,1,29,6,1984,1,1,1,1,3,400064,825814,92,3,1,1,911,3,975,6,30,3,4,6,0,0,0,1,1,1,0,0,2,1,1,2,2,25,5,3,0,0,1,0,0,9,1,5
3,2,9,0,2,0,8,0,0,0,0,2,1,6,1,27,6,1798,1,6,3,2,2,364704,331630,22,2,2,2,286,6,0,6,30,8,4,6,0,0,0,4,1,2,0,0,2,2,2,2,2,25,5,3,0,0,1,0,0,9,3,6
3,1,11,0,18,0,8,0,0,0,0,3,1,1,2,38,7,7300,2,6,1,1,2,340153,365144,7,2,1,3,130,3,483,1,30,1,2,3,5104,0,5,4,1,1,0,0,2,2,1,1,1,33,6,3,0,0,0,0,0,9,1,5
2,1,9,0,18,0,1,0,0,0,0,4,1,6,2,79,11,1296,1,9,2,1,1,427353,514841,11,1,1,7,161,4,6280,6,30,3,4,6,0,0,5,1,1,1,0,0,1,1,1,3,2,42,7,2,1,1,0,0,0,0,1,8
2,1,19,0,5,0,1,0,0,0,0,0,1,6,3,38,7,1998,2,11,1,1,1,525800,159902,45,1,1,3,513,4,2217,6,30,8,4,6,0,0,0,4,1,1,0,0,1,1,1,3,1,65,9,2,6,9,0,0,0,0,1,9
2,2,9,0,8,0,1,0,0,0,0,2,1,6,1,53,8,1686,2,4,3,1,2,393741,564206,10,2,1,4,139,6,8291,2,30,1,4,6,8291,0,0,4,1,1,0,0,1,1,1,1,1,33,6,3,0,0,0,0,0,9,1,5
3,1,9,0,3,0,0,0,0,0,0,2,1,6,1,40,7,1956,2,1,1,2,2,476237,319723,33,2,2,3,365,3,607,6,40,0,4,6,0,0,0,1,9,1,0,0,1,2,2,2,2,30,6,3,0,0,1,0,0,9,1,6
3,1,9,0,18,0,0,0,0,0,0,2,1,6,1,47,8,999,1,5,1,2,2,518270,182630,1,2,2,5,27,3,40,3,40,0,4,6,0,0,0,1,1,1,0,0,1,1,1,1,1,47,8,3,0,0,0,0,0,9,1,3
3,2,9,0,4,0,8,0,0,0,0,2,1,6,2,38,7,1590,1,13,1,4,2,498570,248930,40,2,4,7,420,3,422,6,60,3,4,5,206,0,0,1,1,2,0,0,2,1,2,1,2,38,7,3,0,0,0,0,0,9,1,4
3,1,9,0,18,0,0,0,0,0,0,1,1,6,1,38,7,1598,1,8,1,1,3,589073,200011,42,3,1,7,458,4,1018,6,40,0,4,6,0,0,0,1,2,2,0,0,2,2,1,1,1,33,6,3,0,0,0,0,0,9,1,5
3,1,9,0,18,0,8,0,0,0,0,1,1,6,1,48,8,1598,1,8,1,1,2,519107,196420,41,2,1,1,33,5,85,6,30,2,4,4,5378,0,4,1,1,2,0,0,1,1,1,1,1,33,6,3,0,0,0,0,0,9,1,5
3,1,1,0,18,0,0,0,0,0,0,0,1,6,1,83,11,1598,1,8,1,1,1,539866,151171,45,1,1,7,516,6,424,6,30,0,4,6,0,0,0,1,1,1,0,0,1,1,1,1,1,83,11,3,0,0,0,0,0,1,1,10
3,2,9,0,18,0,8,0,0,0,0,1,1,5,1,87,11,1596,1,13,1,4,2,582510,186553,42,2,4,4,460,3,13,6,30,6,2,6,0,0,5,1,1,1,0,0,1,1,3,2,2,72,10,3,0,0,1,0,0,9,1,6
3,1,9,0,4,0,0,0,0,0,0,1,1,6,2,29,6,1995,2,10,3,1,2,618970,309719,36,2,1,7,404,3,1074,6,30,0,4,6,0,0,0,1,1,1,0,0,1,2,1,1,1,33,6,3,0,0,0,0,0,9,1,5
3,3,9,0,3,0,0,0,0,0,0,2,1,6,1,42,7,1560,2,4,1,1,3,256748,660592,97,3,1,3,926,3,77,6,30,0,4,6,0,0,0,4,5,2,0,0,1,2,1,1,1,42,7,3,0,0,0,0,0,9,1,5
3,1,9,0,7,0,8,0,4,0,0,3,1,6,1,48,8,1995,2,14,1,2,2,530610,191290,1,2,2,1,31,4,151,6,30,3,4,6,0,0,0,1,1,1,0,0,1,1,2,2,2,43,7,3,0,0,1,0,0,9,1,3
3,1,9,0,18,0,0,2,0,8,11,1,1,2,1,21,5,1149,1,10,3,3,1,371391,810324,92,1,3,3,911,3,944,6,60,0,4,6,0,0,0,1,2,2,0,0,2,1,1,2,1,18,4,3,0,0,2,0,0,9,3,5
3,2,9,0,8,0,1,0,0,0,0,2,1,6,1,68,10,1364,1,8,2,2,2,345750,410800,4,2,2,2,84,6,0,6,30,3,4,6,0,0,0,1,1,1,0,0,2,1,1,1,1,68,10,3,0,0,0,0,0,9,2,9
3,2,9,0,18,0,1,0,0,0,0,1,1,6,1,19,4,1198,1,13,1,2,2,612953,222795,42,2,2,7,461,3,133,6,40,3,4,6,0,0,0,1,1,1,0,0,2,1,1,1,1,19,4,3,0,0,0,0,0,9,1,5
2,1,5,0,18,0,8,0,0,0,0,1,1,6,1,51,8,649,1,3,1,1,2,344471,389950,5,2,1,3,90,3,5080,6,30,3,2,6,0,0,0,1,1,1,0,0,1,1,1,1,1,51,8,2,0,0,0,0,0,5,1,7
3,1,9,0,18,0,0,0,0,0,0,1,1,6,2,23,5,1598,1,8,3,1,1,310150,141943,52,1,1,4,609,3,39,6,50,0,4,6,0,0,0,1,1,1,0,0,2,1,1,1,2,23,5,3,0,0,0,0,0,9,3,4
3,2,9,0,9,0,8,0,0,0,0,1,1,6,2,74,10,1796,1,5,1,2,2,506845,252332,40,2,2,3,420,6,0,1,30,2,4,6,0,0,8,1,1,1,0,0,1,1,2,1,2,74,10,3,0,0,0,0,0,9,1,9
2,1,9,0,18,0,0,0,0,0,0,1,1,6,1,32,6,1997,2,11,1,1,1,445449,402666,14,1,1,4,210,6,0,6,30,0,4,6,0,0,0,1,1,1,0,0,1,1,1,3,1,11,3,2,5,2,0,0,0,0,1,3
3,1,9,0,18,0,8,0,0,0,0,3,1,6,1,38,7,1598,1,8,1,1,1,543580,186580,1,1,1,7,14,3,123,6,30,3,4,6,0,0,0,1,1,1,0,0,1,1,1,3,1,22,5,3,5,3,0,0,2,0,1,4
3,1,9,0,16,0,0,2,0,1,9,4,1,6,1,19,4,1839,1,18,1,2,1,452953,422752,12,1,2,3,187,6,336,6,60,0,4,6,0,0,0,1,1,1,0,0,2,1,1,1,1,19,4,3,0,0,0,0,0,9,1,2
3,2,11,0,11,0,1,0,0,0,0,2,1,6,1,38,7,3900,2,9,1,1,2,535190,179390,1,2,1,4,8,3,200,3,30,3,4,6,0,0,1,1,1,1,0,0,1,1,1,1,1,33,6,3,0,0,0,0,0,9,1,5
3,1,9,0,18,0,1,0,0,0,0,0,1,6,2,23,5,1686,2,2,1,2,1,380210,408400,6,1,2,6,101,6,0,6,30,6,2,3,6053,0,0,4,1,2,0,0,1,1,1,2,1,24,5,3,0,0,1,0,0,9,1,4
3,1,9,0,3,0,1,0,0,1,4,2,1,6,1,32,6,1997,1,11,1,3,3,459100,307680,33,3,3,2,364,5,1768,6,30,1,4,3,6,0,4,1,2,2,0,0,2,1,1,1,1,32,6,3,0,0,0,0,0,9,1,2
3,2,1,0,18,0,0,0,0,0,0,2,1,6,1,38,7,1598,1,8,3,1,2,335794,117036,52,2,1,4,610,6,0,6,60,0,4,6,0,0,0,1,1,1,0,0,2,1,1,1,1,38,7,3,0,0,0,0,0,1,3,4
3,1,9,0,18,0,0,0,0,1,0,4,1,6,2,24,5,1598,1,8,1,1,1,515550,177280,1,1,1,4,25,3,4,3,40,0,4,6,0,0,0,1,1,1,0,0,1,1,1,1,2,24,5,3,0,0,0,0,0,9,1,3
3,1,9,0,18,0,8,0,0,0,0,1,1,6,1,76,11,1199,1,13,1,1,2,464300,105587,44,2,1,2,498,3,27,6,40,6,2,3,3,0,4,1,1,1,0,0,1,1,1,1,1,33,6,3,0,0,0,0,0,9,1,5
3,1,9,0,18,0,0,0,0,0,0,3,1,2,2,36,7,1198,1,10,3,1,2,241173,641224,97,2,1,3,919,4,751,6,30,0,4,6,0,0,0,1,1,1,0,0,2,2,1,1,1,33,6,3,0,0,0,0,0,9,1,5
3,1,9,0,18,0,2,0,0,1,11,3,1,6,1,44,7,1343,1,14,3,1,2,159213,32841,50,2,1,5,596,6,0,6,30,6,4,6,0,0,0,4,1,1,0,0,2,1,1,1,1,44,7,3,0,0,0,0,0,9,3,4
3,2,9,0,4,0,5,0,0,0,0,2,1,6,2,18,4,1598,1,10,1,2,2,439960,475058,12,2,2,7,182,3,167,6,60,6,4,3,168,0,0,6,1,2,0,0,2,1,2,1,2,18,4,3,0,0,0,0,0,9,1,8
3,1,19,0,7,0,6,0,0,4,6,3,1,1,1,32,6,2198,2,4,2,2,2,430891,146120,44,2,2,3,501,3,303,3,70,5,4,6,0,0,0,4,1,1,0,0,2,1,1,1,1,32,6,3,0,0,0,0,0,19,2,8
2,1,9,0,17,0,0,0,0,0,0,1,1,6,1,25,5,1598,1,8,1,5,2,421058,289837,23,2,5,1,290,4,4114,6,50,0,4,6,0,0,0,1,2,2,0,0,2,1,1,1,1,33,6,3,0,0,0,0,0,9,1,5
3,1,9,0,18,0,2,0,0,0,0,1,1,6,1,41,7,1598,1,9,1,1,2,339890,730160,93,2,1,6,918,6,0,1,30,1,2,6,0,0,5,1,1,1,0,0,1,1,1,1,1,33,6,3,0,0,0,0,0,9,1,5
3,2,17,4,18,0,8,4,0,0,0,4,1,1,1,52,8,6788,2,8,3,2,2,283540,688927,96,2,2,2,939,4,9124,6,30,3,4,6,0,0,0,1,1,2,0,0,2,1,1,2,1,54,8,3,0,0,0,0,0,17,3,5
3,2,5,0,18,0,8,0,0,0,0,3,1,6,1,59,9,900,1,41,3,1,2,471691,168696,43,2,1,7,472,3,33,1,40,1,2,1,4,0,0,1,1,1,0,0,2,1,1,1,1,59,9,3,0,0,0,0,0,5,3,9
2,2,1,0,18,0,8,0,0,0,0,1,1,6,1,12,3,1598,1,8,1,1,2,352700,430330,4,2,1,3,79,6,0,6,30,6,4,6,0,0,0,1,1,1,0,0,1,1,1,1,1,12,3,2,0,0,0,0,0,1,1,3
3,1,9,0,5,0,6,0,0,0,0,3,1,6,2,39,7,1360,1,3,1,8,2,352076,385412,7,2,8,1,124,6,0,6,30,8,4,6,0,0,0,1,2,2,0,0,1,1,3,2,2,7,2,3,0,0,2,0,0,9,1,9