accident_severity,vehicle_reference,vehicle_type,towing_and_articulation,vehicle_manoeuvre,vehicle_location-restricted_lane,junction_location,skidding_and_overturning,hit_object_in_carriageway,vehicle_leaving_carriageway,hit_object_off_carriageway,1st_point_of_impact,was_vehicle_left_hand_drive?,journey_purpose_of_driver,sex_of_driver,age_of_driver,age_band_of_driver,engine_capacity_(cc),propulsion_code,age_of_vehicle,driver_home_area_type,NUmber_of_Casualities_unique_to_accident_index,No_of_Vehicles_involved_unique_to_accident_index,location_easting_osgr,location_northing_osgr,police_force,number_of_vehicles,number_of_casualties,day_of_week,local_authority_(district),1st_road_class,1st_road_number,road_type,speed_limit,junction_detail,junction_control,2nd_road_class,2nd_road_number,pedestrian_crossing-human_control,pedestrian_crossing-physical_facilities,light_conditions,weather_conditions,road_surface_conditions,special_conditions_at_site,carriageway_hazards,urban_or_rural_area,did_police_officer_attend_scene_of_accident,casualty_reference,casualty_class,sex_of_casualty,age_of_casualty,age_band_of_casualty,casualty_severity,pedestrian_location,pedestrian_movement,car_passenger,bus_or_coach_passenger,pedestrian_road_maintenance_worker,casualty_type,casualty_home_area_type,casualty_imd_decile
2,3,9,0,2,0,0,0,0,0,0,2,1,6,1,27,6,1499,1,6,1,3,3,501867,487315,12,3,3,7,186,3,170,6,30,0,4,6,0,0,0,4,1,1,0,0,2,1,3,3,1,27,6,2,9,6,0,0,0,0,1,1
3,2,9,0,4,0,1,0,0,0,0,2,1,6,2,39,7,1995,2,3,1,1,2,394403,323775,21,2,1,4,255,3,513,6,50,1,4,3,518,0,0,1,1,1,0,0,1,1,1,1,2,39,7,3,0,0,0,0,0,9,1,10
2,1,9,0,18,0,0,1,0,0,0,3,1,1,2,70,10,1360,1,12,3,2,2,545040,144620,46,2,2,4,538,4,2026,6,50,0,4,6,0,0,0,1,2,2,0,0,2,1,1,1,2,70,10,3,0,0,0,0,0,9,3,6
3,1,9,0,9,0,8,0,0,0,0,3,1,6,1,55,8,2996,1,1,1,1,2,543560,170660,1,2,1,4,19,5,0,6,30,3,4,6,0,0,0,1,1,1,0,0,1,1,1,1,1,33,6,3,0,0,0,0,0,9,1,5
3,1,9,0,18,0,1,0,0,0,0,1,1,6,1,24,5,1396,1,4,1,2,2,291214,85261,50,2,2,1,585,3,38,3,50,5,4,6,0,0,0,1,1,1,4,0,2,1,1,1,1,24,5,3,0,0,0,0,0,9,1,10
3,1,9,0,13,0,0,0,0,1,0,3,1,6,1,24,5,1998,2,13,1,2,3,412924,306180,21,3,2,4,252,3,38,3,70,0,4,6,0,0,0,6,1,2,0,0,2,1,1,1,1,24,5,3,0,0,0,0,0,9,1,5
3,1,9,0,18,0,0,5,4,0,0,4,1,6,2,69,10,1598,1,8,1,1,3,285432,190970,62,3,1,1,740,6,0,6,30,0,4,6,0,0,0,1,1,1,0,0,1,1,1,1,2,69,10,3,0,0,0,0,0,9,1,5
3,2,3,0,18,0,0,0,0,0,0,4,1,2,1,34,6,499,1,6,1,1,2,533080,182500,1,2,1,6,4,3,1202,6,30,0,4,6,0,0,0,1,2,2,0,0,1,1,1,1,1,34,6,3,0,0,0,0,0,3,1,7
3,1,9,0,18,0,0,0,0,0,0,4,1,6,3,38,7,1598,1,8,1,1,1,328155,390315,5,1,1,3,95,6,0,6,20,0,4,6,0,0,0,1,1,1,0,0,1,2,1,3,2,27,6,3,6,5,0,0,0,0,1,1
3,2,8,0,4,0,1,0,0,0,0,2,1,1,1,43,7,1598,2,1,1,1,2,384830,397640,6,2,1,4,102,6,0,6,30,3,4,3,6,0,0,1,1,1,0,0,1,1,1,1,1,43,7,3,0,0,0,0,0,8,1,2
2,1,9,0,7,0,1,0,0,0,0,1,1,6,1,23,5,1198,1,9,3,1,2,487204,410537,16,2,1,5,232,6,0,6,30,3,4,6,0,0,0,4,1,1,0,0,2,1,1,1,1,33,6,3,0,0,0,0,0,9,1,5
3,2,1,0,18,0,0,0,8,0,0,1,1,6,1,69,10,1598,1,8,1,1,2,376770,395960,6,2,1,5,112,6,0,6,30,0,4,6,0,0,0,1,1,1,0,2,1,1,1,1,1,69,10,3,0,0,0,0,0,1,1,4
3,3,9,5,4,0,0,1,0,0,0,1,1,1,1,52,8,1598,1,8,1,1,3,339359,94078,55,3,1,5,645,3,35,6,60,0,4,6,0,0,0,1,1,2,0,0,2,1,1,1,1,52,8,3,0,0,0,0,0,9,1,8
3,2,9,0,18,0,8,0,0,0,0,4,1,6,2,45,7,1968,2,1,3,1,2,374058,164748,52,2,1,6,611,3,36,6,30,6,2,4,3111,0,5,6,1,2,0,0,1,1,1,1,1,33,6,3,0,0,0,0,0,9,1,5
3,3,9,0,4,0,0,0,0,0,0,0,1,6,3,38,7,1598,1,8,1,1,3,227270,216140,63,3,1,5,751,3,40,6,60,0,4,6,0,0,0,4,1,1,0,0,2,1,1,1,1,33,6,3,0,0,0,0,0,9,1,5
3,2,1,0,15,0,8,0,0,0,0,4,1,6,1,48,8,1598,1,8,1,1,2,549220,176240,1,2,1,2,18,5,0,6,30,3,4,6,0,0,0,1,1,1,0,0,1,1,1,1,1,48,8,3,0,0,0,0,0,1,1,3
3,3,9,0,3,0,1,0,0,0,0,2,1,1,1,38,7,1598,1,8,1,1,3,523053,158040,45,3,1,4,513,6,1040,6,30,3,2,4,2221,0,0,1,1,2,0,0,1,1,1,1,1,33,6,3,0,0,0,0,0,9,1,5
3,2,9,0,4,0,0,0,0,0,0,2,1,6,1,30,6,1598,1,8,1,1,2,247687,55137,50,2,1,7,583,3,386,6,30,0,4,6,0,0,0,1,1,1,0,0,1,1,1,1,1,30,6,3,0,0,0,0,0,9,1,3
3,1,9,0,7,0,1,1,0,3,10,2,1,1,1,29,6,1582,2,8,1,1,1,343600,464310,4,1,1,3,76,6,0,6,30,3,4,6,0,0,0,5,1,2,0,0,1,1,1,1,1,29,6,3,0,0,0,0,0,9,1,2
3,2,9,0,18,0,1,0,0,0,0,1,1,6,2,37,7,1896,2,11,1,1,2,614792,246127,37,2,1,2,412,6,0,6,30,3,4,3,1156,0,4,1,1,1,0,0,1,2,1,1,1,33,6,3,0,0,0,0,0,9,1,5
3,1,9,0,18,0,0,1,12,4,6,1,1,1,2,36,7,2231,2,1,1,1,1,452444,143709,44,1,1,1,502,3,303,3,70,0,4,6,0,0,0,1,1,2,0,7,2,1,1,1,2,36,7,3,0,0,0,0,0,9,1,4
2,1,9,0,18,0,0,0,0,0,6,2,1,1,2,42,7,1685,2,1,1,3,2,496114,278126,34,2,3,5,382,3,14,3,70,0,4,6,0,0,0,1,1,1,0,0,2,1,3,2,2,43,7,2,0,0,1,0,0,9,1,2
3,2,9,0,9,0,8,0,0,0,0,1,1,6,1,34,6,1999,1,8,1,3,2,414497,417789,13,2,3,4,203,3,641,3,30,6,2,6,0,0,1,4,1,1,0,0,1,1,1,1,1,33,6,3,0,0,0,0,0,9,1,5
2,1,3,0,18,0,1,0,0,0,0,1,1,6,1,17,4,124,1,8,3,1,2,517052,156637,45,2,1,3,512,4,2122,6,30,3,4,6,0,0,0,7,2,2,0,0,1,1,1,1,1,17,4,2,0,0,0,0,0,3,3,10
3,2,1,0,18,0,0,0,0,0,0,0,1,6,1,12,3,1598,1,8,1,1,2,448894,532468,17,2,1,2,240,5,160,6,30,0,4,6,0,0,4,1,1,1,0,0,1,2,1,1,1,12,3,3,0,0,0,0,0,1,1,1
3,1,9,0,18,0,2,0,0,0,0,1,1,6,2,29,6,1229,1,7,1,1,1,481694,389298,32,1,1,5,356,6,0,6,30,3,4,3,159,0,0,1,1,1,0,0,1,1,1,3,2,8,2,3,5,1,0,0,0,0,1,1
3,2,9,0,9,0,8,0,0,0,0,3,1,6,3,38,7,1598,1,8,1,1,2,530800,182740,1,2,1,3,3,3,201,6,30,3,4,6,0,0,0,1,1,1,0,0,1,1,1,1,1,33,6,3,0,0,0,0,0,9,1,5
2,4,9,0,18,0,0,0,0,0,0,3,1,6,1,58,9,1596,1,5,1,2,5,435865,419039,13,5,2,3,206,3,638,6,40,0,4,6,0,0,0,1,1,1,0,0,2,1,1,1,1,33,6,3,0,0,0,0,0,9,1,5
3,2,9,0,17,0,0,0,0,0,0,1,1,1,1,33,6,1396,2,1,2,1,2,502379,425463,16,2,1,2,231,3,63,3,70,0,4,6,0,0,0,4,5,2,0,2,2,1,1,1,1,33,6,3,0,0,0,0,0,9,1,5
3,2,9,0,2,0,8,0,0,0,0,1,1,6,1,71,10,1996,1,17,1,1,2,512480,177610,1,2,1,6,25,5,0,6,30,8,4,6,0,0,0,4,2,2,0,0,1,1,1,1,1,33,6,3,0,0,0,0,0,9,1,5
3,1,9,0,18,0,6,0,0,0,0,1,1,6,1,80,11,1242,1,7,1,1,2,503593,487714,12,2,1,5,186,6,605,6,30,3,4,6,828,0,0,1,1,1,0,0,1,2,1,1,1,33,6,3,0,0,0,0,0,9,1,5
3,1,9,0,4,0,0,0,0,0,0,1,1,6,2,51,8,2497,2,17,3,1,3,622707,245885,37,3,1,2,415,3,1214,6,30,0,4,6,0,0,0,1,8,2,0,0,1,1,1,1,1,33,6,3,0,0,0,0,0,9,1,5
3,2,8,0,9,0,6,0,0,0,0,1,1,1,1,65,9,1794,1,14,1,2,2,462210,404941,14,2,2,4,211,5,86,6,30,3,4,6,0,0,0,1,1,1,0,0,1,1,2,1,1,65,9,3,0,0,0,0,0,8,1,4
3,1,19,0,18,0,0,1,0,0,0,1,1,1,1,28,6,1968,2,8,2,1,2,370478,90136,55,2,1,6,645,3,35,6,60,0,4,6,0,0,0,1,1,1,0,0,2,1,1,1,1,33,6,3,0,0,0,0,0,9,1,5
3,1,9,0,13,0,0,0,0,0,0,4,1,6,1,41,7,2979,1,3,2,2,2,458820,193631,43,2,2,6,484,3,4074,6,60,0,4,6,0,0,0,6,1,2,0,0,2,1,1,1,1,33,6,3,0,0,0,0,0,9,1,5
3,2,1,0,13,0,8,0,0,0,0,4,1,6,1,54,8,1598,1,8,1,2,2,521190,174230,1,2,2,7,24,6,0,6,30,3,4,6,0,0,0,1,1,1,0,0,1,1,2,1,1,54,8,3,0,0,0,0,0,1,1,9
3,2,9,0,3,0,0,0,0,0,0,2,1,6,2,32,6,1997,2,13,1,4,5,529291,141649,47,5,4,5,560,1,23,3,70,0,4,6,0,0,0,1,1,1,0,0,2,1,3,2,1,35,6,3,0,0,1,0,0,9,1,10
3,1,9,0,18,0,3,0,0,0,0,1,1,6,1,38,7,1298,1,13,1,1,2,390629,346844,21,2,1,6,257,3,5272,1,30,1,4,6,0,0,0,4,5,2,0,0,1,2,1,1,1,33,6,3,0,0,0,0,0,9,1,5
3,2,9,0,2,0,1,0,0,0,0,1,1,6,1,21,5,1240,1,6,1,1,4,381500,400910,6,4,1,2,107,5,0,6,30,3,4,6,0,0,0,4,1,1,0,0,1,1,1,2,2,21,5,3,0,0,1,0,0,9,1,4
3,2,11,0,18,0,1,0,0,0,0,1,1,1,1,31,6,7300,2,10,1,2,2,531510,189610,1,2,2,6,31,3,105,6,30,8,2,6,0,0,5,1,1,1,0,0,1,1,1,2,2,50,8,3,0,0,0,3,0,11,1,1
3,2,3,0,18,0,3,1,0,0,0,1,1,2,1,20,4,1598,1,8,1,1,2,321973,178319,62,2,1,1,741,6,0,6,30,1,4,6,0,0,0,1,1,1,0,0,2,1,2,1,1,20,4,3,0,0,0,0,0,3,1,5
2,2,5,0,18,0,8,0,0,0,0,4,1,6,1,36,7,748,1,23,1,1,2,408650,286110,20,2,1,4,300,3,45,1,30,1,4,3,4540,0,0,4,2,2,0,0,1,1,1,1,1,36,7,2,0,0,0,0,0,5,1,1
2,1,9,0,9,0,5,0,0,0,0,4,1,6,1,55,8,1598,1,8,1,1,2,316832,179942,62,2,1,7,741,3,469,6,30,3,4,6,0,0,0,4,1,1,0,0,1,1,1,1,1,33,6,3,0,0,0,0,0,9,1,5
3,1,19,0,8,0,1,0,0,0,0,1,1,6,1,38,7,1560,2,5,1,1,2,498390,179845,43,2,1,3,473,3,4,6,30,3,4,6,7302,0,0,1,1,1,0,0,1,2,1,1,1,33,6,3,0,0,0,0,0,9,1,5
2,1,21,1,18,0,8,1,0,0,0,1,1,1,1,49,8,12809,2,1,1,2,3,376870,290230,22,3,2,6,286,3,458,6,60,6,4,6,0,0,0,1,1,1,0,0,2,1,1,1,1,33,6,3,0,0,0,0,0,9,1,5
3,3,9,0,2,0,2,0,0,0,0,3,1,6,3,38,7,1598,1,8,1,1,6,318166,181544,62,6,1,1,741,6,0,6,30,3,4,6,0,0,0,1,5,2,0,0,1,1,1,1,1,33,6,3,0,0,0,0,0,9,1,5
3,1,2,0,17,0,0,0,0,0,0,3,1,6,1,16,4,1598,1,8,2,1,2,492457,252568,43,2,1,6,479,4,565,6,60,0,4,6,0,0,0,1,1,1,0,0,2,1,1,1,1,16,4,3,0,0,0,0,0,2,2,9
3,2,9,0,6,0,0,0,0,0,0,3,1,6,2,31,6,1598,1,15,1,5,3,549720,178410,1,3,5,2,18,3,206,6,30,0,4,6,0,0,0,1,1,1,0,0,1,1,5,1,2,31,6,3,0,0,0,0,0,9,1,9
3,1,9,0,15,0,0,0,0,7,0,1,1,5,2,56,9,1598,1,8,1,1,2,497097,144377,45,2,1,4,517,6,0,6,30,0,4,6,0,0,0,1,1,2,0,0,1,1,1,1,1,33,6,3,0,0,0,0,0,9,1,5
3,1,9,0,12,0,1,1,0,1,4,1,1,6,2,28,6,1596,1,14,1,1,1,519890,296030,35,1,1,5,394,3,1139,3,50,5,4,3,1139,0,0,1,1,1,4,0,2,1,1,2,2,25,5,3,0,0,2,0,0,9,3,9
3,2,9,0,18,0,8,0,0,0,0,1,1,6,2,65,9,1499,1,1,1,3,2,488734,410998,16,2,3,1,232,6,0,6,30,6,3,6,0,0,0,1,1,1,0,0,1,1,1,1,2,65,9,3,0,0,0,0,0,9,1,2
3,2,9,0,18,0,1,0,0,0,0,1,1,6,1,38,7,1995,2,8,1,2,2,533870,191390,1,2,2,6,31,3,1010,6,30,3,2,5,0,0,5,4,1,1,0,0,1,2,1,1,1,33,6,3,0,0,0,0,0,9,1,5
3,1,9,0,3,0,1,0,0,0,0,2,1,6,2,70,10,1275,1,16,2,1,2,157594,38539,50,2,1,7,596,6,0,1,60,1,4,3,30,0,0,1,1,1,0,0,2,1,1,2,2,18,4,3,0,0,1,0,0,9,2,6
3,2,9,0,3,0,2,0,0,0,0,2,1,6,1,36,7,1598,1,8,1,1,3,538469,208505,41,3,1,5,430,6,593,6,30,3,4,5,137,0,0,4,1,2,0,0,1,2,1,1,1,36,7,3,0,0,0,0,0,9,1,6
2,1,9,0,1,9,0,0,0,0,0,3,1,6,2,75,10,998,1,8,1,1,1,334560,438520,4,1,1,5,85,6,0,9,30,0,4,6,0,0,0,1,1,1,0,0,1,1,1,3,2,82,11,2,10,9,0,0,0,0,1,9
3,2,9,0,18,0,1,0,0,1,0,1,1,6,2,25,5,1560,2,1,1,4,2,482494,232440,43,2,4,1,476,5,21,6,60,8,4,6,1598,0,0,1,1,1,0,0,2,1,3,2,1,27,6,3,0,0,1,0,0,9,1,1
3,2,9,0,18,0,8,0,0,0,0,1,1,6,2,32,6,1598,1,8,1,1,2,317513,175061,62,2,1,3,741,6,0,6,30,6,2,3,4160,0,0,1,1,1,0,0,1,1,3,2,2,61,9,3,0,0,1,0,0,9,1,5
3,2,9,0,3,0,0,0,0,0,0,2,1,2,2,48,8,1598,2,2,3,1,3,506342,204860,41,3,1,6,431,3,4251,6,30,0,4,6,0,0,0,4,1,1,0,0,1,1,1,1,2,48,8,3,0,0,0,0,0,9,3,6
1,1,19,0,18,0,0,0,0,0,0,1,1,2,1,53,8,1753,2,11,1,1,2,397115,226452,53,2,1,6,625,5,96,6,60,0,4,6,0,0,0,1,1,1,0,0,2,1,1,1,1,33,6,3,0,0,0,0,0,9,1,5
3,2,9,0,2,0,0,0,0,0,0,2,1,6,2,24,5,1598,2,1,1,1,2,554140,174270,46,2,1,2,532,6,3210,2,30,0,4,6,0,0,0,1,1,1,0,0,1,1,1,1,2,24,5,3,0,0,0,0,0,9,1,3
3,1,9,0,18,9,0,0,0,0,0,1,1,6,1,38,7,2198,1,10,1,1,3,577796,167774,46,3,1,6,544,6,0,6,30,0,4,6,0,0,0,1,1,1,0,0,1,1,1,1,1,33,6,3,0,0,0,0,0,9,1,5
3,2,9,0,18,0,1,0,0,0,0,2,1,6,1,19,4,1242,1,11,1,1,2,545317,210141,42,2,1,6,457,6,0,6,30,3,4,6,0,0,0,5,1,1,0,0,1,2,1,1,1,19,4,3,0,0,0,0,0,9,1,4
3,1,9,0,16,9,0,1,10,1,4,2,1,6,1,27,6,3498,1,11,1,1,1,372192,353816,7,1,1,7,129,3,532,6,30,0,4,6,0,0,0,1,9,2,0,0,1,1,1,1,1,27,6,3,0,0,0,0,0,9,1,7
3,2,5,0,9,0,1,0,0,0,0,3,1,1,1,69,10,998,1,10,3,1,2,523100,175860,1,2,1,2,10,4,349,6,30,1,4,4,306,0,0,1,1,1,0,0,1,1,1,1,1,33,6,3,0,0,0,0,0,9,1,5
2,1,9,0,18,0,0,0,0,0,0,1,1,6,1,40,7,973,1,14,1,1,1,440519,429004,13,1,1,7,204,6,0,6,30,0,4,6,0,0,0,1,2,2,0,0,1,1,1,3,2,19,4,2,5,4,0,0,0,0,1,5
3,1,9,0,18,0,8,0,0,0,0,4,1,6,1,30,6,1598,1,8,1,1,1,508630,221226,40,1,1,4,421,6,0,6,20,6,4,6,0,0,0,1,1,1,0,0,1,2,1,3,2,22,5,3,5,1,0,0,0,0,1,2
3,2,9,0,5,0,8,0,0,0,0,1,1,6,1,46,8,1794,1,7,1,1,2,521260,184320,1,2,1,4,28,3,407,6,30,6,2,6,0,0,5,4,1,1,0,0,1,1,1,1,1,33,6,3,0,0,0,0,0,9,1,5
3,1,9,0,7,0,8,0,0,0,0,2,1,6,1,51,8,3518,1,8,1,1,2,546000,178390,1,2,1,4,6,3,206,6,30,6,4,6,0,0,4,4,1,1,0,0,1,1,1,1,1,33,6,3,0,0,0,0,0,9,1,5
3,1,5,0,18,0,4,0,0,0,0,4,1,1,1,50,8,1598,1,8,1,1,1,613633,222486,42,1,1,4,461,3,133,1,50,1,4,4,1033,0,0,1,1,2,0,0,2,1,1,1,1,50,8,3,0,0,0,0,0,5,1,5
3,1,8,0,6,0,0,0,0,0,0,3,1,1,1,49,8,1797,8,6,1,1,2,526640,184160,1,2,1,4,2,3,41,6,30,0,4,6,0,0,0,1,1,1,0,0,1,1,1,1,1,33,6,3,0,0,0,0,0,9,1,5
3,1,9,0,18,0,1,0,0,7,0,1,1,6,2,48,8,998,1,4,1,3,3,471306,217831,43,3,3,7,476,3,41,6,60,8,4,6,322,0,0,1,8,2,0,0,2,1,2,1,2,48,8,3,0,0,0,0,0,9,1,4
2,2,9,0,18,0,1,0,0,0,0,1,1,6,2,43,7,1968,2,8,3,2,2,243448,626450,97,2,2,7,937,4,730,6,60,3,4,6,0,0,0,1,2,2,0,0,2,1,1,1,1,33,6,3,0,0,0,0,0,9,1,5
2,1,9,0,18,0,5,0,0,0,0,1,1,6,2,78,11,1299,1,11,1,1,1,383390,431790,4,1,1,3,72,6,0,6,30,3,4,3,682,0,0,4,2,2,0,0,1,1,1,3,1,49,8,2,8,3,0,0,0,0,1,4
3,1,1,0,18,0,0,0,0,0,0,3,1,6,1,32,6,1598,1,8,1,1,2,449579,116844,44,2,1,3,491,4,3354,6,30,0,4,6,0,0,0,1,1,1,0,0,1,2,1,1,1,32,6,3,0,0,0,0,0,1,1,9
3,1,9,0,18,0,0,0,0,0,0,4,1,3,2,31,6,1997,2,2,1,1,1,484085,210760,43,1,1,6,476,3,4010,6,30,0,4,6,0,0,0,1,1,1,0,0,1,2,1,3,2,15,3,3,5,1,0,0,0,0,1,10
3,1,9,0,9,0,8,0,0,0,0,4,1,6,1,30,6,1997,2,4,1,1,2,527510,175130,1,2,1,5,10,3,3,6,30,3,4,6,0,0,0,1,1,1,0,0,1,1,1,1,1,33,6,3,0,0,0,0,0,9,1,5
3,2,3,0,13,0,8,0,0,0,0,1,1,2,1,34,6,125,1,7,1,1,2,531810,183730,1,2,1,2,3,3,104,6,30,3,4,5,0,0,4,4,1,1,0,0,1,1,1,1,1,34,6,3,0,0,0,0,0,3,1,2
3,3,9,0,18,0,0,0,0,0,0,1,1,6,1,21,5,1598,1,8,1,4,3,401907,337439,21,3,4,2,251,3,50,3,70,0,4,6,0,0,0,6,1,1,0,0,2,1,1,2,2,27,6,3,0,0,1,0,0,9,1,4
3,2,19,0,3,0,0,0,0,0,0,3,1,6,1,62,9,12740,2,5,1,1,3,533870,180600,1,3,1,5,5,3,1203,6,30,0,4,6,0,0,0,1,1,1,0,0,1,1,1,1,1,33,6,3,0,0,0,0,0,9,1,5
3,1,9,0,9,0,8,0,0,0,0,4,1,6,1,38,7,2521,1,7,1,3,2,499648,224310,40,2,3,6,424,3,5,3,70,3,4,6,197,0,0,1,1,1,0,0,2,1,2,2,1,12,3,3,0,0,1,0,0,9,1,4
3,1,9,0,7,0,8,0,0,0,0,4,1,6,1,36,7,1598,1,8,1,1,2,427871,436243,13,2,1,3,204,6,0,6,30,3,4,3,660,0,0,1,1,1,0,0,1,1,1,1,1,33,6,3,0,0,0,0,0,9,1,5
3,1,9,0,16,0,0,2,0,7,10,3,1,1,1,43,7,1968,2,11,3,1,1,523730,428926,16,1,1,6,231,4,1362,6,60,0,4,6,0,0,0,1,1,4,0,0,2,1,1,1,1,43,7,3,0,0,0,0,0,9,3,3
3,1,9,0,16,0,1,1,0,0,0,2,1,6,1,38,7,1994,1,12,1,2,2,242920,636205,97,2,2,6,919,4,7072,6,30,3,4,4,7072,0,0,4,1,2,0,0,1,1,2,1,1,38,7,3,0,0,0,0,0,9,1,5
3,2,9,0,17,0,8,0,0,0,0,1,1,2,1,24,5,1242,1,10,1,2,2,407874,201372,53,2,2,5,621,3,417,6,50,3,4,5,177,0,0,1,1,1,0,0,2,1,2,1,1,24,5,3,0,0,0,0,0,9,1,2
2,1,8,0,18,0,0,0,10,0,0,1,1,6,1,38,7,1598,1,8,1,1,1,530020,171440,1,1,1,5,9,3,23,6,30,0,4,6,0,0,5,4,1,1,0,0,1,1,1,1,1,33,6,2,0,0,0,0,0,8,1,5
3,1,3,0,4,0,1,0,11,7,2,1,1,1,1,23,5,124,1,2,3,1,1,495752,406701,16,1,1,1,232,3,18,1,60,1,4,3,15,0,0,1,7,1,0,2,2,2,1,1,1,23,5,3,0,0,0,0,0,3,3,6
3,1,9,4,16,0,1,0,10,1,0,4,1,6,1,33,6,1598,1,8,1,2,1,278426,338677,60,1,2,1,722,3,4212,6,60,9,4,6,0,0,0,1,1,1,0,0,2,1,2,2,2,14,3,3,0,0,2,0,0,9,1,5
2,1,9,0,11,0,0,1,7,0,0,1,1,6,1,79,11,1998,1,2,1,1,3,447798,114375,44,3,1,4,491,4,3035,6,30,0,4,6,0,0,5,4,1,1,0,0,2,1,1,1,1,33,6,3,0,0,0,0,0,9,1,5
3,1,9,0,7,0,1,0,0,0,0,1,2,6,1,51,8,1598,1,8,1,1,2,251749,668336,97,2,1,1,926,3,814,6,30,3,4,6,0,0,4,1,5,2,0,0,1,1,1,1,1,33,6,3,0,0,0,0,0,9,1,5
3,3,9,0,18,0,0,0,0,0,0,1,1,2,2,48,8,1598,1,2,1,2,3,252456,131078,50,3,2,5,582,3,39,6,60,0,4,6,0,0,0,1,1,2,0,0,2,1,1,1,2,48,8,3,0,0,0,0,0,9,1,7
3,4,9,0,3,0,0,0,0,0,0,2,1,2,2,34,6,999,1,8,1,2,4,449055,181855,43,4,2,4,471,3,34,3,70,0,4,6,0,0,0,1,2,2,0,0,2,1,1,1,1,33,6,3,0,0,0,0,0,9,1,5
3,2,9,0,9,0,5,0,0,0,0,4,1,6,1,38,7,1598,1,8,1,1,2,519370,184730,1,2,1,4,28,3,404,6,30,3,4,3,404,0,4,1,4,1,0,0,1,1,1,1,1,33,6,3,0,0,0,0,0,9,1,5
3,2,9,0,18,0,0,0,0,0,0,3,1,6,1,45,7,1598,1,8,1,2,2,558270,141200,46,2,2,1,543,3,26,6,30,0,4,6,0,0,0,1,1,2,0,0,1,1,2,2,2,41,7,3,0,0,1,0,0,9,1,10
3,1,20,0,3,0,1,0,0,0,0,4,1,6,1,61,9,4580,2,6,2,1,1,551582,131219,47,1,1,4,556,4,2100,3,30,6,2,3,26,0,5,1,1,1,0,0,1,2,1,3,1,31,6,3,6,9,0,0,0,0,1,6
3,2,9,0,18,0,1,0,0,0,0,1,1,6,1,29,6,1461,2,8,1,2,2,458144,339732,31,2,2,1,346,3,612,6,30,8,4,6,0,0,4,1,2,2,4,0,1,1,2,2,1,21,5,3,0,0,1,0,0,9,1,5
3,2,1,0,18,0,1,0,0,0,0,4,1,6,1,28,6,1598,1,8,1,1,2,534230,181600,1,2,1,1,5,3,11,6,30,3,4,6,0,0,4,1,1,1,0,0,1,1,1,1,1,28,6,3,0,0,0,0,0,1,1,2
2,2,9,0,7,0,2,0,0,0,0,2,2,6,1,42,7,1598,1,8,1,4,2,326440,676750,95,2,4,5,923,3,901,6,30,6,2,3,901,0,5,1,1,1,0,0,1,1,1,1,1,42,7,3,0,0,0,0,0,9,1,5
3,2,2,0,18,0,1,1,0,1,10,1,1,6,1,16,4,49,1,5,1,1,2,518932,245038,40,2,1,5,424,6,0,6,30,8,4,6,0,0,0,4,1,1,0,0,1,1,1,1,1,16,4,3,0,0,0,0,0,2,1,6
3,2,9,0,9,0,1,0,0,0,0,3,1,6,2,53,8,1560,2,2,1,1,2,526820,185540,1,2,1,4,2,3,502,6,30,6,4,6,0,0,1,1,2,2,0,0,1,1,1,1,1,33,6,3,0,0,0,0,0,9,1,5
3,1,9,0,12,0,0,0,0,0,0,0,1,6,3,38,7,1598,1,8,1,1,5,512086,198838,41,5,1,7,437,3,41,3,50,0,4,6,0,0,0,4,1,1,0,0,1,1,1,1,1,33,6,3,0,0,0,0,0,9,1,5
3,1,11,0,4,0,3,0,0,0,0,0,1,1,1,30,6,9360,2,5,1,1,1,533770,189580,1,1,1,4,31,3,10,6,30,3,4,3,1055,0,0,1,1,1,0,0,1,1,1,2,2,68,10,3,0,0,0,3,0,11,1,1
3,1,8,0,5,0,8,0,0,0,0,1,1,6,1,41,7,1968,2,2,1,1,1,530220,179110,1,1,1,3,1,3,3212,6,30,3,4,6,0,0,1,1,1,1,0,0,1,1,1,3,2,42,7,3,4,1,0,0,2,0,1,10
3,1,1,0,18,0,2,0,0,1,0,2,1,6,1,26,6,1598,1,8,1,1,2,409940,94585,55,2,1,2,640,4,3063,6,30,3,4,6,0,0,0,1,1,1,0,0,1,2,1,1,1,26,6,3,0,0,0,0,0,1,1,5
3,1,5,0,17,0,0,0,0,0,0,1,1,6,1,54,8,998,1,11,1,3,2,352140,421920,4,2,3,5,83,6,0,6,30,0,4,6,0,0,0,1,1,1,0,0,1,1,3,2,1,29,6,3,0,0,2,0,0,5,1,4
3,2,10,0,4,0,8,0,0,0,0,2,1,2,2,51,8,2198,2,8,1,2,2,564500,173160,46,2,2,6,535,3,227,6,30,6,2,6,0,0,5,1,1,1,0,0,1,1,2,2,1,45,7,3,0,0,0,0,0,10,1,4
3,1,9,0,18,0,0,0,0,0,0,1,1,6,1,60,9,1956,2,3,1,2,1,544950,178730,1,1,2,6,6,6,0,6,30,0,4,6,0,0,0,4,1,1,0,0,1,1,2,3,1,23,5,3,5,1,0,0,2,0,1,2
3,1,9,0,5,0,1,0,0,0,0,1,1,3,1,71,10,998,1,7,2,1,1,262791,677810,97,1,1,4,920,3,891,6,30,3,1,6,0,1,1,1,2,2,0,0,2,1,1,3,1,18,4,3,9,5,0,0,0,0,2,5