accident_severity,vehicle_reference,vehicle_type,towing_and_articulation,vehicle_manoeuvre,vehicle_location-restricted_lane,junction_location,skidding_and_overturning,hit_object_in_carriageway,vehicle_leaving_carriageway,hit_object_off_carriageway,1st_point_of_impact,was_vehicle_left_hand_drive?,journey_purpose_of_driver,sex_of_driver,age_of_driver,age_band_of_driver,engine_capacity_(cc),propulsion_code,age_of_vehicle,driver_home_area_type,NUmber_of_Casualities_unique_to_accident_index,No_of_Vehicles_involved_unique_to_accident_index,location_easting_osgr,location_northing_osgr,police_force,number_of_vehicles,number_of_casualties,day_of_week,local_authority_(district),1st_road_class,1st_road_number,road_type,speed_limit,junction_detail,junction_control,2nd_road_class,2nd_road_number,pedestrian_crossing-human_control,pedestrian_crossing-physical_facilities,light_conditions,weather_conditions,road_surface_conditions,special_conditions_at_site,carriageway_hazards,urban_or_rural_area,did_police_officer_attend_scene_of_accident,casualty_reference,casualty_class,sex_of_casualty,age_of_casualty,age_band_of_casualty,casualty_severity,pedestrian_location,pedestrian_movement,car_passenger,bus_or_coach_passenger,pedestrian_road_maintenance_worker,casualty_type,casualty_home_area_type,casualty_imd_decile
3,3,19,0,9,0,5,0,0,0,0,2,1,1,1,43,7,1998,2,12,3,4,3,635860,148020,46,3,4,7,533,3,258,6,30,3,4,6,0,0,0,1,1,1,0,0,2,1,3,1,1,43,7,3,0,0,0,0,0,19,3,7
3,1,19,0,18,0,1,0,0,0,0,1,1,6,1,48,8,2198,2,8,1,1,2,409020,286290,20,2,1,1,300,4,4128,6,30,8,4,4,4128,0,0,1,9,1,0,0,1,1,1,1,1,33,6,3,0,0,0,0,0,9,1,5
3,2,21,4,9,0,8,0,0,0,0,3,2,1,1,34,6,1598,1,8,1,1,2,525820,173010,1,2,1,4,10,5,0,6,30,3,4,6,0,0,0,1,1,1,0,0,1,1,1,1,1,33,6,3,0,0,0,0,0,9,1,5
3,3,20,0,18,0,0,0,0,0,0,0,1,1,1,53,8,5880,2,8,3,1,3,572536,266576,37,3,1,4,411,3,14,3,70,0,4,6,0,0,0,1,1,1,0,0,2,1,1,1,1,33,6,3,0,0,0,0,0,9,1,5
2,1,5,0,13,0,0,0,0,0,0,4,1,2,1,50,8,865,1,8,1,1,2,397163,308946,21,2,1,4,250,3,5,6,30,0,4,6,0,0,0,1,1,1,0,0,2,2,1,1,1,50,8,2,0,0,0,0,0,5,1,6
3,2,9,0,9,0,8,0,0,0,0,3,1,6,1,38,7,1598,1,8,3,5,2,431948,535999,11,2,5,1,169,4,6291,1,30,2,4,6,0,0,0,4,1,1,0,0,2,1,3,2,2,14,3,3,0,0,2,0,0,9,3,4
3,1,9,0,17,0,8,0,0,0,0,1,1,2,2,32,6,1596,1,10,1,2,2,422236,321335,21,2,2,2,251,3,5121,3,30,3,2,4,5018,0,0,1,1,1,0,0,2,2,2,2,1,3,1,3,0,0,0,0,0,9,1,10
1,1,21,0,5,0,0,0,0,0,0,1,1,1,1,50,8,1598,1,8,1,1,1,307874,343469,60,1,1,6,723,3,5,6,30,0,4,6,0,0,4,1,1,1,4,0,2,1,1,3,2,82,11,1,5,1,0,0,0,0,1,5
3,1,9,0,18,0,1,0,0,7,11,1,1,6,1,22,5,1248,2,7,1,2,3,500179,179462,43,3,2,1,473,6,7302,6,30,3,4,6,7302,0,0,1,1,1,0,0,1,1,1,1,1,22,5,3,0,0,0,0,0,9,1,8
2,1,9,0,16,0,0,0,0,7,4,1,1,6,1,19,4,1248,2,8,2,1,1,439291,296576,33,1,1,6,361,5,6101,6,60,0,4,6,0,0,0,6,1,2,0,0,2,1,1,2,2,19,4,2,0,0,1,0,0,9,1,7
3,2,9,0,9,0,8,0,0,0,0,3,1,6,1,38,7,1910,2,5,1,1,2,525030,184120,1,2,1,3,28,3,5,6,30,3,4,6,0,0,0,1,1,1,0,0,1,2,1,1,1,33,6,3,0,0,0,0,0,9,1,5
3,2,9,0,6,0,0,0,0,0,0,3,1,6,2,56,9,1596,1,4,1,1,2,430188,436207,13,2,1,4,204,3,61,3,30,0,4,6,0,0,0,1,1,1,0,0,1,1,1,1,1,33,6,3,0,0,0,0,0,9,1,5
3,1,9,0,18,0,0,1,0,7,0,0,1,2,1,46,8,1598,1,8,2,1,1,444683,138904,44,1,1,4,502,3,30,6,60,0,4,6,0,0,0,1,2,2,0,0,2,1,1,1,1,46,8,3,0,0,0,0,0,9,2,9
3,4,19,0,4,0,0,0,0,0,0,1,1,6,1,34,6,2198,2,3,1,1,7,455879,308988,33,7,1,3,364,3,46,3,70,0,4,6,0,0,0,4,2,2,0,0,2,1,1,1,1,33,6,3,0,0,0,0,0,9,1,5
3,2,9,0,18,0,0,0,0,0,0,2,1,3,2,48,8,1560,2,6,3,1,2,418048,556871,11,2,1,2,169,3,692,6,30,0,4,6,0,0,0,1,1,3,0,0,2,2,1,1,2,48,8,3,0,0,0,0,0,9,3,9
3,1,9,0,7,0,1,0,0,0,0,4,1,6,1,19,4,999,1,3,1,4,2,538394,209126,41,2,4,2,430,6,468,2,30,8,4,6,0,0,0,1,1,1,0,0,1,1,4,2,2,16,4,3,0,0,2,0,0,9,3,7
3,2,9,0,18,0,8,0,0,0,0,3,1,6,2,67,10,1749,1,14,1,2,2,515638,103121,47,2,2,3,564,6,0,6,30,6,4,6,0,0,0,1,1,1,0,0,1,1,2,1,2,67,10,3,0,0,0,0,0,9,1,6
3,2,9,0,18,0,3,0,0,0,0,0,1,6,3,38,7,1598,1,8,1,1,2,436130,337710,30,2,1,6,323,3,61,6,60,1,4,3,61,2,5,4,2,2,0,0,2,1,1,1,1,33,6,3,0,0,0,0,0,9,1,5
3,2,1,0,5,0,0,0,0,0,0,2,1,6,1,55,8,1598,1,8,3,1,2,421450,318230,30,2,1,7,328,5,17,6,30,0,4,6,0,0,0,1,1,1,0,0,2,2,1,1,1,55,8,3,0,0,0,0,0,1,3,7
3,2,9,0,2,0,0,0,0,0,0,1,1,6,2,59,9,1240,1,10,3,2,2,652703,306461,36,2,2,2,402,6,0,6,30,0,4,6,0,0,0,1,1,1,0,0,1,1,2,2,2,77,11,3,0,0,1,0,0,9,1,1
2,1,1,0,14,0,0,0,0,0,0,1,1,1,1,50,8,1598,1,8,1,1,3,336113,389716,5,3,1,2,91,3,5048,6,30,0,4,6,0,0,0,1,1,1,0,0,1,1,1,1,1,50,8,2,0,0,0,0,0,1,1,1
3,1,9,0,9,0,8,1,0,0,0,4,1,6,1,79,11,1598,2,3,2,2,2,348850,398966,5,2,2,4,92,6,0,6,60,3,4,3,570,0,0,1,1,1,0,0,2,1,1,1,1,33,6,3,0,0,0,0,0,9,1,5
3,1,9,0,18,0,8,0,0,0,0,1,1,6,2,55,8,1598,1,8,1,1,3,324528,214853,61,3,1,4,732,3,4077,6,30,6,4,6,0,0,0,1,1,1,0,0,2,1,1,1,1,33,6,3,0,0,0,0,0,9,1,5
3,1,9,0,7,0,5,0,0,0,0,4,1,6,3,38,7,1598,1,8,1,1,2,473023,171648,43,2,1,4,472,3,327,6,30,3,2,6,7201,0,0,1,1,1,0,0,1,2,1,1,1,33,6,3,0,0,0,0,0,9,1,5
3,1,9,0,17,0,0,0,4,0,0,1,1,6,1,21,5,1149,1,14,1,1,2,289847,62695,50,2,1,7,587,6,0,6,30,0,4,6,0,0,0,4,1,1,0,0,1,1,1,1,1,21,5,3,0,0,0,0,0,9,1,9
3,1,9,0,9,0,6,0,0,0,0,1,1,2,1,24,5,1364,1,5,1,1,2,399250,289400,20,2,1,4,305,3,457,3,30,3,4,6,0,0,4,1,1,1,0,0,1,1,1,1,1,33,6,3,0,0,0,0,0,9,1,5
3,2,9,0,3,0,0,0,0,0,0,3,1,6,2,23,5,999,1,14,3,1,2,576470,153480,46,2,1,3,536,3,229,6,30,0,4,6,0,0,5,1,1,1,0,0,1,1,1,1,2,23,5,3,0,0,0,0,0,9,3,6
3,3,9,0,18,0,1,0,0,0,0,1,1,6,1,63,9,1388,1,8,1,2,4,390152,165163,54,4,2,7,635,3,350,6,30,8,4,6,0,0,0,1,1,1,0,0,1,1,1,1,1,33,6,3,0,0,0,0,0,9,1,5
3,2,9,0,17,0,0,1,0,1,0,1,1,6,1,39,7,1598,1,8,3,3,2,308410,275610,63,2,3,1,753,3,483,6,60,0,4,6,0,0,0,1,1,1,0,0,2,1,2,2,2,27,6,3,0,0,2,0,0,9,1,5
3,2,9,0,18,0,8,0,0,0,0,1,1,6,2,28,6,1598,1,1,1,2,2,532550,171030,1,2,2,5,20,3,214,6,30,3,4,6,0,0,0,1,1,1,0,0,1,1,2,1,2,28,6,3,0,0,0,0,0,9,1,5
3,4,9,0,2,0,0,0,0,0,0,4,1,6,1,38,7,1595,1,6,1,1,4,573190,155300,46,4,1,1,536,5,153,6,30,0,4,6,0,0,0,4,1,1,0,0,1,1,1,1,1,33,6,3,0,0,0,0,0,9,1,5
3,1,9,0,18,0,0,0,0,0,0,1,1,6,2,41,7,1968,2,1,2,1,3,441240,198613,43,3,1,5,483,3,420,3,70,0,4,6,0,0,0,6,1,1,0,0,2,1,1,1,2,41,7,3,0,0,0,0,0,9,2,10
3,1,9,0,4,0,0,0,0,0,0,1,1,6,2,38,7,1598,1,8,1,1,2,541670,296840,35,2,1,4,392,4,1101,6,30,0,4,6,0,0,0,1,2,2,0,0,1,2,1,1,1,33,6,3,0,0,0,0,0,9,1,5
3,1,9,0,18,0,1,0,0,0,0,1,2,6,1,31,6,1598,1,17,1,1,2,365738,77667,55,2,1,5,646,6,0,6,30,3,4,6,0,0,0,1,2,2,0,0,1,1,1,1,1,33,6,3,0,0,0,0,0,9,1,5
3,1,9,0,7,0,6,0,0,0,0,3,1,6,2,23,5,1242,1,8,1,2,2,450754,95301,44,2,2,3,505,3,3021,6,30,3,4,6,0,0,8,4,1,1,0,0,1,1,1,1,2,23,5,3,0,0,0,0,0,9,1,4
2,1,9,0,16,0,0,0,0,0,0,1,1,1,1,45,7,1796,1,11,3,2,2,483589,305663,33,2,2,6,368,6,9914,6,60,0,4,6,0,0,0,1,8,4,0,0,2,1,1,1,1,33,6,3,0,0,0,0,0,9,1,5
3,1,9,0,18,0,0,0,0,0,0,4,1,6,1,38,7,1598,1,8,1,1,2,455066,202940,43,2,1,7,482,6,320,6,20,0,4,6,0,0,0,1,9,1,0,0,1,2,1,1,1,33,6,3,0,0,0,0,0,9,1,5
3,1,9,0,18,0,1,0,4,0,0,1,1,3,1,51,8,2429,1,10,1,3,2,467951,108716,44,2,3,4,495,6,0,6,30,3,4,6,0,0,0,1,1,1,0,0,1,1,3,3,2,20,4,3,6,9,0,0,0,0,1,2
3,2,9,0,18,0,8,0,0,0,0,1,1,6,2,38,7,1598,1,8,1,1,2,531890,172370,1,2,1,2,9,3,215,6,30,3,4,6,0,0,0,1,1,1,0,0,1,1,1,1,1,33,6,3,0,0,0,0,0,9,1,5
3,2,9,0,4,0,0,0,0,0,0,2,1,6,2,66,10,1242,1,7,1,2,3,636260,168740,46,3,2,1,541,3,254,6,40,0,4,6,0,0,0,1,7,2,0,0,2,1,1,1,2,66,10,3,0,0,0,0,0,9,1,1
3,1,4,0,18,0,8,0,0,0,0,0,1,6,1,60,9,499,1,9,3,1,1,233957,84449,50,1,1,5,596,3,388,1,30,1,4,6,0,0,0,4,1,2,0,0,2,1,1,1,1,60,9,3,0,0,0,0,0,4,3,4
3,1,9,0,18,0,8,1,0,1,1,1,1,6,2,44,7,1498,1,5,1,2,2,407817,424187,13,2,2,7,202,3,646,3,30,7,2,3,58,0,5,4,1,2,0,0,1,1,1,1,2,44,7,3,0,0,0,0,0,9,1,1
3,2,11,0,2,0,0,0,0,0,0,2,1,1,1,37,7,6696,2,1,1,1,2,407190,287210,20,2,1,2,300,6,0,3,30,0,4,6,0,0,4,1,1,1,0,0,1,1,1,1,1,33,6,3,0,0,0,0,0,9,1,5
3,1,9,0,7,0,1,0,0,0,0,4,1,6,2,38,7,998,1,4,1,1,2,432620,281150,20,2,1,2,302,6,0,6,30,6,4,6,0,0,4,1,1,1,0,0,1,2,1,1,1,33,6,3,0,0,0,0,0,9,1,5
2,1,9,0,9,0,2,0,0,0,0,1,1,6,2,23,5,1598,1,8,1,1,1,406420,289450,20,1,1,3,300,4,4144,6,30,3,4,6,0,0,1,4,2,2,0,0,1,1,1,3,1,21,5,2,1,3,0,0,0,0,1,1
2,1,9,0,18,0,0,1,0,0,0,1,1,6,1,42,7,3490,1,12,1,4,2,407388,91480,55,2,4,2,640,3,338,6,40,0,4,6,0,0,0,1,1,2,0,0,1,1,4,1,1,42,7,3,0,0,0,0,0,9,1,1
3,2,9,0,18,0,1,0,0,0,0,1,1,6,1,36,7,1389,1,14,1,3,2,459829,303504,33,2,3,3,364,3,6,6,30,3,4,6,464,0,0,4,1,1,0,0,1,1,2,2,2,2,1,3,0,0,2,0,0,9,1,5
3,1,9,0,18,0,0,1,0,1,7,1,1,6,1,33,6,1995,2,3,1,2,1,409240,290390,20,1,2,1,300,1,6,3,70,0,4,6,0,0,0,4,5,2,0,0,1,2,2,2,2,34,6,3,0,0,1,0,0,9,1,4
3,1,9,0,5,0,4,0,0,0,0,1,1,2,1,53,8,1968,2,2,1,1,2,254521,56692,50,2,1,5,583,4,3416,1,30,1,4,4,3417,0,0,1,1,1,0,0,1,1,1,1,1,33,6,3,0,0,0,0,0,9,1,5
3,1,9,0,18,0,0,5,2,1,7,4,1,6,2,78,11,1198,1,1,1,2,1,422612,498602,12,1,2,5,184,3,1,3,50,0,4,6,0,0,0,1,1,1,4,0,2,1,2,2,2,78,11,3,0,0,1,0,0,9,1,9
3,1,9,0,18,0,1,0,7,0,0,1,1,5,2,42,7,1796,1,12,1,1,1,428822,265785,23,1,1,4,294,3,429,6,30,3,4,6,0,0,0,4,9,1,0,0,1,1,1,1,2,42,7,3,0,0,0,0,0,9,1,5
2,1,9,0,18,0,0,0,0,0,0,1,1,6,3,30,6,3222,2,11,1,1,1,254255,656140,97,1,1,2,922,3,77,6,40,0,4,6,0,0,0,7,2,2,0,0,1,1,1,3,1,14,3,2,5,1,0,0,0,0,1,5
3,1,9,0,18,0,0,0,0,0,0,1,1,1,2,19,4,1328,1,10,1,3,2,395830,351670,21,2,3,7,256,6,107,6,60,0,4,6,0,0,0,1,1,1,0,0,2,1,2,2,2,18,4,3,0,0,0,0,0,9,1,8
3,2,9,0,3,0,1,0,0,0,0,2,1,6,1,37,7,1598,1,8,1,1,2,280576,688709,96,2,1,3,939,1,80,7,70,1,4,3,872,0,0,1,1,1,0,0,2,2,1,1,1,37,7,3,0,0,0,0,0,9,1,5
3,2,9,0,4,0,1,0,0,0,0,2,1,6,1,38,7,1598,1,8,1,2,2,543590,186440,1,2,2,7,14,3,118,6,30,3,4,3,123,0,0,1,1,1,0,0,1,1,2,2,2,7,2,3,0,0,2,0,0,9,1,5
3,1,9,0,1,0,0,0,0,0,0,1,1,6,2,65,9,1299,1,9,1,1,2,487553,160752,45,2,1,4,515,6,3512,6,30,0,4,6,0,0,0,1,2,2,0,0,1,1,1,1,2,65,9,3,0,0,0,0,0,9,1,4
3,1,9,0,11,0,3,0,0,0,0,3,1,6,1,25,5,1781,1,17,3,1,2,630100,144600,46,2,1,3,533,3,2,1,30,1,4,6,0,0,0,1,1,1,0,0,1,1,1,1,1,33,6,3,0,0,0,0,0,9,1,5
3,1,9,0,18,0,3,0,0,0,0,3,1,6,2,27,6,1360,1,10,1,1,2,457851,316222,33,2,1,1,362,3,6,1,60,1,4,5,5212,0,0,1,1,1,0,0,2,1,1,1,1,33,6,3,0,0,0,0,0,9,1,5
3,2,1,0,9,0,8,0,0,0,0,2,1,6,1,23,5,1598,1,8,1,1,2,378910,392760,6,2,1,5,112,3,56,3,30,6,2,4,5397,0,5,1,1,1,0,0,1,1,1,1,1,23,5,3,0,0,0,0,0,1,1,5
3,1,9,0,18,0,8,0,0,0,0,3,1,6,1,27,6,2143,2,8,1,5,2,329230,671900,95,2,5,6,923,6,0,6,30,6,4,6,0,0,0,1,1,1,3,0,1,1,3,2,1,50,8,3,0,0,2,0,0,9,1,5
3,1,9,0,10,0,1,0,0,0,0,2,1,6,2,23,5,1399,2,6,1,2,2,448802,393020,14,2,2,5,213,4,6093,6,40,3,4,6,0,0,0,1,1,1,0,0,2,1,1,1,2,23,5,3,0,0,0,0,0,9,1,2
3,2,9,0,4,0,8,0,0,0,0,2,1,6,1,44,7,1997,1,11,1,4,2,511410,184460,1,2,4,5,26,3,40,7,50,5,4,3,40,0,0,1,1,1,0,0,1,1,2,1,1,44,7,3,0,0,0,0,0,9,1,5
3,1,1,0,18,4,8,0,0,1,0,1,1,2,1,18,4,1598,1,8,1,1,2,516230,176230,1,2,1,4,25,3,310,3,30,3,3,6,0,0,0,1,8,2,0,0,1,1,1,1,1,18,4,3,0,0,0,0,0,1,1,5
3,2,3,0,18,0,1,0,0,0,0,1,1,6,1,24,5,125,1,7,1,1,2,530800,175970,1,2,1,1,9,3,203,6,30,3,4,6,0,0,0,7,1,1,0,0,1,1,1,1,1,24,5,3,0,0,0,0,0,3,1,9
3,1,9,0,13,0,0,0,0,0,0,1,1,2,1,51,8,1896,2,13,3,2,2,221323,911397,91,2,2,3,927,3,835,6,40,0,4,6,0,0,0,1,2,2,0,0,2,1,1,1,1,51,8,3,0,0,0,0,0,9,3,5
3,4,9,0,18,0,0,2,0,0,0,1,1,6,2,23,5,1598,1,8,1,2,4,330647,343833,60,4,2,4,725,3,483,3,70,0,4,6,0,0,0,4,5,2,0,0,2,1,1,1,1,33,6,3,0,0,0,0,0,9,1,5
3,2,9,0,4,0,8,0,0,0,0,2,1,6,2,44,7,2000,1,14,1,1,3,625600,164970,46,3,1,3,541,3,28,6,30,3,4,6,0,0,0,1,1,1,0,0,2,1,1,2,1,12,3,3,0,0,2,0,0,9,1,1
1,2,5,0,18,0,8,0,0,0,0,1,1,6,1,38,7,748,1,26,1,2,2,434451,433699,13,2,2,2,204,4,6159,3,40,6,4,6,0,0,4,4,1,1,0,0,1,1,1,1,1,38,7,1,0,0,0,0,0,5,1,1
3,1,9,0,18,0,0,0,0,0,0,1,1,6,3,38,7,1598,1,8,1,1,1,331580,434710,4,1,1,1,71,4,5261,6,30,0,4,6,0,0,0,1,1,1,0,0,1,1,1,3,1,16,4,3,5,3,0,0,0,0,1,1
3,1,9,0,7,0,8,0,0,0,0,1,1,6,1,28,6,1896,2,16,1,1,2,602540,141020,46,2,1,2,530,6,3010,6,30,3,4,6,0,0,0,1,2,2,0,0,1,1,1,1,1,33,6,3,0,0,0,0,0,9,1,5
3,2,9,0,18,0,0,0,0,0,0,1,1,6,1,34,6,1753,2,9,1,2,2,342135,397455,5,2,2,3,90,6,0,6,20,0,4,6,0,0,0,1,1,1,0,0,1,1,1,1,1,34,6,3,0,0,0,0,0,9,1,2
3,1,1,0,9,0,1,0,0,0,0,4,1,6,2,31,6,1598,1,8,1,1,2,322144,124373,52,2,1,2,608,3,38,9,30,3,2,6,0,0,1,1,1,1,0,0,1,2,1,1,2,31,6,3,0,0,0,0,0,1,1,9
3,1,9,0,10,0,0,1,0,0,0,2,1,1,1,25,5,2143,2,1,1,1,2,509692,147422,45,2,1,3,512,3,25,6,30,0,4,6,0,0,0,1,1,1,0,0,2,2,1,1,1,25,5,3,0,0,0,0,0,9,1,9
3,1,9,0,18,0,1,0,0,0,0,1,1,6,1,38,7,1598,1,8,1,3,3,523924,322797,32,3,3,4,354,5,726,2,30,3,4,6,767,0,0,1,1,2,0,0,1,1,3,2,1,55,8,3,0,0,1,0,0,9,1,3
3,2,1,0,18,0,6,0,0,0,0,3,1,2,1,28,6,1598,1,8,1,1,2,517624,466388,16,2,1,1,231,6,0,6,30,6,4,6,0,0,0,4,1,1,0,0,1,2,1,1,1,28,6,3,0,0,0,0,0,1,1,1
3,1,9,0,17,0,2,1,0,1,10,1,1,6,1,22,5,1390,1,2,3,1,1,374330,318920,22,1,1,6,284,6,0,6,30,3,4,6,0,0,0,4,1,1,0,0,1,1,1,1,1,22,5,3,0,0,0,0,0,9,3,6
3,2,9,0,13,0,3,1,0,0,0,1,1,6,1,40,7,1598,1,8,3,1,2,332800,442560,4,2,1,2,85,3,585,6,40,3,4,6,0,0,0,1,1,1,0,0,1,1,1,1,1,33,6,3,0,0,0,0,0,9,1,5
3,2,9,0,9,0,8,0,0,0,0,3,1,6,1,36,7,1596,1,7,1,1,2,534990,183330,1,2,1,5,5,4,127,6,20,3,4,6,0,0,0,1,1,1,0,0,1,1,1,1,1,33,6,3,0,0,0,0,0,9,1,5
3,2,9,0,6,0,0,0,0,0,0,3,1,6,1,41,7,2926,2,10,1,1,2,528930,174400,1,2,1,4,9,3,205,6,30,0,4,6,0,0,5,1,1,1,0,0,1,1,1,1,1,33,6,3,0,0,0,0,0,9,1,5
3,1,21,0,12,0,0,0,0,0,0,3,1,1,1,38,7,10837,2,7,1,1,2,455140,220117,43,2,1,2,481,1,40,3,70,0,4,6,0,0,0,1,1,1,0,0,2,2,1,1,1,33,6,3,0,0,0,0,0,9,1,5
3,1,9,0,13,0,0,0,0,0,0,1,1,6,1,20,4,1598,1,8,2,4,2,331680,517780,3,2,4,6,60,3,591,6,60,0,4,6,0,0,0,6,1,1,0,0,2,1,3,2,1,22,5,3,0,0,1,0,0,9,1,5
1,1,19,0,18,0,0,0,0,0,0,1,1,1,1,38,7,1598,1,8,1,1,1,515060,176300,1,1,1,3,25,3,315,6,30,0,4,6,0,0,1,4,1,1,0,0,1,1,1,3,1,35,6,1,4,1,0,0,2,0,1,2
3,2,8,0,4,0,1,0,0,0,0,2,1,1,1,39,7,1995,2,10,1,1,2,616709,244105,37,2,1,3,412,3,1156,2,30,3,4,3,1156,0,1,1,1,1,0,0,1,1,1,1,1,39,7,3,0,0,0,0,0,8,1,1
3,2,9,0,18,0,8,0,0,0,0,1,1,1,2,25,5,1332,1,17,1,1,2,384760,409420,6,2,1,2,106,5,0,6,40,3,4,6,0,0,0,1,1,1,0,0,2,1,1,1,1,33,6,3,0,0,0,0,0,9,1,5
1,1,9,0,16,0,0,5,0,7,10,1,1,2,1,23,5,1956,2,1,1,1,1,355000,501510,3,1,1,6,65,3,6,6,60,0,4,6,0,0,0,6,1,2,0,0,2,1,1,1,1,23,5,1,0,0,0,0,0,9,1,9
3,1,9,0,12,0,0,0,0,0,0,3,1,6,1,35,6,2457,1,13,1,1,2,471009,170051,43,2,1,3,472,3,33,3,40,0,4,6,0,0,4,4,1,2,0,0,1,2,1,1,1,33,6,3,0,0,0,0,0,9,1,5
3,1,9,0,18,0,8,0,0,0,0,3,1,6,2,50,8,998,1,5,1,2,2,534840,183490,1,2,2,3,4,3,107,6,30,3,4,3,106,0,0,1,4,1,0,0,1,1,1,1,2,50,8,3,0,0,0,0,0,9,1,2
3,1,9,0,18,0,1,0,0,0,0,1,1,6,1,27,6,1598,1,10,1,1,2,574000,109208,47,2,1,2,555,3,269,3,30,3,4,6,0,0,0,1,9,1,0,0,1,2,1,1,1,33,6,3,0,0,0,0,0,9,1,5
3,1,19,0,2,0,0,0,0,0,0,2,1,6,3,38,7,2402,2,4,1,1,2,608197,224542,42,2,1,2,461,6,0,6,40,0,4,6,0,0,0,6,1,1,0,2,2,1,1,1,1,33,6,3,0,0,0,0,0,9,1,5
3,1,9,0,18,0,0,5,0,0,0,1,1,6,2,62,9,1198,1,4,1,1,2,584304,263676,37,2,1,4,414,6,0,6,30,0,4,6,0,0,0,1,1,1,0,0,1,1,1,1,2,62,9,3,0,0,0,0,0,9,1,9
3,1,5,0,18,0,0,0,0,7,0,1,1,2,1,53,8,600,1,4,3,2,2,508373,225053,40,2,2,5,421,3,6,6,40,0,4,6,0,0,8,1,3,2,0,0,1,1,2,3,1,15,3,3,1,1,0,0,0,0,1,9
3,1,9,0,18,0,0,0,0,0,0,1,1,6,1,32,6,1396,1,16,1,2,2,526670,174400,1,2,2,7,10,3,214,3,30,0,4,6,0,0,0,1,1,1,0,0,1,1,1,1,1,32,6,3,0,0,0,0,0,9,1,7
3,1,11,0,4,0,1,0,0,0,0,0,1,6,1,38,7,4461,2,2,1,1,1,528450,184290,1,1,1,3,2,3,502,6,30,6,2,3,502,0,5,1,1,1,0,6,1,1,1,2,2,83,11,3,0,0,0,3,0,11,1,3
3,2,9,0,18,0,0,0,0,1,10,1,1,2,1,54,8,998,1,1,2,1,2,288328,66900,50,2,1,7,585,3,380,6,30,0,4,6,0,0,0,1,1,1,0,0,2,1,1,1,1,33,6,3,0,0,0,0,0,9,1,5
3,1,9,0,9,0,1,0,0,1,11,1,1,6,1,38,7,1390,1,14,1,1,2,445468,539550,11,2,1,6,169,6,0,6,30,3,4,6,0,0,0,4,1,2,0,0,1,1,1,2,2,38,7,3,0,0,1,0,0,9,1,1
3,2,19,0,18,0,0,0,0,0,0,2,1,1,1,37,7,1598,1,8,2,1,4,239180,259370,63,4,1,5,750,4,4342,6,30,0,4,6,0,0,0,1,1,1,0,0,2,1,1,1,1,37,7,3,0,0,0,0,0,19,2,5
3,2,9,0,18,0,8,0,0,0,0,1,1,6,2,82,11,1171,1,16,2,2,2,289537,66385,50,2,2,6,587,3,3022,6,40,3,2,6,0,0,0,4,1,1,0,0,2,1,1,1,2,82,11,3,0,0,0,0,0,9,2,7
3,1,11,0,18,0,2,0,0,0,0,0,1,1,1,55,8,1598,2,16,1,3,2,384590,256230,22,2,3,2,276,3,38,6,30,3,4,6,0,0,0,1,1,1,0,0,1,1,1,2,2,72,10,3,0,0,0,4,0,11,1,7
2,1,1,0,18,0,8,0,0,0,0,1,1,6,1,34,6,1598,1,8,1,1,2,528230,182180,1,2,1,5,1,6,0,6,30,6,2,6,0,0,5,1,1,1,0,0,1,1,1,1,1,34,6,2,0,0,0,0,0,1,1,3
3,1,8,0,8,0,1,0,0,0,0,3,1,1,1,40,7,1798,8,3,1,1,2,536290,188850,1,2,1,1,13,6,0,6,20,3,4,3,1006,0,0,4,1,1,0,0,1,2,1,1,1,40,7,3,0,0,0,0,0,8,1,3
2,2,9,0,3,0,2,0,0,0,0,2,1,6,1,70,10,1396,1,6,2,2,4,491633,162483,45,4,2,2,515,1,3,3,70,5,4,1,3,0,0,1,1,1,0,0,2,1,1,1,1,70,10,3,0,0,0,0,0,9,2,6
3,3,9,0,4,0,0,0,0,0,0,2,1,2,2,37,7,1598,3,1,3,2,4,577300,158810,46,4,2,5,536,5,97,6,40,0,4,6,0,0,0,1,1,1,0,0,2,1,2,1,2,37,7,3,0,0,0,0,0,9,3,6
3,1,11,0,18,0,2,0,5,0,0,4,1,3,1,61,9,9600,2,18,3,21,1,491140,335484,32,1,21,3,355,3,607,6,30,7,2,6,0,0,5,1,2,2,0,0,1,2,18,2,2,13,3,3,0,0,0,4,0,11,1,5
3,1,11,0,3,0,1,0,0,0,0,0,1,1,1,50,8,4250,2,6,1,1,1,548150,190040,1,1,1,4,16,6,0,6,30,3,4,6,0,0,0,1,1,1,0,0,2,1,1,2,2,84,11,3,0,0,0,2,0,11,1,2
3,2,9,0,18,0,0,0,0,0,0,3,1,6,1,27,6,1781,1,17,2,2,2,458820,193631,43,2,2,6,484,3,4074,6,60,0,4,6,0,0,0,6,1,2,0,0,2,1,2,2,1,27,6,3,0,0,1,0,0,9,2,4
3,2,9,0,18,0,0,0,0,0,0,1,1,6,3,38,7,1995,2,8,1,2,2,392553,89584,55,2,2,6,644,4,3075,6,60,0,4,6,0,0,0,1,2,2,6,0,2,1,2,2,2,70,10,3,0,0,1,0,0,9,3,8
3,2,8,0,16,0,0,0,0,1,0,1,1,1,1,44,7,1753,2,7,1,2,2,499547,203213,43,2,2,1,478,4,4505,6,60,0,4,6,0,0,0,6,1,1,0,0,2,1,2,1,1,44,7,3,0,0,0,0,0,8,1,5