accident_severity,vehicle_reference,vehicle_type,towing_and_articulation,vehicle_manoeuvre,vehicle_location-restricted_lane,junction_location,skidding_and_overturning,hit_object_in_carriageway,vehicle_leaving_carriageway,hit_object_off_carriageway,1st_point_of_impact,was_vehicle_left_hand_drive?,journey_purpose_of_driver,sex_of_driver,age_of_driver,age_band_of_driver,engine_capacity_(cc),propulsion_code,age_of_vehicle,driver_home_area_type,NUmber_of_Casualities_unique_to_accident_index,No_of_Vehicles_involved_unique_to_accident_index,location_easting_osgr,location_northing_osgr,police_force,number_of_vehicles,number_of_casualties,day_of_week,local_authority_(district),1st_road_class,1st_road_number,road_type,speed_limit,junction_detail,junction_control,2nd_road_class,2nd_road_number,pedestrian_crossing-human_control,pedestrian_crossing-physical_facilities,light_conditions,weather_conditions,road_surface_conditions,special_conditions_at_site,carriageway_hazards,urban_or_rural_area,did_police_officer_attend_scene_of_accident,casualty_reference,casualty_class,sex_of_casualty,age_of_casualty,age_band_of_casualty,casualty_severity,pedestrian_location,pedestrian_movement,car_passenger,bus_or_coach_passenger,pedestrian_road_maintenance_worker,casualty_type,casualty_home_area_type,casualty_imd_decile
3,1,9,0,9,0,4,0,0,0,0,1,1,6,1,66,10,2401,2,11,1,3,2,513475,206558,41,2,3,5,434,5,98,6,30,2,4,6,400,0,8,1,1,1,0,0,2,1,1,1,1,66,10,3,0,0,0,0,0,9,1,10
3,1,9,0,18,0,0,0,0,0,0,1,1,2,1,28,6,1998,1,11,1,1,1,449857,245750,21,1,1,5,257,6,0,6,30,0,4,6,0,0,0,1,1,1,0,0,2,2,1,3,2,7,2,3,5,4,0,0,0,0,1,2
2,1,9,0,18,0,8,0,0,0,0,3,1,2,2,24,5,998,1,3,1,1,2,409817,423721,13,2,1,2,202,6,0,6,20,3,4,6,0,0,0,1,1,1,0,0,1,1,1,3,2,9,2,2,5,4,0,0,0,0,1,4
3,1,9,0,9,0,8,0,0,0,0,1,1,6,1,38,7,1242,1,10,1,1,2,515840,180240,1,2,1,7,27,3,4020,6,30,3,4,6,0,0,0,1,2,2,0,0,1,1,1,1,1,33,6,3,0,0,0,0,0,9,1,5
2,1,3,0,14,0,1,0,0,0,0,1,1,6,1,20,4,125,1,4,3,1,2,400977,437042,13,2,1,2,200,6,0,6,30,3,4,6,0,0,0,4,5,2,0,0,2,1,1,1,1,20,4,2,0,0,0,0,0,3,3,8
3,3,9,0,3,0,0,0,0,0,0,2,1,6,1,40,7,1598,2,3,1,4,3,436710,336390,30,3,4,2,323,3,52,3,70,0,4,6,0,0,0,1,2,2,0,0,1,1,3,1,1,40,7,3,0,0,0,0,0,9,1,8
3,2,9,0,18,0,0,0,0,0,0,2,1,6,1,34,6,1998,2,7,1,1,2,385720,389330,6,2,1,5,109,1,60,3,70,0,4,6,0,0,0,1,1,1,0,0,2,1,1,1,1,34,6,3,0,0,0,0,0,9,1,2
3,1,11,0,7,0,1,0,0,0,0,3,1,1,1,55,8,6700,2,1,1,1,1,344115,391942,5,1,1,6,90,6,0,6,30,3,4,6,0,0,0,4,1,1,0,0,1,1,1,3,1,28,6,3,5,3,0,0,0,0,1,1
3,1,9,0,9,0,5,0,0,0,0,4,1,6,1,32,6,1598,1,8,1,1,2,404670,289200,20,2,1,2,300,6,0,6,30,3,4,6,0,0,0,4,1,1,0,0,1,1,1,1,1,33,6,3,0,0,0,0,0,9,1,5
2,3,9,0,18,0,0,0,0,0,0,3,1,6,1,49,8,1984,1,20,1,1,4,372320,403630,6,4,1,5,107,6,0,6,30,0,4,6,0,0,0,1,1,1,0,0,1,1,1,1,1,33,6,3,0,0,0,0,0,9,1,5
3,1,3,0,15,0,1,0,0,0,0,4,1,6,1,17,4,1598,1,8,1,2,3,350600,388371,7,3,2,6,124,3,5080,6,30,3,4,6,0,0,0,1,1,1,0,0,1,1,1,1,1,17,4,3,0,0,0,0,0,3,1,6
3,1,11,0,18,0,8,0,0,0,0,1,1,1,1,58,9,7300,2,11,1,2,2,521730,185620,1,2,2,5,28,3,4088,6,30,6,4,6,0,0,0,4,1,1,4,0,1,1,2,1,1,58,9,3,0,0,0,0,0,11,1,7
3,2,9,0,18,0,0,0,0,0,0,1,1,6,1,57,9,1598,1,8,1,1,2,415729,433371,13,2,1,4,200,6,0,6,30,0,4,6,0,0,0,1,9,3,0,0,1,2,1,1,1,57,9,3,0,0,0,0,0,9,1,5
3,3,9,0,3,0,1,0,0,0,0,2,1,6,2,46,8,1390,1,6,1,1,3,318106,672733,95,3,1,5,923,3,8,6,30,9,2,3,902,0,0,1,9,1,0,0,1,2,1,1,1,33,6,3,0,0,0,0,0,9,1,5
2,2,1,0,18,0,1,0,0,0,0,3,1,6,1,17,4,1598,1,8,1,1,2,481725,351579,31,2,1,1,345,5,83,6,30,8,4,6,0,0,0,1,1,1,0,0,1,2,1,1,1,17,4,2,0,0,0,0,0,1,1,7
3,2,9,0,9,0,8,0,0,0,0,1,1,1,1,35,6,1598,1,8,3,1,2,297355,694906,96,2,1,4,915,3,977,6,60,8,4,6,0,0,0,1,1,1,0,0,2,1,1,1,1,33,6,3,0,0,0,0,0,9,1,5
3,1,9,0,18,0,0,0,0,0,0,1,1,6,1,50,8,1596,1,13,1,5,2,470004,450956,12,2,5,7,189,3,1079,6,40,0,4,6,0,0,0,1,1,1,0,0,2,1,1,1,1,50,8,3,0,0,0,0,0,9,1,1
3,1,9,0,1,9,6,0,0,0,0,2,1,6,1,36,7,3199,1,11,1,1,1,414528,93532,55,1,1,4,641,6,0,6,30,8,4,6,0,0,0,1,1,1,0,0,1,2,1,3,2,5,1,3,6,9,0,0,0,0,1,7
3,2,9,0,4,0,1,1,0,0,0,2,1,6,2,31,6,1995,2,11,3,1,2,148508,31909,50,2,1,5,596,6,0,6,60,9,4,6,0,0,0,1,9,2,0,0,1,2,1,1,1,33,6,3,0,0,0,0,0,9,1,5
3,1,19,0,5,0,4,0,0,0,0,3,1,2,1,63,9,2299,2,4,1,1,2,269493,657305,97,2,1,6,938,3,724,1,30,1,4,6,0,0,0,4,2,2,0,0,1,1,1,1,1,33,6,3,0,0,0,0,0,9,1,5
2,1,21,1,18,0,0,0,0,0,0,2,1,1,1,54,8,11705,2,10,3,4,6,458218,447960,12,6,4,5,189,3,64,3,70,0,4,6,0,0,0,6,1,2,0,0,2,1,1,1,1,54,8,3,0,0,0,0,0,21,3,6
3,1,9,0,17,0,2,0,10,1,9,4,1,6,2,34,6,1598,1,8,1,1,1,443951,306949,33,1,1,2,361,5,6117,6,60,3,4,4,585,0,0,1,1,4,0,0,2,1,1,1,2,34,6,3,0,0,0,0,0,9,1,5
3,1,9,0,9,0,8,0,0,1,0,3,1,6,2,38,7,1968,2,3,1,3,3,487796,104169,47,3,3,7,559,3,27,1,70,1,4,3,259,0,0,1,1,1,0,0,1,1,1,1,2,38,7,3,0,0,0,0,0,9,1,5
3,1,4,0,16,0,0,1,0,0,0,3,1,6,1,51,8,373,1,8,3,1,2,223945,694989,97,2,1,5,913,3,814,6,60,0,4,6,0,0,0,1,1,1,0,0,2,1,1,1,1,51,8,3,0,0,0,0,0,4,3,5
3,3,11,0,18,0,1,0,0,0,0,0,1,1,1,58,9,4461,2,2,1,1,3,504698,486549,12,3,1,6,186,3,165,6,30,8,4,6,0,0,0,1,1,1,0,0,1,1,1,2,2,62,9,3,0,0,0,4,0,11,1,3
3,2,20,0,12,0,8,0,0,0,0,3,1,1,1,38,7,1598,1,8,1,1,3,529020,181220,1,3,1,2,1,3,4201,3,30,6,2,3,40,0,5,1,1,1,0,0,1,2,1,1,1,33,6,3,0,0,0,0,0,9,1,5
3,1,9,0,4,0,0,0,0,0,0,2,1,6,2,29,6,1242,1,8,1,2,2,498991,171022,45,2,2,7,514,6,3120,6,30,0,4,6,0,0,0,1,1,1,0,0,1,2,2,2,1,33,6,3,0,0,2,0,0,9,1,4
3,1,8,0,1,9,1,0,0,0,0,2,1,1,1,58,9,1797,8,6,1,1,1,537020,187530,1,1,1,1,13,3,1006,6,30,8,4,5,0,0,0,4,1,1,0,0,1,1,1,3,2,23,5,3,6,9,0,0,2,0,1,2
3,2,21,0,18,0,0,0,0,0,0,1,1,1,1,32,6,1598,1,8,1,1,2,588001,187695,42,2,1,5,460,6,0,2,30,0,4,6,0,0,0,1,1,1,0,0,1,1,1,1,1,32,6,3,0,0,0,0,0,21,1,6
3,2,9,0,18,0,8,0,0,0,0,4,1,6,1,69,10,1339,1,9,1,2,2,392850,283660,20,2,2,2,303,6,0,6,30,3,4,6,0,0,0,1,1,1,0,0,1,1,1,1,1,33,6,3,0,0,0,0,0,9,1,5
3,1,5,0,18,0,8,1,0,0,0,1,1,2,1,24,5,599,1,13,2,1,3,386292,155349,54,3,1,5,635,3,363,6,30,8,4,6,0,0,0,1,1,1,0,0,2,1,1,1,1,24,5,3,0,0,0,0,0,5,2,7
3,2,9,0,5,0,6,0,0,0,0,1,1,6,2,24,5,1398,1,12,1,1,3,530530,192900,1,3,1,7,32,3,1004,6,30,3,4,6,0,0,0,1,1,1,0,0,1,1,1,1,1,33,6,3,0,0,0,0,0,9,1,5
3,1,9,0,18,0,3,5,10,1,7,1,1,2,2,43,7,1598,1,8,1,1,1,408460,286890,20,1,1,5,300,3,4540,1,30,1,4,6,0,0,4,4,1,2,0,0,1,1,1,1,2,43,7,3,0,0,0,0,0,9,1,2
3,5,9,0,10,0,0,0,0,0,0,2,1,6,1,31,6,1968,2,4,1,3,5,486198,160299,45,5,3,3,515,3,30,6,40,0,4,6,0,0,4,1,2,2,0,0,1,1,1,1,1,33,6,3,0,0,0,0,0,9,1,5
3,1,9,0,18,0,8,0,0,0,0,3,1,6,1,27,6,999,1,5,1,1,2,532110,179040,1,2,1,5,8,3,201,6,30,3,4,6,0,0,0,4,5,2,0,0,1,1,1,1,1,27,6,3,0,0,0,0,0,9,1,2
3,2,19,0,18,0,0,0,0,0,0,1,1,6,3,38,7,1598,1,8,1,1,2,453624,115029,44,2,1,3,502,4,3035,6,60,0,4,6,0,0,0,7,1,1,0,0,2,2,1,1,1,33,6,3,0,0,0,0,0,9,1,5
3,4,9,0,18,0,1,0,0,0,0,0,1,6,1,38,7,1598,1,8,1,2,4,512680,104539,47,4,2,3,564,6,0,6,30,3,4,3,2032,0,0,1,1,1,0,0,1,2,1,1,1,33,6,3,0,0,0,0,0,9,1,5
3,1,9,0,4,0,1,0,0,0,0,1,1,6,2,24,5,1398,1,4,1,1,2,365189,373405,7,2,1,1,130,3,559,6,30,3,4,6,0,0,0,1,1,1,0,0,1,2,1,1,1,33,6,3,0,0,0,0,0,9,1,5
3,1,9,0,2,0,0,0,0,0,0,4,1,6,2,33,6,1699,1,6,1,2,2,540680,181490,1,2,2,5,17,6,0,6,30,0,4,6,0,0,0,1,1,1,0,0,1,2,2,2,2,6,2,3,0,0,1,0,0,9,1,4
3,1,9,0,18,0,1,0,0,0,0,1,1,2,2,35,6,1598,2,2,1,1,1,297873,669048,95,1,1,2,940,6,0,6,30,3,4,6,0,0,0,4,1,1,0,0,1,2,1,3,2,18,4,3,5,1,0,0,0,0,1,5
3,1,9,0,7,0,8,1,7,1,1,1,1,6,1,50,8,1598,1,13,1,1,1,488053,362290,32,1,1,2,353,3,46,3,60,3,4,6,0,0,0,1,1,2,0,0,2,1,1,2,2,25,5,3,0,0,2,0,0,9,1,5
3,3,9,0,3,0,1,0,0,0,0,3,1,6,2,71,10,1329,1,1,1,3,3,375439,367253,7,3,3,3,129,3,54,6,30,3,4,3,54,0,4,4,1,1,0,0,2,1,1,1,2,71,10,3,0,0,0,0,0,9,1,6
3,2,1,0,18,0,2,0,0,0,0,4,1,6,2,48,8,1598,1,8,1,1,2,541160,184050,1,2,1,6,17,4,167,6,30,3,2,4,165,0,5,1,1,1,0,0,1,1,1,1,2,48,8,3,0,0,0,0,0,1,1,3
2,1,9,0,18,0,0,0,0,0,0,1,1,2,1,19,4,1598,1,2,1,1,1,401530,282610,20,1,1,2,300,4,4121,3,40,0,4,6,0,0,4,4,1,1,0,0,1,1,1,3,2,12,3,2,3,3,0,0,0,0,1,1
3,1,9,0,18,0,0,1,0,0,0,1,1,6,1,27,6,1598,1,8,1,3,2,261153,56167,50,2,3,2,584,6,0,6,30,0,4,6,0,0,0,1,1,1,0,0,2,1,1,1,1,33,6,3,0,0,0,0,0,9,1,5
3,3,9,0,18,0,0,0,0,0,0,2,1,1,1,38,7,1598,1,8,1,1,5,431539,406529,14,5,1,6,210,1,1,3,70,0,4,6,0,0,0,1,1,1,0,0,2,1,1,1,1,33,6,3,0,0,0,0,0,9,1,5
3,3,9,0,18,0,0,0,0,0,0,2,1,6,1,53,8,1598,1,6,1,3,3,446170,124077,44,3,3,4,502,1,3,3,70,0,4,6,0,0,0,1,1,1,0,0,2,1,3,2,2,48,8,3,0,0,1,0,0,9,1,4
3,1,9,0,18,0,1,0,0,0,0,1,1,6,1,38,7,1598,1,12,1,1,2,470201,232925,43,2,1,3,476,3,421,1,30,1,4,3,413,0,0,4,4,1,0,0,1,1,1,1,1,33,6,3,0,0,0,0,0,9,1,5
3,1,9,0,18,0,2,0,4,0,0,4,1,6,1,77,11,1598,1,8,1,1,2,315916,181224,62,2,1,6,741,6,0,6,30,3,4,6,0,0,0,1,1,1,0,0,1,1,1,3,1,30,6,3,9,6,0,0,0,0,1,5
3,2,9,0,18,0,8,0,0,0,0,4,1,6,2,56,9,1956,2,3,2,1,2,391490,303390,20,2,1,6,309,3,449,1,40,1,4,6,0,0,0,4,1,1,0,0,1,2,1,1,2,56,9,3,0,0,0,0,0,9,2,9
3,2,9,0,18,0,6,0,0,0,0,1,1,6,1,39,7,1598,2,4,1,1,2,438778,383045,14,2,1,5,215,4,6388,6,30,3,4,6,0,0,4,1,1,1,0,0,1,1,1,1,1,33,6,3,0,0,0,0,0,9,1,5
3,2,3,0,18,0,1,0,0,0,0,1,1,6,1,51,8,124,1,4,3,1,2,436277,445443,13,2,1,3,204,6,0,6,40,3,4,6,0,0,0,6,1,1,0,0,2,1,1,1,1,51,8,3,0,0,0,0,0,3,3,7
3,1,9,0,9,0,8,0,0,0,0,1,1,6,2,57,9,1242,1,2,3,3,2,272650,701647,96,2,3,4,939,3,820,6,30,3,4,6,0,0,0,1,1,1,0,0,2,1,1,1,2,57,9,3,0,0,0,0,0,9,3,5
3,2,9,0,4,0,1,0,0,0,0,1,1,6,3,38,7,1796,1,13,1,1,2,533830,175290,1,2,1,5,8,3,2214,6,30,1,4,3,2216,0,1,1,1,1,0,0,1,2,1,1,1,33,6,3,0,0,0,0,0,9,1,5
3,1,8,0,7,0,1,0,0,0,0,1,1,6,1,25,5,1360,1,11,3,1,2,385585,349116,21,2,1,5,253,3,527,1,30,1,4,6,96,0,0,1,2,2,0,0,2,1,1,1,1,33,6,3,0,0,0,0,0,9,1,5
2,1,5,0,18,0,1,1,0,0,0,1,1,6,1,47,8,883,1,10,2,1,2,496355,406634,16,2,1,4,232,3,18,6,60,6,4,4,1207,0,0,1,1,1,0,0,2,1,1,1,1,47,8,2,0,0,0,0,0,5,2,5
3,1,9,0,13,0,0,0,0,0,0,4,1,6,2,64,9,1598,1,8,1,1,2,534190,182570,1,2,1,5,5,3,1209,6,30,0,4,6,0,0,0,1,1,1,0,0,1,1,1,1,1,33,6,3,0,0,0,0,0,9,1,5
3,2,1,0,18,0,8,0,0,0,0,4,1,6,1,51,8,1598,1,8,1,1,2,508529,224297,40,2,1,4,421,3,6,1,30,1,4,6,0,0,4,4,4,2,0,0,1,2,1,1,1,51,8,3,0,0,0,0,0,1,1,9
3,1,9,0,16,0,3,1,0,0,0,2,1,6,2,47,8,1328,1,3,1,3,2,413042,551028,11,2,3,4,169,3,691,1,60,1,4,3,692,0,0,4,1,2,0,0,2,1,1,1,1,33,6,3,0,0,0,0,0,9,1,5
3,1,9,0,18,0,1,1,0,0,0,1,1,6,1,19,4,1124,1,15,1,1,2,299650,514150,3,2,1,5,63,3,595,6,60,3,4,6,0,0,0,1,1,2,0,0,2,2,1,1,1,33,6,3,0,0,0,0,0,9,1,5
3,1,9,0,18,0,0,0,0,0,0,1,1,6,2,20,4,1360,1,11,3,1,3,631751,251856,37,3,1,7,415,3,1152,6,30,0,4,6,0,0,0,1,1,1,0,0,2,1,1,1,2,20,4,3,0,0,0,0,0,9,3,5
3,2,1,0,9,0,8,0,0,0,0,2,1,6,1,36,7,1598,1,8,1,1,2,531670,184660,1,2,1,3,3,3,1,1,30,1,4,3,1200,0,1,1,1,1,0,0,1,1,1,1,1,36,7,3,0,0,0,0,0,1,1,2
3,2,9,0,3,0,0,0,0,0,0,2,1,2,1,31,6,1598,1,8,1,1,2,427750,566728,10,2,1,5,147,3,1058,3,50,0,4,6,0,0,0,1,1,1,0,0,1,1,1,1,1,31,6,3,0,0,0,0,0,9,1,5
3,1,9,0,18,0,0,0,0,0,0,1,1,1,2,20,4,1388,1,12,1,2,2,433530,280850,20,2,2,2,302,6,0,6,30,0,4,6,0,0,0,1,1,1,0,0,1,1,1,1,2,20,4,3,0,0,0,0,0,9,1,4
3,2,9,0,18,0,0,0,0,1,0,0,1,6,2,47,8,1360,1,4,1,1,2,437476,454687,12,2,1,4,182,4,6164,6,60,0,4,6,0,0,0,1,1,1,0,0,2,1,1,1,2,47,8,3,0,0,0,0,0,9,1,8
3,1,9,0,1,0,6,0,0,0,0,0,1,6,1,25,5,1598,1,8,1,1,1,442320,314206,33,1,1,2,366,6,6922,6,30,8,4,6,6,0,0,1,1,1,0,0,1,1,1,3,2,85,11,3,6,9,0,0,0,0,2,10
3,2,9,0,7,0,6,0,0,0,0,3,1,5,1,30,6,1398,1,3,1,1,2,405665,287361,20,2,1,6,300,6,0,7,30,3,2,6,0,0,0,1,1,1,0,0,1,2,1,1,1,33,6,3,0,0,0,0,0,9,1,5
3,2,9,0,10,0,8,0,0,0,0,3,1,6,2,43,7,1984,1,7,1,1,2,457116,342011,31,2,1,1,346,6,0,6,20,3,4,6,0,0,0,4,1,1,0,0,1,2,1,1,2,43,7,3,0,0,0,0,0,9,1,4
3,1,9,0,7,0,8,0,0,0,0,1,1,1,1,54,8,1598,1,8,1,1,2,426524,427203,13,2,1,1,204,6,0,1,30,1,4,6,0,0,0,1,1,1,0,0,1,1,1,1,1,33,6,3,0,0,0,0,0,9,1,5
3,1,9,0,16,0,0,0,0,0,0,1,1,6,2,20,4,1896,2,10,3,2,2,497011,296377,34,2,2,1,382,6,3059,6,60,0,4,6,0,0,0,1,1,1,0,0,2,1,2,2,1,3,1,3,0,0,2,0,0,9,3,6
3,1,9,0,11,9,0,0,0,1,0,4,1,6,3,38,7,1598,1,8,1,1,1,357141,172543,52,1,1,2,601,3,4,6,30,0,4,6,0,0,0,1,2,2,0,0,1,1,1,3,1,23,5,3,6,9,0,0,0,0,1,9
3,2,9,0,9,0,3,0,0,0,0,3,1,1,1,19,4,1598,1,8,1,2,2,543856,193372,42,2,2,6,456,3,113,1,30,1,4,6,0,0,0,1,1,1,0,0,1,1,2,2,1,20,4,3,0,0,1,0,0,9,1,8
2,1,9,0,5,0,2,0,0,0,0,1,1,6,1,50,8,1497,8,8,1,1,1,530030,182060,1,1,1,4,2,5,0,6,30,3,4,3,4200,0,1,1,1,1,0,0,1,1,1,3,1,37,7,2,4,1,0,0,2,0,1,2
3,2,9,0,3,0,1,0,0,0,0,2,1,6,1,37,7,1598,1,8,2,2,2,470176,381458,31,2,2,5,341,6,0,1,30,1,4,3,620,0,8,1,3,3,0,0,1,1,1,1,1,37,7,3,0,0,0,0,0,9,2,3
3,2,9,0,10,0,1,0,0,0,0,3,1,6,2,45,7,1598,1,1,1,1,2,356500,426060,4,2,1,3,83,4,6258,6,30,3,4,6,0,0,0,1,1,1,0,0,1,1,1,1,2,45,7,3,0,0,0,0,0,9,1,6
3,1,9,0,18,0,0,0,0,1,0,1,1,6,1,32,6,1598,1,9,1,7,3,346244,374570,7,3,7,2,130,1,56,3,70,0,4,6,0,0,0,1,1,1,0,0,2,1,1,2,2,27,6,3,0,0,1,0,0,9,1,9
3,2,3,0,14,0,2,0,0,7,0,4,1,6,1,49,8,125,1,51,1,1,2,342440,463710,4,2,1,4,76,3,589,6,30,3,2,6,0,0,5,4,4,4,0,0,1,1,1,1,1,49,8,3,0,0,0,0,0,3,1,6
3,3,9,0,18,0,0,0,0,0,0,0,1,1,1,38,7,2993,2,3,1,4,12,334178,390080,5,12,4,6,91,3,5036,3,30,0,4,6,0,0,0,1,1,1,0,0,1,1,1,1,1,33,6,3,0,0,0,0,0,9,1,5
3,1,19,0,12,0,0,0,0,0,0,3,1,6,3,38,7,1598,1,8,1,1,2,413800,290590,20,2,1,5,300,3,452,3,40,0,4,6,0,0,0,1,1,1,0,0,1,1,1,1,1,33,6,3,0,0,0,0,0,9,1,5
2,2,3,0,18,0,2,0,0,0,0,4,1,6,1,29,6,279,1,7,1,1,2,465146,105003,44,2,1,5,498,3,27,6,60,1,4,6,0,0,0,1,1,1,0,0,2,1,1,1,1,29,6,2,0,0,0,0,0,3,1,3
3,2,3,0,18,0,8,0,0,0,0,1,1,6,1,32,6,125,1,4,1,1,2,526170,177690,1,2,1,2,12,3,308,6,30,6,2,3,3220,0,5,4,1,1,0,0,1,1,1,1,1,32,6,3,0,0,0,0,0,3,1,9
3,1,9,0,18,0,2,1,0,0,0,0,1,6,3,38,7,1598,1,8,1,1,2,522328,104803,47,2,1,3,557,6,0,6,30,3,4,6,0,0,0,1,1,1,0,0,1,2,1,1,1,33,6,3,0,0,0,0,0,9,1,5
2,1,5,0,18,0,0,0,0,0,0,1,1,6,1,55,8,1598,1,8,3,1,3,364500,310320,22,3,1,1,284,1,54,3,70,0,4,6,0,0,0,1,1,1,0,0,1,1,1,1,1,55,8,2,0,0,0,0,0,5,3,6
3,2,9,0,18,0,3,0,0,0,1,4,1,2,2,45,7,1461,2,3,1,1,2,272505,655881,97,2,1,6,938,3,72,1,30,1,4,3,72,0,0,1,1,1,0,0,1,1,1,1,2,45,7,3,0,0,0,0,0,9,1,5
3,2,9,0,2,6,0,0,0,0,0,2,1,6,3,30,6,1799,1,8,1,1,2,226798,677619,97,2,1,7,928,6,0,6,30,0,4,6,0,0,0,4,3,4,0,0,1,1,1,1,1,33,6,3,0,0,0,0,0,9,1,5
3,2,9,0,4,0,1,0,0,0,0,2,1,1,1,49,8,1598,1,8,1,1,2,537710,175930,1,2,1,5,7,3,20,6,30,3,4,3,20,0,4,4,2,2,0,0,1,1,1,1,1,33,6,3,0,0,0,0,0,9,1,5
2,1,1,0,18,0,0,0,10,0,0,4,1,6,1,35,6,1598,1,8,1,1,1,374440,415980,4,1,1,4,70,6,0,6,60,0,4,6,0,0,0,1,1,1,0,0,2,1,1,1,1,35,6,2,0,0,0,0,0,1,1,5
3,2,9,0,5,0,1,0,0,0,0,3,1,6,2,35,6,1242,1,10,1,2,2,435621,411517,14,2,2,2,210,4,6428,6,30,3,4,5,589,0,0,4,1,1,0,0,1,1,2,1,2,35,6,3,0,0,0,0,0,9,1,2
3,2,8,0,18,0,8,0,0,0,0,3,1,1,1,53,8,2402,2,12,1,1,2,525860,178080,1,2,1,3,12,3,3220,2,30,6,2,6,0,0,5,1,1,1,0,0,1,1,1,2,2,58,9,3,0,0,2,0,0,8,1,1
2,1,5,0,18,0,0,0,0,0,0,1,1,6,1,29,6,998,1,8,1,1,1,512810,191190,1,1,1,3,29,3,410,6,30,0,4,6,0,0,8,1,9,1,0,0,1,1,1,1,1,29,6,2,0,0,0,0,0,5,1,5
3,2,9,0,4,0,1,0,0,0,0,2,1,6,2,23,5,999,1,1,1,2,2,537298,132433,47,2,2,7,563,6,0,6,30,3,4,6,0,0,0,7,1,1,0,0,2,1,1,1,2,23,5,3,0,0,0,0,0,9,1,10
2,1,11,0,4,0,0,0,0,0,0,0,1,1,1,47,8,1598,1,8,1,1,2,532030,177010,1,2,1,4,9,6,0,6,30,0,4,6,0,0,0,1,1,1,0,0,1,1,1,2,2,63,9,2,0,0,0,4,0,11,1,5
3,1,9,0,18,0,1,0,0,0,0,1,1,6,2,27,6,1686,2,4,2,1,2,427097,585558,10,2,1,4,139,3,1147,6,30,6,4,6,6560,0,0,1,1,2,0,0,2,2,1,1,1,33,6,3,0,0,0,0,0,9,1,5
3,2,90,0,18,0,8,0,0,0,0,3,1,1,1,36,7,6870,2,8,1,1,2,453176,220836,43,2,1,5,481,4,430,6,40,6,4,6,0,0,0,1,1,1,0,0,2,1,1,1,1,33,6,3,0,0,0,0,0,9,1,5
3,2,9,0,18,0,8,0,0,0,0,1,1,6,1,44,7,2143,2,6,2,3,2,412926,189043,54,2,3,4,633,4,4534,3,40,6,2,6,0,0,5,4,2,2,0,0,1,1,2,1,1,44,7,3,0,0,0,0,0,9,2,9
3,1,5,0,13,0,8,0,0,0,0,1,1,6,1,29,6,999,1,9,1,1,2,405328,94613,55,2,1,7,643,3,3049,6,30,8,4,6,0,0,0,1,1,1,0,0,1,1,1,1,1,29,6,3,0,0,0,0,0,5,1,5
3,1,11,0,18,0,1,0,0,0,0,0,1,2,1,47,8,7300,2,9,1,3,1,259521,661779,97,1,3,4,926,4,768,6,30,3,2,6,0,0,0,1,1,1,0,0,1,1,3,2,2,56,9,3,0,0,0,3,0,11,1,5
3,3,19,0,4,0,0,0,0,0,0,2,1,6,1,32,6,1560,2,1,1,3,4,537100,191280,1,4,3,3,13,3,406,3,50,0,4,6,0,0,0,4,1,1,0,0,2,1,3,1,1,32,6,3,0,0,0,0,0,19,1,2
3,2,9,0,17,0,8,1,0,0,0,1,1,6,3,38,7,1199,1,12,1,1,2,425209,421576,13,2,1,1,203,3,638,6,40,3,4,6,0,0,0,4,1,2,0,0,1,1,1,1,1,33,6,3,0,0,0,0,0,9,1,5
3,3,9,0,18,0,0,5,0,4,6,3,1,6,2,30,6,1390,1,12,1,1,3,390760,262300,22,3,1,7,277,1,5,3,70,0,4,6,0,0,0,1,1,1,0,0,1,1,1,1,2,30,6,3,0,0,0,0,0,9,1,2
2,1,5,0,18,0,0,0,0,0,0,4,1,6,1,35,6,749,1,13,1,1,1,365901,161709,52,1,1,1,611,3,368,6,60,0,4,6,0,0,0,1,1,2,0,0,2,1,1,1,1,35,6,2,0,0,0,0,0,5,1,3
2,1,9,0,18,0,0,0,0,0,0,0,1,6,1,33,6,2792,1,6,1,1,1,344900,527730,3,1,1,5,64,3,66,3,70,0,4,6,0,0,0,6,1,2,0,0,2,1,1,1,1,33,6,2,0,0,0,0,0,9,1,3
3,2,1,0,18,0,0,0,4,0,0,1,1,2,1,45,7,1598,1,8,1,2,2,253772,56397,50,2,2,6,583,6,0,6,30,0,4,6,0,0,1,1,2,2,0,0,1,1,1,1,1,45,7,3,0,0,0,0,0,1,1,8
3,2,9,0,16,0,8,0,0,1,0,0,1,2,2,24,5,1124,1,14,1,1,2,505837,401805,32,2,1,5,356,4,1434,6,60,3,4,5,428,0,0,6,1,2,0,0,2,1,1,1,2,24,5,3,0,0,0,0,0,9,1,9
3,1,19,0,17,0,1,2,0,2,11,4,1,6,2,24,5,1598,1,8,1,1,3,327387,692573,94,3,1,3,925,6,0,6,30,3,4,6,0,0,8,4,1,2,0,0,1,1,1,1,2,24,5,3,0,0,0,0,0,19,1,5
3,1,9,0,8,0,1,0,0,0,0,2,1,1,1,58,9,1582,2,1,1,1,2,451167,516461,17,2,1,7,243,3,172,7,30,5,4,4,1380,0,4,1,1,1,0,0,1,1,1,1,1,58,9,3,0,0,0,0,0,9,1,3
3,2,9,0,18,0,8,1,0,0,0,4,1,6,2,31,6,1360,1,9,1,3,4,375830,429270,4,4,3,2,75,3,680,6,30,3,4,6,0,0,0,1,1,1,0,0,1,1,2,1,2,31,6,3,0,0,0,0,0,9,1,4