accident_severity,vehicle_reference,vehicle_type,towing_and_articulation,vehicle_manoeuvre,vehicle_location-restricted_lane,junction_location,skidding_and_overturning,hit_object_in_carriageway,vehicle_leaving_carriageway,hit_object_off_carriageway,1st_point_of_impact,was_vehicle_left_hand_drive?,journey_purpose_of_driver,sex_of_driver,age_of_driver,age_band_of_driver,engine_capacity_(cc),propulsion_code,age_of_vehicle,driver_home_area_type,NUmber_of_Casualities_unique_to_accident_index,No_of_Vehicles_involved_unique_to_accident_index,location_easting_osgr,location_northing_osgr,police_force,number_of_vehicles,number_of_casualties,day_of_week,local_authority_(district),1st_road_class,1st_road_number,road_type,speed_limit,junction_detail,junction_control,2nd_road_class,2nd_road_number,pedestrian_crossing-human_control,pedestrian_crossing-physical_facilities,light_conditions,weather_conditions,road_surface_conditions,special_conditions_at_site,carriageway_hazards,urban_or_rural_area,did_police_officer_attend_scene_of_accident,casualty_reference,casualty_class,sex_of_casualty,age_of_casualty,age_band_of_casualty,casualty_severity,pedestrian_location,pedestrian_movement,car_passenger,bus_or_coach_passenger,pedestrian_road_maintenance_worker,casualty_type,casualty_home_area_type,casualty_imd_decile
3,1,9,0,4,0,1,0,0,0,0,1,1,2,2,33,6,1984,1,4,1,1,2,408715,91579,55,2,1,5,640,3,338,1,30,1,4,3,347,0,0,1,1,1,0,0,1,1,1,1,1,33,6,3,0,0,0,0,0,9,1,5
3,1,9,0,9,0,6,0,0,0,0,1,1,6,2,27,6,1968,2,10,1,2,2,501426,178881,43,2,2,4,473,6,7302,6,30,3,4,6,7302,0,4,1,1,1,0,0,1,1,1,1,2,27,6,3,0,0,0,0,0,9,1,4
3,1,9,0,10,0,1,0,0,0,10,4,1,6,2,61,9,1598,1,8,2,2,2,293814,73089,50,2,2,5,585,3,379,6,30,3,2,3,379,0,0,1,1,1,0,0,1,1,1,1,2,61,9,3,0,0,0,0,0,9,2,6
3,2,9,0,18,0,8,0,0,0,0,1,1,6,1,28,6,1995,2,4,1,1,2,331693,669463,95,2,1,6,929,3,6106,6,30,6,4,6,0,0,0,1,4,1,0,0,2,1,1,2,2,26,6,3,0,0,1,0,0,9,1,5
3,2,9,0,18,0,1,0,0,0,0,1,1,6,1,38,7,1398,1,5,1,1,2,536470,182290,1,2,1,7,5,3,1205,6,30,3,4,6,0,0,1,1,1,1,0,0,1,2,1,1,1,33,6,3,0,0,0,0,0,9,1,5
3,1,9,0,18,0,1,0,10,0,0,1,1,1,2,27,6,1229,1,8,1,2,3,430870,333840,30,3,2,6,323,6,0,6,30,3,4,6,0,0,0,1,1,1,0,0,2,2,2,2,2,3,1,3,0,0,2,0,0,9,1,6
3,1,1,0,18,0,0,0,0,0,0,1,1,2,1,25,5,1598,1,8,1,1,2,558534,112471,47,2,1,5,556,6,0,6,50,0,4,6,0,0,0,1,1,1,0,0,2,2,1,1,1,25,5,3,0,0,0,0,0,1,1,4
3,2,9,0,4,0,4,0,0,0,0,2,1,6,2,53,8,1598,1,8,3,1,2,590250,223487,42,2,1,1,455,3,120,1,40,2,4,6,0,0,0,1,1,2,0,0,1,1,1,1,2,53,8,3,0,0,0,0,0,9,3,9
2,1,9,0,18,0,0,0,0,0,0,4,1,6,1,72,10,1329,1,6,1,1,1,434551,396233,14,1,1,2,215,4,113,6,30,0,4,6,0,0,0,1,2,2,0,0,1,1,1,3,2,12,3,2,5,2,0,0,0,0,1,5
2,2,19,0,9,0,8,0,0,0,0,3,1,6,1,37,7,1968,2,6,1,2,2,533130,184400,1,2,2,5,4,5,0,6,20,6,4,5,0,0,0,4,2,2,0,0,1,1,1,1,1,33,6,3,0,0,0,0,0,9,1,5
3,1,9,0,18,0,0,0,0,1,7,1,1,6,1,27,6,1598,1,8,1,1,2,418125,294721,23,2,1,1,290,1,6,3,70,0,4,6,0,0,0,6,1,2,0,0,2,1,1,1,1,27,6,3,0,0,0,0,0,9,1,6
3,2,1,0,9,0,5,0,0,0,0,1,1,6,1,58,9,1598,1,8,1,1,2,478840,356986,31,2,1,7,345,3,616,1,30,2,4,4,6325,0,0,1,1,1,0,0,2,1,1,1,1,58,9,3,0,0,0,0,0,1,1,5
3,2,9,0,7,0,6,0,0,0,0,0,1,6,3,38,7,1598,1,8,1,1,2,361098,174453,52,2,1,6,601,6,0,6,20,9,3,6,0,0,0,4,4,2,0,0,1,2,1,1,1,33,6,3,0,0,0,0,0,9,1,5
3,2,9,0,5,0,4,0,0,0,0,1,1,6,1,47,8,1364,1,2,1,1,2,417296,185849,54,2,1,6,633,6,0,6,30,1,4,3,4312,0,0,4,1,1,0,0,1,1,1,1,1,33,6,3,0,0,0,0,0,9,1,5
3,3,9,0,2,0,2,0,0,0,0,1,1,6,3,38,7,1149,1,17,1,3,3,409553,91663,55,3,3,4,640,6,0,6,30,3,4,6,0,0,0,1,1,1,0,0,1,1,1,1,1,33,6,3,0,0,0,0,0,9,1,5
3,2,1,0,18,0,8,0,0,0,0,4,1,2,1,34,6,1598,1,8,1,1,2,458622,381581,31,2,1,3,341,3,60,6,30,3,4,3,60,0,0,4,1,1,0,0,1,1,1,1,1,34,6,3,0,0,0,0,0,1,1,5
3,2,9,0,3,0,1,0,0,0,0,2,1,6,2,33,6,1149,1,11,1,1,2,433063,455152,12,2,1,4,182,6,313,6,20,3,4,6,274,0,0,1,1,2,0,0,1,2,1,1,2,33,6,3,0,0,0,0,0,9,1,5
3,3,9,0,18,0,0,0,0,0,0,1,1,6,1,26,6,1956,2,6,1,1,3,547120,174480,1,3,1,1,18,3,2,3,50,0,4,6,0,0,0,1,1,1,0,0,1,1,1,1,1,33,6,3,0,0,0,0,0,9,1,5
3,2,9,0,3,0,1,0,0,0,0,2,1,6,2,25,5,1390,1,17,1,5,3,440072,189115,43,3,5,6,483,3,338,6,30,3,4,6,0,0,0,1,1,1,0,0,1,1,2,1,2,25,5,3,0,0,0,0,0,9,1,9
3,2,19,0,9,0,8,0,0,0,0,3,1,6,1,52,8,1598,1,8,1,1,2,529020,174640,1,2,1,5,9,3,24,6,30,3,2,6,0,0,5,1,1,1,0,0,1,1,1,1,1,33,6,3,0,0,0,0,0,9,1,5
3,2,9,0,18,0,4,0,0,0,0,3,1,6,1,53,8,1598,1,8,1,1,2,540611,367942,32,2,1,7,351,3,158,1,60,1,4,3,158,0,0,1,1,1,0,0,2,1,1,1,1,53,8,3,0,0,0,0,0,9,1,5
3,1,9,0,18,0,0,0,0,0,0,1,1,2,2,21,5,1150,1,8,1,1,4,530970,152402,45,4,1,4,516,1,23,3,70,0,4,6,0,0,0,1,1,1,0,0,2,1,1,1,2,21,5,3,0,0,0,0,0,9,1,7
3,1,9,0,18,0,8,0,0,0,0,1,1,1,1,52,8,1598,1,8,1,2,2,464362,411514,14,2,2,4,211,6,0,6,20,6,4,6,0,0,0,4,1,1,0,0,1,1,2,2,2,21,5,3,0,0,1,0,0,9,1,1
3,1,1,0,18,0,8,0,0,0,0,4,1,6,1,42,7,1598,1,8,1,1,2,444412,401401,14,2,1,5,213,3,6023,1,40,1,4,6,0,0,0,1,1,1,0,0,1,1,1,1,1,42,7,3,0,0,0,0,0,1,1,7
3,2,1,0,18,0,0,0,0,0,0,3,1,2,2,53,8,1598,1,8,1,1,2,478254,471509,12,2,1,4,185,4,1248,6,30,0,4,6,0,0,0,4,1,1,0,0,1,2,1,1,2,53,8,3,0,0,0,0,0,1,1,5
3,1,9,0,18,0,2,0,0,0,0,1,1,6,1,34,6,998,1,10,1,1,1,472081,173139,43,1,1,3,472,6,7201,6,30,6,4,6,7201,0,0,1,1,1,0,0,1,1,1,3,2,46,8,3,5,3,0,0,0,0,1,5
3,1,9,0,18,0,0,0,0,0,0,1,1,6,1,18,4,1242,1,8,1,3,3,412731,309760,21,3,3,5,252,3,5127,6,30,0,4,6,0,0,4,1,1,1,0,0,1,1,1,1,1,18,4,3,0,0,0,0,0,9,1,7
3,1,9,0,1,0,5,0,0,1,3,3,1,1,1,37,7,1598,1,8,1,1,2,403804,131512,54,2,1,5,635,4,3089,6,50,8,4,6,0,0,0,6,1,2,0,0,2,1,1,1,1,33,6,3,0,0,0,0,0,9,1,5
3,1,9,0,5,0,1,0,0,0,0,1,1,6,1,69,10,1598,1,8,1,1,1,312012,175805,62,1,1,4,741,6,0,6,30,3,4,6,0,0,1,1,1,1,0,0,1,1,1,3,2,12,3,3,1,3,0,0,0,0,1,5
3,1,9,0,7,0,1,0,0,0,0,3,1,6,2,67,10,1596,1,4,1,1,2,384600,435210,4,2,1,5,72,3,682,6,30,9,4,3,682,0,0,1,1,1,0,0,1,1,1,1,1,33,6,3,0,0,0,0,0,9,1,5
3,2,9,0,3,0,1,0,0,0,0,1,1,2,2,48,8,1753,2,8,2,1,2,437760,329310,30,2,1,2,328,3,514,6,50,1,4,3,50,0,0,1,7,1,0,0,2,1,1,1,1,33,6,3,0,0,0,0,0,9,1,5
3,3,9,0,18,0,0,0,0,0,0,1,1,6,2,38,7,1598,1,8,1,1,3,522280,168150,1,3,1,2,22,3,3,3,40,0,4,6,0,0,0,4,1,1,0,0,1,1,1,1,2,33,6,3,0,0,0,0,0,9,1,9
3,1,9,0,18,0,1,0,0,0,0,1,1,2,2,32,6,1329,1,3,1,2,3,334489,667468,95,3,2,3,929,4,6414,6,30,3,4,4,6414,2,1,1,1,2,0,0,1,1,1,1,2,32,6,3,0,0,0,0,0,9,1,5
3,1,9,0,7,0,0,5,0,1,1,4,1,6,2,73,10,1596,1,6,1,1,2,525470,408927,16,2,1,3,233,6,0,6,30,0,4,6,0,0,0,1,1,1,0,0,1,1,1,1,2,73,10,3,0,0,0,0,0,9,1,1
3,1,9,0,6,0,0,0,0,0,0,3,1,1,1,45,7,2400,2,3,1,1,2,485949,235562,43,2,1,3,479,5,129,6,30,0,4,6,0,0,0,4,2,2,0,0,2,1,1,1,1,45,7,3,0,0,0,0,0,9,1,5
3,1,9,0,18,0,8,0,0,0,0,1,1,2,1,32,6,1229,1,9,1,1,1,492235,272075,34,1,1,4,386,3,6,6,30,3,2,6,9503,0,1,1,1,1,0,0,2,1,1,3,2,16,4,3,5,3,0,0,0,0,1,5
3,1,1,0,18,0,1,0,0,0,0,0,1,6,1,86,11,1598,1,8,1,1,1,503579,166757,45,1,1,4,514,6,3009,6,30,3,4,6,0,0,0,1,1,1,0,0,1,1,1,1,1,86,11,3,0,0,0,0,0,1,1,3
3,1,9,0,18,0,6,1,0,0,0,1,1,6,1,26,6,1596,1,10,1,2,2,418096,436799,13,2,2,7,200,6,0,6,30,3,4,6,0,0,0,1,1,4,0,0,1,1,1,2,2,25,5,3,0,0,1,0,0,9,1,1
2,2,1,0,18,0,8,0,0,0,0,4,1,2,2,33,6,1598,1,8,1,1,2,332640,437590,4,2,1,3,71,3,587,3,30,3,4,6,0,0,4,4,1,2,0,0,1,1,1,1,2,33,6,2,0,0,0,0,0,1,1,8
3,2,5,0,18,0,8,0,0,0,0,1,1,6,1,22,5,899,1,16,1,2,2,467847,109507,44,2,2,7,502,3,3,1,40,1,4,4,2150,0,0,1,1,1,0,0,2,1,2,2,2,22,5,3,0,0,0,0,0,5,1,4
3,1,17,4,9,0,1,0,0,0,0,3,1,1,1,34,6,1598,1,8,1,2,2,330913,358396,60,2,2,3,724,6,0,6,30,3,4,3,550,0,0,1,1,1,0,0,2,2,1,1,1,33,6,3,0,0,0,0,0,9,1,5
3,2,9,0,18,0,0,0,0,0,0,3,1,6,1,43,7,1197,1,1,1,2,2,399359,304319,21,2,2,7,254,3,34,6,30,0,4,6,0,0,0,4,1,1,0,0,2,1,1,2,1,29,6,3,0,0,1,0,0,9,1,9
3,2,9,0,3,0,1,0,0,0,0,2,1,6,1,58,9,1968,2,6,1,2,2,445270,356100,30,2,2,2,321,3,38,3,70,1,2,3,38,0,0,1,1,1,0,0,2,2,1,1,1,58,9,3,0,0,0,0,0,9,1,2
3,1,1,0,11,9,0,0,0,0,0,1,1,6,1,35,6,1598,1,8,1,1,2,547480,257760,35,2,1,6,390,3,1134,6,30,0,4,6,0,0,0,1,1,1,0,0,1,1,1,1,1,35,6,3,0,0,0,0,0,1,1,5
3,1,9,0,18,0,0,0,0,0,0,4,1,2,2,26,6,1598,1,3,1,1,2,501491,177849,43,2,1,4,473,3,4,6,30,0,4,6,0,0,4,4,2,2,0,0,1,1,1,1,1,33,6,3,0,0,0,0,0,9,1,5
3,1,9,0,13,0,1,0,0,0,0,1,1,2,2,28,6,1560,2,8,2,3,3,527344,369682,32,3,3,4,351,3,158,6,60,8,4,6,0,0,0,1,1,1,0,0,2,1,1,1,2,28,6,3,0,0,0,0,0,9,2,3
2,2,1,0,18,0,1,0,0,0,0,1,1,6,1,24,5,1598,1,8,1,1,2,385040,432300,4,2,1,3,72,6,0,6,30,9,4,6,0,0,0,1,1,1,0,0,1,1,1,1,1,24,5,2,0,0,0,0,0,1,1,3
3,1,9,0,18,0,2,0,0,0,0,1,1,6,1,38,7,1598,1,8,1,1,1,532450,165410,1,1,1,6,20,5,0,6,30,6,4,6,0,0,0,1,1,1,0,0,1,1,1,3,2,42,7,3,5,3,0,0,2,0,1,4
3,1,1,0,3,0,1,0,0,0,0,1,1,6,1,33,6,1598,1,8,1,1,2,525390,184170,1,2,1,4,2,4,510,6,30,3,4,6,0,0,0,1,1,1,0,0,1,1,1,1,1,33,6,3,0,0,0,0,0,1,1,5
3,1,9,0,18,0,0,5,0,0,0,2,1,6,1,52,8,1598,1,8,2,2,2,350411,186890,61,2,2,1,732,1,4,3,70,0,4,6,0,0,0,4,1,1,0,0,2,1,1,1,1,52,8,3,0,0,0,0,0,9,2,4
2,2,9,0,18,0,8,0,0,0,0,1,1,6,2,68,10,1968,2,2,1,2,2,438570,368070,30,2,2,5,327,3,61,6,50,8,4,6,0,0,0,1,8,4,0,0,1,2,2,1,2,68,10,3,0,0,0,0,0,9,1,3
3,1,9,0,18,0,1,0,0,0,0,4,1,6,2,23,5,1248,2,7,1,1,1,434131,391689,14,1,1,2,215,6,0,6,30,3,4,6,0,0,0,4,1,1,0,0,1,1,1,3,1,23,5,3,5,3,0,0,0,0,1,1
3,1,9,0,9,0,2,0,0,0,0,1,2,6,2,58,9,1398,1,3,1,3,3,362754,391208,7,3,3,3,128,6,0,6,30,3,2,6,0,0,0,1,1,1,0,0,1,1,1,1,2,58,9,3,0,0,0,0,0,9,1,2
3,1,9,0,18,0,8,0,0,0,0,1,1,6,3,38,7,1598,1,8,1,1,2,459224,334134,31,2,1,5,347,3,606,1,40,1,2,3,52,0,0,4,1,1,0,0,2,2,1,1,1,33,6,3,0,0,0,0,0,9,1,5
3,2,9,0,18,0,1,0,7,1,3,4,1,6,2,70,10,1598,1,8,1,2,2,333622,414882,5,2,2,7,93,4,5243,6,30,6,4,6,0,0,8,1,1,1,0,0,1,1,2,1,2,70,10,3,0,0,0,0,0,9,1,5
3,2,9,0,18,0,8,0,0,0,0,4,1,6,2,41,7,1390,1,13,1,2,2,397040,283830,20,2,2,7,303,3,458,1,30,1,4,3,459,0,0,4,1,1,0,0,1,2,1,1,2,41,7,3,0,0,0,0,0,9,1,1
3,2,9,0,10,0,8,0,0,0,0,1,1,6,1,27,6,1368,1,9,1,2,2,422505,413581,13,2,2,4,203,6,0,6,40,6,3,6,0,0,0,1,1,1,0,0,2,1,2,1,1,27,6,3,0,0,0,0,0,9,1,4
3,1,19,0,5,0,0,0,0,0,0,0,1,1,1,42,7,2287,2,3,1,1,2,566980,172840,46,2,1,2,535,3,226,6,30,0,4,6,0,0,0,4,1,1,0,0,1,1,1,1,1,33,6,3,0,0,0,0,0,9,1,5
2,1,20,0,18,0,2,0,0,0,0,1,1,1,1,54,8,4461,2,4,1,1,1,529420,183460,1,1,1,6,2,4,512,6,30,6,2,3,400,0,5,1,1,1,0,0,1,1,1,3,2,33,6,2,4,1,0,0,2,0,1,5
2,1,9,0,18,0,0,5,0,1,2,4,1,6,2,33,6,1598,1,8,1,1,1,334332,188963,61,1,1,5,733,6,0,6,30,0,4,6,0,0,0,4,1,1,0,0,2,1,1,1,2,33,6,2,0,0,0,0,0,9,1,5
3,2,1,0,18,0,8,0,0,0,0,3,1,6,1,30,6,1598,1,8,1,1,2,504816,248804,40,2,1,6,420,3,5141,6,30,8,4,6,0,0,0,1,1,1,0,0,1,1,1,1,1,30,6,3,0,0,0,0,0,1,1,2
3,2,9,0,4,0,1,0,0,0,0,3,1,5,1,20,4,1242,1,6,1,3,2,396895,309185,21,2,3,6,250,6,53,6,30,3,4,3,4601,0,0,1,2,2,0,0,1,2,2,2,1,53,8,3,0,0,0,0,0,9,1,4
3,2,9,0,4,0,0,0,0,0,0,2,1,2,1,51,8,1598,1,8,3,1,2,499477,177382,43,2,1,2,474,1,4,3,70,0,4,6,0,0,0,1,1,2,0,0,2,1,1,1,1,33,6,3,0,0,0,0,0,9,1,5
3,1,9,0,16,0,0,0,0,8,0,3,1,6,2,34,6,1997,2,9,2,1,3,156116,36247,50,3,1,7,596,3,30,6,60,0,4,6,0,0,0,1,1,1,0,0,2,1,1,1,1,33,6,3,0,0,0,0,0,9,1,5
3,2,9,0,18,0,0,0,0,0,0,3,1,2,1,25,5,1299,1,9,1,1,3,191079,57854,50,3,1,6,596,6,0,6,30,0,4,6,0,0,0,4,2,2,0,0,2,1,1,1,1,33,6,3,0,0,0,0,0,9,1,5
3,2,9,0,2,0,1,0,0,0,0,0,1,6,1,25,5,1598,1,8,1,1,2,459032,303473,33,2,1,2,364,3,594,3,30,3,2,5,1508,0,5,1,2,2,0,0,1,2,1,1,1,33,6,3,0,0,0,0,0,9,1,5
3,2,9,0,18,0,8,0,0,1,11,3,1,6,1,64,9,1598,1,8,1,4,2,390528,360736,21,2,4,3,256,5,82,6,60,6,4,5,82,0,0,1,1,1,0,0,2,1,4,2,2,54,8,3,0,0,1,0,0,9,1,8
3,4,9,0,4,0,0,0,0,0,0,0,1,6,3,38,7,1598,1,8,1,1,5,300510,311440,63,5,1,7,753,3,458,6,60,0,4,6,0,0,0,1,1,1,4,0,2,1,1,1,1,33,6,3,0,0,0,0,0,9,1,5
2,1,19,0,5,0,8,0,0,0,0,3,1,2,1,62,9,2143,2,3,3,1,2,526992,120304,47,2,1,1,563,3,2300,1,60,1,4,3,23,0,0,1,1,1,0,0,2,1,1,1,1,33,6,3,0,0,0,0,0,9,1,5
3,1,19,0,18,0,1,0,0,0,0,2,1,1,1,59,9,2143,2,3,1,1,3,370480,429170,4,3,1,3,75,3,6119,3,50,6,2,6,0,2,0,1,1,2,0,0,1,1,1,1,1,33,6,3,0,0,0,0,0,9,1,5
3,1,9,0,18,0,2,0,0,0,0,1,1,6,1,52,8,1587,1,12,1,1,2,528080,176630,1,2,1,7,10,3,3205,6,30,3,4,6,0,0,0,4,1,1,0,0,1,1,1,2,2,33,6,3,0,0,1,0,0,9,1,5
2,2,1,0,18,9,1,0,0,0,0,1,1,6,1,9,2,1598,1,8,1,1,2,408762,91624,55,2,1,5,640,3,347,6,30,8,4,6,0,0,0,1,1,1,0,0,1,2,1,1,1,9,2,2,0,0,0,0,0,1,1,5
3,1,3,0,18,0,1,0,0,0,0,1,1,1,1,19,4,125,1,3,1,1,1,654383,294958,37,1,1,4,416,3,12,6,30,3,4,6,0,0,0,1,2,2,0,0,1,1,1,3,2,16,4,3,5,1,0,0,0,0,1,5
3,2,9,0,18,0,0,0,0,0,0,2,1,6,2,85,11,1000,1,2,1,1,2,420238,253888,23,2,1,7,293,3,4390,6,50,0,4,6,0,0,0,1,1,1,0,0,2,1,1,1,2,85,11,3,0,0,0,0,0,9,1,4
2,1,9,0,9,0,2,0,0,0,0,3,1,6,2,64,9,998,1,3,3,1,2,610500,138030,46,2,1,1,539,3,20,6,40,3,4,6,0,0,0,1,1,1,0,0,2,1,1,1,1,33,6,3,0,0,0,0,0,9,1,5
2,1,9,0,18,0,6,0,0,0,0,1,1,6,1,30,6,1598,1,8,1,1,2,430620,365470,30,2,1,2,327,4,5057,6,60,6,4,5,112,0,0,1,2,2,0,0,2,1,1,2,2,18,4,2,0,0,1,0,0,9,1,8
2,1,9,0,18,0,0,0,0,0,0,3,1,6,1,44,7,2204,2,9,3,1,2,426988,454551,12,2,1,1,182,4,6161,6,60,0,4,6,0,0,0,1,1,1,0,0,2,1,1,1,1,33,6,3,0,0,0,0,0,9,1,5
3,2,98,0,18,0,1,0,0,0,0,1,1,1,1,58,9,12419,2,4,1,1,2,250159,55071,50,2,1,6,583,3,374,3,40,3,4,6,0,0,0,1,1,1,0,0,2,1,1,1,1,33,6,3,0,0,0,0,0,9,1,5
3,1,9,0,9,0,2,0,0,0,0,1,1,6,1,47,8,1896,2,10,1,1,1,532340,189210,1,1,1,2,31,6,0,6,30,3,4,3,504,0,0,1,5,2,0,0,1,1,1,3,1,28,6,3,5,4,0,0,2,0,1,9
3,1,9,0,18,0,1,0,0,0,0,1,1,1,1,27,6,1598,1,8,1,1,3,451953,355759,31,3,1,5,340,4,6020,6,60,6,2,3,611,0,5,1,1,1,0,0,1,2,1,1,1,33,6,3,0,0,0,0,0,9,1,5
3,2,9,0,4,0,1,0,0,0,0,2,1,6,2,38,7,1560,2,2,1,2,3,342671,164008,52,3,2,3,605,3,370,6,50,3,4,6,0,0,0,1,1,1,0,0,2,1,1,1,2,38,7,3,0,0,0,0,0,9,1,7
3,2,9,0,18,0,0,0,0,0,0,1,1,6,2,66,10,1598,1,4,3,4,2,320155,123933,52,2,4,3,608,3,38,7,50,0,4,6,0,0,0,1,1,1,0,0,1,1,4,2,1,14,3,3,0,0,1,0,0,9,1,7
3,1,3,0,13,0,8,0,0,0,0,1,1,6,1,19,4,124,1,7,1,1,2,509709,221908,40,2,1,3,421,6,0,6,30,3,4,6,0,0,0,1,1,1,0,0,1,1,1,1,1,19,4,3,0,0,0,0,0,3,1,8
3,3,9,0,3,0,0,0,0,0,0,2,1,6,2,43,7,1149,1,8,1,5,3,433346,564874,10,3,5,4,149,3,19,3,50,0,4,6,0,0,0,4,1,1,0,0,2,2,3,1,2,43,7,3,0,0,0,0,0,9,1,3
2,1,4,0,18,0,2,0,0,0,0,1,1,1,1,20,4,107,1,2,3,1,2,367931,79701,55,2,1,4,646,6,0,2,30,3,4,6,0,0,0,4,1,1,0,0,1,1,1,1,1,20,4,2,0,0,0,0,0,4,1,5
2,1,9,0,18,0,0,0,0,0,0,1,1,6,1,36,7,4942,1,29,1,2,1,528560,177790,1,1,2,3,10,3,3216,6,30,0,4,6,0,0,0,4,1,1,0,0,2,1,2,2,1,38,7,2,0,0,1,0,0,9,1,2
3,2,21,0,14,0,0,0,4,0,0,4,1,6,3,38,7,1598,1,8,1,1,2,508948,249941,40,2,1,6,420,3,421,3,70,0,4,6,0,0,0,6,1,1,0,0,2,1,1,1,1,33,6,3,0,0,0,0,0,9,1,5
2,2,9,0,7,0,2,0,0,0,0,2,1,6,2,33,6,2993,2,8,1,1,2,394590,298430,20,2,1,3,309,3,454,3,40,3,4,6,0,0,0,1,1,1,0,0,1,1,1,1,1,33,6,3,0,0,0,0,0,9,1,5
2,2,9,0,18,0,8,0,0,0,0,1,1,6,1,52,8,1753,2,7,2,1,2,344785,370127,7,2,1,7,130,3,56,6,40,6,4,6,0,0,0,1,1,1,0,0,2,1,1,1,1,33,6,3,0,0,0,0,0,9,1,5
2,1,9,0,9,0,8,0,0,0,0,4,1,6,2,67,10,1086,1,4,1,2,2,382350,390020,6,2,2,1,102,4,5167,3,30,3,2,3,5103,0,0,1,1,1,0,0,1,1,1,2,1,64,9,3,0,0,1,0,0,9,1,1
3,1,9,0,8,0,8,0,0,0,0,2,1,6,2,27,6,1390,1,5,1,1,2,525973,403894,16,2,1,1,233,4,1203,6,30,8,4,6,0,0,0,1,1,1,0,0,1,1,1,1,1,33,6,3,0,0,0,0,0,9,1,5
3,2,9,0,8,0,1,0,0,0,0,3,1,2,2,51,8,1598,2,3,1,1,2,469407,172590,43,2,1,4,472,6,7201,6,30,3,4,6,7201,0,0,1,1,1,0,0,1,2,1,1,1,33,6,3,0,0,0,0,0,9,1,5
3,1,20,0,2,0,0,0,0,0,0,3,1,1,1,41,7,1598,1,8,1,1,2,524660,182280,1,2,1,6,1,3,404,6,30,0,4,6,0,0,4,1,1,1,0,0,1,2,1,3,1,41,7,3,9,6,0,0,2,0,1,4
3,2,9,0,13,0,1,0,0,0,0,1,1,6,1,30,6,1595,1,6,1,1,2,444166,397839,14,2,1,7,213,3,633,6,60,3,4,6,0,0,0,4,1,1,0,0,2,1,1,1,1,33,6,3,0,0,0,0,0,9,1,5
3,1,9,0,18,0,2,1,0,6,6,1,1,6,2,53,8,998,1,9,1,1,2,526528,122717,47,2,1,6,563,3,23,3,70,5,4,3,272,0,0,1,5,2,0,0,2,1,1,1,2,53,8,3,0,0,0,0,0,9,1,6
3,1,9,0,9,0,0,0,0,0,0,1,1,6,1,20,4,1149,1,4,1,2,2,306142,669146,95,2,2,4,940,6,0,6,30,0,4,6,0,0,0,1,2,2,0,0,1,1,1,1,1,20,4,3,0,0,0,0,0,9,1,5
3,1,9,0,7,0,0,0,0,0,11,1,1,2,1,29,6,1998,1,13,1,1,1,248343,665657,97,1,1,5,935,6,0,6,30,0,4,6,0,0,5,1,1,2,0,0,1,1,1,2,1,26,6,3,0,0,1,0,0,9,1,5
3,1,9,0,6,0,8,0,0,0,0,3,1,6,1,72,10,1598,1,8,2,1,2,350985,213635,61,2,1,2,732,3,466,6,30,8,4,6,0,0,0,1,1,2,0,0,1,1,1,1,1,33,6,3,0,0,0,0,0,9,1,5
2,2,9,0,17,0,0,1,10,7,0,1,1,2,1,19,4,1598,1,8,1,3,2,273375,674932,97,2,3,5,932,4,702,6,40,0,4,6,0,0,0,1,1,2,0,0,2,1,1,1,1,19,4,2,0,0,0,0,0,9,1,5
3,2,9,0,3,0,0,0,0,0,0,2,1,6,2,42,7,1598,1,8,1,4,2,523485,222713,41,2,4,1,435,2,1,7,70,0,4,6,0,0,0,1,1,1,0,0,1,1,2,2,2,14,3,3,0,0,1,0,0,9,1,5
2,1,98,0,17,0,0,0,0,0,0,1,1,1,1,51,8,2402,2,8,3,4,2,337166,313740,22,2,4,2,286,4,4393,6,60,0,4,6,0,0,0,1,2,2,0,0,2,1,1,1,1,51,8,3,0,0,0,0,0,98,3,7
3,1,19,0,16,0,3,0,0,1,7,1,1,2,1,26,6,2494,2,3,1,1,1,449194,351982,31,1,1,2,340,1,1,1,70,5,4,3,608,0,0,1,2,2,6,0,2,1,1,2,1,35,6,3,0,0,2,0,0,19,1,6
3,1,9,0,12,0,2,0,10,5,6,3,1,6,1,24,5,1598,1,8,1,1,1,537770,180570,1,1,1,4,5,3,1261,3,30,3,2,6,0,0,5,1,1,1,0,0,1,1,1,1,1,24,5,3,0,0,0,0,0,9,1,2
3,1,9,0,7,0,7,1,0,0,0,2,1,2,2,19,4,1598,1,8,1,1,1,371600,410290,6,1,1,6,100,3,6099,2,30,6,2,3,666,0,5,1,2,2,6,0,1,1,1,3,2,45,7,3,6,9,0,0,0,0,1,3
3,1,9,0,9,0,6,0,0,0,0,3,1,6,2,48,8,1586,1,9,3,3,2,406528,305057,21,2,3,4,252,3,461,6,40,3,4,5,210,0,0,4,1,1,0,0,2,1,3,1,2,48,8,3,0,0,0,0,0,9,3,7
3,1,9,0,18,0,4,0,0,1,0,1,1,6,2,28,6,996,1,6,1,4,2,585021,281842,36,2,4,1,400,3,11,1,70,1,4,5,587,0,0,1,1,1,0,0,2,1,3,2,2,4,1,3,0,0,2,0,0,9,1,1
3,2,9,5,9,0,8,0,0,0,0,4,1,6,2,17,4,1299,1,11,2,5,3,360100,413070,4,3,5,2,73,3,6,1,30,1,4,6,0,0,1,1,1,1,0,0,1,1,3,2,2,18,4,3,0,0,1,0,0,9,2,5