accident_severity,vehicle_reference,vehicle_type,towing_and_articulation,vehicle_manoeuvre,vehicle_location-restricted_lane,junction_location,skidding_and_overturning,hit_object_in_carriageway,vehicle_leaving_carriageway,hit_object_off_carriageway,1st_point_of_impact,was_vehicle_left_hand_drive?,journey_purpose_of_driver,sex_of_driver,age_of_driver,age_band_of_driver,engine_capacity_(cc),propulsion_code,age_of_vehicle,driver_home_area_type,NUmber_of_Casualities_unique_to_accident_index,No_of_Vehicles_involved_unique_to_accident_index,location_easting_osgr,location_northing_osgr,police_force,number_of_vehicles,number_of_casualties,day_of_week,local_authority_(district),1st_road_class,1st_road_number,road_type,speed_limit,junction_detail,junction_control,2nd_road_class,2nd_road_number,pedestrian_crossing-human_control,pedestrian_crossing-physical_facilities,light_conditions,weather_conditions,road_surface_conditions,special_conditions_at_site,carriageway_hazards,urban_or_rural_area,did_police_officer_attend_scene_of_accident,casualty_reference,casualty_class,sex_of_casualty,age_of_casualty,age_band_of_casualty,casualty_severity,pedestrian_location,pedestrian_movement,car_passenger,bus_or_coach_passenger,pedestrian_road_maintenance_worker,casualty_type,casualty_home_area_type,casualty_imd_decile
2,1,9,0,2,0,1,0,0,0,0,3,2,2,3,38,7,1368,1,6,1,1,2,322870,670830,95,2,1,4,923,6,0,6,30,3,4,6,0,0,0,1,1,1,0,0,1,1,1,1,1,33,6,3,0,0,0,0,0,9,1,5
3,2,9,0,9,0,1,0,0,0,0,4,1,6,1,38,7,1905,2,21,1,1,2,624608,221755,42,2,1,2,461,6,0,6,30,9,4,6,0,0,0,1,1,1,0,0,1,2,1,1,1,33,6,3,0,0,0,0,0,9,1,5
3,1,9,0,11,0,0,0,0,0,0,0,1,6,3,38,7,1598,1,8,1,1,2,464238,151324,44,2,1,1,490,3,30,3,70,0,4,6,0,0,0,1,1,1,0,0,1,1,1,1,1,33,6,3,0,0,0,0,0,9,1,5
3,1,9,0,18,0,1,0,4,0,0,1,1,6,1,76,11,1390,1,14,1,1,2,503940,101889,47,2,1,2,558,6,0,6,30,3,4,6,0,0,0,1,1,2,0,0,1,1,1,1,1,76,11,3,0,0,0,0,0,9,1,5
3,1,9,0,18,0,0,0,0,0,0,4,1,6,1,36,7,1360,1,10,1,1,2,586102,190467,42,2,1,3,459,4,1013,6,30,0,4,6,0,0,0,1,2,2,0,0,2,1,1,1,1,33,6,3,0,0,0,0,0,9,1,5
3,1,9,0,18,0,3,0,0,0,0,1,1,6,1,48,8,2976,1,13,2,1,2,415960,185932,54,2,1,6,633,3,4311,1,40,1,4,4,4143,0,4,1,1,1,0,0,1,2,1,1,1,33,6,3,0,0,0,0,0,9,1,5
3,2,9,0,9,0,8,0,0,0,0,4,1,6,1,26,6,1199,1,14,1,1,2,520560,186470,1,2,1,3,28,3,4088,6,30,3,2,6,0,0,5,4,1,2,0,0,1,1,1,1,1,33,6,3,0,0,0,0,0,9,1,5
3,2,9,0,18,0,4,0,0,0,0,1,1,6,2,26,6,1598,1,2,1,1,2,502063,429386,16,2,1,6,231,6,0,1,30,2,4,6,0,0,1,1,1,1,0,0,1,2,1,1,1,33,6,3,0,0,0,0,0,9,1,5
3,1,9,0,9,0,8,0,0,0,0,1,1,6,2,19,4,998,1,9,1,1,2,415035,416416,13,2,1,7,203,4,6432,6,30,6,2,3,629,0,5,4,1,1,0,0,1,1,1,1,1,33,6,3,0,0,0,0,0,9,1,5
3,2,9,0,18,0,1,0,0,7,2,4,1,6,2,26,6,1240,1,5,1,1,2,357740,427480,4,2,1,7,83,3,675,6,30,3,4,6,0,0,0,4,1,1,0,0,1,1,1,1,2,26,6,3,0,0,0,0,0,9,1,8
3,2,9,0,5,0,4,0,0,0,0,1,1,6,2,25,5,1598,1,3,1,1,2,410658,92674,55,2,1,7,640,3,3049,1,30,1,4,3,338,0,0,4,1,1,0,0,1,1,1,1,1,33,6,3,0,0,0,0,0,9,1,5
3,2,1,0,18,9,0,0,0,0,0,1,1,6,2,47,8,1598,1,8,1,1,2,369214,356756,7,2,1,4,129,6,0,3,30,0,4,6,0,0,0,1,1,1,0,0,1,2,1,1,2,47,8,3,0,0,0,0,0,1,1,2
3,2,3,0,18,0,8,0,0,0,0,1,1,6,1,40,7,124,1,2,1,1,2,286058,682862,96,2,1,4,924,6,0,6,30,3,4,6,0,0,0,4,1,1,0,0,1,1,1,1,1,40,7,3,0,0,0,0,0,3,1,5
3,1,9,0,9,0,5,0,4,0,0,1,1,6,1,36,7,1397,1,12,1,3,2,405840,286550,20,2,3,6,300,6,0,6,30,3,4,6,0,0,0,1,1,1,0,0,1,1,3,2,2,7,2,3,0,0,2,0,0,9,1,5
3,2,9,0,8,0,1,0,0,0,0,2,1,6,2,29,6,998,1,3,1,3,3,404660,294210,20,3,3,3,305,3,34,3,30,3,2,3,34,0,0,4,1,1,0,0,1,1,1,1,2,29,6,3,0,0,0,0,0,9,1,2
3,1,9,0,10,0,8,0,0,0,0,4,1,6,1,57,9,1598,1,8,1,1,2,535320,185630,1,2,1,5,4,5,0,6,30,3,4,5,0,0,0,4,4,2,0,0,1,1,1,1,1,33,6,3,0,0,0,0,0,9,1,5
3,1,9,0,18,0,8,0,10,3,2,1,1,6,2,66,10,1560,2,3,1,1,1,523770,181020,1,1,1,4,12,6,0,6,30,3,4,6,0,0,8,4,1,1,0,0,1,1,1,1,2,66,10,3,0,0,0,0,0,9,1,5
3,1,9,0,9,0,8,0,0,0,0,1,1,6,1,47,8,1997,1,10,1,2,2,428097,434512,13,2,2,6,204,6,0,6,30,6,2,6,0,0,4,1,1,1,0,0,1,1,1,1,1,47,8,3,0,0,0,0,0,9,1,7
3,2,9,0,4,0,0,0,0,0,0,2,1,2,2,41,7,1598,1,2,1,3,2,409720,93426,55,2,3,6,640,3,338,3,40,0,4,6,0,0,0,1,1,1,0,0,1,1,2,1,2,41,7,3,0,0,0,0,0,9,1,5
3,1,11,0,4,0,8,0,0,0,0,0,1,1,1,44,7,3900,2,13,1,1,1,524730,173280,1,1,1,2,10,5,0,6,30,6,2,5,0,0,5,1,1,1,0,0,1,1,1,2,1,1,1,3,0,0,0,4,0,11,1,5
3,2,9,0,18,0,8,0,0,0,0,3,1,6,1,43,7,1685,2,1,1,1,2,532903,103521,47,2,1,7,565,3,259,3,30,3,4,6,0,0,0,4,1,1,0,0,1,2,1,1,1,43,7,3,0,0,0,0,0,9,1,2
3,1,9,0,18,0,8,0,0,0,0,1,1,6,1,54,8,2902,2,12,1,3,2,459177,305650,33,2,3,5,364,3,607,1,30,1,2,4,5427,0,5,4,1,1,0,0,1,2,1,1,1,33,6,3,0,0,0,0,0,9,1,5
3,1,9,0,18,0,1,0,0,0,0,1,1,6,1,43,7,1598,1,8,1,1,2,438114,385046,14,2,1,6,215,3,6102,3,30,6,2,3,6135,0,0,1,1,1,0,0,1,1,1,1,1,33,6,3,0,0,0,0,0,9,1,5
3,2,9,0,18,0,0,0,0,0,0,1,1,2,1,56,9,1910,2,5,3,1,4,381654,341545,21,4,1,6,253,3,53,6,60,0,4,6,0,0,0,7,5,2,0,0,2,1,1,1,1,33,6,3,0,0,0,0,0,9,1,5
3,2,20,0,18,0,0,0,0,0,0,2,1,6,1,66,10,1598,1,8,2,2,4,588020,161050,46,4,2,5,540,1,2,3,70,0,4,6,0,0,0,1,1,1,0,0,2,1,1,1,1,33,6,3,0,0,0,0,0,9,1,5
3,5,9,0,18,0,0,0,0,0,0,3,1,6,2,57,9,1198,1,8,1,1,6,425249,563893,10,6,1,3,147,3,167,6,40,0,4,6,0,0,0,4,1,2,0,0,1,1,1,1,1,33,6,3,0,0,0,0,0,9,1,5
1,1,4,0,14,0,1,0,0,0,0,1,1,6,1,23,5,244,1,9,1,2,1,512270,179380,1,1,2,7,27,6,0,6,30,3,4,6,0,0,1,1,4,1,0,0,1,1,1,1,1,23,5,1,0,0,0,0,0,4,1,3
3,1,9,0,18,0,1,0,0,0,0,1,1,6,1,38,7,1998,1,14,1,1,2,454029,204006,43,2,1,3,482,4,4495,6,30,3,4,6,0,0,0,1,1,1,0,0,1,2,1,1,1,33,6,3,0,0,0,0,0,9,1,5
3,1,9,0,13,0,8,1,0,7,4,4,1,2,2,22,5,1587,1,13,2,1,2,568769,342249,36,2,1,3,407,3,149,6,30,3,4,6,0,0,0,1,1,1,0,0,2,1,1,1,2,22,5,3,0,0,0,0,0,9,2,6
3,1,9,0,18,0,4,0,0,0,0,3,1,6,2,54,8,1368,1,4,2,1,2,496661,389449,32,2,1,1,356,3,631,1,60,1,4,3,15,0,0,4,4,2,0,0,2,1,1,1,1,33,6,3,0,0,0,0,0,9,1,5
3,2,5,0,15,4,1,0,0,0,0,3,1,6,1,49,8,1298,1,13,1,1,2,452157,362694,31,2,1,5,344,3,6191,3,40,3,4,6,0,0,4,1,1,1,0,0,1,1,1,1,1,49,8,3,0,0,0,0,0,5,1,6
3,1,9,0,9,0,5,0,0,0,0,1,1,6,2,22,5,1398,1,5,1,1,1,432624,436859,13,1,1,2,204,6,0,6,30,3,4,6,0,0,0,1,1,1,0,0,1,1,1,3,2,65,9,3,5,3,0,0,0,0,1,10
3,1,9,0,7,0,6,0,0,0,0,1,1,6,2,78,11,1598,1,8,2,1,2,358328,122812,52,2,1,7,610,6,0,6,60,3,4,6,0,0,0,1,1,1,0,0,2,1,1,1,2,78,11,3,0,0,0,0,0,9,2,9
3,2,9,0,18,0,0,1,0,1,7,3,1,2,2,25,5,1364,1,8,1,1,2,549520,156690,46,2,1,4,538,1,25,3,70,0,4,6,0,0,0,1,1,1,0,0,2,1,1,1,2,25,5,3,0,0,0,0,0,9,1,5
3,2,9,0,18,0,8,0,0,0,0,1,1,6,2,37,7,1299,1,7,1,1,2,436055,411375,14,2,1,3,210,4,6428,6,30,3,4,6,0,0,0,4,1,1,0,0,1,1,1,1,1,33,6,3,0,0,0,0,0,9,1,5
3,1,11,0,18,0,1,0,0,0,0,0,1,1,1,44,7,4500,2,8,1,3,1,533900,190600,1,1,3,2,31,3,1010,6,30,6,2,4,137,0,5,5,1,1,0,0,1,1,1,2,2,25,5,3,0,0,0,3,0,11,1,3
3,1,9,0,18,0,8,0,0,3,10,1,1,6,2,46,8,1560,2,9,1,3,1,370710,431760,4,1,3,2,75,6,0,6,50,3,4,6,0,0,0,6,7,2,0,0,2,1,1,1,2,46,8,3,0,0,0,0,0,9,1,8
3,2,1,0,18,0,8,0,0,0,0,3,1,4,1,13,3,1598,1,8,1,2,2,394360,293390,20,2,2,5,303,6,0,6,30,8,4,6,0,0,0,1,1,1,0,0,1,1,2,2,1,13,3,3,0,0,0,0,0,1,1,3
3,1,9,0,9,0,5,0,0,0,0,4,1,6,1,45,7,1560,2,2,1,1,2,530846,115463,47,2,1,4,563,4,2116,6,30,3,4,6,0,0,4,4,1,1,0,0,1,1,1,1,1,33,6,3,0,0,0,0,0,9,1,5
2,2,1,0,18,0,1,0,0,1,0,1,1,6,1,79,11,1598,1,8,1,1,2,287394,70591,50,2,1,1,585,6,0,6,30,3,4,6,0,0,0,1,1,1,0,0,1,1,1,1,1,79,11,2,0,0,0,0,0,1,1,6
2,1,9,0,12,0,0,0,0,0,0,0,1,6,1,38,7,1794,1,14,1,1,2,450430,364400,30,2,1,6,321,3,617,3,50,0,4,6,0,0,0,1,1,1,0,0,1,2,1,1,1,33,6,3,0,0,0,0,0,9,1,5
3,1,1,0,18,0,0,0,0,8,0,3,1,6,1,33,6,1598,1,8,1,1,2,348244,153947,52,2,1,1,607,4,3135,6,30,0,4,6,0,0,0,1,9,1,0,0,2,2,1,1,1,33,6,3,0,0,0,0,0,1,1,5
3,1,9,0,17,0,0,5,0,1,9,2,1,6,1,45,7,1242,1,9,2,1,1,473639,236328,43,1,1,1,476,3,422,6,60,0,4,6,0,0,0,7,1,2,0,0,2,1,1,1,1,45,7,3,0,0,0,0,0,9,2,9
2,3,21,1,18,0,0,0,0,0,0,4,1,1,1,58,9,1598,1,8,1,6,3,410845,272457,23,3,6,4,293,1,42,3,70,0,4,6,0,0,0,1,1,1,0,0,2,1,3,1,1,58,9,3,0,0,0,0,0,21,1,8
2,1,9,0,7,0,1,1,0,7,11,1,1,1,1,44,7,1997,2,6,2,1,1,542870,155751,45,1,1,2,516,4,2024,6,60,3,4,5,79,0,0,6,2,2,0,0,2,1,1,1,1,44,7,2,0,0,0,0,0,9,2,10
3,3,9,0,3,0,0,0,0,0,0,2,1,2,2,55,8,2656,1,10,1,3,3,487604,160898,45,3,3,6,515,3,30,6,30,0,4,6,0,0,0,4,1,2,0,0,1,1,2,1,2,55,8,3,0,0,0,0,0,9,1,10
2,2,1,0,18,0,8,0,0,0,0,1,1,6,1,31,6,1598,1,8,1,1,2,525500,174590,1,2,1,6,10,3,218,6,30,3,4,6,0,0,0,1,1,1,0,0,1,1,1,1,1,31,6,2,0,0,0,0,0,1,1,5
3,2,9,0,18,0,8,0,0,0,0,1,1,6,2,38,7,1399,2,3,1,3,2,407310,284450,20,2,3,5,300,6,0,6,30,6,4,6,0,0,0,1,1,1,0,0,1,1,1,1,2,38,7,3,0,0,0,0,0,9,1,1
3,1,9,0,9,0,1,0,0,0,0,1,1,2,1,34,6,1242,1,2,1,1,2,338350,390211,5,2,1,3,91,6,0,6,30,3,4,6,0,0,0,5,5,2,0,0,1,1,1,1,1,33,6,3,0,0,0,0,0,9,1,5
2,1,5,0,18,0,0,1,0,0,0,1,1,6,1,27,6,1598,1,8,1,1,2,310150,286370,63,2,1,7,753,3,483,6,60,0,4,6,0,0,0,1,8,2,0,0,2,1,1,1,1,27,6,2,0,0,0,0,0,5,1,2
3,1,4,0,18,0,1,1,0,0,0,1,1,6,1,54,8,1598,1,8,1,2,2,329250,667180,95,2,2,6,923,5,0,6,60,5,4,3,720,0,0,1,2,2,0,0,2,1,2,2,2,54,8,3,0,0,0,0,0,4,1,5
3,1,9,0,9,0,8,0,0,0,0,1,1,1,2,28,6,1598,1,8,2,3,2,464331,279385,34,2,3,5,381,3,5199,6,60,3,4,5,44,0,0,6,1,1,0,0,2,1,1,1,2,28,6,3,0,0,0,0,0,9,2,8
3,1,9,0,11,0,0,0,0,0,0,0,1,6,3,38,7,1598,1,8,1,2,2,316283,174871,62,2,2,2,741,3,4232,3,70,0,4,6,0,0,0,1,1,2,0,0,2,1,1,1,1,33,6,3,0,0,0,0,0,9,1,5
3,1,9,0,4,0,0,0,0,0,0,1,1,6,1,80,11,1242,1,13,1,1,2,512870,181790,1,2,1,3,27,5,0,3,30,0,4,6,0,0,1,1,1,1,0,0,1,1,1,1,1,33,6,3,0,0,0,0,0,9,1,5
3,1,9,0,18,0,0,1,0,0,0,1,1,6,1,21,5,2497,2,8,1,2,1,407327,432174,13,1,2,3,200,4,6145,6,40,0,4,6,0,0,0,4,1,1,0,0,2,1,2,2,2,19,4,3,0,0,2,0,0,9,1,3
3,2,9,0,18,0,8,0,0,0,0,3,1,6,2,25,5,1124,1,15,1,2,2,435280,335100,30,2,2,6,323,5,81,6,30,6,4,6,0,0,0,1,2,2,0,0,1,2,1,1,2,25,5,3,0,0,0,0,0,9,1,1
3,1,9,0,18,0,4,0,0,0,0,1,1,6,1,38,7,1598,1,15,1,1,2,455576,207444,43,2,1,3,482,3,40,1,30,1,2,3,40,0,0,1,1,1,0,0,1,2,1,1,1,33,6,3,0,0,0,0,0,9,1,5
3,1,9,0,9,0,8,0,0,0,0,1,1,6,1,27,6,1598,1,8,1,1,2,532330,172890,1,2,1,2,9,3,205,6,30,3,4,6,0,0,0,1,1,1,0,0,1,1,1,1,1,33,6,3,0,0,0,0,0,9,1,5
3,1,9,0,18,0,2,0,0,0,0,1,1,2,1,30,6,1598,1,8,1,2,3,281780,181622,62,3,2,5,740,4,4283,6,30,3,4,6,0,0,0,1,1,1,0,0,1,1,1,1,1,30,6,3,0,0,0,0,0,9,1,5
3,1,98,0,18,0,0,1,0,0,0,1,1,6,1,64,9,2500,2,14,1,2,3,383247,310736,21,3,2,6,254,3,5,6,30,0,4,6,0,0,0,1,1,1,0,0,2,2,1,1,1,33,6,3,0,0,0,0,0,9,1,5
3,1,9,0,18,0,0,0,0,0,0,1,1,6,2,44,7,1984,1,7,1,2,2,520800,181880,1,2,2,5,27,3,4000,6,30,0,4,6,0,0,0,4,1,1,0,0,1,1,1,1,2,44,7,3,0,0,0,0,0,9,1,8
3,1,9,0,18,0,8,0,0,0,0,4,1,6,2,22,5,1360,1,14,1,1,2,544010,182820,1,2,1,3,17,3,13,7,40,5,4,3,406,0,0,1,1,1,0,0,2,1,1,1,2,22,5,3,0,0,0,0,0,9,1,3
3,2,9,0,18,0,0,0,0,0,0,1,1,6,2,53,8,1560,2,3,3,2,2,330922,739987,93,2,2,6,912,4,954,6,60,0,4,6,0,0,0,1,4,1,0,0,2,1,1,1,2,53,8,3,0,0,0,0,0,9,3,5
3,2,4,0,18,0,0,0,0,0,0,4,1,6,3,38,7,125,1,6,1,1,2,429379,430162,13,2,1,5,204,3,653,3,30,0,4,6,0,0,0,1,1,1,0,0,1,2,1,1,1,33,6,3,0,0,0,0,0,9,1,5
3,1,9,0,18,0,2,0,0,0,0,1,1,6,1,68,10,1399,2,3,1,1,1,547620,184010,1,1,1,3,16,5,0,6,30,6,4,6,0,0,1,1,1,1,0,0,1,1,1,3,1,9,2,3,4,1,0,0,2,0,1,3
3,2,5,0,18,0,0,2,0,0,0,3,1,6,1,54,8,1255,1,3,1,2,2,417752,444431,13,2,2,3,204,3,6038,6,30,0,4,6,0,0,0,1,1,1,0,0,1,1,1,1,1,54,8,3,0,0,0,0,0,5,1,3
3,2,9,0,18,0,8,0,0,0,0,1,1,6,2,36,7,1798,1,8,1,4,2,468234,233464,43,2,4,6,476,3,421,6,60,3,4,5,137,0,0,1,1,1,0,0,2,1,3,2,1,27,6,3,0,0,2,0,0,9,1,10
3,1,9,0,18,0,1,0,0,0,0,1,1,2,1,49,8,2143,2,2,2,3,3,518983,158437,45,3,3,5,512,3,24,6,30,3,4,6,0,0,0,1,1,1,0,0,2,1,1,1,1,49,8,3,0,0,0,0,0,9,2,8
3,1,9,0,7,0,1,0,0,0,0,2,1,6,2,31,6,1390,1,10,1,1,2,546360,187020,1,2,1,6,14,4,177,6,30,3,4,3,1083,0,1,4,1,1,0,0,1,2,1,1,2,31,6,3,0,0,0,0,0,9,1,5
3,3,9,0,4,0,1,0,0,0,0,2,1,1,1,34,6,1986,2,9,1,2,3,584640,165100,46,3,2,4,540,6,1201,6,30,3,4,6,0,0,0,1,2,2,0,0,2,1,2,1,1,34,6,3,0,0,0,0,0,9,1,9
3,1,19,0,9,0,8,0,0,0,0,1,1,1,1,40,7,1997,2,14,1,2,2,422937,562558,10,2,2,3,146,3,1114,6,30,3,4,6,4831,0,4,1,1,1,0,0,1,1,1,1,1,40,7,3,0,0,0,0,0,19,1,5
3,1,9,0,18,0,0,0,0,0,0,0,1,6,3,30,6,1588,1,11,1,1,2,230441,643925,97,2,1,2,931,6,0,3,30,0,4,6,0,0,0,1,1,2,0,0,1,2,1,1,1,33,6,3,0,0,0,0,0,9,1,5
3,1,3,0,7,0,8,0,0,0,0,2,1,6,1,18,4,125,1,8,1,2,2,378168,354912,7,2,2,1,129,4,5077,6,30,8,4,6,0,0,0,1,1,1,0,0,1,2,1,1,1,18,4,3,0,0,0,0,0,3,1,1
3,2,9,0,4,0,1,0,0,0,0,2,1,6,2,36,7,1360,1,16,1,2,2,651532,306392,36,2,2,2,402,5,627,6,30,3,4,6,0,0,0,1,1,1,0,0,2,1,1,1,2,36,7,3,0,0,0,0,0,9,1,1
3,2,9,0,18,0,0,0,0,0,0,3,1,6,3,38,7,1598,1,8,1,1,2,536306,152773,45,2,1,3,516,1,25,3,70,0,4,6,0,0,0,6,1,1,0,0,2,1,1,1,1,33,6,3,0,0,0,0,0,9,1,5
2,1,21,1,17,0,0,5,0,1,9,4,1,1,1,47,8,16120,2,3,2,1,2,457551,294593,33,2,1,3,360,5,5603,6,60,0,4,6,0,0,0,6,4,2,0,0,2,1,1,1,1,47,8,2,0,0,0,0,0,21,2,6
3,1,9,0,18,0,2,0,0,0,0,1,2,1,1,47,8,998,1,2,1,1,1,414337,91325,55,1,1,3,640,6,0,6,30,6,4,6,0,0,0,1,1,1,0,0,1,1,1,3,2,11,3,3,5,3,0,0,0,0,1,5
3,1,9,0,9,0,5,0,0,0,0,1,1,6,1,85,11,1398,2,7,1,1,2,244886,126357,50,2,1,4,588,6,0,6,30,9,4,6,0,0,0,1,1,1,0,0,1,1,1,1,1,33,6,3,0,0,0,0,0,9,1,5
3,2,9,0,18,0,8,0,0,0,0,4,1,1,1,51,8,1598,1,4,1,1,2,385250,254320,22,2,1,2,276,3,38,6,30,9,4,6,0,0,0,1,1,1,0,0,1,1,1,1,1,51,8,3,0,0,0,0,0,9,1,5
3,2,9,0,13,0,0,0,0,0,0,4,1,1,1,24,5,1388,1,10,3,2,2,586393,243410,37,2,2,5,410,3,134,6,60,0,4,6,0,0,0,1,1,1,0,0,2,1,1,1,1,24,5,3,0,0,0,0,0,9,3,7
3,1,9,0,4,0,1,0,0,0,0,1,1,6,1,38,7,1796,1,10,1,3,2,600740,141390,46,2,3,4,530,6,3010,6,30,6,2,6,0,0,5,1,1,1,0,0,1,2,1,1,1,33,6,3,0,0,0,0,0,9,1,5
3,3,9,0,18,0,0,0,0,0,0,0,1,6,1,40,7,1598,1,8,3,2,3,312468,102239,50,3,2,6,580,3,373,6,60,0,4,6,0,0,0,1,1,1,7,0,2,1,1,1,1,33,6,3,0,0,0,0,0,9,1,5
1,1,1,0,18,0,0,0,0,0,0,2,1,6,1,20,4,1598,1,8,1,1,2,356705,188223,52,2,1,3,612,3,403,6,50,0,4,6,0,0,0,6,2,2,0,0,2,1,1,1,1,20,4,1,0,0,0,0,0,1,1,10
3,1,11,0,5,0,0,0,0,0,0,1,1,1,1,46,8,4500,2,1,1,1,1,527370,175390,1,1,1,6,10,5,0,6,30,0,4,6,0,0,0,1,1,1,0,0,1,1,1,2,1,76,11,3,0,0,0,3,0,11,1,8
3,1,9,0,9,0,6,0,0,7,11,1,1,6,2,79,11,1598,1,8,1,1,2,400484,172382,54,2,1,6,635,5,394,6,50,8,4,6,0,0,0,1,1,1,0,0,1,1,1,2,1,82,11,3,0,0,1,0,0,9,1,10
3,1,9,0,7,0,5,0,0,0,0,4,1,6,2,55,8,1598,1,8,1,2,2,455284,339403,31,2,2,5,346,3,6200,6,30,3,4,5,183,0,0,4,1,1,0,0,1,1,1,1,2,55,8,3,0,0,0,0,0,9,1,5
3,1,9,0,18,0,0,1,7,5,6,1,1,6,2,78,11,1587,1,9,1,1,1,542924,200843,42,1,1,1,456,1,25,3,70,0,4,6,0,0,0,1,1,1,0,0,2,1,1,1,2,78,11,3,0,0,0,0,0,9,1,5
3,1,9,0,18,0,0,1,0,1,9,3,1,6,1,78,11,2179,2,4,3,2,2,207226,770311,91,2,2,2,927,3,82,6,60,0,4,6,0,0,0,1,1,1,0,0,2,1,2,2,2,76,11,3,0,0,1,0,0,9,3,5
3,2,21,1,18,0,8,0,0,0,0,1,1,1,1,58,9,1598,1,8,1,1,2,421337,567984,10,2,1,5,147,3,167,1,60,1,4,3,1,0,4,1,1,1,0,0,2,1,1,1,1,33,6,3,0,0,0,0,0,9,1,5
2,1,9,0,9,0,6,0,0,4,0,3,1,6,1,83,11,1596,1,11,3,1,2,579110,158390,46,2,1,7,536,3,249,3,50,7,4,6,0,0,7,1,1,1,0,0,2,1,1,1,1,83,11,2,0,0,0,0,0,9,3,7
3,2,9,0,3,0,1,0,0,0,0,2,1,6,2,29,6,1598,1,8,1,2,2,496063,182001,43,2,2,6,473,6,7302,6,30,3,4,3,335,0,0,1,1,1,0,0,1,2,2,2,2,23,5,3,0,0,1,0,0,9,1,10
3,3,9,0,3,0,0,0,0,0,0,2,1,6,2,48,8,1598,1,12,1,3,4,438172,273360,23,4,3,5,292,3,445,6,60,0,4,6,0,0,0,1,1,1,0,0,2,1,2,1,2,48,8,3,0,0,0,0,0,9,1,7
3,2,9,0,3,0,2,0,0,0,0,3,1,6,1,53,8,1598,1,8,1,1,2,616619,259481,37,2,1,6,413,3,1120,6,30,3,4,3,1120,0,0,1,1,1,0,0,2,1,1,2,1,21,5,3,0,0,2,0,0,9,1,9
3,2,1,0,18,0,0,0,0,0,0,4,1,6,1,18,4,1598,1,8,1,1,2,511524,430702,16,2,1,6,228,6,0,6,30,0,4,6,0,0,0,1,1,1,0,0,1,1,1,1,1,18,4,3,0,0,0,0,0,1,1,3
3,2,9,0,4,0,1,0,0,0,0,2,1,6,1,48,8,998,1,1,1,2,4,398927,308156,21,4,2,4,254,3,5,6,30,3,4,6,366,0,0,1,1,1,0,0,2,2,1,1,1,48,8,3,0,0,0,0,0,9,1,3
3,2,19,0,18,0,8,0,0,0,0,1,1,6,1,38,7,1753,2,9,1,1,2,520950,183520,1,2,1,5,28,5,0,6,30,3,4,6,0,0,0,1,1,1,0,0,1,2,1,1,1,33,6,3,0,0,0,0,0,9,1,5
3,1,2,0,13,0,8,0,0,0,0,1,1,6,1,19,4,1598,1,8,1,1,2,538920,174100,1,2,1,4,7,5,0,6,30,8,4,6,0,0,0,1,1,1,0,0,1,1,1,1,1,19,4,3,0,0,0,0,0,2,1,5
3,2,1,0,18,0,1,0,0,0,0,2,1,2,1,23,5,1598,1,8,1,1,2,427615,436707,13,2,1,7,204,3,660,6,30,3,4,6,0,0,0,1,1,1,0,0,1,1,1,1,1,23,5,3,0,0,0,0,0,1,1,5
3,2,9,0,4,0,0,0,0,0,0,2,1,6,2,56,9,1598,1,4,1,1,3,413841,434784,13,3,1,3,200,4,6144,6,30,0,4,6,0,0,0,1,1,1,0,0,1,1,1,1,2,56,9,3,0,0,0,0,0,9,1,3
3,2,9,0,18,0,8,0,0,0,0,4,1,6,2,28,6,1596,1,9,1,2,3,536850,177030,1,3,2,2,7,3,2,6,30,3,4,6,0,0,0,1,1,1,0,0,1,1,1,1,1,33,6,3,0,0,0,0,0,9,1,5
3,2,9,0,18,0,0,0,0,0,0,4,1,6,2,70,10,999,1,8,3,1,2,557495,178200,42,2,1,5,462,3,282,3,50,0,4,6,0,0,0,1,1,1,0,0,1,2,1,1,2,70,10,3,0,0,0,0,0,9,3,7
3,1,11,0,3,0,2,0,0,0,0,0,1,1,1,51,8,4461,2,1,1,1,1,528040,178650,1,1,1,2,12,3,3217,1,30,1,2,3,3217,0,5,1,1,1,0,0,1,1,1,2,2,71,10,3,0,0,0,3,0,11,1,9
3,2,9,0,9,0,8,0,0,0,0,4,1,6,2,27,6,1598,1,8,1,1,2,539730,170150,1,2,1,6,19,3,21,6,30,3,4,6,0,0,0,1,1,1,0,0,1,1,1,1,1,33,6,3,0,0,0,0,0,9,1,5
3,2,9,0,18,0,0,0,0,0,0,1,1,2,1,17,4,1248,1,2,2,1,2,556400,179774,42,2,1,7,462,6,0,6,30,0,4,6,0,0,0,4,1,1,0,0,2,1,1,1,1,33,6,3,0,0,0,0,0,9,1,5
3,1,9,0,9,0,8,0,0,0,0,3,1,6,2,43,7,1461,2,6,1,2,2,534630,191280,1,2,2,3,31,6,0,6,30,6,4,6,0,0,8,4,1,1,0,0,1,1,1,1,2,43,7,3,0,0,0,0,0,9,1,1
3,2,11,0,18,0,0,0,0,0,0,1,1,1,1,28,6,3900,2,9,1,3,2,415467,416288,13,2,3,4,203,3,629,3,30,0,4,6,0,0,0,1,1,1,0,0,1,1,1,1,1,28,6,3,0,0,0,0,0,11,1,5