accident_severity,vehicle_reference,vehicle_type,towing_and_articulation,vehicle_manoeuvre,vehicle_location-restricted_lane,junction_location,skidding_and_overturning,hit_object_in_carriageway,vehicle_leaving_carriageway,hit_object_off_carriageway,1st_point_of_impact,was_vehicle_left_hand_drive?,journey_purpose_of_driver,sex_of_driver,age_of_driver,age_band_of_driver,engine_capacity_(cc),propulsion_code,age_of_vehicle,driver_home_area_type,NUmber_of_Casualities_unique_to_accident_index,No_of_Vehicles_involved_unique_to_accident_index,location_easting_osgr,location_northing_osgr,police_force,number_of_vehicles,number_of_casualties,day_of_week,local_authority_(district),1st_road_class,1st_road_number,road_type,speed_limit,junction_detail,junction_control,2nd_road_class,2nd_road_number,pedestrian_crossing-human_control,pedestrian_crossing-physical_facilities,light_conditions,weather_conditions,road_surface_conditions,special_conditions_at_site,carriageway_hazards,urban_or_rural_area,did_police_officer_attend_scene_of_accident,casualty_reference,casualty_class,sex_of_casualty,age_of_casualty,age_band_of_casualty,casualty_severity,pedestrian_location,pedestrian_movement,car_passenger,bus_or_coach_passenger,pedestrian_road_maintenance_worker,casualty_type,casualty_home_area_type,casualty_imd_decile
3,1,9,0,18,0,0,0,0,0,0,3,1,6,1,62,9,1598,1,8,2,1,1,419307,552524,11,1,1,7,169,3,693,3,40,0,4,6,0,0,7,1,1,1,0,0,1,1,1,3,2,29,6,3,5,3,0,0,0,0,1,5
3,3,9,0,4,0,0,0,0,0,0,2,1,6,2,35,6,1398,2,2,1,3,4,558837,179827,42,4,3,7,462,3,13,3,40,0,4,6,0,0,0,4,1,1,4,2,2,1,1,1,2,35,6,3,0,0,0,0,0,9,1,4
3,1,9,0,16,0,0,0,0,0,0,1,1,6,1,57,9,1997,2,12,1,4,2,362286,160562,52,2,4,1,611,3,37,6,60,0,4,6,0,0,0,1,2,2,0,0,2,1,3,2,2,56,9,3,0,0,1,0,0,9,1,7
3,1,9,0,18,0,0,0,0,0,0,4,1,6,2,75,10,1800,1,21,1,1,1,306501,81878,50,1,1,6,580,4,3178,6,30,0,4,6,0,0,0,1,1,1,0,0,2,2,1,3,2,52,8,3,7,8,0,0,0,0,3,4
3,2,1,0,18,0,8,0,0,0,0,1,1,6,2,22,5,1598,1,8,1,1,2,524580,169470,1,2,1,7,22,3,238,6,30,3,4,6,0,0,0,1,1,1,0,0,1,1,1,1,2,22,5,3,0,0,0,0,0,1,1,8
3,2,2,0,9,0,8,0,0,0,0,3,1,6,1,54,8,49,1,2,3,1,2,334277,115279,52,2,1,5,610,3,303,6,60,1,4,3,358,0,0,1,1,1,0,0,2,1,1,1,1,54,8,3,0,0,0,0,0,2,3,8
3,2,9,0,18,0,0,0,0,0,0,3,1,6,1,53,8,1796,1,15,2,1,2,456619,360075,31,2,1,6,344,6,0,6,30,0,4,6,0,0,8,1,1,1,0,0,1,1,1,1,1,53,8,3,0,0,0,0,0,9,2,5
3,1,9,0,9,0,6,0,0,0,0,3,1,2,1,31,6,1229,1,2,1,1,2,509074,198759,41,2,1,4,437,3,411,6,30,3,4,5,75,0,8,1,1,1,0,0,2,1,1,1,1,33,6,3,0,0,0,0,0,9,1,5
3,1,9,0,18,0,1,0,0,0,0,1,1,2,1,30,6,2198,2,9,1,4,2,354349,395303,5,2,4,3,92,6,0,6,30,3,4,6,0,0,0,1,1,1,0,0,1,1,2,1,1,30,6,3,0,0,0,0,0,9,1,1
3,3,9,0,9,0,2,0,0,0,0,0,1,6,3,38,7,1598,1,8,1,1,3,535039,134020,47,3,1,3,563,6,0,6,60,3,4,6,0,0,0,1,1,1,0,0,2,1,1,1,1,33,6,3,0,0,0,0,0,9,1,5
3,1,9,0,14,0,0,0,0,0,0,1,1,1,1,59,9,1299,1,18,1,1,3,617247,215530,42,3,1,6,461,6,0,6,30,0,4,6,0,0,0,1,1,1,0,0,1,1,1,1,1,33,6,3,0,0,0,0,0,9,1,5
3,2,9,0,13,0,0,0,0,0,0,2,1,6,1,26,6,1999,1,13,2,1,2,236374,60214,50,2,1,1,596,3,38,6,50,0,4,6,0,0,0,1,1,1,0,0,2,1,1,2,2,20,4,3,0,0,1,0,0,9,2,3
3,1,1,0,18,0,8,0,0,0,0,4,1,6,1,66,10,1598,1,8,1,1,1,511590,182950,1,1,1,3,27,6,0,6,30,3,4,6,0,0,0,1,1,1,0,0,1,1,1,1,1,66,10,3,0,0,0,0,0,1,1,2
3,2,9,0,13,0,0,0,0,0,0,4,1,6,1,55,8,1590,1,18,1,1,3,521010,191230,1,3,1,5,30,5,0,6,30,0,4,6,0,0,0,1,1,1,0,0,1,1,1,1,1,33,6,3,0,0,0,0,0,9,1,5
3,2,20,0,2,0,2,0,0,0,0,2,1,1,1,44,7,2998,2,2,1,1,2,578250,152950,46,2,1,4,536,6,3616,6,30,3,4,6,0,0,0,1,9,1,0,0,1,2,1,1,1,33,6,3,0,0,0,0,0,9,1,5
3,3,9,0,2,0,0,0,0,0,0,2,1,6,3,28,6,1229,1,8,1,1,4,402940,286610,20,4,1,1,300,6,0,6,30,0,4,6,0,0,0,1,1,1,0,0,1,1,1,1,1,33,6,3,0,0,0,0,0,9,1,5
3,1,9,0,18,0,0,0,0,0,0,1,1,6,1,38,7,1598,1,8,1,1,1,505158,206146,41,1,1,6,33,3,4146,6,30,0,4,6,0,0,0,1,1,1,0,0,2,1,1,3,1,14,3,3,5,9,0,0,0,0,1,5
3,1,9,0,3,0,0,0,0,0,0,2,1,6,1,46,8,2495,2,20,1,1,2,384203,285337,21,2,1,5,254,3,458,6,30,0,4,6,0,0,0,1,1,1,4,0,2,2,1,1,1,33,6,3,0,0,0,0,0,9,1,5
3,2,2,0,18,0,1,0,0,0,0,4,1,6,1,16,4,49,1,38,1,1,2,449228,89350,44,2,1,3,505,6,0,6,30,3,4,6,0,0,0,1,1,1,0,0,1,1,1,1,1,16,4,3,0,0,0,0,0,2,1,4
3,1,9,0,5,0,8,0,0,0,0,2,1,2,1,53,8,1997,2,13,1,1,2,518650,181180,1,2,1,1,27,3,406,6,30,6,2,5,0,0,0,1,2,2,0,0,1,2,1,1,1,53,8,3,0,0,0,0,0,9,1,5
3,1,8,0,7,0,5,0,0,0,0,2,1,1,1,51,8,1598,1,8,1,1,2,522130,183050,1,2,1,4,28,3,404,6,30,3,2,5,0,0,5,1,1,1,0,0,1,1,1,1,1,51,8,3,0,0,0,0,0,8,1,1
3,2,1,0,4,0,1,0,0,0,0,3,1,6,1,22,5,1598,1,8,1,1,2,541030,264230,35,2,1,3,393,5,197,6,30,6,2,5,198,0,4,1,2,2,0,0,2,1,1,1,1,22,5,3,0,0,0,0,0,1,1,5
3,2,9,0,8,0,1,0,0,0,0,2,1,6,1,34,6,1560,2,2,1,1,2,437357,550134,10,2,1,5,150,4,1404,6,60,9,4,6,5041,0,0,6,1,2,0,0,2,1,1,1,1,34,6,3,0,0,0,0,0,9,1,1
3,1,9,0,18,0,0,0,0,0,0,4,1,6,2,47,8,1598,1,8,1,1,1,294718,378632,60,1,1,3,721,3,548,6,30,0,4,6,0,0,4,1,1,1,0,0,1,1,1,3,1,12,3,3,4,1,0,0,0,0,1,5
2,1,19,0,18,0,8,0,0,0,0,1,1,1,1,48,8,1896,2,6,1,1,1,424640,562846,10,1,1,2,146,3,189,7,50,5,4,3,184,0,0,1,1,1,0,0,1,1,1,3,1,39,7,2,8,1,0,0,0,0,1,1
3,1,9,0,4,0,8,0,0,0,0,2,1,2,1,35,6,2993,2,4,1,1,2,512610,183960,1,2,1,5,27,3,312,1,30,1,2,3,40,0,5,1,1,1,0,0,1,1,1,1,1,33,6,3,0,0,0,0,0,9,1,5
3,2,9,0,18,0,0,0,0,0,0,1,1,6,1,38,7,1598,1,8,1,1,2,530030,178250,1,2,1,5,1,3,202,6,30,0,4,6,0,0,0,1,5,2,0,0,1,2,1,1,1,33,6,3,0,0,0,0,0,9,1,5
3,2,1,0,18,0,0,0,0,0,0,3,1,6,1,11,3,1598,1,8,1,1,2,406300,289830,20,2,1,7,300,6,0,6,30,0,4,6,0,0,0,1,1,1,0,0,1,1,1,1,1,11,3,3,0,0,0,0,0,1,1,1
3,2,9,0,18,0,0,0,0,0,0,4,1,6,1,57,9,1398,1,1,1,3,2,333923,671499,95,2,3,2,921,4,6415,6,30,0,4,6,0,0,0,1,1,1,0,0,2,1,3,1,1,57,9,3,0,0,0,0,0,9,1,5
3,2,9,0,18,0,1,0,0,0,0,1,1,1,1,34,6,1560,2,3,1,1,2,611260,223430,42,2,1,2,461,3,133,6,60,3,4,6,0,0,0,1,1,1,0,0,2,1,1,1,1,33,6,3,0,0,0,0,0,9,1,5
3,2,4,0,3,0,1,0,0,0,0,2,1,2,2,25,5,471,1,8,3,1,2,626775,250428,37,2,1,3,415,3,12,1,40,1,4,3,1152,0,0,1,1,1,0,0,2,1,1,1,2,25,5,3,0,0,0,0,0,4,3,8
3,1,9,0,18,0,0,0,0,0,0,1,1,6,2,28,6,1968,2,8,1,4,2,409910,291170,20,2,4,5,300,6,0,6,30,0,4,6,0,0,0,1,1,1,0,0,1,1,1,1,2,28,6,3,0,0,0,0,0,9,1,2
1,2,21,1,18,0,0,0,0,0,0,2,1,1,1,63,9,12740,2,4,1,1,2,419090,287082,23,2,1,3,290,1,6,3,70,0,4,6,0,0,0,1,1,1,0,0,2,1,1,1,1,33,6,3,0,0,0,0,0,9,1,5
3,1,9,0,17,0,0,1,0,1,5,1,1,2,2,27,6,1598,1,8,2,1,1,384042,217815,53,1,1,6,623,4,4073,6,20,0,4,6,0,0,0,1,2,2,0,0,1,1,1,1,2,27,6,3,0,0,0,0,0,9,2,6
3,3,9,0,4,0,1,0,0,0,0,2,1,2,2,32,6,1329,1,6,1,1,3,436685,121869,44,3,1,4,501,3,3090,6,30,3,4,6,0,0,0,1,1,1,0,0,1,1,1,1,1,33,6,3,0,0,0,0,0,9,1,5
3,1,9,0,18,0,2,0,0,0,0,1,1,1,1,30,6,1199,2,2,1,1,1,531980,178870,1,1,1,2,8,3,215,6,30,3,4,3,3,0,0,1,1,1,0,0,1,1,1,3,1,25,5,3,5,1,0,0,2,0,3,7
3,1,9,0,4,0,0,0,0,0,0,1,1,6,1,56,9,2099,1,11,1,1,2,365570,373716,7,2,1,5,130,3,559,6,30,0,4,6,0,0,0,1,1,1,0,0,1,2,1,1,1,33,6,3,0,0,0,0,0,9,1,5
2,2,9,0,7,0,6,0,0,0,0,1,1,1,3,38,7,1598,1,8,1,1,2,499816,150255,45,2,1,2,511,3,320,6,30,3,4,6,0,0,0,1,1,1,0,0,1,2,1,1,1,33,6,3,0,0,0,0,0,9,1,5
2,1,5,0,14,0,0,0,0,0,0,1,1,6,1,48,8,599,1,2,1,2,1,530670,169560,1,1,2,1,20,3,23,6,30,0,4,6,0,0,4,1,1,1,0,0,1,1,1,1,1,48,8,3,0,0,0,0,0,5,1,4
3,1,9,0,18,0,8,0,0,0,0,1,1,6,2,21,5,1149,1,11,1,1,2,433941,285746,23,2,1,2,291,6,0,6,30,8,4,6,0,0,0,1,1,1,0,0,1,1,1,1,1,33,6,3,0,0,0,0,0,9,1,5
3,1,9,0,9,0,8,0,0,0,2,1,1,2,1,25,5,1149,1,10,1,1,1,483277,153612,44,1,1,6,494,6,0,1,50,1,4,6,0,0,0,1,1,1,0,0,2,1,1,1,1,25,5,3,0,0,0,0,0,9,1,10
3,1,9,0,6,0,0,0,0,0,0,3,1,1,1,30,6,1598,1,8,1,1,2,483488,212098,43,2,1,5,476,3,413,7,30,0,4,6,0,0,0,1,1,1,0,0,1,1,1,1,1,33,6,3,0,0,0,0,0,9,1,5
3,1,9,0,9,0,8,0,0,0,0,3,1,6,2,20,4,998,1,1,1,1,2,414290,286440,20,2,1,3,300,6,0,6,30,6,4,6,0,0,0,1,1,1,0,0,1,1,1,1,2,20,4,3,0,0,0,0,0,9,1,6
3,2,9,0,18,0,8,1,0,7,11,4,1,6,1,39,7,1600,1,14,1,1,2,498459,179682,43,2,1,5,473,3,412,6,30,8,4,6,0,0,0,4,1,1,0,0,1,1,1,2,2,36,7,3,0,0,1,0,0,9,1,4
2,2,9,0,2,0,0,0,0,0,0,3,1,6,3,38,7,1686,2,11,1,2,2,617517,214586,42,2,2,6,461,6,0,6,30,0,4,6,0,0,0,1,1,1,0,0,1,1,1,1,1,33,6,3,0,0,0,0,0,9,1,5
3,1,9,0,9,0,8,0,0,0,0,0,1,6,1,24,5,3189,1,10,1,1,2,510881,222234,40,2,1,6,421,3,505,1,30,1,4,6,0,0,7,1,1,1,0,0,1,2,1,1,1,33,6,3,0,0,0,0,0,9,1,5
3,1,9,0,18,0,8,0,0,0,0,1,1,6,2,38,7,1360,1,8,1,2,2,508067,428673,16,2,2,7,228,3,1105,6,30,3,4,6,0,0,0,1,1,1,0,0,1,1,1,1,2,38,7,3,0,0,0,0,0,9,1,3
2,2,3,0,18,0,8,0,0,0,0,1,1,6,1,19,4,125,1,13,1,1,3,383444,217858,53,3,1,5,623,3,430,6,30,3,4,6,1071,0,0,1,1,2,0,0,1,1,1,1,1,19,4,2,0,0,0,0,0,3,1,1
3,1,9,0,9,0,2,0,0,0,0,4,1,6,1,47,8,1598,1,8,1,1,2,497380,372025,32,2,1,5,352,6,968,6,30,3,4,6,960,0,0,4,1,2,0,0,1,1,1,1,1,33,6,3,0,0,0,0,0,9,1,5
2,2,1,0,18,0,1,0,0,0,0,2,1,6,1,77,11,1598,1,8,1,1,2,342330,432080,4,2,1,2,74,6,0,3,30,7,2,6,0,0,0,1,2,2,0,0,1,1,1,1,1,77,11,2,0,0,0,0,0,1,1,5
2,1,19,0,7,0,8,0,0,0,0,4,1,6,1,38,7,1598,1,8,1,1,2,532560,178960,1,2,1,4,8,3,201,3,30,3,4,6,0,0,4,1,1,1,0,0,1,1,1,1,1,33,6,3,0,0,0,0,0,9,1,5
3,3,9,0,3,0,1,0,0,0,0,2,1,6,3,38,7,1598,1,8,1,1,3,527894,408058,16,3,1,6,233,3,46,6,30,3,4,6,0,0,0,1,1,1,0,0,1,2,1,1,1,33,6,3,0,0,0,0,0,9,1,5
3,1,9,0,4,0,1,0,0,0,0,1,1,1,2,20,4,1364,2,5,1,2,2,354820,431120,4,2,2,6,79,4,6241,6,30,6,2,3,5086,0,5,1,1,1,0,0,1,1,1,1,2,20,4,3,0,0,0,0,0,9,1,8
2,2,9,0,4,0,1,0,0,0,0,2,1,1,1,41,7,1798,1,13,1,1,2,594163,271011,37,2,1,2,414,3,143,1,60,1,4,3,1088,0,0,1,1,1,0,0,2,1,1,1,1,33,6,3,0,0,0,0,0,9,1,5
2,3,9,0,18,0,1,0,0,0,0,1,1,6,2,57,9,1596,1,12,3,1,3,575687,120248,47,3,1,3,555,3,21,6,50,3,4,4,2089,0,0,7,2,2,0,0,2,1,1,1,2,57,9,2,0,0,0,0,0,9,3,6
3,2,9,0,3,0,1,0,0,0,0,2,1,3,2,43,7,1590,1,14,1,1,4,496682,197047,43,4,1,6,478,3,355,6,30,3,4,6,408,1,0,1,1,1,0,0,2,1,1,1,2,43,7,3,0,0,0,0,0,9,1,3
3,1,21,0,17,0,0,1,10,2,9,2,1,1,1,46,8,12000,2,7,1,1,1,188822,48676,50,1,1,2,596,4,3275,6,60,0,4,6,0,0,0,1,1,2,0,0,2,1,1,1,1,46,8,3,0,0,0,0,0,21,1,4
3,2,9,0,4,0,0,0,0,0,0,2,1,1,1,46,8,1598,1,8,1,1,2,270415,198802,62,2,1,2,745,4,4291,6,30,0,4,6,0,0,0,1,1,1,0,0,1,1,3,2,2,39,7,3,0,0,1,0,0,9,1,5
3,2,3,0,18,0,8,5,0,0,0,1,1,6,1,22,5,124,1,2,1,1,2,523450,298480,35,2,1,5,394,6,0,6,40,8,4,6,0,0,0,1,1,1,0,0,2,1,1,1,1,22,5,3,0,0,0,0,0,3,1,5
3,3,9,0,2,0,0,0,0,0,0,3,1,6,3,38,7,3456,8,5,1,1,4,436640,275520,20,4,1,6,302,3,45,3,40,0,4,6,0,0,0,4,1,1,0,0,1,1,1,1,1,33,6,3,0,0,0,0,0,9,1,5
3,2,9,0,18,0,2,0,0,0,0,1,1,6,1,28,6,1798,1,11,1,1,2,448207,519716,17,2,1,7,243,3,66,7,30,1,2,4,6541,0,4,1,1,1,0,0,2,1,1,1,1,33,6,3,0,0,0,0,0,9,1,5
2,1,9,0,5,0,6,0,0,0,0,3,1,6,2,48,8,1598,1,8,1,1,2,437760,332960,30,2,1,6,323,3,5111,6,40,6,4,6,0,0,0,1,1,1,0,0,1,1,1,1,1,33,6,3,0,0,0,0,0,9,1,5
3,1,9,0,18,0,0,0,0,0,0,1,1,2,2,44,7,1086,1,8,1,1,2,357050,425420,4,2,1,2,83,1,6,3,70,0,4,6,0,0,0,1,1,1,0,0,1,1,1,1,2,44,7,3,0,0,0,0,0,9,1,5
3,2,9,0,18,0,1,0,0,1,0,1,1,1,1,33,6,1560,2,3,1,2,2,529206,150232,45,2,2,4,513,3,25,6,30,8,4,6,0,0,0,4,1,2,0,0,2,1,2,1,1,33,6,3,0,0,0,0,0,9,1,5
3,1,9,0,4,0,4,0,0,0,0,1,1,6,1,38,7,1598,1,8,1,1,2,276763,663778,97,2,1,4,932,4,802,6,60,1,4,4,8058,0,0,1,2,2,0,0,1,2,1,1,1,33,6,3,0,0,0,0,0,9,1,5
3,2,1,0,18,0,4,0,0,0,0,4,1,6,1,15,3,1598,1,8,1,1,2,514210,104179,47,2,1,7,564,6,0,1,30,2,4,6,0,0,0,1,1,1,0,0,1,2,1,1,1,15,3,3,0,0,0,0,0,1,1,10
3,2,90,0,13,0,8,0,0,0,0,1,1,1,1,57,9,2999,2,3,1,1,3,456733,306707,33,3,1,7,364,4,5327,1,30,2,4,6,2247,0,0,1,1,1,0,0,1,1,1,1,1,33,6,3,0,0,0,0,0,9,1,5
3,1,9,0,18,0,1,0,0,0,0,1,1,1,1,42,7,1991,2,6,1,1,3,505484,194339,41,3,1,3,436,3,412,6,30,1,4,3,412,0,1,1,1,2,0,0,1,1,1,1,1,33,6,3,0,0,0,0,0,9,1,5
3,2,3,0,18,0,1,0,0,0,0,1,1,6,1,20,4,124,1,1,1,1,2,590210,165040,46,2,1,4,540,6,4001,6,30,9,4,6,0,0,0,1,1,1,0,0,1,2,1,1,1,20,4,3,0,0,0,0,0,3,1,3
3,2,8,0,18,0,1,0,0,0,0,3,1,1,1,41,7,1791,8,3,1,1,2,525440,183580,1,2,1,1,2,3,5,6,20,3,2,4,509,0,5,4,2,2,0,0,1,1,1,1,1,41,7,3,0,0,0,0,0,8,1,6
2,1,19,0,18,0,0,1,0,7,0,1,1,5,1,70,10,2402,2,14,1,1,2,570582,190927,42,2,1,3,450,6,0,6,40,0,4,6,0,0,0,6,1,1,0,0,2,2,1,1,1,70,10,2,0,0,0,0,0,19,1,5
3,1,9,0,18,0,0,0,0,1,0,2,1,6,1,57,9,1794,1,9,1,2,2,406766,285267,20,2,2,2,300,3,38,3,30,0,4,6,0,2,4,1,2,2,0,0,1,2,2,2,2,46,8,3,0,0,2,0,0,9,1,5
3,1,9,0,16,0,1,0,0,0,0,1,1,6,2,80,11,1229,1,9,2,3,2,500067,343338,32,2,3,3,353,3,153,6,30,3,4,6,0,0,0,1,1,1,0,0,2,1,3,2,2,75,10,3,0,0,2,0,0,9,1,5
3,1,9,0,7,0,1,0,0,0,0,1,1,6,2,35,6,1796,1,8,1,1,2,405669,96223,55,2,1,4,640,6,0,6,30,3,4,6,0,0,0,1,2,2,0,0,1,1,1,1,1,33,6,3,0,0,0,0,0,9,1,5
3,1,11,0,5,0,0,0,0,1,0,1,1,1,1,55,8,7300,2,10,1,1,1,525220,177250,1,1,1,7,11,3,304,6,30,0,4,6,0,0,0,4,1,1,0,0,1,1,1,3,2,27,6,3,5,1,0,0,2,0,1,5
3,1,9,0,18,0,8,0,7,0,0,1,1,6,2,21,5,1124,1,14,1,1,1,389070,440470,4,1,1,1,77,3,6068,6,30,6,2,3,6068,0,4,4,1,1,0,0,1,1,1,1,2,21,5,3,0,0,0,0,0,9,1,1
3,2,3,0,4,0,0,1,0,1,9,1,1,6,1,22,5,124,1,6,1,1,2,577320,161160,46,2,1,3,536,6,362,6,60,0,4,6,0,0,0,1,1,2,0,0,2,2,1,1,1,22,5,3,0,0,0,0,0,3,1,2
3,2,9,0,18,0,8,0,4,0,0,4,1,6,2,52,8,998,1,8,1,1,3,408180,284350,20,3,1,4,300,6,0,6,30,6,4,6,0,0,0,1,1,1,0,0,1,1,1,1,2,52,8,3,0,0,0,0,0,9,1,5
2,1,1,0,18,0,1,0,0,0,0,3,1,6,1,66,10,1598,1,8,1,1,2,248242,361990,60,2,1,2,722,6,0,6,30,9,4,6,0,0,0,1,1,1,0,0,2,1,1,1,1,66,10,2,0,0,0,0,0,1,1,5
3,1,9,0,18,0,0,0,0,0,0,4,1,6,2,31,6,1898,1,14,1,1,1,329475,392325,5,1,1,5,95,6,0,6,30,0,4,6,0,1,0,1,2,2,0,0,1,1,1,3,1,4,1,3,2,1,0,0,0,0,1,5
3,1,9,0,18,0,1,0,0,0,0,1,1,6,1,52,8,1997,2,4,3,2,2,583027,111757,47,2,2,6,552,6,0,6,30,3,4,6,0,0,0,1,1,2,0,0,1,1,1,1,1,33,6,3,0,0,0,0,0,9,1,5
3,1,9,0,9,0,8,0,0,0,0,1,1,1,1,38,7,1598,1,8,1,1,2,530260,181690,1,2,1,3,2,5,0,6,30,3,4,6,0,0,0,1,1,1,0,0,1,1,1,1,1,33,6,3,0,0,0,0,0,9,1,5
3,1,9,0,9,0,8,0,0,0,0,0,1,6,1,37,7,1598,1,11,1,1,2,529130,183960,1,2,1,1,2,3,400,2,30,3,4,6,0,0,4,4,1,2,0,0,1,1,1,1,1,33,6,3,0,0,0,0,0,9,1,5
3,1,9,0,9,0,6,0,0,0,0,1,1,6,2,23,5,1582,2,2,1,2,2,401860,294170,20,2,2,1,305,6,0,6,60,8,4,6,0,0,0,1,1,1,0,0,1,1,1,1,1,33,6,3,0,0,0,0,0,9,1,5
3,3,9,0,18,0,0,0,0,0,0,2,1,6,1,33,6,1984,1,21,2,5,4,421905,568825,10,4,5,5,147,3,1,3,70,0,4,6,0,0,0,1,1,1,0,0,1,1,3,1,1,33,6,3,0,0,0,0,0,9,2,8
3,3,9,0,10,0,1,0,0,0,0,1,1,2,2,25,5,1796,1,14,1,3,3,498936,159166,45,3,3,5,518,6,3629,6,30,3,4,6,0,0,0,4,1,1,0,0,1,1,1,1,1,33,6,3,0,0,0,0,0,9,1,5
3,1,9,0,18,0,0,0,2,0,0,4,1,6,1,35,6,1598,1,4,1,1,1,442624,277015,23,1,1,7,292,3,428,6,50,0,4,6,0,0,0,1,1,1,4,0,2,2,1,3,1,38,7,3,9,9,0,0,1,0,1,5
3,1,9,0,18,0,8,0,0,0,0,0,1,6,1,54,8,1995,2,8,1,1,2,452115,319955,33,2,1,4,362,3,6004,1,30,1,4,3,6004,0,0,1,1,1,0,0,1,1,1,1,1,33,6,3,0,0,0,0,0,9,1,5
3,2,2,0,13,0,8,0,0,0,0,1,1,6,2,22,5,1598,1,8,1,1,2,529470,173960,1,2,1,3,9,3,205,6,30,3,4,6,0,0,0,1,1,1,0,0,1,1,1,1,2,22,5,3,0,0,0,0,0,2,1,2
3,1,9,0,4,0,1,0,0,0,0,2,1,6,2,19,4,1388,1,10,1,2,2,533440,196030,1,2,2,1,32,5,0,6,30,3,4,6,0,0,0,1,1,1,0,0,1,2,1,1,2,19,4,3,0,0,0,0,0,9,1,5
3,1,9,0,1,0,2,0,0,0,0,2,1,6,1,38,7,1598,1,8,1,2,1,529130,184380,1,1,2,5,2,6,0,6,30,6,4,3,5202,0,5,1,1,1,0,0,1,2,2,3,1,0,1,3,4,3,0,0,2,0,1,3
3,2,9,0,2,0,0,0,0,0,0,3,1,6,2,38,7,1984,2,9,1,1,2,411060,293330,20,2,1,4,300,3,452,6,30,0,4,6,0,0,0,4,1,2,0,0,1,1,1,2,2,39,7,3,0,0,1,0,0,9,1,1
3,1,21,1,16,0,0,0,0,0,0,3,1,1,1,43,7,11946,2,2,1,1,2,376703,823432,92,2,1,3,911,4,9001,6,60,0,4,6,0,0,0,1,8,2,0,0,2,2,1,1,1,33,6,3,0,0,0,0,0,9,1,5
3,1,9,0,14,0,0,0,0,0,0,4,1,6,2,24,5,2993,2,5,1,1,2,432919,571950,10,2,1,2,148,6,2179,6,30,0,4,6,0,0,0,1,1,1,0,0,1,1,1,1,2,24,5,3,0,0,0,0,0,9,1,10
3,2,9,0,18,0,8,0,0,0,0,1,1,2,1,32,6,1582,2,8,1,2,2,414050,291670,20,2,2,5,300,3,38,3,40,3,4,6,0,0,0,4,1,1,0,0,1,1,1,1,1,32,6,3,0,0,0,0,0,9,1,1
3,2,9,0,3,0,0,0,0,0,0,2,1,6,1,30,6,1995,2,11,1,2,2,375060,428540,4,2,2,3,75,6,0,6,30,0,4,6,0,0,0,4,1,1,0,0,1,1,2,2,2,25,5,3,0,0,2,0,0,9,1,3
3,2,9,0,13,0,1,5,0,7,10,1,1,6,2,19,4,2198,2,1,1,5,3,369209,156600,52,3,5,7,611,3,367,6,50,3,4,6,0,0,0,6,1,1,0,0,2,1,1,1,2,19,4,3,0,0,0,0,0,9,1,10
3,2,9,0,18,0,8,0,0,0,0,1,1,6,2,27,6,1598,1,8,1,2,3,367460,411030,6,3,2,1,100,4,6226,6,60,6,4,4,6402,0,0,1,1,1,0,0,2,1,2,2,2,64,9,3,0,0,2,0,0,9,1,5
3,2,9,0,3,0,1,0,0,0,0,2,1,6,1,38,7,1596,1,6,1,2,3,543630,182570,1,3,2,5,17,3,13,3,50,5,4,6,0,0,0,1,2,2,0,0,1,2,1,1,1,33,6,3,0,0,0,0,0,9,1,5
2,1,4,0,18,0,0,0,10,5,6,3,1,6,1,38,7,1598,1,8,1,1,1,543800,180940,1,1,1,1,17,3,406,3,40,0,4,6,0,0,0,4,1,1,0,0,2,1,1,1,1,33,6,2,0,0,0,0,0,4,1,6
2,2,1,0,18,0,8,0,0,0,0,1,1,2,1,37,7,1598,1,8,1,1,2,455567,342150,31,2,1,4,346,6,0,6,30,3,2,6,0,0,5,1,1,1,0,0,1,1,1,1,1,37,7,2,0,0,0,0,0,1,1,10
3,1,9,0,9,0,8,0,0,0,0,1,1,1,2,18,4,998,1,1,1,3,2,442653,401686,14,2,3,4,213,3,633,1,40,1,4,6,0,0,0,4,2,2,0,0,2,1,2,2,1,31,6,3,0,0,2,0,0,9,1,1
2,1,8,0,18,0,0,0,0,0,0,0,1,1,1,38,7,1598,1,8,1,1,2,451793,206265,43,2,1,1,482,3,420,6,20,0,4,6,0,0,0,4,1,2,0,0,1,2,1,1,1,33,6,3,0,0,0,0,0,9,1,5
3,1,11,0,9,0,2,0,0,0,0,0,1,1,1,60,9,6692,2,2,1,2,1,535230,196200,1,1,2,3,32,3,110,6,30,6,2,3,1010,0,5,1,1,1,0,0,1,1,2,2,1,28,6,3,0,0,0,4,0,11,1,3
3,5,9,0,18,0,0,0,0,0,0,1,1,6,2,33,6,1390,1,6,1,5,5,439372,386570,14,5,5,2,215,3,630,3,50,0,4,6,0,0,0,1,1,1,0,0,1,1,5,1,2,33,6,3,0,0,0,0,0,9,1,4
3,1,9,0,15,0,2,0,0,0,0,1,1,6,1,30,6,1798,1,9,1,1,2,392420,395880,6,2,1,3,110,3,6017,6,30,3,4,6,0,0,0,4,1,1,0,0,1,1,1,1,1,33,6,3,0,0,0,0,0,9,1,5
3,2,1,0,18,0,8,0,0,0,0,2,1,2,1,53,8,1598,1,8,1,1,3,395180,399760,6,3,1,3,110,3,670,6,30,3,4,6,0,0,0,7,2,2,0,0,1,1,1,1,1,53,8,3,0,0,0,0,0,1,1,7