accident_severity,vehicle_reference,vehicle_type,towing_and_articulation,vehicle_manoeuvre,vehicle_location-restricted_lane,junction_location,skidding_and_overturning,hit_object_in_carriageway,vehicle_leaving_carriageway,hit_object_off_carriageway,1st_point_of_impact,was_vehicle_left_hand_drive?,journey_purpose_of_driver,sex_of_driver,age_of_driver,age_band_of_driver,engine_capacity_(cc),propulsion_code,age_of_vehicle,driver_home_area_type,NUmber_of_Casualities_unique_to_accident_index,No_of_Vehicles_involved_unique_to_accident_index,location_easting_osgr,location_northing_osgr,police_force,number_of_vehicles,number_of_casualties,day_of_week,local_authority_(district),1st_road_class,1st_road_number,road_type,speed_limit,junction_detail,junction_control,2nd_road_class,2nd_road_number,pedestrian_crossing-human_control,pedestrian_crossing-physical_facilities,light_conditions,weather_conditions,road_surface_conditions,special_conditions_at_site,carriageway_hazards,urban_or_rural_area,did_police_officer_attend_scene_of_accident,casualty_reference,casualty_class,sex_of_casualty,age_of_casualty,age_band_of_casualty,casualty_severity,pedestrian_location,pedestrian_movement,car_passenger,bus_or_coach_passenger,pedestrian_road_maintenance_worker,casualty_type,casualty_home_area_type,casualty_imd_decile
3,2,9,0,3,0,1,0,0,0,0,2,1,5,1,43,7,1598,1,2,3,3,2,600054,226117,42,2,3,1,455,3,133,3,40,5,2,6,0,0,1,4,2,2,0,0,1,1,3,1,1,43,7,3,0,0,0,0,0,9,3,9
3,1,11,0,18,0,1,0,0,0,0,2,1,1,1,26,6,9360,2,2,1,4,1,527536,105384,47,1,4,7,565,6,0,6,30,3,3,6,0,0,1,1,1,1,0,0,1,2,4,2,1,45,7,3,0,0,0,4,0,11,1,3
3,1,9,0,7,0,6,0,0,0,0,1,1,6,1,76,11,1686,2,4,1,1,1,417927,435727,13,1,1,4,200,6,0,6,30,3,1,6,0,0,0,1,1,1,0,0,1,1,1,3,2,30,6,3,5,9,0,0,0,0,1,5
3,2,1,0,18,0,2,0,0,0,0,1,1,6,1,18,4,1598,1,8,1,1,2,383179,807386,92,2,1,2,911,6,0,6,30,3,4,6,0,0,0,1,2,2,0,0,1,1,1,1,1,18,4,3,0,0,0,0,0,1,1,5
3,2,9,0,16,0,1,0,0,0,0,3,1,6,3,38,7,1598,1,8,1,1,2,476570,469925,12,2,1,7,185,3,64,6,60,3,4,5,188,0,0,1,1,1,0,0,2,2,1,1,1,33,6,3,0,0,0,0,0,9,1,5
3,2,9,0,4,0,0,1,0,0,0,1,1,1,1,38,7,1598,1,11,1,3,2,516580,176870,1,2,3,6,25,3,315,6,30,0,4,6,0,0,0,1,2,2,0,0,1,1,1,1,1,33,6,3,0,0,0,0,0,9,1,5
3,2,9,0,18,0,8,0,0,0,0,1,1,6,1,62,9,1997,2,4,1,2,2,531260,175340,1,2,2,3,9,4,223,6,30,6,2,3,2217,0,5,1,1,1,0,0,1,1,2,1,1,62,9,3,0,0,0,0,0,9,1,4
3,2,11,0,9,0,8,0,0,0,0,1,1,1,1,29,6,4500,2,4,1,1,2,530350,178050,1,2,1,6,9,3,3036,1,30,1,2,3,202,0,5,4,1,1,0,0,1,1,1,1,1,33,6,3,0,0,0,0,0,9,1,5
3,1,9,0,13,0,8,0,0,0,0,2,1,6,1,68,10,2148,2,11,3,1,2,638770,165450,46,2,1,1,541,5,422,6,30,6,4,6,0,0,0,1,1,1,0,0,1,2,1,1,1,33,6,3,0,0,0,0,0,9,1,5
3,2,1,0,14,0,1,0,0,0,0,3,1,2,1,27,6,1598,1,8,2,1,2,366726,78621,55,2,1,5,646,4,3157,6,30,3,4,6,0,0,0,1,1,1,0,0,1,2,1,1,1,27,6,3,0,0,0,0,0,1,1,5
2,4,19,0,9,0,8,0,0,0,0,0,1,6,1,45,7,1598,1,8,1,1,4,514674,103983,47,4,1,4,564,3,24,3,30,6,4,6,0,0,0,1,1,1,0,0,1,1,1,1,1,33,6,3,0,0,0,0,0,9,1,5
1,2,9,0,18,0,1,0,0,0,0,1,1,6,1,81,11,1596,1,11,1,1,2,462983,204819,43,2,1,2,484,3,418,6,50,9,4,6,0,0,0,6,1,1,0,0,2,1,1,1,1,81,11,1,0,0,0,0,0,9,1,10
2,1,5,0,18,0,8,0,0,0,0,3,1,6,1,69,10,1063,1,19,2,2,2,462620,150987,44,2,2,7,490,3,30,1,40,1,4,3,30,0,0,1,1,1,0,0,1,1,1,1,1,69,10,2,0,0,0,0,0,5,2,7
3,1,9,0,18,0,1,0,7,0,10,1,1,6,1,31,6,1396,2,3,1,4,1,391230,415250,6,1,4,6,106,5,0,6,30,3,4,3,58,0,0,1,2,2,0,0,1,1,4,2,1,26,6,3,0,0,2,0,0,9,1,7
3,2,9,0,3,0,4,0,0,0,0,2,1,6,1,61,9,1984,1,10,1,1,2,274070,675365,97,2,1,7,932,6,0,1,30,1,4,4,802,0,0,1,1,1,0,0,1,1,1,2,2,54,8,3,0,0,1,0,0,9,1,5
3,2,3,0,18,0,0,0,0,0,0,1,1,2,2,28,6,124,1,1,2,1,2,427502,542578,11,2,1,7,169,3,690,6,40,0,4,6,0,0,0,4,1,1,0,0,1,1,1,1,2,28,6,3,0,0,0,0,0,3,2,5
3,1,4,0,4,0,1,0,0,0,0,1,1,6,1,26,6,125,1,4,1,1,2,513723,104676,47,2,1,5,564,3,2032,6,30,3,4,6,0,0,0,1,1,1,0,0,1,1,1,1,1,26,6,3,0,0,0,0,0,4,1,2
2,1,9,0,16,0,2,0,0,0,0,1,1,6,1,24,5,1998,1,3,3,1,2,420005,301100,21,2,1,7,252,3,4091,6,40,8,4,6,0,0,0,1,1,1,0,0,1,1,1,1,1,33,6,3,0,0,0,0,0,9,1,5
1,1,5,0,16,0,0,0,0,1,11,1,1,6,1,59,9,998,1,8,1,2,3,242351,726603,96,3,2,4,939,3,85,6,60,0,4,6,0,0,0,1,1,1,0,0,2,1,1,1,1,59,9,1,0,0,0,0,0,5,1,5
3,1,9,0,18,0,2,0,0,0,0,3,1,6,2,24,5,1870,2,9,1,2,2,331190,436320,4,2,2,2,71,3,586,6,30,6,2,6,0,0,4,4,1,1,0,0,1,1,1,1,2,24,5,3,0,0,0,0,0,9,1,7
3,2,9,0,9,0,8,0,0,0,0,3,1,6,1,46,8,1598,1,8,1,1,2,542930,180040,1,2,1,3,17,6,0,6,30,3,4,6,0,0,0,1,1,1,0,0,1,1,1,1,1,46,8,3,0,0,0,0,0,9,1,2
1,2,21,1,2,6,0,0,0,0,0,3,1,1,1,56,9,12580,2,10,2,1,2,585433,267598,37,2,1,4,414,3,134,3,70,0,4,6,0,0,0,1,1,1,0,0,2,1,1,1,1,33,6,3,0,0,0,0,0,9,1,5
3,1,9,0,16,0,0,2,0,0,0,1,1,1,1,18,4,1598,1,8,1,2,2,281115,64891,50,2,2,5,585,6,0,6,60,0,4,6,0,0,0,1,1,1,0,0,2,1,2,2,2,20,4,3,0,0,1,0,0,9,3,5
3,1,9,0,11,0,8,0,0,0,0,2,1,6,2,28,6,1799,1,8,1,3,3,530500,173920,1,3,3,6,9,3,23,6,30,3,2,5,0,0,5,4,1,1,0,0,1,1,1,1,2,28,6,3,0,0,0,0,0,9,1,4
3,2,9,0,18,0,8,0,0,0,0,3,1,6,1,67,10,1598,1,3,1,2,2,384670,278710,22,2,2,1,278,3,449,6,40,6,2,4,4189,0,0,1,1,1,0,0,2,1,1,1,1,67,10,3,0,0,0,0,0,9,1,5
3,1,21,0,9,0,1,0,0,0,0,1,1,1,1,56,9,1598,1,8,3,2,2,527845,138680,47,2,2,2,560,6,0,6,30,3,4,6,0,0,0,1,1,1,0,0,1,1,1,1,1,56,9,3,0,0,0,0,0,21,3,9
3,2,9,0,4,0,1,0,0,0,0,1,1,6,1,38,7,998,1,10,1,1,2,532680,180190,1,2,1,5,8,3,3,6,30,6,2,3,3,0,0,4,1,1,0,0,1,2,1,1,1,33,6,3,0,0,0,0,0,9,1,5
3,1,9,0,11,0,1,0,0,0,0,1,1,1,1,67,10,1493,1,17,1,1,2,459745,306787,33,2,1,6,364,3,607,6,30,3,4,6,896,0,4,4,2,2,0,0,1,1,1,1,1,33,6,3,0,0,0,0,0,9,1,5
3,4,9,0,10,0,8,0,0,0,0,2,1,6,1,22,5,1587,1,10,1,3,5,458084,270273,34,5,3,1,381,3,5,6,60,3,4,5,75,0,0,1,2,2,0,0,2,1,3,1,1,22,5,3,0,0,0,0,0,9,1,4
3,1,9,0,3,0,0,0,0,0,0,2,1,6,2,38,7,1598,1,8,1,1,2,522670,188900,1,2,1,3,30,3,41,3,40,0,4,6,0,0,0,1,1,1,0,0,1,2,1,2,1,42,7,3,0,0,1,0,0,9,1,8
3,2,9,0,18,0,2,0,0,0,0,4,1,6,1,38,7,1598,1,8,1,1,2,402260,286050,20,2,1,7,300,3,456,3,40,6,2,3,4030,0,0,4,1,1,0,0,1,2,1,1,1,33,6,3,0,0,0,0,0,9,1,5
2,2,5,0,18,0,4,2,0,0,0,1,1,6,1,51,8,1598,1,8,1,1,2,359630,399070,6,2,1,5,114,4,5207,6,40,3,4,5,0,0,0,1,1,1,0,0,2,1,1,1,1,51,8,2,0,0,0,0,0,5,1,1
3,1,8,0,18,0,4,0,0,0,0,1,1,1,1,30,6,1598,1,8,1,1,2,513155,206843,41,2,1,6,434,3,4147,1,40,1,4,5,98,0,0,1,2,2,0,0,2,2,1,1,1,33,6,3,0,0,0,0,0,9,1,5
3,2,21,1,18,0,0,0,0,0,0,1,1,1,1,58,9,10837,2,4,1,1,4,590067,198742,42,4,1,4,458,4,1010,6,40,0,4,6,0,0,0,1,1,1,0,0,2,1,1,1,1,33,6,3,0,0,0,0,0,9,1,5
3,1,11,0,5,0,0,0,0,0,0,0,1,1,1,56,9,1598,1,8,1,1,1,503048,488004,12,1,1,2,186,3,170,6,30,0,4,6,0,1,4,1,1,1,0,0,1,2,1,2,2,74,10,3,0,0,0,3,0,11,1,5
3,3,9,0,2,0,1,0,0,0,0,2,1,2,3,38,7,1598,1,4,1,1,3,334244,390505,5,3,1,3,91,3,57,2,30,3,4,6,0,0,0,1,1,1,0,0,1,1,1,1,1,33,6,3,0,0,0,0,0,9,1,5
3,1,9,0,18,0,0,2,0,8,4,1,1,2,2,39,7,1598,1,8,1,1,1,289126,68057,50,1,1,6,585,6,0,6,60,0,4,6,0,0,0,1,1,1,0,0,2,1,1,1,2,39,7,3,0,0,0,0,0,9,1,3
3,1,19,0,18,0,0,0,0,0,0,1,1,6,1,38,7,1598,1,8,1,1,2,497207,180022,43,2,1,6,473,3,4,6,30,0,4,6,0,0,0,1,1,1,0,0,1,2,1,1,1,33,6,3,0,0,0,0,0,9,1,5
3,2,9,0,3,0,0,0,0,0,0,2,1,6,2,27,6,1200,1,8,1,1,4,401213,284804,20,4,1,4,300,3,4123,3,30,0,4,6,0,0,8,4,2,2,0,0,1,1,1,1,2,27,6,3,0,0,0,0,0,9,1,1
3,4,9,0,18,0,0,1,0,0,6,3,1,2,1,26,6,1598,1,8,1,1,5,447174,170859,43,5,1,3,471,3,34,3,70,0,4,6,0,0,0,6,8,3,0,0,2,1,1,1,1,33,6,3,0,0,0,0,0,9,1,5
3,2,9,0,3,0,2,0,0,0,0,2,1,6,1,37,7,1686,2,9,1,1,2,459250,378730,31,2,1,6,341,6,0,6,30,3,4,4,6040,0,0,1,1,1,0,0,1,1,1,1,1,37,7,3,0,0,0,0,0,9,1,6
3,2,9,2,18,0,7,0,0,0,0,1,1,1,1,17,4,1598,1,8,1,3,3,441377,542478,11,3,3,3,169,3,19,3,70,3,4,3,19,0,0,1,7,2,0,3,2,1,1,1,1,17,4,3,0,0,0,0,0,9,1,8
3,1,9,0,9,0,8,0,0,0,0,1,1,6,1,21,5,1595,1,1,1,1,3,545850,164990,1,3,1,6,19,3,223,6,30,2,4,6,0,0,0,1,1,1,0,0,1,1,1,1,1,21,5,3,0,0,0,0,0,9,1,5
3,1,9,0,4,0,1,0,0,0,0,2,1,6,1,29,6,1995,2,11,1,2,2,538310,180650,1,2,2,5,5,3,1206,6,30,1,4,3,1261,0,0,4,1,1,0,0,1,1,1,1,1,29,6,3,0,0,0,0,0,9,1,1
3,1,9,0,4,0,8,0,0,0,0,2,1,6,1,34,6,1991,1,13,1,1,2,525360,173080,1,2,1,7,10,3,218,6,30,3,4,6,0,0,0,1,1,1,0,0,1,1,1,1,1,34,6,3,0,0,0,0,0,9,1,4
3,1,9,0,4,0,0,0,0,0,0,2,1,6,1,42,7,1997,2,3,1,1,2,548440,188600,1,2,1,3,16,3,1112,6,30,0,4,6,0,0,0,4,1,1,0,0,1,1,1,1,1,42,7,3,0,0,0,0,0,9,1,3
2,3,9,0,4,0,0,0,0,0,0,1,1,6,1,62,9,1997,1,8,1,1,3,434668,197502,43,3,1,6,483,3,420,6,50,0,4,6,0,0,0,1,1,1,0,0,2,1,1,1,1,33,6,3,0,0,0,0,0,9,1,5
3,2,3,0,4,0,1,0,0,0,0,2,1,2,1,30,6,124,1,1,1,1,3,454321,340717,31,3,1,4,346,6,0,3,30,3,4,6,0,0,0,1,1,1,0,0,1,2,1,1,1,30,6,3,0,0,0,0,0,3,1,1
3,1,20,0,12,0,0,0,0,0,0,1,1,1,1,43,7,1598,1,8,1,2,2,528378,153791,45,2,2,4,513,1,25,3,70,0,4,6,0,0,0,1,1,1,0,0,2,1,1,1,1,33,6,3,0,0,0,0,0,9,1,5
2,1,9,0,9,0,0,0,0,0,0,1,1,2,1,62,9,1797,1,16,2,1,1,392422,313230,21,1,1,5,254,6,395,6,60,0,4,6,0,0,0,4,1,2,0,0,2,1,1,3,2,20,4,2,5,1,0,0,0,0,2,10
2,1,1,0,18,0,8,0,0,0,0,4,1,6,2,35,6,1598,1,8,1,1,2,506551,223976,40,2,1,5,421,4,579,6,20,8,4,6,0,0,5,1,1,1,0,0,1,2,1,1,2,35,6,2,0,0,0,0,0,1,1,4
3,2,9,0,18,0,0,0,0,0,0,1,1,6,1,38,7,1149,1,17,1,1,2,538820,171470,1,2,1,7,7,3,21,6,30,0,4,6,0,0,1,4,1,1,0,0,1,2,1,1,1,33,6,3,0,0,0,0,0,9,1,5
3,1,9,0,5,8,0,0,0,0,0,1,1,1,2,51,8,1398,1,1,2,2,2,518430,213737,41,2,2,5,434,5,94,6,30,0,4,6,0,0,0,1,1,1,0,0,2,1,1,1,1,33,6,3,0,0,0,0,0,9,1,5
3,1,9,0,9,0,6,0,0,0,0,3,1,6,2,27,6,1198,1,7,1,2,2,435055,428912,13,2,2,4,204,6,0,6,30,3,4,6,0,0,0,1,1,1,0,0,1,1,1,1,2,27,6,3,0,0,0,0,0,9,1,7
3,2,8,0,4,0,0,0,0,0,0,2,1,1,1,43,7,1997,2,6,1,1,2,384770,396880,6,2,1,5,102,3,34,3,30,0,4,6,0,0,4,4,1,1,0,0,1,1,1,1,1,33,6,3,0,0,0,0,0,9,1,5
3,2,2,0,18,0,0,0,0,0,0,4,1,2,2,18,4,125,1,11,1,1,2,459753,105996,44,2,1,2,492,3,27,6,30,0,4,6,0,0,0,1,1,1,0,0,1,1,1,1,2,18,4,3,0,0,0,0,0,2,1,9
3,1,9,0,18,0,0,0,0,1,0,1,1,6,1,28,6,1598,1,8,1,1,1,342357,740008,93,1,1,2,912,3,90,3,70,0,4,6,0,0,0,1,1,1,0,0,2,1,1,1,1,28,6,3,0,0,0,0,0,9,1,2
3,1,9,0,18,0,0,0,0,0,7,1,1,6,2,18,4,1598,1,8,1,1,1,308462,193565,62,1,1,2,744,3,470,3,70,0,4,6,0,0,0,4,5,2,0,0,2,1,1,1,2,18,4,3,0,0,0,0,0,9,1,5
3,2,9,0,17,0,0,0,0,0,0,1,1,2,2,25,5,1299,1,12,1,1,2,484303,204838,43,2,1,7,480,5,77,6,60,0,4,6,0,0,0,6,1,4,7,0,2,1,1,1,2,25,5,3,0,0,0,0,0,9,1,6
3,1,9,0,18,0,0,0,4,0,0,1,1,6,2,67,10,1242,1,11,1,1,2,375270,407400,6,2,1,7,100,3,6053,6,30,0,4,6,0,0,0,1,1,1,0,0,1,2,1,1,2,67,10,3,0,0,0,0,0,9,1,7
3,1,9,0,18,0,1,0,0,0,0,1,1,6,1,38,7,1997,2,7,1,1,1,532030,190530,1,1,1,4,31,3,109,6,30,3,2,6,0,0,5,1,2,2,0,0,1,1,1,3,2,15,3,3,1,1,0,0,2,0,1,5
3,1,5,0,13,0,0,0,0,0,0,4,1,6,3,38,7,1598,1,8,1,1,2,566672,265252,37,2,1,3,411,4,1506,6,60,0,4,6,0,0,0,1,1,1,0,0,2,1,1,1,1,33,6,3,0,0,0,0,0,9,1,5
3,1,19,0,18,0,1,0,0,0,0,1,1,6,1,58,9,1868,2,9,2,1,2,452391,359602,31,2,1,6,344,6,0,6,30,3,4,6,0,0,0,1,1,1,0,0,1,2,1,1,1,33,6,3,0,0,0,0,0,9,1,5
3,3,9,0,18,0,0,1,0,0,0,1,2,6,1,42,7,1598,1,8,1,4,3,601760,143380,46,3,4,2,530,1,20,3,70,0,4,6,0,0,0,1,2,2,0,0,1,1,2,2,2,31,6,3,0,0,1,0,0,9,1,5
3,1,9,0,18,0,1,0,0,0,0,1,1,6,1,38,7,1398,8,1,1,1,3,466023,203731,43,3,1,6,484,3,329,6,50,8,4,6,0,0,0,1,1,1,0,0,2,2,1,1,1,33,6,3,0,0,0,0,0,9,1,5
1,2,9,0,18,0,0,0,0,0,0,1,1,6,2,30,6,1598,1,8,1,8,2,446576,272914,23,2,8,1,292,4,4642,6,40,0,4,6,0,0,0,1,1,2,0,0,2,1,6,2,1,37,7,2,0,0,1,0,0,9,1,5
3,1,8,0,18,0,0,0,0,0,0,3,1,1,1,39,7,1896,2,10,2,2,2,464624,395814,14,2,2,1,211,3,638,6,60,0,4,6,0,0,0,6,1,1,0,0,2,1,2,2,1,16,4,3,0,0,2,0,0,8,1,1
3,1,9,0,18,0,0,0,0,0,0,3,1,6,1,46,8,1998,2,8,3,2,1,506616,430999,16,1,2,6,228,6,0,6,30,0,4,6,0,0,1,1,1,1,0,0,1,1,1,3,1,15,3,3,1,3,0,0,0,0,1,8
3,1,9,0,5,0,4,0,0,0,0,1,1,2,1,62,9,1796,1,4,3,1,3,594660,172690,46,3,1,3,540,4,2008,1,30,2,4,6,0,0,1,1,1,1,0,0,1,1,1,1,1,33,6,3,0,0,0,0,0,9,1,5
3,2,9,0,4,0,1,0,0,0,0,1,1,6,2,22,5,1587,1,9,1,1,2,532580,183640,1,2,1,3,4,3,1200,6,30,3,4,5,0,0,0,4,1,1,0,0,1,1,1,2,2,52,8,3,0,0,1,0,0,9,1,4
3,1,9,0,18,0,0,0,0,0,0,1,1,6,2,40,7,2099,2,8,2,4,2,519340,276720,35,2,4,5,393,4,1043,6,60,0,4,6,0,0,0,1,1,1,0,0,2,1,2,2,1,19,4,3,0,0,1,0,0,9,2,9
3,5,9,0,2,0,1,0,0,0,0,2,1,6,3,27,6,1197,1,8,1,2,5,403500,289430,20,5,2,5,300,6,0,6,30,3,4,6,0,0,0,1,1,1,0,0,1,1,1,1,1,33,6,3,0,0,0,0,0,9,1,5
3,2,9,0,9,0,8,0,0,0,0,4,1,6,1,22,5,1242,1,8,1,2,2,506270,182980,1,2,2,4,26,3,4020,3,40,3,2,5,0,0,5,4,8,2,0,0,1,1,1,1,1,22,5,3,0,0,0,0,0,9,1,7
3,2,9,0,2,0,0,0,0,0,0,1,1,6,3,38,7,1560,2,5,1,1,2,433800,283010,20,2,1,2,302,6,0,6,20,0,4,6,0,0,0,4,1,2,0,0,1,1,1,1,1,33,6,3,0,0,0,0,0,9,1,5
3,1,9,0,18,0,8,0,0,0,0,1,1,6,2,22,5,999,1,7,1,2,3,530970,192300,1,3,2,7,32,3,105,6,30,3,4,6,0,0,0,1,1,1,4,0,1,1,1,1,2,22,5,3,0,0,0,0,0,9,1,5
3,1,9,0,18,0,0,0,0,0,0,1,1,6,1,53,8,1598,1,8,1,2,4,363057,181593,52,4,2,3,612,1,4,3,70,0,4,6,0,0,0,1,1,1,0,0,2,1,1,1,1,53,8,3,0,0,0,0,0,9,1,5
2,2,9,0,18,0,8,0,0,0,0,3,1,6,1,78,11,1995,2,8,1,1,2,455613,105456,44,2,1,5,492,6,0,1,30,1,4,6,0,0,0,1,1,1,0,0,1,1,1,1,1,33,6,3,0,0,0,0,0,9,1,5
3,3,21,0,18,0,0,1,0,0,0,1,1,1,1,41,7,12740,2,2,1,1,3,535440,200020,1,3,1,5,32,1,25,3,70,0,4,6,0,0,0,1,1,1,0,0,1,1,1,1,1,41,7,3,0,0,0,0,0,21,1,4
3,1,9,0,3,0,0,0,0,0,0,2,1,6,2,60,9,1560,2,2,3,1,2,427974,207189,43,2,1,5,485,6,151,6,30,0,4,6,0,0,0,1,1,1,0,0,1,1,1,2,2,74,10,3,0,0,2,0,0,9,3,6
3,1,9,0,18,0,3,0,0,0,0,2,1,6,2,42,7,1598,2,4,1,1,2,499996,158514,45,2,1,5,518,6,7244,1,30,1,4,6,0,0,0,1,2,2,0,0,1,2,1,1,2,42,7,3,0,0,0,0,0,9,1,10
3,2,3,0,18,0,1,0,0,0,0,1,1,6,1,23,5,125,1,4,1,1,2,530160,192110,1,2,1,3,32,4,106,6,30,6,2,3,406,0,5,1,1,1,0,0,1,1,1,1,1,23,5,3,0,0,0,0,0,3,1,2
3,3,98,0,2,0,0,0,4,0,0,0,1,1,1,54,8,9200,2,12,1,1,3,407166,333713,21,3,1,6,251,4,5027,6,60,0,4,6,0,0,0,1,1,2,0,0,2,1,1,1,1,33,6,3,0,0,0,0,0,9,1,5
3,2,4,0,11,0,1,0,0,0,0,1,1,6,1,44,7,1801,1,2,1,1,2,254607,667977,97,2,1,4,926,6,0,9,30,3,4,6,0,0,0,4,1,1,0,0,1,1,1,1,1,44,7,3,0,0,0,0,0,4,1,5
3,2,1,0,18,0,8,0,0,0,0,1,1,6,1,51,8,1598,1,8,1,1,2,328650,670350,95,2,1,2,923,6,0,6,30,3,4,5,0,0,0,1,1,1,0,0,1,2,1,1,1,51,8,3,0,0,0,0,0,1,1,5
3,1,2,0,18,0,8,0,0,0,0,4,1,6,1,16,4,49,1,8,1,1,2,416350,286930,20,2,1,6,300,6,0,3,30,3,4,6,0,0,0,1,9,1,0,0,1,2,1,1,1,16,4,3,0,0,0,0,0,2,1,6
3,2,9,0,10,0,1,0,0,0,0,2,1,6,1,82,11,1242,1,8,1,2,2,237985,616742,97,2,2,3,937,3,713,6,60,9,4,4,742,0,0,1,1,2,0,0,2,1,1,2,2,54,8,3,0,0,1,0,0,9,1,5
3,1,9,0,9,0,8,0,0,0,0,1,1,6,1,42,7,1598,1,8,1,1,2,530800,179530,1,2,1,6,9,3,3036,6,30,8,4,6,0,0,0,1,1,1,0,0,1,1,1,1,1,33,6,3,0,0,0,0,0,9,1,5
3,1,9,0,18,0,8,0,0,0,0,2,1,6,1,43,7,999,1,3,1,1,2,527830,175170,1,2,1,2,10,3,3,2,30,3,4,6,0,0,0,1,1,1,0,0,1,2,1,1,1,33,6,3,0,0,0,0,0,9,1,5
2,3,19,0,18,0,0,0,0,0,0,1,1,6,1,56,9,1248,2,5,1,4,3,405902,517247,11,3,4,4,169,3,688,6,30,0,4,6,0,0,0,1,1,1,0,0,2,1,1,1,1,33,6,3,0,0,0,0,0,9,1,5
3,1,9,0,18,0,0,0,0,7,0,1,1,2,1,31,6,1598,1,8,2,3,3,500021,373742,32,3,3,2,356,3,46,6,60,0,4,6,0,0,0,1,1,2,0,0,2,1,1,1,1,33,6,3,0,0,0,0,0,9,1,5
3,2,21,0,12,0,0,0,0,0,0,1,1,1,1,52,8,1598,1,8,1,1,2,438725,117676,44,2,1,1,501,1,27,3,70,0,4,6,0,0,0,4,1,1,0,0,1,1,1,1,1,33,6,3,0,0,0,0,0,9,1,5
3,2,9,0,18,0,6,0,0,0,0,1,1,6,3,38,7,1598,1,8,1,1,2,437588,389834,14,2,1,7,215,4,6082,6,30,3,4,6,0,0,0,1,1,1,0,0,1,2,1,1,1,33,6,3,0,0,0,0,0,9,1,5
3,1,9,0,9,0,8,0,0,0,0,1,1,6,2,30,6,1995,2,9,1,1,2,457765,452383,12,2,1,2,189,3,59,6,30,7,2,5,285,0,5,4,1,1,0,0,1,2,1,1,1,33,6,3,0,0,0,0,0,9,1,5
3,1,3,0,17,0,8,0,0,0,0,1,1,6,1,18,4,124,1,1,1,1,1,524850,177250,1,1,1,2,11,6,0,6,30,3,4,3,3219,0,0,1,1,1,0,0,1,1,1,1,1,18,4,3,0,0,0,0,0,3,1,5
2,1,9,0,18,0,0,0,0,0,0,1,1,6,1,21,5,1388,1,17,1,2,3,181592,42392,50,3,2,6,596,3,39,6,30,0,4,6,0,0,0,1,1,1,0,0,2,1,1,1,1,21,5,2,0,0,0,0,0,9,1,5
3,2,1,0,18,0,0,0,0,0,0,2,1,2,1,40,7,1598,1,8,1,1,2,370130,405310,6,2,1,6,100,3,6,6,40,0,4,6,0,0,0,1,3,2,0,0,1,1,1,1,1,40,7,3,0,0,0,0,0,1,1,3
3,1,19,0,14,0,0,0,0,0,0,1,1,6,1,48,8,1686,2,15,1,1,2,446837,112832,44,2,1,7,500,6,0,6,30,0,4,6,0,0,0,1,2,2,0,0,1,1,1,1,1,33,6,3,0,0,0,0,0,9,1,5
3,2,9,0,3,0,1,0,0,0,0,2,1,6,1,53,8,1598,1,8,2,1,3,285007,191989,62,3,1,4,740,6,0,6,30,3,4,6,0,0,0,1,1,1,0,0,1,1,4,2,1,36,7,3,0,0,1,0,0,9,1,5
3,2,9,0,9,0,3,0,0,0,0,4,1,5,2,38,7,1910,2,8,1,1,2,582341,230320,42,2,1,4,451,3,1124,6,30,2,4,6,0,0,0,1,1,1,0,0,1,2,1,1,2,38,7,3,0,0,0,0,0,9,1,2
3,2,9,0,11,0,0,0,0,0,0,1,1,4,1,38,7,1598,1,8,1,1,2,518630,180480,1,2,1,7,27,3,406,6,30,0,4,6,0,0,0,1,1,1,0,0,1,1,1,1,1,33,6,3,0,0,0,0,0,9,1,5
3,1,9,0,18,0,8,0,0,0,0,1,1,6,3,38,7,3000,2,35,1,1,2,626029,249352,37,2,1,2,415,3,12,1,40,1,4,4,1079,0,0,1,9,1,0,0,1,2,1,1,1,33,6,3,0,0,0,0,0,9,1,5
2,2,1,0,18,0,0,0,0,0,0,2,1,6,1,60,9,1598,1,8,1,1,2,212710,202070,63,2,1,6,752,3,478,6,50,0,4,6,0,0,0,1,7,2,0,0,2,1,1,1,1,60,9,2,0,0,0,0,0,1,1,5
2,1,9,0,18,0,8,0,0,0,0,4,1,6,1,71,10,1896,2,10,2,1,2,424649,322745,21,2,1,2,251,4,5017,6,30,6,2,4,5018,0,5,1,1,1,0,0,1,1,1,1,1,71,10,2,0,0,0,0,0,9,2,10
3,2,9,0,18,0,8,0,0,7,10,1,1,3,2,69,10,1598,1,8,1,1,2,331470,440090,4,2,1,5,71,6,0,6,30,6,4,6,0,0,0,1,1,2,0,0,1,1,1,2,1,9,2,3,0,0,1,0,0,9,1,1
3,2,9,0,18,0,1,0,0,0,0,2,1,6,2,24,5,1124,1,19,1,1,2,618248,243615,37,2,1,3,412,4,1075,6,30,3,4,3,1156,0,1,1,1,1,0,0,1,1,1,1,2,24,5,3,0,0,0,0,0,9,1,1
3,5,9,0,2,9,0,0,0,0,0,3,1,6,2,38,7,1389,1,14,1,1,5,433500,280560,20,5,1,7,302,6,0,6,30,0,4,6,0,0,0,4,2,2,0,0,1,1,1,1,1,33,6,3,0,0,0,0,0,9,1,5
3,1,9,0,7,0,4,0,0,0,0,4,1,6,1,23,5,1998,2,11,1,1,2,252390,654271,97,2,1,3,922,3,726,1,60,1,4,1,77,0,0,1,1,1,0,0,2,1,1,1,1,33,6,3,0,0,0,0,0,9,1,5