accident_severity,vehicle_reference,vehicle_type,towing_and_articulation,vehicle_manoeuvre,vehicle_location-restricted_lane,junction_location,skidding_and_overturning,hit_object_in_carriageway,vehicle_leaving_carriageway,hit_object_off_carriageway,1st_point_of_impact,was_vehicle_left_hand_drive?,journey_purpose_of_driver,sex_of_driver,age_of_driver,age_band_of_driver,engine_capacity_(cc),propulsion_code,age_of_vehicle,driver_home_area_type,NUmber_of_Casualities_unique_to_accident_index,No_of_Vehicles_involved_unique_to_accident_index,location_easting_osgr,location_northing_osgr,police_force,number_of_vehicles,number_of_casualties,day_of_week,local_authority_(district),1st_road_class,1st_road_number,road_type,speed_limit,junction_detail,junction_control,2nd_road_class,2nd_road_number,pedestrian_crossing-human_control,pedestrian_crossing-physical_facilities,light_conditions,weather_conditions,road_surface_conditions,special_conditions_at_site,carriageway_hazards,urban_or_rural_area,did_police_officer_attend_scene_of_accident,casualty_reference,casualty_class,sex_of_casualty,age_of_casualty,age_band_of_casualty,casualty_severity,pedestrian_location,pedestrian_movement,car_passenger,bus_or_coach_passenger,pedestrian_road_maintenance_worker,casualty_type,casualty_home_area_type,casualty_imd_decile
2,1,1,0,18,0,0,0,0,0,0,1,1,6,1,59,9,1598,1,8,1,1,2,511924,111740,47,2,1,4,562,3,24,3,70,0,4,6,0,0,0,1,4,1,0,0,2,1,1,1,1,59,9,2,0,0,0,0,0,1,1,4
3,2,19,0,1,0,5,0,0,0,0,4,1,1,1,25,5,2198,2,5,1,3,2,431222,163617,54,2,3,2,635,3,338,6,60,8,4,6,0,0,0,1,1,1,0,0,2,1,2,2,1,25,5,3,0,0,0,0,0,19,1,6
3,2,9,0,18,0,1,0,0,1,4,4,1,6,2,22,5,1149,1,11,1,1,2,497654,372511,32,2,1,1,352,5,975,6,30,3,4,6,0,0,0,4,1,1,0,0,1,1,1,1,2,22,5,3,0,0,0,0,0,9,1,5
3,2,1,0,11,0,8,0,0,0,0,1,1,1,1,43,7,1598,1,8,3,1,2,468358,109557,44,2,1,2,495,3,3,1,30,1,4,4,2150,0,0,4,1,1,0,0,1,1,1,1,1,43,7,3,0,0,0,0,0,1,3,6
3,2,11,0,18,0,0,0,0,0,0,1,1,1,1,60,9,8268,2,11,1,1,3,337240,443410,4,3,1,4,85,3,588,6,60,0,4,6,0,0,0,1,1,1,0,0,2,1,1,1,1,33,6,3,0,0,0,0,0,9,1,5
3,1,9,0,9,0,1,0,0,0,0,1,1,6,1,68,10,1845,1,18,1,1,2,576430,155420,46,2,1,7,536,5,395,6,30,3,4,6,0,0,0,1,1,1,0,0,1,1,1,1,1,33,6,3,0,0,0,0,0,9,1,5
3,2,1,0,18,0,8,0,0,0,0,1,1,6,1,42,7,1598,1,8,1,1,2,373051,165108,52,2,1,2,611,6,0,9,30,3,4,6,0,0,0,1,1,1,0,0,1,1,1,1,1,42,7,3,0,0,0,0,0,1,1,10
3,1,9,0,18,0,8,0,0,0,0,1,1,6,1,18,4,1595,1,16,1,1,2,402824,91520,55,2,1,7,643,3,35,1,30,1,2,4,3369,0,0,4,1,2,0,0,1,1,1,1,1,33,6,3,0,0,0,0,0,9,1,5
3,1,3,0,18,0,0,0,0,0,0,1,1,2,1,30,6,124,1,2,1,2,1,459010,452835,12,1,2,6,189,3,1176,6,30,0,4,6,0,0,4,1,1,1,0,0,1,1,2,3,2,42,7,3,1,9,0,0,0,0,1,5
3,1,9,0,16,0,0,1,0,7,11,1,1,1,1,24,5,1598,1,8,1,1,1,304747,368428,60,1,1,3,723,6,0,6,60,0,4,6,0,0,0,1,1,4,0,0,2,1,1,1,1,24,5,3,0,0,0,0,0,9,1,5
2,1,5,0,18,0,8,0,0,0,0,1,1,6,1,57,9,903,1,6,1,1,2,332256,388583,5,2,1,1,95,3,552,6,30,6,4,6,0,0,0,1,1,1,4,0,1,1,1,1,1,57,9,2,0,0,0,0,0,5,1,2
3,1,9,0,2,0,1,0,0,0,0,2,1,6,2,27,6,1769,1,10,1,1,2,180779,32281,50,2,1,2,596,6,0,6,30,3,4,6,0,0,0,1,1,1,0,0,1,1,1,1,1,33,6,3,0,0,0,0,0,9,1,5
3,2,9,0,13,0,0,0,0,0,0,2,1,6,2,64,9,1598,1,8,1,2,2,317364,194998,61,2,2,2,731,3,472,3,70,0,4,6,0,0,0,1,1,1,0,2,2,1,2,1,2,64,9,3,0,0,0,0,0,9,1,5
3,1,19,0,9,0,8,0,0,0,0,1,1,6,1,53,8,1968,2,11,1,1,2,377140,426660,4,2,1,3,75,6,0,6,30,3,4,6,0,0,4,4,1,2,0,0,1,1,1,1,1,33,6,3,0,0,0,0,0,9,1,5
2,1,11,0,18,0,8,0,0,0,0,0,1,6,1,55,8,1598,1,8,1,1,1,536370,167820,1,1,1,4,19,3,214,6,30,3,4,6,0,0,0,1,1,1,0,0,1,1,1,2,1,62,9,2,0,0,0,3,0,11,1,2
3,1,9,0,9,0,8,0,0,0,0,4,1,2,2,25,5,1242,1,9,1,1,1,333606,384172,5,1,1,3,95,6,0,6,30,3,3,6,0,0,0,6,2,2,0,0,1,1,1,3,1,22,5,3,5,3,0,0,0,0,1,8
3,2,9,0,18,0,1,0,0,0,0,4,1,6,1,38,7,1598,1,8,1,2,2,452144,384423,14,2,2,7,213,6,0,6,30,6,4,4,6060,0,0,4,9,1,0,0,1,2,1,1,1,33,6,3,0,0,0,0,0,9,1,5
3,1,19,0,18,0,0,0,0,0,0,4,1,2,1,40,7,1598,1,8,1,1,1,522203,153900,45,1,1,3,513,4,2220,6,30,0,4,6,0,0,0,1,1,1,0,0,2,2,1,3,2,43,7,3,9,8,0,0,0,0,1,9
3,2,1,0,18,0,8,0,0,0,0,1,1,2,2,26,6,1598,1,8,1,1,2,459170,303423,33,2,1,3,364,5,1508,6,30,3,4,6,274,0,0,1,1,1,0,0,1,1,1,1,2,26,6,3,0,0,0,0,0,1,1,6
3,1,9,0,18,0,0,2,0,7,10,1,1,1,2,20,4,1598,1,8,1,1,1,504954,219556,40,1,1,3,424,5,219,6,60,0,4,6,0,0,0,6,1,4,0,0,2,1,1,1,2,20,4,3,0,0,0,0,0,9,1,10
3,1,9,0,5,0,0,0,0,0,0,2,1,2,1,59,9,1348,1,15,1,1,2,519050,177400,1,2,1,5,24,3,205,6,30,0,4,6,0,0,4,4,1,1,0,0,1,1,1,1,1,59,9,3,0,0,0,0,0,9,1,4
3,2,19,0,5,0,6,0,0,0,0,1,1,1,1,25,5,2402,2,12,1,1,2,534280,193240,1,2,1,3,32,3,1010,6,30,3,4,6,0,0,8,4,1,1,0,0,1,2,1,1,1,33,6,3,0,0,0,0,0,9,1,5
3,2,9,0,3,0,8,0,0,0,0,2,1,6,2,28,6,1229,1,10,1,4,3,488318,157549,45,3,4,2,515,4,3411,1,30,1,4,6,0,0,0,1,4,1,0,0,1,2,1,2,2,33,6,3,0,0,2,0,0,9,1,5
3,1,1,0,18,4,8,0,0,0,0,3,1,6,2,20,4,1598,1,8,1,1,2,545880,257150,35,2,1,6,390,6,0,6,30,3,4,6,0,0,0,4,1,1,0,0,1,2,1,1,2,20,4,3,0,0,0,0,0,1,1,10
3,1,21,1,13,0,0,0,0,0,0,4,1,1,1,53,8,9365,2,8,1,1,2,597709,288651,36,2,1,2,400,4,1111,6,60,0,4,6,0,0,0,6,1,1,0,0,2,1,1,1,1,33,6,3,0,0,0,0,0,9,1,5
3,1,9,0,18,0,0,1,0,0,0,1,1,6,2,18,4,1242,1,14,1,2,4,420470,331650,30,4,2,4,328,3,50,3,70,0,4,6,0,0,0,1,1,2,0,0,2,1,1,1,2,18,4,3,0,0,0,0,0,9,1,6
3,2,9,0,2,0,0,0,0,0,0,2,1,6,3,50,8,1390,1,10,1,1,4,562571,191691,42,4,1,6,452,3,128,6,30,0,4,6,0,0,1,4,1,1,0,0,2,1,1,1,1,33,6,3,0,0,0,0,0,9,1,5
3,2,9,0,2,0,0,0,0,0,0,2,1,6,3,38,7,998,1,15,1,2,2,391790,415540,6,2,2,3,106,3,58,6,30,0,4,6,0,0,0,4,1,1,0,0,1,1,1,1,1,33,6,3,0,0,0,0,0,9,1,5
2,2,9,0,18,0,1,0,0,0,0,1,1,6,3,26,6,1598,1,8,3,1,2,264151,100853,50,2,1,2,589,3,3072,6,30,2,4,6,0,0,0,1,1,1,0,0,2,1,1,1,1,33,6,3,0,0,0,0,0,9,1,5
3,1,9,0,18,0,8,0,10,3,3,1,1,6,2,27,6,1229,1,10,1,1,2,507560,183680,1,2,1,3,26,3,437,6,30,3,4,6,0,0,1,1,1,1,0,0,1,1,1,1,2,27,6,3,0,0,0,0,0,9,1,9
3,1,9,0,1,0,0,0,0,0,0,2,1,6,1,80,11,1598,1,8,1,1,2,457890,451545,12,2,1,7,189,6,2810,6,20,0,4,6,0,0,0,1,1,1,0,0,1,1,1,1,1,80,11,3,0,0,0,0,0,9,1,2
2,1,9,0,18,0,0,0,0,0,0,1,1,6,1,66,10,2143,2,5,1,1,1,433337,395935,14,1,1,4,215,3,61,6,30,0,4,6,0,0,0,4,1,1,0,0,2,1,1,3,1,19,4,2,9,5,0,0,0,0,1,7
3,2,9,0,4,0,0,0,0,0,0,2,1,2,1,39,7,1753,2,10,1,1,2,366913,395796,7,2,1,1,128,3,574,6,30,0,4,6,0,0,0,1,1,1,0,0,2,1,1,1,1,33,6,3,0,0,0,0,0,9,1,5
3,1,9,0,18,0,2,0,0,0,0,3,1,1,1,43,7,1686,2,6,1,1,1,377380,389810,6,1,1,3,112,4,5165,6,30,3,4,6,0,0,4,4,1,1,0,0,1,1,1,3,1,5,1,3,9,9,0,0,0,0,1,8
3,2,9,0,4,0,0,0,0,0,0,2,1,2,1,42,7,1560,2,4,2,2,5,507420,300070,35,5,2,5,394,3,1,3,70,0,4,6,0,0,0,6,1,1,0,0,2,1,3,1,1,42,7,3,0,0,0,0,0,9,2,7
2,2,5,0,13,0,1,5,0,0,0,1,1,6,1,66,10,1170,1,2,1,1,2,504747,170870,45,2,1,6,40,5,244,6,30,3,4,6,0,0,0,1,1,1,0,0,1,1,1,1,1,66,10,2,0,0,0,0,0,5,1,10
2,1,9,0,9,0,6,0,0,0,0,3,1,6,2,27,6,1229,1,1,1,1,2,234359,640009,97,2,1,6,931,4,769,6,40,3,4,6,0,0,0,1,1,1,0,0,1,1,1,1,1,33,6,3,0,0,0,0,0,9,1,5
3,1,9,0,9,0,1,0,0,0,0,1,1,6,3,38,7,1598,1,8,1,1,1,165675,39509,50,1,1,7,596,6,0,6,30,3,4,6,0,0,0,4,1,1,0,0,1,2,1,3,2,15,3,3,5,9,0,0,0,0,1,3
3,1,9,0,18,0,1,0,0,0,0,4,1,6,1,40,7,1332,1,7,1,1,1,481801,241245,43,1,1,6,479,5,140,6,30,2,4,6,1129,0,0,1,1,1,0,0,1,1,1,3,2,70,10,3,5,1,0,0,0,0,1,8
3,1,11,0,7,0,5,0,0,0,0,4,1,1,1,63,9,1598,1,8,1,1,1,424953,564475,10,1,1,6,147,6,1130,6,30,6,2,6,1131,0,5,1,1,1,0,0,1,2,1,3,1,27,6,3,1,1,0,0,0,0,1,5
3,1,9,0,18,0,0,0,0,0,0,1,1,6,1,43,7,1598,1,8,1,3,1,496559,164551,45,1,3,3,515,1,3,3,50,0,4,6,0,0,0,1,1,1,0,0,2,2,2,2,2,27,6,3,0,0,2,0,0,9,1,3
3,4,9,0,8,0,1,0,0,0,0,4,1,6,1,62,9,1896,2,10,1,2,4,162458,35355,50,4,2,2,596,4,3280,6,60,3,4,6,0,0,0,1,1,1,0,0,2,1,1,1,1,33,6,3,0,0,0,0,0,9,1,5
3,2,19,0,10,0,1,0,0,0,0,2,1,1,1,29,6,1598,1,8,1,2,2,554180,189890,1,2,2,5,15,3,127,3,50,6,2,5,0,0,5,1,1,1,0,0,1,1,2,1,1,29,6,3,0,0,0,0,0,19,1,9
2,4,9,0,4,0,0,0,0,1,7,2,1,6,2,67,10,1598,1,8,1,7,6,418044,256230,23,6,7,5,293,3,46,6,60,0,4,6,0,0,0,1,1,1,0,0,2,1,4,1,2,67,10,3,0,0,0,0,0,9,1,5
3,1,9,0,6,0,0,0,0,0,0,2,1,6,1,47,8,1199,1,12,1,2,2,381503,214044,53,2,2,6,623,6,2675,6,30,0,4,6,0,0,0,1,1,1,0,0,1,2,2,2,2,35,6,3,0,0,1,0,0,9,1,7
3,3,9,0,3,0,1,0,0,0,0,2,1,2,2,40,7,1995,2,2,2,1,3,351240,429860,4,3,1,3,79,3,583,3,40,7,2,6,0,0,5,1,1,1,0,0,1,1,1,1,1,33,6,3,0,0,0,0,0,9,1,5
3,1,3,0,18,0,1,0,0,0,0,1,1,6,1,17,4,125,1,2,1,1,1,349200,392658,5,1,1,5,92,6,0,6,30,3,4,6,0,0,0,1,1,1,0,0,2,1,1,1,1,17,4,3,0,0,0,0,0,3,1,8
3,3,9,0,3,0,1,0,0,0,0,2,1,6,1,21,5,1149,1,10,1,1,4,421623,563473,10,4,1,5,147,3,695,3,30,3,2,4,1305,0,4,1,1,1,4,0,1,1,1,1,1,33,6,3,0,0,0,0,0,9,1,5
3,2,9,0,4,0,8,0,0,0,0,2,1,6,2,34,6,1388,1,4,1,2,3,389611,347379,21,3,2,2,257,3,5008,6,30,6,2,6,0,0,0,1,1,1,0,0,1,1,1,1,2,34,6,3,0,0,0,0,0,9,1,4
3,3,9,0,10,0,1,0,0,0,0,2,1,6,1,24,5,1995,2,12,1,2,3,386580,395440,6,3,2,2,102,6,0,6,20,3,4,3,6010,0,0,1,5,2,0,0,1,2,1,2,1,24,5,3,0,0,1,0,0,9,1,1
3,1,9,0,18,0,6,0,0,0,0,4,1,6,2,42,7,1997,2,16,1,2,2,420513,445573,13,2,2,1,204,3,659,6,30,6,4,6,0,0,0,1,2,2,0,0,1,1,1,1,1,33,6,3,0,0,0,0,0,9,1,5
3,2,19,0,18,0,8,0,0,0,0,1,1,1,2,25,5,1598,1,8,1,4,2,538360,187980,1,2,4,2,13,6,0,6,30,6,4,6,0,0,0,4,2,2,0,0,1,1,3,1,2,25,5,3,0,0,0,0,0,19,1,2
3,2,9,0,18,0,8,0,0,0,0,3,1,6,1,38,7,1598,1,8,1,1,2,328076,693276,94,2,1,1,925,5,0,6,30,6,2,5,0,0,5,4,1,1,0,0,1,1,1,1,1,38,7,3,0,0,0,0,0,9,1,5
2,2,9,0,2,5,0,0,0,0,0,0,1,6,2,38,7,1598,1,11,1,1,2,502576,160140,45,2,1,4,518,6,3668,9,30,0,4,6,0,0,0,1,1,1,0,0,1,1,1,1,1,33,6,3,0,0,0,0,0,9,1,5
3,1,9,0,18,0,0,1,0,5,6,1,1,6,1,30,6,1598,1,12,1,1,2,563680,171340,46,2,1,2,535,3,2,3,70,0,4,6,0,0,0,1,1,1,0,0,2,1,1,1,1,30,6,3,0,0,0,0,0,9,1,1
3,1,9,0,16,0,0,1,0,1,4,1,1,2,2,30,6,1248,2,4,2,1,1,242408,654372,97,1,1,6,922,3,736,6,60,0,4,6,0,0,0,1,2,2,0,0,2,1,1,1,2,30,6,3,0,0,0,0,0,9,2,5
3,1,9,0,18,0,0,0,0,0,0,1,1,2,2,17,4,1149,1,9,1,3,2,330114,694649,94,2,3,3,925,3,915,6,40,0,4,6,0,0,0,1,1,1,0,0,1,1,1,1,2,17,4,3,0,0,0,0,0,9,1,5
3,1,9,0,9,0,6,0,0,0,0,1,1,6,3,38,7,1598,1,8,1,1,2,591040,152030,46,2,1,3,536,3,20,6,60,3,4,6,0,0,0,1,1,1,0,0,2,1,1,1,1,33,6,3,0,0,0,0,0,9,1,5
3,1,9,0,5,0,8,5,0,0,0,1,1,3,2,30,6,1240,1,10,1,2,2,550060,192080,1,2,2,6,15,6,0,6,30,8,4,6,0,0,0,1,1,1,0,0,1,1,1,1,2,30,6,3,0,0,0,0,0,9,1,4
2,1,3,0,18,0,0,0,0,0,0,1,1,6,1,21,5,1598,1,8,1,2,2,311178,195749,61,2,2,5,731,4,4255,6,30,0,4,6,0,0,0,1,1,1,0,0,1,1,1,1,1,21,5,3,0,0,0,0,0,3,1,5
3,2,19,0,18,0,0,0,0,0,0,2,1,2,1,33,6,1753,2,9,3,1,3,556190,146040,46,3,1,3,542,3,21,3,70,0,4,6,0,0,0,6,1,2,0,0,2,1,1,1,1,33,6,3,0,0,0,0,0,9,1,5
3,1,9,0,18,0,0,2,0,0,0,3,1,6,1,21,5,1997,2,13,1,1,1,388930,213380,53,1,1,4,624,5,197,6,60,0,4,6,0,0,0,6,1,1,0,0,2,1,1,1,1,21,5,3,0,0,0,0,0,9,1,3
3,1,9,0,9,0,8,0,0,0,0,1,1,6,1,76,11,1339,1,2,1,2,3,184184,50733,50,3,2,3,596,3,39,6,60,3,4,6,0,0,0,1,4,2,0,0,2,1,1,1,1,33,6,3,0,0,0,0,0,9,1,5
3,2,1,0,18,0,1,0,0,0,0,1,1,6,1,41,7,1598,1,8,1,1,2,417440,380920,30,2,1,4,329,4,6049,6,30,3,3,6,0,0,0,1,2,2,0,0,2,2,1,1,1,41,7,3,0,0,0,0,0,1,1,10
3,1,9,0,17,0,2,5,10,0,0,4,1,2,1,29,6,1598,1,11,1,1,1,481367,136047,44,1,1,6,497,6,0,6,40,3,4,6,0,0,0,5,1,1,0,0,1,1,1,1,1,29,6,3,0,0,0,0,0,9,1,4
3,1,5,0,18,0,1,1,11,0,0,1,1,1,1,52,8,647,1,13,1,1,1,452775,221918,43,1,1,3,481,3,4095,6,60,8,4,6,0,0,0,6,5,2,0,2,2,1,1,1,1,52,8,3,0,0,0,0,0,5,1,5
3,2,9,0,18,0,1,0,0,0,0,1,1,6,3,38,7,1598,1,12,1,1,2,432099,435537,13,2,1,2,204,4,6159,6,30,3,4,6,0,0,0,7,1,1,0,0,1,2,1,1,1,33,6,3,0,0,0,0,0,9,1,5
2,1,9,0,4,0,1,0,0,0,0,1,1,6,1,28,6,2143,2,8,1,1,3,361355,389280,7,3,1,1,128,6,0,6,30,9,4,3,574,0,0,1,1,1,0,0,1,1,1,1,1,33,6,3,0,0,0,0,0,9,1,5
2,1,9,0,18,0,5,0,0,0,0,4,1,6,2,21,5,1242,1,5,1,1,2,503438,427373,16,2,1,2,231,6,0,3,30,3,4,3,1105,0,0,1,1,1,0,0,1,2,1,1,1,33,6,3,0,0,0,0,0,9,1,5
3,1,9,0,7,0,5,0,0,0,0,4,1,2,1,39,7,998,1,1,1,1,2,418020,442669,13,2,1,4,204,3,65,6,30,3,4,6,0,0,0,1,1,1,0,0,1,1,1,1,1,33,6,3,0,0,0,0,0,9,1,5
3,2,9,0,18,0,8,0,0,0,0,1,1,2,2,26,6,1339,1,4,1,1,2,438527,389628,14,2,1,7,215,3,6178,3,40,1,2,3,6102,0,0,1,1,1,0,0,1,1,1,1,1,33,6,3,0,0,0,0,0,9,1,5
3,2,9,0,4,0,0,0,0,0,0,1,1,6,1,25,5,2199,2,5,1,1,2,358642,173379,52,2,1,1,601,4,4051,9,20,0,4,6,0,0,0,1,1,1,0,0,1,2,1,1,1,33,6,3,0,0,0,0,0,9,1,5
3,2,5,0,14,0,8,0,0,0,0,1,1,6,1,35,6,919,1,17,1,2,2,531990,176300,1,2,2,7,9,6,0,6,30,3,4,6,0,0,0,1,1,1,0,0,1,1,2,1,1,35,6,3,0,0,0,0,0,5,1,5
2,1,9,0,18,0,1,0,0,0,0,1,1,2,2,46,8,1596,1,4,1,2,2,517865,207261,41,2,2,3,434,3,1057,6,30,3,4,6,554,0,0,1,2,2,0,0,1,1,1,1,2,46,8,3,0,0,0,0,0,9,1,10
3,2,9,0,18,0,8,0,0,0,0,1,1,6,2,36,7,1598,1,5,1,1,2,416855,436822,13,2,1,7,200,6,0,6,30,6,4,6,0,0,0,1,1,1,0,0,1,2,1,2,1,7,2,3,0,0,1,0,0,9,1,2
3,1,9,0,4,0,1,0,0,0,0,1,1,6,1,31,6,1968,2,11,1,1,2,350960,240030,22,2,1,1,285,6,0,2,20,9,4,6,0,0,0,1,1,1,0,0,1,1,1,1,1,33,6,3,0,0,0,0,0,9,1,5
2,2,19,0,2,0,0,0,0,0,0,1,1,6,3,38,7,2151,2,12,1,3,2,389080,400000,6,2,3,5,102,5,0,6,30,0,4,6,0,0,0,4,1,1,0,0,1,1,1,1,1,33,6,3,0,0,0,0,0,9,1,5
3,1,9,0,18,0,0,1,0,1,0,1,1,6,1,57,9,1997,2,15,1,1,1,620901,319993,36,1,1,3,401,3,140,6,60,0,4,6,0,0,0,6,2,2,0,0,2,1,1,1,1,57,9,3,0,0,0,0,0,9,1,1
3,1,11,0,18,0,8,0,2,1,1,1,1,1,1,48,8,9360,2,3,1,11,1,483831,156599,44,1,11,6,494,1,3,3,70,5,4,1,3,0,0,1,2,2,4,0,2,1,5,2,1,25,5,3,0,0,0,4,0,11,1,1
3,3,5,0,18,0,1,0,0,0,0,1,1,6,1,41,7,998,1,5,1,1,3,212824,72372,50,3,1,1,596,3,30,6,40,3,4,6,0,0,0,1,2,2,4,0,2,2,1,1,1,41,7,3,0,0,0,0,0,5,1,7
3,2,9,0,18,0,0,0,0,1,7,3,1,6,1,32,6,1896,2,7,1,2,2,450878,346694,31,2,2,7,342,1,1,3,70,0,4,6,0,0,0,4,1,1,0,0,2,1,2,2,2,27,6,3,0,0,1,0,0,9,1,3
3,1,9,0,18,0,8,0,0,0,0,4,1,6,2,35,6,1598,1,14,1,1,2,444041,516583,17,2,1,5,245,3,135,1,40,1,4,5,172,0,0,1,4,1,0,0,1,2,1,1,2,35,6,3,0,0,0,0,0,9,1,10
3,2,9,0,18,0,8,0,0,0,0,4,1,1,2,49,8,1598,1,5,1,1,2,554510,182980,1,2,1,6,15,5,0,6,30,6,4,5,0,0,0,1,1,1,0,0,2,1,1,1,2,49,8,3,0,0,0,0,0,9,1,4
3,1,3,0,13,0,8,0,0,0,0,3,1,6,2,34,6,124,1,1,1,1,3,529860,178360,1,3,1,5,1,3,202,3,30,3,2,4,326,0,5,1,1,1,0,0,1,2,1,1,2,34,6,3,0,0,0,0,0,3,1,3
3,2,10,0,18,0,3,0,0,0,0,4,1,6,2,50,8,1598,1,8,1,3,2,333933,670722,95,2,3,2,921,3,1,3,70,1,4,3,720,0,0,1,1,1,0,0,2,1,1,2,1,6,2,3,0,0,0,0,0,10,1,5
3,2,9,0,4,0,0,0,0,0,0,1,1,6,1,38,7,1149,1,12,1,1,2,513050,189240,1,2,1,2,29,3,404,6,30,0,4,6,0,0,0,1,1,1,0,0,1,2,1,1,1,33,6,3,0,0,0,0,0,9,1,5
3,2,9,0,4,0,1,0,0,0,0,1,1,6,3,38,7,1598,1,8,1,1,2,356582,124862,52,2,1,2,610,3,303,6,30,7,4,4,3151,0,0,6,1,1,0,0,2,1,1,2,1,22,5,3,0,0,1,0,0,9,1,1
3,1,9,0,18,0,0,0,0,0,0,1,1,6,1,57,9,1560,2,8,1,1,2,615040,157500,46,2,1,5,531,3,28,3,30,0,4,6,0,0,0,4,1,1,0,0,1,2,1,1,1,33,6,3,0,0,0,0,0,9,1,5
3,1,9,0,18,0,1,1,0,1,7,1,1,1,1,56,9,2148,2,8,1,1,1,613548,248176,37,1,1,5,413,3,14,3,70,5,4,3,14,0,0,1,2,2,0,0,2,1,1,1,1,56,9,3,0,0,0,0,0,9,1,9
3,2,19,0,9,0,8,0,0,0,0,4,1,6,2,47,8,1598,1,8,1,1,2,531290,161640,1,2,1,2,20,3,235,6,30,3,4,6,0,0,0,1,1,1,0,0,1,1,1,1,1,33,6,3,0,0,0,0,0,9,1,5
3,1,9,0,7,0,1,0,0,0,0,1,1,6,1,23,5,1896,2,13,1,1,2,600630,162900,46,2,1,7,540,6,1981,6,30,3,4,6,0,0,0,6,2,2,0,0,1,1,1,1,1,33,6,3,0,0,0,0,0,9,1,5
3,2,9,0,9,0,2,0,0,4,0,4,1,1,2,42,7,1905,2,17,1,2,2,397740,327145,21,2,2,4,255,3,51,3,40,6,2,3,518,0,0,1,1,2,0,0,2,2,1,1,2,42,7,3,0,0,0,0,0,9,1,3
3,3,9,0,18,0,0,0,0,0,0,2,1,6,1,52,8,2179,2,8,1,5,4,319352,123294,52,4,5,3,608,3,38,7,50,0,4,6,0,0,0,1,1,1,0,0,2,2,1,1,1,33,6,3,0,0,0,0,0,9,1,5
2,2,9,0,16,0,2,0,0,1,0,1,1,5,2,38,7,1997,2,7,2,1,2,575290,225162,42,2,1,5,451,4,1053,6,60,3,4,6,0,0,0,1,1,2,0,0,2,2,1,1,2,38,7,2,0,0,0,0,0,9,2,4
3,1,5,0,18,0,0,0,0,0,0,0,1,6,1,52,8,599,1,12,1,1,2,403160,300620,20,2,1,4,307,4,4154,6,30,0,4,6,0,0,0,1,9,1,0,0,1,2,1,1,1,52,8,3,0,0,0,0,0,5,1,3
3,1,9,0,10,0,8,0,0,0,0,2,1,6,2,22,5,1390,1,8,1,1,2,405839,92993,55,2,1,6,643,3,3040,6,30,3,4,6,0,0,0,1,1,1,0,0,1,2,1,1,2,22,5,3,0,0,0,0,0,9,1,3
3,1,19,0,4,0,1,1,0,0,0,1,1,6,1,27,6,1248,2,2,1,1,2,511308,432689,16,2,1,4,228,6,0,6,30,3,4,4,1237,0,0,4,2,2,0,0,1,1,1,1,1,33,6,3,0,0,0,0,0,9,1,5
3,1,9,0,5,0,1,0,0,1,0,1,1,6,1,29,6,1560,2,3,1,2,3,492524,336472,32,3,2,3,355,6,300,6,30,3,4,6,340,0,0,1,1,1,0,0,1,1,1,1,1,33,6,3,0,0,0,0,0,9,1,5
3,1,9,0,18,0,0,0,0,0,0,1,1,6,1,22,5,1956,2,8,1,1,2,384617,349527,21,2,1,3,253,6,97,6,30,0,4,6,0,0,0,1,1,1,0,0,1,2,1,2,1,3,1,3,0,0,0,0,0,9,1,5
3,1,9,0,4,0,1,0,0,0,0,1,1,6,2,31,6,998,1,9,1,1,2,405620,286060,20,2,1,3,300,4,4284,6,30,1,4,3,456,0,0,1,4,1,0,0,1,1,1,1,1,33,6,3,0,0,0,0,0,9,1,5
3,1,9,0,18,0,0,0,11,0,0,1,1,1,1,39,7,1598,1,8,2,1,1,368295,796384,92,1,1,6,911,6,0,6,40,0,4,6,0,0,0,6,4,2,0,2,2,1,1,1,1,39,7,3,0,0,0,0,0,9,2,5
3,1,9,0,3,0,0,0,0,0,0,2,1,1,2,38,7,1598,1,8,1,1,2,478059,404218,16,2,1,3,232,3,161,6,60,0,4,6,0,0,0,1,1,1,0,0,2,1,1,1,1,33,6,3,0,0,0,0,0,9,1,5
3,1,9,0,4,0,0,0,0,0,0,1,1,6,1,20,4,1598,1,8,1,1,2,314624,188414,61,2,1,6,731,6,0,6,30,0,4,6,0,0,0,1,1,1,0,0,1,1,1,1,1,20,4,3,0,0,0,0,0,9,1,5
3,2,11,0,18,0,8,0,0,0,0,0,1,1,1,60,9,4250,2,9,1,3,2,385860,437810,4,2,3,7,77,4,6249,2,20,3,4,6,0,0,0,1,1,1,0,0,1,1,2,2,2,75,10,3,0,0,0,4,0,11,1,4
3,3,9,0,18,0,1,0,0,0,0,2,1,2,2,27,6,1390,1,3,1,3,5,432376,433723,13,5,3,4,204,6,0,6,30,1,4,6,0,0,0,1,1,1,0,0,1,1,2,1,2,27,6,3,0,0,0,0,0,9,1,2
3,2,9,0,4,0,0,0,0,0,0,2,1,6,2,77,11,1398,1,14,1,1,3,338569,390770,5,3,1,6,91,3,5047,3,30,0,4,6,0,0,0,1,1,1,0,0,1,1,1,1,1,33,6,3,0,0,0,0,0,9,1,5
3,2,9,0,16,0,0,0,0,0,0,3,1,6,2,53,8,1598,1,8,3,1,2,626889,283858,36,2,1,1,406,5,361,6,60,0,4,6,0,0,0,1,2,2,0,0,2,1,1,1,2,53,8,3,0,0,0,0,0,9,3,5