accident_severity,vehicle_reference,vehicle_type,towing_and_articulation,vehicle_manoeuvre,vehicle_location-restricted_lane,junction_location,skidding_and_overturning,hit_object_in_carriageway,vehicle_leaving_carriageway,hit_object_off_carriageway,1st_point_of_impact,was_vehicle_left_hand_drive?,journey_purpose_of_driver,sex_of_driver,age_of_driver,age_band_of_driver,engine_capacity_(cc),propulsion_code,age_of_vehicle,driver_home_area_type,NUmber_of_Casualities_unique_to_accident_index,No_of_Vehicles_involved_unique_to_accident_index,location_easting_osgr,location_northing_osgr,police_force,number_of_vehicles,number_of_casualties,day_of_week,local_authority_(district),1st_road_class,1st_road_number,road_type,speed_limit,junction_detail,junction_control,2nd_road_class,2nd_road_number,pedestrian_crossing-human_control,pedestrian_crossing-physical_facilities,light_conditions,weather_conditions,road_surface_conditions,special_conditions_at_site,carriageway_hazards,urban_or_rural_area,did_police_officer_attend_scene_of_accident,casualty_reference,casualty_class,sex_of_casualty,age_of_casualty,age_band_of_casualty,casualty_severity,pedestrian_location,pedestrian_movement,car_passenger,bus_or_coach_passenger,pedestrian_road_maintenance_worker,casualty_type,casualty_home_area_type,casualty_imd_decile
3,1,9,0,18,0,0,0,0,0,0,0,1,6,3,38,7,1598,1,8,1,1,2,478064,239445,34,2,1,4,385,6,4113,6,30,0,4,6,0,0,0,1,1,1,0,0,2,1,1,1,1,33,6,3,0,0,0,0,0,9,1,5
3,1,9,0,16,0,0,2,0,0,0,1,1,1,1,43,7,1598,1,8,1,1,2,318075,179007,62,2,1,1,741,6,0,6,30,0,4,6,0,0,0,1,2,2,0,0,1,1,1,1,1,33,6,3,0,0,0,0,0,9,1,5
3,1,9,0,15,0,0,0,0,0,0,1,1,6,1,23,5,1896,2,11,1,1,2,593570,172890,46,2,1,2,540,4,2008,6,30,0,4,6,0,0,0,4,1,1,0,0,1,1,1,1,1,23,5,3,0,0,0,0,0,9,1,5
3,1,9,0,18,0,1,0,0,0,0,1,1,1,1,26,6,1497,1,10,2,1,1,338446,753970,93,1,1,1,912,5,72,6,30,3,4,4,956,0,0,1,1,1,0,0,2,1,1,3,1,79,11,3,1,1,0,0,0,0,2,5
3,1,19,0,18,0,7,0,0,0,0,3,1,6,1,43,7,2198,2,1,1,1,2,340901,396734,5,2,1,3,90,3,580,3,40,5,4,1,57,1,0,1,1,1,0,1,2,2,1,1,1,33,6,3,0,0,0,0,0,9,1,5
3,2,9,0,18,0,0,0,7,0,0,2,1,6,1,53,8,1198,1,3,1,1,2,544730,183160,1,2,1,7,16,3,13,3,50,0,4,6,0,0,0,1,1,1,0,0,1,1,1,1,1,33,6,3,0,0,0,0,0,9,1,5
3,1,9,0,14,0,2,0,0,0,0,1,1,6,3,38,7,1596,1,6,1,1,1,405260,266790,22,1,1,6,274,6,0,6,30,3,2,6,0,0,5,1,1,4,0,0,1,2,1,3,1,16,4,3,5,2,0,0,0,0,1,5
3,2,9,0,8,0,1,0,0,0,0,2,1,6,1,50,8,1951,2,9,1,2,2,492981,238016,43,2,2,6,479,6,1307,6,60,3,4,6,0,0,0,1,2,2,0,0,2,3,2,2,2,42,7,3,0,0,1,0,0,9,1,1
3,2,19,0,9,0,8,0,0,0,0,1,1,1,1,25,5,1598,2,1,1,1,2,521370,180750,1,2,1,5,27,5,0,1,30,1,4,6,0,0,0,1,1,1,0,0,1,1,1,1,1,33,6,3,0,0,0,0,0,9,1,5
3,2,9,0,17,0,0,0,0,0,0,1,1,6,1,28,6,1995,2,8,1,2,2,402670,292260,20,2,2,5,305,6,0,6,60,0,4,6,0,0,0,1,1,1,0,0,2,1,1,1,1,28,6,3,0,0,0,0,0,9,1,2
3,1,9,0,9,0,2,0,0,0,0,4,1,6,1,23,5,1390,1,10,1,1,2,589976,186079,42,2,1,1,460,6,0,6,30,6,4,6,0,0,4,1,1,1,0,0,1,1,1,2,2,16,4,3,0,0,2,0,0,9,1,5
3,1,9,0,18,0,6,1,0,0,0,3,1,6,1,42,7,1598,1,8,1,1,2,431683,266071,23,2,1,2,294,6,0,6,30,3,4,6,0,0,0,4,1,1,0,0,1,1,1,1,1,33,6,3,0,0,0,0,0,9,1,5
3,1,9,0,5,0,6,0,0,0,0,1,1,6,1,84,11,1388,1,12,1,2,2,414130,93705,55,2,2,3,641,3,35,6,30,8,4,6,0,0,4,1,1,1,0,0,1,1,1,1,1,84,11,3,0,0,0,0,0,9,1,8
3,2,9,0,4,0,0,0,0,0,0,2,1,6,2,36,7,1560,2,8,1,1,2,340119,395346,5,2,1,4,91,6,0,6,30,0,4,6,0,0,0,1,1,1,0,0,1,1,1,1,2,36,7,3,0,0,0,0,0,9,1,1
2,2,9,0,18,0,1,0,0,0,0,1,1,2,2,57,9,1242,1,1,1,2,2,304912,668054,95,2,2,3,940,6,0,6,20,3,4,6,0,0,0,1,6,4,0,0,1,1,2,1,2,57,9,2,0,0,0,0,0,9,1,5
3,2,9,0,18,0,8,0,0,1,10,1,1,6,1,26,6,1598,1,8,1,1,2,436471,391384,14,2,1,1,215,6,0,6,30,6,4,6,0,0,0,4,1,2,0,0,1,1,1,1,1,26,6,3,0,0,0,0,0,9,1,1
3,3,9,0,4,0,1,0,0,0,0,2,1,6,2,41,7,1461,2,4,1,2,3,514365,165202,45,3,2,4,510,3,307,6,40,8,4,6,0,0,0,1,1,1,0,0,1,1,2,2,2,69,10,3,0,0,2,0,0,9,1,5
3,2,8,0,4,0,8,0,0,0,0,1,1,6,1,38,7,1598,1,8,1,2,3,511880,172670,1,3,2,4,25,3,312,6,30,3,3,6,0,0,4,1,2,2,0,0,1,1,1,1,1,33,6,3,0,0,0,0,0,9,1,5
3,2,9,0,9,0,8,1,0,0,0,4,1,2,1,32,6,1796,1,15,1,1,2,411924,97212,55,2,1,4,641,4,3073,6,40,7,2,6,0,0,0,7,1,2,0,0,2,1,1,1,1,33,6,3,0,0,0,0,0,9,1,5
2,2,9,0,9,0,5,0,0,0,0,3,1,6,1,21,5,1598,1,8,3,1,2,341220,317000,22,2,1,1,286,3,5,6,60,3,4,6,0,0,0,1,1,2,0,0,2,1,1,1,1,33,6,3,0,0,0,0,0,9,1,5
3,1,9,0,18,0,8,1,10,0,0,4,1,6,1,24,5,1988,1,15,1,1,1,510278,431749,16,1,1,7,228,3,1033,1,30,1,4,3,1033,0,0,1,2,2,0,0,1,1,1,2,2,21,5,3,0,0,1,0,0,9,1,2
3,2,9,0,9,0,8,0,0,0,0,3,1,6,1,25,5,1968,2,5,1,2,2,487487,287611,34,2,2,4,380,6,5094,6,30,3,4,5,170,0,0,1,1,1,0,0,1,3,2,2,1,20,4,3,0,0,1,0,0,9,1,1
3,2,19,0,2,6,1,0,0,0,0,2,1,6,3,38,7,1598,1,8,1,1,2,296801,668040,95,2,1,3,940,6,0,6,50,3,4,4,7002,0,0,1,2,2,0,0,1,2,1,1,1,33,6,3,0,0,0,0,0,9,1,5
2,1,3,0,18,0,5,0,0,0,0,1,1,6,1,18,4,125,1,8,1,1,2,511968,196366,41,2,1,7,33,6,308,6,20,3,4,6,32,0,1,1,1,1,0,0,1,2,1,1,1,18,4,2,0,0,0,0,0,3,1,3
3,1,9,0,16,0,0,2,10,7,4,1,1,6,2,18,4,1149,1,9,2,2,1,413574,496694,12,1,2,6,184,5,107,6,60,0,4,6,0,0,0,1,1,1,4,0,2,1,1,1,2,18,4,3,0,0,0,0,0,9,2,8
3,4,9,0,18,0,1,0,0,0,0,1,1,6,1,38,7,1197,1,4,1,1,4,525800,169450,1,4,1,5,22,3,24,6,30,3,2,6,0,0,5,1,1,1,0,0,1,1,1,1,1,38,7,3,0,0,0,0,0,9,1,3
3,1,9,0,13,0,0,5,0,1,10,1,1,6,1,39,7,1390,1,6,2,3,1,364150,299720,22,1,3,1,286,4,4376,6,60,0,4,6,0,0,0,6,7,2,0,0,2,1,2,2,1,16,4,3,0,0,2,0,0,9,2,6
2,2,9,0,18,0,8,0,0,0,0,0,1,6,1,28,6,1796,1,11,1,2,2,440449,555844,10,2,2,6,150,6,5179,6,30,3,4,6,5179,0,5,1,1,2,0,0,1,1,1,1,1,33,6,3,0,0,0,0,0,9,1,5
3,1,5,0,17,0,0,5,0,1,9,3,1,6,2,41,7,675,1,3,1,1,1,531955,144460,45,1,1,2,516,5,67,6,60,0,4,6,0,0,0,1,1,1,0,0,2,1,1,1,2,41,7,3,0,0,0,0,0,5,1,5
3,2,3,0,13,0,8,0,0,0,0,1,1,6,1,19,4,124,1,12,1,1,2,441190,365170,30,2,1,1,327,3,6175,6,30,3,4,6,0,0,0,1,1,1,0,0,1,1,1,1,1,19,4,3,0,0,0,0,0,3,1,2
3,1,19,0,12,0,1,0,0,4,0,4,1,2,1,41,7,2488,2,7,3,1,2,227718,61487,50,2,1,3,596,3,38,3,70,5,4,6,0,0,0,1,1,1,0,0,2,1,1,1,1,41,7,3,0,0,0,0,0,19,3,4
3,1,9,0,17,0,0,0,0,0,11,1,1,6,2,56,9,1242,1,5,3,1,1,392098,659447,95,1,1,6,914,4,6355,6,60,0,4,6,0,0,0,1,1,2,0,0,2,1,1,1,2,56,9,3,0,0,0,0,0,9,3,5
2,1,9,0,7,0,8,0,0,0,0,1,1,6,1,38,7,1598,1,8,1,1,2,493418,180969,43,2,1,7,473,3,4,1,30,1,4,1,4,0,0,1,1,1,0,0,2,1,1,1,1,33,6,3,0,0,0,0,0,9,1,5
3,1,9,0,16,0,8,0,0,0,0,4,1,1,1,33,6,1798,8,1,1,1,2,531960,179120,1,2,1,1,8,3,3,1,30,1,4,3,3,0,0,4,1,1,0,0,1,2,1,1,1,33,6,3,0,0,0,0,0,9,1,1
3,2,9,0,18,0,8,0,0,0,0,3,1,3,2,34,6,1598,1,8,1,2,2,305441,205042,62,2,2,5,742,3,4054,6,30,3,4,6,0,0,0,1,1,1,0,0,1,1,2,1,2,34,6,3,0,0,0,0,0,9,1,5
3,2,9,0,2,0,0,0,0,0,0,3,1,6,2,38,7,1198,1,4,1,1,2,527980,171820,1,2,1,5,10,6,0,6,30,0,4,6,0,0,0,1,1,1,0,0,1,2,1,1,1,33,6,3,0,0,0,0,0,9,1,5
3,2,5,0,3,0,1,0,0,0,0,2,1,1,2,34,6,599,1,23,1,1,2,456416,381796,31,2,1,5,341,6,0,1,50,1,4,3,57,0,0,1,1,1,0,0,2,1,1,1,2,34,6,3,0,0,0,0,0,5,1,1
3,1,9,0,18,0,1,0,0,0,0,1,1,6,3,38,7,1598,1,8,1,1,2,484321,146644,45,2,1,4,517,3,31,3,50,1,4,4,3001,0,0,7,1,1,0,0,1,1,1,1,1,33,6,3,0,0,0,0,0,9,1,5
3,2,1,0,18,0,8,0,0,0,0,1,1,6,1,16,4,1598,1,8,1,1,2,624868,311563,36,2,1,4,401,6,0,6,30,3,4,6,0,0,0,1,1,1,0,0,1,2,1,1,1,16,4,3,0,0,0,0,0,1,1,6
3,1,9,0,4,0,0,0,0,0,0,1,1,2,2,26,6,1398,1,10,1,2,3,511717,196298,41,3,2,3,437,6,308,6,30,0,4,6,0,0,0,1,1,1,0,0,1,1,1,2,2,1,1,3,0,0,2,0,0,9,1,6
3,1,19,0,18,0,0,0,0,0,0,1,1,1,1,49,8,2198,2,7,1,1,2,638842,310176,36,2,1,2,401,3,47,3,70,0,4,6,0,0,0,1,1,1,0,0,2,1,1,1,1,33,6,3,0,0,0,0,0,9,1,5
2,1,1,0,17,0,0,0,0,0,0,1,1,6,1,71,10,1598,1,8,1,1,2,253623,371460,60,2,1,3,720,3,5,6,30,0,4,6,0,0,0,4,5,2,0,0,2,1,1,1,1,71,10,2,0,0,0,0,0,1,1,5
3,1,9,0,6,0,0,0,0,0,0,2,1,6,1,47,8,1199,1,12,1,2,2,381503,214044,53,2,2,6,623,6,2675,6,30,0,4,6,0,0,0,1,1,1,0,0,1,2,1,1,1,47,8,3,0,0,0,0,0,9,1,5
3,1,4,0,5,0,1,0,0,0,0,2,1,6,2,38,7,124,1,8,1,1,2,537060,173140,1,2,1,3,7,3,212,6,30,3,4,6,0,0,0,1,1,1,0,0,1,1,1,1,2,38,7,3,0,0,0,0,0,4,1,2
3,2,9,0,18,0,8,0,0,0,0,1,1,6,1,22,5,1399,2,12,1,2,2,248242,57765,50,2,2,3,583,6,0,1,40,1,2,6,0,0,0,1,1,1,0,0,1,1,2,2,1,19,4,3,0,0,1,0,0,9,1,1
3,1,4,0,4,0,8,0,0,0,0,0,1,2,1,34,6,1598,1,8,1,2,2,375034,162263,52,2,2,7,611,3,3062,6,30,3,4,6,0,0,1,4,1,1,0,0,1,1,1,1,1,34,6,3,0,0,0,0,0,4,1,7
2,1,20,0,2,0,0,0,0,0,0,1,1,1,1,51,8,3900,2,12,1,1,1,458695,304411,33,1,1,3,364,6,2480,6,30,0,4,6,0,0,0,1,1,1,0,0,1,1,1,3,2,63,9,2,6,9,0,0,0,0,2,10
3,1,11,0,4,2,0,0,0,0,0,1,1,6,1,48,8,7300,2,10,2,1,1,325990,673460,95,1,1,2,923,3,7,6,30,0,4,6,0,0,0,1,2,2,0,0,1,2,1,3,2,24,5,3,8,1,0,0,0,0,1,5
3,2,2,0,18,0,8,0,0,0,0,3,1,2,2,38,7,49,1,8,1,1,2,533060,180930,48,2,1,3,570,5,0,6,20,3,4,5,0,0,0,1,1,1,0,0,1,1,1,1,2,38,7,3,0,0,0,0,0,2,1,5
3,1,8,0,9,0,8,0,0,0,0,1,1,1,1,30,6,1997,2,4,1,1,2,526140,181370,1,2,1,2,1,3,4206,6,30,6,2,5,0,0,5,4,2,2,0,0,1,1,1,1,1,33,6,3,0,0,0,0,0,9,1,5
3,1,9,0,4,0,0,0,0,0,0,2,1,6,1,49,8,2179,2,6,1,2,2,333758,164427,52,2,2,1,605,6,0,6,60,0,4,6,0,0,0,1,1,1,0,0,2,1,1,1,1,49,8,3,0,0,0,0,0,9,1,4
3,1,9,0,4,0,1,1,0,3,0,4,1,1,1,21,5,1596,1,14,2,2,2,415199,573424,10,2,2,5,139,3,696,6,60,3,4,5,347,0,0,1,1,1,0,0,2,1,2,2,1,19,4,3,0,0,1,0,0,9,1,2
3,2,9,0,3,0,1,0,0,0,0,2,1,6,1,27,6,2000,1,9,1,1,4,439539,386622,14,4,1,4,215,3,57,7,50,1,4,3,57,0,0,1,8,2,0,0,1,1,1,1,1,33,6,3,0,0,0,0,0,9,1,5
3,2,9,0,15,0,8,0,0,0,0,1,1,6,2,70,10,1061,1,9,1,1,2,378850,392690,6,2,1,5,112,3,56,6,30,9,4,6,0,0,0,1,1,1,0,0,1,1,1,2,2,18,4,3,0,0,1,0,0,9,1,5
3,2,19,0,18,0,0,5,0,0,0,4,1,6,3,38,7,1598,1,8,1,1,2,517146,153711,45,2,1,1,512,3,24,6,30,0,4,6,0,0,0,1,1,1,0,0,2,1,1,1,1,33,6,3,0,0,0,0,0,9,1,5
3,2,5,0,18,0,0,1,10,1,0,4,1,2,1,25,5,656,1,9,1,1,2,431194,568019,10,2,1,4,148,3,1058,3,70,0,4,6,0,0,0,1,1,1,0,0,1,1,1,1,1,25,5,3,0,0,0,0,0,5,1,2
3,2,9,0,3,0,8,0,0,0,0,2,1,6,1,32,6,1997,2,13,1,2,4,434817,419327,13,4,2,5,206,3,638,6,30,3,2,6,0,0,5,4,1,1,0,0,1,1,1,1,1,33,6,3,0,0,0,0,0,9,1,5
3,1,1,0,18,0,0,0,0,0,0,1,1,6,1,43,7,1598,1,8,1,1,1,444152,131347,44,1,1,6,502,6,0,6,30,0,4,6,0,0,0,1,1,1,0,0,2,1,1,1,1,43,7,3,0,0,0,0,0,1,1,5
3,1,9,0,16,0,0,1,0,0,0,1,1,2,1,49,8,1998,1,12,3,1,2,265684,854646,91,2,1,3,927,6,0,6,60,0,4,6,0,0,0,1,1,1,0,0,2,1,1,1,1,49,8,3,0,0,0,0,0,9,3,5
3,1,1,0,18,0,1,0,0,0,0,3,1,6,1,21,5,1598,1,8,1,1,2,590330,163540,46,2,1,5,540,5,397,6,30,1,4,6,0,0,0,1,1,1,0,0,1,1,1,1,1,21,5,3,0,0,0,0,0,1,1,3
2,2,1,0,18,0,0,0,0,0,0,0,1,6,1,17,4,1598,1,8,2,1,2,400806,445215,12,2,1,6,180,4,6172,6,30,0,4,6,0,0,0,1,1,1,0,0,1,2,1,1,1,17,4,2,0,0,0,0,0,1,2,7
3,2,9,0,8,0,8,0,0,0,0,2,1,6,1,20,4,1364,1,5,1,1,2,537410,173570,1,2,1,3,7,3,205,6,30,3,4,6,0,0,0,1,1,1,0,0,1,1,1,1,1,20,4,3,0,0,0,0,0,9,1,5
3,3,9,0,18,0,4,0,0,0,0,1,1,6,2,22,5,1595,1,9,1,1,3,413017,184026,54,3,1,7,633,3,3102,1,40,1,4,3,3102,0,0,1,1,1,0,0,2,1,1,1,2,22,5,3,0,0,0,0,0,9,1,10
2,1,8,0,1,0,0,0,0,0,0,2,1,1,1,33,6,1896,2,6,1,1,1,441975,112010,44,1,1,7,500,6,0,6,30,0,4,6,0,0,0,1,5,2,0,0,1,1,1,3,2,73,10,2,5,9,0,0,0,0,1,3
3,1,9,0,18,0,1,0,0,0,0,1,1,6,1,20,4,1198,1,8,2,2,2,616587,340934,36,2,2,6,405,3,148,6,50,3,4,5,786,0,0,6,1,1,0,0,2,1,1,1,1,20,4,3,0,0,0,0,0,9,2,8
3,2,9,0,18,0,1,0,0,0,0,3,2,2,2,45,7,1598,1,12,1,1,2,588766,187110,42,2,1,6,460,6,0,6,30,6,4,6,0,0,8,1,1,1,0,0,1,1,1,1,1,33,6,3,0,0,0,0,0,9,1,5
3,1,9,0,18,0,3,0,0,0,0,1,1,6,2,75,10,1598,2,8,1,1,2,519520,271900,35,2,1,1,393,3,14,1,70,1,2,3,1,0,0,1,1,1,0,0,2,1,1,1,1,33,6,3,0,0,0,0,0,9,1,5
3,1,9,0,6,0,1,0,0,0,0,1,1,6,1,45,7,3997,2,8,1,1,1,471157,173550,43,1,1,1,472,6,7201,1,30,1,4,6,7201,0,1,1,1,1,0,0,1,1,1,3,2,21,5,3,1,2,0,0,0,0,1,10
3,2,19,0,18,0,8,0,0,0,0,1,1,1,1,26,6,1995,2,2,1,1,2,411834,562714,10,2,1,3,146,3,695,6,60,3,4,4,6395,0,0,1,1,1,0,0,2,1,1,1,1,33,6,3,0,0,0,0,0,9,1,5
3,1,9,0,17,0,8,0,0,0,0,1,1,2,2,32,6,1997,2,8,3,2,2,468952,272069,34,2,2,3,381,5,31,6,30,3,4,6,6194,0,0,1,1,1,0,0,2,1,1,1,2,32,6,3,0,0,0,0,0,9,3,9
3,1,9,0,16,0,0,2,0,0,0,4,1,6,1,22,5,1149,1,10,1,2,1,456521,87237,44,1,2,3,505,6,0,6,60,0,4,6,0,0,0,6,1,2,0,0,2,1,2,2,2,19,4,3,0,0,2,0,0,9,1,3
3,1,19,0,18,0,0,0,0,7,2,1,1,1,1,26,6,2198,2,4,1,2,1,401410,238330,22,1,2,2,277,3,46,6,60,0,4,6,0,0,0,1,1,1,0,0,2,1,2,2,1,21,5,3,0,0,1,0,0,19,1,8
2,1,9,0,7,0,1,0,0,0,0,0,1,1,3,35,6,1598,1,8,1,1,2,387660,439360,4,2,1,4,77,3,56,6,30,3,4,6,0,0,4,1,1,1,0,0,1,1,1,1,1,33,6,3,0,0,0,0,0,9,1,5
3,1,2,0,18,0,8,0,0,0,0,3,1,6,1,22,5,125,1,1,1,1,2,535800,181170,1,2,1,5,5,3,13,6,30,3,4,6,0,0,4,1,1,1,0,0,1,1,1,1,1,22,5,3,0,0,0,0,0,2,1,4
3,1,9,0,18,0,2,0,10,1,2,4,1,6,1,26,6,1560,2,9,1,1,2,542840,172990,1,2,1,2,6,3,20,3,40,3,4,6,0,0,0,1,1,1,0,0,1,1,1,1,1,26,6,3,0,0,0,0,0,9,1,4
3,2,9,0,9,0,2,0,0,0,0,1,1,6,2,48,8,2696,2,6,1,1,2,348636,703617,94,2,1,7,925,4,942,6,60,8,4,6,0,0,0,1,1,1,0,0,2,1,1,1,1,33,6,3,0,0,0,0,0,9,1,5
3,2,9,0,18,0,0,0,0,0,0,1,1,6,2,24,5,1149,1,7,1,2,6,387269,347560,21,6,2,2,257,3,53,3,40,0,4,6,0,0,0,1,1,2,0,0,1,1,1,1,1,33,6,3,0,0,0,0,0,9,1,5
3,2,9,0,2,0,1,0,0,0,0,1,1,6,3,38,7,1595,1,8,1,1,2,384496,347752,21,2,1,1,253,6,93,6,30,3,4,6,93,0,0,1,1,1,0,0,1,1,1,1,1,33,6,3,0,0,0,0,0,9,1,5
3,2,9,0,16,0,0,0,0,0,0,0,1,1,1,53,8,1598,1,8,1,1,2,434860,282140,20,2,1,2,302,4,4082,6,30,0,4,6,0,0,0,4,2,2,0,0,1,1,1,1,1,33,6,3,0,0,0,0,0,9,1,5
3,3,9,0,4,0,0,0,0,0,0,2,1,6,2,60,9,1598,1,8,3,2,3,528285,401376,32,3,2,4,351,3,16,6,60,0,4,6,0,0,0,1,1,1,4,0,2,1,2,1,2,60,9,3,0,0,0,0,0,9,3,7
3,1,19,0,18,0,8,0,0,0,0,1,1,6,1,62,9,2799,2,15,1,2,3,525819,135706,47,3,2,3,560,3,23,3,70,1,4,3,2220,0,0,1,1,1,0,0,1,1,1,1,1,33,6,3,0,0,0,0,0,9,1,5
2,1,9,0,9,0,8,0,0,0,0,4,1,6,1,22,5,1598,1,8,1,1,2,486390,150645,44,2,1,3,499,4,3008,6,30,3,4,6,0,0,0,1,1,1,0,0,1,1,1,1,1,33,6,3,0,0,0,0,0,9,1,5
3,1,9,0,1,0,1,0,0,0,0,2,1,6,1,18,4,1198,1,12,1,1,2,531327,104813,47,2,1,6,565,4,2119,2,20,3,4,6,0,0,0,4,1,1,0,0,1,2,1,1,1,33,6,3,0,0,0,0,0,9,1,5
2,1,19,0,18,0,0,0,0,0,0,1,1,1,1,29,6,1995,2,5,1,2,1,502883,247351,40,1,2,2,420,4,531,6,30,0,4,6,0,0,4,4,2,2,0,0,1,1,1,3,2,14,3,2,1,3,0,0,0,0,1,3
3,2,9,0,18,0,8,0,0,0,0,3,1,6,2,26,6,1390,1,11,1,3,3,377070,390090,6,3,3,7,112,3,56,6,30,8,4,6,0,0,0,1,1,1,0,0,1,1,2,1,2,26,6,3,0,0,0,0,0,9,1,7
3,2,9,0,18,0,0,0,0,1,0,1,1,6,1,23,5,1598,1,8,1,2,2,485217,131188,47,2,2,2,559,6,0,6,60,0,4,6,0,0,0,1,1,1,0,0,2,1,2,1,1,23,5,3,0,0,0,0,0,9,1,7
3,2,2,0,14,0,8,0,0,0,0,1,1,1,2,32,6,49,1,15,1,1,2,532440,184380,1,2,1,4,3,3,104,6,20,3,4,6,0,0,1,1,1,1,0,0,1,1,1,1,2,32,6,3,0,0,0,0,0,2,1,2
3,4,9,0,18,0,0,0,0,2,7,4,1,1,2,42,7,2400,2,3,1,3,7,354510,418950,4,7,3,2,73,1,6,3,70,0,4,6,0,0,0,1,1,1,0,0,2,1,3,2,2,48,8,3,0,0,1,0,0,9,1,10
3,2,9,0,4,0,0,0,0,7,0,2,1,6,1,20,4,1995,2,8,1,4,2,506173,220161,40,2,4,7,424,6,218,6,30,0,4,6,0,0,0,4,2,2,0,0,2,1,4,2,1,35,6,3,0,0,1,0,0,9,1,2
3,2,9,0,18,0,8,0,0,0,0,1,1,6,1,57,9,998,1,11,2,1,2,339896,112711,52,2,1,7,610,6,0,6,60,3,4,6,0,0,0,1,2,2,0,0,2,1,1,2,2,57,9,3,0,0,1,0,0,9,2,9
3,1,19,0,18,0,0,1,0,1,0,1,1,1,1,50,8,2198,2,2,2,5,3,335420,440560,4,3,5,5,85,3,585,6,50,0,4,6,0,0,0,1,1,1,0,0,1,1,1,1,1,50,8,3,0,0,0,0,0,19,2,10
3,1,9,0,18,0,1,0,0,0,0,1,1,6,1,37,7,1149,1,12,2,1,2,290471,680607,96,2,1,2,924,3,904,6,40,1,4,3,904,0,0,1,1,1,0,0,1,2,1,1,1,33,6,3,0,0,0,0,0,9,1,5
3,2,1,0,18,0,8,0,0,0,0,1,1,6,1,16,4,1598,1,8,1,1,2,405620,287530,20,2,1,7,300,3,4540,3,30,3,4,6,0,0,0,1,1,1,0,0,1,2,1,1,1,16,4,3,0,0,0,0,0,1,1,1
3,1,9,0,5,0,1,0,0,0,0,1,1,6,2,39,7,1995,2,1,1,1,1,248350,664273,97,1,1,3,935,6,0,2,30,6,2,6,0,0,4,1,1,1,0,0,1,1,1,3,2,14,3,3,1,1,0,0,0,0,1,5
3,2,9,0,9,0,6,0,0,0,0,4,1,6,1,18,4,1242,1,13,2,1,2,440573,394018,14,2,1,2,213,6,0,6,30,3,4,6,0,0,0,1,1,1,0,0,1,2,1,1,1,33,6,3,0,0,0,0,0,9,1,5
3,1,1,0,18,0,0,0,0,0,0,1,1,6,1,37,7,1598,1,8,1,1,1,531880,181160,48,1,1,1,570,5,0,6,20,0,4,6,0,0,1,1,1,1,0,0,1,1,1,3,1,0,1,3,4,9,0,0,2,0,1,5
3,1,9,0,6,0,2,0,0,0,0,3,1,1,1,63,9,1598,1,8,1,1,2,264674,192998,62,2,1,5,745,3,4118,6,30,3,4,6,0,0,0,1,2,2,0,0,1,1,1,1,1,33,6,3,0,0,0,0,0,9,1,5
3,2,9,0,1,0,0,0,0,0,0,2,1,6,1,38,7,1998,1,12,1,1,2,544050,178550,1,2,1,5,6,5,0,6,30,0,4,6,0,0,0,1,1,1,0,0,1,2,1,1,1,33,6,3,0,0,0,0,0,9,1,5
3,1,9,0,9,0,8,0,0,0,0,4,1,6,3,38,7,1598,1,8,1,1,3,478920,262321,34,3,1,5,384,5,156,6,30,3,4,6,8320,0,0,1,1,1,0,0,1,1,1,1,1,33,6,3,0,0,0,0,0,9,1,5
3,2,9,0,18,0,3,0,10,0,0,4,1,6,1,63,9,1598,1,8,1,1,2,337663,351968,60,2,1,4,725,3,534,1,50,1,4,6,0,0,0,1,1,1,0,0,2,2,1,1,1,63,9,3,0,0,0,0,0,9,1,5
3,1,11,0,5,0,0,0,0,0,0,0,1,1,1,52,8,8268,2,10,1,1,1,545020,186940,1,1,1,6,14,3,118,6,30,0,4,6,0,0,0,1,1,1,0,0,1,1,1,2,2,18,4,3,0,0,0,3,0,11,1,4
3,1,9,0,4,0,8,0,0,0,0,2,1,6,2,18,4,1198,1,10,3,1,2,332659,108940,52,2,1,6,610,3,358,6,30,3,4,6,0,0,0,4,1,1,0,0,1,1,1,2,2,18,4,3,0,0,1,0,0,9,1,5
3,1,9,0,9,0,4,0,0,0,0,1,1,6,2,35,6,1598,1,8,1,1,2,450668,206252,43,2,1,3,482,3,420,1,20,2,4,3,4144,0,0,1,1,1,4,0,1,2,1,1,1,33,6,3,0,0,0,0,0,9,1,5
3,1,9,0,7,0,8,0,0,0,0,4,1,6,2,40,7,2000,2,10,1,1,2,348060,405770,4,2,1,5,84,6,0,1,40,1,4,6,0,0,0,1,1,1,0,0,1,1,1,1,1,33,6,3,0,0,0,0,0,9,1,5
3,2,9,0,3,0,0,0,0,0,0,2,1,6,3,38,7,1598,1,8,1,1,3,361596,170732,52,3,1,6,601,6,0,6,20,0,4,6,0,0,0,1,1,1,0,0,1,2,1,1,1,33,6,3,0,0,0,0,0,9,1,5
3,1,19,0,18,0,2,0,10,1,7,4,1,2,1,47,8,2464,2,7,1,2,1,527974,409686,16,1,2,5,233,6,0,6,30,6,2,6,0,0,5,1,1,1,0,0,1,1,2,2,1,47,8,3,0,0,0,0,0,19,1,1