accident_severity,vehicle_reference,vehicle_type,towing_and_articulation,vehicle_manoeuvre,vehicle_location-restricted_lane,junction_location,skidding_and_overturning,hit_object_in_carriageway,vehicle_leaving_carriageway,hit_object_off_carriageway,1st_point_of_impact,was_vehicle_left_hand_drive?,journey_purpose_of_driver,sex_of_driver,age_of_driver,age_band_of_driver,engine_capacity_(cc),propulsion_code,age_of_vehicle,driver_home_area_type,NUmber_of_Casualities_unique_to_accident_index,No_of_Vehicles_involved_unique_to_accident_index,location_easting_osgr,location_northing_osgr,police_force,number_of_vehicles,number_of_casualties,day_of_week,local_authority_(district),1st_road_class,1st_road_number,road_type,speed_limit,junction_detail,junction_control,2nd_road_class,2nd_road_number,pedestrian_crossing-human_control,pedestrian_crossing-physical_facilities,light_conditions,weather_conditions,road_surface_conditions,special_conditions_at_site,carriageway_hazards,urban_or_rural_area,did_police_officer_attend_scene_of_accident,casualty_reference,casualty_class,sex_of_casualty,age_of_casualty,age_band_of_casualty,casualty_severity,pedestrian_location,pedestrian_movement,car_passenger,bus_or_coach_passenger,pedestrian_road_maintenance_worker,casualty_type,casualty_home_area_type,casualty_imd_decile
3,2,9,0,5,0,8,0,0,0,0,1,1,6,2,29,6,1242,1,6,1,4,2,543380,186080,1,2,4,7,14,3,118,7,30,1,4,3,406,0,0,1,1,1,0,0,1,1,1,1,2,29,6,3,0,0,0,0,0,9,1,5
3,1,9,0,18,0,8,0,0,0,0,1,1,6,1,43,7,1895,1,15,1,2,2,506270,182980,1,2,2,4,26,3,4020,3,40,3,2,5,0,0,5,4,8,2,0,0,1,1,1,1,1,33,6,3,0,0,0,0,0,9,1,5
3,2,10,0,18,0,1,0,0,0,0,2,1,1,1,43,7,2198,2,3,1,1,2,559114,99162,47,2,1,4,551,3,259,6,30,3,4,6,0,0,0,1,1,1,0,0,1,1,1,1,1,33,6,3,0,0,0,0,0,9,1,5
3,2,3,0,18,0,8,0,0,1,0,3,1,6,1,30,6,50,1,12,1,1,2,469234,339630,31,2,1,5,347,5,217,6,30,3,4,6,0,0,0,4,1,1,0,0,2,1,1,1,1,30,6,3,0,0,0,0,0,3,1,2
2,3,9,0,18,0,1,0,0,0,0,1,1,6,1,40,7,2993,2,2,1,1,3,418905,433770,13,3,1,4,200,6,0,6,30,3,4,6,0,0,0,1,1,1,0,0,1,1,1,1,1,33,6,3,0,0,0,0,0,9,1,5
3,1,9,0,18,0,0,0,0,0,0,3,1,6,1,40,7,1600,2,6,3,2,2,598526,309788,36,2,2,1,400,3,1075,6,60,0,4,6,0,0,0,6,1,1,0,0,2,1,1,1,1,40,7,3,0,0,0,0,0,9,3,6
3,2,1,0,7,0,3,0,0,0,0,2,1,2,2,29,6,1598,1,8,1,1,2,408620,286080,20,2,1,6,300,3,45,1,30,1,4,3,4540,0,0,7,9,1,0,0,1,2,1,1,2,29,6,3,0,0,0,0,0,1,1,2
2,2,9,0,18,0,8,0,0,7,0,1,1,2,2,23,5,998,1,6,2,2,2,354190,276370,22,2,2,5,286,3,4117,6,60,3,4,6,0,0,0,1,1,1,0,0,2,1,2,1,2,23,5,3,0,0,0,0,0,9,2,9
3,1,19,0,18,0,1,0,0,0,0,1,1,1,2,20,4,2198,2,8,1,2,4,367278,354975,7,4,2,6,129,3,530,6,30,8,4,6,0,0,0,1,1,1,0,0,2,1,1,2,2,76,11,3,0,0,1,0,0,19,3,5
3,1,9,0,8,0,1,0,0,0,0,2,1,6,1,33,6,1590,1,23,1,1,2,413350,295810,20,2,1,4,300,6,0,6,30,3,4,6,0,0,0,4,9,1,0,0,1,2,1,1,1,33,6,3,0,0,0,0,0,9,1,4
3,1,9,0,18,0,2,0,0,0,0,4,1,6,3,38,7,1598,1,8,1,1,1,417756,433561,13,1,1,7,200,4,6381,6,30,6,2,6,0,0,5,4,2,2,0,0,1,2,1,3,1,15,3,3,1,1,0,0,0,0,1,1
3,1,9,0,9,0,6,0,0,0,0,1,1,6,1,43,7,1390,1,14,3,1,2,537291,157952,45,2,1,3,516,4,269,6,60,3,4,6,0,0,0,6,1,1,0,0,2,1,1,1,1,43,7,3,0,0,0,0,0,9,3,5
2,1,9,0,18,0,0,0,0,7,0,1,1,6,1,18,4,1398,1,3,3,1,1,331892,738640,93,1,1,1,912,4,954,6,30,0,4,6,0,0,0,6,1,2,0,7,2,1,1,1,1,18,4,2,0,0,0,0,0,9,3,5
3,4,9,0,2,0,0,0,0,0,0,1,1,6,3,38,7,1598,1,8,1,2,4,305125,179094,62,4,2,7,746,6,0,6,30,0,4,6,0,0,0,1,1,2,0,0,2,1,1,1,1,33,6,3,0,0,0,0,0,9,1,5
3,1,9,0,18,0,8,0,0,0,0,3,1,6,1,39,7,1797,8,5,1,1,2,537440,189780,1,2,1,7,13,3,503,6,30,6,2,3,112,0,5,4,1,1,0,0,1,1,1,1,1,39,7,3,0,0,0,0,0,9,1,2
3,1,9,0,9,0,8,0,0,0,0,3,1,6,2,34,6,1910,2,8,1,1,1,487124,279460,34,1,1,3,383,6,7089,6,30,6,4,6,7062,0,0,1,1,1,0,0,1,1,1,3,1,76,11,3,5,3,0,0,0,0,1,2
3,1,9,0,5,0,4,0,0,1,2,3,1,1,2,26,6,1199,1,13,1,1,2,412120,278620,20,2,1,2,306,3,34,1,30,1,4,6,0,0,0,1,2,2,0,0,1,1,1,1,2,26,6,3,0,0,0,0,0,9,1,1
3,2,9,0,18,0,8,0,0,0,0,1,1,6,2,51,8,998,1,1,1,1,2,387020,393670,6,2,1,5,102,6,0,6,20,3,4,6,0,0,0,1,1,1,0,0,1,1,1,1,1,33,6,3,0,0,0,0,0,9,1,5
3,2,9,0,3,0,1,0,0,0,0,2,1,6,2,53,8,1560,2,2,1,1,2,621391,311390,36,2,1,5,404,3,140,6,40,3,4,6,0,0,0,1,1,1,0,0,1,2,1,1,2,53,8,3,0,0,0,0,0,9,1,4
3,1,19,0,4,0,0,0,0,0,0,1,1,1,1,28,6,1870,2,9,1,1,2,248658,664408,97,2,1,3,935,6,0,3,30,0,4,6,0,0,4,1,1,1,0,0,1,1,1,1,1,33,6,3,0,0,0,0,0,9,1,5
3,1,4,0,14,0,0,0,0,0,0,3,1,2,1,23,5,125,1,2,1,2,2,409760,294380,20,2,2,2,300,3,452,6,30,0,4,6,0,0,0,1,1,1,0,0,1,1,1,3,2,8,2,3,5,3,0,0,0,0,3,7
2,2,9,0,17,0,0,0,0,0,0,1,1,6,2,44,7,2993,2,8,2,2,2,459025,203832,43,2,2,2,484,6,256,6,60,0,4,6,0,0,0,1,1,1,0,0,2,1,2,1,2,44,7,3,0,0,0,0,0,9,2,10
3,2,11,0,18,0,8,0,0,0,0,0,1,6,1,38,7,1598,1,8,1,1,2,352392,383152,7,2,1,6,124,3,558,6,30,6,2,6,0,0,0,1,9,1,0,0,2,2,1,2,2,3,1,3,0,0,0,4,0,11,1,1
3,1,9,0,18,0,1,0,0,0,0,1,1,6,1,21,5,1968,2,4,1,1,2,520400,190090,1,2,1,1,30,3,5,6,30,3,4,3,5,0,0,1,1,1,0,0,1,1,1,2,2,39,7,3,0,0,1,0,0,9,1,6
3,2,9,0,18,0,3,0,0,1,0,3,1,6,1,58,9,1386,1,3,1,1,2,435991,564053,10,2,1,4,149,4,1298,1,30,1,4,5,406,0,0,1,1,1,0,0,1,1,1,1,1,33,6,3,0,0,0,0,0,9,1,5
3,2,20,0,13,0,0,0,0,0,0,0,1,1,1,47,8,1598,1,8,1,1,3,436947,104434,44,3,1,2,496,4,3056,6,40,0,4,6,0,0,0,1,1,1,0,0,2,1,1,1,1,33,6,3,0,0,0,0,0,9,1,5
3,1,9,0,13,0,1,0,0,0,0,3,1,6,1,52,8,1871,2,13,2,1,2,445307,210570,43,2,1,3,485,6,152,6,30,3,4,6,0,0,0,6,2,2,0,0,2,1,1,1,1,33,6,3,0,0,0,0,0,9,1,5
3,1,11,0,4,0,1,0,0,0,0,0,1,6,1,40,7,6692,2,2,1,1,2,531470,189680,1,2,1,6,31,3,105,6,30,6,2,3,1080,0,5,1,9,1,0,0,1,1,1,2,1,14,3,3,0,0,0,3,0,11,1,2
3,1,9,0,6,0,1,0,0,7,2,3,1,6,1,41,7,1560,2,1,1,2,2,425531,211124,43,2,2,5,485,4,4020,6,40,8,4,6,0,0,0,1,1,1,0,0,2,1,1,1,1,41,7,3,0,0,0,0,0,9,1,5
3,1,19,0,18,0,8,0,0,1,10,3,1,6,1,69,10,1998,2,9,1,3,2,419040,364290,30,2,3,5,329,5,32,6,60,6,4,5,140,0,0,1,1,1,0,0,2,1,1,1,1,69,10,3,0,0,0,0,0,19,1,6
3,2,9,0,18,0,1,0,0,0,0,1,1,6,2,26,6,1598,1,8,1,3,2,329990,369309,60,2,3,6,724,4,5129,6,30,3,4,4,5126,0,0,1,2,2,0,0,1,1,2,1,2,26,6,3,0,0,0,0,0,9,1,5
3,1,8,0,1,0,0,0,0,0,0,2,1,6,1,23,5,1753,2,8,1,2,1,337648,394331,5,1,2,4,91,6,0,3,20,0,4,6,0,0,1,1,1,1,0,0,1,1,2,3,2,2,1,3,10,3,0,0,0,0,1,1
3,1,19,0,18,0,0,0,0,0,0,1,1,6,1,51,8,1560,2,8,3,1,2,461602,378794,31,2,1,3,341,4,6079,6,50,0,4,6,0,0,0,1,1,1,0,0,2,1,1,1,1,33,6,3,0,0,0,0,0,9,1,5
2,1,5,0,13,0,0,0,0,0,0,1,1,6,1,60,9,1598,1,8,1,1,2,394380,395250,6,2,1,1,110,1,67,3,70,0,4,6,0,0,0,1,1,1,0,0,1,1,1,1,1,60,9,2,0,0,0,0,0,5,1,5
3,1,9,0,18,0,0,1,0,7,9,1,1,6,1,58,9,1560,2,8,3,1,2,301567,825540,91,2,1,3,927,3,95,6,60,0,4,6,0,0,0,1,2,2,0,0,2,1,1,1,1,58,9,3,0,0,0,0,0,9,3,5
2,2,9,0,18,0,0,0,0,0,0,3,1,6,2,62,9,1598,1,8,1,1,2,294137,194994,62,2,1,5,744,3,4061,6,60,0,4,6,0,0,0,1,1,1,0,0,2,1,1,1,1,33,6,3,0,0,0,0,0,9,1,5
3,2,1,0,18,0,0,0,8,0,0,1,1,6,1,54,8,1598,1,8,1,1,2,528000,181420,1,2,1,5,1,5,0,6,30,0,4,6,0,0,0,4,1,1,0,0,1,1,1,1,1,54,8,3,0,0,0,0,0,1,1,1
3,1,9,0,3,0,1,0,0,0,0,2,1,6,2,46,8,1149,1,9,1,1,2,544090,185080,1,2,1,2,14,3,123,6,30,3,2,6,0,0,5,4,1,1,0,0,1,2,1,1,2,46,8,3,0,0,0,0,0,9,1,2
2,1,9,0,18,0,3,0,0,0,0,3,1,2,2,36,7,2179,2,1,3,1,1,206223,560105,98,1,1,3,917,3,718,6,30,3,4,6,406,0,8,1,1,1,0,0,1,2,1,3,1,59,9,2,7,3,0,0,0,0,1,5
3,1,9,0,18,0,0,0,0,7,11,1,1,6,2,62,9,1560,2,8,2,1,1,489539,100999,47,1,1,3,558,4,2166,6,40,0,4,6,0,0,0,1,1,1,0,0,2,1,1,1,2,62,9,3,0,0,0,0,0,9,2,7
3,1,9,0,5,0,4,0,0,0,0,1,1,6,1,38,7,1598,1,8,1,1,2,504568,483910,12,2,1,2,186,6,803,6,30,1,4,6,801,0,8,1,1,1,0,0,1,2,1,1,1,33,6,3,0,0,0,0,0,9,1,5
3,1,9,0,18,0,0,0,4,0,0,1,1,6,1,26,6,2979,1,1,1,2,2,540580,184860,1,2,2,3,17,3,114,6,30,0,4,6,0,0,0,4,1,1,0,0,1,1,1,1,1,26,6,3,0,0,0,0,0,9,1,1
3,1,1,0,18,0,4,0,0,0,0,1,1,6,1,18,4,1598,1,8,1,1,2,414954,418654,13,2,1,5,203,6,0,1,30,1,4,6,0,0,0,1,1,1,0,0,1,1,1,1,1,18,4,3,0,0,0,0,0,1,1,5
3,1,19,0,18,0,1,0,0,0,0,1,1,6,1,62,9,2402,2,12,1,1,4,429389,434944,13,4,1,3,204,3,660,6,30,3,4,6,0,0,0,4,1,2,0,0,1,1,1,1,1,33,6,3,0,0,0,0,0,9,1,5
3,1,9,0,12,0,0,0,0,0,0,1,1,6,1,21,5,1560,2,6,1,2,3,302203,669534,95,3,2,3,940,1,8,3,70,0,4,6,0,0,0,6,1,1,0,0,1,1,2,2,1,20,4,3,0,0,1,0,0,9,1,5
3,2,19,0,9,0,6,0,0,0,0,4,1,6,1,23,5,1870,2,10,1,2,2,335434,159028,52,2,2,4,605,6,0,6,30,3,4,6,0,0,0,1,1,1,0,0,1,1,1,1,1,33,6,3,0,0,0,0,0,9,1,5
3,2,9,0,18,0,1,0,0,0,0,2,1,6,1,64,9,1360,1,13,1,2,2,584855,188259,42,2,2,6,460,3,127,3,40,6,2,3,1015,0,0,1,1,1,0,0,1,1,2,1,1,64,9,3,0,0,0,0,0,9,1,1
3,3,21,1,4,0,0,1,2,0,0,1,1,1,1,48,8,3920,2,8,1,2,3,405400,294650,20,3,2,3,305,1,6,3,70,0,4,6,0,0,0,4,1,2,4,0,2,1,2,1,1,48,8,3,0,0,0,0,0,21,1,2
3,2,9,0,18,0,3,0,0,0,0,3,1,6,2,66,10,1598,1,8,1,1,2,419752,563979,10,2,1,3,147,3,6085,1,30,1,2,3,695,0,0,1,2,2,0,0,2,1,1,1,2,66,10,3,0,0,0,0,0,9,1,7
2,1,21,1,17,0,8,0,9,0,1,3,1,1,1,55,8,11967,2,3,1,1,1,421517,505250,12,1,1,2,184,3,1,1,60,1,2,3,1,0,0,1,1,1,0,0,2,1,1,1,1,55,8,2,0,0,0,0,0,21,1,8
3,1,9,0,4,0,1,0,0,0,0,1,1,6,1,44,7,1968,2,3,1,1,2,336895,400159,5,2,1,6,93,3,59,3,40,5,2,6,0,0,0,4,1,1,0,0,2,1,1,1,1,33,6,3,0,0,0,0,0,9,1,5
3,1,9,0,18,0,0,2,0,1,9,4,1,6,2,21,5,1248,2,9,1,2,1,534917,380647,32,1,2,4,351,3,16,6,60,0,4,6,0,0,0,1,8,2,0,0,2,1,1,1,2,21,5,3,0,0,0,0,0,9,1,1
3,4,9,0,3,0,1,0,0,0,0,2,1,2,1,35,6,1997,1,5,1,3,4,431427,579311,10,4,3,5,139,3,1061,6,30,3,2,6,9524,0,0,1,1,1,0,0,2,2,3,1,1,35,6,3,0,0,0,0,0,9,1,2
3,1,9,0,4,0,0,1,0,0,0,1,1,6,1,29,6,1598,1,16,2,2,2,588594,231737,42,2,2,3,451,6,0,6,60,0,4,6,0,0,0,1,2,2,0,0,2,1,1,1,1,29,6,3,0,0,0,0,0,9,2,5
2,1,8,0,18,0,0,0,0,0,0,1,1,1,1,32,6,2499,2,8,1,1,1,532130,181060,48,1,1,6,570,5,0,6,20,0,4,6,0,0,4,1,1,1,0,0,1,1,1,3,2,27,6,2,1,2,0,0,0,0,1,2
3,3,19,0,3,0,1,0,0,0,0,2,1,6,1,27,6,2198,2,1,2,1,4,511010,433680,16,4,1,2,228,6,0,6,30,2,4,6,0,0,0,1,1,1,0,0,1,1,1,1,1,33,6,3,0,0,0,0,0,9,1,5
3,1,9,0,4,0,0,0,0,0,0,1,1,2,2,19,4,1242,1,5,1,1,3,340962,396643,5,3,1,4,90,3,580,3,40,0,4,6,0,0,0,1,1,1,0,0,2,1,1,1,1,33,6,3,0,0,0,0,0,9,1,5
3,2,9,0,18,0,1,0,0,0,0,1,1,1,2,23,5,1124,1,14,2,2,2,499844,157362,45,2,2,5,518,3,320,6,40,3,4,6,0,0,8,1,2,2,0,0,1,1,1,1,1,33,6,3,0,0,0,0,0,9,1,5
3,2,1,0,17,0,1,0,0,0,0,4,1,6,1,53,8,1598,1,8,1,1,2,536308,160754,45,2,1,7,516,5,217,6,40,8,4,6,0,0,0,1,1,2,0,0,2,1,1,1,1,53,8,3,0,0,0,0,0,1,1,4
3,2,9,0,3,0,1,0,0,0,0,2,1,6,2,58,9,1956,2,5,1,1,2,398472,308332,21,2,1,1,250,3,5,6,30,1,4,3,5,0,0,1,1,1,0,0,1,1,1,1,2,58,9,3,0,0,0,0,0,9,1,5
3,1,9,0,17,0,0,2,0,5,10,1,1,6,1,21,5,1360,1,10,1,3,1,335547,378778,5,1,3,7,95,1,53,3,70,0,4,6,0,0,0,1,2,2,0,0,2,1,2,2,1,20,4,3,0,0,1,0,0,9,1,1
3,2,9,0,3,0,1,0,0,0,0,2,1,6,2,40,7,1591,1,2,1,1,2,331300,436350,4,2,1,7,71,3,586,2,30,9,4,6,0,0,0,1,2,2,0,0,1,1,1,1,2,40,7,3,0,0,0,0,0,9,1,1
3,2,9,0,18,0,8,0,0,0,0,1,1,6,1,38,7,1598,1,5,1,1,2,537440,169940,1,2,1,3,19,3,2015,6,30,6,4,6,0,0,0,1,2,2,0,0,1,2,1,1,1,33,6,3,0,0,0,0,0,9,1,5
3,1,9,0,5,0,4,0,0,0,0,1,1,6,1,55,8,1598,1,8,1,1,2,427858,579203,10,2,1,2,139,3,189,1,60,1,4,3,189,0,0,1,1,2,0,0,2,1,1,1,1,33,6,3,0,0,0,0,0,9,1,5
3,1,11,0,3,0,1,0,0,0,0,0,1,1,1,43,7,4500,2,8,1,1,1,534990,181280,1,1,1,7,5,3,13,6,30,3,4,6,0,0,4,1,1,1,0,0,1,1,1,2,2,10,2,3,0,0,0,3,0,11,1,2
2,1,8,0,18,0,1,0,0,0,0,3,1,1,2,60,9,1997,2,2,1,1,1,531210,182230,1,1,1,3,3,6,0,6,20,3,4,6,0,0,0,1,1,1,0,0,1,1,1,3,1,63,9,2,9,9,0,0,2,0,3,8
3,1,9,0,4,0,6,0,0,0,0,2,1,6,2,52,8,1991,2,5,1,1,2,524905,222321,41,2,1,6,435,6,358,6,30,3,4,6,118,0,0,1,8,2,1,0,1,2,1,1,1,33,6,3,0,0,0,0,0,9,1,5
3,1,9,0,18,0,0,2,0,1,9,1,1,6,1,64,9,1364,2,7,2,2,1,382280,570530,10,1,2,7,139,4,6318,6,60,0,4,6,0,0,0,1,1,4,0,0,2,1,1,1,1,64,9,3,0,0,0,0,0,9,2,1
3,2,11,0,18,0,8,0,0,0,0,3,1,1,1,43,7,1598,2,16,3,1,2,388304,347120,21,2,1,5,257,3,5008,3,30,6,2,6,0,0,4,1,1,4,0,0,1,1,1,1,1,33,6,3,0,0,0,0,0,9,1,5
3,2,9,0,18,0,0,0,0,0,0,1,1,6,1,23,5,1061,1,10,1,1,2,488055,277317,34,2,1,1,383,3,6003,6,30,0,4,6,0,0,0,6,1,1,0,0,2,1,1,1,1,33,6,3,0,0,0,0,0,9,1,5
3,1,9,0,18,0,8,0,10,0,0,1,1,6,2,40,7,2198,1,9,3,1,2,626323,317910,36,2,1,3,401,4,1150,6,60,6,4,6,0,0,0,1,1,1,0,0,2,1,1,1,1,33,6,3,0,0,0,0,0,9,1,5
3,2,9,0,18,0,8,0,0,0,0,4,1,6,1,20,4,1198,1,7,1,1,2,368170,403590,6,2,1,4,114,3,579,6,30,3,4,6,0,0,0,1,1,1,0,0,1,1,1,1,1,20,4,3,0,0,0,0,0,9,1,8
3,1,9,0,18,0,0,0,0,0,0,1,1,6,2,28,6,1461,2,9,3,2,2,498166,374072,32,2,2,6,356,3,46,6,60,0,4,6,0,0,0,1,9,1,0,0,2,1,2,2,1,37,7,3,0,0,1,0,0,9,1,1
3,1,19,0,4,0,0,0,0,0,0,1,1,1,1,38,7,2143,2,2,1,2,3,600790,140440,46,3,2,2,530,3,2042,3,70,0,4,6,0,0,0,4,4,2,0,0,2,1,1,1,1,33,6,3,0,0,0,0,0,9,1,5
3,2,1,0,18,0,3,0,0,0,0,4,1,6,2,17,4,1598,1,8,3,1,2,488067,102456,47,2,1,2,559,4,2166,1,30,1,4,6,0,0,0,1,2,2,0,0,1,1,1,1,2,17,4,3,0,0,0,0,0,1,3,6
3,1,9,0,18,0,8,0,0,0,0,4,1,6,1,27,6,1242,1,15,2,1,3,427159,563875,10,3,1,3,147,3,186,6,30,6,2,6,6605,0,0,1,2,2,2,0,1,1,1,1,1,27,6,3,0,0,0,0,0,9,2,2
3,1,9,0,18,0,2,0,0,0,0,1,1,1,1,53,8,1598,1,8,1,2,1,350700,239780,22,1,2,5,285,3,49,3,30,6,2,6,0,0,8,1,1,1,0,0,1,1,1,3,1,32,6,3,8,4,0,0,0,0,2,7
3,1,9,0,18,0,0,0,0,0,0,1,1,6,3,50,8,1598,1,8,1,1,2,259839,666261,97,2,1,6,926,1,8,3,50,0,4,6,0,0,0,1,1,1,0,0,1,2,1,1,1,33,6,3,0,0,0,0,0,9,1,5
3,3,20,0,18,0,0,0,0,0,0,1,1,1,1,27,6,2198,2,1,2,1,4,540320,188020,1,4,1,5,14,3,12,3,40,0,4,6,0,0,0,1,1,1,0,0,1,1,1,1,1,33,6,3,0,0,0,0,0,9,1,5
1,1,9,0,16,0,0,2,0,7,9,1,1,2,1,25,5,1910,2,10,1,1,1,466698,417773,14,1,1,3,211,6,0,6,60,0,4,6,0,0,0,6,1,2,0,0,2,1,1,1,1,25,5,1,0,0,0,0,0,9,1,3
3,3,9,0,9,0,5,0,0,0,0,2,1,6,2,46,8,698,1,11,2,2,3,611950,131140,46,3,2,7,539,3,259,6,40,3,4,6,0,0,0,1,2,2,0,0,2,1,1,1,1,33,6,3,0,0,0,0,0,9,1,5
3,1,9,0,18,0,0,0,0,0,0,1,2,6,1,79,11,1598,1,8,1,1,2,271367,658534,97,2,1,2,938,1,74,3,70,0,4,6,0,0,0,1,1,1,0,0,2,1,1,1,1,79,11,3,0,0,0,0,0,9,1,5
3,1,9,0,13,0,0,1,0,0,0,2,1,6,1,26,6,1896,2,10,1,1,2,447742,389907,14,2,1,3,213,4,6410,6,60,0,4,6,0,0,0,1,1,1,0,0,2,1,1,2,2,22,5,3,0,0,2,0,0,9,1,2
3,2,1,0,18,0,8,0,0,0,0,1,1,2,2,27,6,1598,1,8,1,1,2,532370,184310,1,2,1,3,3,3,104,6,20,3,4,6,0,0,0,1,2,2,0,0,1,1,1,1,2,27,6,3,0,0,0,0,0,1,1,4
3,1,9,0,3,0,1,0,0,0,0,2,1,6,2,46,8,1584,1,10,1,2,2,486769,150754,44,2,2,7,499,3,323,6,30,1,4,6,0,0,0,1,1,1,0,0,1,2,1,1,2,46,8,3,0,0,0,0,0,9,1,6
3,1,9,0,9,0,1,0,0,0,0,0,1,6,1,54,8,2188,2,11,1,1,3,417049,516916,11,3,1,4,169,3,67,6,30,6,4,6,0,0,0,1,1,1,0,0,2,1,1,1,1,33,6,3,0,0,0,0,0,9,1,5
3,1,9,0,18,0,1,0,0,0,0,2,1,6,1,33,6,1597,2,2,1,1,2,443051,392354,14,2,1,6,213,3,618,6,30,6,2,3,6021,0,0,4,1,1,0,0,1,2,1,1,1,33,6,3,0,0,0,0,0,9,1,5
3,2,9,0,3,0,0,0,0,0,0,2,1,6,2,27,6,996,1,2,1,2,3,535250,169160,1,3,2,7,19,3,214,6,30,0,4,6,0,0,0,1,1,1,0,0,1,1,1,1,1,33,6,3,0,0,0,0,0,9,1,5
3,1,1,0,18,0,8,0,0,0,0,1,1,6,1,29,6,1598,1,8,1,1,2,392340,396160,6,2,1,2,110,3,6017,6,30,3,2,6,0,0,5,1,1,1,0,0,1,1,1,1,1,29,6,3,0,0,0,0,0,1,1,3
3,1,9,0,3,0,0,0,0,0,0,2,1,6,2,51,8,1397,1,5,1,1,2,553300,190530,1,2,1,5,15,3,12,3,30,0,4,6,0,0,0,1,1,1,0,0,2,1,1,1,1,33,6,3,0,0,0,0,0,9,1,5
3,2,9,0,18,0,0,0,0,0,0,1,1,6,1,37,7,1598,1,8,1,2,2,535610,200010,1,2,2,4,32,1,25,3,70,0,4,6,0,0,0,1,1,1,0,0,1,1,1,1,1,33,6,3,0,0,0,0,0,9,1,5
2,2,1,0,9,0,8,0,0,0,0,4,1,2,1,36,7,1598,1,8,1,1,2,487002,168917,43,2,1,4,470,3,322,1,30,1,4,6,7002,0,0,5,2,2,0,0,1,1,1,1,1,36,7,2,0,0,0,0,0,1,1,5
3,1,9,0,18,0,2,0,0,7,0,4,1,6,1,52,8,1799,1,9,1,1,2,459876,405257,14,2,1,7,211,6,0,6,40,3,4,6,0,0,0,1,1,1,0,0,1,1,1,1,1,33,6,3,0,0,0,0,0,9,1,5
3,3,9,0,18,0,0,0,0,1,0,3,1,6,2,34,6,1896,2,8,1,3,3,445190,371120,30,3,3,1,327,3,632,6,50,0,4,6,0,0,0,1,1,2,0,0,2,1,3,1,2,34,6,3,0,0,0,0,0,9,1,7
2,3,9,0,18,0,8,0,0,0,0,3,1,6,1,19,4,1422,2,1,1,2,3,403370,287730,20,3,2,5,305,3,4092,6,30,3,4,6,0,0,0,4,8,2,0,0,1,1,2,1,1,19,4,3,0,0,0,0,0,9,1,2
3,2,9,0,18,0,8,0,0,1,0,1,1,6,2,43,7,1299,1,9,1,1,2,429161,270667,23,2,1,2,294,6,0,6,30,3,4,6,0,0,0,1,1,1,0,0,1,1,1,1,1,33,6,3,0,0,0,0,0,9,1,5
3,1,11,0,13,0,1,0,0,0,0,4,1,1,1,38,7,4760,2,2,1,1,2,324340,672810,95,2,1,6,923,5,0,6,30,3,4,6,0,0,4,1,1,1,0,0,1,1,1,1,1,33,6,3,0,0,0,0,0,9,1,5
2,2,9,0,8,0,8,0,0,0,0,2,1,5,1,35,6,1598,1,8,2,2,2,389608,332859,21,2,2,3,255,4,5026,6,30,3,4,6,135,0,0,4,1,2,0,0,2,1,2,1,1,35,6,3,0,0,0,0,0,9,2,10
3,1,9,0,5,0,0,0,4,0,0,1,1,6,2,59,9,1299,1,13,1,1,2,548320,185240,1,2,1,5,16,5,0,6,30,0,4,6,0,0,0,4,1,1,0,0,1,1,1,3,2,59,9,3,9,5,0,0,2,0,1,2
3,3,9,0,3,0,1,0,0,0,0,2,1,6,1,65,9,2967,2,3,1,2,4,529060,181400,1,4,2,7,1,3,4201,6,30,6,2,6,0,0,5,1,1,1,0,0,1,1,1,1,1,33,6,3,0,0,0,0,0,9,1,5
3,2,1,0,16,0,8,0,0,0,0,1,1,6,1,31,6,1598,1,8,1,1,2,527550,179510,1,2,1,5,1,6,0,6,30,3,4,6,0,0,0,4,1,1,0,0,1,1,1,1,1,31,6,3,0,0,0,0,0,1,1,4
3,1,9,0,16,0,4,0,10,2,2,4,1,6,1,22,5,1598,1,8,3,1,1,561566,221872,42,1,1,7,463,4,1256,1,60,1,4,6,0,0,0,4,1,4,0,0,2,1,1,1,1,22,5,3,0,0,0,0,0,9,3,7
2,2,9,0,3,0,0,0,0,0,0,3,1,6,1,46,8,1999,1,6,1,3,2,361503,389987,7,2,3,4,128,6,0,6,30,0,4,6,0,0,0,4,1,1,0,0,1,1,2,1,1,46,8,3,0,0,0,0,0,9,1,2
3,1,9,0,18,0,0,0,10,0,0,3,1,2,1,43,7,1598,1,8,1,1,1,525067,153626,45,1,1,4,513,3,217,3,40,0,4,6,0,0,0,1,1,1,0,0,2,1,1,1,1,43,7,3,0,0,0,0,0,9,1,5
3,2,20,0,2,0,0,0,0,0,0,2,1,6,3,38,7,2402,2,12,1,1,3,455572,77586,44,3,1,3,505,6,0,6,30,0,4,6,0,0,0,1,1,1,0,0,2,1,1,1,1,33,6,3,0,0,0,0,0,9,1,5
3,1,9,0,18,0,0,0,0,0,0,1,1,6,2,31,6,1149,1,12,1,1,2,307186,686736,94,2,1,1,925,3,994,6,30,0,4,6,0,0,0,4,1,2,0,0,2,1,1,1,1,33,6,3,0,0,0,0,0,9,1,5
3,1,22,0,18,0,8,0,0,0,0,4,1,6,1,81,11,1598,1,8,1,1,2,429026,431994,13,2,1,5,204,6,0,6,30,6,4,6,0,0,0,1,1,1,0,0,1,1,1,1,1,81,11,3,0,0,0,0,0,22,1,1