accident_severity,vehicle_reference,vehicle_type,towing_and_articulation,vehicle_manoeuvre,vehicle_location-restricted_lane,junction_location,skidding_and_overturning,hit_object_in_carriageway,vehicle_leaving_carriageway,hit_object_off_carriageway,1st_point_of_impact,was_vehicle_left_hand_drive?,journey_purpose_of_driver,sex_of_driver,age_of_driver,age_band_of_driver,engine_capacity_(cc),propulsion_code,age_of_vehicle,driver_home_area_type,NUmber_of_Casualities_unique_to_accident_index,No_of_Vehicles_involved_unique_to_accident_index,location_easting_osgr,location_northing_osgr,police_force,number_of_vehicles,number_of_casualties,day_of_week,local_authority_(district),1st_road_class,1st_road_number,road_type,speed_limit,junction_detail,junction_control,2nd_road_class,2nd_road_number,pedestrian_crossing-human_control,pedestrian_crossing-physical_facilities,light_conditions,weather_conditions,road_surface_conditions,special_conditions_at_site,carriageway_hazards,urban_or_rural_area,did_police_officer_attend_scene_of_accident,casualty_reference,casualty_class,sex_of_casualty,age_of_casualty,age_band_of_casualty,casualty_severity,pedestrian_location,pedestrian_movement,car_passenger,bus_or_coach_passenger,pedestrian_road_maintenance_worker,casualty_type,casualty_home_area_type,casualty_imd_decile
3,1,9,0,18,0,0,0,0,0,0,3,1,6,1,23,5,1995,2,8,1,1,1,340162,400557,5,1,1,2,93,4,5192,6,30,0,4,6,0,0,0,7,1,1,0,0,2,2,1,1,1,23,5,3,0,0,0,0,0,9,1,1
3,1,9,0,18,0,0,0,0,0,0,4,1,6,1,38,7,1386,1,8,1,1,1,535200,181970,1,1,1,7,5,3,11,6,30,0,4,6,0,0,0,4,1,1,0,0,1,2,1,3,1,32,6,3,5,1,0,0,2,0,1,1
3,1,9,0,3,0,4,0,0,0,0,1,1,6,1,50,8,1997,2,12,1,3,2,563813,189382,42,2,3,7,452,3,127,3,30,1,4,3,128,0,0,1,1,1,0,0,2,2,1,2,2,33,6,3,0,0,1,0,0,9,1,5
3,2,9,0,18,0,0,0,0,0,0,3,1,6,1,42,7,1598,1,8,1,5,3,352960,226830,22,3,5,7,285,3,49,6,40,0,4,6,0,0,0,1,1,1,0,0,2,1,4,2,2,30,6,3,0,0,1,0,0,9,1,5
3,2,9,0,9,0,5,0,0,0,0,4,1,6,1,38,7,1598,1,8,1,2,2,535680,193980,1,2,2,1,32,3,1055,6,40,3,2,5,0,0,0,1,1,1,0,0,1,2,1,1,1,33,6,3,0,0,0,0,0,9,1,5
3,2,3,0,17,0,8,0,0,0,0,1,1,6,1,41,7,125,1,10,1,1,2,525310,174100,1,2,1,3,10,3,218,6,30,3,4,3,218,0,0,1,1,1,0,0,1,1,1,1,1,41,7,3,0,0,0,0,0,3,1,3
3,1,11,0,3,0,0,0,0,0,0,2,1,6,2,34,6,6700,2,3,1,1,2,539450,170580,1,2,1,3,19,3,21,6,30,0,4,6,0,0,0,1,1,2,0,0,1,1,1,1,2,34,6,3,0,0,0,0,0,11,1,7
3,2,3,0,13,0,1,0,0,0,0,2,1,6,1,20,4,125,1,8,1,1,2,415869,285675,20,2,1,5,300,6,0,6,30,9,4,6,0,0,0,4,2,2,0,0,1,1,1,1,1,20,4,3,0,0,0,0,0,3,1,7
3,2,9,0,9,0,1,0,0,0,0,3,1,6,1,41,7,1598,1,8,2,1,2,344410,411580,4,2,1,1,84,6,0,6,30,9,2,6,0,0,0,1,1,1,2,0,2,1,1,2,1,7,2,3,0,0,1,0,0,9,2,5
3,2,9,0,2,0,0,0,0,0,0,3,1,6,3,38,7,1240,1,6,1,1,2,461213,99737,44,2,1,1,493,6,0,6,30,0,4,6,0,0,0,1,1,1,0,0,1,1,1,3,2,74,10,3,5,3,0,0,0,0,1,9
3,2,5,0,18,0,8,0,0,0,0,1,1,6,1,31,6,645,1,15,2,2,2,353690,171171,52,2,2,4,605,4,3128,6,60,6,4,6,0,0,0,1,1,1,0,0,2,1,2,1,1,31,6,3,0,0,0,0,0,5,2,8
3,2,9,0,17,0,8,0,0,0,0,4,1,6,2,47,8,1796,1,15,3,3,2,402929,147863,54,2,3,3,635,3,360,6,30,3,4,5,22,0,0,1,1,1,0,0,2,1,3,2,2,20,4,3,0,0,2,0,0,9,1,7
2,2,9,0,17,0,0,0,4,0,0,1,1,6,1,92,11,1395,1,2,1,1,3,433070,279810,20,3,1,4,302,4,4098,6,30,0,4,6,0,0,0,4,1,2,0,0,1,1,1,1,1,92,11,2,0,0,0,0,0,9,1,8
3,1,9,0,4,0,0,0,0,0,0,1,1,6,2,60,9,1798,1,9,2,1,1,374514,469247,12,1,1,7,180,6,728,6,30,0,4,6,0,0,0,1,1,1,0,0,2,2,1,3,2,59,9,3,10,5,0,0,0,0,3,7
3,2,9,0,18,0,2,0,10,7,10,1,1,6,1,70,10,1198,1,8,1,1,2,512150,189580,1,2,1,3,29,6,0,6,30,3,4,3,404,0,1,1,1,1,0,0,1,1,1,2,2,69,10,3,0,0,1,0,0,9,1,10
3,1,9,0,18,0,6,0,0,0,0,1,1,6,2,19,4,999,1,1,1,1,2,331381,388327,5,2,1,6,95,6,0,6,30,6,4,6,0,0,0,1,1,1,0,0,1,1,1,1,1,33,6,3,0,0,0,0,0,9,1,5
3,1,1,0,18,0,8,0,10,0,0,1,1,6,1,50,8,1598,1,8,1,1,1,471889,171715,43,1,1,1,472,4,3031,6,30,3,4,6,7201,0,8,1,1,1,0,0,1,1,1,1,1,50,8,3,0,0,0,0,0,1,1,3
3,1,9,0,1,0,0,0,0,0,0,2,1,1,1,29,6,1598,1,8,1,1,2,531136,154345,45,2,1,5,516,6,388,6,30,0,4,6,0,0,0,1,1,1,0,0,2,1,1,1,1,33,6,3,0,0,0,0,0,9,1,5
3,1,19,0,4,0,8,1,0,0,0,1,1,1,1,26,6,1686,2,12,3,1,2,587840,245980,37,2,1,5,410,5,711,6,60,8,4,6,0,0,0,1,2,2,0,0,2,1,1,1,1,26,6,3,0,0,0,0,0,19,3,10
3,2,9,0,16,0,8,0,0,0,0,0,1,6,1,38,7,1956,2,8,1,1,2,520310,186640,1,2,1,2,28,3,4088,1,30,1,4,3,4088,0,0,1,1,1,0,0,1,2,1,1,1,33,6,3,0,0,0,0,0,9,1,5
3,1,9,0,2,0,0,0,0,0,0,1,1,6,2,39,7,1598,1,8,1,1,2,385850,393190,6,2,1,4,102,5,0,6,30,0,4,6,0,0,0,1,1,2,0,0,1,1,1,1,1,33,6,3,0,0,0,0,0,9,1,5
2,1,8,0,9,0,6,0,0,0,0,1,1,6,1,38,7,2664,2,14,1,2,2,432010,281230,20,2,2,4,302,6,0,6,30,3,4,6,0,0,0,1,1,1,0,0,1,2,1,1,1,33,6,3,0,0,0,0,0,9,1,5
3,1,9,0,18,0,1,0,0,0,0,2,1,6,2,69,10,1598,1,7,1,4,2,501978,167415,45,2,4,6,514,1,25,7,70,5,4,1,23,0,0,1,1,1,0,0,2,2,2,2,1,84,11,3,0,0,1,0,0,9,1,8
3,2,9,0,7,0,5,0,0,0,0,1,1,6,1,19,4,1149,1,13,1,3,3,435653,279386,20,3,3,7,302,3,4600,6,30,6,4,6,0,0,0,4,2,2,0,0,1,1,2,2,2,19,4,3,0,0,1,0,0,9,1,8
1,1,9,0,11,0,5,5,0,2,1,3,1,6,1,44,7,3199,1,16,1,2,1,552450,167880,46,1,2,7,538,3,20,3,70,5,4,6,0,0,0,6,1,1,0,0,1,1,1,1,1,44,7,1,0,0,0,0,0,9,1,3
3,1,19,0,18,0,0,0,0,1,9,4,1,1,1,34,6,1998,2,14,1,1,1,520775,195291,41,1,1,2,33,3,411,6,40,0,4,6,0,0,0,4,1,1,0,7,1,1,1,2,1,30,6,3,0,0,1,0,0,19,1,5
3,2,9,0,3,0,2,0,0,0,0,4,1,6,1,46,8,1598,1,8,2,1,2,481727,389656,32,2,1,3,356,3,159,6,30,9,4,6,0,0,5,1,1,1,0,0,1,2,1,1,1,46,8,3,0,0,0,0,0,9,2,8
3,2,9,0,10,0,8,0,0,0,0,2,1,6,2,18,4,1339,1,11,1,2,2,413628,415202,13,2,2,1,203,3,616,6,30,6,2,6,0,0,4,4,1,1,0,0,1,1,1,1,2,18,4,3,0,0,0,0,0,9,1,4
3,1,9,0,18,0,0,0,4,0,0,1,1,6,1,84,11,1581,1,19,2,1,2,604783,275852,37,2,1,3,413,6,0,6,30,0,4,6,0,0,0,1,1,1,0,0,2,1,1,1,1,84,11,3,0,0,0,0,0,9,2,9
3,2,1,0,4,0,0,2,0,0,0,3,1,6,1,48,8,1598,1,8,1,1,2,405600,381840,30,2,1,3,325,3,624,6,30,0,4,6,0,0,0,1,1,1,0,0,2,1,1,1,1,48,8,3,0,0,0,0,0,1,1,5
2,1,97,0,18,0,1,0,0,0,0,1,1,6,3,38,7,1598,1,8,1,1,2,408469,93435,55,2,1,6,640,3,3049,6,30,8,4,6,0,0,0,1,1,1,0,0,1,2,1,1,1,33,6,3,0,0,0,0,0,9,1,5
3,2,9,0,18,0,8,0,0,0,0,1,1,2,2,34,6,1598,1,8,1,2,2,522607,204760,41,2,2,3,438,5,56,6,60,3,4,5,174,0,0,1,1,2,0,0,2,1,2,1,2,34,6,3,0,0,0,0,0,9,1,7
3,1,9,0,18,0,0,0,0,0,0,0,1,6,1,58,9,2902,2,10,1,1,1,353216,116524,52,1,1,4,610,6,0,6,30,0,4,6,0,0,8,1,1,1,0,0,1,1,1,3,1,4,1,3,7,5,0,0,0,0,1,8
3,2,9,0,2,0,0,0,0,0,0,0,1,6,1,68,10,2204,2,10,2,1,2,347040,466280,4,2,1,3,76,6,0,6,20,0,4,6,0,0,0,4,1,2,0,0,2,1,1,1,1,68,10,3,0,0,0,0,0,9,2,9
2,1,9,0,18,0,0,0,0,0,0,4,1,2,1,37,7,1998,2,8,1,1,1,321010,676250,95,1,1,1,923,6,0,3,30,0,4,6,0,0,0,1,1,1,0,0,1,1,1,3,1,32,6,2,5,2,0,0,0,0,1,5
3,1,9,0,2,0,0,0,0,0,0,3,1,6,1,41,7,1598,2,1,2,1,2,458054,261895,34,2,1,6,381,6,6002,6,30,0,4,6,0,0,0,1,1,1,0,0,1,1,1,1,1,41,7,3,0,0,0,0,0,9,2,6
3,2,11,0,3,0,2,0,0,0,0,4,1,1,1,58,9,6692,2,2,1,1,2,535110,185500,1,2,1,3,4,3,107,6,30,3,4,5,0,0,0,1,1,1,0,0,1,1,1,1,1,33,6,3,0,0,0,0,0,9,1,5
3,2,19,0,18,0,1,0,0,0,0,1,1,1,1,35,6,2143,2,4,1,2,2,456313,112790,44,2,2,4,502,4,2177,6,60,8,4,6,0,0,0,6,1,2,0,0,2,1,1,1,1,33,6,3,0,0,0,0,0,9,1,5
2,1,9,0,9,0,5,0,0,0,0,1,1,6,1,48,8,1390,1,9,1,1,2,386270,400270,6,2,1,7,102,6,0,6,20,3,4,6,0,0,0,1,2,2,0,0,1,1,1,1,1,33,6,3,0,0,0,0,0,9,1,5
3,1,9,0,17,0,3,0,2,0,0,1,1,2,1,37,7,973,1,14,3,2,2,312560,677650,95,2,2,1,923,3,904,7,30,1,2,3,90,0,5,1,1,1,4,0,2,1,1,1,1,33,6,3,0,0,0,0,0,9,1,5
3,1,1,0,18,0,0,1,0,0,0,1,1,6,1,62,9,1598,1,8,2,1,2,464862,114871,44,2,1,1,502,6,0,6,30,0,4,6,0,0,0,1,1,1,0,0,2,1,1,1,1,62,9,3,0,0,0,0,0,1,2,8
3,2,9,0,2,0,0,0,0,0,0,2,1,6,2,30,6,1328,1,8,1,1,2,390240,402260,6,2,1,6,104,6,0,6,30,0,4,6,0,0,0,4,1,1,0,0,1,1,1,1,1,33,6,3,0,0,0,0,0,9,1,5
3,1,9,0,9,0,6,0,0,0,0,1,1,2,2,49,8,1998,1,12,2,2,2,606269,240695,37,2,2,2,410,5,465,6,60,3,4,6,0,0,0,1,1,1,0,0,2,1,1,1,2,49,8,3,0,0,0,0,0,9,2,9
3,1,9,0,12,0,0,1,0,0,0,1,1,6,1,33,6,2793,1,17,1,4,2,504671,246373,40,2,4,3,420,3,6,3,70,0,4,6,0,0,0,1,1,1,0,0,2,1,1,1,1,33,6,3,0,0,0,0,0,9,1,5
3,2,9,0,18,0,0,0,0,0,0,4,1,2,2,48,8,1799,1,6,1,1,2,447140,336970,30,2,1,3,324,1,1,3,70,0,4,6,0,0,0,1,1,1,0,0,1,1,2,1,2,48,8,3,0,0,0,0,0,9,1,8
3,1,9,0,7,0,1,0,0,0,0,1,1,6,1,29,6,1461,2,2,1,3,2,504346,171985,45,2,3,1,40,3,30,6,30,1,4,3,3044,0,0,1,1,1,0,0,1,1,3,2,2,29,6,3,0,0,1,0,0,9,1,10
3,1,9,0,4,0,1,0,0,0,0,1,1,6,1,17,4,1598,1,8,1,1,3,248140,54690,50,3,1,5,583,3,374,3,30,1,4,6,0,0,4,1,1,1,0,0,1,1,1,1,1,33,6,3,0,0,0,0,0,9,1,5
3,2,9,0,4,0,0,0,0,0,0,2,1,3,1,34,6,2204,2,10,1,1,2,616650,167220,46,2,1,6,531,6,3130,6,30,0,4,6,0,0,0,1,1,1,0,0,1,1,1,1,1,33,6,3,0,0,0,0,0,9,1,5
2,1,9,0,16,0,0,1,0,1,11,1,1,3,2,17,4,1198,1,9,3,5,2,459705,326531,31,2,5,6,347,6,0,6,60,0,4,6,0,0,0,1,1,1,0,0,2,1,2,2,2,14,3,2,0,0,2,0,0,9,1,5
3,2,9,0,7,0,8,0,0,0,0,1,1,6,1,19,4,2494,1,18,1,1,2,519940,180170,1,2,1,7,27,3,4020,6,30,3,4,6,0,0,4,1,1,1,0,0,1,1,1,1,1,33,6,3,0,0,0,0,0,9,1,5
3,1,9,0,4,0,2,1,10,1,10,1,1,1,1,26,6,1061,1,11,1,2,1,408740,286920,20,1,2,2,300,6,0,6,30,6,2,6,0,0,0,1,1,2,0,0,1,1,2,2,1,22,5,3,0,0,1,0,0,9,1,1
3,2,1,0,18,0,8,0,0,0,0,2,1,6,1,26,6,1598,1,8,1,1,2,334747,351450,60,2,1,3,725,4,5100,1,30,1,4,6,0,0,0,1,1,1,0,0,1,2,1,1,1,26,6,3,0,0,0,0,0,1,1,5
3,1,3,0,17,0,8,1,0,0,0,1,1,6,1,29,6,1598,1,8,1,1,2,460555,525157,17,2,1,6,241,6,0,6,30,3,4,6,0,0,0,4,1,1,0,0,1,1,1,1,1,29,6,3,0,0,0,0,0,3,1,1
2,1,3,0,18,0,4,1,0,0,0,1,1,1,1,20,4,125,1,8,1,2,2,568574,188167,42,2,2,7,450,6,0,6,30,1,4,6,0,0,0,1,1,1,0,0,1,1,1,1,1,20,4,2,0,0,0,0,0,3,1,4
2,2,9,0,18,0,0,0,0,0,0,2,1,6,1,52,8,1598,3,1,1,2,4,501624,169430,45,4,2,1,514,1,25,3,40,0,4,6,0,0,0,1,4,1,0,0,2,1,1,1,1,33,6,3,0,0,0,0,0,9,1,5
2,1,1,0,5,4,1,0,0,0,0,1,1,2,1,23,5,1598,1,8,1,2,2,457285,340317,31,2,2,4,346,3,60,6,30,3,2,3,6008,0,5,1,1,2,0,0,1,1,2,1,1,23,5,3,0,0,0,0,0,1,1,2
3,2,9,0,18,0,1,0,0,0,0,1,1,6,1,18,4,1242,1,8,1,2,2,347729,388793,5,2,2,2,90,3,5080,6,50,3,4,6,0,0,0,4,2,2,0,0,2,1,1,1,1,18,4,3,0,0,0,0,0,9,1,9
3,1,9,0,9,0,1,0,0,0,0,1,1,2,2,37,7,1598,1,8,1,1,2,335056,395834,5,2,1,6,93,6,0,6,30,3,4,6,0,0,0,1,1,1,0,0,1,1,1,1,2,37,7,3,0,0,0,0,0,9,1,2
2,3,20,0,18,0,0,0,0,0,0,1,1,2,1,36,7,2998,2,4,1,2,3,501765,170814,45,3,2,2,514,4,388,6,60,0,4,6,0,0,0,1,1,1,0,0,1,1,1,1,1,33,6,3,0,0,0,0,0,9,1,5
3,1,9,0,18,0,0,0,0,0,0,1,1,2,1,20,4,1587,1,11,1,1,2,413666,552233,11,2,1,4,169,3,692,6,60,0,4,6,0,0,0,1,1,1,0,0,2,1,1,1,1,33,6,3,0,0,0,0,0,9,1,5
3,2,21,1,4,0,0,0,0,0,0,2,1,1,1,42,7,12419,2,2,1,1,2,434774,556885,10,2,1,3,150,3,19,3,70,0,4,6,0,0,0,1,1,1,0,0,2,1,1,1,1,33,6,3,0,0,0,0,0,9,1,5
3,1,9,0,9,0,2,0,4,0,0,1,1,6,1,18,4,1598,1,8,1,1,3,332400,446710,4,3,1,1,85,6,0,6,30,3,4,6,0,0,0,1,2,2,0,0,1,1,1,1,1,33,6,3,0,0,0,0,0,9,1,5
3,1,9,0,17,0,0,5,0,2,0,1,1,6,1,25,5,1587,1,16,1,1,1,493633,232245,40,1,1,7,424,5,194,6,60,0,4,6,0,0,0,1,2,2,0,0,2,1,1,2,1,21,5,3,0,0,1,0,0,9,1,3
3,1,9,0,18,0,0,0,0,4,6,1,1,2,1,46,8,2987,2,5,1,3,1,430176,411263,14,1,3,2,210,1,1,3,70,0,4,6,0,0,0,6,5,2,0,0,2,1,2,2,2,48,8,3,0,0,2,0,0,9,1,1
3,1,9,0,2,0,0,0,0,0,0,2,1,6,1,38,7,1242,1,8,1,1,2,527580,171470,1,2,1,4,10,6,0,2,30,0,4,6,0,0,0,4,2,2,0,0,1,1,1,1,1,38,7,3,0,0,0,0,0,9,1,5
3,2,9,0,16,0,0,0,0,1,10,1,1,6,1,42,7,1597,2,8,1,2,2,413181,329169,21,2,2,4,251,6,512,6,60,0,4,6,0,0,0,1,2,2,0,0,2,1,1,1,1,42,7,3,0,0,0,0,0,9,1,4
3,1,3,0,18,0,2,0,12,0,0,1,1,6,1,23,5,125,1,8,1,1,1,532200,168280,1,1,1,2,20,4,266,6,30,3,4,5,0,0,0,4,1,1,0,7,1,1,1,1,1,23,5,3,0,0,0,0,0,3,1,5
3,3,9,0,18,0,0,0,0,0,0,2,1,6,2,48,8,2400,2,4,3,1,3,501265,373753,32,3,1,2,356,3,158,6,40,0,4,6,0,0,0,1,2,2,0,0,2,1,1,1,1,33,6,3,0,0,0,0,0,9,1,5
3,2,1,0,18,0,1,0,0,0,0,1,1,1,1,68,10,1598,1,8,1,1,2,528396,143031,45,2,1,5,513,5,64,6,30,3,4,6,0,0,0,1,1,1,0,0,1,1,1,1,1,68,10,3,0,0,0,0,0,1,1,3
2,1,9,0,18,0,3,0,0,0,0,1,1,6,1,68,10,1360,1,11,1,1,3,415449,427634,13,3,1,6,200,4,6379,6,30,1,4,6,0,0,0,1,1,1,0,0,1,1,1,1,1,68,10,2,0,0,0,0,0,9,1,6
2,2,8,0,18,0,8,0,0,0,0,1,1,6,1,68,10,1598,1,8,1,3,2,430831,491256,12,2,3,6,181,3,684,6,60,6,4,5,40,0,0,1,1,2,0,0,2,1,2,1,1,68,10,2,0,0,0,0,0,8,1,5
3,3,9,0,10,0,1,0,0,0,0,1,1,6,1,57,9,2946,1,15,1,1,3,438020,333830,30,3,1,5,323,3,6,6,30,3,4,6,0,0,0,1,1,1,0,0,1,1,1,1,1,33,6,3,0,0,0,0,0,9,1,5
3,2,9,0,18,0,8,0,0,0,0,1,1,6,1,51,8,1686,2,16,1,1,2,544480,188320,1,2,1,6,14,5,0,6,30,6,4,6,0,0,4,1,1,1,0,0,1,1,1,1,1,33,6,3,0,0,0,0,0,9,1,5
3,1,9,0,17,0,0,1,0,0,0,1,1,6,2,19,4,1598,1,8,1,3,2,415723,409160,13,2,3,5,203,3,635,6,50,0,4,6,0,0,0,1,2,2,0,0,1,1,2,2,2,19,4,3,0,0,1,0,0,9,1,9
3,1,19,0,18,0,0,0,0,0,0,4,1,6,1,28,6,2402,2,5,1,1,2,324700,675890,95,2,1,3,923,6,0,6,30,0,4,6,0,0,0,1,1,1,0,0,1,1,1,3,1,24,5,3,9,5,0,0,0,0,1,5
3,2,11,0,2,0,0,0,0,0,0,2,1,6,1,55,8,9600,2,21,1,1,2,420701,527724,11,2,1,4,169,5,130,6,30,0,4,6,0,0,0,1,1,1,0,0,1,1,1,1,1,33,6,3,0,0,0,0,0,9,1,5
3,2,9,0,2,0,8,0,10,1,2,3,1,6,1,38,7,1240,1,10,1,1,2,542580,188910,1,2,1,6,14,5,0,6,30,3,4,6,0,0,0,1,1,1,0,0,1,1,1,1,1,33,6,3,0,0,0,0,0,9,1,5
3,2,21,0,17,0,1,0,0,0,0,1,1,1,1,33,6,10518,2,1,1,1,2,395121,231823,53,2,1,6,625,3,435,6,60,3,4,4,4079,0,0,1,1,2,0,0,2,1,1,1,1,33,6,3,0,0,0,0,0,9,1,5
3,1,9,0,5,0,8,0,0,0,0,3,1,1,2,23,5,1199,1,12,1,1,2,463827,99467,44,2,1,4,498,3,288,1,30,1,4,4,2154,0,0,1,1,1,0,0,1,1,1,1,1,33,6,3,0,0,0,0,0,9,1,5
2,2,1,0,18,0,2,0,0,0,0,1,1,2,1,41,7,1598,1,8,1,1,2,411700,292870,20,2,1,5,300,3,5127,3,30,6,2,3,452,0,0,1,2,2,0,0,1,2,1,1,1,41,7,2,0,0,0,0,0,1,1,3
3,2,9,0,18,0,0,0,0,0,0,2,1,1,1,48,8,1995,2,1,1,1,3,415466,312062,21,3,1,5,252,3,38,3,70,0,4,6,0,0,0,1,1,2,0,0,2,1,1,1,1,33,6,3,0,0,0,0,0,9,1,5
3,2,9,0,18,0,8,0,0,0,0,1,1,6,2,46,8,1868,2,15,1,2,2,362857,128459,52,2,2,2,610,3,359,6,50,3,4,6,0,0,0,1,2,2,0,0,2,1,2,1,2,46,8,3,0,0,0,0,0,9,1,8
3,1,9,0,18,0,0,0,11,0,0,1,1,6,2,26,6,1796,1,16,1,4,2,591688,185179,42,2,4,7,460,6,0,6,30,0,4,6,0,0,0,4,1,1,0,2,1,1,1,1,2,26,6,3,0,0,0,0,0,9,1,3
2,2,9,0,18,0,8,0,0,7,3,3,1,1,1,30,6,1910,2,10,1,4,2,422314,268674,23,2,4,6,294,6,0,6,60,8,4,6,0,0,0,6,1,2,0,0,2,1,4,2,1,19,4,3,0,0,2,0,0,9,1,7
3,1,9,0,14,0,0,0,0,0,0,1,1,6,1,34,6,1598,1,15,1,1,1,457250,341385,31,1,1,4,346,6,0,6,30,0,4,6,0,0,0,1,2,2,0,0,1,1,1,3,2,16,4,3,5,2,0,0,0,0,1,5
3,1,11,0,4,7,8,0,0,0,0,0,1,1,2,56,9,4250,2,6,1,1,1,429792,513408,11,1,1,1,161,5,380,6,30,3,4,6,0,0,0,1,1,1,0,0,1,2,1,2,1,4,1,3,0,0,0,4,0,11,1,1
3,1,9,0,7,0,5,0,0,0,0,4,1,6,2,22,5,1753,2,5,1,1,2,427719,566980,10,2,1,5,147,5,127,6,30,6,4,6,6615,0,0,1,1,1,0,0,1,2,1,1,1,33,6,3,0,0,0,0,0,9,1,5
3,1,19,0,18,0,0,1,0,0,0,2,1,1,1,57,9,1598,1,8,1,1,2,373960,516780,3,2,1,7,64,3,66,6,60,0,4,6,0,0,0,1,1,1,0,0,2,1,1,1,1,57,9,3,0,0,0,0,0,19,1,7
3,1,9,0,7,0,6,0,0,0,0,1,1,6,1,43,7,1149,1,11,1,2,2,254331,663429,97,2,2,7,926,6,0,6,30,3,4,6,0,0,0,1,2,2,0,0,1,1,2,1,1,43,7,3,0,0,0,0,0,9,1,5
2,2,1,0,18,0,8,0,0,0,0,4,1,6,1,76,11,1598,1,8,3,1,2,431097,469436,12,2,1,3,182,3,61,6,40,1,4,3,61,0,0,1,1,2,0,0,1,1,1,1,1,76,11,2,0,0,0,0,0,1,3,8
3,1,9,0,5,0,1,0,0,0,0,1,1,6,3,38,7,1598,1,8,1,1,1,494111,180955,43,1,1,4,473,3,4,6,30,3,2,6,7302,0,1,1,1,1,0,0,1,2,1,3,2,28,6,3,1,4,0,0,0,0,1,6
3,2,11,0,18,0,0,0,0,0,0,0,1,1,1,61,9,3900,2,10,1,3,2,459185,305515,33,2,3,7,364,3,607,6,30,0,4,6,0,0,0,1,2,2,0,0,1,1,3,2,2,77,11,3,0,0,0,4,0,11,1,5
3,1,3,0,4,0,8,0,0,0,0,1,1,6,1,20,4,108,1,3,1,1,1,525250,173570,1,1,1,7,10,3,218,6,30,3,4,6,0,0,0,1,1,1,0,0,1,1,1,1,1,20,4,3,0,0,0,0,0,3,1,4
3,1,9,0,18,0,0,0,4,7,10,1,1,6,1,30,6,1389,1,14,1,2,4,545960,310900,35,4,2,2,392,6,0,6,30,0,4,6,0,0,0,1,1,1,0,0,1,1,2,2,2,30,6,3,0,0,1,0,0,9,1,5
3,1,9,0,18,0,0,0,0,0,0,0,1,6,1,50,8,1598,1,8,1,3,2,245283,55028,50,2,3,7,583,3,374,6,30,0,4,6,0,0,0,1,1,1,0,0,1,1,1,1,1,33,6,3,0,0,0,0,0,9,1,5
3,3,9,0,4,0,0,0,0,0,0,2,1,6,1,22,5,1149,1,15,3,2,6,437365,113957,44,6,2,1,500,1,271,3,70,0,4,6,0,0,0,1,1,1,0,0,2,1,1,1,1,33,6,3,0,0,0,0,0,9,1,5
3,2,9,0,9,0,2,0,0,0,0,2,1,6,1,28,6,1598,1,1,1,1,2,570100,207166,42,2,1,6,454,3,1060,6,30,3,2,3,1060,0,0,1,1,1,0,0,1,2,1,1,1,28,6,3,0,0,0,0,0,9,1,7
3,2,2,0,18,0,1,1,0,0,0,1,1,6,1,16,4,49,1,8,1,1,2,409511,95414,55,2,1,3,640,3,3060,6,40,8,4,6,0,0,0,4,2,2,0,0,1,2,1,1,1,16,4,3,0,0,0,0,0,2,1,10
3,2,21,1,18,0,0,1,0,0,0,3,1,1,1,41,7,12902,2,1,1,1,2,433360,336890,30,2,1,5,323,3,38,3,40,0,4,6,0,0,0,1,2,2,0,0,1,1,1,1,1,33,6,3,0,0,0,0,0,9,1,5
3,2,1,0,18,0,8,0,0,0,0,3,1,6,1,28,6,1598,1,8,1,1,2,511780,179040,1,2,1,4,27,5,0,6,30,3,4,6,0,0,0,1,1,1,0,0,1,1,1,1,1,28,6,3,0,0,0,0,0,1,1,3
3,2,9,0,18,0,1,0,0,0,0,1,1,6,1,59,9,1461,2,2,2,1,2,303640,536600,3,2,1,6,60,6,0,6,30,6,4,6,0,0,0,1,1,1,0,0,2,1,1,1,1,33,6,3,0,0,0,0,0,9,1,5
3,1,9,0,7,0,6,0,0,0,0,3,1,6,1,20,4,1229,1,9,1,1,2,388033,293284,21,2,1,7,254,3,449,3,70,3,4,6,159,0,0,4,1,1,0,0,2,1,1,1,1,33,6,3,0,0,0,0,0,9,1,5
3,2,9,0,18,0,0,0,0,0,0,2,1,6,2,66,10,1198,1,5,1,1,2,303046,666475,95,2,1,6,940,4,7015,6,40,0,4,6,0,0,0,1,1,1,0,3,1,1,1,1,2,66,10,3,0,0,0,0,0,9,1,5
3,1,9,0,18,0,0,0,0,0,0,4,1,6,1,45,7,1910,2,5,1,1,1,537770,188110,1,1,1,1,13,3,104,6,30,0,4,6,0,0,0,4,1,1,0,0,1,1,1,3,1,36,7,3,5,1,0,0,2,0,1,2
3,2,9,0,18,0,8,0,0,0,0,4,1,6,1,46,8,1598,1,8,1,1,2,441831,111042,44,2,1,4,500,3,33,6,30,3,4,6,0,0,5,1,1,1,0,0,1,2,1,1,1,46,8,3,0,0,0,0,0,9,1,4
2,1,5,0,17,0,0,1,0,0,0,1,1,6,1,44,7,1170,1,8,1,1,1,387172,121450,55,1,1,6,642,3,350,6,60,0,4,6,0,0,0,1,1,2,0,0,2,1,1,1,1,44,7,2,0,0,0,0,0,5,1,3
3,2,19,0,18,0,0,0,0,0,0,1,1,6,1,29,6,2143,2,2,1,1,2,543500,182500,1,2,1,4,17,3,13,3,50,0,4,6,0,0,0,4,1,1,0,0,1,1,1,1,1,33,6,3,0,0,0,0,0,9,1,5