accident_severity,vehicle_reference,vehicle_type,towing_and_articulation,vehicle_manoeuvre,vehicle_location-restricted_lane,junction_location,skidding_and_overturning,hit_object_in_carriageway,vehicle_leaving_carriageway,hit_object_off_carriageway,1st_point_of_impact,was_vehicle_left_hand_drive?,journey_purpose_of_driver,sex_of_driver,age_of_driver,age_band_of_driver,engine_capacity_(cc),propulsion_code,age_of_vehicle,driver_home_area_type,NUmber_of_Casualities_unique_to_accident_index,No_of_Vehicles_involved_unique_to_accident_index,location_easting_osgr,location_northing_osgr,police_force,number_of_vehicles,number_of_casualties,day_of_week,local_authority_(district),1st_road_class,1st_road_number,road_type,speed_limit,junction_detail,junction_control,2nd_road_class,2nd_road_number,pedestrian_crossing-human_control,pedestrian_crossing-physical_facilities,light_conditions,weather_conditions,road_surface_conditions,special_conditions_at_site,carriageway_hazards,urban_or_rural_area,did_police_officer_attend_scene_of_accident,casualty_reference,casualty_class,sex_of_casualty,age_of_casualty,age_band_of_casualty,casualty_severity,pedestrian_location,pedestrian_movement,car_passenger,bus_or_coach_passenger,pedestrian_road_maintenance_worker,casualty_type,casualty_home_area_type,casualty_imd_decile
3,1,9,0,18,0,2,0,0,0,0,1,1,6,2,33,6,1598,1,10,1,1,3,458859,307486,33,3,1,2,364,3,6,3,40,6,2,5,1231,0,5,1,8,2,0,0,2,1,1,1,1,33,6,3,0,0,0,0,0,9,1,5
3,1,9,0,18,0,2,0,0,0,0,1,1,6,1,55,8,1895,1,16,1,1,1,386780,256390,22,1,1,1,276,6,0,6,30,3,4,6,0,0,0,1,1,1,0,0,1,1,1,3,2,51,8,3,5,3,0,0,0,0,1,2
3,1,9,0,17,0,0,2,10,0,0,4,1,2,2,23,5,1896,2,12,3,1,1,428463,134693,44,1,1,4,501,6,0,6,60,0,4,6,0,0,0,6,1,4,0,0,2,1,1,1,2,23,5,3,0,0,0,0,0,9,3,7
3,2,9,0,18,0,1,0,0,0,0,1,1,6,1,23,5,1598,1,1,1,1,2,456031,342525,31,2,1,2,346,4,682,6,30,8,4,6,0,0,5,1,1,1,0,0,1,1,1,1,1,33,6,3,0,0,0,0,0,9,1,5
3,3,9,0,2,0,0,0,0,0,0,1,1,6,1,35,6,1910,2,7,3,1,4,399445,867082,92,4,1,1,911,6,0,6,30,0,4,6,0,0,0,1,1,2,0,0,1,1,1,1,1,33,6,3,0,0,0,0,0,9,1,5
3,2,9,0,18,0,0,0,0,0,0,1,1,2,1,21,5,1390,1,2,1,1,2,487089,158658,45,2,1,5,515,4,3411,6,30,0,4,6,0,0,0,1,1,2,0,0,1,1,1,1,1,33,6,3,0,0,0,0,0,9,1,5
3,2,1,0,18,0,1,0,0,0,0,2,1,2,2,34,6,1598,1,8,1,1,2,464899,171202,43,2,1,2,471,6,7153,1,30,1,4,6,7153,0,0,4,1,1,0,0,1,2,1,1,2,34,6,3,0,0,0,0,0,1,1,5
3,3,9,0,4,0,0,0,0,0,0,2,1,1,1,39,7,1598,1,8,1,1,4,254575,667514,97,4,1,5,926,3,739,3,40,0,4,6,0,0,5,1,1,1,0,0,1,1,1,1,1,33,6,3,0,0,0,0,0,9,1,5
3,1,9,0,16,0,0,1,10,0,0,1,1,6,1,27,6,3498,1,11,1,4,2,538589,137613,47,2,4,5,563,4,2110,6,40,0,4,6,0,0,0,4,1,2,0,0,1,1,2,2,1,26,6,3,0,0,1,0,0,9,3,7
3,2,1,0,5,0,1,0,0,0,0,3,1,6,1,40,7,1598,1,8,3,1,2,563760,174000,46,2,1,4,535,3,226,6,30,3,2,6,0,0,8,1,1,1,0,0,1,1,1,1,1,40,7,3,0,0,0,0,0,1,3,7
3,1,9,0,9,0,8,0,0,0,0,1,1,6,2,52,8,1598,1,9,1,1,2,531800,175850,1,2,1,6,9,5,0,6,30,3,4,6,0,0,0,1,1,1,0,0,1,1,1,1,1,33,6,3,0,0,0,0,0,9,1,5
3,1,9,0,9,0,2,0,0,0,0,1,1,6,2,32,6,1497,1,9,1,1,1,410300,286650,20,1,1,6,300,4,4128,6,30,8,2,6,0,0,5,1,2,2,0,0,1,1,1,3,1,18,4,3,1,1,0,0,0,0,1,1
3,2,1,0,18,0,4,0,0,0,0,3,1,2,1,41,7,1598,1,8,1,1,2,525642,137919,47,2,1,6,560,6,0,1,30,1,4,6,0,0,0,4,1,1,0,0,1,1,1,1,1,41,7,3,0,0,0,0,0,1,1,3
2,1,9,0,17,0,8,0,0,0,0,0,1,6,3,38,7,1598,1,8,1,1,3,390247,162916,54,3,1,5,635,3,350,1,40,1,4,5,381,0,0,1,1,1,0,0,1,1,1,1,1,33,6,3,0,0,0,0,0,9,1,5
2,1,9,0,14,0,0,0,0,0,0,1,1,6,2,38,7,1900,2,11,1,3,3,420683,426668,13,3,3,1,203,3,651,6,30,0,4,6,0,0,0,4,1,1,0,0,1,1,1,1,2,38,7,3,0,0,0,0,0,9,1,7
3,1,1,0,18,0,1,0,0,0,0,0,1,6,2,55,8,1598,1,8,1,1,1,534530,175540,1,1,1,2,8,3,2214,6,30,6,2,5,0,0,5,1,1,1,0,0,1,1,1,1,2,55,8,3,0,0,0,0,0,1,1,2
3,1,1,0,18,0,8,0,0,0,0,2,1,6,1,58,9,1598,1,8,1,1,2,517870,183780,1,2,1,7,28,3,4005,1,30,1,2,5,0,0,0,1,1,4,0,0,1,1,1,1,1,58,9,3,0,0,0,0,0,1,1,6
3,1,9,0,7,0,8,0,0,0,0,1,1,6,2,24,5,1248,2,8,1,1,2,504363,185630,43,2,1,7,477,3,40,1,40,2,2,3,412,0,8,4,1,1,0,0,2,1,1,1,1,33,6,3,0,0,0,0,0,9,1,5
3,1,9,0,3,0,8,0,0,0,0,0,1,1,2,31,6,1956,2,1,1,1,1,405560,281460,20,1,1,7,300,3,441,6,30,3,4,6,0,0,0,4,1,1,0,0,1,1,1,3,2,27,6,3,10,9,0,0,0,0,1,2
3,1,9,0,16,0,1,1,4,7,0,1,1,6,1,19,4,1598,1,8,1,1,2,368725,356806,7,2,1,2,129,6,0,6,30,3,4,6,0,0,0,5,2,2,0,0,1,1,1,1,1,19,4,3,0,0,0,0,0,9,1,9
3,2,9,0,3,0,1,0,0,0,0,2,1,2,2,66,10,998,1,15,2,1,2,419476,552573,11,2,1,2,169,4,6532,1,30,1,4,3,693,0,0,1,1,1,0,0,1,2,1,1,2,66,10,3,0,0,0,0,0,9,2,7
2,1,9,0,18,0,1,0,0,0,0,1,1,6,1,78,11,1591,1,8,1,1,1,487797,155855,44,1,1,1,499,6,0,6,30,3,4,6,0,0,1,1,1,1,0,0,1,1,1,3,1,74,10,2,1,1,0,0,0,0,1,10
3,1,9,0,6,0,5,0,0,0,0,1,1,6,2,42,7,1587,1,10,1,1,1,465327,409377,14,1,1,3,211,6,0,6,30,3,4,6,0,0,0,1,1,1,0,0,1,1,1,3,1,15,3,3,5,1,0,0,0,0,1,6
3,1,9,0,18,0,1,0,0,0,0,1,1,6,1,40,7,1598,1,8,1,2,2,485700,239711,43,2,2,5,479,4,4034,3,70,1,4,3,509,0,0,4,2,2,0,0,2,3,1,1,1,33,6,3,0,0,0,0,0,9,1,5
3,1,9,0,18,0,0,2,0,0,0,1,1,6,1,22,5,1390,1,16,1,6,2,438560,348150,30,2,6,1,320,5,88,6,30,0,4,6,0,0,0,1,1,1,0,0,2,1,3,2,1,18,4,3,0,0,1,0,0,9,1,5
3,2,9,0,4,0,1,0,0,0,0,1,1,6,2,21,5,1149,1,10,1,1,2,360722,387579,7,2,1,3,128,3,49,3,30,3,4,6,0,0,4,1,1,1,0,0,1,2,1,1,2,21,5,3,0,0,0,0,0,9,1,8
3,1,11,0,18,0,2,0,0,0,0,0,1,1,1,46,8,4500,2,4,1,1,1,426704,564741,10,1,1,3,147,4,1312,6,30,3,2,6,1221,0,4,1,1,1,0,0,1,2,1,2,2,75,10,3,0,0,0,4,0,11,1,1
3,2,3,0,18,0,8,0,0,0,0,1,1,6,1,46,8,125,1,8,1,1,2,398450,396640,6,2,1,3,110,3,6018,6,30,3,4,5,0,0,0,4,2,2,0,0,1,1,1,1,1,46,8,3,0,0,0,0,0,3,1,1
3,1,9,0,4,0,8,0,0,0,0,2,1,6,1,35,6,1598,1,8,1,5,2,546880,180850,1,2,5,6,6,3,2041,1,30,1,4,3,2041,0,0,1,1,1,0,0,1,1,5,2,1,35,6,3,0,0,2,0,0,9,1,5
3,2,21,0,9,0,1,0,0,0,0,2,1,1,1,43,7,1598,1,8,1,1,2,271837,319626,60,2,1,4,722,3,470,6,40,8,4,6,0,0,0,1,2,2,0,0,2,1,1,1,1,43,7,3,0,0,0,0,0,21,1,5
3,2,1,0,15,9,0,0,8,0,0,3,1,2,2,38,7,1598,1,8,1,1,2,547680,254270,35,2,1,4,395,3,1307,6,40,0,4,6,0,0,0,1,1,2,0,0,2,2,1,1,2,33,6,3,0,0,0,0,0,1,1,5
2,3,9,0,2,0,2,0,0,0,0,2,1,6,3,38,7,1598,1,13,1,1,3,431510,280410,20,3,1,4,302,6,0,6,30,6,4,6,0,0,0,1,1,1,0,0,1,1,1,1,1,33,6,3,0,0,0,0,0,9,1,5
3,1,1,0,18,0,1,0,0,0,0,3,1,6,1,35,6,1598,1,8,1,1,2,316479,177350,62,2,1,2,741,3,4119,6,30,3,4,6,0,0,4,1,1,1,0,0,2,1,1,1,1,35,6,3,0,0,0,0,0,1,1,5
3,1,1,0,18,0,8,0,0,0,0,3,1,2,1,30,6,1598,1,8,1,1,2,515640,188950,1,2,1,2,29,3,409,6,30,3,4,6,0,0,8,7,1,1,0,0,1,2,1,1,1,30,6,3,0,0,0,0,0,1,1,5
3,2,3,0,5,8,0,0,0,0,0,2,1,6,1,19,4,124,1,3,1,1,2,538101,197358,42,2,1,7,456,3,112,6,40,0,4,6,0,0,0,6,1,1,0,0,2,1,1,1,1,19,4,3,0,0,0,0,0,3,1,5
3,3,9,0,18,0,8,0,0,0,0,3,1,6,1,77,11,1598,1,5,1,1,3,444132,293183,33,3,1,6,361,4,578,6,30,8,4,6,0,0,0,4,1,1,0,0,1,1,1,1,1,77,11,3,0,0,0,0,0,9,1,8
3,1,9,0,18,0,0,0,0,1,0,1,1,6,2,76,11,1598,1,10,2,1,1,403526,203028,53,1,1,7,621,3,417,3,70,0,4,6,0,0,0,1,1,1,0,0,2,1,1,2,1,76,11,3,0,0,1,0,0,9,2,6
1,1,9,0,18,0,1,0,7,1,0,1,1,6,1,55,8,1998,1,1,1,1,1,526700,169960,1,1,1,7,22,3,24,3,50,6,2,3,236,0,5,1,1,1,0,0,1,1,1,3,1,48,8,1,10,9,0,0,2,0,1,6
3,2,9,0,18,0,2,0,0,0,0,2,1,6,2,46,8,1497,8,6,1,4,3,519870,194540,1,3,4,3,30,1,1,3,70,5,4,6,0,0,0,4,2,2,0,0,2,1,2,1,2,46,8,3,0,0,0,0,0,9,1,8
3,1,9,0,9,0,8,0,0,0,0,4,1,6,1,40,7,1339,1,12,1,1,2,533670,187890,1,2,1,4,4,3,10,6,30,8,4,6,0,0,0,1,1,1,0,0,1,1,1,1,1,33,6,3,0,0,0,0,0,9,1,5
3,1,9,0,18,0,8,0,0,1,1,1,1,1,1,55,8,1560,2,8,1,1,2,466381,321698,33,2,1,3,365,3,6006,6,60,6,4,5,7301,0,0,1,1,1,0,0,2,1,1,1,1,55,8,3,0,0,0,0,0,9,1,5
3,2,9,0,17,0,8,0,0,0,0,1,1,6,1,78,11,1400,1,9,1,1,2,391600,300070,20,2,1,4,309,6,0,6,30,3,4,6,0,0,0,1,2,2,0,0,1,1,1,2,2,77,11,3,0,0,1,0,0,9,1,2
3,1,9,0,7,0,6,0,0,0,0,3,1,6,1,38,7,2184,2,10,1,1,2,410410,288730,20,2,1,7,300,4,4114,6,30,6,4,4,4516,0,4,1,1,1,0,0,1,2,1,1,1,33,6,3,0,0,0,0,0,9,1,5
3,2,1,0,18,0,8,0,0,0,0,1,1,6,1,45,7,1598,1,8,1,1,2,461347,152434,44,2,1,5,490,6,0,6,30,3,4,6,0,0,0,1,1,1,0,0,1,1,1,1,1,45,7,3,0,0,0,0,0,1,1,8
2,1,9,0,4,0,0,1,0,1,7,1,1,1,2,18,4,1242,1,7,1,1,2,421665,320561,21,2,1,4,251,3,38,3,60,0,4,6,0,0,0,1,1,1,0,0,1,1,1,1,2,18,4,2,0,0,0,0,0,9,1,8
3,1,9,0,9,0,6,0,0,0,0,1,1,2,2,30,6,1598,1,2,2,3,2,432904,421196,13,2,3,2,206,3,650,6,30,3,4,6,0,0,0,4,7,2,0,0,1,1,2,2,2,39,7,3,0,0,1,0,0,9,1,5
3,1,9,0,17,0,0,0,0,0,0,1,1,6,2,46,8,1598,1,8,1,4,2,486022,193627,43,2,4,3,480,6,3150,6,30,0,4,6,0,0,0,1,1,1,0,0,1,1,3,1,2,46,8,3,0,0,0,0,0,9,1,3
2,1,9,0,18,0,3,0,0,0,0,4,1,2,2,53,8,998,1,8,1,2,1,391958,383576,7,1,2,5,129,3,523,1,30,2,4,6,0,0,0,1,2,2,0,0,1,1,2,1,2,53,8,2,0,0,0,0,0,9,1,4
3,1,9,0,4,0,1,2,0,3,11,1,1,2,1,18,4,1360,1,17,2,1,1,227702,65925,50,1,1,6,596,3,390,6,60,6,4,6,0,0,0,6,4,1,0,0,2,1,1,1,1,18,4,3,0,0,0,0,0,9,2,2
2,2,1,0,18,0,1,0,0,0,0,3,1,1,1,38,7,1598,1,8,1,1,2,600540,225252,42,2,1,6,455,6,0,6,30,3,4,3,137,0,0,1,1,1,0,0,1,2,1,1,1,33,6,2,0,0,0,0,0,1,1,2
3,1,9,0,18,0,8,0,0,0,0,1,1,6,1,17,4,998,1,7,1,3,2,358960,417130,4,2,3,1,73,6,0,6,30,3,4,6,0,0,0,1,1,1,0,0,1,1,1,1,1,33,6,3,0,0,0,0,0,9,1,5
3,4,20,0,3,0,0,0,0,0,0,2,1,1,1,38,7,1598,1,8,1,1,5,447826,197109,43,5,1,3,483,3,34,3,70,0,4,6,0,0,0,1,1,1,0,0,2,1,1,1,1,33,6,3,0,0,0,0,0,9,1,5
3,3,9,0,2,0,8,0,0,0,0,0,1,5,1,30,6,1596,1,9,1,1,3,432506,280784,20,3,1,1,302,6,0,6,30,3,4,6,0,0,0,4,1,1,0,0,1,1,1,1,1,33,6,3,0,0,0,0,0,9,1,5
3,2,9,0,4,0,0,0,0,0,0,2,1,6,2,38,7,1686,2,2,1,1,2,452719,360167,31,2,1,5,344,6,0,6,30,0,4,6,0,0,0,4,5,2,0,0,1,2,1,1,2,38,7,3,0,0,0,0,0,9,1,6
3,1,9,0,9,0,6,0,0,0,0,1,1,6,1,17,4,1368,1,6,1,2,2,552295,103661,47,2,2,4,556,6,0,6,60,3,4,5,120,0,0,6,1,1,0,0,2,1,2,1,1,17,4,3,0,0,0,0,0,9,1,5
3,2,9,0,18,0,8,0,0,7,10,1,1,6,2,39,7,1598,1,5,1,2,2,411026,284402,20,2,2,2,300,6,0,6,30,3,4,6,0,0,0,4,2,2,0,0,1,1,2,2,2,33,6,3,0,0,1,0,0,9,1,5
3,1,11,0,17,0,8,0,0,0,0,3,1,6,1,51,8,8300,2,15,1,2,2,359390,173277,52,2,2,5,601,6,0,6,20,3,2,6,0,0,5,4,1,1,0,0,1,1,1,2,2,60,9,3,0,0,0,4,0,11,1,5
3,1,9,0,18,0,8,0,0,0,0,4,1,6,1,40,7,1598,1,8,1,1,1,544970,183720,1,1,1,2,16,5,0,6,30,3,4,6,0,0,0,1,1,1,0,0,1,1,1,3,1,11,3,3,5,4,0,0,2,0,1,3
3,1,9,0,18,0,0,0,0,0,0,2,1,6,1,21,5,1560,2,8,1,3,2,434270,281580,20,2,3,2,302,4,4113,6,30,0,4,6,0,0,0,4,2,2,0,0,1,1,3,2,1,33,6,3,0,0,2,0,0,9,1,5
3,2,9,0,5,0,8,0,0,0,0,4,1,3,2,42,7,998,1,3,1,3,2,367590,428900,4,2,3,4,70,6,0,6,30,9,4,6,0,0,0,4,2,2,0,0,1,1,1,1,2,42,7,3,0,0,0,0,0,9,1,1
3,3,9,0,10,0,5,0,0,0,0,2,1,3,2,32,6,1997,2,1,1,1,3,503080,165720,45,3,1,4,514,3,320,6,40,8,4,6,0,0,8,1,1,1,0,0,2,1,1,1,2,32,6,3,0,0,0,0,0,9,1,5
3,1,9,0,5,0,2,0,0,0,0,1,1,6,3,25,5,1598,1,8,3,1,3,319041,743235,93,3,1,6,934,3,923,6,30,3,4,6,0,0,0,1,1,1,0,0,2,1,1,1,1,33,6,3,0,0,0,0,0,9,1,5
3,1,9,0,9,0,6,0,0,0,0,4,1,1,1,50,8,1598,1,8,1,1,2,497820,217956,43,2,1,2,476,3,4146,6,40,8,4,6,1394,0,0,1,1,1,0,0,2,1,1,1,1,33,6,3,0,0,0,0,0,9,1,5
3,1,9,0,5,0,0,0,0,0,0,1,1,6,1,30,6,1598,1,8,1,1,1,545520,187130,1,1,1,5,14,3,118,6,30,0,4,6,0,0,4,4,1,1,0,0,1,1,1,1,1,30,6,3,0,0,0,0,0,9,1,5
3,2,1,0,18,0,1,0,0,0,0,1,1,2,1,27,6,1598,1,8,1,1,2,417703,432346,13,2,1,2,200,6,0,6,30,3,4,6,0,0,0,1,1,1,0,0,1,1,1,1,1,27,6,3,0,0,0,0,0,1,1,2
3,1,19,0,10,0,1,0,0,0,0,2,1,1,1,29,6,2198,2,8,1,2,3,452299,391900,14,3,2,3,213,6,0,6,30,3,4,3,631,0,0,1,7,2,0,0,1,1,1,1,1,29,6,3,0,0,0,0,0,19,1,7
3,2,9,0,17,0,8,0,0,0,0,3,1,6,1,41,7,1598,1,9,1,1,2,523510,178440,1,2,1,3,11,3,219,2,30,3,2,3,219,0,5,1,1,1,0,0,1,1,1,1,1,33,6,3,0,0,0,0,0,9,1,5
3,1,9,0,9,0,5,1,0,0,0,1,1,6,2,71,10,1339,1,10,1,1,2,459574,404027,14,2,1,5,211,6,0,6,30,3,4,6,0,0,0,1,1,1,0,0,1,1,1,1,2,71,10,3,0,0,0,0,0,9,1,4
1,1,9,0,2,0,0,0,0,0,0,2,1,6,1,20,4,1598,1,8,1,3,2,458189,399364,14,2,3,2,211,1,18,3,70,0,4,6,0,0,0,6,1,1,0,0,2,1,2,2,1,19,4,1,0,0,1,0,0,9,1,1
3,2,9,0,10,0,1,0,0,0,0,2,1,6,1,52,8,1599,1,11,1,3,2,325000,666998,95,2,3,2,929,3,702,6,30,8,4,6,0,0,0,6,1,1,0,0,2,1,2,1,1,52,8,3,0,0,0,0,0,9,1,5
3,2,1,0,18,0,0,0,10,1,0,2,1,6,2,35,6,1598,1,8,3,1,2,449921,322891,33,2,1,7,362,3,6006,6,60,0,4,6,0,0,0,6,1,2,0,0,2,1,1,1,2,35,6,3,0,0,0,0,0,1,3,9
3,1,9,0,1,0,6,0,0,0,0,2,1,6,2,54,8,1596,1,5,1,1,2,552870,173790,46,2,1,1,532,3,2018,6,30,8,4,6,0,0,0,1,8,2,0,0,1,1,1,1,1,33,6,3,0,0,0,0,0,9,1,5
3,2,9,0,13,0,1,0,0,0,0,3,1,6,2,40,7,1598,1,9,3,1,2,548535,386037,32,2,1,4,351,3,1031,6,50,3,4,5,571,0,0,1,1,2,0,0,2,2,1,1,2,40,7,3,0,0,0,0,0,9,3,4
3,1,9,0,18,0,1,0,0,0,0,1,1,6,1,42,7,2171,1,11,1,4,3,513330,184600,1,3,4,4,27,3,312,6,30,3,2,5,0,0,5,1,1,1,0,0,1,1,1,1,1,33,6,3,0,0,0,0,0,9,1,5
3,1,9,0,4,0,2,0,0,0,0,2,1,6,1,35,6,2494,1,16,1,4,2,521050,183470,1,2,4,7,28,4,4492,6,30,3,4,6,0,0,1,4,1,1,0,0,1,2,1,1,1,35,6,3,0,0,0,0,0,9,1,5
3,2,9,0,17,0,1,0,0,0,0,1,1,6,1,44,7,2231,2,5,1,2,2,399059,93272,55,2,2,3,644,3,35,6,60,3,4,4,3067,0,0,4,1,2,0,0,2,1,2,1,1,44,7,3,0,0,0,0,0,9,1,7
3,1,9,0,3,0,1,0,0,0,0,2,1,6,2,46,8,1390,1,5,1,1,2,393880,289170,20,2,1,3,303,3,461,3,40,1,4,4,4177,0,4,1,1,1,0,0,1,2,1,1,2,46,8,3,0,0,0,0,0,9,1,6
3,3,11,0,5,0,2,0,0,0,0,2,1,1,1,49,8,6700,2,7,1,1,4,405440,299720,20,4,1,5,307,6,0,6,30,3,4,6,0,0,0,1,1,1,0,0,1,1,1,1,1,33,6,3,0,0,0,0,0,9,1,5
3,3,9,0,3,0,1,0,0,0,0,0,1,6,2,21,5,1461,2,12,1,1,3,526597,104804,47,3,1,6,565,3,259,6,30,3,4,6,0,0,0,1,1,1,0,0,1,1,1,1,1,33,6,3,0,0,0,0,0,9,1,5
3,1,9,0,3,0,0,0,0,0,0,2,1,6,2,54,8,1598,1,8,1,1,2,529750,171740,1,2,1,2,9,5,0,2,30,0,4,6,0,0,5,1,1,1,0,0,1,1,1,1,2,54,8,3,0,0,0,0,0,9,1,3
2,1,9,0,7,0,8,0,0,0,0,3,1,2,2,47,8,1988,1,13,1,1,2,424210,94824,44,2,1,5,496,6,0,6,30,3,4,6,0,0,0,1,1,1,0,0,1,1,1,1,1,33,6,3,0,0,0,0,0,9,1,5
3,2,9,0,14,0,0,0,4,0,0,4,1,6,1,38,7,1598,1,8,1,1,2,412699,131556,54,2,1,4,635,3,360,6,30,0,4,6,0,0,0,4,2,2,0,0,1,1,1,3,1,32,6,3,9,5,0,0,0,0,1,5
3,1,1,0,18,5,8,0,0,0,0,1,1,6,1,39,7,1598,1,8,1,1,2,339660,427960,4,2,1,5,74,3,584,6,50,3,4,6,0,0,0,1,1,1,0,0,2,1,1,1,1,39,7,3,0,0,0,0,0,1,1,5
3,1,9,0,3,0,1,0,0,0,0,1,1,1,2,57,9,1991,2,10,1,1,2,435157,408774,14,2,1,5,210,6,0,6,30,3,4,3,633,0,0,1,1,1,0,0,1,1,1,1,1,33,6,3,0,0,0,0,0,9,1,5
3,2,9,0,18,0,8,0,0,0,0,4,1,6,1,30,6,1598,1,8,1,1,2,444965,113026,44,2,1,6,500,6,0,6,30,3,4,6,0,0,0,1,1,1,0,0,1,1,1,1,1,30,6,3,0,0,0,0,0,9,1,4
3,2,3,0,18,0,8,0,0,0,0,1,1,6,1,18,4,50,1,8,1,1,2,412156,92051,55,2,1,5,640,4,3059,6,20,3,4,6,0,0,0,1,1,1,0,0,1,1,1,1,1,18,4,3,0,0,0,0,0,3,1,5
2,2,11,0,18,0,1,0,0,0,0,1,1,1,1,61,9,4500,2,5,1,3,2,551280,188090,1,2,3,3,15,5,0,3,30,1,4,3,125,0,0,1,1,1,0,0,1,1,2,2,2,36,7,3,0,0,0,4,0,11,1,2
2,2,9,0,18,0,8,0,0,0,0,1,1,6,2,40,7,1598,1,8,1,3,2,479487,262403,34,2,3,3,384,3,4500,6,30,3,4,3,43,0,5,1,1,1,1,0,1,1,2,2,2,38,7,2,0,0,2,0,0,9,1,5
3,1,9,0,6,0,8,0,0,0,0,3,1,6,1,26,6,1995,2,11,1,1,2,541500,161570,1,2,1,7,19,3,233,6,30,6,4,6,0,0,0,1,1,1,0,0,1,1,1,1,1,33,6,3,0,0,0,0,0,9,1,5
2,2,4,0,18,0,1,0,0,0,0,1,1,6,1,20,4,124,1,3,2,1,2,651927,290805,37,2,1,5,416,6,0,6,30,3,4,6,0,0,0,4,1,1,0,0,1,1,1,1,1,20,4,2,0,0,0,0,0,4,2,3
3,1,9,0,13,0,1,0,10,2,10,1,1,2,1,38,7,1796,1,15,1,1,1,398530,292250,20,1,1,4,305,6,0,6,30,3,4,6,0,0,0,1,4,1,0,0,1,1,1,1,1,38,7,3,0,0,0,0,0,9,1,1
3,2,3,0,13,0,8,0,0,0,0,1,1,6,1,19,4,124,1,2,1,1,2,407600,290220,20,2,1,5,300,4,4140,6,30,8,4,6,0,0,0,1,1,1,0,0,1,1,1,1,1,19,4,3,0,0,0,0,0,3,1,1
3,2,9,0,4,0,2,0,0,0,0,2,1,6,1,56,9,998,1,17,1,1,2,525901,107480,47,2,1,2,565,3,27,3,70,3,4,3,293,0,0,1,1,1,0,0,2,2,1,1,1,56,9,3,0,0,0,0,0,9,1,7
3,2,9,0,18,0,1,0,0,0,0,1,1,6,2,21,5,1399,2,5,1,2,2,246588,57046,50,2,2,3,583,6,0,6,30,3,4,6,0,0,0,1,2,2,0,0,1,1,1,1,2,21,5,3,0,0,0,0,0,9,1,6
3,1,9,0,18,0,1,0,0,0,0,1,1,6,1,24,5,1598,1,8,3,1,2,211170,212480,63,2,1,3,752,6,0,6,30,3,4,3,478,0,0,4,1,1,0,0,2,1,1,1,1,33,6,3,0,0,0,0,0,9,1,5
3,1,21,1,9,0,8,0,0,0,0,1,1,1,1,43,7,10837,2,1,1,1,2,509985,221284,40,2,1,2,421,3,6,6,30,3,2,3,6,0,5,1,5,2,0,0,1,1,1,1,1,33,6,3,0,0,0,0,0,9,1,5
3,2,9,0,17,0,8,0,0,0,0,4,1,6,1,52,8,1598,1,8,1,1,2,609197,221142,42,2,1,1,461,4,1029,6,60,3,4,6,0,0,0,1,1,1,0,0,2,1,1,1,1,52,8,3,0,0,0,0,0,9,1,5
3,2,9,0,4,0,1,0,0,0,0,2,1,6,2,43,7,2495,2,11,1,1,3,330246,669488,95,3,1,5,929,6,0,6,40,3,2,3,7,0,5,1,9,2,0,0,2,2,1,1,2,43,7,3,0,0,0,0,0,9,1,5
3,2,9,0,3,9,8,0,0,0,0,2,1,2,1,40,7,1596,1,8,1,1,2,638250,165440,46,2,1,2,541,3,255,6,30,3,4,6,0,0,0,1,1,1,0,0,1,1,1,1,1,40,7,3,0,0,0,0,0,9,1,1
3,1,9,0,9,0,5,0,0,0,0,4,1,1,1,46,8,1956,2,5,1,1,3,435892,391080,14,3,1,5,215,6,0,6,30,6,4,6,0,0,0,1,1,1,0,0,1,1,1,1,1,33,6,3,0,0,0,0,0,9,1,5
3,1,19,0,18,0,0,0,0,0,0,1,1,1,1,35,6,2402,2,9,1,1,2,415763,185128,54,2,1,7,633,3,4289,6,30,0,4,6,0,0,0,1,1,1,0,0,1,1,1,1,1,33,6,3,0,0,0,0,0,9,1,5
3,1,9,0,18,0,0,0,0,0,0,4,1,6,1,70,10,1896,2,9,1,1,1,436661,146718,44,1,1,6,501,3,343,6,30,0,4,6,0,0,4,1,1,1,0,0,1,1,1,3,2,18,4,3,1,1,0,0,0,0,1,3
3,2,19,0,10,0,1,0,0,0,0,2,1,1,1,30,6,2402,2,13,1,2,2,329740,674370,95,2,2,6,923,6,0,6,30,3,4,6,0,0,0,1,1,1,0,0,1,1,1,1,1,30,6,3,0,0,0,0,0,19,1,5
3,2,1,0,18,0,2,0,0,0,0,1,1,6,1,55,8,1598,1,8,1,1,2,531339,139434,47,2,1,1,563,6,0,6,30,3,4,6,0,0,0,1,1,1,0,0,1,1,1,1,1,55,8,3,0,0,0,0,0,1,1,9
3,4,9,0,4,0,0,0,0,0,0,1,1,2,2,38,7,1560,2,2,1,1,4,416580,278240,20,4,1,3,306,1,42,3,70,0,4,6,0,0,0,1,1,1,0,0,2,1,1,1,1,33,6,3,0,0,0,0,0,9,1,5
3,1,19,0,18,0,8,0,0,0,0,1,1,6,2,46,8,2143,2,1,1,4,2,297800,517640,3,2,4,6,63,3,5094,6,30,7,2,6,0,0,8,4,1,1,0,0,1,1,1,1,2,46,8,3,0,0,0,0,0,19,1,4
3,1,9,0,18,0,2,0,0,0,0,1,1,6,3,38,7,1598,1,8,1,1,4,400230,285940,20,4,1,7,305,6,0,6,30,6,2,3,4123,0,0,1,1,1,0,0,1,1,1,1,1,33,6,3,0,0,0,0,0,9,1,5