accident_severity,vehicle_reference,vehicle_type,towing_and_articulation,vehicle_manoeuvre,vehicle_location-restricted_lane,junction_location,skidding_and_overturning,hit_object_in_carriageway,vehicle_leaving_carriageway,hit_object_off_carriageway,1st_point_of_impact,was_vehicle_left_hand_drive?,journey_purpose_of_driver,sex_of_driver,age_of_driver,age_band_of_driver,engine_capacity_(cc),propulsion_code,age_of_vehicle,driver_home_area_type,NUmber_of_Casualities_unique_to_accident_index,No_of_Vehicles_involved_unique_to_accident_index,location_easting_osgr,location_northing_osgr,police_force,number_of_vehicles,number_of_casualties,day_of_week,local_authority_(district),1st_road_class,1st_road_number,road_type,speed_limit,junction_detail,junction_control,2nd_road_class,2nd_road_number,pedestrian_crossing-human_control,pedestrian_crossing-physical_facilities,light_conditions,weather_conditions,road_surface_conditions,special_conditions_at_site,carriageway_hazards,urban_or_rural_area,did_police_officer_attend_scene_of_accident,casualty_reference,casualty_class,sex_of_casualty,age_of_casualty,age_band_of_casualty,casualty_severity,pedestrian_location,pedestrian_movement,car_passenger,bus_or_coach_passenger,pedestrian_road_maintenance_worker,casualty_type,casualty_home_area_type,casualty_imd_decile
2,1,9,0,18,0,8,0,10,3,2,1,1,6,3,38,7,1560,2,1,1,3,3,518460,169880,1,3,3,2,23,6,0,6,30,3,4,6,0,0,0,4,1,1,0,0,1,1,1,1,1,33,6,3,0,0,0,0,0,9,1,5
3,1,9,0,9,0,8,0,0,0,0,4,1,6,2,82,11,1198,1,8,3,1,2,415393,435933,13,2,1,6,200,3,6037,6,40,3,4,6,0,0,0,1,1,1,0,0,1,1,1,1,1,33,6,3,0,0,0,0,0,9,1,5
3,1,1,0,4,0,1,0,0,0,0,1,1,6,1,42,7,1598,1,8,3,1,2,532250,181020,48,2,1,5,570,5,0,6,20,3,2,5,0,0,5,1,1,1,0,0,1,1,1,1,1,42,7,3,0,0,0,0,0,1,3,7
2,2,9,0,3,0,1,0,0,0,0,2,1,6,2,21,5,1242,1,7,1,1,3,532239,120253,47,3,1,5,563,6,0,6,30,3,4,6,0,0,0,4,1,1,0,0,1,1,1,1,2,21,5,2,0,0,0,0,0,9,1,9
3,3,9,0,18,0,0,0,0,0,0,1,1,6,3,38,7,1598,1,8,1,1,3,546500,183650,1,3,1,4,16,3,13,3,40,0,4,6,0,0,0,4,1,1,0,0,1,2,1,1,1,33,6,3,0,0,0,0,0,9,1,5
3,2,9,0,9,0,6,0,0,0,0,4,1,2,2,54,8,1086,1,5,1,1,2,294939,89776,50,2,1,4,581,6,0,6,30,3,4,6,0,0,0,1,1,2,0,0,2,1,1,1,1,33,6,3,0,0,0,0,0,9,1,5
2,1,9,0,7,0,1,0,0,0,0,4,1,6,2,36,7,1124,1,10,1,1,2,333976,396550,5,2,1,7,93,3,567,6,30,3,4,6,0,0,0,1,1,1,0,0,1,1,1,1,1,33,6,3,0,0,0,0,0,9,1,5
3,2,9,0,5,0,4,0,0,0,0,2,1,2,2,43,7,1598,1,8,3,1,2,169459,43205,50,2,1,2,596,6,0,1,60,1,4,6,0,0,0,1,1,1,0,0,2,1,1,1,2,43,7,3,0,0,0,0,0,9,3,4
3,2,1,0,18,0,8,0,0,0,0,1,1,6,1,75,10,1598,1,8,1,1,2,329991,406957,5,2,1,6,93,6,0,6,30,1,4,6,0,0,8,1,1,1,0,0,1,1,1,1,1,75,10,3,0,0,0,0,0,1,1,7
3,2,9,0,5,0,1,0,0,0,0,1,1,6,1,33,6,1870,2,12,1,1,2,529320,183640,1,2,1,4,2,3,400,6,30,6,2,6,0,0,5,1,1,1,0,0,1,1,1,1,1,33,6,3,0,0,0,0,0,9,1,5
3,2,3,0,18,0,8,0,0,0,0,1,1,6,1,19,4,125,1,1,1,1,2,527210,181030,1,2,1,2,1,5,0,1,30,2,4,5,0,0,0,1,1,1,0,0,1,1,1,1,1,19,4,3,0,0,0,0,0,3,1,10
3,2,9,0,18,0,0,0,0,0,0,2,1,1,1,60,9,1598,1,8,1,1,2,636580,164830,46,2,1,3,541,4,2054,6,30,0,4,6,0,0,0,4,5,2,0,0,1,1,1,1,1,33,6,3,0,0,0,0,0,9,1,5
3,1,9,0,17,0,0,0,0,0,0,1,1,2,1,25,5,1598,1,8,2,3,3,273665,85379,50,3,3,1,585,4,3212,6,60,0,4,6,0,0,0,1,1,1,0,0,2,1,3,2,2,24,5,3,0,0,2,0,0,5,2,7
3,3,11,0,4,0,3,0,0,0,0,2,1,1,2,30,6,4461,2,2,3,3,3,429324,270940,23,3,3,5,294,3,452,6,30,1,4,3,452,0,0,1,1,1,0,0,1,1,2,1,2,30,6,3,0,0,0,0,0,11,3,7
3,1,9,0,18,0,0,2,0,1,4,1,1,6,1,19,4,1598,1,8,1,2,3,547685,135285,47,3,2,5,556,4,2026,6,40,0,4,6,0,0,0,6,1,2,0,0,2,1,2,2,1,16,4,3,0,0,1,0,0,9,1,7
3,2,3,0,13,0,0,0,0,0,0,4,1,6,1,46,8,124,1,20,1,1,2,526670,187370,1,2,1,5,30,4,519,6,30,0,4,6,0,0,0,4,1,1,0,0,1,1,1,1,1,46,8,3,0,0,0,0,0,3,1,8
2,2,1,0,18,0,1,0,0,0,0,3,1,6,1,22,5,1598,1,8,1,1,2,534810,185880,1,2,1,3,4,3,104,6,30,3,4,5,0,0,1,1,4,1,0,0,1,1,1,1,1,22,5,2,0,0,0,0,0,1,1,3
3,1,9,0,9,0,8,0,0,0,0,4,1,6,2,65,9,1796,1,10,1,1,2,532180,175520,1,2,1,2,9,5,0,6,30,3,4,6,0,0,0,1,1,1,0,0,1,1,1,1,1,33,6,3,0,0,0,0,0,9,1,5
3,1,9,0,5,0,1,0,0,0,0,4,1,6,3,38,7,1598,1,8,1,1,1,652842,307384,36,1,1,4,402,5,612,6,30,6,2,6,0,0,0,1,1,1,0,0,1,2,1,3,1,24,5,3,5,2,0,0,0,0,1,1
3,1,9,0,9,0,8,0,0,0,0,1,1,6,2,24,5,1388,1,3,1,1,2,417138,428864,13,2,1,5,200,6,0,6,30,3,4,1,606,0,0,1,1,1,0,0,1,1,1,1,1,33,6,3,0,0,0,0,0,9,1,5
2,1,9,0,5,8,2,0,0,0,0,2,1,1,1,23,5,1198,1,1,1,1,2,534747,103095,47,2,1,6,565,3,259,6,50,3,4,6,0,0,0,1,1,1,0,0,2,1,1,1,1,33,6,3,0,0,0,0,0,9,1,5
3,3,9,0,3,0,0,0,0,0,0,2,1,1,2,27,6,2143,2,4,2,2,3,177523,38459,50,3,2,6,596,3,39,6,30,0,4,6,0,0,0,1,1,1,0,0,2,1,1,1,2,27,6,3,0,0,0,0,0,9,2,5
3,1,9,0,18,0,0,0,4,0,0,1,1,6,1,38,7,1796,1,13,1,1,2,520870,296290,35,2,1,7,394,6,0,6,30,0,4,6,0,0,0,6,1,1,0,0,1,1,1,2,1,19,4,3,0,0,1,0,0,9,1,7
3,1,9,0,5,0,4,0,0,0,0,1,1,6,2,71,10,1389,1,13,1,1,2,619421,243001,37,2,1,2,412,3,1156,1,30,1,4,3,1189,0,4,1,1,1,0,0,1,1,1,1,2,71,10,3,0,0,0,0,0,9,1,7
3,2,9,0,3,0,2,0,0,0,0,4,1,6,3,38,7,1968,2,7,1,1,2,528950,184720,1,2,1,4,2,3,400,6,30,3,2,5,0,0,5,4,1,2,0,0,1,2,1,1,1,33,6,3,0,0,0,0,0,9,1,5
2,1,9,0,18,0,1,0,10,0,0,1,1,6,1,32,6,1124,1,12,1,7,2,524675,136714,47,2,7,6,560,6,0,6,30,3,4,6,0,0,0,4,1,2,0,0,1,1,2,2,2,28,6,3,0,0,1,0,0,9,1,4
3,2,19,0,18,0,1,0,0,0,0,2,1,1,1,23,5,1560,2,1,1,1,3,507187,122801,47,3,1,4,562,3,29,9,60,8,4,6,0,0,0,1,1,1,0,0,2,2,1,1,1,33,6,3,0,0,0,0,0,9,1,5
3,1,9,0,18,0,1,0,0,0,0,1,1,6,2,25,5,1560,2,2,1,1,2,399010,289630,20,2,1,4,305,6,0,6,30,3,4,6,0,0,1,1,1,1,0,0,1,2,1,1,1,33,6,3,0,0,0,0,0,9,1,5
3,2,9,0,18,0,8,0,0,0,0,2,1,6,1,58,9,1998,2,9,1,1,2,262361,652033,97,2,1,4,938,6,0,6,30,3,4,6,0,0,0,1,1,1,0,0,1,1,1,1,1,58,9,3,0,0,0,0,0,9,1,5
2,1,9,0,9,0,6,0,0,0,0,3,1,6,1,78,11,1498,1,1,1,1,2,392010,293320,20,2,1,3,303,3,459,6,30,3,4,6,0,0,0,1,1,1,0,0,1,1,1,1,1,33,6,3,0,0,0,0,0,9,1,5
3,2,9,0,17,0,0,0,0,0,0,4,1,1,1,53,8,1598,2,4,1,1,2,447332,242034,43,2,1,1,481,3,361,6,60,0,4,6,0,0,0,6,1,2,0,0,2,1,1,1,1,53,8,3,0,0,0,0,0,9,1,7
3,2,8,0,18,0,8,0,0,0,0,1,1,1,1,56,9,995,1,5,1,2,2,383270,398930,6,2,2,3,107,3,6042,3,30,6,2,3,6041,0,5,1,1,1,0,0,1,1,1,1,1,56,9,3,0,0,0,0,0,8,1,1
3,1,9,0,9,0,2,1,0,0,0,1,1,6,1,50,8,2967,2,3,3,2,1,532840,181560,48,1,2,2,570,6,0,6,20,3,4,6,0,0,4,1,2,2,0,0,1,1,2,3,2,4,1,3,1,3,0,0,0,0,1,6
3,2,9,0,9,0,8,0,0,0,0,3,1,6,1,23,5,1896,2,10,1,1,2,509928,436229,16,2,1,1,228,6,0,6,30,8,4,6,0,0,0,1,1,1,0,0,1,2,1,1,1,33,6,3,0,0,0,0,0,9,1,5
3,1,4,0,18,0,1,0,0,0,0,1,1,6,1,38,7,1598,1,8,1,2,2,496063,182001,43,2,2,6,473,6,7302,6,30,3,4,3,335,0,0,1,1,1,0,0,1,2,1,1,1,33,6,3,0,0,0,0,0,9,1,5
3,2,9,0,16,0,0,0,0,0,0,1,1,6,2,21,5,1149,1,9,1,5,2,412751,311297,21,2,5,1,252,6,200,6,60,0,4,6,0,0,0,1,5,2,0,0,2,1,2,1,2,21,5,3,0,0,0,0,0,9,1,4
3,2,3,0,18,0,2,0,0,0,0,1,1,6,1,16,4,1598,1,8,1,1,2,555070,191940,1,2,1,1,15,6,0,6,30,3,4,6,0,0,0,1,1,1,0,0,1,2,1,1,1,16,4,3,0,0,0,0,0,3,1,5
1,2,9,4,17,0,0,3,0,1,10,1,1,6,1,69,10,2495,2,10,3,3,2,521217,432282,16,2,3,1,231,6,0,6,60,0,4,6,0,0,0,1,1,1,0,0,2,1,2,1,1,69,10,3,0,0,0,0,0,9,3,5
3,2,9,0,9,0,8,0,0,0,0,4,1,6,2,29,6,1968,2,7,1,1,2,525310,174100,1,2,1,3,10,3,218,6,30,3,4,3,218,0,0,1,1,1,0,0,1,1,1,1,1,33,6,3,0,0,0,0,0,9,1,5
3,1,9,0,9,0,1,0,0,0,0,1,1,6,1,29,6,1598,1,12,1,2,2,207721,65700,50,2,2,5,596,4,3268,6,30,3,4,6,0,0,0,4,2,2,0,0,1,1,1,1,1,33,6,3,0,0,0,0,0,9,1,5
2,1,9,0,6,0,0,0,0,0,0,3,1,6,2,54,8,1598,1,10,1,1,2,625428,306171,36,2,1,3,406,5,577,6,60,0,4,6,0,0,0,1,1,1,0,0,2,1,1,1,1,33,6,3,0,0,0,0,0,9,1,5
3,1,9,0,3,0,8,0,0,0,0,2,1,6,2,46,8,2148,2,10,1,3,3,532380,166940,1,3,3,1,20,3,213,6,30,3,4,6,0,0,1,1,1,1,0,0,1,1,1,1,2,46,8,3,0,0,0,0,0,9,1,2
3,2,11,0,18,0,1,0,0,0,0,1,1,1,1,51,8,4250,2,15,2,5,2,210365,54582,50,2,5,5,596,6,0,6,60,3,4,4,3269,0,0,1,7,2,0,0,2,1,5,2,1,54,8,3,0,0,0,4,0,11,2,6
2,1,9,0,4,0,1,0,0,0,0,3,1,1,1,24,5,1598,1,8,1,1,2,464845,99055,44,2,1,6,498,4,2154,6,30,3,4,6,0,0,0,1,1,1,0,0,1,1,1,1,1,33,6,3,0,0,0,0,0,9,1,5
2,2,11,0,3,0,2,0,0,0,0,2,1,6,1,48,8,9000,2,6,1,34,3,530908,104300,47,3,34,2,565,6,0,6,30,3,2,6,0,0,4,1,1,1,0,0,1,1,25,2,1,36,7,3,0,0,0,4,0,11,3,7
2,4,9,0,17,0,0,0,0,0,0,1,1,3,2,39,7,1360,1,5,1,13,4,445580,375070,30,4,13,2,322,4,6419,6,50,0,4,6,0,0,0,1,1,1,0,0,2,1,11,2,1,36,7,3,0,0,1,0,0,9,1,5
3,1,11,0,9,0,2,0,4,0,0,4,1,1,3,38,7,8268,2,12,1,2,1,508690,178810,1,1,2,6,26,6,0,6,30,3,4,6,0,0,0,1,1,1,0,0,1,1,2,3,1,38,7,3,9,9,0,0,2,0,1,4
3,4,9,0,4,0,0,0,0,0,0,2,1,6,1,61,9,1598,1,8,2,1,4,302641,185024,62,4,1,4,744,3,4119,6,50,0,4,6,0,0,0,1,1,1,0,0,2,1,1,1,1,33,6,3,0,0,0,0,0,9,1,5
3,3,9,0,2,0,0,0,0,0,0,3,1,6,1,38,7,1870,2,9,1,1,3,390010,299460,20,3,1,1,309,6,0,6,30,0,4,6,0,0,0,1,1,1,0,0,1,1,1,1,1,33,6,3,0,0,0,0,0,9,1,5
3,2,8,0,18,0,6,0,0,0,0,1,1,1,1,41,7,1968,2,3,1,4,2,434425,387156,14,2,4,1,215,3,61,3,40,6,2,6,0,0,0,1,1,1,0,0,1,1,2,1,1,41,7,3,0,0,0,0,0,8,1,1
3,1,21,1,18,0,3,0,0,0,0,4,1,1,1,35,6,1598,1,8,1,1,1,435462,398082,14,1,1,1,210,3,616,1,60,1,4,5,667,0,0,1,5,2,0,0,2,1,1,1,1,35,6,3,0,0,0,0,0,21,1,5
3,1,11,0,4,0,1,0,0,0,0,0,1,1,1,36,7,8970,2,12,1,2,1,424802,562350,10,1,2,3,146,4,1426,6,30,3,2,5,326,0,0,1,1,1,0,0,1,2,1,2,2,25,5,3,0,0,0,4,0,11,1,5
3,2,9,0,3,0,0,0,0,0,0,2,1,6,1,23,5,2000,1,15,1,1,2,484543,148756,45,2,1,1,517,3,3016,6,30,0,4,6,0,0,0,1,1,1,0,0,1,1,1,1,1,33,6,3,0,0,0,0,0,9,1,5
3,1,21,1,18,0,0,0,0,0,0,2,2,1,1,42,7,1598,1,8,1,1,3,505008,223669,40,3,1,6,421,1,1,3,70,0,4,6,0,0,0,1,1,1,0,0,1,1,1,1,1,33,6,3,0,0,0,0,0,9,1,5
3,2,9,0,7,0,0,0,0,0,0,4,1,2,1,24,5,2000,1,9,1,1,2,512970,180360,1,2,1,7,27,3,4020,6,30,0,4,6,0,0,4,1,2,2,0,0,1,1,1,1,1,33,6,3,0,0,0,0,0,9,1,5
3,2,9,0,18,0,0,0,0,0,0,3,1,6,1,54,8,1998,1,10,1,1,2,542830,176710,1,2,1,1,6,3,205,6,30,0,4,6,0,0,0,1,8,2,0,0,1,1,1,1,1,33,6,3,0,0,0,0,0,9,1,5
3,2,5,0,11,0,5,1,0,0,0,4,1,2,1,33,6,645,1,7,1,1,2,574970,162400,46,2,1,3,542,1,2,7,70,5,4,3,229,0,0,1,1,2,0,0,1,1,1,1,1,33,6,3,0,0,0,0,0,5,1,5
3,1,9,0,9,0,4,0,0,0,0,4,1,1,1,27,6,2148,2,11,1,1,2,571800,170650,46,2,1,4,535,3,226,1,40,1,4,3,289,0,0,1,1,1,0,0,2,1,1,1,1,33,6,3,0,0,0,0,0,9,1,5
3,2,9,0,18,0,8,1,0,7,9,4,1,6,1,47,8,1997,2,12,3,3,2,602925,263663,37,2,3,2,413,5,563,6,60,3,4,6,0,0,0,6,5,2,0,0,2,1,3,2,1,19,4,3,0,0,1,0,0,9,3,7
3,2,9,0,3,0,0,0,0,0,0,2,1,2,1,36,7,1968,2,12,1,2,2,415769,434182,13,2,2,4,200,3,650,6,30,0,4,6,0,0,0,4,3,2,0,0,1,2,1,1,1,36,7,3,0,0,0,0,0,9,1,3
3,2,9,0,9,0,1,0,0,0,0,3,1,6,2,35,6,1086,1,11,1,1,2,518040,189910,1,2,1,4,29,5,0,6,30,9,4,6,0,0,0,1,1,1,0,0,1,1,1,1,2,35,6,3,0,0,0,0,0,9,1,6
2,1,20,0,17,0,2,1,0,7,4,1,1,6,2,32,6,1598,1,8,1,1,1,376810,405800,6,1,1,7,101,3,667,6,40,3,4,6,0,0,0,1,1,2,0,0,2,1,1,1,2,32,6,2,0,0,0,0,0,20,1,2
2,3,5,0,15,0,1,2,0,0,0,1,1,2,1,29,6,645,1,16,1,1,3,291133,84727,50,3,1,6,585,3,38,3,70,9,4,3,380,0,0,1,2,2,0,0,2,1,1,1,1,29,6,2,0,0,0,0,0,5,1,4
3,1,9,0,16,0,0,5,0,1,11,1,1,6,2,18,4,1199,1,13,1,1,1,306374,821744,91,1,1,1,927,3,939,6,60,0,4,6,0,0,0,1,1,1,0,7,2,1,1,1,2,18,4,3,0,0,0,0,0,9,3,5
3,1,9,0,9,0,5,0,0,7,1,3,1,6,1,59,9,2967,2,4,2,3,2,381652,155288,54,2,3,7,635,4,3109,6,60,6,4,6,0,0,0,1,1,1,0,0,2,1,1,1,1,33,6,3,0,0,0,0,0,9,1,5
3,1,9,0,16,0,0,0,0,1,4,1,1,6,2,20,4,1198,1,7,1,1,1,483230,166821,43,1,1,4,475,6,7516,6,60,0,4,6,0,0,0,1,2,2,0,0,2,1,1,1,2,20,4,3,0,0,0,0,0,9,1,5
3,1,9,0,18,0,0,1,0,5,6,3,1,6,2,38,7,2993,2,6,1,4,1,574210,158240,46,1,4,5,542,1,20,3,70,0,4,6,0,0,0,4,2,2,0,0,2,1,1,1,2,38,7,3,0,0,0,0,0,9,1,4
3,2,1,0,5,0,2,0,0,0,0,3,1,6,1,38,7,1598,1,8,1,1,2,514212,432313,16,2,1,2,228,6,0,6,30,3,4,6,0,0,0,1,7,2,0,0,1,2,1,1,1,38,7,3,0,0,0,0,0,1,1,1
3,2,9,0,18,0,8,0,0,0,0,1,1,6,1,63,9,2179,2,2,2,1,3,597364,317251,36,3,1,7,400,4,1146,6,30,6,4,5,223,0,0,1,1,1,0,0,2,1,1,2,2,65,9,3,0,0,1,0,0,9,2,7
3,1,19,0,18,0,0,0,0,0,0,1,1,6,1,22,5,2198,2,2,1,2,3,538230,184900,1,3,2,7,17,6,0,6,30,0,4,6,0,0,5,1,1,1,0,0,2,1,1,1,1,33,6,3,0,0,0,0,0,9,1,5
3,2,9,0,3,0,2,0,0,0,0,2,1,6,1,53,8,1797,8,5,1,1,2,535750,178860,1,2,1,5,8,3,200,2,30,3,4,3,200,0,0,1,2,2,0,0,1,1,1,1,1,53,8,3,0,0,0,0,0,9,1,8
3,2,9,0,9,0,8,0,0,0,0,1,1,6,1,38,7,1560,2,1,1,1,2,512439,432349,16,2,1,5,228,6,0,6,30,3,4,6,0,0,0,1,1,1,0,0,1,2,1,1,1,33,6,3,0,0,0,0,0,9,1,5
3,2,19,0,18,0,8,0,0,0,0,4,1,6,1,58,9,1598,1,8,3,1,2,440939,112470,44,2,1,3,500,3,3057,6,30,6,4,6,0,0,4,4,2,2,0,0,1,1,1,1,1,33,6,3,0,0,0,0,0,9,1,5
1,1,19,0,5,0,6,0,0,0,0,3,1,1,1,59,9,2402,2,7,1,1,2,338206,394531,5,2,1,6,91,3,580,3,30,6,4,4,5187,0,0,1,1,1,0,0,1,1,1,1,1,33,6,3,0,0,0,0,0,9,1,5
3,1,3,0,12,0,1,0,0,0,0,1,1,6,1,23,5,124,1,8,1,1,2,486591,239079,43,2,1,4,479,5,146,3,70,1,4,6,1069,0,0,1,1,1,0,0,2,1,1,1,1,23,5,3,0,0,0,0,0,3,1,3
2,1,9,0,7,0,1,0,0,0,0,4,1,6,1,27,6,1598,1,6,1,1,2,535250,195630,1,2,1,2,32,3,1010,6,30,3,4,6,0,0,0,4,1,1,0,0,1,1,1,1,1,33,6,3,0,0,0,0,0,9,1,5
3,1,9,0,18,0,8,0,0,0,0,3,1,6,1,40,7,1599,1,10,1,1,2,532210,164360,1,2,1,3,20,4,275,6,30,6,4,6,0,0,0,1,1,1,0,0,1,1,1,1,1,40,7,3,0,0,0,0,0,9,1,4
2,1,9,0,18,0,0,0,0,0,0,1,1,3,1,44,7,1598,1,8,1,1,1,397560,356290,21,1,1,6,256,6,291,6,30,0,4,6,0,0,0,1,1,1,0,0,1,1,1,3,1,10,2,2,5,4,0,0,0,0,1,4
3,1,9,0,18,0,0,1,0,7,11,1,1,6,1,27,6,1598,1,8,1,1,1,330916,385781,5,1,1,7,95,6,0,6,30,0,4,6,0,0,0,4,1,1,0,0,1,1,1,1,1,27,6,3,0,0,0,0,0,9,1,9
3,1,21,1,11,0,0,0,0,0,0,4,1,1,1,55,8,12580,2,9,1,1,3,444831,523033,17,3,1,2,245,3,19,3,70,0,4,6,0,0,0,6,1,2,0,0,2,1,1,1,1,33,6,3,0,0,0,0,0,9,1,5
3,1,90,0,9,0,6,0,0,0,0,1,1,1,1,41,7,1598,1,8,1,1,2,434840,335890,30,2,1,3,323,3,601,6,30,3,4,6,0,0,0,1,1,2,0,0,1,1,1,1,1,33,6,3,0,0,0,0,0,9,1,5
3,1,9,0,4,0,1,0,0,0,0,1,1,2,2,19,4,1598,1,8,1,1,1,464968,98862,44,1,1,5,498,6,0,6,20,3,4,6,0,0,0,1,1,1,0,0,1,1,1,1,2,19,4,3,0,0,0,0,0,9,1,4
3,1,9,0,16,0,0,2,0,2,0,4,1,6,1,27,6,1199,1,11,1,1,1,390189,572552,10,1,1,6,139,4,6320,6,60,0,4,6,0,0,0,1,2,2,0,0,2,1,1,1,1,27,6,3,0,0,0,0,0,9,1,3
3,2,1,0,18,0,1,0,0,0,0,4,1,6,2,42,7,1598,1,8,1,1,2,509143,196134,41,2,1,5,437,3,412,6,30,8,4,6,174,0,0,1,1,1,0,0,1,1,1,1,2,42,7,3,0,0,0,0,0,1,1,7
3,1,19,0,18,0,1,0,0,3,0,1,1,1,1,60,9,2198,2,1,1,1,2,526845,106915,47,2,1,5,565,6,0,6,30,6,4,6,0,0,0,1,1,1,0,0,1,1,1,1,1,33,6,3,0,0,0,0,0,9,1,5
3,2,9,0,18,0,0,0,0,0,0,0,1,6,3,30,6,1598,1,8,1,1,2,531415,104860,47,2,1,6,565,3,23,6,20,0,4,6,0,0,1,4,1,1,0,0,1,1,1,1,1,33,6,3,0,0,0,0,0,9,1,5
3,1,1,0,14,0,1,0,0,0,0,1,1,6,1,50,8,1598,1,8,1,1,2,512710,179190,1,2,1,3,27,6,0,6,30,3,4,6,0,0,0,1,1,1,0,0,1,1,1,1,1,50,8,3,0,0,0,0,0,1,1,2
3,2,9,0,18,0,0,0,0,0,0,1,1,6,2,18,4,998,1,22,1,3,4,527535,147790,45,4,3,1,513,3,2044,6,40,0,4,6,0,0,0,4,7,2,0,0,1,1,1,1,1,33,6,3,0,0,0,0,0,9,1,5
3,3,9,0,4,0,0,0,0,0,0,2,1,2,1,24,5,1560,2,2,1,2,5,422785,109236,44,5,2,3,496,3,31,3,70,0,4,6,0,0,0,5,1,1,0,0,2,1,1,1,1,33,6,3,0,0,0,0,0,9,1,5
3,2,9,0,10,0,1,0,0,0,0,2,1,6,1,45,7,1910,2,7,1,1,2,635730,171290,46,2,1,5,541,4,2051,6,30,9,4,6,0,0,0,1,1,1,0,0,1,1,1,1,1,33,6,3,0,0,0,0,0,9,1,5
3,1,1,0,18,0,2,0,0,0,0,1,1,6,1,62,9,1598,1,8,1,1,1,581090,149210,46,1,1,1,536,3,274,6,30,6,4,6,0,0,0,1,1,2,0,0,2,1,1,1,1,62,9,3,0,0,0,0,0,1,1,2
3,1,2,0,18,0,8,0,0,0,0,1,1,6,1,16,4,49,1,10,1,1,2,515800,172880,1,2,1,1,24,6,0,6,30,3,4,6,0,0,0,1,1,1,0,0,1,1,1,1,1,16,4,3,0,0,0,0,0,2,1,5
3,2,9,0,18,0,0,0,0,0,0,2,1,6,2,38,7,1997,2,5,1,1,4,503726,178291,43,4,1,5,473,1,4,3,70,0,4,6,0,0,0,1,1,1,0,0,2,1,1,1,1,33,6,3,0,0,0,0,0,9,1,5
3,4,9,0,2,0,0,0,0,0,0,3,1,6,3,38,7,1360,1,12,1,1,4,595020,163190,46,4,1,7,540,6,2821,6,60,0,4,6,0,0,0,4,1,1,0,0,2,1,1,1,1,33,6,3,0,0,0,0,0,9,1,5
3,3,9,0,18,0,0,0,0,0,0,3,1,6,1,55,8,1686,2,4,1,1,3,546210,164480,1,3,1,7,19,6,0,6,30,0,4,6,0,0,0,1,1,1,0,0,1,1,1,1,1,33,6,3,0,0,0,0,0,9,1,5
2,1,9,0,18,0,8,0,0,0,0,1,1,6,2,34,6,1598,1,8,1,3,2,347120,463370,4,2,3,5,76,6,0,6,20,6,4,6,0,0,0,1,1,1,0,0,1,1,3,2,2,11,3,2,0,0,1,0,0,9,1,1
3,1,9,0,9,0,6,0,0,0,0,1,1,6,2,19,4,1124,1,12,1,1,2,406054,92307,55,2,1,4,643,6,0,6,30,3,4,6,0,0,0,4,1,1,0,0,1,1,1,1,2,19,4,3,0,0,0,0,0,9,1,5
3,1,9,0,18,0,0,0,0,0,0,2,1,3,2,34,6,1598,1,8,3,1,2,242730,221070,63,2,1,2,751,6,0,2,30,0,4,6,0,0,0,1,1,1,0,0,1,2,1,1,1,33,6,3,0,0,0,0,0,9,1,5
3,2,9,0,4,0,1,0,0,0,0,2,1,6,2,37,7,1968,2,9,1,2,2,518390,295040,35,2,2,2,394,3,15,1,50,1,4,3,1260,0,0,1,1,1,0,0,2,2,2,2,1,37,7,3,0,0,1,0,0,9,1,4
3,2,9,0,4,0,0,0,0,0,0,2,1,1,1,51,8,1461,2,8,1,1,2,375820,403620,6,2,1,5,107,1,61,3,70,0,4,6,0,0,0,1,2,2,0,0,2,1,1,1,1,33,6,3,0,0,0,0,0,9,1,5
3,1,9,0,3,0,1,0,0,0,0,2,1,6,1,33,6,1984,1,2,1,5,2,537140,183400,1,2,5,7,5,4,142,6,30,2,4,4,142,0,1,1,1,1,0,0,1,2,4,2,1,2,1,3,0,0,2,0,0,9,1,2
2,2,9,0,9,0,6,0,0,1,10,3,1,6,2,62,9,2204,2,9,3,2,2,355727,124387,52,2,2,7,610,4,3151,9,30,6,4,6,0,0,1,1,1,1,0,0,2,2,2,1,2,62,9,2,0,0,0,0,0,9,3,6
3,3,9,0,2,9,1,0,0,0,0,1,1,6,1,27,6,1994,2,12,1,2,3,370250,354791,7,3,2,6,129,6,0,6,30,3,4,6,0,0,0,1,1,1,0,0,1,1,2,1,1,27,6,3,0,0,0,0,0,9,1,6
3,2,9,0,18,0,0,0,0,0,0,4,1,6,2,24,5,1598,1,2,3,1,2,381460,432120,4,2,1,5,72,3,646,6,30,0,4,6,0,0,0,1,1,2,0,0,1,1,1,1,2,24,5,3,0,0,0,0,0,9,3,3
3,1,9,0,18,0,1,0,0,0,0,1,1,6,2,33,6,1896,2,8,1,1,2,485662,159787,45,2,1,7,515,6,3425,3,30,3,2,3,331,0,0,1,2,2,0,0,1,1,1,1,1,33,6,3,0,0,0,0,0,9,1,5
3,2,9,0,18,0,0,0,0,0,0,3,1,6,1,61,9,1995,2,11,1,3,2,420838,434753,13,2,3,7,204,3,6120,6,60,0,4,6,0,0,0,4,1,2,0,0,2,1,2,2,1,64,9,3,0,0,1,0,0,9,1,5
3,3,9,0,18,0,0,0,0,0,0,2,1,6,3,22,5,998,1,1,1,1,4,536630,185050,1,4,1,1,4,3,12,3,50,0,4,6,0,0,0,4,1,1,0,0,1,1,1,1,1,33,6,3,0,0,0,0,0,9,1,5