accident_severity,vehicle_reference,vehicle_type,towing_and_articulation,vehicle_manoeuvre,vehicle_location-restricted_lane,junction_location,skidding_and_overturning,hit_object_in_carriageway,vehicle_leaving_carriageway,hit_object_off_carriageway,1st_point_of_impact,was_vehicle_left_hand_drive?,journey_purpose_of_driver,sex_of_driver,age_of_driver,age_band_of_driver,engine_capacity_(cc),propulsion_code,age_of_vehicle,driver_home_area_type,NUmber_of_Casualities_unique_to_accident_index,No_of_Vehicles_involved_unique_to_accident_index,location_easting_osgr,location_northing_osgr,police_force,number_of_vehicles,number_of_casualties,day_of_week,local_authority_(district),1st_road_class,1st_road_number,road_type,speed_limit,junction_detail,junction_control,2nd_road_class,2nd_road_number,pedestrian_crossing-human_control,pedestrian_crossing-physical_facilities,light_conditions,weather_conditions,road_surface_conditions,special_conditions_at_site,carriageway_hazards,urban_or_rural_area,did_police_officer_attend_scene_of_accident,casualty_reference,casualty_class,sex_of_casualty,age_of_casualty,age_band_of_casualty,casualty_severity,pedestrian_location,pedestrian_movement,car_passenger,bus_or_coach_passenger,pedestrian_road_maintenance_worker,casualty_type,casualty_home_area_type,casualty_imd_decile
3,3,9,0,18,0,0,0,0,0,0,1,1,1,1,30,6,1299,1,14,1,2,3,453434,407671,14,3,2,5,211,3,638,3,40,0,4,6,0,0,4,4,1,1,0,0,1,1,1,1,1,33,6,3,0,0,0,0,0,9,1,5
3,2,9,0,18,0,1,0,0,0,0,1,1,1,1,40,7,1598,1,7,3,2,2,561030,152250,46,2,2,3,542,5,38,6,60,6,4,6,0,0,0,6,1,2,0,0,2,1,2,1,1,40,7,3,0,0,0,0,0,9,3,7
3,1,9,0,2,0,0,0,0,0,0,3,1,6,2,63,9,1598,1,8,1,1,2,546180,175900,1,2,1,7,18,3,207,6,30,0,4,6,0,0,0,1,1,1,0,0,1,1,1,1,1,33,6,3,0,0,0,0,0,9,1,5
3,2,9,0,10,0,1,0,0,0,0,2,1,6,1,49,8,2597,1,15,1,2,2,587022,186046,42,2,2,1,460,3,13,6,30,3,4,6,0,0,5,1,1,1,0,0,1,2,1,1,1,49,8,3,0,0,0,0,0,9,1,4
2,1,9,0,18,0,0,0,0,0,0,1,1,6,1,30,6,1584,1,9,1,1,2,386080,159790,54,2,1,6,635,6,0,6,30,0,4,6,0,0,0,1,1,2,0,0,1,2,1,1,1,33,6,3,0,0,0,0,0,9,1,5
3,2,9,0,18,0,8,0,0,0,0,3,1,2,1,32,6,1840,1,16,1,1,2,487845,182157,43,2,1,5,474,3,308,6,30,6,4,6,7408,0,0,1,1,1,0,0,1,1,1,1,1,32,6,3,0,0,0,0,0,9,1,5
3,2,9,0,18,0,1,0,0,0,0,1,1,6,1,56,9,1781,1,12,1,1,2,519954,411442,16,2,1,3,233,6,0,6,30,3,4,6,0,0,0,1,1,1,0,0,2,1,1,1,1,33,6,3,0,0,0,0,0,9,1,5
3,1,9,0,9,0,8,1,0,0,0,4,1,6,1,20,4,1364,1,6,3,1,2,533269,395935,32,2,1,7,351,5,645,6,60,6,4,6,0,0,0,1,1,1,0,0,2,1,1,1,1,33,6,3,0,0,0,0,0,9,1,5
3,1,9,0,18,0,0,1,0,0,0,1,1,1,2,51,8,1396,1,15,2,1,2,350450,467880,4,2,1,6,76,6,0,6,60,0,4,6,0,0,0,1,1,2,0,0,2,1,1,1,2,51,8,3,0,0,0,0,0,9,2,3
3,1,9,0,3,0,0,0,0,0,0,1,1,6,2,34,6,1995,2,10,2,3,4,249711,627473,97,4,3,5,919,3,76,6,30,0,4,6,0,0,0,1,1,1,0,0,2,1,3,1,2,34,6,3,0,0,0,0,0,9,2,5
3,1,9,0,17,0,0,2,0,7,10,1,1,2,1,23,5,1595,1,17,3,2,1,407387,139842,54,1,2,1,635,4,3083,6,60,0,4,6,0,0,0,6,1,1,0,0,2,1,1,1,1,23,5,3,0,0,0,0,0,9,3,6
3,1,9,0,9,0,8,0,0,0,0,1,1,1,2,35,6,1242,1,8,1,1,2,534280,187480,1,2,1,4,4,3,107,6,30,3,4,6,0,0,0,1,1,1,0,0,1,1,1,1,2,35,6,3,0,0,0,0,0,9,1,10
3,2,9,0,18,0,0,0,0,0,0,2,1,6,1,25,5,1364,1,8,1,2,2,249219,54450,50,2,2,7,583,6,0,6,30,0,4,6,0,0,0,4,1,1,0,0,1,1,1,1,1,33,6,3,0,0,0,0,0,9,1,5
3,1,8,0,18,0,5,0,0,0,0,0,1,1,1,64,9,1560,2,7,1,2,2,343560,464390,4,2,2,6,76,6,0,2,20,9,4,6,0,0,0,1,1,1,0,0,1,1,2,2,2,24,5,3,0,0,2,0,0,8,1,1
3,2,1,0,18,0,1,0,0,0,0,1,1,6,1,15,3,1598,1,8,1,1,2,443036,115801,44,2,1,2,500,6,0,6,30,3,4,6,0,0,0,1,2,2,0,0,1,1,1,1,1,15,3,3,0,0,0,0,0,1,1,1
1,1,9,0,18,0,0,0,0,0,0,1,1,6,1,42,7,1598,1,8,1,1,1,323344,341817,60,1,1,6,723,3,5,6,60,0,4,6,0,0,0,6,5,2,0,0,2,1,1,3,2,18,4,1,10,9,0,0,0,0,1,5
3,1,21,0,4,0,0,0,0,0,0,1,1,1,1,44,7,10837,2,7,1,1,3,541960,187990,1,3,1,2,14,3,406,3,50,0,4,6,0,0,0,1,1,1,0,0,2,1,1,1,1,33,6,3,0,0,0,0,0,9,1,5
3,2,9,0,18,0,8,0,0,0,0,1,1,6,2,38,7,1299,1,8,1,1,3,459715,301825,33,3,1,7,364,6,390,6,30,6,4,6,2500,0,0,4,2,2,0,0,1,1,1,1,1,33,6,3,0,0,0,0,0,9,1,5
3,1,9,0,16,0,0,1,0,0,0,1,1,2,1,64,9,1299,1,14,3,3,2,516741,254673,40,2,3,4,424,5,54,6,60,0,4,6,0,0,0,1,1,2,0,0,2,1,1,1,1,64,9,3,0,0,0,0,0,9,3,6
3,1,9,0,9,0,8,0,0,0,0,3,1,1,1,34,6,1598,1,8,1,1,2,574071,203441,42,2,1,3,454,3,130,1,70,1,4,3,12,0,0,4,1,2,0,0,2,1,1,1,1,33,6,3,0,0,0,0,0,9,1,5
3,1,98,0,16,0,0,0,0,0,0,4,2,6,1,24,5,1598,1,8,1,1,3,287885,312813,60,3,1,7,722,3,458,6,60,0,4,6,0,0,0,1,5,2,5,0,2,1,1,1,1,33,6,3,0,0,0,0,0,9,1,5
3,2,21,1,18,0,0,0,0,0,0,4,1,1,1,52,8,12900,2,4,3,1,3,445330,365750,30,3,1,2,327,1,1,3,70,0,4,6,0,0,0,6,1,1,4,2,2,1,1,1,1,33,6,3,0,0,0,0,0,9,1,5
3,1,19,0,18,0,0,0,0,0,6,3,1,2,1,57,9,1598,1,8,1,3,1,431320,538199,11,1,3,1,169,2,1,3,70,0,4,6,0,0,0,1,1,1,0,0,2,1,2,2,1,45,7,3,0,0,0,0,0,19,1,5
3,1,9,0,15,0,8,0,0,0,0,4,1,6,1,38,7,1598,1,8,1,1,2,495962,269950,34,2,1,7,382,3,6,1,60,1,4,3,6,0,0,1,1,1,0,0,2,1,1,1,1,33,6,3,0,0,0,0,0,9,1,5
3,1,9,0,9,0,6,0,0,0,0,1,1,6,1,42,7,2982,2,8,1,1,2,621723,309080,36,2,1,6,404,3,1074,6,30,3,4,6,0,0,0,4,1,2,0,0,1,2,1,1,1,33,6,3,0,0,0,0,0,9,1,5
3,2,9,0,18,0,0,0,0,0,0,1,1,1,1,59,9,1998,1,11,1,1,2,437605,405249,14,2,1,6,210,3,633,6,40,0,4,6,0,0,0,1,1,1,0,0,1,1,1,1,1,59,9,3,0,0,0,0,0,9,1,7
3,2,3,0,18,0,8,0,0,0,0,1,1,6,1,20,4,124,1,11,1,1,2,415869,129267,54,2,1,5,635,6,0,6,30,3,4,6,0,0,0,4,5,2,3,0,1,1,1,1,1,20,4,3,0,0,0,0,0,3,1,7
3,2,3,0,18,0,0,0,0,0,0,0,1,6,1,20,4,124,1,6,3,1,3,356058,116042,52,3,1,5,610,6,0,6,30,0,4,6,0,0,0,4,1,1,0,0,1,2,1,1,1,20,4,3,0,0,0,0,0,3,3,7
3,1,11,0,5,0,2,0,0,0,0,3,1,1,1,55,8,2148,2,6,1,1,2,336414,732186,93,2,1,4,918,3,90,3,50,9,4,6,0,0,0,4,2,2,0,0,1,1,1,1,1,33,6,3,0,0,0,0,0,9,1,5
3,2,19,0,17,0,0,0,0,0,0,1,1,6,3,38,7,1598,1,8,1,1,2,448811,93505,44,2,1,5,505,6,0,6,30,0,4,6,0,0,0,1,1,1,0,0,1,2,1,1,1,33,6,3,0,0,0,0,0,9,1,5
3,2,9,0,18,0,1,0,0,0,0,0,1,6,1,30,6,1598,1,8,1,1,2,514266,103431,47,2,1,6,564,6,0,6,30,3,4,6,0,0,0,1,1,1,0,0,1,2,1,1,1,33,6,3,0,0,0,0,0,9,1,5
3,1,9,0,18,0,4,0,0,0,0,0,1,6,3,38,7,1598,1,8,1,1,2,434593,557339,10,2,1,5,150,3,19,1,60,1,4,3,1231,0,0,1,1,1,0,0,2,2,1,1,1,33,6,3,0,0,0,0,0,9,1,5
3,1,9,0,1,9,2,0,0,0,0,2,1,6,1,24,5,2000,2,11,1,2,1,455354,340976,31,1,2,2,346,3,6130,6,30,3,4,6,0,0,5,1,1,1,0,0,1,1,1,3,1,34,6,3,6,9,0,0,0,0,1,5
3,2,9,0,9,0,6,0,0,0,0,1,1,6,2,46,8,1598,1,8,1,2,2,406270,293470,20,2,2,6,300,6,0,6,30,6,4,6,0,0,0,4,4,2,0,0,1,1,2,1,2,46,8,3,0,0,0,0,0,9,1,5
2,1,9,0,18,0,0,0,0,0,0,4,1,6,1,86,11,1360,1,5,2,1,2,462598,428482,12,2,1,3,187,3,1041,6,60,0,4,6,0,0,0,1,1,1,0,0,2,1,1,1,1,33,6,3,0,0,0,0,0,9,1,5
2,4,9,0,3,0,0,0,0,0,0,2,1,6,1,39,7,1124,1,15,1,1,4,483095,168804,43,4,1,3,475,3,329,6,30,0,4,6,0,0,0,4,1,2,0,0,1,1,1,1,1,33,6,3,0,0,0,0,0,9,1,5
3,1,9,0,16,0,2,0,10,1,4,1,1,2,2,43,7,1598,1,8,1,1,1,350470,258370,22,1,1,3,285,3,49,6,60,1,4,3,44,0,4,1,1,1,0,0,2,1,1,1,2,43,7,3,0,0,0,0,0,9,1,5
3,1,9,0,9,0,4,0,0,0,0,1,1,2,2,49,8,1968,2,6,1,1,2,532824,155644,45,2,1,3,516,6,1397,1,30,1,4,4,2031,0,8,1,1,1,0,0,1,1,1,1,1,33,6,3,0,0,0,0,0,9,1,5
2,1,9,0,17,0,0,2,0,2,4,4,1,6,1,21,5,1998,1,11,1,2,1,380935,157796,54,1,2,4,635,3,366,6,60,0,4,6,0,0,0,6,1,1,0,0,2,1,2,2,1,20,4,2,0,0,1,0,0,9,3,6
3,2,9,0,9,0,8,0,0,0,0,1,1,6,1,40,7,2143,12,1,1,1,2,534940,184730,1,2,1,4,4,3,107,6,30,3,4,6,0,0,0,1,1,1,0,0,1,1,1,1,1,33,6,3,0,0,0,0,0,9,1,5
2,2,3,0,18,0,8,0,0,0,0,1,1,6,1,19,4,124,1,5,1,2,2,370720,409730,6,2,2,1,100,4,6226,6,30,6,4,6,0,0,0,4,1,2,0,0,1,1,1,1,1,19,4,2,0,0,0,0,0,3,1,1
2,1,9,0,4,0,2,0,0,0,0,1,1,6,2,38,7,1598,1,8,1,1,2,411752,183856,54,2,1,3,633,6,0,6,30,3,4,6,0,0,0,5,1,1,0,0,1,2,1,1,1,33,6,3,0,0,0,0,0,9,1,5
3,2,19,0,6,0,0,0,0,0,0,1,1,6,1,29,6,1998,2,13,2,2,2,329990,335630,22,2,2,2,286,3,5,6,60,0,4,6,0,0,0,1,1,1,0,0,2,1,2,1,1,29,6,3,0,0,0,0,0,19,2,5
3,1,9,0,18,0,8,0,0,0,0,1,1,6,1,53,8,2198,1,13,1,1,2,527264,408602,16,2,1,2,233,4,1212,6,30,6,4,6,0,0,0,1,1,2,0,0,1,1,1,1,1,33,6,3,0,0,0,0,0,9,1,5
3,1,19,0,18,0,0,1,0,0,0,4,1,6,3,38,7,2287,2,1,1,1,1,464691,132762,44,1,1,3,497,6,0,6,60,0,4,6,0,0,0,1,1,1,7,0,2,2,1,3,2,21,5,3,9,8,0,0,0,0,3,8
3,1,9,0,16,0,0,1,0,1,0,2,1,1,2,27,6,998,1,9,1,1,1,508638,331103,32,1,1,4,355,3,15,6,60,0,4,6,0,0,0,1,2,2,0,0,2,1,1,1,2,27,6,3,0,0,0,0,0,9,1,1
3,1,9,0,18,0,1,0,0,0,0,1,1,6,3,38,7,1598,1,8,1,1,2,278582,382144,60,2,1,5,721,3,470,2,30,3,4,6,0,0,0,4,1,1,0,0,1,2,1,1,1,33,6,3,0,0,0,0,0,9,1,5
2,1,9,0,18,0,2,0,0,0,0,1,1,6,3,38,7,998,1,7,1,1,1,518150,184400,1,1,1,2,28,3,4089,6,30,3,4,6,0,0,1,4,2,2,0,0,1,1,1,3,2,31,6,2,1,1,0,0,2,0,1,3
3,2,9,0,18,0,8,0,0,0,0,1,1,6,2,30,6,1600,2,4,1,1,2,502300,172268,43,2,1,6,474,4,376,6,40,3,4,6,7416,0,0,4,1,1,0,0,1,2,1,1,2,30,6,3,0,0,0,0,0,9,1,10
3,1,19,0,18,0,8,0,0,0,0,2,1,6,1,40,7,2148,2,10,1,1,2,418285,426662,13,2,1,5,203,3,58,1,30,1,2,3,638,0,0,1,1,1,0,0,2,1,1,1,1,40,7,3,0,0,0,0,0,19,1,2
3,2,9,0,18,0,8,0,0,0,0,1,1,6,1,30,6,1197,1,2,1,1,2,416708,432726,13,2,1,6,200,6,0,3,30,6,2,6,0,0,0,4,2,2,0,0,1,1,1,1,1,33,6,3,0,0,0,0,0,9,1,5
3,1,9,0,17,0,4,0,9,0,0,3,1,6,1,22,5,1984,1,8,1,3,1,321010,670980,95,1,3,1,923,6,0,1,30,1,4,5,0,0,0,4,1,1,0,0,1,1,2,2,1,22,5,3,0,0,2,0,0,9,1,5
3,2,9,0,4,0,1,0,0,0,0,2,1,6,1,66,10,2993,2,8,1,1,2,408016,260368,23,2,1,6,293,3,435,6,40,9,4,6,0,0,0,1,2,2,0,0,2,1,1,1,1,66,10,3,0,0,0,0,0,9,1,8
3,1,9,0,9,0,8,0,0,0,0,1,1,6,1,28,6,2996,1,8,3,2,2,383280,398920,6,2,2,5,107,3,6042,3,30,6,2,3,6041,0,5,4,1,1,0,0,1,1,2,2,2,27,6,3,0,0,1,0,0,9,1,7
3,2,9,0,2,0,1,0,0,0,0,2,1,6,1,50,8,1968,2,4,1,1,2,386060,257100,22,2,1,1,276,6,0,6,30,3,4,6,0,0,0,1,1,2,0,0,1,1,1,1,1,33,6,3,0,0,0,0,0,9,1,5
3,3,9,0,4,0,0,0,0,0,0,2,1,6,1,75,10,1198,1,3,1,3,4,522254,199519,41,4,3,3,33,3,1,3,70,0,4,6,0,0,0,1,1,1,0,0,2,1,1,1,1,33,6,3,0,0,0,0,0,9,1,5
3,2,9,0,5,0,0,0,4,0,0,3,1,6,1,22,5,1390,1,4,1,3,4,518270,187180,1,4,3,2,28,5,0,6,30,0,4,6,0,0,0,4,2,2,0,0,1,1,2,1,1,22,5,3,0,0,0,0,0,9,1,8
3,2,9,0,18,0,1,0,0,0,0,1,1,1,2,37,7,1242,1,9,3,1,2,402628,203081,53,2,1,2,621,5,100,6,40,8,4,6,0,0,0,1,1,1,0,0,1,1,1,1,2,37,7,3,0,0,0,0,0,9,3,6
3,2,9,0,18,0,8,0,0,0,0,1,1,6,1,38,7,1796,1,14,1,1,2,513700,172950,1,2,1,6,24,5,0,6,30,6,2,4,358,0,5,4,1,1,0,0,1,2,1,1,1,33,6,3,0,0,0,0,0,9,1,5
3,2,9,0,18,0,0,0,0,0,0,2,1,6,2,53,8,4164,2,14,3,1,2,630500,144410,46,2,1,3,533,6,3041,6,30,0,4,6,0,0,0,1,1,1,0,0,1,1,1,1,1,33,6,3,0,0,0,0,0,9,1,5
3,2,1,0,18,0,8,0,0,0,0,1,1,6,1,44,7,1598,1,8,1,1,2,551410,183910,1,2,1,4,15,3,125,6,30,3,4,6,0,0,0,1,1,1,0,0,1,1,1,1,1,44,7,3,0,0,0,0,0,1,1,5
2,1,9,0,18,0,1,0,0,7,11,1,1,6,1,77,11,1796,1,10,2,2,1,487418,436123,16,1,2,4,231,6,0,6,60,3,4,6,0,0,0,1,1,1,0,0,2,1,1,1,1,77,11,2,0,0,0,0,0,9,2,9
3,2,9,0,9,0,8,0,0,0,0,4,1,6,1,36,7,1398,2,13,1,1,2,424717,423884,13,2,1,2,203,3,652,6,30,3,4,6,0,0,4,1,2,2,0,0,1,1,1,2,1,44,7,3,0,0,1,0,0,9,1,2
3,1,9,0,18,0,0,0,0,0,0,2,1,2,1,62,9,1598,1,8,1,1,2,316538,194934,61,2,1,3,731,3,472,6,60,0,4,6,0,0,0,1,1,1,0,0,2,1,1,1,1,33,6,3,0,0,0,0,0,9,1,5
3,1,2,0,18,0,1,0,0,0,0,1,1,6,3,38,7,1598,1,8,1,1,1,531530,186850,1,1,1,3,4,3,503,6,30,3,2,6,0,0,5,1,1,1,0,0,1,2,1,3,2,37,7,3,1,3,0,0,2,0,1,5
3,2,9,0,9,0,8,0,0,0,0,4,1,6,1,22,5,1242,1,2,1,1,2,543040,186070,1,2,1,5,17,3,118,6,30,8,4,6,0,0,0,4,1,1,0,0,1,1,1,1,1,33,6,3,0,0,0,0,0,9,1,5
2,1,9,0,18,0,0,0,0,0,0,1,1,6,1,49,8,1390,1,14,1,1,1,435822,389612,14,1,1,1,215,3,6135,6,30,0,4,6,0,0,4,1,2,2,0,0,1,1,1,3,2,79,11,2,1,1,0,0,0,0,1,2
3,1,9,0,5,0,1,0,0,0,0,4,1,6,1,18,4,1399,2,13,3,1,1,354590,429670,4,1,1,7,79,3,6,3,30,9,2,6,0,2,5,4,1,2,0,0,1,1,1,3,1,67,10,3,1,1,0,0,0,0,1,2
3,1,9,0,9,0,8,0,0,0,0,1,1,2,1,38,7,1968,2,7,1,1,1,532470,197550,1,1,1,6,32,6,0,6,30,3,4,6,0,0,0,4,2,2,0,0,1,1,1,3,2,27,6,3,5,1,0,0,2,0,1,3
3,1,9,0,16,0,1,0,0,1,0,1,1,6,1,59,9,1995,1,11,3,2,3,375313,368437,7,3,2,2,129,3,50,6,50,8,4,6,0,0,0,1,1,1,0,0,2,1,1,1,1,59,9,3,0,0,0,0,0,9,3,10
3,3,1,0,17,0,0,1,0,0,0,0,1,6,2,35,6,1598,1,8,1,3,3,514640,152096,45,3,3,1,512,6,2520,6,60,0,4,6,0,0,0,1,1,2,0,0,2,1,3,1,2,35,6,3,0,0,0,0,0,1,1,5
3,1,5,0,18,0,8,0,0,0,0,1,1,6,1,38,7,598,1,21,1,1,2,501853,224404,40,2,1,2,424,6,0,6,30,3,4,6,0,0,0,4,4,2,0,0,1,1,1,2,1,35,6,3,0,0,0,0,0,5,1,5
3,1,1,0,18,0,8,0,0,0,0,4,1,6,2,66,10,1598,1,8,1,1,2,544320,259460,35,2,1,3,390,3,1134,6,30,3,2,4,1049,0,5,1,1,1,0,0,1,2,1,1,2,66,10,3,0,0,0,0,0,1,1,10
2,1,9,0,14,0,0,0,0,0,0,1,1,6,2,43,7,1388,1,6,1,1,1,400121,170317,54,1,1,6,635,3,4,6,30,0,4,6,0,0,0,1,2,2,0,0,1,1,1,3,2,11,3,2,5,3,0,0,0,0,1,10
3,2,9,0,9,0,5,0,0,0,0,1,1,6,1,20,4,1399,2,4,3,2,2,581651,332631,36,2,2,7,407,4,1454,6,60,3,4,5,86,0,0,1,1,1,0,0,2,1,2,1,1,20,4,3,0,0,0,0,0,9,3,4
3,1,9,0,18,0,8,1,0,0,0,1,1,6,1,17,4,1198,1,13,1,2,2,393512,223654,53,2,2,2,620,3,4019,3,40,3,4,6,658,0,0,1,1,1,0,0,1,1,1,1,1,33,6,3,0,0,0,0,0,9,1,5
3,2,9,0,3,0,0,0,0,0,0,2,1,3,2,38,7,1998,1,11,3,1,2,415677,131619,54,2,1,5,635,3,30,6,40,0,4,6,0,0,0,1,1,2,0,0,1,1,1,1,2,38,7,3,0,0,0,0,0,9,3,7
3,2,9,0,18,0,1,0,0,7,0,1,1,6,1,29,6,1796,1,4,1,2,2,263193,659499,97,2,2,6,938,3,749,3,40,3,4,6,0,0,0,1,2,2,0,0,1,1,2,1,1,29,6,3,0,0,0,0,0,9,1,5
3,1,9,0,2,0,2,0,0,0,0,4,2,6,1,38,7,1598,1,8,1,1,2,525360,177220,1,2,1,4,11,3,304,6,30,3,4,6,0,0,0,1,2,2,0,0,1,2,1,1,1,33,6,3,0,0,0,0,0,9,1,5
3,3,11,0,8,0,1,0,0,0,0,1,1,1,1,38,7,1598,1,8,1,6,3,311149,359330,60,3,6,5,723,3,525,6,60,9,4,6,0,0,0,1,2,2,0,0,2,1,3,1,1,38,7,3,0,0,0,0,0,11,1,5
3,1,9,0,18,0,1,0,0,0,0,1,1,6,2,67,10,1349,1,4,1,2,2,464782,103054,44,2,2,3,498,3,3,6,30,3,4,6,0,0,4,4,5,2,0,0,1,1,1,1,2,67,10,3,0,0,0,0,0,9,1,2
3,2,9,0,8,0,1,0,0,0,0,1,1,6,2,17,4,1242,1,8,1,2,2,564450,174030,46,2,2,1,535,4,262,6,30,3,4,6,0,0,1,1,1,1,0,0,1,1,1,1,1,33,6,3,0,0,0,0,0,9,1,5
3,2,9,0,18,0,0,0,0,0,0,2,1,6,1,54,8,1360,1,13,1,2,2,531338,151557,45,2,2,4,516,1,23,3,70,0,4,6,0,0,0,1,1,1,0,0,2,1,2,2,2,26,6,3,0,0,1,0,0,9,1,9
2,2,9,0,2,0,8,0,0,0,0,3,1,6,3,38,7,1995,2,4,1,1,4,486666,279518,34,4,1,7,383,3,6900,6,30,3,4,6,7049,0,0,4,1,1,0,0,1,1,1,1,1,33,6,3,0,0,0,0,0,9,1,5
3,3,9,0,4,0,1,0,0,0,0,2,1,2,1,48,8,1896,2,12,2,2,3,585897,188127,42,3,2,5,460,3,127,3,40,1,4,6,0,0,5,1,1,1,0,0,1,1,2,1,1,48,8,3,0,0,0,0,0,9,2,8
3,1,9,0,18,0,8,0,0,0,0,4,1,6,1,38,7,1749,1,14,1,1,2,407810,278480,20,2,1,5,300,3,435,1,30,1,4,3,435,0,0,1,1,1,0,0,1,2,1,1,1,33,6,3,0,0,0,0,0,9,1,5
3,2,3,0,18,0,8,0,0,0,0,4,1,6,1,38,7,125,1,21,1,1,2,536220,195800,1,2,1,1,32,3,110,1,40,1,4,3,1055,0,0,1,2,2,0,0,2,1,1,1,1,33,6,3,0,0,0,0,0,3,1,2
2,1,9,0,18,0,0,0,0,0,0,1,1,6,1,69,10,1598,1,4,1,2,1,258552,669262,97,1,2,5,926,3,879,6,30,0,4,6,0,0,4,4,5,2,0,0,1,1,1,3,1,66,10,2,3,1,0,0,0,0,1,5
3,1,19,0,13,0,0,0,0,0,0,3,1,1,1,54,8,2143,2,6,3,1,2,356860,427830,4,2,1,2,83,3,675,6,40,0,4,6,0,0,0,1,1,1,0,0,1,1,1,1,1,33,6,3,0,0,0,0,0,9,1,5
3,1,9,0,3,0,1,0,0,0,0,2,1,6,1,33,6,1984,1,2,1,5,2,537140,183400,1,2,5,7,5,4,142,6,30,2,4,4,142,0,1,1,1,1,0,0,1,2,2,2,2,34,6,3,0,0,1,0,0,9,1,2
3,2,4,0,14,0,1,0,0,0,0,1,1,2,1,36,7,498,1,22,1,1,2,527150,180850,1,2,1,5,1,3,402,6,30,3,4,6,0,0,1,1,1,1,0,0,1,1,1,1,1,36,7,3,0,0,0,0,0,4,1,4
3,4,19,0,18,0,0,0,0,0,0,1,1,1,1,39,7,2198,2,4,1,1,4,519190,178450,1,4,1,4,25,1,4,3,40,0,4,6,0,0,0,4,1,1,0,0,1,1,1,1,1,39,7,3,0,0,0,0,0,19,1,5
3,2,9,0,10,0,1,0,0,0,0,2,1,1,2,43,7,1968,2,4,2,1,2,471061,170146,43,2,1,5,472,6,7201,6,40,8,4,6,0,0,0,1,1,1,0,0,1,2,1,1,2,43,7,3,0,0,0,0,0,9,2,10
3,1,5,0,17,0,0,1,0,0,0,3,1,6,1,48,8,996,1,11,1,1,1,422343,163867,54,1,1,1,635,3,346,6,60,0,4,6,0,0,0,1,1,1,5,0,2,1,1,1,1,48,8,3,0,0,0,0,0,5,1,10
2,2,9,0,18,0,0,0,0,1,0,3,1,2,1,52,8,1598,1,8,1,2,2,295881,205110,62,2,2,4,744,3,465,3,60,0,4,6,0,0,0,1,1,1,0,0,2,1,2,1,1,52,8,3,0,0,0,0,0,9,1,5
3,2,9,0,18,0,0,2,0,5,6,3,1,6,1,38,7,1598,1,8,1,2,2,390300,391150,6,2,2,6,109,1,60,3,70,0,4,6,0,0,0,1,1,1,0,0,2,1,2,2,2,7,2,3,0,0,2,0,0,9,1,7
3,2,9,0,18,0,8,0,0,0,0,1,1,6,2,57,9,1781,1,13,3,3,2,631940,150940,46,2,3,4,533,6,1951,6,60,3,4,6,0,0,0,1,1,1,0,0,2,2,2,1,2,57,9,3,0,0,0,0,0,9,3,5
3,1,9,0,5,0,1,0,0,0,0,4,1,6,2,30,6,1598,2,1,1,1,2,436360,280544,20,2,1,3,302,6,0,6,30,6,2,6,0,0,0,1,1,2,0,0,1,1,1,1,1,33,6,3,0,0,0,0,0,9,1,5
3,2,8,0,17,0,0,0,0,0,0,3,1,1,1,54,8,2143,2,5,1,1,2,393568,289008,20,2,1,1,303,6,0,6,30,0,4,6,0,0,0,4,1,2,0,0,1,1,1,1,1,54,8,3,0,0,0,0,0,8,1,2
3,1,9,0,18,0,8,0,0,0,0,1,1,6,1,19,4,1598,1,8,3,4,3,565329,181411,42,3,4,5,462,3,128,1,70,1,4,3,13,0,0,1,1,1,0,0,2,1,4,2,1,22,5,3,0,0,2,0,0,9,3,7
1,1,9,0,18,0,8,0,0,0,0,3,1,6,1,90,11,1149,1,11,1,6,2,474126,178978,43,2,6,6,484,6,341,6,30,6,4,6,0,0,0,1,1,1,0,0,2,1,6,2,2,91,11,3,0,0,1,0,0,9,1,10
3,2,9,0,3,0,1,0,0,0,0,2,1,6,1,28,6,1200,1,2,1,1,2,435540,278810,20,2,1,7,302,3,428,6,30,3,4,6,0,0,0,1,1,1,0,0,1,2,1,1,1,28,6,3,0,0,0,0,0,9,1,9
3,1,9,0,16,0,0,0,0,0,0,3,1,1,1,57,9,1598,1,8,3,1,2,616363,226877,42,2,1,6,461,6,0,6,30,0,4,6,0,0,0,1,2,2,0,0,2,1,1,1,1,33,6,3,0,0,0,0,0,9,1,5
3,2,9,0,2,0,0,0,0,0,0,1,1,6,2,52,8,1988,1,16,3,2,2,637181,325154,36,2,2,7,405,5,536,6,30,0,4,6,0,0,0,4,1,1,0,0,2,1,2,2,2,14,3,3,0,0,2,0,0,9,1,7
3,1,9,0,18,0,0,0,0,0,0,1,1,6,1,69,10,998,1,8,1,1,1,499296,159189,45,1,1,5,518,6,3632,6,30,0,4,6,0,0,0,1,1,1,0,0,1,2,1,3,1,33,6,3,5,1,0,0,0,0,1,5
2,3,9,0,17,0,0,0,0,1,10,3,1,6,1,48,8,4600,1,17,1,1,3,405270,437182,13,3,1,1,200,3,629,6,60,0,4,6,0,0,0,1,1,1,0,0,2,1,1,1,1,33,6,3,0,0,0,0,0,9,1,5