accident_severity,vehicle_reference,vehicle_type,towing_and_articulation,vehicle_manoeuvre,vehicle_location-restricted_lane,junction_location,skidding_and_overturning,hit_object_in_carriageway,vehicle_leaving_carriageway,hit_object_off_carriageway,1st_point_of_impact,was_vehicle_left_hand_drive?,journey_purpose_of_driver,sex_of_driver,age_of_driver,age_band_of_driver,engine_capacity_(cc),propulsion_code,age_of_vehicle,driver_home_area_type,NUmber_of_Casualities_unique_to_accident_index,No_of_Vehicles_involved_unique_to_accident_index,location_easting_osgr,location_northing_osgr,police_force,number_of_vehicles,number_of_casualties,day_of_week,local_authority_(district),1st_road_class,1st_road_number,road_type,speed_limit,junction_detail,junction_control,2nd_road_class,2nd_road_number,pedestrian_crossing-human_control,pedestrian_crossing-physical_facilities,light_conditions,weather_conditions,road_surface_conditions,special_conditions_at_site,carriageway_hazards,urban_or_rural_area,did_police_officer_attend_scene_of_accident,casualty_reference,casualty_class,sex_of_casualty,age_of_casualty,age_band_of_casualty,casualty_severity,pedestrian_location,pedestrian_movement,car_passenger,bus_or_coach_passenger,pedestrian_road_maintenance_worker,casualty_type,casualty_home_area_type,casualty_imd_decile
3,2,9,0,3,0,8,0,0,0,0,4,1,1,2,51,8,2993,2,2,1,2,2,477209,129455,44,2,2,3,497,3,3,1,70,1,4,4,3006,0,0,1,1,1,0,0,2,1,1,1,2,51,8,3,0,0,0,0,0,9,1,5
3,1,3,0,18,0,8,0,0,0,0,1,1,2,2,35,6,1598,1,8,1,1,2,518850,178020,1,2,1,2,25,3,315,6,30,3,4,6,0,0,8,1,1,1,0,0,1,1,1,1,1,33,6,3,0,0,0,0,0,9,1,5
2,2,5,0,7,0,8,0,0,0,0,4,1,6,1,31,6,652,1,11,1,4,2,369250,422030,4,2,4,1,70,3,666,6,30,3,2,6,0,0,5,1,1,1,0,0,1,1,2,1,1,31,6,3,0,0,0,0,0,5,1,4
3,2,9,0,4,0,1,0,0,0,0,2,1,6,1,73,10,1598,1,8,1,2,2,295566,90835,50,2,2,4,581,3,379,3,50,6,2,6,0,0,0,1,1,1,0,0,1,1,2,2,2,75,10,3,0,0,1,0,0,9,1,5
3,1,9,0,9,0,5,0,0,7,4,4,1,6,1,19,4,1598,1,8,1,3,2,461795,303009,33,2,3,1,364,5,1432,6,30,3,4,6,747,0,0,4,1,1,0,0,1,1,2,2,1,25,5,3,0,0,1,0,0,9,1,3
3,2,9,0,18,0,0,0,0,0,0,1,1,6,1,20,4,1248,2,5,1,1,2,537540,182160,1,2,1,1,5,4,140,6,30,0,4,6,0,0,1,4,1,1,0,0,1,2,1,1,1,33,6,3,0,0,0,0,0,9,1,5
3,1,9,0,4,0,4,0,0,0,0,2,1,6,1,44,7,1199,1,13,1,1,2,456262,453294,12,2,1,1,189,3,59,1,40,1,4,3,1237,0,0,1,1,1,0,0,2,2,1,1,1,44,7,3,0,0,0,0,0,9,1,10
3,2,9,0,10,0,8,0,0,0,0,2,1,6,2,49,8,1229,1,6,3,2,3,631117,318109,36,3,2,5,405,3,1062,6,60,7,4,6,0,0,0,1,1,1,0,0,2,1,1,1,1,33,6,3,0,0,0,0,0,9,1,5
3,1,9,0,2,0,0,0,0,0,0,3,1,1,1,57,9,1560,2,8,1,1,2,515720,168800,1,2,1,3,24,3,308,6,30,0,4,6,0,0,0,1,1,1,0,0,1,1,1,1,1,33,6,3,0,0,0,0,0,9,1,5
3,1,9,0,17,0,4,0,0,0,0,1,1,6,1,85,11,1248,2,8,1,2,2,379810,418850,4,2,2,4,82,6,0,1,30,1,4,6,0,0,0,1,1,1,0,0,1,1,1,1,1,85,11,3,0,0,0,0,0,9,1,8
3,1,9,0,7,0,1,0,4,0,0,1,1,6,1,18,4,1796,1,12,1,1,2,523580,188790,1,2,1,3,30,6,0,6,30,3,4,6,0,0,0,1,1,1,0,0,1,1,1,1,1,33,6,3,0,0,0,0,0,9,1,5
2,2,9,0,18,0,0,0,0,7,0,1,1,6,1,72,10,1364,2,8,3,2,2,487475,459393,16,2,2,4,231,6,0,6,60,0,4,6,0,0,0,1,1,1,0,0,2,1,2,1,1,72,10,2,0,0,0,0,0,9,3,4
3,1,9,0,9,0,8,0,0,0,0,3,1,2,1,47,8,1388,1,5,1,2,2,508190,173820,1,2,2,4,25,3,30,3,40,6,2,5,0,0,5,4,1,2,0,0,1,1,1,1,1,47,8,3,0,0,0,0,0,9,1,5
3,1,9,0,4,0,1,0,0,0,0,1,1,2,1,29,6,1560,2,7,1,1,2,578060,157490,46,2,1,6,536,3,249,1,40,1,4,1,20,0,0,1,1,2,0,0,2,2,1,1,1,33,6,3,0,0,0,0,0,9,1,5
3,1,9,0,2,0,0,0,0,0,0,4,1,6,1,34,6,1994,1,21,1,1,2,392127,797120,92,2,1,7,911,6,0,6,30,0,4,6,0,0,0,1,1,1,0,0,2,1,1,1,1,33,6,3,0,0,0,0,0,9,1,5
2,2,1,0,18,0,8,0,0,0,0,1,1,6,1,31,6,1598,1,8,1,1,2,398890,289340,20,2,1,5,305,3,457,1,30,1,4,6,0,0,0,1,5,2,0,0,1,1,1,1,1,31,6,2,0,0,0,0,0,1,1,1
3,1,2,0,7,9,1,0,0,1,0,1,1,6,1,38,7,1598,1,8,1,1,1,460342,451653,12,1,1,6,189,4,1227,6,30,3,4,6,7110,0,4,4,2,2,0,0,1,1,1,3,2,18,4,3,6,9,0,0,0,0,2,10
3,2,19,0,18,0,0,0,0,1,7,2,1,6,1,54,8,2198,2,8,1,1,2,444690,372260,30,2,1,5,322,1,1,3,70,0,4,6,0,0,0,1,1,1,0,0,2,1,1,1,1,54,8,3,0,0,0,0,0,19,1,5
3,1,3,0,18,0,0,0,0,0,0,4,1,2,1,22,5,125,1,8,1,1,1,544930,183210,1,1,1,2,16,3,13,3,40,0,4,6,0,0,7,1,1,2,0,0,1,1,1,1,1,22,5,3,0,0,0,0,0,3,1,7
3,1,9,0,18,0,4,0,0,0,0,1,1,1,1,46,8,1968,2,5,1,1,2,391163,326093,21,2,1,5,255,3,34,1,50,1,4,3,513,0,0,1,1,1,0,0,2,1,1,1,1,33,6,3,0,0,0,0,0,9,1,5
3,1,9,0,9,0,1,0,11,2,7,1,1,2,2,32,6,1596,1,5,1,1,2,342784,391979,5,2,1,3,90,3,57,3,30,7,2,6,0,0,5,4,2,2,0,2,1,1,1,1,2,32,6,3,0,0,0,0,0,9,1,1
3,2,1,0,18,0,8,0,0,0,0,2,1,6,1,49,8,1598,1,8,2,1,2,352810,342600,22,2,1,7,286,3,41,1,60,1,4,4,5395,0,0,1,1,1,0,0,2,1,1,1,1,49,8,3,0,0,0,0,0,1,2,4
1,1,9,0,16,0,0,2,0,0,0,1,1,6,1,17,4,1598,1,8,1,7,2,297170,222170,63,2,7,6,753,3,470,6,60,0,4,6,0,0,0,6,4,1,0,0,2,1,5,2,1,17,4,2,0,0,2,0,0,9,1,5
3,1,9,0,1,0,8,0,0,0,0,2,1,6,1,24,5,1242,1,12,1,1,2,398950,292860,20,2,1,7,305,6,0,6,30,3,4,6,0,0,0,1,1,1,0,0,1,2,1,1,1,33,6,3,0,0,0,0,0,9,1,5
3,1,1,0,18,0,1,0,0,0,0,1,1,6,1,28,6,1598,1,8,1,1,2,425768,564946,10,2,1,3,147,4,1600,6,30,1,4,6,1163,0,4,1,1,1,0,0,1,1,1,1,1,28,6,3,0,0,0,0,0,1,1,4
2,2,9,0,18,0,1,1,0,0,0,1,1,6,1,24,5,1984,1,8,1,1,3,334580,396463,5,3,1,4,93,3,566,6,30,6,2,3,5090,0,0,1,2,2,0,0,1,1,1,1,1,33,6,3,0,0,0,0,0,9,1,5
3,1,9,0,18,0,8,0,0,0,0,1,1,6,1,29,6,1560,2,4,3,1,2,448173,516684,17,2,1,4,243,3,1032,6,30,3,2,6,0,0,5,4,1,1,0,0,1,1,1,1,1,33,6,3,0,0,0,0,0,9,1,5
3,2,9,0,18,0,8,0,0,0,0,1,1,6,2,48,8,2378,1,10,1,3,2,335465,390074,5,2,3,2,91,6,0,6,30,6,2,6,0,0,0,4,2,2,0,0,1,1,3,2,2,67,10,3,0,0,2,0,0,9,1,3
2,1,9,0,9,0,6,5,0,0,0,1,1,6,1,67,10,1461,2,8,2,4,2,524333,358362,32,2,4,7,351,4,1192,6,50,3,4,5,18,0,0,1,1,1,0,0,2,1,2,1,1,67,10,3,0,0,0,0,0,9,2,6
3,2,9,0,7,0,1,0,0,0,0,2,2,6,2,26,6,1997,2,13,1,1,3,532164,343995,32,3,1,2,350,6,0,6,30,3,4,3,52,0,4,1,1,1,0,0,1,1,1,1,2,26,6,3,0,0,0,0,0,9,1,3
3,2,9,0,18,0,1,0,0,0,0,2,1,6,2,43,7,1560,2,2,2,1,3,548743,123409,47,3,1,2,556,3,272,6,40,3,4,6,0,0,0,1,1,1,0,0,2,1,1,1,2,43,7,3,0,0,0,0,0,9,2,6
3,2,9,0,18,0,5,0,0,0,0,0,1,6,1,25,5,1598,1,8,1,3,2,312922,197143,61,2,3,7,731,4,4254,6,30,3,4,6,0,0,0,1,1,1,0,0,1,1,2,2,2,25,5,3,0,0,1,0,0,9,1,5
2,2,5,0,18,0,8,0,0,0,0,1,1,6,1,32,6,599,1,8,1,1,2,386360,437800,4,2,1,5,77,6,0,6,30,6,4,6,0,0,0,1,1,1,0,0,1,1,1,1,1,32,6,2,0,0,0,0,0,5,1,1
2,1,21,0,18,0,0,1,0,0,0,1,1,1,1,41,7,4461,2,4,1,1,1,354876,362396,7,1,1,5,130,3,49,6,60,0,4,6,0,0,0,1,1,1,0,0,2,1,1,3,2,37,7,2,10,9,0,0,0,0,3,8
3,2,9,0,18,0,8,0,0,0,0,1,1,6,1,38,7,3200,1,8,1,3,2,549150,170100,1,2,3,6,18,4,2173,6,30,3,4,6,0,0,0,1,1,1,0,0,2,1,1,2,1,21,5,3,0,0,1,0,0,9,1,10
3,2,2,0,18,0,6,0,0,0,0,2,1,6,1,54,8,124,1,9,1,1,2,341952,391125,5,2,1,4,91,6,0,6,30,8,4,6,0,0,0,1,1,1,0,0,1,1,1,1,1,54,8,3,0,0,0,0,0,2,1,8
3,2,9,0,9,0,5,0,0,0,0,4,1,6,1,56,9,1598,1,8,3,1,2,195610,215730,63,2,1,1,752,3,40,3,30,7,4,3,487,0,5,1,1,1,0,0,1,1,1,1,1,56,9,3,0,0,0,0,0,9,3,5
3,1,9,0,9,0,5,0,0,0,0,1,1,6,1,53,8,1390,1,11,2,1,1,314186,694652,94,1,1,2,925,4,917,6,30,3,4,6,0,0,0,4,2,2,0,0,2,2,1,3,2,22,5,3,5,1,0,0,0,0,2,5
3,3,21,0,18,0,4,0,0,0,0,0,1,1,1,51,8,1598,1,8,1,1,3,382730,405940,6,3,1,5,101,1,60,1,70,1,2,1,60,0,0,1,1,1,0,0,2,1,1,1,1,33,6,3,0,0,0,0,0,9,1,5
2,1,1,0,18,0,0,0,0,0,0,1,1,6,1,36,7,1598,1,8,1,2,1,520843,161390,45,1,2,5,38,4,284,6,30,0,4,6,0,0,0,1,1,1,0,0,1,1,1,1,1,36,7,2,0,0,0,0,0,1,1,4
3,2,1,0,18,0,1,0,0,0,0,1,1,2,2,27,6,1598,1,8,1,1,2,531630,180810,48,2,1,6,570,3,201,3,50,7,4,3,3211,0,0,1,1,1,0,0,1,1,1,1,2,27,6,3,0,0,0,0,0,1,1,3
3,1,11,0,5,0,8,0,0,0,0,0,1,1,1,71,10,6370,2,3,1,1,1,534760,171090,1,1,1,1,19,3,234,6,30,3,4,6,0,0,0,1,1,1,0,0,1,1,1,2,1,60,9,3,0,0,0,3,0,11,1,4
2,1,9,0,5,0,4,0,0,0,0,1,1,6,1,55,8,2494,1,12,1,2,2,513197,238787,40,2,2,7,424,3,507,1,40,1,4,3,600,0,8,4,1,1,0,0,1,1,1,1,1,33,6,3,0,0,0,0,0,9,1,5
3,1,9,0,5,0,1,0,0,0,0,1,1,6,2,45,7,1388,1,12,3,1,2,423799,323052,21,2,1,7,251,3,5189,6,40,1,4,3,5127,0,0,1,1,1,0,0,1,2,1,1,1,33,6,3,0,0,0,0,0,9,1,5
3,2,22,0,18,0,0,0,0,0,0,1,1,6,1,75,10,1598,1,8,1,1,2,622301,308612,36,2,1,2,404,4,1108,6,30,0,4,6,0,0,0,1,1,1,0,0,1,1,1,1,1,33,6,3,0,0,0,0,0,9,1,5
3,3,9,0,4,0,0,0,0,0,0,2,1,1,2,41,7,1368,1,4,1,3,3,503190,305140,35,3,3,3,394,3,1,3,70,0,4,6,0,0,0,1,1,2,0,0,2,1,2,1,2,41,7,3,0,0,0,0,0,9,1,8
3,2,9,0,17,0,0,0,0,0,0,3,1,6,2,67,10,1598,1,8,1,1,2,451082,532323,17,2,1,5,240,5,157,6,30,0,4,6,0,0,0,5,1,1,0,0,1,1,1,1,1,33,6,3,0,0,0,0,0,9,1,5
3,2,1,0,18,0,0,0,0,0,0,3,1,6,1,13,3,1598,1,8,1,1,2,452368,189996,43,2,1,7,484,6,189,6,30,0,4,6,0,0,4,4,2,2,0,0,1,1,1,1,1,13,3,3,0,0,0,0,0,1,1,3
3,1,21,0,18,0,0,0,11,0,0,1,1,1,1,55,8,4580,2,4,3,1,1,415218,105612,44,1,1,6,496,3,31,3,70,0,4,6,0,0,0,1,2,2,0,2,1,1,1,1,1,55,8,3,0,0,0,0,0,21,3,4
3,2,9,0,3,0,1,0,0,0,0,2,1,6,1,38,7,1390,1,7,1,1,3,446128,519910,17,3,1,6,245,3,1046,3,40,1,4,6,0,0,0,1,2,2,0,0,1,2,1,1,1,33,6,3,0,0,0,0,0,9,1,5
3,2,9,0,9,0,8,0,0,0,0,1,1,2,2,42,7,1598,1,7,1,3,2,437818,389649,14,2,3,2,215,3,6109,3,40,3,2,6,0,0,8,1,1,1,0,0,1,1,1,1,2,42,7,3,0,0,0,0,0,9,1,6
3,1,9,0,18,0,3,0,0,0,0,3,1,6,1,71,10,1560,2,8,1,1,2,489244,410600,16,2,1,4,232,6,0,1,30,1,4,6,0,0,0,4,1,1,0,0,2,2,1,1,1,71,10,3,0,0,0,0,0,9,1,6
3,1,9,0,18,0,8,0,0,0,0,1,1,6,1,31,6,2143,2,6,1,6,2,534670,180720,1,2,6,1,5,3,1203,6,30,8,4,6,0,0,0,4,1,1,0,0,1,1,3,2,1,30,6,3,0,0,2,0,0,9,1,4
3,2,9,0,18,0,8,1,10,0,0,4,1,2,1,22,5,1968,2,9,3,1,2,438258,542003,11,2,1,4,169,4,1280,6,60,3,4,4,1283,0,0,1,1,1,0,0,2,2,1,1,1,22,5,3,0,0,0,0,0,9,3,2
2,1,19,0,9,0,6,0,0,4,0,3,1,1,1,27,6,2198,2,6,1,2,2,486963,237442,43,2,2,5,479,4,4034,3,70,3,4,6,1069,0,0,1,1,1,0,0,2,1,2,1,1,27,6,3,0,0,0,0,0,19,1,2
3,1,21,0,16,0,0,0,0,0,0,4,1,1,1,60,9,1598,1,8,3,1,2,314979,103774,50,2,1,5,580,6,0,6,60,0,4,6,0,0,0,1,1,1,0,0,2,1,1,1,1,33,6,3,0,0,0,0,0,9,1,5
3,1,9,0,18,0,0,0,0,0,0,2,1,6,1,25,5,1242,1,13,1,2,2,436850,333300,30,2,2,4,323,5,66,6,30,0,4,6,0,0,0,1,1,2,0,0,1,1,7,2,2,18,4,3,0,0,1,0,0,9,1,3
3,1,9,0,18,0,0,0,0,0,0,1,1,6,2,49,8,1560,2,6,1,2,1,263798,653669,97,1,2,1,938,6,0,6,30,0,4,6,0,0,0,4,1,1,0,0,1,1,1,1,2,49,8,3,0,0,0,0,0,9,1,5
3,1,9,0,9,0,8,0,0,0,0,3,1,1,1,59,9,2706,1,2,1,2,2,629360,167930,46,2,2,5,541,3,28,6,40,3,4,6,0,0,0,1,6,2,0,0,2,1,1,1,1,59,9,3,0,0,0,0,0,9,1,10
3,2,9,0,5,0,8,0,0,0,0,1,1,6,2,46,8,2179,2,8,1,2,2,405844,441259,13,2,2,5,200,6,0,6,30,6,4,6,0,0,0,1,2,2,0,0,1,1,1,1,1,33,6,3,0,0,0,0,0,9,1,5
2,1,5,0,17,0,1,0,0,1,1,4,1,6,1,22,5,1598,1,8,3,1,1,387315,781010,92,1,1,1,911,3,92,6,60,6,4,6,0,0,0,1,1,1,0,0,2,1,1,1,1,22,5,2,0,0,0,0,0,5,3,5
2,1,5,0,13,0,0,0,0,7,9,3,1,6,1,45,7,998,1,10,3,1,3,182846,878095,91,3,1,7,927,3,832,6,60,0,4,6,0,0,0,1,1,1,0,0,2,1,1,1,1,45,7,2,0,0,0,0,0,5,3,5
3,1,1,0,18,0,1,0,0,0,0,1,1,6,1,43,7,1598,1,8,1,2,1,324920,672970,95,1,2,3,923,3,702,6,30,3,2,5,0,0,0,1,1,1,0,0,1,1,1,1,1,43,7,3,0,0,0,0,0,1,1,5
3,2,9,0,18,0,0,0,0,0,0,2,1,6,1,23,5,1398,2,13,1,3,4,490569,410923,16,4,3,6,232,3,1029,6,40,0,4,6,0,0,0,1,1,1,0,0,1,1,1,1,1,23,5,3,0,0,0,0,0,9,1,8
3,1,19,0,17,0,0,1,0,2,10,4,1,1,1,28,6,1997,2,3,1,4,2,434770,348300,30,2,4,6,320,3,6,6,50,0,4,6,0,0,0,4,3,3,0,0,2,1,2,2,2,40,7,3,0,0,1,0,0,19,1,5
3,2,1,0,18,0,8,0,0,0,0,4,1,6,1,47,8,1598,1,8,1,1,2,652513,294429,37,2,1,5,416,4,1375,6,30,3,4,6,0,0,0,1,1,1,0,0,1,2,1,1,1,47,8,3,0,0,0,0,0,1,1,5
2,2,9,0,18,0,8,0,0,0,0,1,1,6,1,45,7,1997,2,13,1,2,2,354240,251430,22,2,2,1,285,3,417,6,40,3,4,6,0,0,0,1,1,1,0,0,2,1,2,1,1,45,7,2,0,0,0,0,0,9,1,1
3,1,9,0,18,0,1,0,0,0,0,1,1,6,1,27,6,1560,2,8,1,1,3,537010,246260,35,3,1,4,395,5,272,6,30,6,4,5,270,0,0,1,4,1,0,0,2,1,1,2,1,45,7,3,0,0,1,0,0,9,3,6
3,2,9,0,18,0,8,0,0,0,0,1,1,6,1,70,10,1598,1,8,1,1,2,512427,202804,41,2,1,7,434,6,991,6,30,7,4,6,993,0,0,1,1,1,0,0,1,1,1,1,1,33,6,3,0,0,0,0,0,9,1,5
2,5,21,1,18,0,0,0,0,0,0,1,1,6,1,63,9,11705,2,3,1,3,5,396601,304092,21,5,3,5,254,1,6,3,70,0,4,6,0,0,0,1,1,1,0,0,2,1,3,1,1,63,9,3,0,0,0,0,0,21,1,8
3,1,9,0,13,0,0,0,0,0,0,0,1,6,3,38,7,1598,1,8,1,1,2,516233,134293,47,2,1,7,562,3,24,6,60,0,4,6,0,0,0,1,1,1,0,0,2,2,1,1,1,33,6,3,0,0,0,0,0,9,1,5
3,2,9,0,3,0,1,0,0,0,0,2,1,6,1,35,6,1598,2,3,3,2,2,256956,619960,97,2,2,7,919,4,7083,6,30,3,4,6,0,0,5,1,2,4,0,0,2,2,1,1,1,35,6,3,0,0,0,0,0,9,2,5
2,1,9,0,9,0,6,0,0,0,0,3,1,6,2,68,10,1995,2,5,2,1,2,383350,431640,4,2,1,5,72,6,0,3,30,3,4,6,0,0,0,1,1,2,0,0,1,1,1,1,1,33,6,3,0,0,0,0,0,9,1,5
3,2,8,0,5,2,1,0,0,0,0,1,1,6,3,38,7,1598,1,8,1,1,2,531020,185370,1,2,1,5,3,3,1,6,20,3,4,6,0,0,0,1,1,1,0,0,1,2,1,1,1,33,6,3,0,0,0,0,0,9,1,5
3,2,9,0,3,0,1,0,0,0,0,2,1,6,2,40,7,1968,2,9,1,6,3,354530,422390,4,3,6,7,83,4,5254,6,30,3,4,6,0,0,1,1,2,2,0,0,1,1,3,2,1,36,7,3,0,0,1,0,0,9,1,6
3,2,9,0,18,0,8,0,0,0,0,1,1,6,1,22,5,1390,1,1,3,1,2,197955,52999,50,2,1,4,596,3,3058,6,50,3,4,6,0,0,0,6,5,2,0,0,2,1,1,2,1,25,5,3,0,0,1,0,0,9,1,4
3,2,4,0,18,0,1,1,0,0,0,1,1,2,1,36,7,124,1,4,3,1,2,613496,276600,37,2,1,2,413,3,140,6,60,3,4,4,1077,0,0,6,1,2,0,0,2,1,1,1,1,36,7,3,0,0,0,0,0,4,3,6
3,1,9,0,5,0,1,1,0,0,0,2,1,2,2,22,5,1598,2,4,1,1,2,508728,167032,45,2,1,3,40,6,6294,6,30,3,4,6,0,0,0,1,3,3,0,0,1,1,1,1,1,33,6,3,0,0,0,0,0,9,1,5
3,1,9,0,18,0,3,0,0,0,0,4,1,6,1,20,4,1398,2,6,2,1,1,226096,64097,50,1,1,6,596,6,0,1,30,1,4,3,390,0,8,1,8,1,0,0,2,2,1,3,1,13,3,3,5,1,0,0,0,0,2,5
3,1,9,0,5,0,6,0,0,0,0,1,1,1,1,60,9,1560,2,2,2,1,2,432280,282710,20,2,1,6,302,6,0,6,30,6,4,6,0,0,0,1,1,1,0,0,1,1,1,1,1,33,6,3,0,0,0,0,0,9,1,5
3,2,19,0,9,0,1,0,0,1,0,3,1,1,1,31,6,2402,2,3,1,4,2,359530,493050,3,2,4,2,65,3,684,6,60,7,4,1,6,0,0,1,1,2,0,0,2,1,4,2,1,32,6,3,0,0,2,0,0,19,3,7
3,1,9,0,18,0,6,0,0,0,0,1,1,6,2,29,6,1968,2,6,1,1,3,334348,396261,5,3,1,6,93,3,566,7,30,6,4,6,0,0,0,1,1,1,0,0,1,1,1,1,1,33,6,3,0,0,0,0,0,9,1,5
3,1,9,0,18,0,8,0,0,0,0,1,1,6,2,22,5,1598,1,8,2,2,2,300990,188192,62,2,2,1,744,6,0,6,30,6,2,6,0,0,5,4,2,2,0,0,2,1,1,1,2,22,5,3,0,0,0,0,0,9,2,5
2,1,9,0,18,0,0,0,0,0,0,1,1,2,1,32,6,1598,1,8,2,2,2,254709,108038,50,2,2,6,589,3,386,6,30,0,4,6,0,0,0,1,1,2,0,0,2,1,1,1,1,32,6,2,0,0,0,0,0,9,2,4
2,1,8,0,9,0,5,0,0,0,0,4,1,1,1,59,9,1910,2,5,1,8,2,534730,194370,1,2,8,7,32,3,1010,6,30,3,4,6,0,0,1,4,1,1,0,0,1,1,6,2,1,34,6,3,0,0,2,0,0,8,1,2
2,1,3,0,18,0,8,1,10,7,0,3,1,6,1,20,4,125,1,4,2,1,1,475065,173879,43,1,1,7,475,3,4,1,40,1,4,4,3350,0,0,1,1,1,5,0,1,1,1,1,1,20,4,2,0,0,0,0,0,3,2,10
3,2,1,0,18,0,0,0,0,0,0,1,1,6,1,43,7,1598,1,8,1,1,2,534403,343274,32,2,1,3,350,6,0,6,30,0,4,6,0,0,0,4,1,1,0,0,1,2,1,1,1,43,7,3,0,0,0,0,0,1,1,5
3,1,9,0,18,0,1,0,0,0,0,1,1,6,1,58,9,1461,2,10,1,2,2,420703,563019,10,2,2,5,146,6,4220,6,30,1,4,6,0,0,0,1,1,1,0,0,1,1,1,1,1,58,9,3,0,0,0,0,0,9,1,1
3,2,1,0,3,0,0,0,0,0,0,2,1,6,1,45,7,1598,1,8,1,1,2,536054,200697,41,2,1,1,430,3,121,3,40,0,4,6,0,0,0,1,1,1,4,0,1,2,1,1,1,45,7,3,0,0,0,0,0,1,1,5
3,1,9,0,4,0,8,0,0,0,0,2,1,6,3,38,7,1242,1,18,1,1,3,464473,101918,44,3,1,4,498,3,3,1,30,1,4,3,3,0,0,7,1,1,0,0,1,2,1,1,1,33,6,3,0,0,0,0,0,9,1,5
3,1,8,0,6,0,2,0,0,0,0,2,1,1,1,38,7,1598,1,8,1,1,2,385000,395860,6,2,1,5,102,5,0,6,30,3,2,4,5117,0,5,4,1,1,0,0,1,1,1,1,1,33,6,3,0,0,0,0,0,9,1,5
3,1,9,0,17,0,8,0,0,0,0,1,1,6,2,18,4,973,1,13,1,1,2,402770,243030,22,2,1,4,277,6,0,6,30,9,4,6,0,0,0,1,1,2,0,0,1,2,1,1,2,18,4,3,0,0,0,0,0,9,1,4
3,2,4,0,18,0,8,1,0,0,0,1,1,6,1,55,8,125,1,9,2,1,2,568617,330893,36,2,1,4,407,4,1440,6,30,6,2,5,87,0,0,4,1,1,0,0,2,1,1,1,1,55,8,3,0,0,0,0,0,4,2,6
3,2,3,0,13,0,8,1,0,0,0,1,1,6,1,30,6,124,1,2,1,1,2,456044,345111,31,2,1,6,346,6,0,6,30,3,4,6,0,0,0,1,2,2,0,0,1,2,1,1,1,30,6,3,0,0,0,0,0,3,1,3
2,3,9,0,10,0,8,0,0,0,0,1,1,6,1,56,9,2987,2,1,1,3,3,521410,188800,1,3,3,5,30,3,5,6,30,3,4,6,0,0,0,4,1,1,0,0,1,1,3,1,1,56,9,3,0,0,0,0,0,9,1,5
3,1,9,0,18,0,4,0,0,0,0,1,1,6,3,38,7,1598,1,8,1,1,2,470670,174401,43,2,1,3,472,6,7201,1,30,1,4,6,7201,0,0,1,1,1,0,0,1,2,1,1,1,33,6,3,0,0,0,0,0,9,1,5
3,1,3,0,17,0,0,0,0,0,0,1,1,6,1,40,7,1598,1,8,1,1,1,527040,181630,1,1,1,5,1,6,0,6,30,0,4,6,0,0,0,4,1,1,0,0,1,1,1,3,2,70,10,3,5,1,0,0,2,0,1,1
3,1,9,0,18,0,0,0,0,0,0,4,1,6,3,38,7,1956,2,2,1,1,2,354500,430080,4,2,1,5,79,6,0,6,30,0,4,6,0,0,0,1,1,1,0,0,1,1,1,1,1,33,6,3,0,0,0,0,0,9,1,5
3,2,9,0,18,0,1,0,0,0,0,1,1,2,1,42,7,1598,1,8,1,1,2,499469,170492,45,2,1,6,514,3,30,6,30,6,2,6,0,0,0,7,4,1,4,0,1,1,1,1,1,42,7,3,0,0,0,0,0,9,1,10
3,1,9,0,18,0,1,2,10,3,1,1,1,6,2,61,9,998,1,2,1,1,1,507425,434450,16,1,1,3,231,3,1079,6,40,1,4,3,1174,0,0,1,1,1,0,0,2,1,1,1,2,61,9,3,0,0,0,0,0,9,1,10
2,2,17,0,18,0,0,0,0,0,0,0,1,6,3,38,7,1598,1,8,1,1,4,450182,482521,12,4,1,5,181,3,170,6,60,0,4,6,0,0,0,1,1,1,0,0,2,1,1,1,1,33,6,3,0,0,0,0,0,9,1,5
3,1,5,0,4,0,1,1,0,0,0,1,1,6,1,70,10,1585,1,4,1,1,2,580492,109827,47,2,1,7,552,3,21,6,30,3,4,6,0,0,1,1,1,1,0,0,1,1,1,1,1,70,10,3,0,0,0,0,0,5,1,2
3,2,9,0,2,0,0,0,0,0,0,2,1,6,1,27,6,2979,1,9,1,2,2,389900,296090,20,2,2,1,309,3,449,6,30,0,4,6,0,0,0,1,1,1,0,0,1,1,2,1,1,27,6,3,0,0,0,0,0,9,1,1
3,2,9,0,4,0,0,0,0,0,0,2,1,1,1,56,9,1598,1,8,1,1,3,374576,385770,7,3,1,2,129,1,56,7,70,0,4,6,0,0,0,1,1,1,4,0,2,1,1,1,1,56,9,3,0,0,0,0,0,9,2,5
3,1,9,0,16,0,0,0,0,0,0,1,1,6,2,31,6,1598,1,8,1,3,3,290841,378137,60,3,3,6,721,3,547,6,30,0,4,6,0,0,0,1,1,1,0,0,2,1,1,1,2,31,6,3,0,0,0,0,0,9,1,5
3,1,9,0,1,0,0,0,0,0,0,2,1,6,2,57,9,1396,1,12,3,1,1,409053,426203,13,1,1,2,202,3,647,6,30,0,4,6,0,0,0,1,1,1,0,0,1,1,1,3,1,57,9,3,6,9,0,0,0,0,1,1
3,3,9,0,4,0,0,0,0,0,0,2,1,3,1,31,6,1796,1,1,1,2,4,381367,204522,53,4,2,5,624,3,419,6,40,0,4,6,0,0,0,1,7,2,0,0,1,1,2,2,1,8,2,3,0,0,2,0,0,9,1,7