accident_severity,vehicle_reference,vehicle_type,towing_and_articulation,vehicle_manoeuvre,vehicle_location-restricted_lane,junction_location,skidding_and_overturning,hit_object_in_carriageway,vehicle_leaving_carriageway,hit_object_off_carriageway,1st_point_of_impact,was_vehicle_left_hand_drive?,journey_purpose_of_driver,sex_of_driver,age_of_driver,age_band_of_driver,engine_capacity_(cc),propulsion_code,age_of_vehicle,driver_home_area_type,NUmber_of_Casualities_unique_to_accident_index,No_of_Vehicles_involved_unique_to_accident_index,location_easting_osgr,location_northing_osgr,police_force,number_of_vehicles,number_of_casualties,day_of_week,local_authority_(district),1st_road_class,1st_road_number,road_type,speed_limit,junction_detail,junction_control,2nd_road_class,2nd_road_number,pedestrian_crossing-human_control,pedestrian_crossing-physical_facilities,light_conditions,weather_conditions,road_surface_conditions,special_conditions_at_site,carriageway_hazards,urban_or_rural_area,did_police_officer_attend_scene_of_accident,casualty_reference,casualty_class,sex_of_casualty,age_of_casualty,age_band_of_casualty,casualty_severity,pedestrian_location,pedestrian_movement,car_passenger,bus_or_coach_passenger,pedestrian_road_maintenance_worker,casualty_type,casualty_home_area_type,casualty_imd_decile
3,2,9,0,3,0,0,0,0,0,0,2,1,6,2,29,6,1591,1,8,1,1,3,551430,190510,1,3,1,5,15,3,12,3,50,0,4,6,0,0,0,1,1,1,0,0,1,1,1,1,2,29,6,3,0,0,0,0,0,9,1,3
3,1,9,0,18,0,8,0,0,0,0,1,1,6,3,38,7,1598,1,8,1,2,2,340007,391110,5,2,2,3,91,6,0,6,40,9,4,3,5058,0,0,1,2,2,0,0,1,1,1,1,1,33,6,3,0,0,0,0,0,9,1,5
3,2,1,0,18,0,1,0,0,0,0,1,1,6,1,18,4,1598,1,8,1,1,2,534790,186420,1,2,1,3,4,3,107,6,30,3,4,6,0,0,0,1,1,1,0,0,1,1,1,1,1,18,4,3,0,0,0,0,0,1,1,3
3,1,9,0,18,0,0,0,0,0,0,1,1,2,2,19,4,1598,1,8,1,2,3,521460,167950,1,3,2,7,23,3,2043,3,30,0,4,6,0,0,0,1,1,1,0,0,1,1,1,1,2,19,4,3,0,0,0,0,0,9,1,9
3,1,9,0,9,0,5,0,0,0,0,1,1,6,2,70,10,1390,1,8,1,2,2,433040,276480,20,2,2,5,302,4,4113,6,30,3,4,6,0,0,4,4,1,2,0,0,1,1,1,1,2,70,10,3,0,0,0,0,0,9,1,10
2,1,4,0,13,0,2,1,0,7,2,1,1,6,1,21,5,124,1,6,1,4,3,403124,92270,55,3,4,2,643,6,0,6,30,3,4,6,0,0,0,1,1,1,0,0,1,1,2,1,1,21,5,2,0,0,0,0,0,4,1,5
3,1,9,0,17,0,0,0,0,0,0,1,1,6,3,38,7,1598,1,8,1,1,1,408679,294209,20,1,1,4,300,6,0,6,30,0,4,6,0,0,0,4,8,2,0,0,1,1,1,3,2,11,3,3,5,3,0,0,1,0,1,1
3,1,9,0,9,0,6,0,0,0,0,1,1,2,1,58,9,2188,2,10,3,1,2,413010,287400,20,2,1,6,300,3,4040,6,30,3,4,6,0,0,4,1,1,1,0,0,1,1,1,1,1,33,6,3,0,0,0,0,0,9,1,5
3,1,9,0,5,0,0,0,0,0,0,4,1,6,2,32,6,1598,1,8,3,1,1,262943,199308,62,1,1,6,745,1,4,3,70,0,4,6,0,0,0,1,1,1,0,0,2,1,1,3,1,42,7,3,9,5,0,0,0,0,1,5
3,2,9,0,10,0,1,0,0,0,0,2,1,6,2,36,7,1596,1,3,1,1,2,579676,166185,46,2,1,2,544,6,0,6,30,1,4,6,0,0,0,1,2,2,0,0,1,1,1,1,1,33,6,3,0,0,0,0,0,9,1,5
3,1,9,0,18,0,0,0,0,0,0,1,1,6,1,35,6,1598,1,8,1,1,2,253090,659980,97,2,1,6,926,6,0,6,30,0,4,6,0,0,0,1,1,1,0,0,1,1,1,1,1,33,6,3,0,0,0,0,0,9,1,5
3,1,9,0,8,9,6,0,0,0,0,1,1,6,2,63,9,1200,1,2,1,1,1,480937,167965,43,1,1,5,475,3,321,6,30,8,4,6,0,0,0,1,1,1,0,0,1,2,1,3,2,17,4,3,6,9,0,0,0,0,1,10
2,2,1,0,18,0,8,1,0,0,0,0,1,6,2,46,8,1598,1,8,1,1,2,453112,204297,43,2,1,4,482,3,4158,6,30,3,4,6,0,0,4,4,4,1,0,0,1,1,1,1,2,46,8,2,0,0,0,0,0,1,1,1
3,2,9,0,18,0,8,0,0,0,0,2,1,6,1,34,6,1390,1,14,1,3,5,386120,395130,6,5,3,7,102,3,34,6,30,3,4,6,0,0,0,1,1,1,0,0,1,1,2,1,1,34,6,3,0,0,0,0,0,9,1,4
3,2,9,0,6,0,2,0,0,0,0,2,1,6,1,30,6,2268,2,8,1,1,2,434020,281040,20,2,1,3,302,4,4113,6,30,3,2,6,0,0,8,1,1,1,0,0,1,1,1,1,1,33,6,3,0,0,0,0,0,9,1,5
3,2,8,0,18,0,8,0,0,0,0,1,1,1,1,41,7,2143,2,3,1,2,2,526090,177600,1,2,2,6,12,3,3220,6,30,6,2,3,308,0,5,4,1,1,0,0,1,1,2,1,1,41,7,3,0,0,0,0,0,8,1,10
3,5,9,0,18,0,0,0,0,0,0,2,1,6,1,29,6,1968,2,3,1,1,5,381129,343986,21,5,1,5,253,1,6,3,70,0,4,6,0,0,0,1,1,1,0,0,2,2,1,1,1,33,6,3,0,0,0,0,0,9,1,5
3,1,5,0,18,0,0,0,0,0,0,0,1,2,1,35,6,654,1,7,1,1,1,478300,485281,12,1,1,5,185,3,170,6,40,0,4,6,0,0,0,6,1,1,0,0,2,1,1,1,1,35,6,3,0,0,0,0,0,5,1,1
3,1,9,0,4,0,0,0,0,0,0,1,1,6,1,38,7,1896,2,8,1,1,2,499759,180032,43,2,1,3,477,6,53,9,30,0,4,6,0,0,0,1,1,1,0,0,2,2,1,1,1,33,6,3,0,0,0,0,0,9,1,5
3,3,9,0,18,0,0,0,0,0,0,1,1,6,1,17,4,1598,1,8,1,1,3,418014,415668,13,3,1,6,203,3,629,6,40,0,4,6,0,0,0,1,1,2,0,0,1,1,1,1,1,33,6,3,0,0,0,0,0,9,1,5
3,1,9,0,18,0,0,0,0,0,0,1,1,6,3,38,7,1598,1,8,1,2,2,455809,341246,31,2,2,6,346,6,0,6,30,0,4,6,0,0,4,1,1,1,0,0,1,2,1,1,1,33,6,3,0,0,0,0,0,9,1,5
2,2,1,0,14,0,1,0,0,0,0,1,1,6,2,38,7,1598,1,8,1,1,2,528950,180250,1,2,1,3,1,3,4,6,30,3,2,5,0,0,0,1,1,1,0,0,1,1,1,1,2,33,6,2,0,0,0,0,0,1,1,6
3,1,9,0,1,0,0,0,10,1,1,2,1,6,2,19,4,1198,1,5,1,2,2,545980,255020,35,2,2,1,390,6,0,6,20,0,4,6,0,0,4,4,1,1,0,0,2,1,2,2,2,18,4,3,0,0,1,0,0,9,1,8
3,1,1,0,7,0,4,0,0,0,0,1,1,6,1,65,9,1598,1,8,1,1,2,554300,151360,46,2,1,7,538,3,225,1,60,1,4,6,0,0,0,1,1,1,0,0,2,1,1,1,1,65,9,3,0,0,0,0,0,1,1,5
3,1,9,0,5,0,6,0,0,0,0,1,1,1,1,48,8,1560,2,8,1,1,2,504052,135378,45,2,1,5,517,3,281,6,40,3,4,4,2133,0,0,1,4,1,0,0,2,1,1,1,1,33,6,3,0,0,0,0,0,9,1,5
2,1,9,0,18,0,1,1,0,0,0,1,1,6,1,24,5,1598,1,8,2,7,3,563336,103218,47,3,7,6,551,6,0,6,30,3,4,6,0,0,0,4,1,2,0,0,1,1,2,2,1,27,6,3,0,0,1,0,0,9,1,4
2,1,9,0,17,0,8,2,0,7,11,4,1,1,1,21,5,1598,1,8,1,1,1,572354,188591,42,1,1,3,450,6,0,6,30,3,4,6,0,0,0,1,5,2,0,0,1,2,1,2,1,68,10,2,0,0,1,0,0,9,1,3
3,1,9,0,18,0,1,5,0,2,11,4,1,2,2,46,8,1242,1,6,2,1,1,347241,715831,94,1,1,6,925,4,939,6,60,3,4,6,0,0,0,6,1,5,0,0,2,1,1,1,2,46,8,3,0,0,0,0,0,9,2,5
3,4,9,0,18,0,0,0,0,0,0,1,1,5,1,21,5,1248,1,8,1,1,5,580987,212858,42,5,1,5,451,3,12,3,70,0,4,6,0,0,0,6,2,2,0,0,2,2,1,1,1,21,5,3,0,0,0,0,0,9,1,8
2,2,1,0,18,0,8,0,0,0,0,1,1,1,1,40,7,1598,1,8,2,1,2,411720,298170,20,2,1,4,300,3,5127,6,30,3,4,6,0,0,0,1,1,1,0,0,1,1,1,1,1,40,7,2,0,0,0,0,0,1,2,10
3,1,9,0,18,0,1,0,0,0,0,1,1,6,2,68,10,1242,1,12,1,1,1,383380,401700,6,1,1,1,107,3,576,6,30,3,4,6,0,0,8,1,1,2,0,0,1,1,1,3,2,8,2,3,5,2,0,0,0,0,1,3
3,3,9,0,18,0,1,0,0,0,0,1,1,6,1,49,8,1686,2,1,1,3,4,441924,390415,14,4,3,7,213,3,631,6,40,3,4,6,0,0,0,1,1,1,0,0,1,1,2,2,1,8,2,3,0,0,2,0,0,9,1,8
3,1,3,0,5,0,8,0,0,0,0,1,1,1,1,29,6,1598,1,8,1,1,2,524680,176660,1,2,1,3,11,3,304,6,30,6,3,6,0,0,1,1,1,1,0,0,1,2,1,1,1,29,6,3,0,0,0,0,0,3,1,4
3,1,9,0,18,0,4,0,0,0,0,1,1,1,1,38,7,1686,2,11,1,1,2,444689,241945,43,2,1,3,481,6,120,1,30,2,4,6,0,0,0,1,2,2,0,0,1,2,1,1,1,33,6,3,0,0,0,0,0,9,1,5
3,1,9,0,18,0,1,0,0,0,0,4,1,1,1,50,8,1598,1,8,1,1,1,535230,197600,1,1,1,4,32,3,1010,6,30,3,4,6,0,0,0,1,1,1,0,0,1,1,1,3,1,12,3,3,5,2,0,0,2,0,1,3
3,2,9,0,18,0,8,0,0,0,0,4,1,6,2,83,11,1896,2,13,1,3,2,604453,229403,42,2,3,5,461,6,0,6,30,6,4,6,0,0,0,1,1,1,0,0,2,1,1,1,2,83,11,3,0,0,0,0,0,9,1,4
3,2,1,0,12,0,8,0,0,0,10,1,1,6,1,37,7,1598,1,8,1,1,2,359012,173568,52,2,1,6,601,3,38,1,20,1,2,3,38,0,7,7,1,1,0,0,1,1,1,1,1,37,7,3,0,0,0,0,0,1,1,1
3,1,9,0,18,0,8,0,0,0,0,0,1,6,1,38,7,1598,1,8,1,1,2,457064,262442,34,2,1,2,381,4,4038,1,20,1,4,6,6031,0,0,1,1,1,0,0,1,3,1,1,1,33,6,3,0,0,0,0,0,9,1,5
3,1,9,0,9,0,4,0,0,0,0,1,1,6,2,36,7,1461,2,3,1,1,2,503543,429013,16,2,1,2,231,4,1231,3,30,2,4,6,0,0,0,4,1,2,0,0,1,1,1,1,1,33,6,3,0,0,0,0,0,9,1,5
3,2,9,0,5,0,1,0,0,0,0,1,1,6,1,27,6,1796,1,7,1,1,2,415200,287370,20,2,1,6,300,6,0,6,30,6,4,6,0,0,0,4,1,1,0,0,1,2,1,1,1,27,6,3,0,0,0,0,0,9,1,5
3,2,1,0,18,0,1,0,0,0,0,3,1,6,1,45,7,1598,1,8,1,1,2,463293,105642,44,2,1,3,498,3,27,3,30,3,2,6,0,0,5,1,9,1,0,0,1,2,1,1,1,45,7,3,0,0,0,0,0,1,1,1
3,1,9,0,18,0,0,0,0,0,0,2,1,6,1,29,6,1598,1,5,1,1,2,544590,183100,1,2,1,4,16,3,13,3,40,0,4,6,0,0,0,4,1,2,0,0,1,1,1,1,1,29,6,3,0,0,0,0,0,9,1,1
3,3,9,0,3,0,0,0,0,0,0,2,1,6,2,45,7,1299,1,14,1,1,3,568154,189268,42,3,1,3,450,4,148,6,40,0,4,6,0,0,0,1,1,2,0,0,1,1,1,1,1,33,6,3,0,0,0,0,0,9,1,5
3,3,9,0,3,0,0,0,0,0,0,2,1,6,1,22,5,1600,1,11,1,3,3,402010,288750,20,3,3,5,305,3,457,3,40,0,4,6,0,0,5,4,1,1,0,0,1,1,1,1,1,33,6,3,0,0,0,0,0,9,1,5
3,2,9,0,4,0,0,0,0,0,0,2,1,6,1,41,7,1598,2,4,1,1,2,400335,285029,20,2,1,4,300,3,456,3,40,0,4,6,0,0,4,1,9,1,0,0,1,2,1,1,1,41,7,3,0,0,0,0,0,9,1,10
3,3,9,0,9,0,1,0,0,0,0,2,1,6,1,67,10,1598,1,8,3,1,3,310774,734195,93,3,1,3,934,4,9099,6,60,8,4,6,0,0,0,1,1,1,0,0,2,1,1,1,1,33,6,3,0,0,0,0,0,9,1,5
2,2,5,0,13,0,0,2,10,7,10,2,1,6,1,53,8,865,1,2,2,2,2,339660,476560,3,2,2,7,65,4,5277,6,60,0,4,6,0,0,0,1,1,1,0,0,2,1,1,1,1,53,8,2,0,0,0,0,0,5,2,7
3,1,9,0,5,0,1,0,0,0,0,1,1,6,1,44,7,1956,2,3,2,1,1,624737,315659,36,1,1,7,401,6,0,6,30,3,4,6,0,0,0,4,1,1,0,0,2,1,1,3,1,36,7,3,9,5,0,0,0,0,1,8
3,1,9,0,18,0,1,0,0,0,0,1,1,1,1,49,8,1796,1,22,1,1,1,530740,160840,1,1,1,6,20,3,23,6,30,6,2,6,0,0,5,1,1,1,0,0,1,1,1,3,1,78,11,3,4,1,0,0,2,0,1,5
3,2,5,0,18,0,0,0,0,0,0,3,1,1,1,52,8,1649,1,1,3,1,2,513399,203766,41,2,1,2,434,3,405,3,70,0,4,6,0,0,0,1,1,1,0,0,1,1,1,1,1,52,8,3,0,0,0,0,0,5,3,7
3,1,9,0,18,0,0,5,10,1,4,4,1,6,2,17,4,1598,1,8,1,3,1,545530,173250,1,1,3,1,18,6,0,6,30,0,4,6,0,0,0,4,1,1,0,0,1,1,2,2,2,17,4,3,0,0,1,0,0,9,1,5
3,1,5,0,18,0,0,1,0,0,0,3,1,6,1,55,8,1598,1,8,1,1,1,181653,711330,97,1,1,2,913,3,816,6,60,0,4,6,0,0,0,1,2,2,0,0,2,2,1,2,2,55,8,3,0,0,0,0,0,5,1,5
2,1,9,0,18,0,2,0,0,0,0,3,1,6,1,27,6,1798,1,6,1,1,2,465146,105003,44,2,1,5,498,3,27,6,60,1,4,6,0,0,0,1,1,1,0,0,2,1,1,1,1,33,6,3,0,0,0,0,0,9,1,5
3,3,19,0,9,0,0,0,0,0,0,0,1,1,1,34,6,1868,2,14,1,1,3,431865,417369,13,3,1,7,206,6,0,6,30,0,4,6,0,0,0,1,1,1,0,0,1,1,1,1,1,33,6,3,0,0,0,0,0,9,1,5
3,2,9,0,4,0,1,0,0,0,0,1,1,6,1,32,6,1598,1,8,3,1,2,462682,428335,12,2,1,3,187,3,1041,6,60,8,4,6,0,0,0,1,1,1,0,0,2,1,1,1,1,33,6,3,0,0,0,0,0,9,1,5
3,1,9,0,18,0,0,1,4,0,0,1,1,6,1,46,8,1968,2,6,1,3,2,374170,385489,7,2,3,5,129,3,556,3,50,0,4,6,0,0,0,4,1,1,4,0,2,1,2,2,2,38,7,3,0,0,1,0,0,9,1,10
3,2,9,0,18,0,8,0,0,0,0,1,1,6,1,64,9,1998,7,8,1,1,2,531560,161910,1,2,1,7,20,3,235,6,30,6,2,3,235,0,5,4,2,2,0,0,1,1,1,1,1,33,6,3,0,0,0,0,0,9,1,5
2,1,5,0,18,0,3,0,0,0,0,1,1,6,1,56,9,999,1,8,1,1,1,395480,268690,22,1,1,5,270,3,38,1,30,1,4,6,0,0,0,4,1,1,0,0,1,1,1,1,1,56,9,2,0,0,0,0,0,5,1,10
3,1,9,0,18,0,2,0,0,0,0,1,1,6,1,43,7,1598,1,9,1,1,2,531160,176710,1,2,1,6,9,3,23,6,30,3,4,6,0,0,1,1,1,1,0,0,1,1,1,1,1,33,6,3,0,0,0,0,0,9,1,5
3,2,9,0,3,0,0,0,0,0,0,2,1,6,3,38,7,1598,1,8,1,1,5,502708,178183,43,5,1,6,473,1,4,3,70,0,4,6,0,0,0,1,1,1,0,0,2,1,1,1,1,33,6,3,0,0,0,0,0,9,1,5
3,2,9,0,7,0,6,0,0,0,0,1,1,6,2,64,9,1999,1,4,1,2,2,432270,337290,30,2,2,1,323,3,52,6,40,3,4,6,0,0,0,1,1,1,0,0,1,1,2,1,2,64,9,3,0,0,0,0,0,9,1,9
3,2,9,0,18,0,8,0,0,0,0,1,1,6,2,21,5,1229,1,10,1,3,2,290809,64570,50,2,3,3,587,6,0,6,30,6,2,6,0,0,5,1,1,1,0,0,1,1,1,1,2,21,5,3,0,0,0,0,0,9,1,4
3,1,9,0,18,0,8,0,0,0,0,4,1,6,2,24,5,1328,1,7,1,2,2,354690,429710,4,2,2,1,79,3,6063,6,30,3,2,4,6243,0,5,1,1,1,0,0,1,1,1,1,2,24,5,3,0,0,0,0,0,9,1,4
3,2,9,0,18,0,0,1,0,0,0,1,1,2,2,35,6,1490,1,7,1,1,2,450743,359207,31,2,1,5,340,6,0,6,30,0,4,6,0,0,1,1,1,1,0,0,1,1,1,1,2,35,6,3,0,0,0,0,0,9,1,4
3,1,9,0,4,0,1,1,0,0,0,1,1,6,2,42,7,1598,1,8,1,1,2,286270,378710,60,2,1,6,721,4,5383,7,30,5,4,3,55,0,0,1,2,2,0,0,2,1,1,1,1,33,6,3,0,0,0,0,0,9,1,5
2,1,2,0,9,0,5,0,0,0,0,3,1,1,1,48,8,49,1,2,1,1,1,523090,227350,41,1,1,3,433,4,197,6,40,3,4,4,197,0,0,1,1,2,0,0,2,1,1,1,1,48,8,2,0,0,0,0,0,2,1,5
3,2,19,0,18,0,1,0,0,0,0,1,1,1,1,42,7,1998,2,12,1,2,2,401780,281260,20,2,2,5,300,6,0,3,30,3,4,4,4121,0,0,1,1,1,0,0,1,2,1,1,1,42,7,3,0,0,0,0,0,19,1,6
3,2,9,0,5,0,0,0,0,0,0,3,1,6,1,35,6,1995,2,11,1,1,2,251654,668412,97,2,1,1,926,3,814,6,30,0,4,6,0,0,0,1,2,2,0,0,1,1,1,1,1,33,6,3,0,0,0,0,0,9,1,5
3,2,9,0,3,0,1,0,0,0,0,2,1,6,1,66,10,1599,1,8,2,1,2,529200,183370,1,2,1,3,2,4,512,6,30,6,2,3,4200,0,5,1,1,2,0,0,1,1,1,2,2,66,10,3,0,0,1,0,0,9,2,10
3,1,9,0,18,0,0,0,0,0,0,4,1,6,1,52,8,1995,2,7,1,1,2,504402,222512,40,2,1,5,421,3,505,3,30,0,4,6,0,0,7,1,1,1,0,0,1,1,1,1,1,52,8,3,0,0,0,0,0,9,1,3
3,2,9,0,2,0,0,0,0,0,0,0,1,2,1,21,5,1390,1,14,3,1,2,385195,345536,21,2,1,4,253,3,34,3,40,0,4,6,0,0,0,1,1,1,0,0,1,2,1,1,1,33,6,3,0,0,0,0,0,9,1,5
3,2,9,0,18,0,1,0,0,0,0,1,1,3,1,38,7,1896,2,17,1,1,3,437389,408414,14,3,1,5,210,6,0,6,30,8,4,6,0,0,0,1,2,2,0,0,1,1,1,1,1,33,6,3,0,0,0,0,0,9,1,5
3,3,97,0,10,0,1,0,0,0,0,1,1,6,1,47,8,49,1,11,1,1,3,387956,349223,21,3,1,2,257,3,53,6,30,3,4,4,5050,0,0,1,1,1,0,0,1,1,1,1,1,47,8,3,0,0,0,0,0,97,1,6
3,1,9,0,18,0,1,0,0,0,0,1,1,1,1,42,7,1598,1,8,1,1,3,251986,666083,97,3,1,5,935,3,736,3,40,1,4,6,0,0,5,1,1,1,0,0,1,1,1,1,1,33,6,3,0,0,0,0,0,9,1,5
3,1,9,0,18,0,8,0,0,0,0,1,1,6,2,27,6,1598,1,8,1,2,2,537610,194890,1,2,2,4,13,3,112,6,30,6,2,3,110,0,5,4,2,2,0,0,1,1,1,1,2,27,6,3,0,0,0,0,0,9,1,3
3,1,9,0,9,0,2,0,0,0,0,1,1,6,2,62,9,1598,1,8,2,1,2,304257,183039,62,2,1,3,744,4,4595,3,30,6,4,6,0,0,5,1,1,1,0,0,1,1,1,1,2,62,9,3,0,0,0,0,0,9,2,5
3,1,2,0,18,0,1,0,0,0,0,2,1,6,1,17,4,49,1,6,1,1,2,564460,174030,46,2,1,7,535,3,226,6,30,3,4,6,0,0,1,1,1,1,0,0,1,1,1,1,1,17,4,3,0,0,0,0,0,2,1,1
2,1,9,0,18,0,0,2,0,1,4,1,1,6,1,47,8,1587,1,14,1,2,1,435085,477314,12,1,2,2,182,2,1,3,70,0,4,6,0,0,0,1,1,1,0,0,2,1,1,1,1,47,8,2,0,0,0,0,0,9,1,2
3,1,9,0,4,0,1,0,0,0,0,0,1,1,1,46,8,1560,2,2,1,1,3,502735,164702,45,3,1,1,514,3,320,1,50,1,4,3,320,0,0,1,4,1,0,0,2,1,1,1,1,33,6,3,0,0,0,0,0,9,1,5
3,1,9,0,18,0,1,0,0,0,0,1,1,6,2,38,7,1753,2,14,1,2,2,573408,166955,46,2,2,1,544,6,0,6,30,3,4,6,0,0,0,1,1,1,0,0,1,2,1,1,1,33,6,3,0,0,0,0,0,9,1,5
3,1,9,0,5,2,0,0,0,0,0,0,1,6,3,38,7,1598,1,8,1,1,2,471806,170724,43,2,1,2,472,4,3031,6,30,0,4,6,0,0,0,4,2,2,0,0,1,2,1,1,1,33,6,3,0,0,0,0,0,9,1,5
3,1,9,0,18,0,0,0,0,0,0,1,1,6,3,38,7,1598,1,8,1,1,3,462600,211898,43,3,1,5,476,1,40,3,70,0,4,6,0,0,0,1,1,1,0,0,2,1,1,1,1,33,6,3,0,0,0,0,0,9,1,5
3,1,19,0,17,0,0,0,0,0,4,1,1,1,1,29,6,2198,2,8,1,1,1,248684,671617,97,1,1,2,916,6,0,6,30,0,4,6,0,0,0,1,2,2,0,0,1,1,1,1,1,29,6,3,0,0,0,0,0,19,1,5
3,1,9,0,18,0,8,0,0,7,7,1,1,2,1,57,9,2494,2,3,3,2,2,472636,399262,16,2,2,4,232,4,1396,6,60,6,4,6,0,0,0,6,1,2,0,0,2,1,1,1,1,57,9,3,0,0,0,0,0,9,3,8
3,1,9,0,8,0,2,0,0,0,0,1,1,6,1,20,4,1086,1,12,2,1,1,303800,536540,3,1,1,1,60,3,596,6,30,6,2,6,0,0,4,4,1,1,0,0,2,1,1,3,1,35,6,3,5,1,0,0,0,0,2,2
2,3,9,0,18,0,0,0,0,0,0,2,1,6,1,79,11,1598,1,8,1,8,4,320545,352359,60,4,8,7,723,3,5104,6,60,0,4,6,0,0,0,1,1,1,0,0,2,1,2,1,1,79,11,3,0,0,0,0,0,9,1,5
3,2,1,0,18,0,8,0,0,0,0,1,1,6,1,44,7,1598,1,8,1,1,2,538010,187980,1,2,1,6,13,3,112,6,30,6,2,5,0,0,5,1,1,1,0,0,1,1,1,1,1,44,7,3,0,0,0,0,0,1,1,4
3,2,1,0,18,0,0,0,0,0,0,3,1,6,1,38,7,1598,1,8,1,1,2,295292,84975,50,2,1,6,585,3,379,6,40,0,4,6,0,0,0,1,1,1,0,0,2,2,1,1,1,33,6,3,0,0,0,0,0,1,1,7
3,1,1,0,9,0,6,0,0,0,0,2,1,1,2,43,7,1598,1,8,1,1,2,412965,91909,55,2,1,4,640,5,309,6,30,3,4,4,3059,0,0,4,1,1,0,0,1,1,1,1,2,43,7,3,0,0,0,0,0,1,1,3
3,3,9,0,3,0,1,0,0,0,0,2,1,6,1,38,7,1798,1,8,1,2,3,577995,188260,42,3,2,3,453,3,13,6,30,3,4,6,0,0,0,1,1,1,0,0,1,1,2,1,1,33,6,3,0,0,0,0,0,9,1,9
3,1,19,0,11,0,3,0,0,0,0,2,1,6,3,38,7,1968,2,4,1,1,2,479389,354676,31,2,1,2,345,3,46,1,40,1,4,3,617,0,0,1,1,2,0,0,2,2,1,1,1,33,6,3,0,0,0,0,0,9,1,5
3,1,9,0,18,0,0,0,0,0,0,1,1,6,1,38,7,1560,2,5,1,1,1,540530,185000,1,1,1,3,17,3,118,6,30,0,4,6,0,0,5,1,1,1,0,0,1,1,1,3,2,47,8,3,1,1,0,0,2,0,1,3
3,1,9,0,18,0,1,0,0,0,0,1,1,1,2,43,7,1596,1,12,1,1,2,245178,55428,50,2,1,2,583,6,0,6,30,3,4,6,0,0,0,1,1,1,0,0,1,2,1,1,1,33,6,3,0,0,0,0,0,9,1,5
3,2,9,0,2,0,0,0,0,0,0,3,1,6,1,38,7,1796,1,14,1,1,2,523150,179640,1,2,1,3,11,3,402,6,30,0,4,6,0,0,4,1,2,2,0,0,1,2,1,1,1,33,6,3,0,0,0,0,0,9,1,5
3,2,9,0,18,0,1,0,0,0,0,1,1,1,1,33,6,1686,2,4,1,1,2,295754,94514,50,2,1,2,581,6,0,6,30,3,4,5,0,0,0,4,1,1,0,0,1,2,1,1,1,33,6,3,0,0,0,0,0,9,1,5
3,2,9,0,18,0,8,0,0,0,0,1,1,6,2,56,9,1799,1,9,1,2,2,349540,240150,22,2,2,7,285,6,0,6,30,3,4,6,0,0,0,1,1,1,0,0,1,2,1,2,2,54,8,3,0,0,1,0,0,9,1,7
3,1,9,0,18,0,0,5,0,0,0,3,1,6,2,56,9,1598,1,8,1,1,2,416493,93296,55,2,1,1,641,4,3059,6,40,0,4,6,0,0,0,4,1,1,0,0,2,1,1,1,2,56,9,3,0,0,0,0,0,9,1,7
3,1,9,0,9,0,8,0,0,0,0,1,1,2,1,40,7,1896,2,14,1,2,3,465532,115966,44,3,2,3,502,6,0,6,60,3,4,6,0,0,0,1,1,1,0,0,2,1,1,1,1,40,7,3,0,0,0,0,0,9,1,10
3,3,21,0,18,0,0,0,0,0,0,2,1,1,1,46,8,11705,2,7,1,1,3,500735,307300,33,3,1,6,368,3,1,3,70,0,4,6,0,0,0,1,1,1,0,3,2,1,1,1,1,33,6,3,0,0,0,0,0,9,1,5
2,1,9,0,13,0,1,1,0,7,11,1,1,6,3,38,7,1781,1,15,1,1,2,329434,406591,5,2,1,2,93,6,0,6,30,3,4,6,0,0,0,4,1,1,0,0,1,1,1,1,1,33,6,3,0,0,0,0,0,9,1,5
3,2,9,0,3,0,8,0,0,0,0,1,1,1,1,38,7,1598,1,8,1,1,3,527560,176270,1,3,1,3,10,3,3220,6,30,6,2,6,0,0,5,1,1,1,0,0,1,1,1,1,1,33,6,3,0,0,0,0,0,9,1,5
3,1,9,0,9,0,5,0,0,0,0,4,1,6,3,38,7,1753,2,7,1,1,2,530661,104714,47,2,1,7,565,4,2121,6,20,6,4,6,0,0,0,1,1,1,0,0,1,2,1,1,1,33,6,3,0,0,0,0,0,9,1,5
3,1,9,0,1,0,0,0,4,0,0,2,1,6,2,58,9,1390,1,12,1,1,2,507700,183830,1,2,1,5,26,6,0,3,30,0,4,6,0,0,0,1,1,2,0,0,1,1,1,1,2,58,9,3,0,0,0,0,0,9,1,5
3,1,9,0,6,0,0,1,0,0,0,1,1,6,3,38,7,1598,1,8,1,1,2,562380,174260,46,2,1,4,535,4,2175,6,30,0,4,6,0,0,0,1,1,1,0,0,1,1,1,1,1,33,6,3,0,0,0,0,0,9,1,5
3,1,9,0,18,0,2,0,0,0,0,1,1,6,2,20,4,1149,1,15,1,2,2,333040,447920,4,2,2,6,85,6,0,6,30,3,4,6,0,0,0,1,2,2,0,0,1,1,1,1,2,20,4,3,0,0,0,0,0,9,1,6
3,1,9,0,7,0,8,0,0,0,0,2,1,6,1,26,6,1689,2,14,1,1,2,536610,177040,1,2,1,5,7,3,2,6,30,3,4,4,207,0,0,1,1,1,0,0,1,1,1,1,1,33,6,3,0,0,0,0,0,9,1,5
3,1,9,0,18,0,1,1,0,0,0,1,1,2,1,28,6,1598,1,8,1,1,3,327270,310610,63,3,1,2,753,3,483,6,40,3,4,6,0,0,0,4,2,2,0,0,2,1,1,1,1,33,6,3,0,0,0,0,0,9,1,5