accident_severity,vehicle_reference,vehicle_type,towing_and_articulation,vehicle_manoeuvre,vehicle_location-restricted_lane,junction_location,skidding_and_overturning,hit_object_in_carriageway,vehicle_leaving_carriageway,hit_object_off_carriageway,1st_point_of_impact,was_vehicle_left_hand_drive?,journey_purpose_of_driver,sex_of_driver,age_of_driver,age_band_of_driver,engine_capacity_(cc),propulsion_code,age_of_vehicle,driver_home_area_type,NUmber_of_Casualities_unique_to_accident_index,No_of_Vehicles_involved_unique_to_accident_index,location_easting_osgr,location_northing_osgr,police_force,number_of_vehicles,number_of_casualties,day_of_week,local_authority_(district),1st_road_class,1st_road_number,road_type,speed_limit,junction_detail,junction_control,2nd_road_class,2nd_road_number,pedestrian_crossing-human_control,pedestrian_crossing-physical_facilities,light_conditions,weather_conditions,road_surface_conditions,special_conditions_at_site,carriageway_hazards,urban_or_rural_area,did_police_officer_attend_scene_of_accident,casualty_reference,casualty_class,sex_of_casualty,age_of_casualty,age_band_of_casualty,casualty_severity,pedestrian_location,pedestrian_movement,car_passenger,bus_or_coach_passenger,pedestrian_road_maintenance_worker,casualty_type,casualty_home_area_type,casualty_imd_decile
3,2,9,0,1,0,2,0,0,0,0,2,1,6,1,48,8,1598,1,8,1,1,2,527170,163880,1,2,1,6,21,6,0,6,30,3,4,6,0,0,0,1,1,1,0,0,1,2,1,1,1,33,6,3,0,0,0,0,0,9,1,5
2,2,9,0,18,0,1,0,0,0,0,1,1,2,1,25,5,1753,2,12,1,2,2,539715,366183,32,2,2,3,351,3,16,6,30,3,4,4,1195,0,0,1,1,1,0,0,2,1,2,1,1,25,5,3,0,0,0,0,0,9,1,7
2,1,9,0,4,0,1,0,0,0,0,2,1,6,1,31,6,1598,2,8,1,3,3,511480,187100,1,3,3,2,26,5,0,6,30,9,4,6,0,0,1,1,1,1,0,6,1,1,1,1,1,31,6,3,0,0,0,0,0,9,1,7
2,1,3,0,14,0,0,5,0,0,0,1,1,6,1,17,4,124,1,7,1,1,2,401740,282840,20,2,1,1,300,6,0,6,30,0,4,6,0,0,0,1,1,1,0,0,1,1,1,1,1,17,4,2,0,0,0,0,0,3,1,3
3,1,9,0,6,0,1,0,0,0,0,2,1,6,2,28,6,1587,1,12,1,3,2,530320,183310,1,2,3,7,2,3,5200,6,20,3,4,5,0,0,0,4,1,1,0,0,1,1,3,2,2,27,6,3,0,0,2,0,0,9,1,7
2,2,1,0,17,0,8,0,0,0,0,3,1,6,2,44,7,1598,1,8,1,4,5,417398,193296,54,5,4,2,633,6,0,6,30,3,4,6,0,0,0,1,1,1,0,0,2,1,1,1,2,44,7,3,0,0,0,0,0,1,1,2
3,2,9,0,3,0,0,0,0,0,0,2,1,2,1,21,5,1360,1,10,1,2,2,397870,289450,20,2,2,2,305,3,4123,3,40,0,4,6,0,0,5,1,1,1,0,0,1,2,1,1,1,21,5,3,0,0,0,0,0,9,1,7
3,1,9,0,18,0,0,0,0,0,0,1,1,6,1,37,7,1390,1,15,1,1,1,512730,180160,1,1,1,5,27,3,3005,6,30,0,4,6,0,0,0,1,1,1,0,0,1,1,1,3,1,76,11,3,5,2,0,0,2,0,1,3
3,1,9,0,2,0,2,0,0,0,0,3,1,6,2,47,8,1598,2,3,1,2,2,424673,567629,10,2,2,3,147,6,1295,6,30,3,4,6,1291,0,0,1,1,1,0,0,1,1,1,1,2,47,8,3,0,0,0,0,0,9,1,10
3,2,1,0,15,0,8,0,0,0,0,1,1,6,1,32,6,1598,1,8,1,1,2,544530,187390,1,2,1,7,14,5,0,6,30,3,4,5,0,0,0,1,1,1,0,0,1,1,1,1,1,32,6,3,0,0,0,0,0,1,1,3
3,1,9,0,14,0,0,1,0,7,9,1,1,2,2,33,6,1368,1,8,2,2,2,534061,140815,45,2,2,6,516,4,2028,6,40,0,4,6,0,0,0,1,1,1,0,0,2,1,1,1,2,33,6,3,0,0,0,0,0,9,2,4
3,1,5,0,18,0,1,0,0,0,0,2,1,6,1,50,8,998,1,8,3,2,2,606760,139000,46,2,2,2,530,6,2521,6,60,3,4,6,0,0,1,1,1,2,0,0,2,1,1,1,1,50,8,3,0,0,0,0,0,5,3,5
3,4,9,0,3,0,2,0,0,0,0,2,1,6,1,59,9,1198,1,2,3,1,4,504686,248397,40,4,1,4,420,3,5141,6,30,3,4,6,0,0,4,1,1,1,0,0,1,1,1,1,1,33,6,3,0,0,0,0,0,9,1,5
3,2,10,0,18,0,0,0,0,0,0,3,1,1,1,66,10,2300,2,9,1,1,3,240073,677873,97,3,1,3,916,3,813,6,60,0,4,6,0,0,0,1,3,3,0,0,1,1,1,1,1,33,6,3,0,0,0,0,0,9,1,5
3,1,9,0,18,0,8,5,0,1,9,1,1,6,2,24,5,1242,1,9,1,4,2,488070,404835,16,2,4,7,232,6,0,6,60,8,4,6,0,0,0,1,1,1,0,0,2,1,1,1,2,24,5,3,0,0,0,0,0,9,1,7
3,1,9,0,16,0,0,1,0,0,0,3,1,6,1,38,7,1686,2,10,1,1,2,498054,150268,45,2,1,1,511,3,3,3,50,0,4,6,0,0,0,4,2,2,0,0,1,1,1,2,2,22,5,3,0,0,1,0,0,9,1,10
3,2,9,0,3,0,8,0,0,0,0,2,1,6,2,26,6,1896,2,11,1,1,3,524790,189420,1,3,1,4,30,3,406,3,40,6,2,3,598,0,0,1,1,1,0,0,1,1,1,1,2,26,6,3,0,0,0,0,0,9,1,3
3,2,9,0,4,0,0,0,0,0,0,2,1,6,2,40,7,1598,1,8,3,1,2,258913,198796,62,2,1,3,745,4,4296,6,30,0,4,6,0,0,0,1,1,1,0,0,1,1,2,1,2,40,7,3,0,0,0,0,0,9,3,5
3,2,21,0,18,0,0,0,0,0,0,2,1,1,1,44,7,10837,2,2,1,1,2,413411,304350,21,2,1,3,252,3,38,3,70,0,4,6,0,0,0,4,1,2,0,0,2,2,1,1,1,33,6,3,0,0,0,0,0,9,1,5
3,1,9,0,5,0,0,0,0,0,0,1,1,6,1,19,4,1598,1,8,1,2,2,316554,198166,61,2,2,1,731,6,0,6,30,0,4,6,0,0,0,1,1,4,0,0,1,1,1,1,1,19,4,3,0,0,0,0,0,9,1,5
3,2,21,0,18,0,0,0,0,0,0,3,1,1,1,58,9,1598,1,8,1,1,2,337878,189648,61,2,1,7,733,1,4,3,70,0,4,6,0,0,0,4,4,2,0,0,2,1,1,1,1,33,6,3,0,0,0,0,0,9,1,5
3,2,9,0,4,0,0,0,0,0,0,2,1,5,1,64,9,1598,1,8,1,3,4,435150,288010,23,4,3,2,291,3,444,3,60,0,4,6,0,0,0,4,1,2,0,0,2,1,3,2,2,71,10,3,0,0,1,0,0,9,2,7
3,2,1,0,4,0,1,0,0,0,0,1,1,1,1,20,4,1598,1,8,1,1,2,518700,301640,35,2,1,5,394,6,0,6,30,3,4,5,0,0,4,1,1,1,0,0,1,1,1,1,1,20,4,3,0,0,0,0,0,1,1,2
3,1,9,0,4,0,0,0,0,0,0,0,1,6,1,25,5,1240,1,9,1,2,2,389870,411680,6,2,2,3,106,3,664,6,30,0,4,6,0,0,0,1,1,1,0,3,1,1,1,2,1,25,5,3,0,0,1,0,0,9,1,4
3,1,9,0,3,0,8,0,0,0,0,2,1,6,1,53,8,2993,2,2,1,1,2,519020,175700,1,2,1,7,24,3,316,3,30,1,4,4,353,0,1,4,1,1,0,0,1,1,1,1,1,33,6,3,0,0,0,0,0,9,1,5
3,2,9,0,3,0,1,0,0,0,0,2,1,6,1,66,10,1598,1,12,1,1,2,523220,169050,1,2,1,6,22,3,298,3,30,6,2,4,279,0,5,1,1,1,0,0,1,1,1,1,1,33,6,3,0,0,0,0,0,9,1,5
2,2,9,0,18,0,8,1,0,0,0,1,1,6,1,65,9,1598,1,5,1,6,4,597980,281864,36,4,6,3,400,3,1066,6,60,6,4,6,0,0,0,1,1,1,0,0,2,1,6,2,1,27,6,3,0,0,2,0,0,9,1,2
2,1,19,0,18,0,4,0,0,0,0,1,1,1,1,64,9,2148,2,8,1,1,2,528516,139661,47,2,1,7,560,6,0,1,30,1,4,6,0,0,0,1,1,1,0,0,2,1,1,1,1,33,6,3,0,0,0,0,0,9,1,5
3,2,19,0,13,0,0,5,0,7,0,1,1,1,1,23,5,1896,2,8,3,1,2,531464,351483,32,2,1,4,351,4,1183,6,60,0,4,6,0,0,0,1,1,1,0,0,2,2,1,1,1,23,5,3,0,0,0,0,0,19,3,4
3,2,9,0,5,0,0,0,0,0,0,0,1,6,1,23,5,998,1,4,1,1,2,522880,189520,1,2,1,3,30,5,0,6,30,0,4,6,0,0,0,1,1,1,0,0,1,1,1,1,1,33,6,3,0,0,0,0,0,9,1,5
3,2,1,0,18,0,0,1,0,0,0,4,1,6,1,34,6,1598,1,8,1,1,2,488764,409968,16,2,1,3,232,3,18,6,30,0,4,6,0,0,4,1,1,1,0,0,2,1,1,1,1,34,6,3,0,0,0,0,0,1,1,3
3,2,9,0,18,0,1,0,0,0,0,1,1,2,2,44,7,875,1,1,1,2,2,451937,407972,14,2,2,6,211,6,0,6,60,8,4,6,0,0,0,1,4,1,0,0,2,1,2,1,2,44,7,3,0,0,0,0,0,9,1,10
3,1,9,0,18,0,1,0,0,0,0,1,1,6,1,45,7,2982,2,1,3,1,2,477707,412152,16,2,1,7,232,3,161,6,30,8,4,6,0,0,0,1,1,1,0,0,2,1,1,1,1,33,6,3,0,0,0,0,0,9,1,5
3,1,9,0,5,0,8,0,0,0,0,1,1,6,1,35,6,3999,1,8,1,1,2,494778,367472,32,2,1,4,353,6,0,6,30,3,4,6,0,0,0,1,1,2,0,0,1,2,1,1,1,33,6,3,0,0,0,0,0,9,1,5
3,1,9,0,18,0,8,0,0,0,0,4,1,6,1,73,10,1970,1,13,1,2,2,544780,167760,1,2,2,6,19,5,0,6,30,3,4,5,0,0,0,1,1,1,0,0,1,1,1,1,1,73,10,3,0,0,0,0,0,9,1,7
3,1,8,0,13,0,1,0,0,0,0,4,1,1,1,58,9,2664,2,15,1,1,2,532070,187480,1,2,1,6,4,3,503,6,30,6,2,3,105,0,5,1,1,1,0,0,1,1,1,1,1,33,6,3,0,0,0,0,0,9,1,5
3,2,8,0,18,0,8,0,0,0,0,1,1,6,1,34,6,1998,2,11,1,1,2,634800,170630,46,2,1,1,541,6,4153,6,30,3,4,6,0,0,0,1,1,1,0,0,1,1,1,1,1,34,6,3,0,0,0,0,0,8,1,7
3,1,9,0,9,0,6,0,0,0,0,3,1,2,2,29,6,1248,1,3,1,2,2,374627,369956,7,2,2,6,129,3,50,6,50,3,4,4,5082,0,0,1,1,1,0,0,2,1,1,1,2,29,6,3,0,0,0,0,0,9,1,6
3,2,1,0,18,0,1,0,0,0,0,3,1,6,2,23,5,1598,1,8,1,1,2,457324,450749,12,2,1,6,189,5,413,6,30,3,4,6,5711,0,0,4,1,1,0,0,1,1,1,1,2,23,5,3,0,0,0,0,0,1,1,7
3,1,9,0,5,0,4,0,0,0,0,1,1,2,1,40,7,1368,1,7,1,1,2,441507,273314,23,2,1,2,292,4,4455,6,50,1,4,3,45,0,8,1,2,2,0,0,2,1,1,1,1,33,6,3,0,0,0,0,0,9,1,5
3,1,19,0,1,0,2,0,0,0,0,2,1,1,1,38,7,2198,2,8,1,1,1,358250,406150,6,1,1,6,114,6,0,6,30,3,4,6,0,0,0,1,1,1,0,0,1,1,1,3,2,67,10,3,5,1,0,0,0,0,1,9
3,1,17,4,18,0,0,0,0,0,0,1,1,1,1,63,9,1598,2,18,3,2,2,414440,412294,13,2,2,7,203,6,0,6,30,0,4,6,0,0,0,1,1,1,0,1,1,1,1,1,1,33,6,3,0,0,0,0,0,9,1,5
3,2,9,0,9,0,1,0,0,0,0,2,1,6,1,43,7,1598,1,8,1,1,2,546380,191830,1,2,1,6,14,5,0,6,30,3,4,6,0,0,0,1,1,2,0,0,1,1,1,1,1,33,6,3,0,0,0,0,0,9,1,5
2,1,2,0,4,0,1,0,0,0,0,1,1,6,1,16,4,49,1,13,3,1,2,502213,224008,40,2,1,1,424,5,198,6,30,8,4,6,0,0,0,1,1,1,0,0,1,1,1,1,1,16,4,2,0,0,0,0,0,2,3,8
3,1,9,0,18,0,1,0,0,0,0,1,1,6,2,63,9,973,1,13,1,2,3,556262,363384,32,3,2,3,351,3,52,6,30,3,4,3,52,0,1,1,1,1,0,0,1,1,1,2,1,8,2,3,0,0,2,0,0,9,1,4
3,1,9,0,17,0,8,0,0,1,11,1,1,6,1,48,8,1229,1,10,1,1,1,437921,558397,10,1,1,2,150,6,5328,6,30,3,4,6,5328,0,0,1,2,2,0,0,1,1,1,2,2,37,7,3,0,0,1,0,0,9,1,5
3,3,9,0,10,0,1,0,0,0,0,2,1,6,2,32,6,1461,2,3,1,1,3,369591,356211,7,3,1,5,129,3,538,6,30,8,4,6,0,0,4,1,1,1,0,0,1,1,1,1,1,33,6,3,0,0,0,0,0,9,1,5
2,1,9,0,18,0,0,0,0,1,9,1,1,6,1,28,6,1396,1,1,1,1,1,393788,661361,95,1,1,4,914,3,1,6,60,0,4,6,0,0,0,1,3,4,0,0,2,1,1,1,1,28,6,2,0,0,0,0,0,9,1,9
3,1,9,0,1,0,5,0,4,0,0,2,1,6,1,25,5,1896,2,11,1,1,2,436403,389399,14,2,1,1,215,6,0,6,20,3,4,6,0,0,0,1,1,1,0,0,1,1,1,1,1,33,6,3,0,0,0,0,0,9,1,5
3,2,3,0,18,0,1,0,0,0,0,3,1,6,1,22,5,125,1,4,1,1,2,529830,182640,1,2,1,7,2,3,501,3,30,6,2,6,0,0,5,1,1,1,0,0,1,1,1,1,1,22,5,3,0,0,0,0,0,3,1,3
3,2,9,0,7,0,8,0,0,0,0,2,1,6,1,33,6,1399,2,4,1,3,2,332880,443380,4,2,3,5,85,3,585,6,30,7,2,6,0,0,8,1,1,2,4,0,1,1,2,1,1,33,6,3,0,0,0,0,0,9,1,2
3,1,9,0,18,0,4,0,0,0,0,1,1,6,2,79,11,1598,1,8,2,1,2,339052,362583,7,2,1,4,130,3,483,1,60,1,4,3,55,0,0,4,2,2,4,0,2,1,1,1,1,33,6,3,0,0,0,0,0,9,1,5
3,1,9,0,18,0,4,1,10,7,10,1,1,6,1,26,6,1299,1,11,1,2,2,408490,284310,20,2,2,1,300,6,0,6,30,2,4,6,0,0,4,4,1,1,0,0,1,1,1,1,1,26,6,3,0,0,0,0,0,9,1,3
3,1,9,0,5,0,8,0,0,0,0,1,1,2,2,40,7,998,1,5,1,1,2,512060,172540,1,2,1,6,25,3,314,3,30,6,2,3,312,0,5,1,1,1,0,0,1,1,1,1,2,40,7,3,0,0,0,0,0,9,1,3
3,1,1,0,18,0,8,0,0,0,0,2,1,2,2,69,10,1598,1,8,1,1,2,517660,174870,1,2,1,2,24,6,0,6,30,6,4,6,0,0,0,1,2,2,0,0,1,2,1,1,2,69,10,3,0,0,0,0,0,1,1,7
3,1,9,0,9,0,1,0,0,0,0,1,1,6,2,49,8,1364,1,5,1,2,3,537229,121653,47,3,2,5,554,3,272,6,60,8,4,6,0,0,0,1,1,1,0,0,2,1,1,1,2,49,8,3,0,0,0,0,0,9,1,10
3,2,9,0,18,0,0,0,0,0,0,1,1,6,2,35,6,1998,1,12,1,2,3,412070,285300,20,3,2,4,300,6,0,6,30,0,4,6,0,0,0,1,1,1,0,0,1,1,2,2,2,16,4,3,0,0,1,0,0,9,1,2
3,1,9,0,3,0,1,0,0,0,0,3,1,1,1,62,9,1997,2,9,3,1,2,243862,55262,50,2,1,2,596,3,374,6,30,3,4,6,0,0,0,1,2,2,0,0,2,1,1,1,1,33,6,3,0,0,0,0,0,9,1,5
3,2,9,0,18,0,1,0,0,0,0,1,1,6,1,45,7,1956,2,4,1,2,2,415269,428474,13,2,2,5,200,3,641,3,30,6,4,6,0,0,0,1,1,1,0,0,1,1,2,1,1,45,7,3,0,0,0,0,0,9,1,5
3,1,9,0,9,0,4,0,0,0,0,1,1,6,1,55,8,1956,2,2,1,1,2,482393,211844,43,2,1,5,476,4,4443,1,30,2,4,5,173,0,4,4,1,1,0,0,1,1,1,1,1,33,6,3,0,0,0,0,0,9,1,5
3,2,9,0,4,0,4,0,0,0,0,2,1,2,2,21,5,1598,1,8,1,1,2,429788,556467,10,2,1,2,150,3,1231,3,70,1,4,3,182,0,0,1,1,1,0,0,1,1,1,1,2,21,5,3,0,0,0,0,0,9,1,5
3,2,9,0,3,0,1,0,0,0,0,2,1,3,1,22,5,1389,1,20,1,1,2,428722,581739,10,2,1,4,139,3,193,6,30,9,4,6,0,0,4,1,1,1,0,0,1,1,1,2,2,23,5,3,0,0,1,0,0,9,1,5
3,1,9,0,18,0,0,0,10,0,0,1,1,6,2,38,7,1998,2,10,1,1,1,391680,288810,20,1,1,4,303,6,0,6,30,0,4,6,0,0,0,1,1,1,0,0,1,2,1,3,2,7,2,3,5,1,0,0,0,0,1,1
3,2,9,0,18,0,8,0,0,0,0,4,1,6,1,70,10,3456,8,8,1,1,2,522820,188570,1,2,1,6,30,5,0,6,30,6,4,6,0,0,1,1,2,2,0,0,1,1,1,1,1,33,6,3,0,0,0,0,0,9,1,5
3,1,9,0,9,0,8,0,0,0,0,1,1,6,2,24,5,1364,1,9,2,1,2,551570,275650,35,2,1,7,391,3,10,6,60,3,4,5,157,0,0,1,1,1,0,0,2,1,1,1,2,24,5,3,0,0,0,0,0,9,2,6
3,2,9,0,18,0,0,0,0,0,0,2,1,6,2,52,8,1598,1,13,1,2,2,396540,354658,21,2,2,2,256,3,53,6,40,0,4,6,0,0,0,1,1,1,0,0,1,1,2,2,1,61,9,3,0,0,0,0,0,9,1,3
3,1,9,0,18,0,2,0,0,0,0,4,1,6,1,23,5,1390,1,8,1,1,2,535530,198430,1,2,1,7,32,3,1010,6,30,3,4,6,0,0,8,7,9,1,0,0,1,2,1,1,1,23,5,3,0,0,0,0,0,9,1,4
3,1,9,0,4,0,8,0,0,0,0,1,1,6,3,38,7,1896,2,8,1,1,2,600130,143690,46,2,1,5,530,3,20,1,40,1,2,3,20,0,0,1,1,1,0,0,2,1,1,1,1,33,6,3,0,0,0,0,0,9,1,5
3,1,9,0,17,0,0,1,0,1,2,1,1,6,1,22,5,1242,1,8,1,1,1,516324,167133,45,1,1,6,510,6,0,6,30,0,4,6,0,0,0,4,1,1,0,0,1,1,1,1,1,22,5,3,0,0,0,0,0,9,1,10
3,1,21,1,18,0,0,0,0,0,0,3,2,1,1,23,5,1598,1,8,1,1,2,492187,331664,32,2,1,4,355,3,1,3,70,0,4,6,0,0,0,1,1,1,0,0,2,1,1,1,1,33,6,3,0,0,0,0,0,9,1,5
3,1,9,0,9,0,8,0,0,0,0,4,1,6,2,43,7,2000,2,9,1,1,2,360180,403090,6,2,1,3,114,3,573,6,30,3,4,6,0,0,0,4,2,2,0,0,1,1,1,2,2,16,4,3,0,0,1,0,0,9,1,2
3,1,9,0,18,0,3,0,0,0,0,1,1,2,1,31,6,1598,1,8,1,1,1,447800,335230,30,1,1,4,324,5,343,6,20,2,4,4,6002,0,0,1,1,1,0,0,1,1,1,3,1,22,5,3,5,1,0,0,0,0,1,5
3,2,9,0,9,0,1,0,0,0,0,3,1,6,2,40,7,1248,1,1,1,1,3,519750,190900,1,3,1,6,30,3,5,6,30,3,4,6,0,0,4,5,1,1,0,0,1,1,1,1,1,33,6,3,0,0,0,0,0,9,1,5
3,1,9,0,5,0,8,0,0,0,0,1,1,2,1,23,5,1390,1,16,1,1,2,411150,290900,20,2,1,3,300,3,4040,6,30,6,4,3,4040,0,4,4,9,2,0,0,1,1,1,1,1,33,6,3,0,0,0,0,0,9,1,5
3,1,9,0,18,0,1,0,4,0,0,4,1,6,1,46,8,1299,1,11,1,3,2,528600,192910,1,2,3,4,30,5,0,6,30,6,4,6,0,0,0,4,1,1,0,0,1,1,1,1,1,46,8,3,0,0,0,0,0,9,1,5
2,1,9,0,13,0,0,0,0,1,10,1,1,6,2,24,5,1598,1,8,1,3,1,306450,197314,62,1,3,7,744,3,4059,6,60,0,4,6,0,0,0,6,1,1,0,0,2,1,3,2,1,45,7,2,0,0,2,0,0,9,1,5
3,2,9,0,4,0,1,0,0,0,0,1,1,6,2,38,7,1598,1,8,1,1,2,540610,172220,1,2,1,3,7,3,2212,6,30,3,2,4,226,0,5,4,1,1,0,0,1,2,1,1,1,33,6,3,0,0,0,0,0,9,1,5
3,1,9,0,18,0,1,0,0,0,0,1,1,1,1,27,6,1910,2,9,1,1,1,395320,293630,20,1,1,4,305,3,4037,6,30,6,2,6,0,0,5,1,1,1,0,0,1,1,1,3,2,13,3,3,1,1,0,0,0,0,1,1
3,3,9,0,18,0,0,0,0,0,0,3,1,6,2,35,6,1248,2,4,2,1,3,322620,668030,95,3,1,6,923,3,720,3,70,0,4,6,0,0,0,1,1,1,0,0,2,1,1,1,1,33,6,3,0,0,0,0,0,9,1,5
2,2,9,0,18,0,0,1,0,0,0,1,1,2,1,62,9,1761,1,19,1,5,2,449316,132219,44,2,5,3,502,3,33,3,50,0,4,6,0,0,0,1,1,1,0,0,2,1,5,2,1,60,9,3,0,0,1,0,0,9,1,3
3,1,9,0,9,0,8,0,0,0,0,4,1,6,2,72,10,1598,1,8,1,1,2,539850,169110,1,2,1,3,19,6,0,6,30,3,4,6,0,0,0,1,1,1,0,0,1,2,1,1,1,33,6,3,0,0,0,0,0,9,1,5
3,1,19,0,9,0,8,0,0,0,0,2,1,1,1,66,10,2151,2,14,1,1,2,457139,519540,17,2,1,2,241,3,174,3,50,3,4,6,0,0,0,1,1,1,0,0,2,1,1,1,1,33,6,3,0,0,0,0,0,9,1,5
3,2,19,0,9,0,8,0,0,0,0,4,1,6,1,38,7,2300,2,12,1,1,2,531590,186910,1,2,1,4,4,3,503,6,30,8,4,6,0,0,0,1,1,1,0,0,1,1,1,1,1,33,6,3,0,0,0,0,0,9,1,5
2,1,19,0,13,0,0,0,0,0,0,4,1,6,3,38,7,1598,1,8,1,2,3,419502,93394,55,3,2,5,641,3,337,6,30,0,4,6,0,0,0,1,1,1,4,0,1,1,1,1,1,33,6,3,0,0,0,0,0,9,1,5
3,1,4,0,13,0,8,0,0,0,0,4,1,2,1,36,7,249,1,23,1,1,2,533120,183700,1,2,1,3,4,5,0,6,30,3,4,6,0,0,0,1,1,1,0,0,1,1,1,1,1,36,7,3,0,0,0,0,0,4,1,2
3,1,1,0,18,0,8,0,0,0,0,1,1,6,2,24,5,1598,1,8,1,1,2,528650,177130,1,2,1,4,10,3,3216,6,30,8,4,6,0,0,0,1,1,1,0,0,1,2,1,1,2,24,5,3,0,0,0,0,0,1,1,3
3,1,19,0,18,0,8,2,0,0,0,0,1,1,1,46,8,2402,2,14,1,2,1,447470,376720,30,1,2,1,321,3,619,1,40,1,4,6,0,0,0,1,1,1,0,0,2,1,1,1,1,46,8,3,0,0,0,0,0,19,1,4
3,3,9,0,2,0,2,0,0,0,0,1,1,6,3,38,7,2295,1,16,1,1,3,510658,197165,41,3,1,7,437,6,296,6,30,9,4,6,148,0,0,1,1,1,0,6,1,1,1,1,1,33,6,3,0,0,0,0,0,9,1,5
3,1,9,0,7,0,5,0,0,0,0,3,1,2,1,55,8,1989,1,13,1,1,2,451113,207634,43,2,1,3,482,3,4165,6,30,3,4,6,0,0,4,1,2,2,0,0,1,1,1,1,1,33,6,3,0,0,0,0,0,9,1,5
3,2,9,0,18,0,8,0,0,0,0,1,1,1,1,65,9,1598,1,8,1,1,2,437430,345020,30,2,1,5,320,4,6179,6,40,3,4,6,0,0,0,1,1,1,0,0,2,2,1,1,1,33,6,3,0,0,0,0,0,9,1,5
3,2,9,0,9,0,8,0,0,0,0,4,1,1,1,45,7,1998,8,1,2,1,2,522640,188930,1,2,1,2,30,3,41,3,40,6,2,3,504,0,0,1,1,2,0,0,1,1,1,1,1,33,6,3,0,0,0,0,0,9,1,5
3,1,9,0,18,0,0,2,0,1,4,1,1,6,1,21,5,1398,1,1,1,1,1,487522,177726,43,1,1,6,474,1,4,3,70,0,4,6,0,0,0,1,1,1,0,0,2,1,1,1,1,21,5,3,0,0,0,0,0,9,1,3
2,6,9,0,18,0,8,1,0,0,0,2,1,1,2,37,7,1956,2,1,1,2,8,336184,379057,7,8,2,3,130,1,53,3,70,9,4,3,41,0,0,1,2,2,0,0,2,1,1,1,1,33,6,3,0,0,0,0,0,9,1,5
2,1,9,0,7,0,5,0,0,0,0,1,1,6,1,55,8,1596,1,14,1,2,1,516387,199754,41,1,2,7,33,4,462,6,30,3,4,3,5183,0,0,7,2,2,0,0,2,1,1,3,2,38,7,2,5,3,0,0,0,0,1,7
3,2,1,0,18,0,8,0,0,0,0,1,1,6,1,16,4,1598,1,8,1,1,2,548850,177720,1,2,1,5,18,5,0,6,30,3,4,6,0,0,0,4,1,1,0,0,1,1,1,1,1,16,4,3,0,0,0,0,0,1,1,7
3,1,9,0,18,0,8,0,4,0,0,3,1,6,1,40,7,1339,1,10,1,2,2,507940,182450,1,2,2,1,26,6,0,6,30,3,4,6,0,0,0,1,1,1,0,0,1,2,1,1,1,40,7,3,0,0,0,0,0,9,1,3
2,1,9,0,18,0,6,0,0,0,0,1,1,6,1,26,6,1598,1,8,1,1,2,325714,363823,60,2,1,7,724,3,549,6,30,3,4,6,0,0,0,1,1,1,0,0,1,1,1,1,1,26,6,2,0,0,0,0,0,9,1,5
2,1,11,0,18,0,0,5,0,1,0,4,1,1,2,53,8,12778,2,1,3,36,1,223022,707835,97,1,36,5,913,3,83,6,50,0,4,6,0,0,0,1,4,1,0,0,2,1,23,2,1,54,8,3,0,0,0,4,0,11,1,5
3,1,19,0,5,0,0,0,0,0,0,1,1,1,1,60,9,2143,2,1,2,1,2,406570,102059,55,2,1,6,647,3,31,6,60,0,4,6,0,0,0,1,1,1,0,0,2,1,1,1,1,33,6,3,0,0,0,0,0,9,1,5
3,2,9,0,2,0,0,0,0,1,1,2,1,6,1,28,6,1997,2,13,1,1,2,525300,285660,35,2,1,4,393,5,110,6,30,0,4,6,0,0,0,4,1,2,0,0,2,1,1,1,1,28,6,3,0,0,0,0,0,9,1,5
3,2,9,0,18,0,8,0,0,0,0,1,1,6,2,48,8,1796,1,9,1,1,2,429922,427806,13,2,1,1,204,6,0,6,30,2,4,6,0,0,0,4,1,1,0,0,1,1,1,1,2,48,8,3,0,0,0,0,0,9,1,8
2,2,1,0,18,0,0,0,0,0,0,2,1,6,1,54,8,1598,1,8,1,1,2,399905,99334,55,2,1,7,647,4,3078,6,60,0,4,6,0,0,0,6,1,1,0,0,2,1,1,1,1,54,8,2,0,0,0,0,0,1,1,10
3,1,9,0,7,0,6,1,0,0,0,1,1,6,2,18,4,1388,1,12,1,2,2,439197,187708,43,2,2,3,483,4,4507,6,30,3,4,6,0,0,0,4,1,2,0,0,1,1,1,1,2,18,4,3,0,0,0,0,0,9,1,10
3,1,9,0,18,0,0,0,7,0,0,1,1,6,2,74,10,1598,1,8,2,1,1,444568,109528,44,1,1,2,500,6,0,6,30,0,4,6,0,0,0,4,1,1,0,0,2,1,1,1,2,74,10,3,0,0,0,0,0,9,2,7
3,2,9,0,12,0,0,0,0,4,6,4,1,2,1,36,7,1598,1,8,1,2,2,571660,158750,46,2,2,2,542,1,20,3,70,0,4,6,0,0,0,6,1,1,0,0,1,1,2,1,1,36,7,3,0,0,0,0,0,9,1,5
3,2,9,0,18,0,8,1,0,0,0,3,1,6,2,32,6,1598,1,14,1,1,3,560626,103065,47,3,1,1,551,6,0,6,30,8,4,6,0,0,0,1,5,2,0,0,1,1,1,1,2,32,6,3,0,0,0,0,0,9,1,1
3,1,9,0,18,0,4,0,0,0,0,1,1,6,2,33,6,1898,1,13,1,2,2,411329,94647,55,2,2,7,640,6,0,1,30,1,2,3,3060,0,8,1,1,1,0,0,1,1,1,1,1,33,6,3,0,0,0,0,0,9,1,5