accident_severity,vehicle_reference,vehicle_type,towing_and_articulation,vehicle_manoeuvre,vehicle_location-restricted_lane,junction_location,skidding_and_overturning,hit_object_in_carriageway,vehicle_leaving_carriageway,hit_object_off_carriageway,1st_point_of_impact,was_vehicle_left_hand_drive?,journey_purpose_of_driver,sex_of_driver,age_of_driver,age_band_of_driver,engine_capacity_(cc),propulsion_code,age_of_vehicle,driver_home_area_type,NUmber_of_Casualities_unique_to_accident_index,No_of_Vehicles_involved_unique_to_accident_index,location_easting_osgr,location_northing_osgr,police_force,number_of_vehicles,number_of_casualties,day_of_week,local_authority_(district),1st_road_class,1st_road_number,road_type,speed_limit,junction_detail,junction_control,2nd_road_class,2nd_road_number,pedestrian_crossing-human_control,pedestrian_crossing-physical_facilities,light_conditions,weather_conditions,road_surface_conditions,special_conditions_at_site,carriageway_hazards,urban_or_rural_area,did_police_officer_attend_scene_of_accident,casualty_reference,casualty_class,sex_of_casualty,age_of_casualty,age_band_of_casualty,casualty_severity,pedestrian_location,pedestrian_movement,car_passenger,bus_or_coach_passenger,pedestrian_road_maintenance_worker,casualty_type,casualty_home_area_type,casualty_imd_decile
3,1,9,0,18,0,0,0,0,0,0,1,1,6,1,78,11,1364,2,5,3,2,2,231591,67427,50,2,2,7,596,3,390,6,60,0,4,6,0,0,0,1,1,1,0,0,2,2,1,1,1,33,6,3,0,0,0,0,0,9,1,5
2,1,9,0,7,0,5,0,0,1,10,1,1,6,2,20,4,1229,1,10,1,4,2,471497,166640,43,2,4,3,475,4,3349,6,40,3,4,4,3349,0,0,1,1,1,0,0,2,1,4,2,1,4,1,3,0,0,2,0,0,9,1,2
2,2,9,0,18,0,1,0,0,0,0,2,1,6,1,52,8,1686,2,2,1,1,2,431221,407948,14,2,1,2,210,6,0,6,30,3,4,6,0,0,0,1,1,1,0,0,1,1,1,1,1,33,6,3,0,0,0,0,0,9,1,5
3,2,1,0,18,0,1,0,0,0,0,3,1,6,1,35,6,1598,1,8,1,1,2,533580,185850,1,2,1,4,4,3,10,6,30,3,4,6,0,0,0,1,1,1,0,0,1,1,1,1,1,35,6,3,0,0,0,0,0,1,1,3
3,1,9,0,4,0,0,0,0,0,0,2,1,6,1,43,7,1598,1,8,1,1,2,524740,189400,1,2,1,3,30,3,406,3,50,0,4,6,0,0,0,1,1,1,0,0,1,1,1,1,1,43,7,3,0,0,0,0,0,9,1,4
2,2,9,0,18,0,0,0,0,0,0,2,1,6,1,51,8,1497,1,11,1,1,5,383312,343231,21,5,1,3,253,1,6,3,70,0,4,6,0,0,0,1,1,1,0,0,2,1,1,1,1,33,6,3,0,0,0,0,0,9,1,5
3,2,9,0,18,0,1,0,0,0,0,1,1,6,1,38,7,1598,1,8,1,1,2,451181,519354,17,2,1,5,243,3,1085,3,30,6,2,5,118,0,5,1,1,1,0,0,1,2,1,3,1,46,8,3,9,9,0,0,0,0,1,5
3,1,9,0,5,0,4,0,0,0,0,4,1,6,2,44,7,2198,2,8,1,1,2,494482,190098,43,2,1,1,477,3,40,1,30,1,4,4,474,0,1,1,1,1,0,0,1,2,1,1,1,33,6,3,0,0,0,0,0,9,1,5
3,2,19,0,3,0,8,0,0,0,0,3,1,1,1,26,6,2198,2,3,1,2,2,535490,173620,1,2,2,3,7,6,0,6,30,3,4,6,0,0,0,1,1,1,0,0,1,1,2,1,1,26,6,3,0,0,0,0,0,19,1,10
3,3,9,0,4,0,1,0,0,0,0,1,1,6,2,28,6,1798,1,3,1,1,3,540780,172230,1,3,1,2,7,4,226,6,30,3,4,6,0,0,0,1,1,1,0,0,1,1,1,1,1,33,6,3,0,0,0,0,0,9,1,5
3,2,9,0,4,0,0,0,0,0,0,2,1,6,1,44,7,1686,2,3,3,1,2,446289,145325,44,2,1,5,490,3,34,3,70,0,4,6,0,0,0,6,5,2,0,0,2,1,1,1,1,33,6,3,0,0,0,0,0,9,1,5
3,3,9,0,18,0,1,0,0,0,0,0,1,6,3,38,7,1598,1,8,1,1,3,395758,347844,21,3,1,2,256,3,520,6,30,3,4,6,251,0,0,1,1,1,0,0,2,2,1,1,1,33,6,3,0,0,0,0,0,9,1,5
3,2,90,0,18,0,0,0,0,0,0,2,1,1,1,47,8,2287,2,2,1,1,2,449857,245750,42,2,1,5,453,4,1014,6,40,0,4,6,0,0,0,4,8,2,0,0,2,1,1,2,1,66,10,3,0,0,0,0,0,90,1,3
3,2,3,0,13,0,1,0,0,0,0,1,1,2,1,42,7,1598,1,8,1,1,2,532930,173050,1,2,1,5,8,3,205,6,30,3,4,5,0,0,0,4,2,2,0,0,1,1,1,1,1,42,7,3,0,0,0,0,0,3,1,6
3,1,9,0,4,0,4,0,0,0,0,4,1,6,3,38,7,1598,1,8,1,1,2,604620,120930,46,2,1,1,539,5,346,1,30,1,4,6,0,0,0,1,1,1,0,0,2,2,1,1,1,33,6,3,0,0,0,0,0,9,1,5
3,2,9,0,18,0,8,1,0,0,0,1,1,2,1,63,9,1598,1,8,1,1,2,517190,177940,1,2,1,5,25,3,4,3,40,6,2,3,3002,0,5,1,2,2,0,0,1,1,1,1,1,33,6,3,0,0,0,0,0,9,1,5
3,2,9,0,9,0,8,0,0,0,0,1,1,6,2,34,6,1596,1,9,3,1,2,575710,156420,46,2,1,5,536,3,229,1,40,1,4,6,0,0,0,1,8,2,0,0,2,2,1,1,2,34,6,3,0,0,0,0,0,9,3,7
2,1,4,0,18,0,1,0,0,1,0,1,1,2,1,68,10,1598,1,8,1,1,1,264673,372439,60,1,1,3,722,3,55,3,70,9,4,6,0,0,0,1,4,1,0,0,2,1,1,1,1,68,10,2,0,0,0,0,0,4,1,5
3,2,19,0,16,0,7,0,0,0,0,3,1,1,1,46,8,2402,2,11,1,1,2,362564,392668,7,2,1,2,128,1,62,7,70,5,4,1,6,0,0,1,2,2,0,0,2,1,1,1,1,33,6,3,0,0,0,0,0,9,1,5
3,1,9,0,18,0,8,0,0,0,0,1,1,6,3,38,7,1388,1,9,1,1,2,489892,288776,34,2,1,2,380,3,427,1,30,1,4,3,427,0,0,1,1,1,0,0,1,3,1,1,1,33,6,3,0,0,0,0,0,9,1,5
3,2,9,0,18,0,8,0,0,0,0,1,1,6,1,62,9,1598,1,8,1,1,2,351080,238490,22,2,1,2,285,6,0,6,30,1,4,6,0,0,0,1,2,2,0,0,1,1,1,1,1,33,6,3,0,0,0,0,0,9,1,5
3,2,3,0,18,0,1,0,0,0,0,3,1,6,1,19,4,124,1,1,1,1,2,354300,425880,4,2,1,6,83,4,5254,3,30,3,2,6,0,0,0,1,1,1,4,0,1,1,1,1,1,19,4,3,0,0,0,0,0,3,1,6
3,4,9,0,2,0,1,0,0,0,0,1,1,6,3,38,7,1598,1,8,1,1,5,247053,353186,60,5,1,5,722,4,4418,6,30,3,4,6,0,0,1,4,1,1,0,0,2,1,1,1,1,33,6,3,0,0,0,0,0,9,1,5
3,1,9,0,18,0,1,0,0,0,0,1,1,6,2,38,7,1596,1,16,2,1,2,431858,579554,10,2,1,3,139,4,1329,6,40,1,4,3,193,0,0,1,4,2,0,0,1,2,1,1,1,33,6,3,0,0,0,0,0,9,1,5
3,3,9,0,4,0,7,0,0,0,0,1,1,6,1,26,6,1339,1,4,1,1,3,512890,183760,1,3,1,5,27,3,40,7,40,3,4,3,40,0,0,1,1,1,0,0,1,1,1,1,1,33,6,3,0,0,0,0,0,9,1,5
3,2,1,0,18,0,1,0,10,0,0,4,1,6,1,60,9,1598,1,8,3,1,2,633180,157980,46,2,1,1,533,5,465,2,20,3,4,6,0,0,0,1,1,1,0,0,2,2,1,1,1,60,9,3,0,0,0,0,0,1,3,6
3,1,9,0,18,0,0,0,0,1,11,1,1,6,1,27,6,998,1,7,1,1,1,270811,655947,97,1,1,7,938,3,724,6,30,0,4,6,0,0,0,4,5,2,0,0,1,1,1,1,1,27,6,3,0,0,0,0,0,9,1,5
3,2,9,0,18,0,8,0,0,0,0,1,1,1,1,36,7,3721,1,1,1,2,2,379600,248690,22,2,2,5,273,3,449,6,30,3,4,6,0,0,0,1,1,1,0,0,2,1,2,2,1,22,5,3,0,0,1,0,0,9,1,8
3,3,9,0,18,0,0,0,0,0,0,2,1,2,2,30,6,1598,2,3,1,2,5,281020,662672,97,5,2,5,932,1,8,3,70,0,4,6,0,0,0,1,1,1,0,0,2,1,1,1,1,33,6,3,0,0,0,0,0,9,1,5
3,2,9,0,3,0,0,0,0,0,0,2,1,6,1,27,6,1197,1,4,2,5,3,443219,401481,14,3,5,1,213,3,633,6,40,0,4,6,0,0,0,1,1,1,0,0,2,1,4,2,1,2,1,3,0,0,2,0,0,9,2,3
3,2,9,0,3,0,2,0,0,0,0,2,1,6,2,42,7,1360,1,11,1,1,2,436435,287392,23,2,1,3,291,6,0,6,30,1,4,6,0,0,0,1,1,1,0,0,1,1,1,1,1,33,6,3,0,0,0,0,0,9,1,5
1,2,1,0,18,0,0,0,0,0,0,1,1,6,2,71,10,1598,1,8,1,1,2,487042,168487,43,2,1,3,470,3,322,3,50,0,4,6,0,0,4,4,1,2,0,0,1,1,1,1,2,71,10,1,0,0,0,0,0,1,1,6
2,1,9,0,16,0,0,0,0,7,4,1,1,6,1,55,8,1242,1,16,1,1,1,475848,369192,31,1,1,7,345,4,1164,6,60,0,4,6,0,0,0,6,9,1,0,0,2,1,1,1,1,55,8,2,0,0,0,0,0,9,1,5
3,2,9,0,3,0,5,0,0,0,0,2,1,6,2,69,10,1396,1,1,1,2,3,529776,153419,45,3,2,2,513,1,25,3,70,5,4,1,23,0,0,1,1,1,0,0,2,1,1,1,2,69,10,3,0,0,0,0,0,9,1,5
3,2,98,0,18,0,0,0,0,0,0,0,1,1,3,38,7,1598,1,8,1,4,2,450811,298299,33,2,4,4,360,1,69,3,70,0,4,6,0,0,0,6,4,2,0,0,2,1,1,1,1,33,6,3,0,0,0,0,0,9,1,5
2,2,3,0,18,0,6,0,0,0,0,1,1,6,1,24,5,124,1,3,2,2,2,505642,362570,32,2,2,3,353,4,1188,6,60,3,4,5,154,0,0,6,1,1,0,0,2,1,2,1,1,24,5,2,0,0,0,0,0,3,2,6
3,1,90,0,6,0,1,0,0,0,0,3,1,1,1,37,7,9290,2,3,1,2,2,259100,660725,97,2,2,1,926,4,766,6,30,6,2,6,0,0,4,4,1,1,0,0,1,1,1,1,1,33,6,3,0,0,0,0,0,9,1,5
3,1,9,0,18,0,0,0,10,7,0,1,1,6,1,59,9,1998,2,8,1,2,2,277864,695103,96,2,2,1,939,3,84,1,60,0,4,6,0,0,0,1,1,1,0,0,2,1,1,2,2,43,7,3,0,0,1,0,0,9,1,5
3,2,9,0,3,0,0,0,0,0,0,2,1,6,1,27,6,1590,1,10,1,2,3,290733,647837,97,3,2,6,938,3,721,6,60,0,4,6,0,0,0,1,1,1,4,0,2,1,1,2,1,9,2,3,0,0,1,0,0,9,1,5
3,2,90,0,4,0,1,0,0,0,0,1,1,1,1,38,7,1598,1,8,1,1,2,538030,174910,1,2,1,3,7,3,21,6,30,3,2,4,236,0,0,1,1,2,0,0,1,1,1,2,2,33,6,3,0,0,0,0,0,90,1,5
3,1,9,0,7,0,1,1,0,3,10,4,1,1,2,36,7,1598,1,8,1,2,1,236390,225200,63,1,2,6,751,6,0,6,60,9,4,6,0,0,0,6,2,2,0,0,2,1,2,2,1,18,4,3,0,0,2,0,0,9,3,5
3,1,1,0,4,0,1,0,0,7,0,0,1,2,1,39,7,1598,1,8,1,1,2,529150,185880,1,2,1,2,3,3,400,6,30,7,2,5,0,0,0,1,1,1,0,0,1,2,1,1,1,39,7,3,0,0,0,0,0,1,1,8
3,1,9,0,8,0,1,0,0,0,0,2,1,6,2,31,6,1591,1,6,1,1,2,460949,522385,17,2,1,2,241,3,174,1,30,1,4,4,1269,0,0,4,5,2,0,0,2,1,1,1,1,33,6,3,0,0,0,0,0,9,1,5
3,2,9,0,4,0,0,0,0,0,0,1,1,6,1,24,5,1796,2,1,3,1,2,373295,373791,7,2,1,4,130,1,6,3,70,0,4,6,0,0,0,1,1,1,0,0,2,1,1,1,1,33,6,3,0,0,0,0,0,9,1,5
2,2,9,0,9,0,8,0,0,0,0,3,1,6,1,52,8,1968,2,2,2,1,2,499457,261864,40,2,1,5,420,3,6,6,60,3,4,6,16,0,0,1,1,1,0,0,2,1,1,1,1,33,6,3,0,0,0,0,0,9,1,5
2,2,9,0,13,0,1,0,0,0,0,1,1,2,2,38,7,1598,1,10,1,1,2,337907,392111,5,2,1,6,91,6,0,6,30,3,4,6,0,0,0,1,1,1,0,0,1,1,1,1,2,38,7,2,0,0,0,0,0,9,1,2
3,1,9,0,18,0,2,0,0,0,0,1,1,6,2,22,5,2979,1,2,2,1,1,399030,287310,20,1,1,1,305,3,4123,3,40,6,2,4,4169,0,5,1,1,1,0,0,1,1,1,3,2,55,8,3,1,1,0,0,0,0,1,6
3,1,11,0,18,0,0,0,0,0,0,1,1,1,1,45,7,6692,2,3,1,1,1,418497,425605,13,1,1,4,203,6,0,6,20,0,4,6,0,0,0,1,1,1,0,0,1,2,1,3,1,14,3,3,5,1,0,0,0,0,1,2
2,2,9,0,18,0,4,0,0,0,0,1,1,6,1,42,7,2499,2,9,1,1,2,509176,164060,45,2,1,4,510,3,317,1,40,1,1,3,317,0,0,1,1,1,0,0,1,2,1,1,1,33,6,3,0,0,0,0,0,9,1,5
3,1,9,0,18,0,0,0,0,0,0,1,1,6,1,60,9,2967,2,5,1,2,2,522260,162246,45,2,2,2,38,3,24,3,40,0,4,6,0,0,0,1,1,2,0,0,1,1,1,2,2,58,9,3,0,0,1,0,0,9,1,9
3,2,9,0,18,0,8,0,0,7,10,4,1,6,1,45,7,1998,2,11,1,3,2,388840,400130,6,2,3,4,102,5,0,6,30,3,4,6,0,0,0,1,1,1,0,0,1,1,2,1,1,45,7,3,0,0,0,0,0,9,1,2
3,1,9,0,18,0,2,1,0,1,4,1,1,6,2,39,7,1461,2,5,2,1,1,538050,263820,35,1,1,5,395,6,0,6,30,3,4,6,0,0,0,1,1,1,0,0,2,1,1,1,2,39,7,3,0,0,0,0,0,9,2,10
3,1,9,0,18,0,0,0,0,1,0,4,1,6,1,22,5,1796,1,20,1,1,1,506331,207441,41,1,1,1,431,5,129,6,30,0,4,6,0,0,0,1,1,1,0,0,1,1,1,3,1,10,2,3,5,3,0,0,0,0,1,4
3,2,9,0,3,0,0,0,0,0,0,2,1,6,2,65,9,1596,1,14,1,1,2,536307,203707,41,2,1,3,430,4,176,6,30,0,4,6,0,0,4,1,1,1,0,0,1,1,1,1,2,65,9,3,0,0,0,0,0,9,1,3
3,1,1,0,18,0,1,0,0,0,0,1,1,6,1,12,3,1598,1,8,1,1,2,333389,395663,5,2,1,6,93,6,0,6,40,3,4,3,565,0,0,1,1,1,0,0,1,1,1,1,1,12,3,3,0,0,0,0,0,1,1,5
2,1,9,0,17,6,1,0,0,1,7,1,1,6,3,38,7,1998,2,12,1,3,1,633370,149000,46,1,3,7,533,6,2731,6,60,8,4,6,0,0,0,6,1,1,0,0,2,1,3,2,1,45,7,2,0,0,2,0,0,9,1,5
3,1,9,0,18,0,1,1,0,0,0,1,1,6,1,68,10,1896,2,15,1,4,3,382747,168820,54,3,4,4,635,3,4,6,30,3,4,6,0,0,0,1,1,1,0,0,1,1,2,2,1,2,1,3,0,0,2,0,0,9,1,5
3,2,9,0,18,0,1,0,0,0,0,3,1,1,1,42,7,1896,2,8,1,3,3,370740,427990,4,3,3,7,70,3,679,6,30,3,4,6,0,0,0,4,1,1,0,0,1,1,3,2,2,19,4,3,0,0,2,0,0,9,1,1
2,3,9,0,2,0,1,0,0,0,0,2,1,6,1,38,7,1896,2,11,1,1,3,434786,437577,13,3,1,3,204,6,0,6,30,3,4,6,0,0,0,4,1,1,0,0,1,1,1,1,1,33,6,3,0,0,0,0,0,9,1,5
3,2,1,0,18,0,8,0,0,0,0,1,1,6,1,30,6,1598,1,8,1,1,2,360528,177526,52,2,1,4,601,6,0,6,20,3,4,6,0,0,0,1,1,1,0,0,1,1,1,1,1,30,6,3,0,0,0,0,0,1,1,2
3,1,9,0,5,0,1,0,0,0,0,2,1,6,2,49,8,1248,1,1,1,2,2,548160,191400,1,2,2,4,14,3,1112,6,30,1,4,4,174,0,0,1,1,1,0,0,2,1,1,1,2,49,8,3,0,0,0,0,0,9,1,4
3,1,9,0,3,0,0,0,0,0,0,2,1,3,2,50,8,1995,1,5,3,1,3,490188,156949,45,3,1,4,515,4,3015,6,30,0,4,6,0,0,0,1,1,1,0,0,1,1,1,1,2,50,8,3,0,0,0,0,0,9,3,8
3,1,9,0,16,0,4,0,0,3,0,1,1,6,1,49,8,1984,1,14,2,1,1,526732,142658,45,1,1,6,512,3,217,1,40,1,4,3,217,0,0,7,1,1,0,0,1,1,1,1,1,49,8,3,0,0,0,0,0,9,2,9
2,1,9,0,18,0,0,0,0,0,0,1,1,6,1,39,7,1598,1,8,3,2,2,409070,239500,22,2,2,1,277,5,4632,6,60,0,4,6,0,0,0,6,1,2,0,0,2,1,2,1,1,39,7,3,0,0,0,0,0,9,3,9
3,1,2,0,18,0,8,0,0,0,0,4,1,6,1,44,7,124,1,4,1,1,2,542060,183650,1,2,1,7,17,4,109,6,30,3,4,5,0,0,1,1,1,1,0,0,1,1,1,1,1,44,7,3,0,0,0,0,0,2,1,4
3,1,9,0,17,0,0,2,0,1,11,1,1,6,1,41,7,1753,2,7,2,1,1,266420,650507,97,1,1,7,938,3,726,2,60,0,4,6,0,0,0,1,2,2,0,0,2,1,1,1,1,41,7,3,0,0,0,0,0,9,2,5
3,2,9,0,16,0,1,0,0,0,0,1,1,2,2,57,9,996,1,1,2,1,3,464456,425999,12,3,1,5,187,3,1041,6,40,8,4,6,0,0,0,1,1,1,0,0,2,1,1,1,2,57,9,3,0,0,0,0,0,9,2,8
3,2,9,0,18,0,0,0,0,0,0,1,1,6,1,76,11,1248,2,5,3,2,2,428577,425388,13,2,2,1,204,6,0,6,30,0,4,6,0,0,0,1,1,1,0,0,1,1,2,1,1,76,11,3,0,0,0,0,0,9,3,4
3,1,9,0,4,0,0,0,0,0,0,2,1,1,1,63,9,1598,1,8,3,1,5,397174,822750,92,5,1,3,911,3,90,6,60,0,4,6,0,0,0,1,1,1,0,3,2,1,1,1,1,33,6,3,0,0,0,0,0,9,1,5
3,1,9,0,18,0,0,5,0,7,11,1,1,6,1,33,6,1461,2,12,1,2,1,337689,731801,93,1,2,5,918,3,923,3,30,0,4,6,0,0,4,1,2,2,0,0,1,1,1,1,1,33,6,3,0,0,0,0,0,9,1,5
3,1,19,0,12,0,0,0,0,0,0,3,1,1,1,22,5,2198,2,3,1,1,2,528245,105965,47,2,1,4,565,3,270,3,30,0,4,6,0,0,0,1,1,1,0,0,1,1,1,1,1,33,6,3,0,0,0,0,0,9,1,5
3,1,9,0,13,0,0,0,0,0,0,1,1,6,1,38,7,1199,1,15,1,2,2,488428,269351,34,2,2,3,386,3,5193,6,30,0,4,6,0,0,0,4,2,2,0,0,1,1,2,1,1,33,6,3,0,0,0,0,0,9,1,5
3,2,9,0,4,0,0,0,0,0,0,2,1,6,1,22,5,1000,1,8,1,3,3,538617,199925,42,3,3,1,456,1,25,3,70,0,4,6,0,0,0,6,1,1,0,0,2,1,3,2,1,22,5,3,0,0,1,0,0,9,1,2
3,1,9,0,4,0,8,5,0,1,3,1,1,6,1,79,11,998,1,3,1,1,3,392282,218637,53,3,1,3,625,3,46,6,30,3,4,6,8173,0,0,1,1,1,0,0,2,1,1,1,1,79,11,3,0,0,0,0,0,9,1,8
2,1,9,0,18,0,0,1,7,0,10,3,1,6,1,24,5,1598,1,8,1,24,1,281751,176719,62,1,24,1,740,6,0,2,30,0,4,6,0,0,0,4,1,1,0,0,1,1,23,2,2,18,4,3,0,0,1,0,0,9,1,5
3,1,1,0,18,0,0,0,0,0,0,1,1,6,1,26,6,1598,1,8,1,2,1,529750,181370,1,1,2,6,1,3,40,6,30,0,4,6,0,0,0,1,1,1,0,0,1,1,1,1,1,26,6,3,0,0,0,0,0,1,1,4
3,2,19,0,18,0,0,0,0,0,0,4,1,1,1,38,7,4461,2,7,1,1,2,538130,188160,1,2,1,2,13,4,159,6,30,0,4,6,0,0,0,4,1,1,0,0,1,1,1,1,1,33,6,3,0,0,0,0,0,9,1,5
3,1,9,0,16,0,0,1,0,1,9,4,1,6,1,17,4,1229,1,8,3,1,1,452564,289582,33,1,1,6,363,5,6712,6,60,0,4,6,0,0,0,6,1,1,0,0,2,1,1,2,1,18,4,3,0,0,1,0,0,9,3,8
3,2,9,4,18,0,1,0,0,0,0,1,1,1,1,68,10,1598,1,8,3,1,2,531479,114605,47,2,1,4,563,4,2112,6,60,6,4,6,0,0,0,1,1,1,0,0,2,1,1,1,1,33,6,3,0,0,0,0,0,9,1,5
3,1,9,0,17,0,2,0,0,1,1,1,1,6,2,19,4,1598,1,8,1,4,1,454805,341981,31,1,4,6,346,3,610,6,30,6,2,3,6514,0,4,4,1,1,0,0,1,1,4,1,2,19,4,3,0,0,0,0,0,9,1,2
3,2,9,0,10,0,5,0,0,0,0,2,1,6,2,52,8,2199,2,1,3,2,2,497677,362582,32,2,2,5,353,3,607,6,50,3,4,5,103,0,0,1,1,1,0,0,2,1,1,1,1,33,6,3,0,0,0,0,0,9,1,5
3,2,11,0,9,0,6,0,0,0,0,0,1,1,1,28,6,5132,2,8,1,1,2,408545,91021,55,2,1,3,640,6,0,6,30,3,2,6,0,0,5,1,2,2,0,0,1,2,1,2,1,74,10,3,0,0,0,4,0,11,1,5
3,2,9,0,18,0,0,1,0,4,6,2,1,6,1,52,8,1598,1,8,1,1,5,522674,153254,45,5,1,6,513,1,25,3,70,0,4,6,0,0,0,7,1,1,0,0,2,1,1,1,1,52,8,3,0,0,0,0,0,9,1,8
3,1,9,0,5,0,8,0,0,0,0,1,1,6,1,21,5,1596,1,11,1,1,2,530990,175260,1,2,1,1,9,3,2217,6,30,6,2,3,2217,0,5,1,1,1,0,0,1,1,1,1,1,33,6,3,0,0,0,0,0,9,1,5
2,1,9,0,17,0,1,0,0,0,0,4,1,2,1,58,9,1598,1,15,1,1,1,328735,407029,5,1,1,5,93,6,0,6,30,3,4,6,0,0,0,1,1,2,0,0,1,1,1,3,1,14,3,2,5,1,0,0,0,0,1,10
3,1,9,0,18,0,8,0,0,0,0,4,1,1,1,34,6,1686,2,2,3,1,2,401518,91241,55,2,1,2,643,4,3093,1,30,1,4,6,0,0,0,1,1,1,0,0,1,1,1,1,1,34,6,3,0,0,0,0,0,9,3,7
3,2,3,0,18,0,8,1,0,0,0,1,1,2,1,20,4,124,1,9,1,1,2,442470,114497,44,2,1,6,500,6,0,6,30,3,4,6,0,0,0,4,1,1,0,0,1,1,1,1,1,20,4,3,0,0,0,0,0,3,1,4
3,2,9,0,18,0,3,0,0,0,0,4,1,6,1,23,5,1749,1,11,1,1,2,487781,104111,47,2,1,6,559,3,27,1,70,1,4,3,259,0,0,1,1,1,0,0,2,1,1,1,1,23,5,3,0,0,0,0,0,9,1,1
3,1,9,0,18,0,8,0,0,7,0,4,1,6,1,55,8,999,1,8,3,2,2,353198,682358,95,2,2,4,921,5,110,6,60,6,4,6,0,0,0,6,1,2,0,0,2,1,1,1,1,55,8,3,0,0,0,0,0,9,3,5
3,1,9,0,18,0,0,0,0,0,10,1,1,6,2,23,5,1199,1,13,1,1,1,356300,115907,52,1,1,7,610,6,0,6,30,0,4,6,0,0,0,6,1,1,0,0,1,1,1,1,2,23,5,3,0,0,0,0,0,9,1,1
3,2,9,0,18,0,1,0,0,0,0,1,1,6,2,39,7,2188,2,11,1,2,2,388612,347416,21,2,2,3,257,3,50,3,30,6,2,6,0,0,5,1,2,2,0,0,1,1,2,1,2,39,7,3,0,0,0,0,0,9,1,3
3,2,19,0,4,0,0,0,0,0,0,2,1,2,1,30,6,1560,2,4,1,2,4,312510,679280,95,4,2,2,923,3,90,3,40,0,4,6,0,0,0,1,2,2,0,0,2,1,1,1,1,33,6,3,0,0,0,0,0,9,1,5
2,3,19,0,8,0,1,0,0,1,0,1,1,1,1,34,6,1968,2,2,1,3,3,400777,218743,53,3,3,6,621,3,436,6,50,6,4,5,386,0,0,1,1,1,0,0,2,1,2,2,1,20,4,2,0,0,0,0,0,19,1,4
3,1,11,0,18,0,0,0,0,0,0,1,1,1,1,34,6,4500,2,4,1,2,3,559555,179599,42,3,2,5,462,3,1306,3,40,0,4,6,0,0,0,1,1,1,0,0,1,1,2,2,1,16,4,3,0,0,0,3,0,11,1,5
1,2,9,0,18,0,4,0,0,0,0,1,1,6,1,40,7,1386,1,6,1,1,2,497669,149973,45,2,1,3,511,5,146,6,30,1,4,6,0,0,0,1,1,1,0,0,1,1,1,1,1,33,6,3,0,0,0,0,0,9,1,5
3,2,9,0,2,0,0,0,0,0,0,1,1,6,3,38,7,1896,2,8,1,1,2,418137,435231,13,2,1,3,200,3,658,6,40,0,4,6,0,0,0,1,1,1,0,0,1,1,1,1,1,33,6,3,0,0,0,0,0,9,1,5
3,1,9,0,18,0,0,5,0,0,0,1,1,6,1,26,6,993,1,15,3,1,3,303010,529450,3,3,1,7,60,6,0,6,60,0,4,6,0,0,0,1,5,2,0,0,2,1,1,1,1,26,6,3,0,0,0,0,0,9,3,3
3,1,9,0,16,0,1,1,0,8,7,2,1,6,2,19,4,1598,1,10,1,2,3,416080,287430,20,3,2,6,300,6,0,6,30,3,4,6,0,0,0,1,1,1,0,0,1,1,1,1,2,19,4,3,0,0,0,0,0,9,1,2
2,1,9,0,18,0,0,1,0,0,0,1,2,6,1,54,8,1589,1,15,3,1,2,377869,91703,55,2,1,6,645,5,80,6,60,0,4,6,0,0,0,1,1,1,0,0,2,1,1,1,1,33,6,3,0,0,0,0,0,9,1,5
3,1,1,0,18,4,8,5,0,0,0,4,1,2,1,50,8,1598,1,8,1,1,2,448860,333200,30,2,1,3,324,4,6540,6,30,3,4,6,0,0,0,4,9,1,0,0,1,2,1,1,1,50,8,3,0,0,0,0,0,1,1,7
3,2,9,0,3,0,0,0,0,0,0,1,1,6,2,61,9,1329,1,6,1,1,3,379670,404320,6,3,1,5,101,1,60,3,70,0,4,6,0,0,0,1,1,2,0,0,2,1,1,1,2,61,9,3,0,0,0,0,0,9,1,10
3,4,9,0,4,0,1,0,0,0,0,2,1,2,1,43,7,1461,2,4,1,1,4,450381,318499,33,4,1,4,362,3,512,3,40,3,2,6,7777,0,5,1,1,1,0,0,2,1,1,1,1,33,6,3,0,0,0,0,0,9,1,5
3,2,4,0,18,0,0,0,0,0,0,3,1,6,1,57,9,847,1,1,1,1,2,564720,172780,46,2,1,2,535,5,366,6,30,0,4,6,0,0,0,1,1,1,0,0,1,2,1,1,1,57,9,3,0,0,0,0,0,4,1,5
3,2,19,0,11,0,1,0,0,0,0,4,1,6,3,38,7,2461,2,12,1,1,2,465112,101358,44,2,1,6,498,3,2047,6,30,3,2,6,0,0,5,1,1,1,0,0,1,2,1,1,1,33,6,3,0,0,0,0,0,9,1,5
2,1,9,0,18,0,0,1,7,0,10,3,1,6,1,24,5,1598,1,8,1,24,1,281751,176719,62,1,24,1,740,6,0,2,30,0,4,6,0,0,0,4,1,1,0,0,1,1,18,3,1,22,5,3,10,9,0,0,0,0,1,5
3,2,9,0,4,0,0,0,0,0,0,1,1,6,1,38,7,1951,2,12,1,7,4,423450,573482,10,4,7,4,148,3,1,3,70,0,4,6,0,0,0,1,1,1,0,0,2,1,7,2,2,71,10,3,0,0,1,0,0,9,1,5
2,1,9,0,18,0,8,0,0,0,0,1,1,3,1,29,6,1242,1,9,1,1,2,532900,185540,1,2,1,6,4,6,0,6,20,3,4,6,0,0,0,1,1,1,0,0,1,1,1,1,1,33,6,3,0,0,0,0,0,9,1,5