accident_severity,vehicle_reference,vehicle_type,towing_and_articulation,vehicle_manoeuvre,vehicle_location-restricted_lane,junction_location,skidding_and_overturning,hit_object_in_carriageway,vehicle_leaving_carriageway,hit_object_off_carriageway,1st_point_of_impact,was_vehicle_left_hand_drive?,journey_purpose_of_driver,sex_of_driver,age_of_driver,age_band_of_driver,engine_capacity_(cc),propulsion_code,age_of_vehicle,driver_home_area_type,NUmber_of_Casualities_unique_to_accident_index,No_of_Vehicles_involved_unique_to_accident_index,location_easting_osgr,location_northing_osgr,police_force,number_of_vehicles,number_of_casualties,day_of_week,local_authority_(district),1st_road_class,1st_road_number,road_type,speed_limit,junction_detail,junction_control,2nd_road_class,2nd_road_number,pedestrian_crossing-human_control,pedestrian_crossing-physical_facilities,light_conditions,weather_conditions,road_surface_conditions,special_conditions_at_site,carriageway_hazards,urban_or_rural_area,did_police_officer_attend_scene_of_accident,casualty_reference,casualty_class,sex_of_casualty,age_of_casualty,age_band_of_casualty,casualty_severity,pedestrian_location,pedestrian_movement,car_passenger,bus_or_coach_passenger,pedestrian_road_maintenance_worker,casualty_type,casualty_home_area_type,casualty_imd_decile
3,2,10,0,4,0,3,0,0,0,0,2,1,1,1,46,8,1870,2,10,1,1,2,381750,400090,6,2,1,6,107,3,576,1,30,1,4,5,0,0,1,1,1,1,0,0,1,1,1,1,1,33,6,3,0,0,0,0,0,9,1,5
3,1,19,0,18,0,0,1,0,0,0,1,1,6,1,45,7,1996,2,1,1,1,2,566701,205597,42,2,1,3,454,3,414,6,60,0,4,6,0,0,0,1,2,2,0,0,2,1,1,1,1,33,6,3,0,0,0,0,0,9,1,5
3,2,9,0,4,0,1,0,0,0,0,2,1,1,2,39,7,1496,2,8,2,1,2,386290,392870,6,2,1,6,102,3,34,3,40,7,2,5,0,0,5,1,2,2,0,0,1,1,1,1,2,39,7,3,0,0,0,0,0,9,2,9
3,1,11,0,2,0,8,0,0,0,0,0,1,1,1,63,9,9360,2,3,1,1,1,527500,178270,1,1,1,3,12,3,3217,6,30,3,4,6,0,0,0,1,1,1,0,0,1,1,1,2,2,96,11,3,0,0,0,2,0,11,1,8
3,1,3,0,18,0,8,0,0,0,0,3,1,6,1,22,5,125,1,7,1,1,1,528960,178430,1,1,1,2,1,6,0,6,30,6,4,6,0,0,0,4,1,1,0,0,1,1,1,1,1,22,5,3,0,0,0,0,0,3,1,3
3,1,9,0,9,0,5,0,0,0,0,1,1,6,1,19,4,1956,2,5,2,1,2,489193,411211,16,2,1,6,232,6,0,6,30,6,2,6,0,0,4,4,1,1,0,0,1,1,1,1,1,33,6,3,0,0,0,0,0,9,1,5
3,1,9,0,18,0,3,0,0,0,0,1,1,6,1,70,10,1598,1,8,1,2,2,237422,335043,60,2,2,2,722,3,497,6,30,1,4,6,0,0,8,1,1,1,0,0,2,1,1,1,1,33,6,3,0,0,0,0,0,9,1,5
2,1,9,0,9,0,5,0,0,0,0,1,1,1,2,52,8,1598,1,15,1,1,2,476830,206535,43,2,1,5,476,3,4129,6,60,3,4,6,199,0,0,1,1,1,0,0,2,1,1,1,1,33,6,3,0,0,0,0,0,9,1,5
3,1,9,0,4,0,1,0,0,0,0,1,1,6,2,23,5,1349,1,5,1,1,2,427479,431311,13,2,1,1,204,3,62,6,40,6,2,3,6110,0,5,1,1,1,0,0,1,2,1,1,1,33,6,3,0,0,0,0,0,9,1,5
3,1,11,0,9,0,1,0,0,0,0,0,1,1,1,29,6,4760,2,1,1,1,1,325860,675420,95,1,1,4,923,4,900,6,30,3,4,6,0,0,0,4,1,2,0,0,1,2,1,2,2,49,8,3,0,0,0,3,0,11,1,5
3,1,3,0,18,0,0,0,0,0,0,1,1,6,1,38,7,1598,1,8,1,1,1,445820,343640,30,1,1,5,324,3,6007,6,40,0,4,6,0,0,8,1,1,1,0,0,1,1,1,3,2,72,10,3,5,1,0,0,0,0,1,4
3,2,9,0,18,0,8,0,0,0,0,1,1,6,1,68,10,1598,1,8,1,5,2,421626,563481,10,2,5,2,147,3,695,3,50,3,2,4,1305,0,4,1,1,2,0,0,1,1,3,2,2,70,10,3,0,0,2,0,0,9,1,5
3,1,9,0,18,0,0,0,0,2,7,1,1,6,1,45,7,1587,1,10,1,2,1,272969,63201,50,1,2,7,584,3,38,3,70,0,4,6,0,0,0,1,1,1,0,0,2,1,2,2,2,38,7,3,0,0,1,0,0,9,1,10
3,2,11,0,17,0,0,0,0,0,0,3,1,6,1,32,6,6700,2,5,1,1,2,519857,119434,47,2,1,6,562,4,2116,6,60,0,4,6,0,0,0,1,1,1,0,0,2,1,1,1,1,32,6,3,0,0,0,0,0,11,1,5
3,2,9,0,3,0,0,0,0,0,0,2,1,6,2,58,9,1956,2,2,3,2,2,427289,590623,10,2,2,5,139,3,1068,6,60,0,4,6,0,0,0,1,2,2,0,0,2,1,1,1,2,58,9,3,0,0,0,0,0,9,3,8
3,2,9,0,18,0,8,0,0,7,11,4,1,2,1,41,7,1896,2,11,1,1,2,326730,671820,95,2,1,7,923,3,7,6,30,7,2,6,0,2,5,1,1,1,0,0,1,1,1,1,1,41,7,3,0,0,0,0,0,9,1,5
3,2,9,0,14,0,1,0,4,0,0,1,1,6,3,38,7,2000,1,11,1,2,2,532620,185600,1,2,2,2,4,3,105,6,30,3,4,6,0,0,1,1,1,1,0,0,1,1,1,1,1,33,6,3,0,0,0,0,0,9,1,5
3,1,9,0,5,0,8,0,0,0,0,2,1,6,1,45,7,1587,1,12,1,2,2,532650,191350,1,2,2,1,31,3,10,3,30,6,2,5,0,0,5,1,1,1,0,0,1,1,1,2,2,45,7,3,0,0,2,0,0,9,1,5
3,1,9,0,8,0,4,0,0,0,0,1,1,1,1,29,6,1998,2,10,1,1,2,567982,189172,42,2,1,4,450,4,148,1,40,1,4,6,0,0,0,5,1,1,0,0,1,1,1,1,1,33,6,3,0,0,0,0,0,9,1,5
3,1,9,0,11,0,8,0,0,0,0,1,1,6,2,36,7,1398,1,1,1,1,2,413830,290630,20,2,1,7,300,3,47,1,30,1,4,3,452,0,8,1,1,1,0,0,1,1,1,2,2,12,3,3,0,0,2,0,0,9,1,1
3,3,21,1,4,0,0,0,0,0,0,2,1,1,1,59,9,12809,2,2,1,1,3,504756,163364,45,3,1,5,514,1,25,3,70,0,4,6,0,0,0,1,1,1,0,0,2,1,1,1,1,33,6,3,0,0,0,0,0,9,1,5
3,1,2,0,18,0,8,1,0,0,0,1,1,1,1,22,5,114,1,1,1,1,2,519640,179360,1,2,1,5,27,5,0,6,30,3,4,5,0,0,0,1,2,2,0,0,1,1,1,1,1,22,5,3,0,0,0,0,0,2,1,3
3,3,9,0,18,0,0,0,0,0,0,2,1,2,1,23,5,1968,2,8,1,2,5,574923,190951,42,5,2,4,450,3,127,3,70,0,4,6,0,0,0,1,1,1,0,0,1,1,2,2,2,25,5,3,0,0,1,0,0,9,1,3
3,1,11,0,9,0,8,0,0,0,0,3,1,1,1,61,9,4461,2,2,1,1,2,540600,172120,1,2,1,6,7,3,2212,6,30,6,2,5,0,0,5,7,9,1,0,0,1,1,1,2,1,36,7,3,0,0,0,3,0,11,1,7
2,1,9,0,9,0,8,0,0,0,0,1,1,6,1,22,5,1968,2,8,1,4,2,538200,181730,1,2,4,3,5,3,12,3,40,6,2,6,0,0,5,4,1,1,0,0,1,1,4,2,1,19,4,2,0,0,2,0,0,9,1,4
3,2,8,0,13,0,0,0,0,0,0,1,1,1,1,56,9,2402,2,12,1,2,2,334359,390832,5,2,2,1,91,3,5046,6,30,0,4,6,0,0,0,1,1,1,0,0,1,2,2,2,1,29,6,3,0,0,2,0,0,8,1,2
3,1,9,0,4,0,1,0,0,0,0,1,1,6,3,38,7,1598,1,8,1,1,1,457774,340104,31,1,1,5,346,6,0,6,30,3,4,3,60,0,4,1,1,1,0,0,1,2,1,3,1,20,4,3,5,1,0,0,0,0,1,4
3,2,19,0,18,0,0,0,0,0,0,3,1,1,1,42,7,1598,1,8,3,1,2,270580,232490,63,2,1,6,751,6,0,6,60,0,4,6,0,0,0,1,1,1,0,0,2,2,1,1,1,42,7,3,0,0,0,0,0,19,3,5
3,2,5,0,13,0,0,0,0,0,0,4,1,6,1,24,5,749,1,4,1,2,2,529948,109103,47,2,2,4,565,3,23,6,40,0,4,6,0,0,0,1,1,1,0,0,1,1,1,1,1,24,5,3,0,0,0,0,0,5,1,1
3,1,9,0,7,0,8,0,0,0,0,1,1,6,2,43,7,1390,1,13,1,1,1,520090,178500,1,1,1,6,25,6,0,6,30,3,4,3,315,0,0,4,1,1,0,0,1,1,1,3,1,38,7,3,5,1,0,0,2,0,1,4
3,2,1,0,5,0,1,0,0,0,0,1,1,6,2,28,6,1598,1,8,1,1,2,444423,296883,33,2,1,6,361,5,5116,6,30,3,4,6,5202,0,1,1,1,1,0,0,1,2,1,1,2,28,6,3,0,0,0,0,0,1,1,5
3,2,9,0,18,0,0,1,0,5,0,4,1,2,2,48,8,1796,1,12,1,1,2,548510,199158,42,2,1,6,456,1,25,3,70,0,4,6,0,0,0,4,2,2,0,0,2,1,1,1,2,48,8,3,0,0,0,0,0,9,1,4
3,2,9,0,9,0,8,0,0,0,0,1,1,6,2,44,7,1398,1,12,1,2,2,382280,395480,6,2,2,5,112,5,0,6,30,6,4,6,0,0,0,1,1,1,0,0,1,1,1,1,2,44,7,3,0,0,0,0,0,9,1,5
3,2,9,0,3,0,1,0,0,0,0,2,1,6,1,48,8,1596,1,13,1,1,2,253132,53325,50,2,1,3,583,3,379,1,30,1,4,6,0,0,0,1,1,1,0,0,1,1,1,1,1,48,8,3,0,0,0,0,0,9,1,10
2,1,9,0,18,0,8,0,0,0,0,4,1,6,1,23,5,998,1,9,1,4,2,359010,417160,4,2,4,2,73,6,0,6,30,6,4,6,0,0,0,1,1,1,0,0,1,1,4,2,2,19,4,3,0,0,1,0,0,9,2,6
3,1,4,0,18,0,4,5,0,0,0,0,1,6,1,21,5,249,1,5,1,1,1,503748,166583,45,1,1,2,514,3,320,1,30,1,4,3,317,0,8,1,1,1,0,0,1,1,1,1,1,21,5,3,0,0,0,0,0,4,1,5
3,2,9,0,17,0,0,0,0,0,0,1,1,2,1,58,9,1299,1,18,3,2,2,556800,141050,46,2,2,4,543,6,4302,6,60,0,4,6,0,0,0,1,1,1,0,0,2,1,2,1,1,58,9,3,0,0,0,0,0,9,3,9
2,2,9,0,17,0,0,0,0,0,0,1,1,6,1,49,8,1997,2,7,1,3,3,577754,192493,42,3,3,7,459,6,0,7,30,0,4,6,0,0,0,1,1,1,0,0,2,1,1,2,1,55,8,2,0,0,2,0,0,9,1,6
2,1,9,0,18,0,0,0,0,0,0,0,1,6,3,38,7,1598,1,8,1,1,4,590550,159270,46,4,1,4,540,1,2,3,70,0,4,6,0,0,0,1,1,1,0,0,2,1,1,1,1,33,6,3,0,0,0,0,0,9,1,5
2,1,9,0,18,0,1,0,0,0,0,3,1,6,1,50,8,1598,1,8,3,1,2,519930,180170,1,2,1,5,27,3,4020,6,30,3,4,6,0,0,0,4,1,1,0,0,1,1,1,3,2,19,4,2,9,5,0,0,2,0,1,2
3,1,9,0,18,0,0,0,4,0,0,4,1,6,1,62,9,1560,2,3,1,1,3,429099,558396,10,3,1,6,150,5,500,6,30,0,4,6,0,0,0,1,1,1,0,0,1,1,1,2,2,58,9,3,0,0,1,0,0,9,1,5
3,1,9,0,9,0,8,0,0,0,0,4,1,6,2,58,9,1242,1,8,1,2,2,428948,435472,13,2,2,7,204,3,660,6,30,6,2,6,0,0,5,4,1,1,0,0,1,1,1,1,1,33,6,3,0,0,0,0,0,9,1,5
3,1,9,0,1,0,1,0,0,0,0,2,1,6,3,38,7,1598,1,8,1,1,2,530910,191610,1,2,1,4,31,3,105,6,30,3,4,3,105,0,4,4,1,1,0,0,1,1,1,1,1,33,6,3,0,0,0,0,0,9,1,5
3,1,21,1,12,0,0,0,0,0,0,1,1,1,1,47,8,1598,1,8,1,2,2,538935,154107,45,2,2,2,516,1,25,3,70,0,4,6,0,0,0,6,2,2,0,0,2,1,1,1,1,33,6,3,0,0,0,0,0,9,1,5
3,2,5,0,13,0,0,0,0,0,0,3,1,6,1,29,6,1598,1,8,1,2,2,543670,191530,1,2,2,3,14,5,0,6,30,0,4,6,0,0,0,4,1,1,0,0,1,1,2,1,1,29,6,3,0,0,0,0,0,5,1,3
2,1,9,0,17,0,0,0,0,7,4,1,1,6,1,50,8,1598,1,8,3,5,1,473625,433379,16,1,5,5,231,4,1228,6,60,0,4,6,0,0,0,6,1,2,0,0,2,1,3,2,1,82,11,3,0,0,2,0,0,9,1,5
3,1,9,0,18,0,0,0,0,0,0,1,1,6,1,18,4,1896,2,9,2,5,3,433456,454348,12,3,5,7,182,3,661,6,40,0,4,6,0,0,0,1,1,1,0,0,2,1,1,1,1,18,4,3,0,0,0,0,0,9,2,6
3,1,9,0,9,0,5,0,0,0,0,4,1,1,1,24,5,2191,2,1,1,1,2,385548,345106,21,2,1,2,253,3,34,3,40,3,2,6,0,0,0,1,1,1,2,0,2,1,1,1,1,24,5,3,0,0,0,0,0,9,1,5
3,3,9,0,18,0,1,0,0,0,0,1,1,6,1,58,9,1598,2,2,1,2,3,435153,424414,13,3,2,7,206,3,642,6,30,3,4,6,0,0,0,1,2,2,0,0,1,1,2,1,1,58,9,3,0,0,0,0,0,9,1,4
3,2,9,0,3,0,1,0,0,0,0,2,1,1,1,53,8,1598,2,1,1,1,3,553787,121289,47,3,1,2,556,4,2192,6,60,3,4,6,0,0,0,1,1,1,0,0,2,1,1,1,1,53,8,3,0,0,0,0,0,9,1,10
2,1,9,0,18,0,0,0,0,0,0,1,1,6,1,22,5,1598,1,8,1,2,2,475756,254840,34,2,2,6,385,6,4920,6,30,0,4,6,0,0,0,1,1,2,0,0,2,1,1,1,1,22,5,2,0,0,0,0,0,9,1,5
2,3,1,0,18,0,8,0,0,0,0,1,1,6,1,58,9,1598,1,8,1,4,5,329233,699816,94,5,4,3,925,6,0,6,30,3,4,6,0,0,0,4,1,2,0,0,1,1,2,1,1,58,9,3,0,0,0,0,0,1,1,5
3,2,9,0,3,0,1,0,0,0,0,2,1,6,2,23,5,1598,1,5,1,2,2,439387,388066,14,2,2,2,215,3,6102,3,40,3,2,4,6085,0,0,4,2,2,0,0,1,1,2,1,2,23,5,3,0,0,0,0,0,9,1,10
3,1,9,0,18,0,8,0,0,0,0,4,1,6,2,61,9,1150,1,11,1,1,1,549530,178350,1,1,1,6,18,3,206,6,30,3,4,5,0,0,0,1,1,1,0,0,1,1,1,3,2,12,3,3,5,1,0,0,2,0,1,4
2,1,11,0,18,0,2,0,0,0,0,3,1,1,2,55,8,1598,1,8,1,1,2,533120,178140,1,2,1,4,8,6,0,6,30,3,4,6,0,0,0,1,1,1,0,0,1,1,1,1,1,33,6,3,0,0,0,0,0,9,1,5
3,2,9,0,18,0,2,0,0,0,0,3,1,6,1,41,7,1968,2,1,1,2,2,553410,168910,46,2,2,4,538,1,25,3,70,5,4,6,0,0,0,1,2,2,0,0,2,1,1,1,1,41,7,3,0,0,0,0,0,9,1,9
3,1,21,0,12,0,0,0,0,0,0,0,1,6,3,38,7,1598,1,8,1,1,3,538381,199907,42,3,1,3,456,1,25,3,70,0,4,6,0,0,0,1,1,1,0,0,1,1,1,1,1,33,6,3,0,0,0,0,0,9,1,5
3,1,1,0,18,9,0,0,0,0,0,1,1,6,1,38,7,1598,1,8,1,1,1,522890,183110,1,1,1,3,28,5,0,6,30,0,4,6,0,0,0,1,1,1,0,0,1,1,1,3,2,5,1,3,6,9,0,0,2,0,1,3
2,1,9,0,13,0,0,0,0,0,0,1,1,6,1,37,7,1598,1,8,1,2,2,650329,280035,37,2,2,6,416,4,1127,6,60,0,4,6,0,0,0,6,1,2,0,0,2,1,1,1,1,37,7,2,0,0,0,0,0,9,1,1
3,2,9,0,18,0,1,0,0,0,0,2,1,6,2,54,8,1995,2,1,1,5,3,490987,435796,16,3,5,4,231,3,1034,6,40,3,4,6,0,0,0,1,1,1,0,0,2,1,1,1,2,54,8,3,0,0,0,0,0,9,1,10
3,1,9,0,7,0,1,0,0,0,0,1,1,1,1,31,6,1596,1,9,1,1,2,340283,390191,5,2,1,6,91,6,0,6,30,3,4,3,5058,0,0,1,1,1,0,0,1,2,1,1,1,33,6,3,0,0,0,0,0,9,1,5
3,2,8,0,9,0,8,0,0,0,0,1,1,1,1,32,6,1686,2,12,1,3,2,442878,519766,17,2,3,4,245,3,1027,6,30,6,2,5,142,0,5,4,1,1,0,0,1,2,3,2,1,5,1,3,0,0,2,0,0,8,1,8
3,1,9,0,18,0,1,0,0,0,0,1,1,6,1,85,11,1798,1,6,1,2,2,504428,149253,45,2,2,5,511,3,25,6,50,3,4,6,0,0,0,1,1,1,0,0,2,1,1,1,1,33,6,3,0,0,0,0,0,9,1,5
3,1,9,0,18,0,8,0,0,0,0,4,1,6,1,36,7,1493,2,8,1,4,2,535270,197780,1,2,4,1,32,3,1010,6,30,3,4,6,0,0,0,1,1,1,0,0,1,2,4,2,2,10,2,3,0,0,2,0,0,9,1,2
3,2,1,0,9,0,8,0,0,0,0,1,1,1,1,39,7,1598,1,8,1,1,2,423433,569078,10,2,1,3,147,5,103,1,30,1,4,5,104,0,0,1,1,1,0,0,1,2,1,1,1,39,7,3,0,0,0,0,0,1,1,2
3,1,19,0,18,0,0,0,0,0,0,2,1,2,1,53,8,2143,2,2,1,2,2,507972,159354,45,2,2,2,511,1,25,3,40,0,4,6,0,0,0,1,1,1,0,0,2,1,1,1,1,53,8,3,0,0,0,0,0,19,1,1
3,1,9,0,18,0,1,0,0,0,0,1,1,6,3,38,7,1598,1,8,1,1,2,322220,670840,95,2,1,6,923,3,70,6,30,3,2,5,0,0,5,1,1,1,0,0,1,1,1,1,1,33,6,3,0,0,0,0,0,9,1,5
3,2,9,0,18,0,2,0,0,0,0,1,1,6,1,55,8,1598,1,8,1,2,2,343902,399474,5,2,2,4,90,6,0,6,30,3,4,6,0,0,0,1,1,1,0,0,2,1,2,1,1,55,8,3,0,0,0,0,0,9,1,5
3,1,9,0,13,0,0,0,0,0,0,3,1,6,1,40,7,1598,1,8,1,1,2,542200,309650,35,2,1,4,392,4,1169,6,60,0,4,6,0,0,0,6,4,2,0,0,2,1,1,1,1,33,6,3,0,0,0,0,0,9,1,5
3,1,9,0,18,0,0,2,0,7,11,1,1,6,2,20,4,1242,1,5,3,1,1,514001,465142,16,1,1,3,231,3,614,6,60,0,4,6,0,0,0,1,1,1,0,0,2,1,1,1,2,20,4,3,0,0,0,0,0,9,3,3
3,1,9,0,5,0,4,0,0,0,0,3,1,6,1,81,11,1124,1,12,2,1,2,288844,66473,50,2,1,3,587,3,380,1,40,1,4,2,3022,0,0,1,1,1,0,0,2,1,1,2,2,80,11,3,0,0,1,0,0,9,2,8
3,2,9,0,18,0,0,0,0,0,0,1,1,6,1,48,8,1497,8,8,1,1,2,547500,170190,1,2,1,5,19,3,20,3,50,0,4,6,0,0,0,1,1,1,0,0,2,1,1,1,1,33,6,3,0,0,0,0,0,9,1,5
3,1,90,0,17,0,0,1,0,1,10,1,1,6,1,60,9,1598,1,8,2,1,1,270341,53430,50,1,1,1,584,4,3196,6,60,0,4,6,0,0,0,1,1,1,0,0,2,1,1,1,1,60,9,3,0,0,0,0,0,90,2,5
3,2,9,0,4,0,0,0,0,0,0,2,1,6,1,59,9,2495,2,12,3,2,3,489948,136534,45,3,2,1,517,3,3,3,50,0,4,6,0,0,0,1,1,1,0,0,2,1,3,2,1,72,10,3,0,0,1,0,0,9,2,8
2,2,9,0,18,0,1,0,0,0,0,1,1,6,1,37,7,1993,1,27,1,7,3,224866,80261,50,3,7,3,596,3,30,3,70,3,4,4,3257,0,0,1,1,1,0,0,2,1,3,2,2,34,6,2,0,0,1,0,0,9,1,6
2,3,8,0,16,0,0,0,0,0,0,1,1,6,1,47,8,1968,2,9,2,4,3,584623,223719,42,3,4,1,451,3,120,6,60,0,4,6,0,0,0,1,1,1,0,0,2,1,4,2,2,46,8,2,0,0,1,0,0,8,1,9
3,3,9,0,18,0,4,1,0,1,7,1,1,6,1,15,3,1598,1,8,1,2,3,335908,394955,5,3,2,6,91,3,5080,7,40,1,4,6,0,0,0,4,1,2,0,0,1,1,1,1,1,15,3,3,0,0,0,0,0,9,1,3
3,1,9,0,18,0,4,0,0,0,0,1,1,6,1,61,9,1598,1,8,1,1,2,518500,259030,35,2,1,4,393,4,1043,1,30,1,4,4,1046,0,0,4,1,1,0,0,1,1,1,1,1,33,6,3,0,0,0,0,0,9,1,5
3,1,9,0,4,0,0,0,0,0,0,1,1,1,1,33,6,1560,2,5,1,4,4,303579,670399,95,4,4,6,940,1,8,3,70,0,4,6,0,0,0,1,1,1,0,0,2,1,4,1,1,33,6,3,0,0,0,0,0,9,1,5
3,2,9,0,18,0,1,0,0,0,0,2,1,6,1,50,8,1598,1,8,1,2,3,368290,427740,4,3,2,5,70,6,0,6,30,3,4,6,0,0,0,1,1,1,0,0,1,1,1,1,1,33,6,3,0,0,0,0,0,9,1,5
2,2,9,0,18,0,8,0,0,0,0,1,1,6,2,43,7,1229,1,2,1,4,2,359010,417160,4,2,4,2,73,6,0,6,30,6,4,6,0,0,0,1,1,1,0,0,1,1,1,1,2,43,7,2,0,0,0,0,0,9,1,5
3,2,1,0,18,0,0,0,0,0,0,1,1,6,2,5,1,1598,1,8,1,1,2,320140,669460,95,2,1,6,923,6,0,6,30,0,4,6,0,0,0,5,1,1,0,0,1,1,1,1,2,5,1,3,0,0,0,0,0,1,1,5
3,1,9,0,18,0,0,0,0,0,0,3,1,1,1,48,8,1598,2,5,3,1,2,263256,664363,97,2,1,6,926,3,89,3,30,0,4,6,0,0,4,1,1,1,0,0,1,1,1,1,1,48,8,3,0,0,0,0,0,9,3,5
3,2,9,0,18,0,8,0,0,0,0,1,1,6,1,45,7,998,1,17,1,1,2,402170,279950,20,2,1,4,300,3,38,3,30,5,2,3,38,0,5,4,1,1,0,0,1,2,1,1,1,45,7,3,0,0,0,0,0,9,1,2
3,1,9,0,9,0,5,0,0,0,0,1,1,6,1,76,11,1686,2,9,1,1,2,510178,166586,45,2,1,2,510,3,3050,6,30,3,4,6,0,0,0,4,1,2,0,0,1,1,1,1,1,33,6,3,0,0,0,0,0,9,1,5
3,1,9,0,18,0,0,1,0,4,6,1,1,6,1,35,6,1910,2,10,1,1,2,395370,395190,6,2,1,5,110,1,67,3,70,0,4,6,0,0,0,1,1,1,0,0,1,1,1,1,1,33,6,3,0,0,0,0,0,9,1,5
3,1,2,0,9,0,8,0,0,0,0,3,1,6,1,33,6,124,1,5,1,1,2,532620,183550,1,2,1,1,4,3,1200,6,30,6,4,5,0,0,0,1,1,1,0,0,1,1,1,1,1,33,6,3,0,0,0,0,0,2,1,5
3,3,9,0,9,0,5,0,0,0,0,0,1,6,3,38,7,1598,1,8,1,2,3,394111,321607,21,3,2,2,255,3,34,6,30,3,4,6,0,0,4,4,1,1,0,0,1,1,1,1,1,33,6,3,0,0,0,0,0,9,1,5
3,2,5,0,13,0,0,0,0,0,0,1,1,2,1,31,6,998,1,11,1,1,2,405706,91927,55,2,1,6,643,3,35,6,30,0,4,6,0,0,0,1,1,1,0,0,1,1,1,1,1,31,6,3,0,0,0,0,0,5,1,5
3,2,8,0,18,0,8,0,0,0,0,4,1,2,1,49,8,1968,2,2,1,1,2,448789,520613,17,2,1,2,243,3,178,6,30,3,4,3,66,0,0,1,1,1,0,0,1,1,1,1,1,49,8,3,0,0,0,0,0,8,1,8
3,4,9,0,9,0,8,0,0,0,0,1,1,6,1,38,7,1000,1,1,1,1,4,514190,182340,1,4,1,3,27,6,0,6,30,3,2,4,455,0,5,1,1,1,0,0,1,1,1,1,1,33,6,3,0,0,0,0,0,9,1,5
3,1,9,0,18,0,0,5,0,1,4,1,1,6,1,32,6,1598,2,2,1,1,1,422158,518063,11,1,1,7,161,4,6279,6,60,0,4,6,0,0,0,1,1,2,0,0,2,1,1,1,1,32,6,3,0,0,0,0,0,9,1,4
3,2,9,0,18,0,0,0,0,0,0,1,1,6,1,17,4,1388,1,10,2,2,2,623630,137640,46,2,2,6,539,4,2011,6,60,0,4,6,0,0,0,4,1,1,0,0,1,1,1,1,1,17,4,3,0,0,0,0,0,9,2,5
3,1,11,0,7,0,2,0,0,0,0,1,1,1,2,48,8,6696,2,8,1,2,2,444527,518731,17,2,2,6,245,6,0,6,30,3,4,6,0,0,0,1,1,1,0,0,1,2,1,1,1,33,6,3,0,0,0,0,0,9,1,5
3,1,21,0,4,0,0,1,0,0,0,1,1,1,1,51,8,8867,2,7,1,1,3,578170,157550,46,3,1,4,536,3,249,3,70,0,4,6,0,0,0,1,2,2,0,0,2,1,1,1,1,33,6,3,0,0,0,0,0,9,1,5
3,3,9,0,3,0,0,0,0,0,0,2,1,6,1,38,7,1598,1,8,1,4,3,346128,173036,52,3,4,3,605,1,5,3,70,0,4,6,0,0,0,6,1,1,0,0,2,1,1,1,1,33,6,3,0,0,0,0,0,9,1,5
3,1,19,0,18,0,8,0,0,0,0,3,1,6,1,35,6,1753,2,11,1,1,2,454369,302227,33,2,1,5,360,6,3470,6,30,3,4,6,3470,0,0,1,1,4,0,0,1,2,1,1,1,35,6,3,0,0,0,0,0,19,1,9
3,1,9,0,1,0,1,0,0,0,0,2,1,6,3,38,7,1598,1,8,1,1,1,390340,333789,21,1,1,5,255,6,409,6,30,3,4,4,5027,0,0,1,1,1,0,0,1,1,1,3,1,12,3,3,5,1,0,0,0,0,1,6
2,1,19,0,18,0,4,0,0,0,0,1,1,1,1,65,9,1598,1,8,2,1,2,443909,481669,12,2,1,2,181,3,19,1,60,1,4,3,170,0,0,1,1,1,0,0,2,1,1,1,1,33,6,3,0,0,0,0,0,9,1,5
3,1,9,0,9,0,5,0,0,0,0,4,1,6,1,68,10,2497,2,6,3,3,2,411309,633420,10,2,3,5,139,4,6349,6,60,3,4,6,2062,0,0,1,1,1,0,0,2,1,1,1,1,68,10,3,0,0,0,0,0,9,3,5
3,1,9,0,18,0,1,0,0,0,0,1,1,6,1,30,6,1796,1,8,2,2,2,480506,212764,43,2,2,7,476,3,418,1,40,1,4,5,171,0,0,7,1,1,0,0,2,1,1,1,1,33,6,3,0,0,0,0,0,9,1,5
3,2,9,0,9,0,6,0,0,0,0,4,1,6,2,20,4,1461,2,2,1,1,2,262748,661380,97,2,1,5,938,3,724,3,30,3,4,6,0,0,0,1,4,2,0,0,1,1,1,1,2,20,4,3,0,0,0,0,0,9,1,5
3,1,9,0,16,0,3,1,0,0,0,2,1,6,1,93,11,1299,1,19,1,1,2,369290,309310,22,2,1,7,284,6,0,6,30,1,4,6,0,0,0,1,2,2,0,0,1,1,1,1,1,93,11,3,0,0,0,0,0,9,1,5
3,1,8,0,18,0,1,0,0,0,0,1,1,1,1,42,7,1598,1,8,1,1,2,455209,344609,31,2,1,2,346,3,611,6,30,3,4,6,0,0,0,1,1,1,0,0,1,2,1,2,2,44,7,3,0,0,1,0,0,8,1,1
3,2,19,0,2,0,0,0,0,0,0,4,1,6,3,38,7,1598,1,8,1,1,2,319682,180805,62,2,1,2,741,6,0,6,30,0,4,6,0,0,0,1,1,1,0,0,1,1,1,3,1,36,7,3,9,6,0,0,0,0,1,5
3,2,9,0,5,0,0,0,0,0,0,3,1,6,1,84,11,1397,1,2,1,2,2,524520,166680,1,2,2,2,21,3,24,6,30,0,4,6,0,0,5,1,1,1,0,0,1,1,1,1,1,33,6,3,0,0,0,0,0,9,1,5
2,2,9,0,18,0,1,0,0,0,0,0,1,6,3,38,7,1598,1,8,1,1,4,228010,215800,63,4,1,5,751,3,4066,6,30,9,4,6,0,0,0,1,2,2,0,0,2,1,1,1,1,33,6,3,0,0,0,0,0,9,1,5