accident_severity,vehicle_reference,vehicle_type,towing_and_articulation,vehicle_manoeuvre,vehicle_location-restricted_lane,junction_location,skidding_and_overturning,hit_object_in_carriageway,vehicle_leaving_carriageway,hit_object_off_carriageway,1st_point_of_impact,was_vehicle_left_hand_drive?,journey_purpose_of_driver,sex_of_driver,age_of_driver,age_band_of_driver,engine_capacity_(cc),propulsion_code,age_of_vehicle,driver_home_area_type,NUmber_of_Casualities_unique_to_accident_index,No_of_Vehicles_involved_unique_to_accident_index,location_easting_osgr,location_northing_osgr,police_force,number_of_vehicles,number_of_casualties,day_of_week,local_authority_(district),1st_road_class,1st_road_number,road_type,speed_limit,junction_detail,junction_control,2nd_road_class,2nd_road_number,pedestrian_crossing-human_control,pedestrian_crossing-physical_facilities,light_conditions,weather_conditions,road_surface_conditions,special_conditions_at_site,carriageway_hazards,urban_or_rural_area,did_police_officer_attend_scene_of_accident,casualty_reference,casualty_class,sex_of_casualty,age_of_casualty,age_band_of_casualty,casualty_severity,pedestrian_location,pedestrian_movement,car_passenger,bus_or_coach_passenger,pedestrian_road_maintenance_worker,casualty_type,casualty_home_area_type,casualty_imd_decile
3,2,4,0,13,0,8,0,0,0,0,4,1,6,1,34,6,599,1,2,1,1,2,523320,182710,1,2,1,3,28,3,404,6,30,3,4,3,404,0,0,1,1,1,0,0,1,1,1,1,1,34,6,3,0,0,0,0,0,4,1,3
3,1,1,0,18,9,2,0,0,0,0,0,1,6,1,32,6,1598,1,8,1,1,1,511011,164377,45,1,1,7,510,6,3898,6,30,3,4,6,0,0,0,1,1,1,0,0,1,1,1,1,1,32,6,3,0,0,0,0,0,1,1,10
3,1,9,0,18,0,0,0,0,0,0,1,1,1,2,34,6,1560,2,3,3,1,2,505511,347181,32,2,1,5,353,3,15,6,60,0,4,6,0,0,0,1,1,1,0,0,2,1,1,1,1,33,6,3,0,0,0,0,0,9,1,5
3,2,1,0,18,0,0,0,0,0,0,1,1,6,1,3,1,1598,1,8,1,1,2,447220,400850,14,2,1,1,211,6,0,6,20,0,4,6,0,0,0,1,1,1,0,0,1,1,1,1,1,3,1,3,0,0,0,0,0,1,1,4
3,1,9,0,18,0,1,0,0,0,0,1,1,6,2,38,7,1598,1,8,1,1,1,516450,180420,1,1,1,3,27,6,0,6,30,3,4,6,0,0,0,1,1,1,0,0,1,1,1,3,2,4,1,3,5,3,0,0,2,0,1,2
3,2,9,0,18,0,1,0,0,0,0,4,1,6,2,37,7,1598,1,3,1,1,2,587640,164030,46,2,1,2,540,3,249,7,70,5,4,3,2,0,0,4,2,2,0,0,2,1,1,1,2,37,7,3,0,0,0,0,0,9,1,1
3,1,9,0,18,0,1,0,0,0,0,1,1,1,2,19,4,1149,1,13,1,2,3,420821,528431,11,3,2,7,169,5,130,6,30,3,4,6,0,0,0,1,1,1,0,0,1,1,1,2,1,21,5,3,0,0,1,0,0,9,1,2
3,1,8,0,18,0,4,1,9,3,1,1,1,1,1,38,7,1997,2,9,1,6,1,415166,297985,23,1,6,7,290,3,38,3,70,1,2,1,6,0,0,4,1,1,0,0,2,1,4,2,2,22,5,3,0,0,2,0,0,8,1,5
3,2,9,0,17,0,0,0,0,0,0,1,1,6,1,74,10,1997,1,8,3,1,2,315763,643000,95,2,1,1,914,3,72,6,60,0,4,6,0,0,0,1,1,1,0,0,2,1,1,1,1,33,6,3,0,0,0,0,0,9,1,5
3,1,9,0,9,0,6,0,0,0,0,1,1,6,2,52,8,1598,1,8,2,3,2,300970,260980,63,2,3,4,753,3,470,6,60,3,4,3,4081,0,0,1,1,1,0,0,2,1,2,1,2,52,8,3,0,0,0,0,0,9,2,5
3,1,9,0,18,0,1,0,0,0,0,1,1,6,1,78,11,2199,2,3,1,1,2,387358,349024,21,2,1,6,257,3,53,6,30,6,2,6,0,0,0,6,1,1,0,0,1,1,1,1,1,33,6,3,0,0,0,0,0,9,1,5
3,1,9,0,9,0,5,0,0,0,0,4,1,6,1,47,8,1598,1,8,2,2,2,400170,296940,20,2,2,2,307,3,4148,3,30,6,2,6,0,0,5,4,2,2,0,0,1,1,1,1,1,47,8,3,0,0,0,0,0,9,2,5
3,2,9,0,5,0,1,0,0,0,0,3,1,6,1,64,9,3518,1,9,1,3,2,531240,193150,1,2,3,5,32,3,105,6,30,3,4,6,0,0,0,1,2,2,0,0,1,1,3,2,2,76,11,3,0,0,2,0,0,9,1,5
3,1,9,0,7,0,8,0,0,0,0,1,1,6,2,24,5,1598,1,8,1,1,2,530420,170280,1,2,1,6,9,3,23,6,30,3,4,6,0,0,0,1,1,1,0,0,1,1,1,1,1,33,6,3,0,0,0,0,0,9,1,5
3,1,3,0,18,0,0,0,0,0,0,1,1,6,1,18,4,124,1,3,1,1,3,606870,139590,46,3,1,7,530,3,20,6,60,0,4,6,0,0,0,1,1,1,0,0,2,1,1,1,1,18,4,3,0,0,0,0,0,3,1,4
3,2,9,0,3,0,0,0,0,0,0,2,1,1,1,21,5,1587,1,12,1,1,2,437940,370940,30,2,1,7,322,3,619,3,30,0,4,6,0,0,0,1,2,2,0,3,1,2,1,1,1,33,6,3,0,0,0,0,0,9,1,5
2,1,9,0,18,0,0,0,0,0,0,1,1,1,1,34,6,1896,2,14,1,2,1,370891,354260,7,1,2,1,129,4,5071,6,30,0,4,6,0,0,1,4,7,1,0,0,1,1,2,3,2,16,4,2,1,1,0,0,0,0,1,1
3,2,9,0,18,0,1,0,0,0,0,1,1,6,2,23,5,2720,2,9,1,1,2,486760,148371,45,2,1,2,517,5,121,6,30,8,4,6,0,0,0,1,1,1,0,0,2,1,1,1,1,33,6,3,0,0,0,0,0,9,1,5
3,2,5,0,18,0,8,0,0,0,0,3,1,6,1,36,7,1157,1,9,1,1,2,525177,135006,47,2,1,1,560,3,2220,1,40,1,4,6,0,0,0,1,1,1,0,0,1,1,1,1,1,36,7,3,0,0,0,0,0,5,1,10
3,1,9,0,18,0,2,0,0,0,0,4,1,6,3,38,7,1598,1,8,1,1,1,458626,300900,33,1,1,4,364,6,2483,6,30,3,4,6,103,0,8,1,1,1,0,0,1,1,1,3,1,14,3,3,4,1,0,0,0,0,1,5
3,2,9,0,3,0,1,0,0,0,0,1,1,3,1,33,6,2231,2,6,1,5,2,408720,283630,20,2,5,2,300,6,0,6,30,3,4,6,0,0,0,1,1,1,0,0,1,2,3,2,1,11,3,3,0,0,2,0,0,9,1,1
2,2,97,0,18,0,1,0,0,1,10,0,1,6,1,81,11,1598,1,8,1,1,2,347877,200856,61,2,1,5,732,4,4293,6,30,3,4,6,0,0,0,1,1,1,0,0,2,1,1,1,1,81,11,2,0,0,0,0,0,97,1,5
3,2,8,0,18,0,0,0,0,0,0,3,1,2,1,50,8,2499,2,8,1,1,2,532100,195810,1,2,1,2,32,5,0,6,30,0,4,6,0,0,0,4,1,1,0,0,1,1,1,1,1,33,6,3,0,0,0,0,0,9,1,5
3,1,9,0,4,0,0,0,0,0,0,1,1,6,2,38,7,1968,2,8,1,1,2,517161,164891,45,2,1,5,510,3,3,3,70,0,4,6,0,0,0,1,1,1,0,0,2,1,1,1,1,33,6,3,0,0,0,0,0,9,1,5
1,1,9,0,17,0,0,0,0,0,0,4,1,6,1,21,5,1896,2,18,1,4,2,378850,272580,22,2,4,5,278,4,4194,6,60,0,4,6,0,0,0,6,5,2,0,0,2,1,1,1,1,21,5,1,0,0,0,0,0,9,1,1
3,1,9,0,9,0,8,0,0,0,0,4,1,6,2,20,4,998,1,9,1,1,2,424460,433646,13,2,1,2,204,4,6154,6,30,6,2,6,0,0,4,4,2,2,0,0,1,2,1,1,1,33,6,3,0,0,0,0,0,9,1,5
3,1,9,0,18,0,8,0,0,0,0,3,1,6,2,48,8,1360,1,13,1,1,1,540300,169440,1,1,1,5,19,3,2212,6,30,3,4,6,0,0,0,4,1,1,0,0,1,1,1,3,2,31,6,3,5,3,0,0,2,0,1,4
3,1,9,0,16,0,0,1,0,7,10,1,1,6,1,17,4,1299,1,15,1,1,1,347750,460760,4,1,1,6,76,3,588,6,60,0,4,6,0,0,0,6,1,2,0,0,1,1,1,1,1,17,4,3,0,0,0,0,0,9,1,10
3,1,11,0,18,0,8,0,0,0,0,0,1,1,1,63,9,1598,1,8,1,1,1,461141,432274,12,1,1,6,187,3,1238,6,30,3,2,3,19,0,0,1,1,1,0,0,1,2,1,2,2,60,9,3,0,0,0,3,0,11,1,5
3,2,9,0,18,0,3,0,0,0,0,1,1,6,2,44,7,1461,2,8,1,3,2,430560,265808,23,2,3,3,294,4,4099,1,30,2,4,6,0,0,4,1,1,2,0,0,1,1,2,1,2,44,7,3,0,0,0,0,0,9,1,5
2,1,9,0,17,0,0,2,10,1,11,1,1,6,2,26,6,1598,1,8,1,3,1,488943,192385,43,1,3,3,480,6,3087,6,30,0,4,6,0,0,0,1,1,3,0,0,1,1,1,1,2,26,6,2,0,0,0,0,0,9,1,5
3,1,9,0,12,0,1,0,0,0,0,3,1,6,1,38,7,1598,1,8,1,1,2,449654,534593,17,2,1,3,240,6,0,6,30,3,4,6,0,0,0,1,1,1,0,0,1,1,1,1,1,33,6,3,0,0,0,0,0,9,1,5
3,1,9,0,18,0,0,1,0,1,2,1,1,6,1,72,10,1591,1,1,1,1,1,266908,656348,97,1,1,7,938,3,725,3,60,0,4,6,0,0,0,4,8,2,0,0,2,1,1,2,2,71,10,3,0,0,1,0,0,9,1,5
3,2,9,0,10,0,8,0,0,0,0,2,1,6,1,75,10,2496,2,11,1,3,3,578659,203073,42,3,3,5,454,4,1418,6,30,9,4,6,0,0,0,1,1,1,0,0,2,1,1,1,1,75,10,3,0,0,0,0,0,9,1,10
3,1,21,0,13,0,0,0,0,0,0,0,1,1,1,38,7,12740,2,1,1,1,4,423647,188382,43,4,1,5,483,4,4000,6,30,0,4,6,0,0,0,1,1,1,0,0,2,1,1,1,1,33,6,3,0,0,0,0,0,9,1,5
3,1,3,0,18,0,1,0,0,0,0,4,1,6,2,22,5,124,1,2,1,1,2,414534,93506,55,2,1,4,641,3,35,6,30,3,4,6,0,0,0,1,1,1,0,0,1,1,1,1,2,22,5,3,0,0,0,0,0,3,1,4
2,1,9,0,9,0,5,0,0,0,0,4,1,6,2,46,8,2231,2,2,2,1,2,449718,383937,14,2,1,6,213,5,11,6,30,3,4,6,0,0,0,1,4,1,0,0,2,1,1,1,1,33,6,3,0,0,0,0,0,9,1,5
2,2,9,0,18,0,3,1,9,0,0,1,1,6,2,19,4,659,1,12,1,1,2,526120,325555,32,2,1,1,354,3,16,1,60,1,4,4,1180,0,0,1,2,2,0,0,2,2,1,1,1,33,6,3,0,0,0,0,0,9,1,5
3,2,5,0,18,0,8,0,0,0,0,1,1,6,1,34,6,899,1,17,1,1,2,508699,431124,16,2,1,2,228,3,1079,6,30,3,4,6,0,0,0,4,1,2,0,0,1,1,1,1,1,34,6,3,0,0,0,0,0,5,1,7
3,1,9,0,18,0,2,0,0,0,0,3,1,6,2,18,4,1229,1,3,1,1,2,460470,308115,33,2,1,2,364,3,563,6,40,6,2,3,607,0,5,4,2,2,0,0,2,2,1,2,1,17,4,3,0,0,1,0,0,9,1,6
3,2,9,0,2,0,0,0,0,0,0,3,1,6,2,24,5,1598,1,8,1,3,3,539800,181770,1,3,3,7,17,6,0,6,30,0,4,6,0,0,0,1,1,1,0,0,1,1,1,1,1,33,6,3,0,0,0,0,0,9,1,5
2,1,3,0,13,0,1,0,0,0,0,1,1,2,1,23,5,125,1,1,1,1,2,428734,565449,10,2,1,3,147,3,187,6,30,6,4,5,130,0,4,1,1,1,0,0,1,1,1,1,1,23,5,2,0,0,0,0,0,3,1,2
3,2,9,0,18,0,0,0,0,0,0,2,1,6,2,28,6,1560,2,1,1,1,2,570610,158380,46,2,1,5,542,3,20,6,40,0,4,6,0,0,0,1,1,1,0,0,1,1,1,1,2,28,6,3,0,0,0,0,0,9,1,8
3,4,9,0,3,0,1,0,0,0,0,1,1,6,2,26,6,1198,1,1,1,1,4,542325,207257,42,4,1,5,456,6,0,6,40,3,4,6,0,1,0,1,2,2,0,0,1,2,1,1,1,33,6,3,0,0,0,0,0,9,1,5
3,1,19,0,18,0,8,5,0,7,0,4,1,1,1,45,7,2198,2,8,1,3,2,313042,687870,94,2,3,5,925,6,0,1,40,1,4,6,0,0,0,1,1,1,0,0,1,1,1,1,1,45,7,3,0,0,0,0,0,19,1,5
3,2,9,0,4,0,0,0,0,0,0,2,1,1,2,19,4,1598,2,3,1,3,2,337882,672106,95,2,3,4,921,3,1,3,70,0,4,6,0,0,0,1,2,2,0,0,2,1,3,2,1,22,5,3,0,0,1,0,0,9,1,5
3,2,9,0,17,0,0,0,0,0,0,1,1,2,1,31,6,1598,1,8,1,2,2,189627,66273,50,2,2,3,596,6,0,6,60,0,4,6,0,0,0,1,2,1,0,0,2,1,2,1,1,31,6,3,0,0,0,0,0,9,1,4
3,1,19,0,18,0,1,1,10,0,0,1,1,1,1,22,5,1560,2,1,1,2,2,444220,116117,44,2,2,2,500,6,0,6,30,3,4,6,0,0,0,1,1,1,0,0,1,1,1,1,1,22,5,3,0,0,0,0,0,19,1,6
3,8,9,0,4,0,0,0,0,0,0,1,1,6,1,57,9,2143,2,3,3,1,9,384920,341740,21,9,1,6,255,1,6,3,70,0,4,6,0,0,0,1,1,2,0,0,2,1,1,1,1,33,6,3,0,0,0,0,0,9,1,5
2,2,9,0,18,0,8,0,0,0,0,1,1,6,1,74,10,1598,1,8,2,5,3,432664,451823,12,3,5,1,182,3,658,6,60,3,4,5,275,0,0,6,1,2,0,0,2,1,3,2,2,70,10,3,0,0,1,0,0,9,2,8
3,1,1,0,14,0,0,0,0,0,0,1,1,6,1,38,7,1598,1,8,1,1,1,542500,183740,1,1,1,4,17,3,117,2,30,0,4,6,0,0,0,1,1,1,0,0,1,2,1,3,2,44,7,3,5,2,0,0,2,0,1,2
3,1,9,0,9,0,5,0,0,0,0,1,1,6,2,43,7,1598,2,5,1,6,2,434102,399439,14,2,6,7,210,3,61,6,50,6,4,6,0,0,0,1,1,1,0,0,2,1,1,1,2,43,7,3,0,0,0,0,0,9,1,5
3,1,4,0,13,0,0,0,0,7,0,1,1,2,1,30,6,599,1,10,1,1,2,513678,197267,41,2,1,2,33,3,41,6,60,0,4,6,0,0,0,1,1,1,0,0,2,1,1,1,1,30,6,3,0,0,0,0,0,4,1,7
3,1,9,0,18,0,1,0,0,0,0,4,1,6,2,39,7,1598,1,8,1,1,1,423885,324227,21,1,1,5,251,6,5,6,30,3,4,6,6,0,0,1,1,1,0,0,1,2,1,3,1,11,3,3,5,1,0,0,0,0,1,2
3,1,9,0,16,0,0,0,0,1,4,1,1,2,1,20,4,1598,1,8,3,1,1,576510,137810,46,1,1,6,543,3,262,6,60,0,4,6,0,0,0,1,2,2,0,0,2,1,1,1,1,20,4,3,0,0,0,0,0,9,3,5
3,1,9,0,12,0,5,0,0,7,7,1,1,1,1,32,6,2400,2,1,1,1,2,521284,207890,41,2,1,1,438,2,1,7,70,5,4,2,1,0,0,4,1,1,0,0,1,1,1,1,1,33,6,3,0,0,0,0,0,9,1,5
3,2,9,0,18,0,0,0,0,0,0,1,1,6,2,71,10,1799,1,9,3,2,2,503826,156691,45,2,2,7,511,6,236,6,30,0,4,6,0,0,0,1,1,1,0,0,2,1,1,1,1,33,6,3,0,0,0,0,0,9,1,5
3,1,9,0,5,0,6,0,0,0,0,1,1,2,2,27,6,2495,2,11,1,2,2,398140,276990,22,2,2,6,270,6,0,9,30,9,4,6,0,0,0,1,1,1,0,0,1,1,1,1,2,27,6,3,0,0,0,0,0,9,1,7
3,1,9,0,9,0,8,0,0,0,0,1,1,6,2,41,7,1896,2,12,1,1,2,484776,237806,43,2,1,4,479,5,156,3,70,1,4,5,146,0,0,1,1,1,0,0,1,1,1,1,1,33,6,3,0,0,0,0,0,9,1,5
2,3,9,0,18,0,1,1,0,0,0,1,1,6,2,36,7,1796,1,11,1,6,3,465656,352118,31,3,6,2,345,4,6386,6,60,8,4,6,0,0,0,1,1,2,0,0,2,1,6,2,2,9,2,3,0,0,2,0,0,9,1,10
1,1,20,0,18,0,0,0,0,7,0,4,1,6,1,70,10,1598,1,8,3,2,2,326594,566989,98,2,2,7,917,3,75,6,60,0,4,6,0,0,0,1,1,1,0,0,2,1,2,2,2,42,7,2,0,0,1,0,0,20,3,5
3,1,3,0,3,0,1,0,0,0,0,2,1,2,1,30,6,124,1,1,1,2,2,401078,93847,55,2,2,6,643,3,349,6,40,6,2,6,0,0,0,4,1,1,0,0,1,1,1,1,1,30,6,3,0,0,0,0,0,3,1,5
3,2,9,0,9,0,1,0,0,0,0,3,1,6,2,35,6,1598,1,8,1,1,2,324615,372147,60,2,1,3,724,6,0,6,30,3,4,6,0,0,0,1,1,1,0,0,1,2,1,1,2,35,6,3,0,0,0,0,0,9,1,5
3,2,9,0,9,0,1,0,0,0,0,3,1,6,1,51,8,1560,2,1,1,1,2,325970,673410,95,2,1,5,923,6,0,6,30,3,2,3,7,0,5,1,1,1,0,0,1,1,1,1,1,33,6,3,0,0,0,0,0,9,1,5
2,2,4,0,18,0,8,0,0,0,0,1,1,6,1,41,7,1050,1,9,1,1,2,531710,178470,1,2,1,2,8,3,3,6,30,8,4,6,0,0,0,1,1,1,0,0,1,1,1,1,1,41,7,2,0,0,0,0,0,4,1,2
3,1,9,0,3,0,8,0,0,0,0,2,1,6,1,22,5,1598,1,8,1,1,2,519350,178940,1,2,1,4,25,3,406,6,30,3,4,6,0,0,0,1,1,1,0,0,1,1,1,1,1,33,6,3,0,0,0,0,0,9,1,5
2,3,9,0,2,0,0,0,0,0,0,2,1,6,3,38,7,1598,1,8,1,2,3,471459,99321,44,3,2,6,495,3,3023,6,30,0,4,6,0,0,0,1,1,1,0,0,1,1,1,1,1,33,6,3,0,0,0,0,0,9,1,5
3,1,9,0,18,0,2,0,0,0,0,3,1,6,1,33,6,1598,1,8,1,1,2,517160,467767,16,2,1,4,231,6,0,6,30,3,4,6,0,0,0,4,1,1,0,0,1,1,1,1,1,33,6,3,0,0,0,0,0,9,1,5
3,2,9,0,9,0,6,0,0,0,0,2,1,6,2,66,10,1798,1,7,1,1,2,435647,393402,14,2,1,6,215,5,739,6,30,3,4,6,0,0,0,1,9,1,0,0,1,1,1,1,1,33,6,3,0,0,0,0,0,9,1,5
2,1,19,0,9,0,8,0,0,0,0,3,1,6,1,49,8,1968,2,3,1,1,2,531880,172410,1,2,1,5,9,3,215,6,30,8,4,6,0,0,0,1,1,1,0,0,1,1,1,1,1,33,6,3,0,0,0,0,0,9,1,5
3,2,1,0,18,0,1,0,0,0,0,4,1,6,1,15,3,1598,1,8,1,1,2,419135,93829,55,2,1,5,641,6,0,6,30,3,4,6,0,0,0,1,2,2,0,0,1,1,1,1,1,15,3,3,0,0,0,0,0,1,1,8
3,1,20,0,18,0,1,1,0,0,0,1,1,1,1,34,6,1598,1,8,3,1,2,258620,246170,63,2,1,2,751,3,482,6,60,3,4,6,0,0,0,1,1,1,0,0,2,1,1,1,1,33,6,3,0,0,0,0,0,9,1,5
3,2,4,0,18,0,8,0,0,0,0,1,1,4,1,25,5,124,1,7,1,1,2,510040,429898,16,2,1,3,228,6,0,1,30,2,4,6,0,0,0,1,1,2,0,0,1,2,1,1,1,25,5,3,0,0,0,0,0,4,1,1
3,1,9,0,17,0,0,0,0,0,0,1,1,6,1,20,4,1995,2,12,3,5,2,523664,439290,16,2,5,5,231,4,1242,6,60,0,4,6,0,0,0,1,1,1,0,0,2,1,1,1,1,20,4,3,0,0,0,0,0,9,3,3
3,1,1,0,7,0,4,0,0,0,0,2,1,6,1,48,8,1598,1,8,1,1,2,615000,157460,46,2,1,7,531,3,28,1,30,1,4,6,0,0,0,1,1,1,0,0,1,1,1,1,1,48,8,3,0,0,0,0,0,1,1,2
3,2,1,0,18,0,1,0,0,0,0,3,1,6,1,34,6,1598,1,8,1,1,2,257400,665920,97,2,1,3,926,6,0,2,30,3,2,6,0,0,0,1,1,1,0,0,1,2,1,1,1,34,6,3,0,0,0,0,0,1,1,5
3,2,9,0,5,0,0,0,0,0,0,3,1,6,3,38,7,1796,1,14,1,1,2,454395,346242,31,2,1,7,346,3,6002,6,30,0,4,6,0,0,0,4,1,1,0,0,1,1,1,1,1,33,6,3,0,0,0,0,0,9,1,5
3,2,9,0,18,0,1,0,0,0,0,1,1,6,1,67,10,1586,1,8,1,1,2,427906,524035,11,2,1,6,169,5,39,6,30,3,4,4,6443,0,8,1,1,1,0,0,2,1,1,1,1,33,6,3,0,0,0,0,0,9,1,5
3,1,9,0,5,0,2,0,0,0,0,4,1,2,1,39,7,1969,2,8,1,1,1,519279,228193,41,1,1,3,433,3,602,6,30,3,4,6,1526,0,0,5,2,2,0,0,1,1,1,3,1,14,3,3,5,1,0,0,0,0,1,10
3,1,9,0,18,0,0,1,0,0,0,1,1,6,2,20,4,1299,1,7,3,1,2,561490,171120,46,2,1,3,532,6,2562,6,60,0,4,6,0,0,0,1,2,2,5,0,2,1,1,1,1,33,6,3,0,0,0,0,0,9,1,5
2,1,9,0,18,0,1,0,0,0,0,4,1,3,2,34,6,1560,2,10,2,1,1,425963,301482,23,1,1,2,290,6,0,6,30,3,4,6,0,0,0,1,1,1,0,0,2,1,1,3,1,14,3,2,5,2,0,0,0,0,2,9
3,1,9,0,18,0,8,0,0,3,11,4,1,6,1,36,7,2979,1,13,1,3,2,500917,178193,43,2,3,6,473,3,4,3,40,6,2,6,7302,0,5,1,1,1,0,0,1,1,3,2,2,53,8,3,0,0,1,0,0,9,1,3
3,2,10,0,4,0,0,0,0,0,0,2,1,1,1,24,5,2500,2,7,1,2,2,339055,375983,7,2,2,3,130,4,5132,6,30,0,4,6,0,0,0,1,1,1,0,0,1,1,1,1,1,24,5,3,0,0,0,0,0,10,1,8
3,2,9,0,18,0,5,0,0,0,0,2,1,6,2,39,7,1598,1,9,1,2,2,555550,171730,46,2,2,5,532,1,25,3,70,5,4,3,2,0,0,1,1,1,0,0,2,2,1,1,2,39,7,3,0,0,0,0,0,9,1,7
3,1,9,0,9,0,1,0,0,0,0,1,1,2,1,56,9,1595,1,6,1,1,2,535422,158165,45,2,1,2,516,6,1357,6,30,3,4,6,0,0,0,1,1,1,0,0,1,1,1,1,1,33,6,3,0,0,0,0,0,9,1,5
3,1,9,0,4,0,0,0,0,0,0,1,1,6,1,33,6,1584,1,10,1,1,2,533034,344081,32,2,1,5,350,3,16,3,40,0,4,6,0,0,4,1,1,1,0,0,1,1,1,3,2,20,4,3,4,2,0,0,0,0,1,4
3,1,9,0,17,0,0,2,10,1,11,4,1,6,1,23,5,1598,1,8,2,1,1,471685,374096,31,1,1,3,341,3,638,6,60,0,4,6,0,0,0,4,1,1,0,0,2,1,1,2,2,22,5,3,0,0,1,0,0,9,1,3
3,1,9,0,18,0,0,0,0,0,0,1,1,1,1,24,5,1229,1,9,1,2,2,234018,622566,97,2,2,3,937,3,79,3,30,0,4,6,0,0,0,4,1,1,0,0,1,1,2,1,1,24,5,3,0,0,0,0,0,9,1,5
3,1,9,0,3,0,1,0,0,0,0,3,1,1,1,35,6,1997,2,6,1,1,2,473023,171626,43,2,1,6,472,3,327,6,30,6,2,6,7201,0,5,1,1,2,0,0,1,1,1,1,1,33,6,3,0,0,0,0,0,9,1,5
3,1,3,0,14,0,0,0,0,0,0,1,1,6,1,16,4,124,1,8,3,1,1,420589,302787,21,1,1,4,258,3,4091,6,40,0,4,6,0,0,1,1,1,1,0,0,1,1,1,3,2,22,5,3,1,9,0,0,0,0,1,5
3,1,9,0,4,0,8,0,10,0,0,1,1,1,1,38,7,1995,1,13,1,1,2,433880,281430,20,2,1,7,302,4,4118,6,30,8,4,6,0,0,0,4,9,1,0,0,1,2,1,1,1,33,6,3,0,0,0,0,0,9,1,5
3,1,11,0,9,0,8,0,0,0,0,1,1,1,1,47,8,4760,2,3,1,2,1,531430,183140,1,1,2,4,3,3,501,3,30,6,2,3,1,0,5,1,1,1,0,0,1,1,2,3,2,32,6,3,1,3,0,0,2,0,1,4
3,2,3,0,18,0,8,0,0,0,0,1,1,6,1,52,8,1598,1,8,1,1,2,531110,179460,1,2,1,6,9,3,23,6,30,6,2,3,23,0,5,1,1,1,0,0,1,1,1,1,1,52,8,3,0,0,0,0,0,3,1,5
3,1,9,0,9,0,8,0,0,0,0,2,2,6,1,42,7,1598,1,8,1,2,2,575296,166040,46,2,2,4,544,6,0,6,30,3,4,6,0,0,0,1,1,1,0,0,1,1,1,1,1,42,7,3,0,0,0,0,0,9,1,5
3,2,9,0,7,0,8,0,0,1,0,1,1,6,2,38,7,1598,1,8,1,1,2,512740,175430,1,2,1,4,25,3,3063,6,20,3,4,6,0,0,0,4,1,1,0,0,1,2,1,1,1,33,6,3,0,0,0,0,0,9,1,5
3,4,9,0,4,0,0,0,0,0,0,2,1,6,1,52,8,1598,1,8,1,3,4,524279,219590,41,4,3,1,433,2,1,3,70,0,4,6,0,0,0,1,1,2,0,0,2,1,1,1,1,33,6,3,0,0,0,0,0,9,1,5
3,1,9,0,1,0,8,0,0,0,0,2,1,6,1,86,11,1198,1,12,1,1,1,368690,407480,6,1,1,6,100,6,0,6,30,8,4,6,0,0,0,1,1,1,0,0,1,1,1,3,2,85,11,3,5,9,0,0,0,0,1,5
3,2,9,0,2,0,0,0,0,0,0,4,1,6,2,53,8,1598,1,8,1,1,2,252427,53372,50,2,1,7,583,6,0,6,30,0,4,6,0,0,0,1,1,1,0,0,1,1,1,1,1,33,6,3,0,0,0,0,0,9,1,5
2,1,3,0,18,0,1,1,0,0,0,1,1,2,1,26,6,102,1,8,1,2,1,466539,105609,44,1,2,2,498,6,0,6,30,3,4,6,0,0,0,1,1,2,0,0,1,1,1,1,1,26,6,2,0,0,0,0,0,3,1,6
3,2,9,0,2,0,0,0,0,0,0,3,1,6,1,45,7,1796,1,11,1,2,3,485995,167942,43,3,2,1,470,6,7002,6,30,0,4,6,0,0,0,1,1,1,0,0,2,1,2,2,2,42,7,3,0,0,1,0,0,9,1,7
3,1,9,0,17,0,2,0,0,0,0,1,1,2,2,49,8,1598,1,9,1,1,1,544110,186590,1,1,1,4,14,6,0,6,30,3,4,6,0,0,1,1,1,1,0,0,1,1,1,3,1,41,7,3,1,1,0,0,2,0,1,8
3,1,9,0,18,0,8,0,0,0,0,1,1,6,3,38,7,1598,1,12,1,1,2,321890,676210,95,2,1,4,923,5,0,6,30,9,4,6,0,0,0,1,1,1,0,0,1,1,1,1,1,33,6,3,0,0,0,0,0,9,1,5
3,1,9,0,16,0,0,2,0,2,0,1,1,6,1,25,5,1998,1,14,2,3,1,251248,135000,50,1,3,6,582,3,361,6,40,0,4,6,0,0,0,4,1,1,0,0,2,1,2,2,1,18,4,3,0,0,2,0,0,9,3,9
2,2,2,0,18,0,0,1,0,0,0,2,1,6,1,16,4,50,1,8,1,1,2,577994,222802,42,2,1,4,451,3,120,3,70,0,4,6,0,0,0,1,1,1,0,0,2,1,1,1,1,16,4,2,0,0,0,0,0,2,1,8
2,2,9,0,4,0,0,0,0,0,0,2,1,6,1,50,8,1951,2,11,3,2,4,447297,519998,17,4,2,5,245,3,19,3,70,0,4,6,0,0,0,1,1,1,0,0,1,1,1,1,1,33,6,3,0,0,0,0,0,9,1,5
2,2,11,0,18,0,8,0,0,0,0,1,1,1,1,23,5,6700,2,4,1,10,2,335584,390665,5,2,10,1,91,6,0,6,30,7,2,6,0,0,5,1,2,2,0,0,1,1,5,2,1,65,9,3,0,0,0,4,0,11,1,1
3,1,19,0,18,0,0,0,0,0,0,1,1,1,1,36,7,2151,2,11,1,2,2,342661,364606,7,2,2,5,130,3,55,3,70,0,4,6,0,0,0,1,1,1,0,0,1,2,2,2,1,43,7,3,0,0,1,0,0,19,1,1