accident_severity,vehicle_reference,vehicle_type,towing_and_articulation,vehicle_manoeuvre,vehicle_location-restricted_lane,junction_location,skidding_and_overturning,hit_object_in_carriageway,vehicle_leaving_carriageway,hit_object_off_carriageway,1st_point_of_impact,was_vehicle_left_hand_drive?,journey_purpose_of_driver,sex_of_driver,age_of_driver,age_band_of_driver,engine_capacity_(cc),propulsion_code,age_of_vehicle,driver_home_area_type,NUmber_of_Casualities_unique_to_accident_index,No_of_Vehicles_involved_unique_to_accident_index,location_easting_osgr,location_northing_osgr,police_force,number_of_vehicles,number_of_casualties,day_of_week,local_authority_(district),1st_road_class,1st_road_number,road_type,speed_limit,junction_detail,junction_control,2nd_road_class,2nd_road_number,pedestrian_crossing-human_control,pedestrian_crossing-physical_facilities,light_conditions,weather_conditions,road_surface_conditions,special_conditions_at_site,carriageway_hazards,urban_or_rural_area,did_police_officer_attend_scene_of_accident,casualty_reference,casualty_class,sex_of_casualty,age_of_casualty,age_band_of_casualty,casualty_severity,pedestrian_location,pedestrian_movement,car_passenger,bus_or_coach_passenger,pedestrian_road_maintenance_worker,casualty_type,casualty_home_area_type,casualty_imd_decile
3,1,9,0,18,0,0,0,0,0,0,1,1,6,1,31,6,1199,1,11,1,1,2,488115,233697,43,2,1,3,479,6,1027,6,30,0,4,6,0,0,0,4,1,1,0,0,1,1,1,1,1,33,6,3,0,0,0,0,0,9,1,5
3,1,19,0,6,8,0,0,0,0,0,1,1,6,3,38,7,1868,2,15,1,3,2,575410,154380,46,2,3,5,536,6,0,6,30,0,4,6,0,0,0,1,1,1,0,0,1,2,1,1,1,33,6,3,0,0,0,0,0,9,1,5
3,3,9,0,4,0,0,0,0,0,0,2,1,2,2,21,5,1229,1,4,1,2,4,328292,391033,5,4,2,6,95,1,53,3,70,0,4,6,0,0,0,1,1,1,0,0,2,1,1,1,2,21,5,3,0,0,0,0,0,9,1,9
3,1,9,0,6,0,2,0,0,0,0,3,1,6,1,18,4,1229,1,8,1,4,2,436640,278270,20,2,4,3,302,3,4082,6,40,3,2,6,0,0,0,1,2,2,0,0,2,1,3,2,2,20,4,3,0,0,1,0,0,9,1,5
3,2,9,0,18,0,8,0,0,0,0,4,1,6,2,25,5,1598,1,8,1,4,2,599314,263460,37,2,4,3,413,6,0,6,30,3,4,6,0,0,0,1,1,1,0,0,2,1,2,1,2,25,5,3,0,0,0,0,0,9,1,5
3,1,9,0,18,0,8,0,0,0,0,3,1,6,2,51,8,1560,2,8,1,1,2,352782,381299,7,2,1,4,124,6,0,1,30,1,4,6,0,1,1,4,2,2,0,0,1,1,1,1,2,51,8,3,0,0,0,0,0,9,1,4
3,1,9,0,18,0,8,0,7,0,10,2,1,6,2,24,5,1360,1,5,1,3,3,387070,396540,6,3,3,1,102,3,57,3,30,6,2,3,6010,0,5,1,2,2,1,0,1,1,2,2,1,33,6,3,0,0,1,0,0,9,1,3
3,2,9,0,18,0,1,0,0,0,0,4,1,6,1,67,10,1796,1,11,1,1,2,431058,455775,12,2,1,2,182,6,218,2,30,3,4,6,463,0,0,1,1,1,0,0,1,2,1,1,1,33,6,3,0,0,0,0,0,9,1,5
2,1,5,0,18,0,0,1,12,1,4,4,1,2,1,41,7,1598,1,8,3,1,1,627393,301551,36,1,1,7,406,4,1332,6,60,0,4,6,0,0,0,6,2,2,0,0,2,1,1,1,1,41,7,2,0,0,0,0,0,5,3,5
3,2,9,2,2,0,0,0,0,0,0,4,1,6,1,19,4,1199,2,4,1,1,2,364826,742763,93,2,1,7,912,3,92,7,30,0,4,6,0,0,0,1,1,1,0,0,2,1,1,3,2,20,4,3,10,9,0,0,0,0,1,5
3,1,19,0,4,0,0,0,0,0,0,1,1,6,2,30,6,1598,1,8,1,4,4,422213,500702,12,4,4,2,184,3,6136,6,40,0,4,6,0,0,0,1,1,1,0,0,2,1,1,1,2,30,6,3,0,0,0,0,0,19,1,4
3,1,9,0,3,0,8,0,0,0,0,1,1,2,2,29,6,1364,1,8,1,1,3,521830,178190,1,3,1,2,25,3,4,3,40,3,4,6,0,0,0,1,1,1,0,0,1,1,1,1,1,33,6,3,0,0,0,0,0,9,1,5
3,1,9,0,5,0,4,0,0,1,1,1,1,6,1,38,7,1598,1,5,1,2,2,520401,196131,41,2,2,5,33,6,474,6,30,7,4,6,571,0,4,1,2,2,0,0,1,1,1,1,1,38,7,3,0,0,0,0,0,9,1,4
3,1,9,0,4,0,8,0,0,0,0,2,1,6,1,44,7,1598,1,8,1,1,2,534320,166420,1,2,1,7,20,3,222,6,30,3,4,6,0,0,0,1,1,1,0,0,1,1,1,1,1,44,7,3,0,0,0,0,0,9,1,2
3,1,9,0,18,0,1,0,0,0,0,4,1,6,2,81,11,1398,1,12,3,1,2,624762,221724,42,2,1,3,461,4,1034,6,30,3,4,6,0,0,0,1,1,1,0,0,1,1,1,1,1,33,6,3,0,0,0,0,0,9,1,5
3,1,19,0,18,0,8,0,0,0,0,2,1,6,1,26,6,1896,2,8,1,1,3,265501,668223,97,3,1,1,932,3,80,6,30,7,4,6,0,0,5,1,1,1,0,0,1,1,1,1,1,33,6,3,0,0,0,0,0,9,1,5
3,3,9,0,2,0,2,0,0,0,0,4,1,6,3,38,7,2184,2,12,1,1,3,382530,438910,4,3,1,7,77,6,0,6,30,3,1,6,0,0,0,1,1,4,0,0,2,1,1,1,1,33,6,3,0,0,0,0,0,9,1,5
3,1,9,0,17,0,0,5,0,1,11,1,1,6,1,21,5,1600,1,11,1,4,1,409339,608150,10,1,4,3,139,3,697,6,60,0,4,6,0,0,0,6,1,1,0,0,2,1,3,2,1,20,4,3,0,0,1,0,0,9,1,4
3,1,9,0,18,0,8,0,0,0,0,1,1,6,1,59,9,1497,8,7,1,1,2,533930,184150,1,2,1,2,4,4,108,6,30,6,4,5,0,0,1,1,1,1,0,0,1,1,1,1,1,33,6,3,0,0,0,0,0,9,1,5
3,1,9,0,18,0,0,0,0,0,0,1,1,6,1,25,5,2143,2,5,1,1,2,526370,188450,1,2,1,3,30,6,0,6,30,0,4,6,0,0,0,1,1,1,0,0,1,1,1,1,1,33,6,3,0,0,0,0,0,9,1,5
2,1,9,0,9,0,6,0,0,1,0,3,1,6,2,69,10,1399,1,5,3,3,2,597795,312359,36,2,3,4,400,3,47,6,60,3,4,4,1146,0,0,6,1,1,0,0,2,1,1,1,2,69,10,2,0,0,0,0,0,9,3,7
3,2,9,0,8,0,1,0,0,0,0,2,1,2,2,31,6,1390,1,13,1,1,2,634555,324002,36,2,1,2,405,3,149,6,60,3,4,3,1151,0,0,1,1,1,0,0,2,1,1,1,1,33,6,3,0,0,0,0,0,9,1,5
2,1,9,0,17,0,0,1,0,1,1,1,1,6,1,44,7,2967,2,4,2,1,1,448482,245570,43,1,1,7,481,3,361,6,50,0,4,6,0,0,0,1,2,2,0,0,2,1,1,2,2,42,7,2,0,0,1,0,0,9,2,8
3,1,9,0,18,0,0,1,0,5,6,2,1,6,1,29,6,1396,1,18,1,1,2,438725,117676,44,2,1,1,501,1,27,3,70,0,4,6,0,0,0,4,1,1,0,0,1,1,1,1,1,29,6,3,0,0,0,0,0,9,1,1
3,1,9,0,18,0,0,0,0,0,0,1,1,6,1,84,11,1995,2,2,1,2,2,382309,211927,53,2,2,1,624,1,5,3,70,0,4,6,0,0,0,1,1,1,0,0,2,1,2,2,2,82,11,3,0,0,1,0,0,9,1,7
3,1,19,0,18,0,0,1,0,0,0,1,1,6,1,41,7,2402,2,7,1,1,2,446138,112271,44,2,1,6,500,3,3024,6,30,0,4,6,0,0,0,4,1,1,0,0,1,1,1,2,1,50,8,3,0,0,0,0,0,19,1,4
3,1,9,0,7,0,5,1,0,4,7,1,1,2,2,32,6,998,1,8,1,1,1,556110,255050,35,1,1,1,395,3,11,3,70,9,4,6,0,0,0,1,1,2,0,0,2,1,1,1,2,32,6,3,0,0,0,0,0,9,1,5
3,1,9,0,9,0,6,0,0,0,0,3,1,6,1,85,11,1299,1,15,1,1,2,396500,318715,21,2,1,4,255,3,34,6,40,3,4,5,320,0,0,1,1,1,0,0,2,2,1,1,1,33,6,3,0,0,0,0,0,9,1,5
3,1,1,0,18,0,1,0,0,0,0,1,1,2,1,28,6,1598,1,8,1,1,2,515150,188010,1,2,1,4,29,3,404,6,30,3,4,6,0,0,0,4,1,1,0,0,1,1,1,1,1,28,6,3,0,0,0,0,0,1,1,8
3,5,9,0,4,0,0,0,0,0,0,2,1,6,2,28,6,1390,1,13,1,7,5,423503,570738,10,5,7,4,147,3,1,3,70,0,4,6,0,0,0,1,1,1,0,0,2,1,5,1,2,28,6,3,0,0,0,0,0,9,1,5
3,1,9,0,4,0,0,0,0,0,0,1,1,6,2,21,5,1598,1,14,1,1,2,512915,198176,41,2,1,1,33,3,41,1,60,0,4,6,0,0,0,1,1,1,0,0,2,1,1,1,1,33,6,3,0,0,0,0,0,9,1,5
2,2,1,0,18,0,4,0,0,0,0,2,1,2,1,49,8,1598,1,8,1,1,2,323530,674620,95,2,1,5,923,6,0,6,30,1,4,5,0,1,4,1,1,1,0,0,1,1,1,1,1,49,8,2,0,0,0,0,0,1,1,5
3,2,8,0,3,0,2,0,0,0,0,3,1,1,1,65,9,2987,2,8,1,1,2,527870,179530,1,2,1,5,12,6,0,6,30,6,4,6,0,0,0,1,1,1,0,0,1,1,1,1,1,33,6,3,0,0,0,0,0,9,1,5
3,2,9,0,3,0,1,0,0,0,0,2,1,6,2,33,6,1596,1,6,1,1,2,292774,677800,96,2,1,6,924,4,805,6,30,3,4,6,0,0,0,1,1,1,0,0,1,2,1,1,2,33,6,3,0,0,0,0,0,9,1,5
3,1,3,0,18,0,8,0,0,0,0,3,1,6,2,38,7,125,1,13,1,1,1,543460,165270,1,1,1,3,19,6,0,6,30,3,4,6,0,0,0,1,1,1,0,0,1,1,1,1,2,38,7,3,0,0,0,0,0,3,1,5
3,1,5,0,15,0,0,0,0,0,0,1,1,6,1,45,7,1598,1,8,1,1,2,403750,244230,22,2,1,4,277,3,4184,6,30,0,4,6,0,0,0,1,1,1,0,0,1,1,1,1,1,45,7,3,0,0,0,0,0,5,1,5
2,1,9,0,9,0,6,0,0,0,0,1,1,6,2,32,6,1997,2,5,1,9,5,453898,192397,43,5,9,5,484,4,4016,6,60,3,4,6,0,0,0,1,1,1,0,0,2,1,1,1,2,32,6,3,0,0,0,0,0,9,1,1
3,1,9,0,18,0,0,0,0,0,0,4,1,6,3,38,7,1598,1,8,1,1,1,300524,199727,62,1,1,6,744,6,0,6,30,0,4,6,0,0,0,1,1,1,0,0,1,2,1,3,2,38,7,3,6,9,0,0,0,0,1,5
3,1,9,0,1,0,0,0,0,0,0,2,1,6,2,38,7,998,1,2,1,1,2,477391,262035,34,2,1,5,384,6,8471,6,30,0,4,6,0,0,0,1,1,1,0,0,1,3,1,1,1,33,6,3,0,0,0,0,0,9,1,5
3,1,9,0,4,0,0,0,0,0,0,1,1,6,1,35,6,1796,1,16,1,1,2,529814,104213,47,2,1,6,565,3,259,6,30,0,4,6,0,0,0,1,1,2,0,0,1,2,1,1,1,33,6,3,0,0,0,0,0,9,1,5
3,2,9,0,18,0,0,1,0,0,0,1,1,6,1,30,6,998,1,14,1,2,2,426489,433249,13,2,2,5,204,6,0,6,30,0,4,6,0,0,0,4,5,2,0,0,1,1,2,1,1,30,6,3,0,0,0,0,0,9,1,2
3,3,16,0,17,0,0,0,0,0,0,1,1,6,2,40,7,1598,1,8,1,1,4,423647,188382,43,4,1,5,483,4,4000,6,30,0,4,6,0,0,0,1,1,1,0,0,2,1,1,1,1,33,6,3,0,0,0,0,0,9,1,5
3,1,19,0,18,0,0,2,0,0,0,4,1,1,1,46,8,1968,2,2,3,1,1,439506,415782,13,1,1,6,206,6,0,6,60,0,4,6,0,0,0,6,1,2,0,0,2,1,1,1,1,46,8,3,0,0,0,0,0,19,3,3
3,4,9,0,3,0,0,0,0,0,0,2,1,5,2,46,8,1328,1,12,1,3,4,435150,288010,23,4,3,2,291,3,444,3,60,0,4,6,0,0,0,4,1,2,0,0,2,1,2,1,2,46,8,3,0,0,0,0,0,9,1,5
2,3,9,0,2,0,1,0,0,0,0,1,1,6,3,38,7,1598,1,8,1,1,3,266748,197768,62,3,1,5,745,6,0,6,30,3,4,6,0,0,0,4,1,1,0,0,1,1,1,1,1,33,6,3,0,0,0,0,0,9,1,5
3,1,9,0,4,0,1,0,0,0,0,2,1,6,2,54,8,1968,2,9,1,1,2,361413,178847,52,2,1,7,612,3,4174,6,40,3,4,6,0,0,0,1,1,1,0,0,1,1,1,1,1,33,6,3,0,0,0,0,0,9,1,5
3,2,9,0,18,0,0,0,0,0,0,3,1,6,2,42,7,1197,1,8,1,2,2,418011,525667,11,2,2,3,169,3,688,6,60,0,4,6,0,0,0,1,1,1,0,0,2,2,2,2,1,42,7,3,0,0,1,0,0,9,2,4
3,2,9,0,3,0,0,0,0,0,0,2,1,6,1,43,7,1598,1,8,1,1,2,461847,378890,31,2,1,4,341,4,6079,6,50,0,4,6,0,0,0,6,8,2,4,0,2,1,1,2,2,35,6,3,0,0,1,0,0,9,1,5
3,1,19,0,2,0,0,0,0,1,0,2,1,1,1,38,7,1997,2,11,1,3,3,535901,207257,41,3,3,2,430,3,10,3,70,0,4,6,0,0,0,6,1,1,0,3,2,1,1,1,1,38,7,3,0,0,0,0,0,19,1,7
3,1,1,0,18,0,0,0,0,0,0,0,1,6,2,30,6,1598,1,8,1,1,1,404428,100259,55,1,1,5,647,4,3073,6,30,0,4,6,0,0,0,1,1,1,0,0,1,1,1,1,2,30,6,3,0,0,0,0,0,1,1,7
3,2,9,0,3,0,0,0,0,0,0,2,1,6,1,39,7,2671,1,14,1,3,3,430740,453352,12,3,3,1,182,3,61,6,30,0,4,6,0,0,0,1,2,2,0,0,1,1,2,2,1,27,6,3,0,0,1,0,0,9,1,5
3,1,10,0,1,0,0,0,0,0,0,2,1,3,1,56,9,2500,2,14,1,1,2,493094,100657,47,2,1,2,558,6,0,6,30,0,4,6,0,0,0,1,1,1,0,0,1,1,1,1,1,33,6,3,0,0,0,0,0,9,1,5
3,1,9,0,18,0,8,0,0,0,0,1,1,6,1,23,5,1598,1,2,1,2,2,534130,186220,1,2,2,2,4,5,0,6,20,6,4,6,0,0,1,4,1,2,0,0,1,1,1,1,1,23,5,3,0,0,0,0,0,9,1,1
3,3,9,0,18,0,0,0,0,0,0,0,1,6,3,38,7,1598,1,8,1,1,3,287638,64109,50,3,1,2,587,3,380,3,70,0,4,6,0,0,0,6,1,1,0,0,2,1,1,1,1,33,6,3,0,0,0,0,0,9,1,5
3,2,9,0,7,0,8,0,0,0,0,2,1,6,1,33,6,2179,2,2,1,1,2,551280,156450,46,2,1,4,538,3,224,6,30,3,4,6,0,0,8,1,5,2,0,0,1,1,1,1,1,33,6,3,0,0,0,0,0,9,1,10
2,1,9,0,18,0,0,0,0,0,0,4,1,6,2,52,8,1299,1,10,1,1,2,622574,311564,36,2,1,2,404,3,1042,6,40,0,4,6,0,0,0,1,1,1,0,0,1,1,1,1,1,33,6,3,0,0,0,0,0,9,1,5
3,1,9,0,4,9,1,0,10,1,0,1,1,2,1,53,8,1461,2,3,1,3,1,491702,334879,32,1,3,4,355,3,607,6,30,9,2,6,0,0,0,1,1,1,0,0,2,1,2,3,1,23,5,3,6,7,0,0,0,0,1,3
3,1,9,0,10,0,1,0,0,0,0,1,1,6,2,20,4,1149,1,14,3,1,3,562299,100405,47,3,1,3,551,3,259,6,30,3,4,6,0,0,0,4,1,1,0,0,1,1,1,1,1,33,6,3,0,0,0,0,0,9,1,5
3,2,90,0,18,0,8,0,0,0,0,1,1,6,1,38,7,1598,1,8,1,1,2,513580,175060,1,2,1,6,25,3,314,6,30,3,4,6,0,0,0,1,1,1,0,0,1,2,1,1,1,33,6,3,0,0,0,0,0,9,1,5
3,1,21,1,4,0,0,0,0,0,0,1,2,1,1,57,9,1598,1,8,1,1,2,501615,168681,45,2,1,6,514,1,25,3,70,0,4,6,0,0,0,1,2,2,0,0,2,1,1,1,1,33,6,3,0,0,0,0,0,9,1,5
3,1,8,0,16,0,0,0,0,0,0,1,1,1,1,43,7,1797,8,5,1,1,2,539720,187910,1,2,1,4,13,3,12,7,30,0,4,6,0,0,5,4,1,1,0,0,2,1,1,1,1,33,6,3,0,0,0,0,0,9,1,5
3,1,9,0,16,0,0,0,10,1,4,4,1,6,1,24,5,1596,1,8,1,1,1,349570,424260,4,1,1,6,83,6,0,6,60,0,4,6,0,0,0,6,1,1,0,0,2,1,1,1,1,24,5,3,0,0,0,0,0,9,1,10
3,1,4,0,4,0,0,1,0,0,0,1,1,6,1,57,9,885,1,14,3,1,2,632650,146390,46,2,1,7,533,6,1551,6,60,0,4,6,0,0,0,1,1,1,0,0,2,1,1,1,1,57,9,3,0,0,0,0,0,4,3,4
3,2,19,0,2,0,1,0,0,0,0,0,1,6,3,38,7,1598,1,8,1,1,2,455389,203153,43,2,1,5,482,6,320,6,20,3,4,6,0,0,0,1,1,1,0,0,1,1,1,1,1,33,6,3,0,0,0,0,0,9,1,5
3,2,3,0,18,0,1,0,0,0,0,1,1,6,1,31,6,125,1,1,1,1,2,559890,174980,46,2,1,1,532,3,226,6,30,3,4,6,0,0,0,1,1,1,0,0,2,2,1,1,1,31,6,3,0,0,0,0,0,3,1,5
3,1,9,0,18,0,0,0,0,0,0,1,1,6,2,37,7,3497,1,11,1,4,2,530700,168320,1,2,4,1,20,5,0,6,30,0,4,6,0,0,0,4,1,1,0,0,1,1,3,2,2,8,2,3,0,0,2,0,0,9,1,5
3,3,9,0,18,0,0,1,0,0,10,1,1,2,2,28,6,1390,1,9,1,2,4,243319,77778,50,4,2,5,589,4,3362,6,60,0,4,6,0,0,0,1,1,2,5,0,2,1,1,1,2,28,6,3,0,0,0,0,0,9,1,6
3,4,9,0,18,0,1,0,0,0,0,1,1,6,2,18,4,1149,1,5,2,2,4,589017,223333,42,4,2,6,455,3,120,6,60,3,4,6,0,0,0,1,1,1,0,0,2,2,1,1,1,33,6,3,0,0,0,0,0,9,1,5
3,1,1,0,5,0,3,0,0,0,0,1,1,2,1,29,6,1598,1,8,1,1,2,332780,442500,4,2,1,5,85,4,5412,1,30,1,4,3,585,0,8,1,1,1,0,0,2,1,1,1,1,29,6,3,0,0,0,0,0,1,1,9
3,1,9,0,18,0,0,0,0,0,0,1,1,1,1,48,8,1598,1,8,1,1,2,484660,374076,32,2,1,3,356,3,57,6,60,0,4,6,0,0,0,6,1,1,0,0,2,1,1,1,1,33,6,3,0,0,0,0,0,9,1,5
3,3,9,0,4,0,0,0,0,0,0,1,1,6,1,25,5,1956,2,2,1,4,3,423784,571792,10,3,4,6,147,3,1,3,70,0,4,6,0,0,0,1,1,1,0,2,2,2,3,2,2,2,1,3,0,0,2,0,0,9,1,5
3,1,9,0,18,0,8,0,0,1,10,1,1,6,1,32,6,1364,2,8,1,1,2,386500,401670,6,2,1,2,102,6,0,6,30,6,4,6,0,0,0,1,1,1,0,0,1,1,1,1,1,33,6,3,0,0,0,0,0,9,1,5
3,3,9,0,10,0,1,0,0,0,0,3,1,6,1,71,10,1956,2,3,3,1,3,437004,254907,23,3,1,2,293,4,4451,6,50,3,4,1,40,0,0,6,1,2,0,0,2,1,1,1,1,33,6,3,0,0,0,0,0,9,1,5
3,1,9,0,18,0,0,0,0,0,0,1,1,1,1,65,9,1598,1,8,1,1,2,520121,155924,45,2,1,3,512,1,25,3,70,0,4,6,0,0,0,4,1,1,0,0,2,1,1,1,1,65,9,3,0,0,0,0,0,9,1,9
3,1,3,0,17,0,0,0,0,0,0,4,1,6,1,18,4,124,1,2,1,2,2,485949,155139,44,2,2,1,499,6,0,6,30,0,4,6,0,0,0,1,1,1,0,0,1,2,1,1,1,18,4,3,0,0,0,0,0,3,1,5
2,2,9,0,18,0,0,0,0,0,0,1,1,6,1,19,4,1229,1,10,1,1,2,511967,104204,47,2,1,5,564,6,0,3,30,0,4,6,0,0,4,1,1,1,0,0,1,1,1,1,1,33,6,3,0,0,0,0,0,9,1,5
3,2,9,0,3,0,1,0,0,0,0,2,1,1,2,24,5,1299,1,12,1,1,3,437210,334540,30,3,1,6,323,3,6,3,30,3,2,6,0,0,0,1,2,2,0,0,2,1,1,1,2,24,5,3,0,0,0,0,0,9,1,2
3,1,9,0,3,0,1,0,0,0,0,2,1,6,1,26,6,1200,1,8,1,2,2,370720,312320,22,2,2,6,284,6,0,6,30,1,4,4,4373,0,0,1,1,1,0,0,1,2,2,2,2,3,1,3,0,0,2,0,0,9,1,5
3,1,1,0,18,0,8,0,0,0,0,1,1,2,1,45,7,1598,1,8,1,1,2,532440,180960,48,2,1,4,570,5,0,6,30,6,4,5,0,0,0,1,1,1,0,0,1,2,1,1,1,45,7,3,0,0,0,0,0,1,1,3
3,3,19,0,4,0,0,0,0,0,0,2,1,1,1,35,6,1753,2,12,1,2,6,266848,56589,50,6,2,2,584,3,38,3,70,0,4,6,0,0,0,1,6,2,0,0,2,1,2,1,1,35,6,3,0,0,0,0,0,19,1,1
3,1,9,0,3,0,1,0,0,0,0,2,1,6,1,59,9,1896,2,7,1,1,2,429787,411814,14,2,1,4,210,1,1,7,70,1,4,3,637,0,0,1,1,1,0,0,2,1,1,1,1,59,9,3,0,0,0,0,0,9,1,5
3,2,9,0,18,0,0,0,0,0,0,3,1,6,1,46,8,1461,2,2,3,2,2,564050,138830,46,2,2,4,543,6,1541,6,60,0,4,6,0,0,0,1,1,1,0,0,2,2,2,2,2,13,3,3,0,0,2,0,0,9,3,8
3,1,9,0,18,0,0,1,0,0,0,4,1,6,1,41,7,1598,1,8,3,5,2,240420,225720,63,2,5,1,751,3,484,6,40,0,4,6,0,0,0,1,2,2,0,0,2,1,4,2,2,15,3,3,0,0,1,0,0,9,3,5
3,1,9,0,18,0,0,0,0,0,0,4,1,6,1,80,11,1598,1,8,1,1,1,521150,167690,1,1,1,3,23,6,0,6,30,0,4,6,0,0,0,1,1,1,0,0,1,1,1,3,2,8,2,3,5,1,0,0,2,0,1,6
3,1,9,0,17,0,0,0,0,0,0,4,1,6,2,45,7,1400,1,10,1,1,1,512250,189470,1,1,1,3,29,6,0,6,30,0,4,6,0,0,1,1,1,1,0,0,1,2,1,3,1,28,6,3,1,3,0,0,2,0,1,3
3,2,9,0,18,0,0,0,0,1,2,1,1,1,1,27,6,1988,2,12,1,1,2,459083,101492,44,2,1,5,493,6,0,6,40,0,4,6,0,0,0,1,2,2,0,0,1,1,1,1,1,33,6,3,0,0,0,0,0,9,1,5
2,1,9,0,18,0,0,5,0,1,11,1,1,6,1,27,6,1400,1,16,3,8,1,173136,19648,50,1,8,7,596,6,0,6,60,0,4,6,0,0,0,6,1,1,0,0,2,1,2,2,2,17,4,2,0,0,2,0,0,9,2,7
3,1,9,0,7,0,8,0,0,0,0,3,1,6,1,43,7,1560,2,3,1,5,2,575320,158250,46,2,5,2,536,3,229,1,40,1,4,6,0,0,8,1,1,1,0,0,2,1,4,2,1,18,4,3,0,0,2,0,0,9,1,4
3,2,9,0,9,0,5,0,0,0,0,1,1,6,1,41,7,1598,1,15,1,1,2,360526,174169,52,2,1,5,601,3,432,6,20,3,4,6,0,0,0,1,1,2,0,0,1,1,1,1,1,33,6,3,0,0,0,0,0,9,1,5
3,2,9,0,18,0,8,0,0,0,0,1,1,6,2,44,7,1398,1,4,1,1,2,261806,662198,97,2,1,4,938,3,724,6,30,3,2,6,0,0,5,4,1,1,0,0,1,1,1,1,2,44,7,3,0,0,0,0,0,9,1,5
3,2,9,0,18,0,8,0,0,0,0,3,1,6,2,32,6,1461,2,5,1,2,2,279397,661318,97,2,2,4,932,4,7066,6,60,3,4,3,73,0,0,1,1,1,0,0,1,1,1,1,2,32,6,3,0,0,0,0,0,9,1,5
3,1,9,0,18,0,0,0,0,0,0,4,1,6,3,38,7,1598,1,8,1,1,1,330433,344026,60,1,1,6,725,4,5605,6,30,0,4,6,0,0,4,4,5,2,0,0,1,2,1,3,2,53,8,3,1,3,0,0,0,0,1,5
3,2,9,0,4,0,8,0,0,0,0,2,1,6,2,38,7,1598,2,5,1,2,3,540660,177040,1,3,2,6,6,3,2,1,30,1,4,3,102,0,0,1,1,1,0,0,1,1,2,1,2,33,6,3,0,0,0,0,0,9,1,8
3,2,1,0,18,0,1,0,0,0,0,1,1,6,1,60,9,1598,1,8,1,1,2,514495,104542,47,2,1,2,564,3,24,6,30,8,4,6,0,0,4,1,1,1,0,0,1,1,1,1,1,60,9,3,0,0,0,0,0,1,1,9
3,1,9,0,14,0,8,0,0,0,0,1,1,6,1,25,5,1349,1,5,1,1,2,530108,407743,16,2,1,1,233,6,0,6,30,3,4,6,0,0,0,1,1,2,0,0,1,2,1,2,2,25,5,3,0,0,1,0,0,9,1,5
3,2,9,0,16,0,0,0,0,0,0,1,1,6,1,68,10,2997,1,22,1,1,2,511809,411025,32,2,1,4,356,4,1210,6,60,0,4,6,0,0,0,1,1,1,0,0,2,1,1,1,1,33,6,3,0,0,0,0,0,9,1,5
3,1,3,0,18,0,0,1,0,0,0,1,1,1,1,24,5,124,1,8,1,1,2,402170,287020,20,2,1,2,305,3,4030,6,30,0,4,6,0,0,0,1,1,2,0,0,1,2,1,1,1,24,5,3,0,0,0,0,0,3,1,1
3,1,9,0,18,0,8,0,0,0,0,1,1,6,1,29,6,1339,8,5,1,1,3,529880,176830,1,3,1,6,9,3,3036,6,30,3,2,5,0,0,5,4,2,2,0,0,1,1,1,1,1,33,6,3,0,0,0,0,0,9,1,5
3,1,9,0,7,0,4,0,0,0,0,4,1,1,1,53,8,2982,2,3,3,1,2,439040,351410,30,2,1,5,320,3,610,1,60,1,4,3,610,0,0,1,1,1,0,0,2,2,1,1,1,33,6,3,0,0,0,0,0,9,1,5
3,2,9,0,18,0,0,0,0,0,0,3,1,2,1,46,8,1598,1,8,1,2,2,499056,366657,32,2,2,3,353,5,2,6,60,0,4,6,0,0,0,1,9,1,0,0,2,2,1,1,1,46,8,3,0,0,0,0,0,9,1,5
3,2,9,0,18,0,0,0,0,0,0,1,1,6,1,70,10,1686,2,3,1,2,2,458192,324308,31,2,2,1,347,3,6006,6,30,0,4,6,0,0,0,1,1,1,0,0,2,1,2,1,1,70,10,3,0,0,0,0,0,9,1,10
3,1,3,0,18,0,8,0,0,0,0,1,1,6,1,65,9,102,1,1,1,1,2,617560,163630,46,2,1,7,531,3,291,6,60,3,4,6,0,0,0,1,1,2,0,0,2,1,1,1,1,65,9,3,0,0,0,0,0,3,1,7
3,1,20,0,18,0,0,0,0,0,0,4,1,1,1,49,8,12902,2,1,1,1,2,508892,221169,40,2,1,5,421,3,505,3,30,0,4,6,0,0,0,1,1,1,0,0,1,1,1,1,1,33,6,3,0,0,0,0,0,9,1,5
2,2,9,0,18,0,0,0,0,0,0,1,1,6,1,41,7,1995,2,9,1,3,2,537490,308600,35,2,3,7,392,4,1166,6,40,0,4,6,0,0,0,1,1,1,0,0,2,1,2,1,1,41,7,3,0,0,0,0,0,9,1,6
3,3,9,0,18,0,0,1,0,1,0,1,1,6,1,25,5,2231,2,9,1,3,7,449032,181458,43,7,3,6,471,3,34,3,70,0,4,6,0,0,0,1,1,1,0,0,2,1,2,1,1,25,5,3,0,0,0,0,0,9,1,7
3,1,9,0,16,0,0,1,0,8,11,3,1,2,1,18,4,1242,1,9,2,1,2,184794,781649,91,2,1,6,927,3,830,3,60,0,4,6,0,0,0,1,1,2,0,0,2,1,1,1,1,18,4,3,0,0,0,0,0,9,2,5
3,1,9,0,18,0,8,0,0,0,0,3,1,6,2,55,8,999,1,5,1,1,1,542350,191680,1,1,1,5,14,3,113,6,30,3,4,6,0,0,0,1,1,1,0,0,1,1,1,3,1,27,6,3,9,9,0,0,2,0,1,5