accident_severity,vehicle_reference,vehicle_type,towing_and_articulation,vehicle_manoeuvre,vehicle_location-restricted_lane,junction_location,skidding_and_overturning,hit_object_in_carriageway,vehicle_leaving_carriageway,hit_object_off_carriageway,1st_point_of_impact,was_vehicle_left_hand_drive?,journey_purpose_of_driver,sex_of_driver,age_of_driver,age_band_of_driver,engine_capacity_(cc),propulsion_code,age_of_vehicle,driver_home_area_type,NUmber_of_Casualities_unique_to_accident_index,No_of_Vehicles_involved_unique_to_accident_index,location_easting_osgr,location_northing_osgr,police_force,number_of_vehicles,number_of_casualties,day_of_week,local_authority_(district),1st_road_class,1st_road_number,road_type,speed_limit,junction_detail,junction_control,2nd_road_class,2nd_road_number,pedestrian_crossing-human_control,pedestrian_crossing-physical_facilities,light_conditions,weather_conditions,road_surface_conditions,special_conditions_at_site,carriageway_hazards,urban_or_rural_area,did_police_officer_attend_scene_of_accident,casualty_reference,casualty_class,sex_of_casualty,age_of_casualty,age_band_of_casualty,casualty_severity,pedestrian_location,pedestrian_movement,car_passenger,bus_or_coach_passenger,pedestrian_road_maintenance_worker,casualty_type,casualty_home_area_type,casualty_imd_decile
3,1,9,0,18,0,0,0,0,0,0,1,1,6,2,75,10,1598,1,2,1,1,2,537153,227734,41,2,1,5,432,3,10,6,50,0,4,6,0,0,0,6,1,2,0,0,2,1,1,1,1,33,6,3,0,0,0,0,0,9,1,5
3,1,9,0,7,0,8,0,0,0,0,4,1,6,2,25,5,1242,1,2,1,1,2,529020,174640,1,2,1,4,9,3,24,6,30,3,2,6,0,0,5,1,1,1,0,0,1,2,1,1,1,33,6,3,0,0,0,0,0,9,1,5
3,1,8,0,3,0,1,0,0,0,0,2,1,1,1,32,6,1798,8,3,1,1,2,531350,182050,1,2,1,7,2,3,5201,6,30,6,4,3,5201,0,1,1,1,1,0,0,1,2,1,1,1,32,6,3,0,0,0,0,0,8,1,3
3,2,9,0,3,0,1,0,0,0,0,2,1,6,2,20,4,1229,1,1,1,3,3,460269,524719,17,3,3,4,241,3,1085,6,30,1,4,6,0,0,0,1,1,2,0,0,1,1,3,2,1,26,6,3,0,0,2,0,0,9,1,1
3,1,9,0,12,0,0,2,0,1,9,1,1,6,2,18,4,1198,1,11,1,2,1,509536,345695,32,1,2,5,353,3,17,3,70,0,4,6,0,0,0,6,2,2,0,0,2,1,1,1,2,18,4,3,0,0,0,0,0,9,1,3
3,2,9,0,12,0,7,0,0,0,0,2,1,6,2,49,8,1997,2,10,3,2,2,421585,505898,12,2,2,3,184,3,1,3,70,3,4,3,1,0,0,1,1,2,4,0,2,1,1,1,2,49,8,3,0,0,0,0,0,9,3,4
3,1,19,0,4,0,0,0,0,0,0,1,1,1,1,39,7,1461,2,1,1,1,3,487021,155545,44,3,1,4,499,3,325,6,30,0,4,6,0,0,4,1,1,1,0,0,1,1,1,1,1,33,6,3,0,0,0,0,0,9,1,5
2,1,19,0,18,0,0,0,0,0,0,1,1,6,2,49,8,1560,2,3,3,1,1,441158,421846,13,1,1,7,206,6,0,6,30,0,4,6,0,0,0,1,1,1,0,0,2,2,1,3,1,9,2,2,9,9,0,0,0,0,1,5
3,2,9,0,2,0,2,0,0,0,0,3,1,6,1,37,7,1391,1,14,1,2,2,362893,175906,52,2,2,4,601,6,0,6,20,3,4,6,0,0,0,1,1,1,0,0,1,1,2,1,1,37,7,3,0,0,0,0,0,9,1,5
3,1,9,0,5,0,8,0,0,0,0,3,1,6,1,41,7,1598,1,8,1,1,2,587187,186878,42,2,1,5,460,6,0,6,30,6,4,6,0,0,0,1,2,2,0,0,1,1,1,1,1,33,6,3,0,0,0,0,0,9,1,5
3,2,9,0,4,0,2,0,0,0,0,1,1,6,3,32,6,1598,1,8,1,4,3,402215,286218,20,3,4,5,305,6,0,6,30,3,4,6,0,0,0,4,1,1,0,0,1,1,4,2,1,27,6,3,0,0,2,0,0,9,1,4
3,1,9,0,7,0,1,0,0,0,0,1,1,6,2,38,7,1242,1,11,1,1,1,534100,194370,1,1,1,4,32,5,0,6,30,3,4,6,0,0,0,1,1,1,0,6,1,1,1,3,2,32,6,3,5,1,0,0,2,0,1,4
2,2,21,1,2,6,0,0,0,1,0,2,2,1,1,57,9,1598,1,8,1,1,2,508881,346492,32,2,1,3,353,3,17,3,70,0,4,6,0,0,0,1,1,1,0,0,2,1,1,1,1,33,6,3,0,0,0,0,0,9,1,5
3,2,1,0,12,0,1,0,0,0,0,3,1,6,1,36,7,1598,1,8,1,1,2,433279,565055,10,2,1,4,149,3,185,3,30,1,4,4,1297,0,4,1,1,1,0,0,1,2,1,1,1,36,7,3,0,0,0,0,0,1,1,2
3,2,9,0,3,0,0,0,0,0,0,2,1,3,1,37,7,1956,2,6,1,3,2,520590,300180,35,2,3,2,394,6,0,6,30,0,4,6,0,0,0,1,1,1,0,0,1,2,1,1,1,37,7,3,0,0,0,0,0,9,1,2
3,2,3,0,13,0,1,0,0,0,0,4,1,2,2,43,7,125,1,3,1,1,2,315180,672770,95,2,1,7,923,6,0,6,60,8,4,6,0,0,0,1,1,1,0,0,2,1,1,1,2,43,7,3,0,0,0,0,0,3,1,5
3,1,9,0,18,0,0,0,0,0,0,1,1,6,1,64,9,1560,2,6,1,1,1,446946,359262,31,1,1,7,340,4,6026,6,30,0,4,6,0,0,1,4,5,2,0,0,1,1,1,3,2,50,8,3,1,3,0,0,0,0,1,2
3,2,19,0,6,0,1,0,0,0,0,3,1,1,1,53,8,2298,2,1,1,1,2,525090,186020,1,2,1,4,2,3,41,3,30,8,4,6,0,0,5,1,1,1,0,0,1,1,1,1,1,33,6,3,0,0,0,0,0,9,1,5
3,2,9,0,18,0,0,1,0,1,4,4,1,6,2,22,5,1397,1,8,1,1,2,566001,200903,42,2,1,3,452,3,12,3,70,0,4,6,0,0,0,1,1,1,0,0,2,1,1,1,2,22,5,3,0,0,0,0,0,9,1,5
2,1,5,0,18,0,0,0,0,0,0,1,1,6,1,47,8,749,1,19,1,1,1,371670,425100,4,1,1,1,75,4,6232,6,40,0,4,6,0,0,0,6,1,1,0,7,2,1,1,1,1,47,8,2,0,0,0,0,0,5,1,5
2,1,19,0,9,0,8,0,0,0,0,1,1,6,1,38,7,1598,1,8,1,1,2,473608,285304,34,2,1,2,381,3,508,6,50,8,4,6,0,0,0,7,1,2,0,0,2,2,1,1,1,33,6,3,0,0,0,0,0,9,1,5
3,2,9,0,18,0,1,0,0,0,0,1,1,6,1,38,7,998,1,14,1,1,2,550250,189050,1,2,1,3,15,5,0,6,30,3,4,6,0,0,0,1,1,1,0,0,1,1,1,1,1,33,6,3,0,0,0,0,0,9,1,5
3,2,9,0,13,0,8,0,0,0,0,4,1,6,1,38,7,1560,2,4,1,2,2,529910,183500,1,2,2,5,2,6,0,6,30,8,4,6,0,0,0,1,1,1,0,0,1,2,1,1,1,33,6,3,0,0,0,0,0,9,1,5
3,1,5,0,18,0,1,2,0,0,0,1,1,2,1,28,6,656,1,8,3,1,3,544240,257460,35,3,1,5,390,3,603,6,30,3,4,6,0,0,0,1,1,1,0,0,1,1,1,1,1,28,6,3,0,0,0,0,0,5,3,7
3,1,9,0,18,0,1,0,0,0,0,1,1,6,1,38,7,1598,2,8,1,1,3,409640,290300,20,3,1,5,300,6,0,6,30,3,4,6,0,0,0,1,1,1,0,0,1,2,1,1,1,33,6,3,0,0,0,0,0,9,1,5
3,1,9,0,18,0,8,1,7,2,7,1,1,6,1,23,5,1796,1,4,1,1,1,446700,335440,30,1,1,6,324,3,52,3,70,5,4,3,52,0,0,4,3,3,0,0,2,1,1,1,1,23,5,3,0,0,0,0,0,9,1,5
3,2,1,0,7,0,5,0,0,0,0,1,1,1,1,42,7,1598,1,8,1,1,2,400240,301390,20,2,1,2,307,6,0,6,30,3,4,4,4210,0,0,1,1,1,0,0,1,1,1,1,1,42,7,3,0,0,0,0,0,1,1,1
3,3,9,0,18,0,0,0,0,0,0,2,1,6,1,42,7,1587,7,8,1,2,4,453398,217303,43,4,2,4,481,3,34,3,70,0,4,6,0,0,0,1,1,1,0,0,2,1,1,1,1,33,6,3,0,0,0,0,0,9,1,5
3,2,9,0,18,0,1,0,0,0,0,0,1,6,1,22,5,1998,2,10,1,3,2,401792,298986,20,2,3,3,307,3,4148,3,30,7,2,3,461,0,0,4,1,1,0,0,1,2,1,1,1,22,5,3,0,0,0,0,0,9,1,1
3,1,9,0,5,0,6,0,0,0,0,1,1,6,2,30,6,1997,2,15,1,1,2,392050,386990,6,2,1,2,109,3,6,3,30,3,4,6,0,0,0,1,1,2,0,0,1,1,1,1,2,30,6,3,0,0,0,0,0,9,1,4
2,1,1,0,18,0,0,0,0,0,0,1,1,1,1,50,8,1598,1,8,1,1,2,527835,407075,16,2,1,1,233,3,16,6,60,0,4,6,0,0,0,1,1,1,0,0,2,2,1,1,1,50,8,2,0,0,0,0,0,1,1,1
3,1,9,0,9,0,6,0,0,0,0,1,1,6,1,51,8,1796,1,13,1,2,2,502374,158950,45,2,2,7,518,6,3731,6,30,3,4,6,0,0,0,1,1,1,0,0,1,1,1,1,1,51,8,3,0,0,0,0,0,9,1,3
3,3,9,0,2,0,0,0,0,0,0,2,1,6,3,38,7,1598,1,8,1,1,4,543230,171500,1,4,1,4,19,3,208,6,30,0,4,6,0,0,0,1,1,2,0,0,1,1,1,1,1,33,6,3,0,0,0,0,0,9,1,5
3,3,9,0,3,0,1,0,0,0,0,2,1,3,1,43,7,1590,1,11,1,1,3,525670,183080,1,3,1,4,1,5,0,6,30,6,4,6,0,0,1,1,1,1,0,6,1,1,1,1,1,33,6,3,0,0,0,0,0,9,1,5
3,1,9,0,3,0,2,0,0,0,0,1,1,6,1,27,6,1598,1,8,1,2,2,537260,188610,1,2,2,7,13,6,0,6,30,3,4,6,0,0,0,1,1,1,0,0,1,2,1,1,1,27,6,3,0,0,0,0,0,9,1,3
3,2,9,0,3,0,0,0,0,0,0,2,1,6,1,37,7,1896,2,13,1,2,3,333556,160568,52,3,2,1,605,3,370,3,50,0,4,6,0,0,0,1,8,1,0,0,2,1,1,1,1,37,7,3,0,0,0,0,0,9,1,9
3,2,9,0,3,0,0,0,0,0,0,2,1,6,1,25,5,2488,2,10,1,2,4,326721,112110,52,4,2,5,610,3,303,6,60,0,4,6,0,0,0,1,5,2,0,0,2,1,2,2,2,46,8,3,0,0,2,0,0,9,1,3
3,2,8,0,6,0,0,0,0,0,0,4,1,6,1,50,8,1598,1,8,1,1,2,358326,171503,52,2,1,5,601,4,3120,6,20,0,4,6,0,0,5,7,1,2,0,0,1,2,1,1,1,33,6,3,0,0,0,0,0,9,1,5
3,2,9,0,9,0,1,0,0,0,0,3,1,6,1,35,6,1798,1,8,2,1,2,258712,665013,97,2,1,6,926,6,0,2,30,9,4,6,0,0,0,1,1,1,0,0,1,2,1,1,1,33,6,3,0,0,0,0,0,9,1,5
3,2,9,0,18,0,0,0,0,0,0,1,1,5,1,66,10,1390,1,16,1,2,2,579732,189194,42,2,2,3,453,6,0,6,30,0,4,6,0,0,0,1,1,2,0,0,1,2,1,1,1,66,10,3,0,0,0,0,0,9,1,9
3,1,9,0,9,0,0,0,0,0,0,1,1,6,2,24,5,998,1,1,1,1,2,535850,203640,41,2,1,1,430,6,688,6,30,0,4,6,0,0,0,4,1,1,0,0,1,2,1,1,1,33,6,3,0,0,0,0,0,9,1,5
3,3,90,0,4,0,0,0,0,0,0,2,1,6,3,38,7,1598,1,8,1,3,3,436520,333010,30,3,3,1,323,3,5111,6,30,0,4,6,0,0,0,1,1,1,0,0,1,1,1,1,1,33,6,3,0,0,0,0,0,9,1,5
3,1,9,0,17,0,0,0,0,0,0,1,1,6,1,55,8,1499,1,8,1,4,2,327565,972498,91,2,4,7,927,3,836,6,60,0,4,6,0,0,0,1,1,1,0,0,2,1,3,2,2,54,8,3,0,0,1,0,0,9,1,5
3,2,9,0,18,0,1,0,0,0,0,1,1,6,3,38,7,1598,1,12,1,1,2,506910,182950,1,2,1,3,26,3,4020,3,40,3,2,5,0,0,5,1,1,1,0,0,1,1,1,1,1,33,6,3,0,0,0,0,0,9,1,5
3,1,9,0,16,0,0,0,0,5,0,1,1,6,1,64,9,1968,2,1,1,1,1,517064,163766,45,1,1,4,510,3,3,3,70,0,4,6,0,0,0,1,1,1,0,0,2,1,1,1,1,64,9,3,0,0,0,0,0,9,1,10
3,2,9,0,3,0,1,0,0,0,0,2,1,6,2,41,7,1968,2,6,1,1,2,435318,286985,23,2,1,6,291,6,0,6,30,6,2,6,0,0,5,1,1,1,0,0,1,1,1,1,1,33,6,3,0,0,0,0,0,9,1,5
2,1,9,0,18,0,0,0,0,1,0,4,1,6,1,65,9,1242,1,4,1,2,1,462510,448246,12,1,2,7,189,3,64,3,70,0,4,6,0,0,0,1,1,1,0,0,2,1,2,2,2,53,8,2,0,0,1,0,0,9,1,7
3,2,9,0,3,0,0,0,0,0,0,2,1,1,1,52,8,1598,2,3,3,2,4,302824,669062,95,4,2,4,940,6,0,6,30,0,4,6,0,0,0,1,2,2,0,0,1,1,1,2,2,54,8,3,0,0,1,0,0,9,1,5
2,1,5,0,18,0,1,0,0,0,0,1,1,6,1,56,9,1250,1,1,1,1,2,408599,93368,55,2,1,5,640,5,321,6,30,6,2,3,3049,0,0,4,1,1,0,0,1,1,1,1,1,56,9,2,0,0,0,0,0,5,1,1
3,1,9,0,9,0,8,0,0,0,0,3,1,6,1,20,4,1229,1,8,1,1,2,543680,186190,1,2,1,5,14,3,118,1,30,1,4,3,123,0,0,1,1,1,0,0,1,1,1,1,1,33,6,3,0,0,0,0,0,9,1,5
3,1,9,0,1,0,0,0,0,0,0,1,1,6,1,59,9,1598,1,8,1,1,2,286080,378810,60,2,1,7,721,6,0,6,30,0,4,6,0,0,0,1,1,1,0,0,2,1,1,1,1,33,6,3,0,0,0,0,0,9,1,5
3,1,19,0,4,0,8,0,0,0,0,1,1,1,1,42,7,1248,2,1,1,1,2,530821,153364,45,2,1,4,516,1,23,7,70,5,4,1,23,0,0,4,1,1,0,0,2,1,1,1,1,33,6,3,0,0,0,0,0,9,1,5
2,1,9,0,18,0,8,0,0,0,0,4,1,6,1,38,7,2295,1,14,1,1,1,534780,195720,1,1,1,3,32,5,0,6,30,3,4,6,0,0,0,1,1,1,0,0,1,1,1,3,2,33,6,2,5,1,0,0,2,0,1,5
3,1,9,0,4,0,1,0,0,0,0,1,1,6,2,50,8,1560,2,1,1,2,3,507592,201299,41,3,2,1,436,1,25,7,70,1,4,3,41,0,0,1,1,1,0,0,2,2,1,1,1,33,6,3,0,0,0,0,0,9,1,5
3,1,9,0,7,0,5,0,0,0,0,1,1,6,1,76,11,1761,1,17,1,1,2,498788,158433,45,2,1,7,518,3,324,6,30,3,4,6,0,0,0,1,2,2,0,0,1,2,1,1,1,33,6,3,0,0,0,0,0,9,1,5
3,2,19,0,5,0,1,0,0,0,0,1,1,2,1,46,8,2198,2,9,1,1,2,527455,158278,45,2,1,5,513,4,2032,1,30,1,4,4,2219,0,0,1,1,1,0,0,1,1,1,1,1,33,6,3,0,0,0,0,0,9,1,5
3,1,9,0,18,0,0,0,0,5,6,3,1,6,1,29,6,1598,1,8,1,2,2,292656,182716,62,2,2,4,740,1,4,3,70,0,4,6,0,0,0,1,5,2,0,0,2,1,4,2,2,6,2,3,0,0,2,0,0,9,1,5
3,1,9,0,18,0,4,0,0,0,0,3,1,6,1,74,10,1388,1,5,1,1,2,384496,156785,54,2,1,2,635,3,361,1,30,2,4,6,0,0,0,4,2,2,0,0,1,1,1,1,1,33,6,3,0,0,0,0,0,9,1,5
3,2,9,0,2,0,8,0,0,0,0,3,1,6,1,43,7,1461,2,1,1,1,2,512710,179190,1,2,1,3,27,6,0,6,30,3,4,6,0,0,0,1,1,1,0,0,1,1,1,1,1,33,6,3,0,0,0,0,0,9,1,5
3,1,9,0,18,0,0,0,0,7,11,1,1,6,1,27,6,1968,2,8,1,1,1,404793,438060,13,1,1,5,200,3,629,6,30,0,4,6,0,0,0,4,1,2,0,0,1,1,1,1,1,27,6,3,0,0,0,0,0,9,1,7
3,1,9,0,18,0,3,1,0,0,0,1,1,6,2,42,7,1995,2,8,1,2,1,478145,352438,31,1,2,1,345,3,46,1,40,1,4,4,6166,0,0,4,2,2,0,0,2,1,2,2,2,11,3,3,0,0,1,0,0,9,1,9
3,2,9,0,18,0,1,0,0,0,0,1,1,6,1,39,7,1995,2,4,1,2,2,274056,654454,97,2,2,4,938,3,72,6,30,7,4,6,0,0,0,1,1,1,0,0,1,1,1,1,1,39,7,3,0,0,0,0,0,9,1,5
3,2,9,0,2,0,0,0,0,0,0,3,1,6,1,48,8,996,1,1,1,1,2,356203,387578,7,2,1,7,128,3,562,3,30,0,4,6,0,0,0,1,1,1,0,0,1,2,1,3,2,45,7,3,6,9,0,0,0,0,1,9
2,1,9,0,18,0,0,5,0,1,0,1,1,6,1,28,6,1595,1,13,1,2,2,643087,315821,36,2,2,2,402,4,1152,6,60,0,4,6,0,0,0,1,1,1,0,0,2,1,1,1,1,28,6,3,0,0,0,0,0,9,1,1
3,1,9,0,9,0,8,0,0,0,0,1,1,6,2,38,7,998,1,1,1,1,2,532920,184360,1,2,1,1,4,4,102,6,30,6,4,6,0,0,0,1,1,1,0,0,1,1,1,1,1,33,6,3,0,0,0,0,0,9,1,5
3,1,1,0,3,0,0,0,0,0,0,1,1,6,2,25,5,1598,1,8,1,1,2,402425,84995,55,2,1,7,644,6,0,6,30,0,4,6,0,0,0,6,1,1,0,0,2,1,1,1,2,25,5,3,0,0,0,0,0,1,1,5
2,1,5,0,18,0,2,0,0,0,0,4,1,1,1,55,8,1250,1,10,1,2,1,392730,391520,6,1,2,6,109,3,6017,6,30,3,4,6,0,0,0,1,1,1,0,0,1,2,2,3,1,26,6,2,10,2,0,0,0,0,1,7
3,2,9,0,18,0,1,1,0,0,0,1,1,6,3,38,7,2494,1,21,1,1,2,541070,190020,1,2,1,5,14,3,113,6,30,3,4,6,0,0,0,4,5,2,0,0,1,2,1,1,1,33,6,3,0,0,0,0,0,9,1,5
3,1,9,0,3,0,1,0,0,0,0,2,1,6,1,48,8,1560,2,3,3,3,2,529450,163850,1,2,3,4,21,4,271,6,30,3,4,6,0,0,1,1,1,1,0,0,1,1,2,2,2,22,5,3,0,0,2,0,0,9,1,4
3,2,9,0,3,0,0,0,0,0,0,2,1,6,1,57,9,1560,2,1,1,2,3,201943,52384,50,3,2,3,596,6,0,6,30,0,4,6,0,0,0,1,1,1,0,0,1,1,2,2,2,48,8,3,0,0,1,0,0,9,1,4
3,2,9,0,7,0,3,0,0,0,0,4,1,6,1,33,6,1598,2,2,1,1,2,452285,205957,43,2,1,1,482,3,420,1,20,1,4,4,480,0,0,1,1,1,0,0,1,1,1,1,1,33,6,3,0,0,0,0,0,9,1,5
3,3,9,0,4,0,0,0,0,0,0,2,1,6,2,22,5,1598,1,1,2,2,3,505320,426304,16,3,2,3,228,3,63,3,70,0,4,6,0,0,0,1,2,2,0,0,2,1,1,1,1,33,6,3,0,0,0,0,0,9,1,5
3,1,9,0,5,0,2,0,0,0,0,1,1,6,2,38,7,1364,1,9,1,1,2,532448,342910,32,2,1,5,350,6,0,6,30,3,4,6,0,0,0,1,1,1,0,0,1,2,1,1,1,33,6,3,0,0,0,0,0,9,1,5
3,1,9,0,18,0,0,2,0,8,4,3,1,6,1,52,8,1596,1,8,1,5,1,259012,638411,97,1,5,5,919,6,0,6,60,0,4,6,0,0,0,1,1,1,0,0,2,1,3,2,1,18,4,3,0,0,1,0,0,9,1,5
3,1,9,0,16,0,0,0,0,0,0,1,1,2,1,18,4,2495,2,18,3,1,2,356770,282930,22,2,1,6,286,6,0,6,60,0,4,6,0,0,0,1,1,2,0,0,2,1,1,1,1,33,6,3,0,0,0,0,0,9,1,5
3,1,2,0,18,0,8,0,0,0,0,4,1,2,1,28,6,108,1,2,1,1,1,326450,672760,95,1,1,6,923,6,0,6,30,3,4,6,0,0,4,4,4,2,0,0,1,1,1,1,1,28,6,3,0,0,0,0,0,2,1,5
3,1,9,0,11,0,0,0,0,0,0,4,1,1,1,31,6,1598,1,10,1,1,2,379440,404150,6,2,1,4,101,1,60,3,70,0,4,6,0,0,0,1,1,1,4,0,2,1,1,1,1,33,6,3,0,0,0,0,0,9,1,5
3,1,9,0,7,0,5,0,0,0,0,1,1,1,2,55,8,1349,1,1,2,1,1,459218,340124,31,1,1,3,346,6,0,6,30,3,4,6,0,0,8,1,2,2,0,0,1,1,1,3,1,11,3,3,4,1,0,0,0,0,1,5
3,1,5,0,18,0,2,1,0,0,0,3,1,1,1,29,6,996,1,10,1,1,1,612725,241999,37,1,1,3,410,3,14,7,70,1,4,3,1214,0,0,1,1,1,0,0,2,1,1,1,1,29,6,3,0,0,0,0,0,5,1,10
3,2,19,0,2,0,0,0,0,0,0,2,1,6,1,29,6,2461,2,7,1,2,2,510513,431123,16,2,2,7,228,6,0,6,30,0,4,6,0,0,0,4,1,1,0,0,1,1,1,1,1,33,6,3,0,0,0,0,0,9,1,5
3,1,9,0,5,0,0,0,0,0,0,4,1,6,2,30,6,1198,1,11,1,1,1,538960,194460,1,1,1,4,13,6,0,6,30,0,4,6,0,0,0,1,1,1,0,0,1,1,1,3,1,21,5,3,9,9,0,0,2,0,1,5
3,1,9,0,18,0,0,0,0,0,0,4,1,6,1,78,11,1298,1,14,1,1,1,537450,181980,1,1,1,5,5,4,140,6,30,0,4,6,0,0,0,1,1,1,0,0,1,1,1,3,1,39,7,3,9,7,0,0,2,0,1,2
3,3,9,0,2,0,0,0,0,0,0,3,1,6,3,38,7,1598,1,8,1,1,3,515110,176350,1,3,1,6,25,3,315,6,30,0,4,6,0,0,0,1,1,1,0,0,1,1,1,1,1,33,6,3,0,0,0,0,0,9,1,5
3,2,9,0,18,0,1,0,0,0,0,2,1,6,1,51,8,1798,1,42,3,1,2,339386,659203,95,2,1,7,929,4,6458,6,60,9,4,6,0,0,0,1,1,1,0,0,2,1,1,1,1,51,8,3,0,0,0,0,0,9,3,5
3,1,9,0,18,0,0,0,0,0,0,1,1,2,2,30,6,1560,2,4,2,2,3,434041,563731,10,3,2,4,149,3,194,3,40,0,4,6,0,0,0,4,1,2,0,0,2,1,1,1,1,33,6,3,0,0,0,0,0,9,1,5
3,1,9,0,18,0,0,0,0,0,0,1,1,6,3,38,7,1598,1,8,1,1,2,454386,518150,17,2,1,5,241,4,1380,6,30,0,4,6,0,0,1,1,1,1,0,0,1,2,1,1,1,33,6,3,0,0,0,0,0,9,1,5
2,1,1,0,18,0,1,1,0,0,0,1,1,6,1,42,7,1598,1,8,3,1,2,409758,633259,10,2,1,3,139,4,6349,6,60,3,4,5,40,0,0,1,1,1,0,0,2,1,1,1,1,42,7,2,0,0,0,0,0,1,3,4
3,2,21,1,4,6,5,0,0,0,0,2,1,1,1,42,7,1598,1,8,1,1,2,335936,152831,52,2,1,5,607,1,5,7,70,5,4,6,0,0,0,6,1,1,0,0,2,1,1,1,1,33,6,3,0,0,0,0,0,9,1,5
3,1,9,0,9,0,1,0,0,0,0,1,1,6,1,24,5,1598,1,8,1,1,2,353165,176327,52,2,1,7,601,6,0,6,30,3,4,6,0,0,0,4,2,2,0,0,1,1,1,1,1,33,6,3,0,0,0,0,0,9,1,5
3,1,9,0,4,0,1,0,0,0,0,1,1,6,1,49,8,1598,1,2,1,1,1,441106,392778,14,1,1,5,213,6,0,6,30,3,4,6,0,0,0,1,1,1,0,0,1,1,1,3,1,2,1,3,5,2,0,0,0,0,1,1
3,2,1,0,18,0,0,0,0,0,0,4,1,3,1,44,7,1598,1,8,1,1,2,415232,438169,13,2,1,2,200,3,6038,6,30,0,4,6,0,0,0,4,1,2,0,0,1,2,1,1,1,44,7,3,0,0,0,0,0,1,1,7
3,2,9,0,9,0,6,1,0,0,0,1,1,2,2,47,8,1598,2,3,3,1,2,425301,166901,54,2,1,4,635,5,74,6,60,3,4,6,0,0,0,1,2,2,0,0,2,1,1,1,1,33,6,3,0,0,0,0,0,9,1,5
3,2,9,0,4,0,0,0,0,0,0,2,1,6,2,23,5,1997,1,14,2,4,3,202396,56243,50,3,4,1,596,4,3374,6,30,0,4,6,0,0,0,1,1,2,0,0,2,1,2,1,2,23,5,3,0,0,0,0,0,9,2,2
3,1,9,0,18,0,8,0,0,0,0,4,1,6,2,40,7,1299,1,13,2,1,2,510655,196950,41,2,1,6,437,3,411,1,30,1,4,3,412,0,0,1,1,1,0,0,1,2,1,1,1,33,6,3,0,0,0,0,0,9,1,5
3,3,9,0,10,0,8,0,0,0,0,2,1,6,2,24,5,1587,1,10,1,2,3,405329,440616,13,3,2,6,200,4,6143,6,30,3,4,6,0,0,0,1,1,1,0,0,1,1,1,1,2,24,5,3,0,0,0,0,0,9,1,3
3,1,9,0,3,0,2,0,0,0,0,2,1,6,2,26,6,1994,2,12,3,2,2,434118,406255,14,2,2,2,210,3,628,3,40,1,4,3,628,0,4,1,1,1,0,0,1,1,1,1,2,26,6,3,0,0,0,0,0,9,3,9
3,1,9,0,18,0,8,0,0,0,0,4,1,6,2,39,7,1598,1,8,1,6,2,379720,394410,6,2,6,6,112,3,56,3,40,6,2,3,5145,0,0,1,1,1,0,0,1,1,4,2,2,14,3,3,0,0,2,0,0,9,1,5
3,1,9,0,2,0,0,0,0,0,0,3,1,6,1,58,9,1598,1,8,1,1,2,529810,187360,1,2,1,3,3,5,0,6,20,0,4,6,0,0,0,1,1,1,0,0,1,1,1,1,1,33,6,3,0,0,0,0,0,9,1,5
3,2,9,0,10,0,1,0,0,0,0,2,1,6,2,35,6,1389,1,21,1,1,3,375163,273976,22,3,1,1,278,3,456,6,60,9,4,6,0,0,0,1,1,1,0,0,2,1,1,2,2,63,9,3,0,0,1,0,0,9,1,9
3,1,9,0,16,0,0,0,0,0,0,1,1,6,1,69,10,1796,1,15,2,2,2,306600,532150,3,2,2,4,60,6,0,6,60,0,4,6,0,0,0,1,2,5,0,0,2,1,1,1,1,69,10,3,0,0,0,0,0,9,2,1
2,1,1,0,18,0,8,0,0,0,0,1,1,6,1,28,6,1598,1,8,1,1,2,430963,435790,13,2,1,6,204,6,0,6,30,6,2,6,0,0,0,1,1,1,0,0,1,1,1,1,1,28,6,2,0,0,0,0,0,1,1,5
3,1,9,0,18,0,0,5,4,0,0,1,1,6,1,43,7,1968,2,7,1,1,2,419890,422509,13,2,1,2,203,6,0,6,30,0,4,6,0,0,0,1,1,1,0,0,1,1,1,1,1,43,7,3,0,0,0,0,0,9,1,7
3,1,9,0,18,0,0,0,0,0,0,1,1,6,1,50,8,1999,1,9,1,1,1,513010,175710,1,1,1,4,25,3,3006,6,30,0,4,6,0,0,1,1,1,1,0,0,1,1,1,3,2,45,7,3,1,3,0,0,2,0,1,2
3,2,9,0,18,0,0,0,0,0,0,2,1,6,1,52,8,1560,2,7,1,1,2,399260,297160,20,2,1,1,307,1,6,3,70,0,4,6,0,0,0,1,1,1,0,0,2,2,1,2,2,27,6,3,0,0,1,0,0,9,1,10
3,2,19,0,18,0,1,0,0,0,0,2,1,1,1,27,6,2198,2,7,2,1,2,368522,624591,95,2,1,2,914,3,698,6,60,3,4,6,0,0,0,1,1,1,0,0,2,1,1,2,1,50,8,3,0,0,0,0,0,19,3,5
3,2,1,0,18,0,2,0,0,0,0,1,1,2,1,45,7,1598,1,8,1,1,2,449241,359011,31,2,1,4,340,6,0,6,30,3,4,4,6023,0,4,1,1,1,0,0,1,2,1,1,1,45,7,3,0,0,0,0,0,1,1,7
3,2,1,0,18,0,0,0,0,0,0,1,1,6,2,56,9,1598,1,8,1,1,2,332367,160023,52,2,1,4,605,6,0,6,30,0,4,6,0,0,0,1,9,1,0,0,1,1,1,1,2,56,9,3,0,0,0,0,0,1,1,7