accident_severity,vehicle_reference,vehicle_type,towing_and_articulation,vehicle_manoeuvre,vehicle_location-restricted_lane,junction_location,skidding_and_overturning,hit_object_in_carriageway,vehicle_leaving_carriageway,hit_object_off_carriageway,1st_point_of_impact,was_vehicle_left_hand_drive?,journey_purpose_of_driver,sex_of_driver,age_of_driver,age_band_of_driver,engine_capacity_(cc),propulsion_code,age_of_vehicle,driver_home_area_type,NUmber_of_Casualities_unique_to_accident_index,No_of_Vehicles_involved_unique_to_accident_index,location_easting_osgr,location_northing_osgr,police_force,number_of_vehicles,number_of_casualties,day_of_week,local_authority_(district),1st_road_class,1st_road_number,road_type,speed_limit,junction_detail,junction_control,2nd_road_class,2nd_road_number,pedestrian_crossing-human_control,pedestrian_crossing-physical_facilities,light_conditions,weather_conditions,road_surface_conditions,special_conditions_at_site,carriageway_hazards,urban_or_rural_area,did_police_officer_attend_scene_of_accident,casualty_reference,casualty_class,sex_of_casualty,age_of_casualty,age_band_of_casualty,casualty_severity,pedestrian_location,pedestrian_movement,car_passenger,bus_or_coach_passenger,pedestrian_road_maintenance_worker,casualty_type,casualty_home_area_type,casualty_imd_decile
3,1,9,0,9,0,8,0,0,0,0,3,1,6,2,30,6,2143,2,2,1,1,2,525350,181990,1,2,1,6,1,3,404,6,30,3,4,5,0,0,1,4,2,2,0,0,1,1,1,1,1,33,6,3,0,0,0,0,0,9,1,5
3,1,1,0,12,0,1,0,0,0,0,3,1,6,2,22,5,1598,1,8,1,1,2,531110,185270,1,2,1,4,3,3,1,6,30,3,4,6,0,0,0,1,1,1,0,0,1,2,1,1,2,22,5,3,0,0,0,0,0,1,1,5
3,1,9,0,18,0,0,1,0,0,0,1,1,6,1,28,6,973,1,16,1,2,2,461047,397996,14,2,2,2,211,6,0,6,20,0,4,6,0,0,0,1,1,2,0,0,1,1,1,1,1,33,6,3,0,0,0,0,0,9,1,5
3,1,21,0,17,0,8,0,0,0,0,1,1,1,1,45,7,11967,2,2,1,1,2,600740,142930,46,2,1,6,530,3,292,6,30,3,2,3,292,0,5,1,9,1,0,0,1,2,1,1,1,33,6,3,0,0,0,0,0,9,1,5
3,1,9,0,18,0,0,0,0,0,0,3,1,6,1,69,10,1896,2,13,3,1,1,502309,457469,16,1,1,7,231,6,0,6,30,0,4,6,0,0,0,1,1,1,0,0,1,1,1,3,1,67,10,3,5,4,0,0,0,0,3,4
3,2,9,0,16,0,0,0,0,0,0,0,1,6,3,38,7,1598,1,8,1,2,2,491647,400131,16,2,2,7,232,6,0,6,60,0,4,6,0,0,0,1,2,2,0,0,2,2,1,1,1,33,6,3,0,0,0,0,0,9,1,5
3,1,9,0,18,0,2,0,0,0,0,4,1,6,1,84,11,1461,2,4,3,1,1,623450,307692,36,1,1,5,404,3,147,6,30,3,4,5,820,0,4,4,1,1,0,0,1,2,1,3,1,22,5,3,1,1,0,0,0,0,1,3
2,2,9,0,18,0,0,0,0,0,0,1,1,6,1,52,8,1794,1,12,1,2,2,380600,386470,6,2,2,4,112,5,0,6,60,0,4,6,0,0,0,1,1,1,0,0,1,1,2,1,1,52,8,2,0,0,0,0,0,9,1,2
3,2,19,0,18,0,8,0,0,0,0,1,1,1,2,21,5,1560,2,8,1,1,2,505170,156730,45,2,1,3,511,4,2215,6,30,3,4,4,367,0,0,1,1,1,0,0,2,1,1,1,1,33,6,3,0,0,0,0,0,9,1,5
3,1,9,0,18,0,0,0,0,0,0,1,1,6,1,36,7,1796,1,13,2,2,2,353000,434010,4,2,2,1,79,1,55,9,70,0,4,6,0,0,0,1,1,1,0,0,2,1,2,2,1,9,2,3,0,0,2,0,0,9,1,5
3,2,9,0,16,0,0,0,0,0,0,0,1,6,3,38,7,1598,1,8,1,1,2,367959,377582,7,2,1,4,129,6,0,6,60,0,4,6,0,0,0,1,2,2,0,0,2,1,1,1,1,33,6,3,0,0,0,0,0,9,1,5
3,2,9,0,18,0,8,1,0,1,1,1,1,6,1,55,8,1997,2,1,1,3,2,379446,200476,53,2,3,5,624,4,4066,6,60,6,4,5,262,0,0,1,1,1,0,0,2,1,3,2,2,4,1,3,0,0,2,0,0,9,1,3
3,2,9,0,4,0,0,0,0,0,0,1,1,6,1,38,7,1497,8,7,1,1,2,511930,172220,1,2,1,1,25,3,314,6,30,0,4,6,0,0,0,1,1,1,0,0,1,2,1,1,1,33,6,3,0,0,0,0,0,9,1,5
3,2,11,0,13,0,8,0,0,0,0,4,1,1,1,45,7,7300,2,6,1,1,2,458363,306410,33,2,1,5,364,3,6,3,40,3,2,6,6,0,5,1,1,1,0,0,1,1,1,1,1,33,6,3,0,0,0,0,0,9,1,5
3,2,9,0,3,0,0,0,0,0,0,2,1,6,1,46,8,1995,2,9,1,5,3,500527,177650,43,3,5,7,474,1,4,3,70,0,4,6,0,0,0,1,1,1,0,0,2,1,1,1,1,46,8,3,0,0,0,0,0,9,1,10
3,1,19,0,9,0,5,0,0,0,0,4,1,6,3,38,7,2402,2,12,1,1,2,432823,385229,14,2,1,4,215,3,625,6,30,8,4,6,0,0,0,1,1,1,0,0,1,1,1,1,1,33,6,3,0,0,0,0,0,9,1,5
2,3,9,0,18,0,0,0,0,0,0,2,1,6,2,29,6,1997,2,3,1,7,5,531000,144724,45,5,7,1,516,1,23,3,70,0,4,6,0,0,0,1,1,1,0,0,2,1,6,1,2,29,6,3,0,0,0,0,0,9,1,9
3,2,5,0,14,0,0,0,0,7,0,1,1,2,1,49,8,1598,1,8,1,1,2,395390,300921,20,2,1,4,309,3,4124,6,30,0,4,6,0,0,0,4,1,1,0,0,1,2,1,1,1,49,8,3,0,0,0,0,0,5,1,2
3,1,9,0,17,0,0,0,0,0,0,1,1,6,1,38,7,2969,2,7,1,1,1,385574,352190,21,1,1,1,257,6,0,9,30,0,4,6,0,0,0,1,9,1,0,0,1,2,1,3,2,35,6,3,10,9,0,0,0,0,1,5
3,1,9,0,10,0,1,0,0,0,0,3,1,6,1,33,6,2457,1,8,1,1,2,452443,386619,14,2,1,1,213,4,6060,6,40,3,4,6,0,0,0,1,9,1,0,0,1,2,1,1,1,33,6,3,0,0,0,0,0,9,1,1
3,1,9,0,5,0,8,0,0,0,0,1,1,6,1,65,9,1364,2,10,1,1,1,521030,192780,1,1,1,1,30,6,0,6,30,3,4,3,1,0,0,1,1,1,0,0,1,1,1,3,1,44,7,3,5,9,0,0,2,0,1,7
3,1,9,0,9,0,6,0,0,0,0,3,1,2,2,34,6,1242,1,2,1,1,2,426726,568731,10,2,1,4,148,6,6614,6,30,3,4,6,6614,0,0,4,1,1,0,0,1,2,1,1,1,33,6,3,0,0,0,0,0,9,1,5
3,2,9,0,2,0,0,0,0,0,0,3,1,6,3,38,7,1368,1,5,1,1,2,487221,194515,43,2,1,3,480,6,3032,6,30,0,4,6,0,0,0,1,1,2,0,0,1,1,1,1,1,33,6,3,0,0,0,0,0,9,1,5
3,1,9,0,18,0,0,0,0,0,0,0,1,6,3,38,7,1598,1,8,1,1,1,455560,302690,33,1,1,5,360,5,4109,6,30,0,4,6,0,0,0,7,1,1,0,0,1,1,1,3,1,24,5,3,10,9,0,0,0,0,1,5
2,1,9,0,9,0,6,0,0,0,0,3,1,6,1,81,11,1991,2,5,3,3,2,503057,432299,16,2,3,6,231,6,0,6,30,8,4,6,0,0,0,1,1,2,0,0,1,1,3,2,2,79,11,3,0,0,1,0,0,9,3,10
3,1,9,0,9,0,1,0,0,0,0,3,1,6,1,37,7,1598,1,9,1,1,2,492890,99099,47,2,1,2,558,5,158,6,30,3,4,6,0,0,0,1,9,1,0,0,1,1,1,1,1,33,6,3,0,0,0,0,0,9,1,5
3,2,9,0,3,0,1,0,0,0,0,2,1,6,1,35,6,1560,2,9,1,1,2,435100,277900,20,2,1,4,302,4,4110,6,30,1,4,4,4110,0,0,1,1,1,0,0,1,2,1,1,1,35,6,3,0,0,0,0,0,9,1,1
3,1,9,0,13,0,0,0,0,0,0,4,1,2,2,69,10,1998,1,12,1,3,2,526540,195570,1,2,3,6,30,6,0,6,30,0,4,6,0,0,0,1,1,1,0,0,1,1,1,1,2,69,10,3,0,0,0,0,0,9,1,8
3,1,9,0,14,0,0,0,0,0,0,1,1,6,2,44,7,1896,2,9,2,1,1,240110,624705,97,1,1,7,937,4,743,6,30,0,4,6,0,0,5,1,2,2,0,0,2,1,1,3,2,12,3,3,4,2,0,0,0,0,1,5
3,1,9,0,18,0,0,5,0,0,0,0,1,6,1,51,8,1598,1,8,1,1,1,386978,118792,55,1,1,5,642,3,350,6,60,0,4,6,0,0,0,1,3,4,0,0,2,1,1,1,1,51,8,3,0,0,0,0,0,9,1,4
3,1,9,0,18,0,8,0,0,1,0,1,1,6,2,54,8,1995,1,5,1,2,2,521038,165269,45,2,2,4,38,6,2020,6,30,6,4,6,0,0,0,7,1,1,0,0,1,2,1,1,2,54,8,3,0,0,0,0,0,9,1,5
3,2,9,0,17,0,0,0,0,0,0,1,1,6,1,40,7,1956,2,8,1,3,2,370560,406410,6,2,3,4,100,5,0,6,60,0,4,6,0,0,0,1,2,2,0,0,1,1,3,2,1,24,5,3,0,0,1,0,0,9,1,2
2,1,9,0,9,0,8,0,0,0,0,4,1,6,3,38,7,1598,1,8,1,1,1,495916,266236,34,1,1,1,382,5,143,6,30,3,4,3,5028,0,0,4,1,1,0,0,1,1,1,3,1,21,5,2,5,1,0,0,0,0,1,9
3,2,1,0,18,0,8,0,0,0,0,1,1,6,1,23,5,1598,1,8,1,1,2,336290,396571,5,2,1,7,91,6,0,6,30,3,4,3,59,0,0,1,1,1,0,0,1,2,1,1,1,23,5,3,0,0,0,0,0,1,1,1
3,2,3,0,3,0,1,0,0,0,0,1,1,6,1,29,6,125,1,5,1,1,3,428940,429856,13,3,1,4,204,3,653,6,30,3,2,6,0,0,5,1,1,1,0,0,1,1,1,1,1,29,6,3,0,0,0,0,0,3,1,1
3,1,9,0,18,0,8,0,0,0,0,1,1,6,2,43,7,1686,2,2,3,2,2,420990,457925,12,2,2,5,182,5,242,6,60,6,4,5,252,0,0,1,1,1,0,0,2,1,1,1,2,43,7,3,0,0,0,0,0,9,3,8
2,1,9,0,18,0,8,0,0,0,0,1,1,6,2,83,11,998,1,16,2,2,4,556470,172230,46,4,2,6,532,3,2,3,70,5,4,6,0,0,0,4,1,1,0,0,2,1,1,1,2,83,11,2,0,0,0,0,0,9,2,9
3,1,3,0,18,0,3,0,0,0,0,1,1,6,1,49,8,124,1,4,1,2,2,558069,181235,42,2,2,7,462,6,0,6,30,2,4,6,0,0,1,1,1,1,0,0,1,1,2,1,1,49,8,3,0,0,0,0,0,3,1,5
3,1,9,0,18,0,0,5,0,7,3,1,1,6,1,21,5,1149,1,13,1,2,2,356369,367804,7,2,2,6,130,3,54,6,60,0,4,6,0,0,0,6,1,2,0,0,2,1,1,1,1,21,5,3,0,0,0,0,0,9,1,3
2,2,9,0,18,0,0,0,0,0,0,1,1,6,2,64,9,1598,1,8,3,1,2,321730,179076,62,2,1,5,741,4,4239,6,30,0,4,6,0,0,0,1,1,1,0,0,1,1,1,1,1,33,6,3,0,0,0,0,0,9,1,5
3,2,9,0,18,0,1,0,0,0,0,4,1,6,3,38,7,1598,1,8,1,1,2,509136,160761,45,2,1,7,510,3,245,6,30,6,4,4,365,0,0,7,1,1,0,0,1,2,1,1,1,33,6,3,0,0,0,0,0,9,1,5
3,2,9,0,7,0,6,0,0,0,0,3,1,6,2,43,7,1590,1,14,1,2,2,460985,306857,33,2,2,7,364,6,922,6,30,3,4,6,929,0,5,1,1,1,0,0,1,1,2,1,2,43,7,3,0,0,0,0,0,9,1,4
3,2,9,0,18,0,0,0,0,0,0,3,1,3,2,41,7,1968,2,3,1,3,2,262926,668538,97,2,3,2,926,6,0,3,30,0,4,6,0,0,0,1,1,1,0,0,1,1,2,2,1,12,3,3,0,0,1,0,0,9,1,5
3,3,9,0,3,0,1,0,0,0,0,1,1,6,1,64,9,1461,2,7,1,1,3,502177,369972,32,3,1,2,353,5,110,6,40,6,4,5,110,0,0,1,1,1,0,0,2,1,1,1,1,33,6,3,0,0,0,0,0,9,1,5
2,1,9,0,7,0,8,0,0,0,0,4,1,6,1,35,6,1242,1,10,1,1,2,531710,178470,1,2,1,2,8,3,3,6,30,8,4,6,0,0,0,1,1,1,0,0,1,1,1,1,1,33,6,3,0,0,0,0,0,9,1,5
3,1,9,0,9,0,4,1,0,0,0,0,1,2,1,34,6,1598,1,2,1,1,2,504186,426504,16,2,1,4,231,6,0,1,30,2,4,6,0,0,1,1,1,1,0,0,1,1,1,1,1,33,6,3,0,0,0,0,0,9,1,5
3,1,9,0,18,0,0,1,0,2,0,1,1,6,1,37,7,2143,2,1,1,2,1,436167,431152,13,1,2,6,204,1,1,3,70,0,4,6,0,0,0,6,2,2,0,0,2,1,2,2,2,55,8,3,0,0,1,0,0,9,1,8
2,1,9,0,18,0,0,0,0,0,0,3,1,6,1,86,11,1397,1,14,1,1,1,447574,274519,23,1,1,3,292,6,0,6,30,0,4,6,0,0,0,1,1,1,0,0,1,1,1,3,1,86,11,2,10,9,0,0,0,0,1,5
2,1,5,0,18,0,0,1,0,0,0,4,1,6,1,25,5,998,1,8,1,1,1,354596,387714,7,1,1,2,128,3,5080,6,50,0,4,6,0,0,0,1,1,1,0,0,2,1,1,1,1,25,5,2,0,0,0,0,0,5,1,7
3,1,9,0,9,0,6,0,0,0,0,4,1,6,2,24,5,1997,1,10,1,1,1,516931,208154,41,1,1,1,434,5,143,6,30,6,2,5,62,0,5,4,2,2,0,0,1,2,1,3,1,13,3,3,4,1,0,0,0,0,1,5
3,1,9,0,7,0,1,0,0,0,0,1,1,6,1,38,7,1598,1,8,1,1,2,401160,280630,20,2,1,5,300,6,0,6,30,6,4,6,0,0,0,1,2,2,0,0,1,1,1,1,1,33,6,3,0,0,0,0,0,9,1,5
3,1,1,0,16,0,0,1,0,7,0,0,1,6,1,51,8,1598,1,8,3,1,1,333100,502540,3,1,1,4,65,3,593,6,60,0,4,6,0,0,0,1,1,1,0,0,2,2,1,1,1,51,8,3,0,0,0,0,0,1,3,7
3,1,9,0,18,0,2,0,0,0,0,1,1,6,2,48,8,1753,2,8,3,1,1,179132,33179,50,1,1,4,596,6,0,6,30,3,2,6,0,0,4,1,1,1,0,0,1,1,1,3,1,15,3,3,1,1,0,0,0,0,1,3
2,1,9,0,9,0,8,0,0,0,0,1,1,6,1,46,8,1796,1,3,1,1,1,562143,102611,47,1,1,4,551,6,0,6,30,3,4,6,0,0,0,1,1,1,0,0,1,1,1,3,2,90,11,2,5,9,0,0,0,0,1,4
3,1,9,0,18,0,0,0,0,0,0,1,1,6,1,38,7,1390,1,12,1,1,2,368784,353610,7,2,1,3,129,6,0,6,30,0,4,6,0,0,0,1,9,1,0,0,1,2,1,1,1,33,6,3,0,0,0,0,0,9,1,5
3,1,9,0,18,0,0,1,0,0,0,1,1,6,1,18,4,1596,1,12,1,4,2,433517,455610,12,2,4,2,182,5,47,6,30,0,4,6,0,0,0,4,1,1,0,0,1,1,4,2,1,18,4,3,0,0,2,0,0,9,1,6
3,1,1,0,18,0,0,0,0,0,0,1,1,6,3,38,7,1598,1,8,1,1,1,464786,102709,44,1,1,6,498,6,0,6,30,0,4,6,0,0,0,7,1,1,0,0,1,2,1,3,2,24,5,3,5,1,0,0,0,0,1,4
2,3,9,0,9,0,5,0,0,0,0,2,1,6,2,29,6,1398,1,4,1,2,3,501594,460981,16,3,2,1,231,4,1249,6,60,3,4,6,0,0,0,1,1,1,0,0,2,1,1,1,1,33,6,3,0,0,0,0,0,9,1,5
3,1,9,0,18,0,8,0,0,0,0,1,1,6,1,23,5,1398,1,2,2,2,2,441243,415295,13,2,2,4,206,6,0,6,30,3,4,6,0,0,0,1,1,1,0,0,2,1,1,1,1,23,5,3,0,0,0,0,0,9,2,1
2,2,11,0,18,0,0,0,0,0,0,1,1,1,1,57,9,5883,2,11,1,12,2,345070,389562,5,2,12,4,90,3,5080,6,40,0,4,6,0,0,0,1,1,1,0,0,1,1,4,2,1,76,11,3,0,0,0,4,0,11,1,2
2,1,9,0,9,0,8,0,0,0,0,1,1,6,1,52,8,1998,2,9,1,3,2,596740,146920,46,2,3,6,530,3,20,6,60,8,4,6,0,0,0,6,1,1,0,0,2,1,3,2,2,37,7,3,0,0,1,0,0,9,1,5
3,2,9,0,18,0,0,0,0,0,0,2,1,2,1,32,6,1598,1,8,1,4,4,332159,371451,60,4,4,4,724,6,0,6,30,0,4,6,0,0,0,1,1,1,0,0,1,1,1,2,1,34,6,3,0,0,1,0,0,9,1,5
3,2,9,0,18,0,8,0,0,0,0,1,1,6,1,78,11,1343,1,15,3,1,2,442370,350570,30,2,1,7,320,5,326,6,40,3,4,6,0,0,0,1,1,1,0,0,2,1,1,2,2,77,11,3,0,0,1,0,0,9,3,7
3,1,9,0,9,0,6,0,0,0,0,3,1,3,2,55,8,1991,2,9,3,5,2,621491,253798,37,2,5,4,415,4,1079,6,60,3,4,4,1078,0,0,1,1,1,0,0,2,1,1,1,2,55,8,3,0,0,0,0,0,9,3,7
3,3,9,0,18,0,0,1,4,0,0,1,1,6,2,43,7,1396,2,4,1,1,3,525984,146645,45,3,1,4,513,3,217,6,50,0,4,6,0,0,0,1,8,4,0,0,2,1,1,1,1,33,6,3,0,0,0,0,0,9,1,5
3,1,9,0,17,0,0,2,0,2,4,3,1,6,1,33,6,1988,1,13,2,1,2,385280,280950,22,2,1,4,278,5,449,6,60,0,4,6,0,0,0,6,1,2,0,0,2,1,1,2,1,54,8,3,0,0,1,0,0,9,1,2
3,1,9,0,17,0,0,1,0,1,4,3,1,1,1,21,5,1364,1,9,1,2,1,516759,195170,41,1,2,2,33,3,411,6,60,0,4,6,0,0,0,1,1,2,0,0,2,1,2,1,1,21,5,3,0,0,0,0,0,9,1,8
3,2,9,0,8,0,4,0,0,0,0,2,1,5,1,22,5,1386,1,2,1,2,2,386656,342820,21,2,2,2,257,3,34,1,30,1,4,3,500,0,0,1,1,1,0,0,1,2,2,2,2,33,6,3,0,0,1,0,0,9,1,8
3,2,9,0,5,0,8,0,0,0,0,3,1,2,2,27,6,1560,2,4,1,1,2,515651,209127,41,2,1,3,434,6,519,6,30,3,4,6,269,0,0,1,1,1,0,0,1,1,1,1,2,27,6,3,0,0,0,0,0,9,1,9
3,1,9,0,15,0,1,0,0,0,0,3,2,6,1,50,8,1896,2,10,3,1,2,546016,131981,47,2,1,6,556,6,0,6,40,8,4,6,0,0,0,1,1,1,0,0,2,2,1,1,1,33,6,3,0,0,0,0,0,9,1,5
3,1,9,0,5,0,1,0,0,0,0,1,1,6,2,50,8,1995,2,8,1,1,1,521810,190120,1,1,1,2,30,5,0,6,30,3,4,6,0,0,0,4,2,2,0,0,1,1,1,3,1,62,9,3,5,1,0,0,2,0,1,2
3,1,9,0,3,0,1,0,0,0,0,2,1,6,2,39,7,1797,8,2,1,1,2,531100,185280,1,2,1,5,3,3,1,6,30,3,4,6,0,0,0,1,2,2,0,0,1,1,1,1,2,39,7,3,0,0,0,0,0,9,1,8
3,2,9,0,18,0,0,0,0,0,0,1,1,1,1,32,6,1686,2,3,1,2,3,556635,364185,32,3,2,1,351,3,52,6,30,0,4,6,0,0,0,7,1,4,0,0,1,1,2,2,1,48,8,3,0,0,2,0,0,9,1,1
3,1,9,0,13,0,0,0,0,0,0,4,1,6,1,52,8,1995,2,3,1,1,2,522720,210270,41,2,1,3,438,3,1001,6,50,0,4,6,0,0,0,4,1,1,0,0,2,1,1,1,1,52,8,3,0,0,0,0,0,9,1,9
3,1,4,0,18,0,8,0,0,0,0,1,1,6,1,46,8,1598,1,8,1,1,3,537880,174280,1,3,1,6,7,3,21,6,30,3,4,6,0,0,0,1,1,1,0,0,1,2,1,1,1,46,8,3,0,0,0,0,0,4,1,2
3,1,9,0,18,0,0,0,0,0,0,2,1,3,1,41,7,1598,1,8,1,1,2,314977,198648,61,2,1,3,730,6,0,6,30,0,4,6,0,0,0,1,2,2,0,0,1,1,1,1,1,41,7,3,0,0,0,0,0,9,1,5
3,2,9,0,1,0,1,0,0,0,0,2,1,6,1,38,7,1368,1,2,1,1,2,533460,185940,1,2,1,6,4,6,0,6,30,3,4,6,0,0,0,1,1,1,0,0,1,2,1,1,1,33,6,3,0,0,0,0,0,9,1,5
3,2,9,0,18,0,0,0,11,0,0,1,1,6,1,56,9,2993,2,9,3,2,2,313142,696395,93,2,2,3,934,1,90,3,70,0,4,6,0,0,0,1,1,1,0,2,2,1,1,1,1,56,9,3,0,0,0,0,0,9,1,5
3,1,9,0,13,0,8,0,0,0,0,4,1,6,1,30,6,1968,1,10,1,1,3,377980,402490,6,3,1,1,107,4,5231,3,30,9,4,6,0,0,0,1,1,1,0,0,1,1,1,1,1,33,6,3,0,0,0,0,0,9,1,5
3,1,3,0,14,0,0,0,0,0,0,1,1,2,1,20,4,125,1,8,3,2,1,382540,410470,6,1,2,3,106,5,0,6,30,0,4,6,0,0,0,1,1,2,0,0,1,1,2,1,1,20,4,3,0,0,0,0,0,3,3,3
3,1,9,0,18,0,0,0,0,0,0,1,1,6,1,31,6,1590,1,17,1,2,2,435740,336320,30,2,2,7,323,3,601,3,40,0,4,6,0,0,0,1,4,1,0,0,2,1,1,1,1,33,6,3,0,0,0,0,0,9,1,5
3,1,9,0,18,0,0,0,0,0,0,1,1,1,1,35,6,1997,2,6,1,2,2,502304,141511,45,2,2,6,517,3,281,6,50,0,4,6,0,0,0,1,1,1,0,0,2,1,3,1,1,35,6,3,0,0,0,0,0,9,1,8
3,1,9,0,18,0,8,0,0,0,0,1,1,6,1,32,6,1598,1,8,1,2,1,528810,174270,1,1,2,4,9,3,24,6,30,3,2,4,237,0,5,1,1,1,0,0,1,1,2,3,2,2,1,3,4,1,0,0,2,0,1,5
3,1,9,0,15,0,8,0,0,0,0,1,1,6,1,24,5,2498,2,18,1,1,2,407780,285000,20,2,1,3,300,3,435,1,40,1,4,3,4540,0,0,1,1,1,0,0,1,2,1,1,1,33,6,3,0,0,0,0,0,9,1,5
2,2,1,0,10,0,8,0,0,0,0,1,1,6,1,20,4,1598,1,8,1,1,2,543900,259390,35,2,1,1,390,6,0,6,30,8,4,6,0,0,0,1,1,2,0,0,1,1,1,1,1,20,4,2,0,0,0,0,0,1,1,8
3,2,9,0,9,0,8,0,0,0,0,3,1,6,1,51,8,1560,2,1,1,1,2,369260,422030,4,2,1,2,70,3,666,6,30,3,2,6,0,0,0,4,1,2,0,0,1,1,1,1,1,51,8,3,0,0,0,0,0,9,1,7
3,1,9,0,9,0,8,0,0,0,0,4,1,6,2,43,7,1968,2,4,3,1,2,455117,81573,44,2,1,4,505,3,3020,6,40,2,4,4,3327,0,0,4,1,1,0,0,2,1,1,1,2,43,7,3,0,0,0,0,0,9,3,3
3,2,9,0,2,0,0,0,10,2,10,1,1,6,3,38,7,1995,2,6,1,1,2,459733,300559,33,2,1,2,364,6,180,6,30,0,4,6,0,0,0,4,1,1,0,0,1,1,1,1,1,33,6,3,0,0,0,0,0,9,1,5
3,1,9,0,18,0,2,0,0,0,0,4,1,6,1,51,8,2985,2,9,1,1,1,533755,125221,47,1,1,4,563,6,0,6,30,3,4,6,0,0,0,1,1,1,0,0,1,2,1,3,2,44,7,3,6,8,0,0,0,0,1,10
3,2,90,0,18,0,8,0,0,0,0,4,1,2,1,39,7,1598,1,8,1,1,2,354660,425070,4,2,1,6,83,6,0,6,30,9,4,6,0,0,0,1,1,1,0,0,1,1,1,1,1,33,6,3,0,0,0,0,0,9,1,5
3,1,1,0,18,0,0,0,0,0,0,3,1,6,1,18,4,1598,1,8,1,1,2,472178,172269,43,2,1,6,472,6,7201,6,30,0,4,6,0,0,0,4,1,1,0,0,1,2,1,1,1,33,6,3,0,0,0,0,0,9,1,5
3,1,9,0,4,0,1,0,0,0,0,1,1,2,2,22,5,1360,1,6,1,1,1,275163,665276,97,1,1,5,932,6,0,6,30,6,4,6,0,0,0,1,1,1,0,0,1,1,1,3,2,14,3,3,5,1,0,0,0,0,1,5
3,1,9,0,9,0,6,0,0,1,0,1,1,6,1,86,11,1339,1,6,2,2,2,351580,560640,3,2,2,5,62,3,689,6,60,3,4,6,0,0,0,1,1,1,0,0,2,1,1,1,1,86,11,3,0,0,0,0,0,9,2,4
3,2,4,0,18,0,8,1,0,0,0,1,1,6,1,31,6,499,1,7,1,1,2,527020,189870,1,2,1,5,30,3,1000,6,30,6,4,6,0,0,0,1,2,2,0,0,1,1,1,1,1,31,6,3,0,0,0,0,0,4,1,8
3,1,9,0,18,0,0,0,0,0,0,1,1,6,2,83,11,1149,1,8,1,1,1,363372,175884,52,1,1,7,601,3,432,6,20,0,4,6,0,0,4,1,1,1,0,0,1,1,1,3,2,86,11,3,1,9,0,0,0,0,1,4
3,2,9,0,18,0,1,0,0,0,0,0,1,6,3,30,6,1598,1,8,1,1,2,528521,139521,47,2,1,1,560,6,0,6,30,3,4,6,0,0,0,1,1,1,0,0,1,1,1,1,1,33,6,3,0,0,0,0,0,9,1,5
3,3,9,0,18,0,1,0,0,0,0,0,1,6,3,38,7,1598,1,8,1,1,3,513429,168394,45,3,1,1,510,4,369,6,30,9,4,6,0,0,0,1,8,2,0,0,1,1,1,1,1,33,6,3,0,0,0,0,0,9,1,5
3,2,9,0,18,0,8,0,0,0,0,3,1,6,2,25,5,1124,1,15,1,2,2,435280,335100,30,2,2,6,323,5,81,6,30,6,4,6,0,0,0,1,2,2,0,0,1,2,2,2,1,20,4,3,0,0,1,0,0,9,1,1
3,1,9,0,13,0,0,0,0,0,0,0,1,6,3,30,6,1598,1,8,1,1,2,214757,682855,97,2,1,2,913,3,815,6,60,0,4,6,0,0,0,1,2,2,0,0,2,2,1,1,1,33,6,3,0,0,0,0,0,9,1,5
1,4,9,0,2,0,1,0,0,0,0,0,1,6,3,38,7,1598,1,8,1,3,4,202510,202770,63,4,3,5,752,3,477,6,60,8,4,6,0,0,0,1,1,1,0,0,2,1,1,1,1,33,6,3,0,0,0,0,0,9,1,5
3,2,9,0,3,0,0,0,0,0,0,2,1,1,1,51,8,1461,2,9,1,4,2,306405,669849,95,2,4,3,940,6,0,6,30,0,4,6,0,0,0,5,1,2,0,0,1,1,3,2,1,20,4,3,0,0,2,0,0,9,1,5
2,1,9,0,18,0,1,0,0,0,0,4,1,1,2,53,8,1248,2,7,1,1,1,639380,167410,46,1,1,2,541,3,255,6,30,3,4,6,0,0,0,1,1,1,0,0,1,1,1,3,1,4,1,2,5,2,0,0,0,0,1,9
3,1,9,0,5,0,1,0,0,0,0,1,1,6,1,42,7,1362,1,3,1,1,2,533640,181950,1,2,1,1,5,6,0,6,30,3,4,3,1202,0,0,1,1,1,0,0,1,1,1,1,1,33,6,3,0,0,0,0,0,9,1,5
3,2,9,0,5,0,1,0,0,0,0,2,1,6,1,56,9,1560,2,1,3,1,2,500604,373032,32,2,1,2,356,5,258,6,30,3,4,6,0,0,0,1,9,1,0,0,2,2,1,1,1,56,9,3,0,0,0,0,0,9,3,8
3,1,9,0,4,0,0,0,0,0,0,2,1,6,2,38,7,1388,1,6,1,3,2,539160,182290,1,2,3,5,17,3,1011,6,30,0,4,6,0,0,0,1,1,1,0,0,1,1,1,1,2,38,7,3,0,0,0,0,0,9,1,2
3,1,9,0,18,0,3,1,0,1,7,1,1,6,1,30,6,1596,1,10,1,1,1,244812,664165,97,1,1,5,935,3,761,1,30,1,4,3,761,0,0,1,2,2,0,0,1,1,1,2,1,25,5,3,0,0,1,0,0,9,1,5
3,1,9,0,18,0,0,0,0,0,0,2,1,2,1,58,9,1560,2,1,1,2,3,444215,389308,14,3,2,3,213,1,1,3,70,0,4,6,0,0,0,1,1,1,0,0,2,1,1,1,1,58,9,3,0,0,0,0,0,9,1,5