accident_severity,vehicle_reference,vehicle_type,towing_and_articulation,vehicle_manoeuvre,vehicle_location-restricted_lane,junction_location,skidding_and_overturning,hit_object_in_carriageway,vehicle_leaving_carriageway,hit_object_off_carriageway,1st_point_of_impact,was_vehicle_left_hand_drive?,journey_purpose_of_driver,sex_of_driver,age_of_driver,age_band_of_driver,engine_capacity_(cc),propulsion_code,age_of_vehicle,driver_home_area_type,NUmber_of_Casualities_unique_to_accident_index,No_of_Vehicles_involved_unique_to_accident_index,location_easting_osgr,location_northing_osgr,police_force,number_of_vehicles,number_of_casualties,day_of_week,local_authority_(district),1st_road_class,1st_road_number,road_type,speed_limit,junction_detail,junction_control,2nd_road_class,2nd_road_number,pedestrian_crossing-human_control,pedestrian_crossing-physical_facilities,light_conditions,weather_conditions,road_surface_conditions,special_conditions_at_site,carriageway_hazards,urban_or_rural_area,did_police_officer_attend_scene_of_accident,casualty_reference,casualty_class,sex_of_casualty,age_of_casualty,age_band_of_casualty,casualty_severity,pedestrian_location,pedestrian_movement,car_passenger,bus_or_coach_passenger,pedestrian_road_maintenance_worker,casualty_type,casualty_home_area_type,casualty_imd_decile
3,2,8,0,13,0,0,0,0,0,0,4,1,6,1,46,8,2362,1,9,1,1,2,368230,429380,4,2,1,4,70,6,0,6,30,0,4,6,0,0,0,1,1,2,0,0,1,1,1,1,1,33,6,3,0,0,0,0,0,9,1,5
3,1,9,0,1,0,6,0,0,0,0,2,1,6,2,38,7,1240,1,7,3,1,2,536370,253390,35,2,1,1,395,6,0,9,30,8,4,6,0,0,0,1,9,1,0,0,2,2,1,1,1,33,6,3,0,0,0,0,0,9,1,5
3,2,5,0,18,0,8,1,0,0,0,1,1,1,1,33,6,599,1,7,1,2,2,385720,385640,6,2,2,3,109,4,5358,6,30,3,4,6,0,0,8,1,2,2,0,0,1,1,2,1,1,33,6,3,0,0,0,0,0,5,1,5
3,2,19,0,18,0,4,0,0,0,0,1,1,1,1,29,6,1968,2,3,1,1,2,490112,412190,16,2,1,3,232,3,1029,1,30,2,4,6,0,0,0,1,1,1,0,0,2,1,1,1,1,29,6,3,0,0,0,0,0,19,1,5
3,3,9,0,5,0,0,0,0,0,0,3,1,6,2,51,8,1598,1,8,1,1,5,249471,54084,50,5,1,3,583,6,0,2,30,0,4,6,0,0,0,4,1,1,0,0,1,1,1,1,2,51,8,3,0,0,0,0,0,9,1,1
2,1,9,0,16,0,1,0,0,0,0,1,1,6,1,25,5,2143,2,8,1,6,2,408710,289840,20,2,6,4,300,4,4137,6,30,3,4,6,0,0,0,1,2,2,0,0,1,1,2,2,2,21,5,2,0,0,2,0,0,9,1,1
3,2,9,0,9,0,1,0,0,0,0,0,1,6,2,38,7,1984,2,3,1,1,2,411985,415687,13,2,1,2,203,3,62,6,30,3,3,6,0,0,0,1,1,2,0,0,1,2,1,1,2,38,7,3,0,0,0,0,0,9,1,2
2,2,19,0,2,0,2,0,0,0,0,4,1,1,1,53,8,1598,1,8,1,2,3,481476,350553,31,3,2,6,345,6,0,6,60,3,4,6,0,0,0,1,1,4,0,3,2,1,1,1,1,33,6,3,0,0,0,0,0,9,1,5
2,1,9,0,9,0,5,0,0,0,0,1,1,6,3,38,7,1598,1,8,1,1,1,618166,214919,42,1,1,3,461,6,0,6,30,3,4,6,0,0,0,4,1,1,0,0,1,1,1,3,1,27,6,2,5,3,0,0,0,0,1,5
2,1,9,0,17,0,0,2,0,1,0,1,1,6,1,21,5,1587,1,12,3,4,1,388212,92483,55,1,4,1,644,5,7,6,60,0,4,6,0,0,0,6,1,1,0,0,2,1,2,2,1,21,5,2,0,0,1,0,0,9,1,7
3,3,9,0,10,0,8,0,0,0,0,2,1,6,2,25,5,1598,1,8,3,4,3,563696,311083,36,3,4,4,407,3,10,6,40,6,4,5,54,0,0,1,1,1,0,0,2,1,1,1,2,25,5,3,0,0,0,0,0,9,3,5
3,2,9,0,18,0,1,0,0,0,0,1,1,6,1,18,4,1596,1,10,2,2,2,509255,428822,16,2,2,1,228,3,1079,3,30,8,2,6,0,0,5,1,1,1,0,0,1,2,1,1,1,33,6,3,0,0,0,0,0,9,1,5
3,1,9,0,9,0,8,0,0,0,0,1,1,6,2,36,7,1896,2,9,1,1,2,525370,195880,1,2,1,5,30,3,1000,3,30,3,2,6,0,0,5,1,1,1,0,0,1,1,1,1,1,33,6,3,0,0,0,0,0,9,1,5
3,1,97,0,3,0,0,0,0,0,0,3,1,6,1,50,8,125,1,5,1,1,2,248474,54759,50,2,1,4,583,6,0,6,30,0,4,6,0,0,0,4,1,1,0,0,1,1,1,1,1,50,8,3,0,0,0,0,0,97,1,5
3,1,9,0,4,0,0,0,0,0,0,1,1,6,3,38,7,998,1,3,1,1,2,300480,528550,3,2,1,4,60,3,596,6,30,0,4,6,0,0,5,4,2,2,0,0,1,2,1,1,1,33,6,3,0,0,0,0,0,9,1,5
3,1,9,0,4,0,8,1,0,0,0,2,1,6,1,24,5,1198,1,8,1,1,3,506030,185550,1,3,1,6,26,6,0,7,70,5,4,3,40,0,0,4,2,2,0,0,1,1,1,1,1,33,6,3,0,0,0,0,0,9,1,5
3,2,9,0,4,0,1,0,0,0,0,2,1,6,2,46,8,1598,1,8,1,1,2,296216,205102,62,2,1,1,744,3,465,3,60,1,4,3,4059,0,0,4,1,2,0,0,2,1,2,1,2,46,8,3,0,0,0,0,0,9,1,5
3,1,9,0,9,0,1,0,0,0,0,1,1,6,1,28,6,1595,1,16,1,2,2,362936,173730,52,2,2,3,601,3,420,6,30,3,4,6,0,0,0,1,1,1,0,0,1,1,1,1,1,28,6,3,0,0,0,0,0,9,1,2
3,3,9,0,2,0,0,0,0,0,0,2,1,6,2,35,6,1248,2,1,1,1,3,354266,116392,52,3,1,1,610,6,0,6,30,0,4,6,0,0,0,4,1,1,0,0,1,1,1,1,1,33,6,3,0,0,0,0,0,9,1,5
3,1,9,0,14,0,0,0,0,0,0,4,1,2,2,34,6,1242,1,15,1,1,1,401120,282800,20,1,1,6,300,6,0,6,30,0,4,6,0,0,0,4,2,2,0,0,1,1,1,3,1,19,4,3,5,2,0,0,0,0,1,1
3,2,1,0,18,0,0,0,0,0,0,1,1,6,2,35,6,1598,1,8,1,1,2,530460,184770,1,2,1,1,3,6,0,6,30,0,4,6,0,0,0,1,1,1,0,0,1,2,1,1,2,35,6,3,0,0,0,0,0,1,1,3
3,1,9,0,18,0,2,0,0,0,0,3,1,6,1,27,6,1598,1,8,1,7,2,224990,213290,63,2,7,2,751,6,0,6,40,3,4,6,0,0,0,1,1,1,0,0,2,1,2,2,2,28,6,3,0,0,1,0,0,9,1,5
3,1,9,0,3,0,0,0,0,0,0,2,1,6,2,44,7,1598,1,2,3,1,2,363749,178523,52,2,1,3,612,3,4174,3,50,0,4,6,0,0,0,1,1,1,4,0,1,2,1,1,2,44,7,3,0,0,0,0,0,9,3,6
2,2,1,0,18,0,0,0,0,1,4,4,1,6,2,20,4,1598,1,8,1,1,2,446692,119115,44,2,1,4,491,4,3037,6,30,0,4,6,0,0,0,7,1,1,0,0,1,1,1,1,2,20,4,2,0,0,0,0,0,1,1,4
3,1,9,0,18,0,0,1,0,5,6,3,1,6,1,21,5,1339,1,7,1,1,1,312771,677315,95,1,1,2,923,3,90,3,70,0,4,6,0,0,0,4,1,1,0,0,2,1,1,1,1,21,5,3,0,0,0,0,0,9,1,5
3,2,3,0,18,0,1,0,0,0,0,1,1,2,1,31,6,124,1,6,1,1,2,600924,225332,42,2,1,2,455,3,137,6,30,3,4,6,0,0,0,4,7,1,0,0,1,2,1,1,1,31,6,3,0,0,0,0,0,3,1,7
3,3,9,0,3,0,0,0,0,0,0,2,1,6,2,36,7,1200,1,1,1,3,3,341272,398970,5,3,3,6,90,3,506,6,30,0,4,6,0,0,5,1,1,1,0,0,1,1,2,1,2,36,7,3,0,0,0,0,0,9,1,2
3,2,9,0,18,0,0,0,0,0,0,3,1,6,2,38,7,1388,1,11,1,1,2,525817,152589,45,2,1,5,513,1,25,3,70,0,4,6,0,0,0,1,1,1,0,0,2,2,1,1,2,33,6,3,0,0,0,0,0,9,1,8
3,2,5,0,18,0,1,0,0,0,0,1,1,6,1,52,8,1598,1,8,1,4,2,533170,188400,1,2,4,7,31,4,152,6,30,3,4,6,0,0,0,1,1,1,0,0,1,1,1,1,1,52,8,3,0,0,0,0,0,5,1,8
3,2,1,0,18,5,1,0,0,0,0,4,1,2,1,35,6,1598,1,8,1,1,2,546450,255840,35,2,1,4,390,3,1307,6,30,8,4,6,0,0,4,1,1,1,0,0,1,1,1,1,1,35,6,3,0,0,0,0,0,1,1,5
3,1,9,0,18,0,0,0,0,0,0,1,1,6,1,35,6,1598,1,8,1,6,2,300063,203176,62,2,6,7,744,3,4059,6,60,0,4,6,0,0,0,1,1,1,0,0,1,1,6,2,2,0,1,3,0,0,2,0,0,9,1,5
3,2,9,0,9,0,8,0,0,0,0,1,1,6,1,45,7,1716,2,13,3,3,2,271039,844344,91,2,3,1,927,4,9006,6,40,3,4,6,0,0,0,1,1,1,0,0,1,1,3,2,2,43,7,3,0,0,1,0,0,9,3,5
3,1,11,0,2,0,2,0,0,0,0,4,1,1,1,62,9,7300,2,13,1,1,1,504609,432774,16,1,1,3,231,6,0,6,30,3,4,6,0,0,0,1,1,1,0,0,1,2,1,2,2,80,11,3,0,0,0,1,0,11,1,5
3,1,9,0,18,0,0,0,0,1,0,3,1,6,1,74,10,1560,2,1,3,4,2,461550,482667,12,2,4,5,185,3,170,6,60,0,4,6,0,0,0,1,1,1,0,0,2,1,3,2,2,77,11,3,0,0,1,0,0,9,2,7
3,2,9,0,18,0,0,0,0,0,0,1,1,6,1,59,9,1598,1,8,3,1,2,332091,138523,52,2,1,1,607,1,5,3,70,0,4,6,0,0,0,6,1,2,0,0,2,1,1,1,1,33,6,3,0,0,0,0,0,9,1,5
3,2,9,0,18,0,6,0,0,0,0,1,1,6,1,45,7,1598,1,8,1,1,2,433756,391652,14,2,1,2,215,3,61,3,40,3,4,6,0,0,0,1,9,1,0,0,1,2,1,1,1,33,6,3,0,0,0,0,0,9,1,5
3,1,9,0,9,0,5,0,0,0,0,1,1,1,1,53,8,1587,1,14,1,1,2,573960,158750,46,2,1,2,536,5,349,6,30,8,4,6,0,0,0,1,1,1,0,0,1,1,1,1,1,33,6,3,0,0,0,0,0,9,1,5
3,1,3,0,18,0,0,0,0,0,0,0,1,6,1,25,5,108,1,4,1,1,2,531360,177910,1,2,1,4,9,3,3,6,30,0,4,6,0,0,0,1,1,1,0,0,1,1,1,1,1,25,5,3,0,0,0,0,0,3,1,4
3,1,1,0,18,0,1,0,0,0,0,1,1,6,3,38,7,1598,1,8,1,1,1,593145,184954,42,1,1,2,460,6,0,6,30,3,4,6,0,0,1,1,1,1,0,0,1,2,1,3,1,15,3,3,1,1,0,0,0,0,1,5
3,1,9,0,14,0,0,0,0,0,0,4,1,6,2,20,4,1598,1,8,2,2,2,262362,196768,62,2,2,1,745,4,4620,6,30,0,4,6,0,0,0,1,1,1,0,0,1,1,1,1,2,20,4,3,0,0,0,0,0,9,2,5
3,4,9,0,16,0,0,0,0,0,0,2,1,2,2,27,6,1598,1,8,1,3,4,615650,241428,37,4,3,4,410,3,137,6,60,0,4,6,0,0,0,6,1,1,0,0,2,1,1,1,1,33,6,3,0,0,0,0,0,9,1,5
3,1,9,0,16,0,0,0,0,1,9,3,1,6,1,18,4,1596,1,11,3,1,1,453375,301556,33,1,1,5,360,6,3501,6,60,0,4,6,0,0,0,6,3,3,0,0,2,1,1,1,1,18,4,3,0,0,0,0,0,9,3,8
2,2,9,0,4,0,0,0,0,0,0,2,1,6,1,61,9,1598,1,8,1,5,6,582973,214946,42,6,5,3,451,3,12,3,70,0,4,6,0,0,0,6,1,1,0,0,1,1,3,2,2,56,9,3,0,0,1,0,0,9,1,2
3,2,9,0,5,0,4,0,0,0,0,2,1,6,2,31,6,1587,1,9,1,3,2,333683,401367,5,2,3,5,93,3,5758,1,30,1,4,3,565,0,0,4,1,1,0,0,2,1,1,1,2,31,6,3,0,0,0,0,0,9,1,2
3,1,9,0,18,0,8,5,10,2,7,3,1,6,2,45,7,2979,1,10,1,2,2,206456,560698,98,2,2,2,917,4,737,1,30,2,4,6,0,0,0,1,1,1,0,0,1,1,2,2,2,76,11,3,0,0,1,0,0,9,1,5
3,1,9,0,18,0,0,0,0,0,0,4,1,6,1,20,4,1995,2,8,1,1,1,435258,385864,14,1,1,5,215,3,621,6,30,0,4,6,0,0,0,4,1,1,0,0,1,2,1,3,1,20,4,3,5,1,0,0,0,0,1,3
3,1,9,0,5,0,8,1,0,0,0,4,1,6,1,17,4,1197,1,2,1,3,2,339180,387929,5,2,3,5,91,6,0,6,30,6,4,3,5058,0,4,4,1,1,0,0,1,1,2,1,1,17,4,3,0,0,0,0,0,9,1,8
3,2,19,0,6,0,0,0,0,0,0,4,1,6,1,49,8,2198,2,1,1,1,2,351219,388527,7,2,1,4,124,4,5419,6,40,0,4,6,0,0,0,1,1,1,0,0,2,2,1,1,1,33,6,3,0,0,0,0,0,9,1,5
3,2,9,0,3,0,1,0,0,0,0,2,1,2,1,44,7,1598,1,8,1,1,2,385163,217988,53,2,1,2,623,3,38,3,40,3,2,6,4524,0,0,1,1,1,0,0,1,1,1,1,1,33,6,3,0,0,0,0,0,9,1,5
3,1,9,0,11,0,0,1,0,1,4,4,1,1,1,38,7,1834,1,16,1,1,2,600521,229236,42,2,1,4,455,3,12,3,70,0,4,6,0,0,0,1,1,1,0,0,2,1,1,1,1,38,7,3,0,0,0,0,0,9,1,5
3,2,9,0,4,0,0,0,0,0,0,2,1,6,1,41,7,1598,1,8,1,3,2,390011,325011,21,2,3,7,255,1,6,3,70,0,4,6,0,0,0,1,1,2,0,0,2,2,2,1,1,41,7,3,0,0,0,0,0,9,1,8
3,1,8,0,18,0,0,0,0,0,0,1,1,6,3,38,7,1598,1,8,1,1,2,376420,428620,4,2,1,2,75,6,0,9,30,0,4,6,0,0,0,1,1,1,0,0,1,1,1,1,1,33,6,3,0,0,0,0,0,9,1,5
3,2,8,0,5,0,2,0,0,0,0,1,1,6,1,70,10,2685,2,11,1,1,2,434240,337340,30,2,1,2,323,5,1,6,30,3,4,6,0,0,0,1,1,1,0,0,1,1,1,1,1,33,6,3,0,0,0,0,0,9,1,5
3,1,9,0,18,0,8,0,0,0,0,4,1,6,2,45,7,1199,1,13,1,1,2,359529,169978,52,2,1,7,601,6,0,6,30,6,4,6,0,0,0,4,1,1,0,0,1,1,1,2,2,16,4,3,0,0,1,0,0,9,1,1
3,1,5,0,5,0,8,0,0,0,0,2,1,2,1,41,7,599,1,8,1,1,2,534840,186160,1,2,1,5,4,3,107,1,30,1,4,5,0,0,4,4,4,2,0,0,1,1,1,1,1,41,7,3,0,0,0,0,0,5,1,2
3,1,9,0,9,0,8,0,0,0,0,3,1,6,2,23,5,1598,1,8,1,1,3,318212,177812,62,3,1,6,741,6,0,6,20,3,4,6,0,0,0,1,2,2,0,0,1,1,3,2,1,23,5,3,0,0,1,0,0,9,1,5
2,1,9,0,11,0,1,0,0,0,0,1,1,6,1,24,5,2480,1,4,1,3,4,581020,186989,42,4,3,7,453,3,13,3,30,3,4,6,0,0,0,4,1,1,0,0,1,1,2,3,2,10,2,3,5,1,0,0,0,0,1,4
3,2,9,0,13,0,0,0,0,1,10,3,1,6,2,55,8,1995,2,9,1,1,2,338101,115919,52,2,1,4,610,3,303,6,60,0,4,6,0,0,0,1,1,1,0,0,2,1,1,1,2,55,8,3,0,0,0,0,0,9,1,7
3,2,9,0,18,0,8,0,0,0,0,3,1,6,1,59,9,1149,1,3,1,1,2,616121,246110,37,2,1,1,412,3,1214,6,40,6,2,5,441,0,5,4,1,1,0,0,1,1,1,2,2,60,9,3,0,0,1,0,0,9,1,5
3,2,1,0,18,0,2,0,0,0,0,3,1,6,2,24,5,1598,1,8,1,1,2,540920,185060,1,2,1,2,17,3,118,6,30,6,2,4,167,0,5,1,1,1,0,0,1,2,1,1,2,24,5,3,0,0,0,0,0,1,1,4
2,2,3,0,9,0,8,0,0,0,0,1,1,6,1,31,6,124,1,9,1,1,2,544607,108050,47,2,1,4,554,3,27,3,60,1,4,3,26,0,0,7,2,2,0,0,2,2,1,1,1,31,6,2,0,0,0,0,0,3,1,6
3,3,9,0,18,0,8,0,0,0,0,1,1,6,1,21,5,1598,1,8,1,2,3,425646,266396,23,3,2,3,294,3,4177,6,40,8,4,6,0,0,0,1,1,1,0,0,2,1,2,2,2,19,4,3,0,0,1,0,0,9,3,8
3,1,98,0,18,0,8,0,0,0,0,1,1,6,1,40,7,2198,2,2,1,1,3,387775,349306,21,3,1,5,257,6,0,3,30,6,2,6,0,0,0,1,1,1,0,0,1,1,1,1,1,33,6,3,0,0,0,0,0,9,1,5
3,1,9,0,18,0,0,0,0,0,0,0,1,6,1,38,7,1796,1,5,2,1,1,430380,428424,13,1,1,5,204,6,0,1,30,0,4,6,0,0,8,1,1,1,0,0,1,2,1,3,2,10,2,3,7,3,0,0,0,0,1,1
3,1,11,0,18,2,8,0,0,0,0,1,1,1,2,43,7,7300,2,12,1,1,2,459733,402583,14,2,1,2,211,6,0,3,30,6,2,6,0,0,0,1,2,2,0,0,1,1,1,1,2,43,7,3,0,0,0,0,0,11,1,3
1,1,9,0,18,0,8,0,0,0,0,1,1,6,1,27,6,2993,2,8,1,1,1,260734,664704,97,1,1,6,926,3,89,6,30,6,2,6,0,0,5,4,1,1,0,0,1,1,1,3,1,78,11,1,1,3,0,0,0,0,1,5
3,1,5,0,15,0,1,0,0,0,0,1,1,2,1,39,7,1598,1,8,1,1,2,470183,106654,44,2,1,4,495,4,2177,6,30,3,4,6,0,0,0,1,1,1,0,0,1,1,1,1,1,39,7,3,0,0,0,0,0,5,1,7
3,1,19,0,18,0,8,0,0,0,0,1,1,6,1,31,6,1896,2,6,1,1,2,489367,267632,34,2,1,4,386,3,5193,2,30,5,2,3,5193,0,4,4,2,1,0,0,1,2,1,1,1,33,6,3,0,0,0,0,0,9,1,5
2,1,9,0,13,0,0,0,0,0,0,4,1,6,3,38,7,2171,1,13,1,1,2,432274,95249,44,2,1,7,496,6,0,6,30,0,4,6,0,0,0,1,1,1,0,0,1,1,1,1,1,33,6,3,0,0,0,0,0,9,1,5
3,2,5,0,4,0,0,0,0,0,0,2,1,6,1,56,9,1202,1,2,3,1,2,532210,106014,47,2,1,2,565,3,270,6,30,0,4,6,0,0,0,1,1,2,0,0,1,1,1,1,1,56,9,3,0,0,0,0,0,5,3,7
2,2,9,0,17,0,0,0,0,0,0,3,1,6,1,41,7,1799,1,6,1,1,2,473725,313079,33,2,1,1,365,4,6047,6,60,0,4,6,0,0,0,1,1,1,0,0,2,1,1,1,1,33,6,3,0,0,0,0,0,9,1,5
3,2,9,0,18,0,4,0,0,0,0,1,1,6,1,25,5,1596,1,10,1,1,2,433681,420633,13,2,1,3,206,3,61,3,30,1,4,3,61,0,0,1,1,1,0,0,1,1,1,1,1,33,6,3,0,0,0,0,0,9,1,5
3,2,9,0,18,0,0,0,0,0,0,3,1,2,2,38,7,998,1,8,1,1,2,434522,285300,23,2,1,4,291,3,444,3,70,0,4,6,0,0,0,1,1,1,0,0,2,1,1,1,2,38,7,3,0,0,0,0,0,9,1,6
3,3,9,0,18,0,1,0,0,0,0,2,1,6,2,43,7,999,1,8,1,1,3,529099,146527,45,3,1,3,513,6,355,6,40,6,4,5,65,0,0,7,1,1,0,0,2,1,1,1,2,43,7,3,0,0,0,0,0,9,1,10
3,1,9,0,18,0,8,0,0,0,0,1,1,6,2,27,6,1242,1,9,1,2,2,445687,518071,17,2,2,3,245,3,66,6,30,3,2,3,1130,0,0,1,1,1,0,0,1,1,1,1,2,27,6,3,0,0,0,0,0,9,1,3
3,1,9,0,18,0,0,5,0,7,4,1,1,6,1,54,8,1598,1,8,3,1,1,186170,676116,97,1,1,1,913,3,83,6,60,0,4,6,0,0,0,1,2,2,0,0,2,1,1,1,1,54,8,3,0,0,0,0,0,9,3,5
3,1,9,0,18,0,8,0,0,0,0,1,1,6,1,65,9,1396,1,14,1,1,2,540580,173460,1,2,1,1,7,6,0,6,30,6,4,6,0,0,0,4,1,2,0,0,1,1,1,1,1,33,6,3,0,0,0,0,0,9,1,5
3,2,9,0,18,0,8,0,0,0,0,4,1,6,1,20,4,1598,1,8,1,3,2,306026,669482,95,2,3,3,940,6,0,6,30,3,4,6,0,0,0,4,1,1,0,0,1,1,2,1,1,20,4,3,0,0,0,0,0,9,1,5
3,1,9,0,16,0,0,0,0,0,0,1,1,6,2,17,4,1598,1,8,1,3,3,436880,283100,20,3,3,6,302,6,0,6,30,0,4,6,0,0,0,4,1,2,5,0,1,1,3,2,1,18,4,3,0,0,1,0,0,9,1,3
3,1,9,0,5,0,8,0,0,0,0,1,1,6,1,64,9,1998,1,12,1,4,2,392920,297670,20,2,4,7,309,6,0,6,30,6,4,6,0,0,0,1,1,1,0,0,1,1,1,2,2,62,9,3,0,0,1,0,0,9,1,6
3,1,9,0,18,0,0,0,0,0,0,3,1,6,2,19,4,973,1,13,1,2,2,636050,168260,46,2,2,2,541,6,4152,6,60,0,4,6,0,0,0,1,1,1,0,0,1,1,1,1,2,19,4,3,0,0,0,0,0,9,1,2
3,1,9,0,9,0,6,0,0,0,0,3,1,2,1,42,7,1796,1,13,3,1,2,402040,163088,54,2,1,2,635,6,0,6,30,3,4,6,0,0,0,4,5,2,0,0,1,1,1,1,1,42,7,3,0,0,0,0,0,9,3,6
3,1,1,0,9,0,1,5,0,0,0,2,1,6,1,15,3,1598,1,8,1,1,2,418133,430175,13,2,1,5,200,6,0,6,30,3,4,6,0,0,0,1,1,1,0,0,1,1,1,1,1,15,3,3,0,0,0,0,0,1,1,1
3,2,9,0,18,0,3,0,0,0,0,2,1,6,1,38,7,1598,1,9,1,1,2,371280,308020,22,2,1,4,284,3,442,7,60,5,4,3,442,0,0,4,1,1,0,0,2,1,1,1,1,33,6,3,0,0,0,0,0,9,1,5
3,2,19,0,18,0,1,0,0,0,0,2,1,6,1,46,8,2198,2,5,1,1,2,549580,157190,46,2,1,3,538,1,25,3,70,5,4,1,26,0,0,1,2,2,0,0,2,1,1,1,1,46,8,3,0,0,0,0,0,19,1,4
3,2,9,0,9,0,5,0,0,0,0,4,1,6,1,82,11,1968,2,2,2,3,2,611218,279625,36,2,3,3,406,3,1066,6,30,3,4,6,0,0,0,1,1,1,0,0,1,1,2,1,1,82,11,3,0,0,0,0,0,9,2,8
1,1,5,0,13,0,0,0,0,1,0,1,1,6,1,86,11,500,1,30,1,1,3,234458,700277,97,3,1,1,913,3,82,6,60,0,4,6,0,0,0,1,1,1,0,0,2,1,1,1,1,86,11,1,0,0,0,0,0,5,1,5
3,2,9,0,18,0,8,0,0,0,0,3,1,1,1,56,9,1984,1,10,3,2,3,575920,128200,46,3,2,4,543,4,2244,6,60,6,4,6,0,0,0,1,1,1,0,0,2,1,2,1,1,56,9,3,0,0,0,0,0,9,3,6
3,1,9,0,18,0,2,0,0,0,0,2,1,2,2,38,7,1598,1,8,1,1,2,336587,376582,7,2,1,3,130,6,0,6,50,3,4,4,5463,0,0,4,1,1,0,0,1,2,1,1,1,33,6,3,0,0,0,0,0,9,1,5
3,2,19,0,18,0,0,1,0,0,0,1,1,2,1,26,6,1598,1,8,1,1,5,447174,170859,43,5,1,3,471,3,34,3,70,0,4,6,0,0,0,6,8,3,0,0,2,1,1,1,1,33,6,3,0,0,0,0,0,9,1,5
3,1,11,0,2,0,0,0,0,0,0,0,1,1,1,61,9,1598,2,16,1,1,1,428921,514499,11,1,1,6,161,6,0,2,30,0,4,6,0,0,0,1,1,1,0,0,1,1,1,3,1,68,10,3,10,9,0,0,0,0,1,6
3,1,5,0,18,0,8,0,0,0,0,1,1,6,1,22,5,124,1,6,1,1,2,527650,171800,1,2,1,3,10,3,24,6,30,3,4,6,0,0,0,1,1,1,0,0,1,2,1,1,1,22,5,3,0,0,0,0,0,5,1,2
3,1,9,0,7,0,1,0,0,0,0,4,1,2,1,46,8,1598,1,8,2,1,2,317525,176509,62,2,1,6,741,3,4119,6,30,6,2,3,4161,0,5,1,1,1,0,0,1,1,1,1,1,33,6,3,0,0,0,0,0,9,1,5
3,1,9,0,18,0,0,1,0,0,0,1,1,6,1,68,10,1461,2,8,1,5,3,341960,242450,22,3,5,7,285,3,438,6,60,0,4,6,0,0,0,1,1,2,0,0,2,1,5,2,2,69,10,3,0,0,1,0,0,9,3,5
2,2,1,0,18,0,8,0,0,0,0,1,1,6,2,44,7,1598,1,8,1,1,2,548980,257050,35,2,1,7,390,5,233,6,30,3,2,6,0,0,5,1,1,1,0,0,1,1,3,1,2,44,7,2,0,0,0,0,0,1,1,6
3,1,9,0,18,0,1,0,0,0,0,1,1,2,1,42,7,2171,1,13,1,1,2,495514,178223,43,2,1,2,474,4,3026,6,40,8,4,6,0,0,0,1,1,2,0,0,2,1,1,1,1,33,6,3,0,0,0,0,0,9,1,5
3,1,9,0,9,0,8,0,0,0,0,1,1,6,2,52,8,2401,2,11,1,3,2,458082,104240,44,2,3,3,493,3,32,6,30,3,2,6,0,0,0,4,4,2,0,0,1,1,1,1,2,52,8,3,0,0,0,0,0,9,1,5
3,2,9,0,4,0,1,0,0,0,0,1,1,6,2,40,7,1242,1,4,1,1,2,445068,242742,43,2,1,4,481,6,120,6,30,1,4,6,0,0,8,1,1,1,0,0,1,1,1,1,1,33,6,3,0,0,0,0,0,9,1,5
3,2,9,0,18,0,0,1,0,0,0,3,1,6,1,58,9,2149,2,8,1,2,2,534061,140815,45,2,2,6,516,4,2028,6,40,0,4,6,0,0,0,1,1,1,0,0,2,1,2,1,1,58,9,3,0,0,0,0,0,9,1,7
3,1,3,0,16,0,0,0,0,4,0,1,1,6,1,18,4,125,1,1,1,1,1,267337,666059,97,1,1,4,926,6,0,3,30,0,4,6,0,0,0,1,1,1,0,0,1,1,1,1,1,18,4,3,0,0,0,0,0,3,1,5
3,1,9,0,2,0,0,0,0,0,0,1,1,6,2,71,10,1360,1,9,1,1,2,473677,287216,33,2,1,5,363,3,4304,6,30,0,4,6,0,0,0,1,1,1,0,0,1,2,1,1,1,33,6,3,0,0,0,0,0,9,1,5
1,1,21,0,5,0,0,0,0,0,0,4,1,1,1,38,7,12809,2,1,1,1,1,295603,93839,50,1,1,3,581,4,3181,6,30,0,4,6,0,0,0,1,1,1,0,0,1,1,1,3,1,80,11,1,8,1,0,0,0,0,2,7
3,1,9,0,9,0,5,1,0,0,0,4,1,6,1,68,10,1341,1,15,2,6,4,515645,435368,16,4,6,4,231,3,165,6,40,3,4,6,0,0,0,1,1,1,0,0,2,1,1,1,1,68,10,3,0,0,0,0,0,9,2,10
3,1,19,0,18,0,0,0,0,0,0,4,1,6,3,38,7,1598,1,8,1,1,1,416336,143756,54,1,1,5,635,3,3028,6,30,0,4,6,0,0,0,1,1,1,0,0,2,2,1,3,2,16,4,3,6,9,0,0,0,0,3,6
3,1,9,0,5,0,8,0,0,0,0,1,1,6,1,45,7,1968,2,9,1,1,2,442305,112565,44,2,1,6,500,6,0,6,30,3,4,6,0,0,5,1,1,1,0,0,1,1,1,1,1,33,6,3,0,0,0,0,0,9,1,5
3,1,9,0,9,0,6,0,0,0,0,1,1,6,1,37,7,1995,2,10,3,1,3,538382,198196,42,3,1,3,456,3,112,6,30,3,4,6,0,0,0,1,1,2,0,0,2,1,1,1,1,33,6,3,0,0,0,0,0,9,1,5
3,1,19,0,12,0,1,0,0,0,0,3,1,1,1,46,8,1598,1,8,3,1,2,403560,273850,22,2,1,5,270,3,441,6,40,1,4,3,441,0,0,4,1,1,0,0,2,1,1,1,1,33,6,3,0,0,0,0,0,9,1,5