accident_severity,vehicle_reference,vehicle_type,towing_and_articulation,vehicle_manoeuvre,vehicle_location-restricted_lane,junction_location,skidding_and_overturning,hit_object_in_carriageway,vehicle_leaving_carriageway,hit_object_off_carriageway,1st_point_of_impact,was_vehicle_left_hand_drive?,journey_purpose_of_driver,sex_of_driver,age_of_driver,age_band_of_driver,engine_capacity_(cc),propulsion_code,age_of_vehicle,driver_home_area_type,NUmber_of_Casualities_unique_to_accident_index,No_of_Vehicles_involved_unique_to_accident_index,location_easting_osgr,location_northing_osgr,police_force,number_of_vehicles,number_of_casualties,day_of_week,local_authority_(district),1st_road_class,1st_road_number,road_type,speed_limit,junction_detail,junction_control,2nd_road_class,2nd_road_number,pedestrian_crossing-human_control,pedestrian_crossing-physical_facilities,light_conditions,weather_conditions,road_surface_conditions,special_conditions_at_site,carriageway_hazards,urban_or_rural_area,did_police_officer_attend_scene_of_accident,casualty_reference,casualty_class,sex_of_casualty,age_of_casualty,age_band_of_casualty,casualty_severity,pedestrian_location,pedestrian_movement,car_passenger,bus_or_coach_passenger,pedestrian_road_maintenance_worker,casualty_type,casualty_home_area_type,casualty_imd_decile
3,2,9,0,6,0,0,0,0,0,0,1,1,6,1,81,11,1329,1,6,1,2,2,488262,231535,43,2,2,1,476,5,162,6,60,0,4,6,0,0,0,1,1,1,0,0,2,1,1,1,1,33,6,3,0,0,0,0,0,9,1,5
1,2,9,0,18,0,0,0,0,0,0,1,1,6,2,44,7,1598,1,8,3,1,4,325030,322330,22,4,1,1,286,3,495,6,60,0,4,6,0,0,0,1,1,1,0,0,2,1,1,1,1,33,6,3,0,0,0,0,0,9,1,5
3,1,9,0,18,0,2,0,0,0,0,1,1,6,2,21,5,1390,1,14,1,1,2,575445,108061,47,2,1,3,555,3,259,6,30,3,4,6,0,0,8,1,1,1,0,0,1,1,1,1,2,21,5,3,0,0,0,0,0,9,1,5
3,1,3,0,18,0,1,0,0,0,0,1,1,6,1,23,5,1598,1,8,1,1,2,525570,407760,16,2,1,2,233,3,46,6,30,3,4,6,0,0,4,1,1,1,0,0,1,1,1,1,1,23,5,3,0,0,0,0,0,3,1,4
3,2,9,0,4,0,0,0,0,0,0,2,1,6,1,52,8,1598,1,8,2,1,2,542559,223096,41,2,1,5,432,3,120,6,60,0,4,6,0,0,0,6,1,1,0,0,2,1,1,1,1,52,8,3,0,0,0,0,0,9,2,10
3,3,9,0,18,0,0,0,0,0,0,0,1,6,1,20,4,1598,1,8,1,1,5,442283,425586,13,5,1,1,206,6,0,6,30,0,4,6,0,0,0,1,1,1,0,0,1,1,1,1,1,33,6,3,0,0,0,0,0,9,1,5
3,1,1,0,13,0,8,0,0,0,0,4,1,6,1,28,6,1598,1,8,1,1,2,534430,180900,1,2,1,6,5,4,126,2,30,3,4,6,0,0,0,1,1,1,0,0,1,2,1,1,1,28,6,3,0,0,0,0,0,1,1,2
3,2,20,0,2,0,8,0,0,0,0,4,1,1,1,29,6,8970,2,11,1,1,2,412620,286610,20,2,1,3,300,6,0,6,30,8,4,6,0,0,0,1,4,1,0,0,1,1,1,1,1,33,6,3,0,0,0,0,0,9,1,5
3,2,8,0,9,0,8,0,0,0,0,1,1,1,1,41,7,1598,1,8,1,2,2,511530,174710,1,2,2,3,25,3,315,6,30,3,2,6,0,0,5,1,1,1,0,0,1,1,2,2,2,45,7,3,0,0,1,0,0,8,1,4
1,2,9,0,18,0,0,1,0,0,0,2,1,1,1,41,7,1560,2,2,1,1,3,471060,168916,43,3,1,6,472,1,4,3,70,0,4,6,0,0,0,1,1,1,0,0,2,1,1,1,1,33,6,3,0,0,0,0,0,9,1,5
3,2,9,0,9,0,8,0,0,0,0,1,1,6,1,26,6,1368,1,5,1,1,2,539430,184560,1,2,1,6,17,3,118,6,30,6,2,4,164,0,5,1,1,1,0,0,1,1,1,1,1,33,6,3,0,0,0,0,0,9,1,5
3,2,9,0,18,0,8,0,0,0,0,1,1,6,1,40,7,1999,1,14,1,3,3,623597,246095,37,3,3,4,415,3,1214,6,60,3,4,6,0,0,0,1,1,1,0,0,1,1,2,1,1,40,7,3,0,0,0,0,0,9,1,2
3,2,90,0,18,0,0,0,0,0,0,1,1,6,1,45,7,1600,1,55,1,2,2,377310,242420,22,2,2,7,273,3,449,6,40,0,4,6,0,0,0,1,1,1,0,0,1,1,2,1,1,45,7,3,0,0,0,0,0,90,1,5
3,2,9,0,18,0,0,0,0,0,0,4,1,1,1,38,7,1598,1,8,1,4,2,565481,200177,42,2,4,6,452,3,12,3,70,0,4,6,0,0,0,1,1,1,0,0,2,1,3,2,1,41,7,3,0,0,2,0,0,9,1,4
3,1,9,0,9,0,8,0,0,0,0,4,1,6,1,30,6,1461,2,1,1,6,2,408520,283510,20,2,6,5,300,6,0,6,30,6,4,6,0,0,0,1,1,1,0,0,1,1,6,2,1,2,1,3,0,0,2,0,0,9,1,1
3,2,9,0,2,0,8,0,0,0,0,3,1,6,1,51,8,1997,2,11,1,1,3,537110,169810,1,3,1,5,19,3,2015,6,30,3,4,6,0,0,0,4,1,1,0,0,1,1,1,1,1,33,6,3,0,0,0,0,0,9,1,5
3,2,9,0,18,0,0,0,0,0,0,1,1,6,2,32,6,1896,2,13,1,2,2,439625,557242,10,2,2,4,150,3,183,3,30,0,4,6,0,0,0,1,1,1,0,0,1,1,1,1,2,32,6,3,0,0,0,0,0,9,1,1
3,2,9,0,2,0,0,0,0,0,0,4,1,6,3,38,7,2982,2,10,1,1,2,528263,104377,47,2,1,3,565,6,0,6,30,0,4,6,0,0,0,1,1,1,0,0,1,1,1,2,2,60,9,3,0,0,2,0,0,9,1,7
3,2,9,0,18,0,1,0,0,0,0,1,1,6,1,23,5,1368,1,5,1,1,2,511583,165774,45,2,1,2,510,6,3830,6,30,3,4,6,0,0,0,1,1,1,0,0,1,1,1,1,1,33,6,3,0,0,0,0,0,9,1,5
3,1,5,0,18,0,8,0,0,0,0,1,1,6,1,56,9,599,1,15,1,1,3,518610,180750,1,3,1,2,27,3,406,6,30,3,4,6,0,0,0,4,1,1,0,0,1,1,1,1,1,56,9,3,0,0,0,0,0,5,1,3
3,1,5,0,4,0,0,1,0,0,0,0,1,1,1,54,8,798,1,7,1,1,1,425129,565337,10,1,1,5,147,2,167,3,50,0,4,6,0,0,0,4,5,2,0,0,1,1,1,1,1,54,8,3,0,0,0,0,0,5,1,6
3,3,9,0,3,0,0,0,0,0,0,2,1,1,1,19,4,1198,1,11,1,1,3,492574,230988,43,3,1,3,479,3,5,6,60,0,4,6,0,0,0,1,1,1,0,0,2,1,1,1,1,33,6,3,0,0,0,0,0,9,1,5
3,1,9,0,18,0,1,0,4,0,0,1,1,6,2,21,5,1598,1,3,1,2,2,490796,99079,47,2,2,1,558,6,0,6,30,3,4,6,0,0,0,1,1,1,0,0,1,1,1,2,2,25,5,3,0,0,1,0,0,9,1,2
3,2,9,0,3,0,0,0,0,0,0,2,1,6,2,23,5,698,1,11,1,2,2,485949,179498,43,2,2,5,474,6,7417,6,30,0,4,6,0,0,0,4,2,2,0,0,2,2,2,2,2,54,8,3,0,0,1,0,0,9,1,7
3,1,1,0,18,0,6,1,0,0,0,1,1,6,2,32,6,1598,1,8,1,1,3,600970,141910,46,3,1,6,530,6,3013,6,30,3,4,6,0,0,0,1,1,1,0,0,1,2,1,1,2,32,6,3,0,0,0,0,0,1,1,3
3,1,9,0,18,0,0,0,0,0,0,1,1,6,1,27,6,1598,1,8,1,1,3,191079,57854,50,3,1,6,596,6,0,6,30,0,4,6,0,0,0,4,2,2,0,0,2,1,1,2,2,18,4,3,0,0,2,0,0,9,1,5
1,3,9,0,11,0,0,0,0,0,0,0,1,6,1,40,7,2993,2,11,1,2,3,427176,557309,10,3,2,1,146,3,1,3,70,0,4,6,0,0,0,4,1,1,0,0,2,1,1,1,1,33,6,3,0,0,0,0,0,9,1,5
2,2,9,0,18,0,8,0,0,0,0,1,1,6,1,20,4,1248,1,6,1,1,2,375520,399410,6,2,1,3,107,6,0,6,20,6,4,6,0,0,0,4,1,2,0,0,1,1,1,1,1,33,6,3,0,0,0,0,0,9,1,5
3,1,9,0,5,0,0,0,0,0,0,1,1,6,2,45,7,1598,1,18,1,1,3,577128,167106,46,3,1,7,544,3,2,6,30,0,4,6,0,0,0,1,1,1,0,0,1,1,1,1,2,45,7,3,0,0,0,0,0,9,1,2
2,1,9,0,12,0,0,0,0,0,0,3,1,6,1,35,6,1995,1,10,1,1,2,621694,311550,36,2,1,5,401,3,140,3,40,0,4,6,0,0,0,4,1,1,0,0,1,1,1,1,1,33,6,3,0,0,0,0,0,9,1,5
3,1,8,0,18,0,8,0,0,0,0,3,1,1,1,25,5,1339,8,5,1,1,2,528540,181340,1,2,1,7,1,3,5204,6,30,6,2,6,0,0,5,4,1,1,0,0,1,2,1,1,1,25,5,3,0,0,0,0,0,8,1,2
3,1,11,0,5,0,2,0,0,0,0,0,1,1,1,48,8,7300,2,9,1,1,1,324750,673450,95,1,1,6,923,3,702,6,30,3,2,6,0,0,5,1,2,2,0,0,1,1,1,2,2,91,11,3,0,0,0,3,0,11,1,5
2,1,9,0,17,0,0,0,0,7,4,1,1,6,1,18,4,1242,1,12,1,3,1,330020,479540,3,1,3,7,65,3,590,6,50,0,4,6,0,0,0,6,1,1,0,0,2,1,1,1,1,18,4,2,0,0,0,0,0,9,1,1
2,3,9,0,2,0,0,0,0,0,0,1,1,6,1,45,7,1997,2,13,1,1,3,454997,202929,43,3,1,6,482,6,320,6,20,0,4,6,0,0,4,4,1,2,0,0,1,1,1,1,1,33,6,3,0,0,0,0,0,9,1,5
3,1,9,0,9,0,1,0,0,0,0,1,1,6,2,35,6,1984,1,12,1,2,2,523390,186330,1,2,2,7,28,3,5,6,30,8,4,6,0,0,4,1,9,1,0,0,1,1,1,1,2,35,6,3,0,0,0,0,0,9,1,7
3,2,9,0,18,0,8,0,0,0,0,4,1,6,2,45,7,1598,1,10,3,2,2,456940,313487,33,2,2,5,362,5,5206,6,30,6,4,5,5204,0,0,1,1,1,0,0,1,1,2,1,2,45,7,3,0,0,0,0,0,9,3,9
3,1,9,0,2,0,0,0,0,0,0,1,1,6,2,43,7,1242,1,2,1,4,2,355949,397498,5,2,4,1,92,6,0,6,20,0,4,6,0,0,0,1,1,1,0,0,1,2,4,2,2,47,8,3,0,0,1,0,0,9,1,3
3,1,19,0,9,0,8,0,0,0,0,2,1,6,1,52,8,1560,2,8,1,1,2,539460,178220,1,2,1,5,6,3,206,6,30,3,2,3,2203,0,5,1,1,1,0,0,1,1,1,1,1,52,8,3,0,0,0,0,0,19,1,1
3,1,9,0,2,0,0,0,0,0,0,3,1,1,1,29,6,1997,2,11,1,1,2,545690,259990,35,2,1,7,390,3,1134,6,30,0,4,6,0,0,0,4,1,1,0,0,1,1,1,1,1,33,6,3,0,0,0,0,0,9,1,5
3,2,11,0,17,0,8,0,0,0,0,1,1,1,1,58,9,4250,2,4,1,16,2,350794,396826,5,2,16,5,92,6,0,6,30,3,4,6,0,0,0,1,1,1,0,0,1,1,10,2,2,89,11,3,0,0,0,4,0,11,2,9
3,2,1,0,18,4,0,0,0,0,0,1,1,6,1,25,5,1598,1,8,3,1,2,359851,171993,52,2,1,7,601,3,4,6,30,0,4,6,0,0,0,1,1,1,0,0,1,1,1,1,1,25,5,3,0,0,0,0,0,1,3,7
2,1,9,0,18,0,0,0,0,0,0,0,1,6,3,38,7,1598,1,8,1,1,6,509038,169321,45,6,1,4,40,1,3,3,70,0,4,6,0,0,0,6,1,1,0,0,1,1,1,1,1,33,6,3,0,0,0,0,0,9,1,5
3,2,9,0,3,0,0,0,0,0,0,2,1,6,1,63,9,1997,2,4,1,4,3,457963,146625,44,3,4,1,490,3,30,6,50,0,4,6,0,0,0,1,1,1,0,0,2,1,4,2,1,12,3,3,0,0,2,0,0,9,1,6
3,4,9,0,4,0,0,0,0,0,0,2,1,6,1,51,8,1598,1,8,1,3,4,502161,185078,43,4,3,1,477,1,25,3,70,0,4,6,0,0,0,1,1,2,0,0,2,1,1,1,1,33,6,3,0,0,0,0,0,9,1,5
2,2,9,0,9,0,8,0,0,0,0,3,1,1,1,27,6,1598,1,8,1,1,2,434280,280360,20,2,1,3,302,4,4109,6,30,8,4,6,0,0,0,1,1,1,0,0,1,1,1,1,1,33,6,3,0,0,0,0,0,9,1,5
3,1,9,0,1,0,0,0,0,0,0,2,1,2,1,54,8,1598,1,8,1,1,1,414427,184753,54,1,1,6,633,6,0,6,30,0,4,6,0,0,0,1,1,1,0,0,1,2,1,3,1,76,11,3,9,5,0,0,0,0,1,2
2,1,19,0,18,0,0,0,0,0,0,2,1,1,1,63,9,1598,1,8,1,2,3,494370,143611,45,3,2,6,511,3,3,3,70,0,4,6,0,0,0,1,1,2,0,0,2,1,1,1,1,33,6,3,0,0,0,0,0,9,1,5
3,2,1,0,9,0,5,0,0,0,0,2,1,6,1,46,8,1598,1,8,3,1,2,437850,344000,30,2,1,3,320,5,87,6,60,3,3,5,236,0,0,1,1,2,0,0,2,2,1,1,1,46,8,3,0,0,0,0,0,1,3,7
3,1,9,0,17,0,0,0,0,1,10,1,1,6,1,67,10,1598,1,8,3,1,1,418479,168803,54,1,1,1,635,3,4,6,30,0,4,6,0,0,0,1,1,2,0,0,2,1,1,1,1,67,10,3,0,0,0,0,0,9,3,7
3,1,3,0,5,0,0,0,0,0,0,1,1,2,1,18,4,124,1,4,3,1,1,390539,173574,54,1,1,7,635,4,4528,6,30,0,4,6,0,0,1,1,1,1,0,0,1,1,1,3,2,23,5,3,9,5,0,0,0,0,1,9
3,1,9,0,9,0,8,0,0,0,0,3,1,2,2,35,6,1242,1,9,1,1,2,425017,428919,13,2,1,2,204,3,62,6,40,3,4,6,0,0,0,1,1,1,0,0,1,2,1,1,1,33,6,3,0,0,0,0,0,9,1,5
3,2,9,0,8,0,1,0,0,0,0,2,1,6,2,40,7,1229,1,11,1,1,2,364944,391624,7,2,1,3,128,6,0,3,30,1,4,3,574,0,0,1,1,1,4,0,2,2,1,2,1,50,8,3,0,0,1,0,0,9,1,1
3,2,5,0,18,0,8,2,0,0,0,3,1,6,1,33,6,599,1,7,1,1,2,410532,430158,13,2,1,5,200,3,644,6,30,6,2,6,0,0,0,1,1,1,0,0,1,1,1,1,1,33,6,3,0,0,0,0,0,5,1,3
3,1,9,0,11,0,1,0,0,0,0,2,1,6,2,22,5,1968,2,2,1,1,2,537030,176980,1,2,1,6,7,3,2,6,30,3,4,6,0,0,4,1,1,1,0,0,1,1,1,1,2,22,5,3,0,0,0,0,0,9,1,4
3,1,9,0,9,0,8,0,0,0,0,1,1,6,1,24,5,1995,1,8,1,1,2,534680,183250,1,2,1,4,5,3,1208,6,30,3,4,6,0,0,0,1,1,1,0,0,1,1,1,1,1,33,6,3,0,0,0,0,0,9,1,5
3,2,9,0,13,0,0,0,0,0,0,4,1,2,2,31,6,1390,1,1,1,1,2,538180,181030,1,2,1,4,5,3,13,3,30,0,4,6,0,0,0,1,1,1,0,0,1,1,1,1,1,33,6,3,0,0,0,0,0,9,1,5
3,3,9,0,2,0,0,0,0,0,0,2,1,6,1,45,7,1910,2,10,1,1,3,297188,145611,52,3,1,3,609,6,0,6,30,0,4,6,0,0,0,1,1,2,0,0,1,1,1,1,1,45,7,3,0,0,0,0,0,9,1,5
3,1,9,0,17,0,2,2,10,0,0,4,1,6,1,25,5,1360,1,14,1,2,1,595916,247440,37,1,2,6,410,3,1141,6,60,3,4,4,1115,0,0,6,1,2,0,0,2,1,2,2,2,27,6,3,0,0,2,0,0,9,1,5
3,1,8,0,13,0,0,0,0,4,0,4,1,1,1,50,8,2499,2,1,2,1,2,573210,158190,46,2,1,3,542,1,20,3,70,0,4,6,0,0,0,6,2,2,0,0,2,1,1,2,1,64,9,3,0,0,2,0,0,8,1,5
2,1,9,0,18,0,8,2,10,3,1,3,1,6,1,22,5,1598,1,8,1,1,1,330246,190118,61,1,1,2,733,3,4051,3,40,6,2,6,0,0,5,4,1,1,0,0,1,1,1,2,2,23,5,2,0,0,2,0,0,9,2,5
2,1,9,0,18,0,0,1,0,0,0,1,1,6,1,41,7,2354,1,10,1,3,2,515409,344346,32,2,3,6,353,3,17,6,60,0,4,6,0,0,0,1,2,2,0,0,2,1,1,1,1,41,7,2,0,0,0,0,0,9,1,3
3,1,19,0,3,0,0,0,0,0,0,1,1,1,1,51,8,2148,2,9,1,1,3,379670,404320,6,3,1,5,101,1,60,3,70,0,4,6,0,0,0,1,1,2,0,0,2,1,1,1,1,33,6,3,0,0,0,0,0,9,1,5
3,2,9,0,18,0,0,2,0,4,6,4,1,6,1,18,4,1199,1,12,1,3,2,530660,200820,1,2,3,1,32,1,25,3,70,0,4,6,0,0,0,1,1,1,5,0,2,1,1,1,1,18,4,3,0,0,0,0,0,9,1,7
3,1,9,0,18,0,0,0,0,0,0,1,1,6,2,37,7,1598,1,8,1,6,2,331407,363162,60,2,6,2,724,6,0,6,60,0,4,6,0,0,0,6,2,2,7,0,2,1,6,2,2,10,2,3,0,0,2,0,0,9,1,5
3,2,9,0,18,0,1,0,0,0,0,2,1,1,1,61,9,1598,1,8,1,1,2,548500,155380,46,2,1,4,538,3,25,6,60,6,4,6,0,0,0,4,1,1,0,0,2,1,1,1,1,61,9,3,0,0,0,0,0,9,1,5
3,2,9,0,2,0,0,0,0,0,0,2,1,6,1,60,9,2199,2,5,1,1,2,436217,556457,10,2,1,4,150,5,511,6,30,0,4,6,0,0,0,1,1,1,0,0,1,1,1,1,1,33,6,3,0,0,0,0,0,9,1,5
3,2,9,0,3,0,0,0,0,0,0,2,1,6,2,28,6,1229,1,1,1,3,2,385752,352455,21,2,3,3,257,3,527,6,40,0,4,6,0,0,0,4,1,1,0,7,2,2,2,1,2,28,6,3,0,0,0,0,0,9,1,2
3,1,3,0,18,0,0,0,0,0,0,1,1,6,1,51,8,125,1,1,1,1,2,357294,395052,5,2,1,6,92,6,0,6,30,0,4,6,0,0,0,4,2,2,0,0,1,1,1,1,1,51,8,3,0,0,0,0,0,3,1,2
3,1,9,0,16,0,0,1,0,7,0,1,1,6,1,16,4,998,1,5,1,1,1,489926,279538,34,1,1,2,383,5,8,6,60,0,4,6,0,0,0,6,1,1,0,0,2,1,1,1,1,16,4,3,0,0,0,0,0,9,1,7
3,1,5,0,11,0,0,0,0,0,0,3,1,6,1,38,7,998,1,8,2,1,1,443022,482353,12,1,1,1,181,3,61,6,20,0,4,6,0,0,0,1,1,1,0,0,2,1,1,1,1,38,7,3,0,0,0,0,0,5,2,5
2,1,9,0,18,0,8,0,0,0,0,1,1,1,2,35,6,2198,1,15,1,1,2,456538,304202,33,2,1,2,364,3,47,6,30,3,4,6,1491,0,0,1,1,1,0,0,1,1,1,1,1,33,6,3,0,0,0,0,0,9,1,5
3,1,9,0,18,0,0,0,0,0,0,1,1,6,1,20,4,1598,1,8,2,2,4,322192,125070,52,4,2,2,608,3,3027,6,30,0,4,6,0,0,0,4,2,2,0,0,1,1,1,1,1,33,6,3,0,0,0,0,0,9,1,5
3,2,19,0,3,0,8,0,0,0,0,2,1,6,1,30,6,1598,1,8,3,3,3,528160,175050,1,3,3,4,10,3,205,6,30,3,4,3,205,0,0,1,1,1,0,0,1,1,2,1,1,30,6,3,0,0,0,0,0,19,3,9
2,1,9,0,9,0,2,0,0,0,0,1,1,6,1,37,7,2199,2,7,1,1,2,359223,178373,52,2,1,4,601,6,0,9,30,3,4,4,4056,0,8,1,2,2,0,0,1,1,1,1,1,33,6,3,0,0,0,0,0,9,1,5
3,2,9,0,18,0,2,0,0,0,0,1,1,6,1,32,6,1988,1,13,1,2,2,533410,168280,1,2,2,2,20,5,0,6,30,6,4,6,0,0,0,1,1,1,0,0,1,1,2,1,1,32,6,3,0,0,0,0,0,9,1,2
3,1,9,0,18,0,8,0,0,0,0,3,1,6,3,38,7,1598,1,8,1,2,3,311132,186094,62,3,2,1,744,6,0,6,40,3,2,3,4054,0,0,4,1,1,0,0,1,2,1,1,1,33,6,3,0,0,0,0,0,9,1,5
3,3,9,0,18,0,0,0,0,0,0,2,1,1,1,43,7,1968,2,7,1,2,3,454440,446969,12,3,2,4,189,3,64,3,70,0,4,6,0,0,0,1,1,1,0,0,2,1,2,1,1,43,7,3,0,0,0,0,0,9,1,8
3,1,9,0,3,0,0,0,0,0,0,2,1,2,2,30,6,1390,1,2,1,1,2,564871,263897,37,2,1,3,411,3,1304,6,30,0,4,6,0,0,0,1,1,1,0,0,2,1,1,1,2,30,6,3,0,0,0,0,0,9,1,5
3,2,9,0,18,0,8,0,0,0,0,1,1,6,1,32,6,1461,2,4,1,3,2,576236,188311,42,2,3,1,450,3,13,1,30,1,2,3,130,0,0,4,1,1,0,0,2,1,2,2,1,3,1,3,0,0,2,0,0,9,1,5
3,1,9,0,18,7,0,0,0,1,7,1,1,6,1,68,10,1951,2,12,1,1,1,524367,152464,45,1,1,5,513,1,25,3,70,0,4,6,0,0,0,1,1,1,0,0,2,1,1,1,1,68,10,3,0,0,0,0,0,9,1,5
3,4,9,0,3,0,0,0,0,0,0,0,1,6,3,38,7,1598,1,8,1,2,4,195690,215440,63,4,2,4,752,3,4076,6,60,0,4,6,0,0,0,4,2,2,0,0,2,1,1,1,1,33,6,3,0,0,0,0,0,9,1,5
3,1,9,0,9,0,8,5,0,0,0,1,1,6,2,24,5,1229,1,8,1,3,2,449006,520314,17,2,3,7,243,4,6541,6,30,6,2,4,1272,0,5,1,1,1,0,0,1,1,3,2,2,54,8,3,0,0,2,0,0,9,1,1
3,3,9,0,8,0,1,0,0,0,0,3,1,6,2,61,9,1396,1,11,1,1,3,615140,245640,37,3,1,1,412,3,1156,6,30,3,4,6,0,0,0,4,1,1,0,0,1,1,1,1,1,33,6,3,0,0,0,0,0,9,1,5
3,1,9,0,3,0,0,0,0,0,0,2,1,1,1,53,8,2184,2,8,3,1,3,425636,326695,21,3,1,7,251,6,25,6,30,0,4,6,0,0,0,1,1,1,0,0,1,2,1,1,1,33,6,3,0,0,0,0,0,9,1,5
3,2,9,0,18,0,8,5,10,7,7,1,1,6,1,22,5,2261,1,6,1,1,2,406410,292120,20,2,1,1,300,3,34,3,40,6,2,6,0,0,5,1,1,1,0,0,1,1,1,1,1,33,6,3,0,0,0,0,0,9,1,5
3,2,9,0,18,0,0,0,0,0,0,1,1,6,1,58,9,1587,1,9,1,1,4,567673,190121,42,4,1,5,450,3,127,3,40,0,4,6,0,0,0,1,1,1,0,0,2,1,1,1,1,58,9,3,0,0,0,0,0,9,1,2
3,1,11,0,18,0,0,0,0,0,0,1,1,1,1,39,7,4461,2,8,1,1,1,340290,555610,3,1,1,7,62,3,6,6,30,0,4,6,0,0,0,1,1,1,0,0,1,1,1,3,1,34,6,3,9,9,0,0,0,0,1,5
2,1,5,0,18,0,0,0,0,1,0,4,1,6,1,52,8,1598,1,8,1,1,1,438570,354390,30,1,1,1,320,4,6013,6,50,0,4,6,0,0,0,1,1,1,0,0,2,1,1,1,1,52,8,2,0,0,0,0,0,5,1,5
3,1,9,0,18,0,0,0,0,0,0,1,1,6,3,49,8,1995,2,1,1,1,3,482523,167591,43,3,1,4,475,6,7516,6,60,0,4,6,0,0,0,1,1,1,0,0,2,1,1,1,1,33,6,3,0,0,0,0,0,9,1,5
3,2,1,0,18,9,1,0,0,0,0,0,1,6,1,16,4,1598,1,8,1,1,2,505540,207230,41,2,1,3,431,6,829,3,30,2,4,6,574,0,8,1,1,1,0,0,1,1,1,1,1,16,4,3,0,0,0,0,0,1,1,3
3,2,9,0,18,0,8,0,0,0,0,1,1,1,1,38,7,1596,1,12,1,3,2,411860,279380,20,2,3,1,306,3,34,3,30,3,4,6,0,0,0,4,1,2,0,0,1,1,1,1,1,33,6,3,0,0,0,0,0,9,1,5
3,1,9,0,16,0,0,0,0,0,11,1,1,6,1,28,6,1598,1,8,1,5,3,490281,367069,32,3,5,5,353,5,123,6,60,0,4,6,0,0,0,1,7,2,0,0,2,1,1,1,1,28,6,3,0,0,0,0,0,9,1,3
3,2,9,0,3,0,1,0,0,0,0,2,1,1,1,50,8,2993,2,3,1,1,2,433710,280480,20,2,1,7,302,4,4113,6,30,3,2,6,0,0,5,4,1,1,0,0,1,2,1,1,1,50,8,3,0,0,0,0,0,9,1,9
3,1,9,0,7,0,5,0,0,0,0,4,1,6,2,63,9,2231,2,2,1,1,2,544550,254770,35,2,1,4,390,3,1309,6,30,3,4,5,201,0,0,1,1,1,0,0,1,1,1,1,1,33,6,3,0,0,0,0,0,9,1,5
3,2,9,0,17,0,8,0,0,0,0,1,1,6,1,55,8,2495,2,14,3,2,2,547047,232035,42,2,2,5,463,6,0,6,60,3,4,6,0,0,0,1,1,1,0,0,2,1,2,1,1,55,8,3,0,0,0,0,0,9,3,7
2,1,1,0,18,0,1,0,0,0,0,4,1,6,1,58,9,1598,1,8,1,1,2,326560,671630,95,2,1,5,923,5,0,6,30,3,1,6,0,0,0,1,1,1,0,0,1,2,1,1,1,58,9,2,0,0,0,0,0,1,1,5
2,1,90,0,18,0,1,2,4,0,0,1,1,6,1,52,8,1598,1,8,1,1,3,332863,356159,60,3,1,6,725,6,0,6,30,3,4,6,0,0,0,1,1,1,0,0,2,1,1,1,1,52,8,2,0,0,0,0,0,90,1,5
3,1,9,0,15,0,8,1,0,3,1,4,1,6,3,38,7,1149,1,11,1,2,2,430205,566286,10,2,2,6,148,5,216,6,30,3,4,6,2010,0,0,1,1,1,0,0,1,1,1,1,1,33,6,3,0,0,0,0,0,9,1,5
3,2,17,0,18,0,0,0,0,0,0,1,1,1,1,30,6,4400,2,1,3,1,2,407207,321672,21,2,1,6,252,6,185,6,60,0,4,6,0,0,0,1,1,1,0,0,2,2,1,1,1,33,6,3,0,0,0,0,0,9,1,5
2,1,9,0,13,0,0,0,0,0,0,4,1,6,1,67,10,1997,2,5,1,1,2,578898,182892,42,2,1,6,453,6,0,6,30,0,4,6,0,0,0,1,1,1,0,0,1,1,1,1,1,33,6,3,0,0,0,0,0,9,1,5
3,2,9,0,18,0,8,0,0,0,0,1,1,6,2,18,4,1242,1,6,1,1,2,505889,205359,41,2,1,7,431,3,4251,6,30,8,2,6,1092,0,5,1,1,1,0,0,1,2,1,1,2,18,4,3,0,0,0,0,0,9,1,10
3,2,22,0,18,0,1,0,0,0,0,1,1,6,1,85,11,1598,1,8,1,1,2,475443,319143,33,2,1,4,365,3,606,6,30,3,4,6,7630,0,4,1,1,1,4,0,1,1,1,1,1,85,11,3,0,0,0,0,0,22,1,5
3,2,9,0,9,0,8,0,0,0,0,4,1,6,2,53,8,1248,2,9,1,2,2,435563,400146,14,2,2,4,210,3,6135,6,30,6,2,4,6096,0,0,1,1,1,0,0,1,1,2,1,2,53,8,3,0,0,0,0,0,9,1,3
2,1,9,0,18,0,8,0,0,0,0,1,1,6,1,62,9,1598,1,13,3,1,2,488765,180833,43,2,1,6,474,3,308,3,30,6,2,6,7408,0,4,1,1,1,0,0,1,1,1,1,1,33,6,3,0,0,0,0,0,9,1,5
2,3,1,0,18,0,0,0,0,0,0,1,1,2,1,33,6,1598,1,8,1,2,3,419502,93394,55,3,2,5,641,3,337,6,30,0,4,6,0,0,0,1,1,1,4,0,1,1,2,1,1,33,6,2,0,0,0,0,0,1,1,2
3,2,9,0,3,0,0,0,0,0,0,2,1,3,2,38,7,1598,1,8,1,5,4,437384,564548,10,4,5,3,149,3,1018,3,30,0,4,6,0,0,0,1,1,1,0,0,1,1,2,1,2,38,7,3,0,0,0,0,0,9,1,5
3,2,9,0,18,0,0,1,0,0,0,2,1,6,1,26,6,1086,1,11,1,2,3,515632,466119,16,3,2,1,231,3,614,6,60,0,4,6,0,0,0,6,4,2,0,0,2,1,2,1,1,26,6,3,0,0,0,0,0,9,1,1