accident_severity,vehicle_reference,vehicle_type,towing_and_articulation,vehicle_manoeuvre,vehicle_location-restricted_lane,junction_location,skidding_and_overturning,hit_object_in_carriageway,vehicle_leaving_carriageway,hit_object_off_carriageway,1st_point_of_impact,was_vehicle_left_hand_drive?,journey_purpose_of_driver,sex_of_driver,age_of_driver,age_band_of_driver,engine_capacity_(cc),propulsion_code,age_of_vehicle,driver_home_area_type,NUmber_of_Casualities_unique_to_accident_index,No_of_Vehicles_involved_unique_to_accident_index,location_easting_osgr,location_northing_osgr,police_force,number_of_vehicles,number_of_casualties,day_of_week,local_authority_(district),1st_road_class,1st_road_number,road_type,speed_limit,junction_detail,junction_control,2nd_road_class,2nd_road_number,pedestrian_crossing-human_control,pedestrian_crossing-physical_facilities,light_conditions,weather_conditions,road_surface_conditions,special_conditions_at_site,carriageway_hazards,urban_or_rural_area,did_police_officer_attend_scene_of_accident,casualty_reference,casualty_class,sex_of_casualty,age_of_casualty,age_band_of_casualty,casualty_severity,pedestrian_location,pedestrian_movement,car_passenger,bus_or_coach_passenger,pedestrian_road_maintenance_worker,casualty_type,casualty_home_area_type,casualty_imd_decile
3,1,1,0,18,0,8,0,0,0,0,3,1,2,2,33,6,1598,1,8,1,1,2,528900,187720,1,2,1,3,31,3,1,6,30,9,3,6,0,0,4,4,2,2,0,0,1,2,1,1,2,33,6,3,0,0,0,0,0,1,1,8
2,1,9,0,18,0,1,0,0,0,2,1,1,6,1,42,7,1598,1,8,1,1,1,389700,391780,6,1,1,1,109,4,6167,6,30,3,4,5,0,0,0,1,1,1,0,0,1,1,1,1,1,42,7,2,0,0,0,0,0,9,1,5
3,1,9,0,3,0,0,0,0,0,0,3,1,6,1,34,6,2143,2,4,1,1,2,518180,189910,1,2,1,7,29,5,0,6,30,0,4,6,0,0,0,1,2,2,0,0,1,2,1,2,2,32,6,3,0,0,1,0,0,9,1,7
2,2,9,0,17,0,0,5,0,2,10,1,1,6,2,38,7,1991,2,6,2,10,2,361460,503790,3,2,10,3,64,3,685,6,40,0,4,6,0,0,0,1,1,1,0,0,2,1,5,2,2,38,7,3,0,0,1,0,0,9,2,7
3,2,9,0,18,0,0,0,0,0,0,2,1,2,2,33,6,1560,2,7,1,1,3,436250,283850,20,3,1,4,302,1,6,3,70,0,4,6,0,0,0,6,1,2,0,0,1,1,1,1,2,33,6,3,0,0,0,0,0,9,1,9
3,1,9,0,7,0,0,5,0,1,9,4,1,6,1,28,6,1199,1,14,1,1,1,278107,681219,96,1,1,1,924,5,0,6,60,0,4,6,0,0,0,6,1,2,0,0,2,1,1,1,1,28,6,3,0,0,0,0,0,9,1,5
3,1,9,0,18,0,0,1,0,0,0,1,1,6,1,47,8,1343,1,10,1,1,3,377290,396100,6,3,1,1,112,1,60,3,50,0,4,6,0,0,0,1,1,2,0,0,1,1,1,1,1,33,6,3,0,0,0,0,0,9,1,5
3,2,1,0,18,0,8,0,0,0,0,4,1,6,2,25,5,1598,1,8,1,1,2,435470,336600,30,2,1,3,323,6,0,2,30,3,4,6,0,0,0,1,1,1,0,0,1,1,1,1,2,25,5,3,0,0,0,0,0,1,1,5
2,2,1,0,18,0,0,0,0,0,0,2,1,1,1,55,8,1598,1,8,1,1,2,491666,189910,43,2,1,2,480,3,40,6,50,0,4,6,0,0,0,1,1,2,0,0,2,1,1,1,1,55,8,2,0,0,0,0,0,1,1,9
3,2,8,0,18,0,2,0,0,0,0,1,1,1,1,23,5,1598,1,8,1,1,2,575242,167906,46,2,1,1,544,6,0,6,30,3,4,6,0,0,0,4,1,1,0,0,1,1,1,1,1,33,6,3,0,0,0,0,0,9,1,5
3,1,9,0,14,0,0,1,0,0,0,1,1,6,1,55,8,2497,2,9,1,1,2,495979,225548,40,2,1,3,424,6,0,6,60,0,4,6,0,0,0,1,1,3,0,0,2,1,1,1,1,33,6,3,0,0,0,0,0,9,1,5
3,1,9,0,18,0,0,2,0,1,6,3,1,6,2,48,8,998,1,1,1,1,2,303990,610285,98,2,1,2,917,2,74,3,70,0,4,6,0,0,0,1,5,2,0,0,2,1,1,1,2,48,8,3,0,0,0,0,0,9,1,9
3,1,9,0,18,0,0,0,0,0,0,1,1,1,1,69,10,1956,2,5,1,1,2,453117,342044,31,2,1,2,346,4,690,6,30,0,4,6,0,0,0,1,1,1,0,0,1,1,1,1,1,33,6,3,0,0,0,0,0,9,1,5
3,2,9,0,18,0,1,0,0,1,0,1,1,6,2,28,6,1598,1,8,3,1,2,304811,90424,50,2,1,5,580,3,3052,6,50,6,4,4,3179,0,0,6,1,1,0,0,2,1,1,1,1,33,6,3,0,0,0,0,0,9,1,5
3,2,5,0,15,0,8,0,0,0,0,1,1,6,1,26,6,748,1,10,1,1,2,451625,515704,17,2,1,2,243,3,172,6,30,3,4,6,0,0,0,1,1,1,0,0,1,1,1,1,1,26,6,3,0,0,0,0,0,5,1,1
3,2,3,0,18,0,2,0,0,0,0,1,1,1,1,25,5,124,1,3,1,2,2,530780,181890,1,2,2,3,2,3,401,6,30,6,4,6,0,0,1,4,1,2,0,0,1,1,2,1,1,25,5,3,0,0,0,0,0,3,1,2
2,1,9,0,18,0,0,0,0,0,0,1,1,6,2,91,11,1390,1,8,2,2,1,603904,222082,42,1,2,2,455,6,0,6,30,0,4,6,0,0,1,1,1,1,0,0,2,1,1,3,1,14,3,2,5,2,0,0,0,0,1,6
3,2,1,0,18,0,8,0,0,0,0,1,1,6,2,38,7,1598,1,8,1,1,2,531540,184800,1,2,1,5,3,3,1,6,30,8,4,6,0,0,0,1,1,1,0,0,1,2,1,1,2,38,7,3,0,0,0,0,0,1,1,5
2,2,3,0,13,0,8,0,0,0,0,4,1,2,1,23,5,124,1,4,2,1,2,426160,302161,23,2,1,3,290,4,5000,6,30,3,4,6,0,0,0,1,1,1,0,0,2,1,1,1,1,23,5,2,0,0,0,0,0,3,2,9
3,1,9,0,4,0,0,0,0,0,0,3,1,6,2,47,8,1461,2,2,3,1,1,326732,381957,5,1,1,5,95,3,540,6,30,0,4,6,0,0,0,1,1,1,0,0,1,1,1,3,2,11,3,3,5,3,0,0,0,0,1,7
3,1,9,0,14,0,0,0,0,0,0,1,1,6,2,23,5,998,1,8,1,1,2,385930,402570,6,2,1,7,102,3,664,6,30,0,4,6,0,0,0,1,1,1,0,0,1,1,1,3,1,35,6,3,5,2,0,0,0,0,1,5
3,1,9,0,18,0,0,0,0,0,0,2,1,6,1,51,8,1986,1,24,1,2,2,396256,301157,20,2,2,2,309,3,4124,6,30,0,4,6,0,0,0,4,1,2,0,0,1,1,1,1,1,51,8,3,0,0,0,0,0,9,1,2
2,2,1,0,18,0,8,0,0,0,0,1,1,6,2,39,7,1598,1,8,1,1,2,443708,103810,44,2,1,5,496,3,326,6,40,3,4,6,0,0,0,1,1,1,0,0,1,1,1,1,2,39,7,2,0,0,0,0,0,1,1,6
3,2,9,0,18,0,1,0,0,0,0,1,1,6,2,45,7,1598,1,8,1,2,2,258732,322958,60,2,2,6,722,3,496,6,30,3,4,6,0,0,0,1,1,1,0,0,2,1,2,1,2,45,7,3,0,0,0,0,0,9,1,5
3,2,9,0,18,0,4,0,0,0,0,1,1,4,2,26,6,1995,1,10,2,1,2,472392,174553,43,2,1,5,472,4,3345,1,30,2,4,4,3345,0,0,1,1,1,0,0,1,2,1,1,2,26,6,3,0,0,0,0,0,9,2,2
3,1,9,0,3,0,1,0,0,0,0,2,1,6,1,47,8,1598,1,8,1,2,2,546770,189170,1,2,2,5,14,4,177,7,30,5,4,3,12,0,0,1,1,1,0,0,2,2,1,1,1,47,8,3,0,0,0,0,0,9,1,5
3,1,9,0,18,0,1,0,0,0,0,1,1,1,2,28,6,1968,2,1,1,2,2,253118,660635,97,2,2,7,926,6,0,6,30,3,4,6,0,0,0,4,8,4,0,0,1,1,1,1,1,33,6,3,0,0,0,0,0,9,1,5
3,2,9,0,4,0,8,0,0,0,0,2,1,6,2,39,7,1398,1,3,1,1,2,391658,324674,21,2,1,6,255,3,34,6,30,3,4,6,40,0,0,1,1,1,0,0,1,2,1,1,2,39,7,3,0,0,0,0,0,9,1,4
3,1,9,0,18,0,0,0,0,0,0,0,1,6,3,34,6,1598,1,8,1,1,2,444210,265677,23,2,1,4,292,3,426,6,50,0,4,6,0,0,0,6,2,2,0,0,2,1,1,1,1,33,6,3,0,0,0,0,0,9,1,5
3,1,9,0,2,0,0,0,0,0,0,3,1,6,2,44,7,1685,2,3,1,1,2,330870,434580,4,2,1,1,71,6,0,3,30,0,4,6,0,0,0,1,1,1,0,0,1,1,1,1,1,33,6,3,0,0,0,0,0,9,1,5
3,1,11,0,18,0,8,0,0,0,0,3,1,1,1,37,7,6700,2,3,1,1,2,533870,190330,1,2,1,4,31,3,1010,6,30,8,4,6,0,0,0,1,1,1,0,0,1,1,1,2,1,47,8,3,0,0,0,4,0,11,1,2
3,1,9,0,5,0,4,0,0,0,0,1,1,6,2,27,6,1995,2,8,1,2,2,328454,700954,94,2,2,6,925,3,92,1,70,1,4,3,911,0,0,4,1,1,0,0,1,2,1,1,1,33,6,3,0,0,0,0,0,9,1,5
2,1,9,0,17,0,2,1,0,2,10,1,1,6,1,28,6,1590,1,14,3,1,1,413761,185571,54,1,1,7,633,4,4006,3,40,3,4,6,0,0,4,4,1,1,4,0,1,1,1,1,1,28,6,2,0,0,0,0,0,9,3,8
3,1,19,0,9,0,8,0,0,0,0,3,1,6,1,31,6,2198,2,8,1,2,2,522230,305930,35,2,2,7,394,4,1443,1,60,1,4,6,0,0,0,1,1,1,0,0,2,1,1,1,1,33,6,3,0,0,0,0,0,9,1,5
3,1,9,0,18,0,0,0,0,5,6,3,1,1,1,29,6,999,1,8,1,1,1,429046,177550,54,1,1,7,635,1,4,3,70,0,4,6,0,0,0,1,1,1,0,0,2,1,1,1,1,29,6,3,0,0,0,0,0,9,1,1
2,1,3,0,18,0,1,0,0,0,0,1,1,1,1,30,6,125,1,2,1,2,1,531940,181110,48,1,2,6,570,5,0,6,20,3,4,6,0,0,8,1,1,1,0,0,1,1,2,3,1,12,3,3,5,3,0,0,0,0,1,5
3,1,9,0,9,0,6,0,0,3,10,1,1,1,1,21,5,1598,1,8,1,2,2,508171,192414,41,2,2,5,436,6,63,6,40,3,4,6,20,0,0,1,1,1,0,0,1,1,1,1,1,21,5,3,0,0,0,0,0,9,1,10
3,1,9,0,5,0,8,0,0,0,0,3,1,6,1,87,11,1798,1,4,2,3,2,452145,92156,44,2,3,3,505,3,3054,6,50,3,4,6,0,0,0,4,1,1,0,0,2,1,1,1,1,87,11,3,0,0,0,0,0,9,2,8
3,1,9,0,18,0,0,0,0,0,0,1,1,6,2,58,9,1598,1,5,1,1,3,258013,665358,97,3,1,3,926,1,8,3,50,0,4,6,0,0,0,4,1,1,0,0,1,1,1,1,1,33,6,3,0,0,0,0,0,9,1,5
3,4,11,0,18,0,0,0,0,0,0,0,1,6,1,54,8,7300,2,6,1,7,4,362319,388994,7,4,7,3,128,3,57,6,30,0,4,6,0,0,0,1,1,1,0,0,1,1,6,2,2,79,11,3,0,0,2,4,0,11,1,5
3,1,9,0,9,0,1,0,0,0,0,0,1,6,3,38,7,1598,1,8,1,2,3,401119,101319,55,3,2,3,647,4,3078,6,60,3,4,6,0,0,0,1,2,2,0,0,2,1,1,1,1,33,6,3,0,0,0,0,0,9,1,5
2,2,9,0,3,0,5,0,0,0,0,2,1,2,2,49,8,1596,1,5,1,2,2,526892,119965,47,2,2,5,563,3,23,7,60,5,4,3,2300,0,0,1,1,1,0,0,2,1,2,1,2,49,8,3,0,0,0,0,0,9,1,5
3,3,9,0,18,0,1,0,0,0,0,1,1,6,2,20,4,1242,1,7,3,1,3,470619,519353,17,3,1,6,241,3,174,6,30,3,4,6,0,0,0,1,1,1,0,0,2,1,1,1,1,33,6,3,0,0,0,0,0,9,1,5
3,1,11,0,3,0,8,0,0,0,0,0,1,1,2,45,7,6700,2,8,1,1,1,531130,177510,1,1,1,5,9,3,3,6,30,3,4,6,0,0,0,1,1,1,0,0,1,1,1,2,1,33,6,3,0,0,0,2,0,11,1,3
3,1,9,0,10,0,8,0,0,0,0,2,1,6,1,48,8,1598,1,8,1,2,2,442586,113320,44,2,2,7,500,3,335,6,30,8,4,6,0,0,4,1,1,1,0,0,1,1,2,2,2,54,8,3,0,0,1,0,0,9,1,7
3,1,9,0,1,0,2,0,0,0,0,3,1,3,2,38,7,1850,1,15,1,1,1,493360,181694,43,1,1,5,473,6,7302,6,30,3,4,6,7302,0,0,1,1,1,0,0,1,2,1,3,2,29,6,3,5,3,0,0,0,0,1,4
3,1,9,0,4,0,1,1,0,0,0,1,1,6,1,38,7,1870,2,15,1,1,2,407000,295340,20,2,1,7,307,4,4149,3,30,1,4,3,4041,0,0,4,1,2,0,0,1,2,1,1,1,33,6,3,0,0,0,0,0,9,1,5
3,2,19,0,11,0,1,0,0,0,0,4,1,6,1,38,7,1968,2,3,1,1,2,458063,339902,31,2,1,6,346,3,612,2,30,6,2,4,686,0,5,4,1,1,4,0,1,1,1,1,1,33,6,3,0,0,0,0,0,19,1,6
3,1,9,0,13,0,0,2,0,1,0,2,1,2,2,47,8,1392,1,20,1,1,2,337748,289089,22,2,1,3,286,3,489,6,60,0,4,6,0,0,0,1,8,2,0,0,2,1,1,1,2,47,8,3,0,0,0,0,0,9,1,2
3,1,9,0,18,0,1,0,0,0,0,4,1,6,3,38,7,1598,1,8,1,1,1,439769,113993,44,1,1,6,500,3,3057,6,30,6,2,6,0,0,5,1,1,1,0,0,1,2,1,3,2,21,5,3,6,9,0,0,0,0,1,5
3,1,1,0,9,0,8,0,0,0,0,4,1,4,2,16,4,1598,1,8,1,1,2,529574,105240,47,2,1,3,565,4,2120,6,20,6,4,6,0,0,0,1,1,1,0,0,1,1,1,1,2,16,4,3,0,0,0,0,0,1,1,5
2,1,9,0,17,0,8,2,0,7,10,1,1,6,1,24,5,1149,1,19,1,2,1,383950,429780,4,1,2,2,72,6,0,6,60,9,4,6,0,0,0,6,1,1,0,0,2,1,2,2,1,20,4,3,0,0,1,0,0,9,1,1
3,1,3,0,18,0,0,0,0,0,0,4,1,6,1,39,7,124,1,2,1,1,1,525130,180400,1,1,1,2,12,3,402,3,30,0,4,6,0,0,1,1,1,1,0,0,1,1,1,3,2,36,7,3,4,1,0,0,2,0,1,7
1,1,9,0,17,0,0,0,0,1,4,1,1,6,1,18,4,1149,1,12,2,3,1,616720,160300,46,1,3,1,531,5,247,6,60,0,4,6,0,0,0,6,1,2,0,0,2,1,3,2,1,18,4,3,0,0,2,0,0,9,1,2
3,2,1,0,18,0,1,0,0,0,0,4,1,2,1,23,5,1598,1,8,3,1,2,533230,180940,48,2,1,2,570,5,0,6,30,3,4,5,0,0,0,4,1,1,0,0,1,1,1,1,1,33,6,3,0,0,0,0,0,9,1,5
3,1,9,0,3,0,0,0,0,0,0,1,1,6,1,48,8,1598,1,8,1,1,2,546920,123671,47,2,1,3,556,6,0,6,30,0,4,6,0,0,0,1,1,1,0,0,1,2,1,1,1,33,6,3,0,0,0,0,0,9,1,5
3,1,9,0,4,0,0,0,0,0,0,2,1,6,2,33,6,1598,1,8,2,3,4,485460,157330,44,4,3,6,499,1,3,3,50,0,4,6,0,0,0,6,1,1,3,0,1,1,1,1,2,33,6,3,0,0,0,0,0,9,2,5
3,1,9,0,9,0,6,1,0,0,0,1,1,6,3,38,7,1598,1,11,1,2,3,361267,169584,52,3,2,3,601,6,0,6,20,3,4,6,0,0,0,1,1,1,0,0,1,1,1,1,1,33,6,3,0,0,0,0,0,9,1,5
3,1,9,0,9,0,6,0,0,0,0,3,1,6,2,83,11,1598,1,6,1,1,2,425411,440435,13,2,1,3,204,6,0,6,30,3,4,6,0,0,0,1,1,2,0,0,1,1,1,1,2,83,11,3,0,0,0,0,0,9,1,5
3,2,11,0,18,0,0,0,0,0,0,0,1,1,1,52,8,1598,1,8,2,2,2,227360,250390,63,2,2,3,750,4,4333,6,60,0,4,6,0,0,0,1,1,1,0,0,2,1,2,1,1,52,8,3,0,0,0,0,0,11,2,5
3,2,9,0,18,0,1,0,0,0,0,1,1,6,2,32,6,1598,2,3,1,2,2,429956,425128,13,2,2,4,204,3,650,6,30,3,4,6,0,0,0,4,1,2,0,0,1,1,2,1,2,32,6,3,0,0,0,0,0,9,1,5
3,3,9,0,4,0,0,0,0,0,0,2,1,6,1,49,8,1968,2,1,3,7,6,502914,178182,43,6,7,3,473,1,4,3,70,0,4,6,0,0,0,1,1,1,0,0,2,1,2,1,1,49,8,3,0,0,0,0,0,9,3,7
3,2,21,0,18,0,8,0,0,0,0,2,1,1,1,31,6,5480,2,9,1,1,2,429672,562400,10,2,1,3,146,3,185,6,30,6,2,6,6032,0,5,1,1,1,0,0,1,1,1,1,1,33,6,3,0,0,0,0,0,9,1,5
3,1,8,0,18,0,0,0,0,0,0,4,1,1,1,33,6,1997,2,6,1,1,1,334685,390006,5,1,1,1,91,6,0,2,30,0,4,6,0,0,0,1,1,1,0,0,1,1,1,3,1,42,7,3,5,1,0,0,0,0,1,2
2,2,1,0,18,0,0,0,0,0,0,3,1,6,1,24,5,1598,1,8,1,1,2,379928,151463,52,2,1,5,606,6,0,6,20,0,4,6,0,0,0,1,1,1,0,0,2,1,1,1,1,24,5,2,0,0,0,0,0,1,1,5
3,2,9,0,2,0,0,0,0,0,0,2,1,6,1,60,9,1870,2,11,1,1,2,372936,163202,52,2,1,2,611,6,0,6,20,0,4,6,0,0,0,4,2,2,0,0,1,1,1,1,1,33,6,3,0,0,0,0,0,9,1,5
3,2,9,0,18,0,8,0,0,0,0,1,1,6,1,50,8,2993,2,6,1,2,2,431310,321750,30,2,2,3,328,5,84,6,60,3,4,5,29,0,0,1,1,1,0,0,2,1,2,2,1,11,3,3,0,0,1,0,0,9,1,5
3,2,9,0,18,0,1,0,0,1,0,1,1,6,2,80,11,1995,2,8,3,2,2,345956,360464,7,2,2,3,130,3,41,6,50,3,4,5,810,0,0,1,1,2,0,0,2,1,2,1,2,80,11,3,0,0,0,0,0,9,3,7
2,1,9,0,18,0,0,2,0,4,7,1,1,6,2,24,5,1248,1,4,3,1,1,529228,211972,41,1,1,1,432,3,414,3,70,0,4,6,0,0,0,1,1,1,0,0,2,1,1,1,2,24,5,2,0,0,0,0,0,9,3,9
3,2,9,0,18,0,1,0,0,0,0,1,1,6,1,43,7,1149,1,1,3,1,3,441232,282178,23,3,1,4,292,4,4029,6,50,3,4,6,0,0,0,1,1,1,0,0,2,1,1,1,1,43,7,3,0,0,0,0,0,9,3,8
2,1,8,0,9,0,8,0,0,0,0,3,1,1,1,36,7,1956,2,5,1,3,2,485518,236795,43,2,3,2,479,5,156,3,70,3,4,6,1069,0,0,1,1,2,0,0,1,1,3,1,1,36,7,3,0,0,0,0,0,8,1,7
3,1,19,0,9,0,5,0,0,0,0,1,1,1,1,40,7,2198,2,3,1,4,2,622183,311193,36,2,4,5,404,5,808,6,30,3,4,6,0,0,0,1,1,1,0,0,1,1,3,2,1,47,8,3,0,0,0,0,0,19,1,8
2,2,8,0,18,0,8,0,0,0,0,1,1,6,1,36,7,1968,2,1,1,6,3,560861,99797,47,3,6,7,551,6,0,6,30,3,4,6,0,0,0,1,1,1,0,0,1,1,5,2,2,73,10,3,0,0,1,0,0,8,1,7
3,1,8,0,9,0,8,0,0,0,0,3,1,1,1,56,9,1794,1,7,1,4,2,546490,188260,1,2,4,6,14,4,177,6,30,3,4,6,0,0,0,4,1,1,0,0,1,1,3,2,2,19,4,3,0,0,2,0,0,8,1,2
3,1,5,0,18,0,1,0,0,0,0,4,1,6,1,38,7,599,1,16,1,1,2,616990,165890,46,2,1,1,531,6,3130,6,30,6,4,6,0,0,0,1,1,1,0,0,2,2,1,1,1,33,6,3,0,0,0,0,0,5,1,5
3,1,9,0,4,0,0,0,0,0,0,4,1,3,2,30,6,1229,1,7,1,1,2,503965,223196,40,2,1,4,421,6,0,6,30,0,4,6,0,0,4,1,1,1,0,0,1,2,1,1,1,33,6,3,0,0,0,0,0,9,1,5
3,5,9,0,4,0,0,0,0,0,0,2,1,6,1,23,5,1499,2,8,1,1,5,408711,417829,13,5,1,6,203,1,62,3,70,0,4,6,0,0,0,1,1,1,0,0,2,1,1,1,1,33,6,3,0,0,0,0,0,9,1,5
3,2,9,0,12,0,8,0,0,0,0,3,1,6,2,38,7,1598,1,8,1,1,2,513510,174950,1,2,1,2,25,3,314,6,30,3,4,6,0,0,0,1,1,1,0,0,1,2,1,1,1,33,6,3,0,0,0,0,0,9,1,5
3,2,9,0,9,0,5,1,0,0,0,1,1,6,1,57,9,1995,2,8,1,3,2,412690,366610,30,2,3,4,329,3,515,6,50,3,4,5,211,0,0,6,1,2,0,0,2,1,2,2,2,28,6,3,0,0,2,0,0,9,1,5
3,2,9,0,18,0,1,0,0,0,0,3,1,6,2,55,8,1397,1,7,1,1,2,573062,108077,47,2,1,5,555,3,259,6,30,3,4,4,2098,0,0,1,1,1,0,0,1,1,1,1,2,55,8,3,0,0,0,0,0,9,1,5
1,2,21,0,17,0,0,0,0,1,0,1,1,1,1,49,8,9365,2,7,3,3,2,563947,317452,36,2,3,4,407,3,47,6,60,0,4,6,0,0,0,1,1,1,0,0,2,1,3,1,1,49,8,3,0,0,0,0,0,21,3,6
3,2,9,0,4,0,1,0,0,0,0,4,1,3,2,44,7,998,1,8,3,1,2,364422,218498,53,2,1,3,622,5,32,6,30,6,4,5,32,0,0,1,1,1,0,0,2,1,1,2,2,12,3,3,0,0,1,0,0,9,1,5
3,2,9,0,18,0,8,0,0,0,0,1,1,6,2,43,7,1200,1,8,1,1,2,413950,287310,20,2,1,6,300,6,0,6,30,6,4,6,0,0,0,1,1,1,0,0,1,1,1,1,2,43,7,3,0,0,0,0,0,9,1,3
2,1,9,0,9,0,8,0,0,0,0,3,1,1,1,29,6,1598,1,8,1,2,2,506269,155863,45,2,2,2,511,5,40,6,40,9,4,5,38,0,0,1,1,1,0,0,2,1,1,1,1,33,6,3,0,0,0,0,0,9,1,5
3,2,9,0,18,0,1,0,0,0,0,1,1,6,3,38,7,1598,1,8,1,1,2,531030,191300,1,2,1,2,31,6,0,6,30,6,4,6,0,0,0,1,1,1,0,0,1,2,1,1,1,33,6,3,0,0,0,0,0,9,1,5
3,2,19,0,9,0,5,0,0,0,0,1,1,6,1,40,7,1598,1,8,1,1,2,359757,177657,52,2,1,5,601,3,38,6,30,3,4,6,0,0,5,1,1,1,0,0,1,2,1,1,1,33,6,3,0,0,0,0,0,9,1,5
3,2,1,0,18,0,8,0,0,0,0,3,1,6,1,49,8,1598,1,8,1,1,2,531390,184340,1,2,1,4,3,4,515,6,30,6,2,4,515,0,5,4,1,1,0,0,1,1,1,1,1,49,8,3,0,0,0,0,0,1,1,4
3,1,9,0,9,0,8,0,0,0,0,1,1,3,1,57,9,1198,1,9,1,1,2,488921,268442,34,2,1,3,386,5,146,6,30,3,4,6,9447,0,0,1,1,1,0,0,1,1,1,1,1,33,6,3,0,0,0,0,0,9,1,5
2,2,9,0,18,0,1,0,0,0,0,0,1,1,1,33,6,1598,1,8,1,1,2,301572,374984,60,2,1,4,723,6,0,1,70,5,4,3,55,0,0,1,1,1,0,0,2,1,1,1,1,33,6,3,0,0,0,0,0,9,1,5
2,1,9,0,18,0,0,0,0,0,0,1,1,6,3,38,7,1598,1,8,1,1,1,535750,181560,1,1,1,6,5,5,0,6,30,0,4,6,0,0,0,1,1,1,0,0,1,2,1,3,1,17,4,2,5,1,0,0,2,0,1,2
2,2,9,0,1,0,0,0,0,0,0,2,1,6,2,25,5,1968,2,7,3,1,2,404453,460325,12,2,1,2,180,5,272,6,60,0,4,6,0,0,0,1,1,1,0,0,2,1,1,1,1,33,6,3,0,0,0,0,0,9,1,5
3,2,3,0,17,0,0,2,0,0,0,0,1,6,1,25,5,125,1,1,1,1,2,253706,55758,50,2,1,6,583,6,0,6,30,0,4,6,0,0,0,1,2,2,0,0,2,2,1,1,1,25,5,3,0,0,0,0,0,3,1,3
3,1,9,0,18,0,2,0,0,1,5,1,1,2,2,39,7,1200,1,13,1,1,1,446114,399163,14,1,1,1,213,3,6022,6,30,3,4,6,0,0,0,1,1,1,0,0,1,1,1,1,2,39,7,3,0,0,0,0,0,9,1,1
3,1,9,0,4,0,0,0,0,0,0,1,1,6,1,27,6,1896,2,10,1,1,1,458321,301533,33,1,1,6,364,6,59,6,30,0,4,6,0,0,0,1,1,1,0,0,1,1,1,3,1,36,7,3,9,9,0,0,0,0,1,3
3,2,5,0,18,0,1,0,0,0,0,1,1,2,1,50,8,1050,1,10,1,1,2,380490,358793,7,2,1,7,129,3,50,6,60,8,4,6,0,0,0,1,1,1,0,0,2,1,1,1,1,50,8,3,0,0,0,0,0,5,1,7
3,1,9,0,5,0,6,0,0,0,0,1,1,3,2,32,6,1968,2,1,1,2,2,524650,212420,41,2,2,3,438,6,442,6,30,6,4,6,407,0,0,1,1,1,0,0,1,1,2,2,2,7,2,3,0,0,1,0,0,9,1,3
3,1,9,0,18,0,0,1,0,1,4,1,1,1,1,59,9,1997,2,8,1,1,1,300581,584869,98,1,1,6,917,3,701,6,60,0,4,6,0,0,0,1,2,2,0,0,2,1,1,1,1,59,9,3,0,0,0,0,0,9,1,5
3,1,9,0,5,0,8,0,0,0,0,1,1,2,1,56,9,1560,2,10,1,1,2,423256,427241,13,2,1,6,203,3,62,6,30,3,4,6,0,0,0,4,1,1,0,0,1,1,1,1,1,33,6,3,0,0,0,0,0,9,1,5
3,1,9,0,18,0,3,0,0,0,0,3,1,6,2,20,4,1490,1,8,1,2,2,425516,563645,10,2,2,7,146,5,322,1,30,2,4,6,6032,0,0,4,2,2,4,0,1,1,1,1,2,20,4,3,0,0,0,0,0,9,1,4
3,2,8,0,18,0,8,0,0,0,0,3,1,6,1,47,8,1197,1,1,1,1,2,415062,418558,13,2,1,5,203,6,0,6,30,3,4,6,0,0,0,1,1,1,0,0,1,1,1,1,1,33,6,3,0,0,0,0,0,9,1,5
2,2,19,0,18,0,8,0,0,0,0,1,1,1,1,38,7,1598,1,8,1,2,2,510470,176810,1,2,2,1,25,3,4,3,40,6,2,3,4,0,5,4,1,1,0,0,1,1,2,1,1,38,7,2,0,0,0,0,0,19,1,5
3,2,9,0,18,0,0,0,0,0,0,1,1,6,2,23,5,1229,1,2,3,3,2,546735,371973,32,2,3,7,351,4,1196,6,30,0,4,6,0,0,0,1,2,2,0,0,2,1,1,1,2,23,5,3,0,0,0,0,0,9,3,4
3,1,5,0,18,0,2,0,0,0,0,1,1,6,1,26,6,599,1,7,1,1,1,525040,177520,1,1,1,7,11,4,317,6,30,3,4,6,0,0,1,4,2,2,0,0,1,1,1,3,2,48,8,3,1,1,0,0,2,0,1,5
3,1,9,0,18,0,1,0,0,0,0,2,1,6,2,55,8,1596,1,13,1,1,3,364529,352401,7,3,1,4,129,3,534,6,30,9,4,5,532,0,0,1,1,1,0,0,1,1,1,1,2,55,8,3,0,0,0,0,0,9,1,4
3,1,1,0,18,0,8,0,0,0,0,1,1,4,1,15,3,1598,1,8,1,1,2,432264,567574,10,2,1,6,148,6,2066,6,30,3,4,6,2066,0,0,1,1,1,0,0,1,2,1,1,1,15,3,3,0,0,0,0,0,1,1,2
3,1,19,0,6,0,0,0,0,0,0,3,1,6,1,52,8,2198,2,1,1,1,2,532350,180150,1,2,1,4,8,3,3200,6,30,0,4,6,0,0,4,1,1,1,0,0,1,1,1,1,1,33,6,3,0,0,0,0,0,9,1,5
3,1,9,0,18,0,2,0,0,0,0,3,1,6,1,24,5,998,1,2,1,2,2,537540,181270,1,2,2,7,5,6,0,6,30,3,4,6,0,0,1,1,1,1,0,0,1,1,1,2,2,20,4,3,0,0,1,0,0,9,1,1