accident_severity,vehicle_reference,vehicle_type,towing_and_articulation,vehicle_manoeuvre,vehicle_location-restricted_lane,junction_location,skidding_and_overturning,hit_object_in_carriageway,vehicle_leaving_carriageway,hit_object_off_carriageway,1st_point_of_impact,was_vehicle_left_hand_drive?,journey_purpose_of_driver,sex_of_driver,age_of_driver,age_band_of_driver,engine_capacity_(cc),propulsion_code,age_of_vehicle,driver_home_area_type,NUmber_of_Casualities_unique_to_accident_index,No_of_Vehicles_involved_unique_to_accident_index,location_easting_osgr,location_northing_osgr,police_force,number_of_vehicles,number_of_casualties,day_of_week,local_authority_(district),1st_road_class,1st_road_number,road_type,speed_limit,junction_detail,junction_control,2nd_road_class,2nd_road_number,pedestrian_crossing-human_control,pedestrian_crossing-physical_facilities,light_conditions,weather_conditions,road_surface_conditions,special_conditions_at_site,carriageway_hazards,urban_or_rural_area,did_police_officer_attend_scene_of_accident,casualty_reference,casualty_class,sex_of_casualty,age_of_casualty,age_band_of_casualty,casualty_severity,pedestrian_location,pedestrian_movement,car_passenger,bus_or_coach_passenger,pedestrian_road_maintenance_worker,casualty_type,casualty_home_area_type,casualty_imd_decile
3,1,9,0,18,0,0,0,0,1,7,1,1,6,2,34,6,1998,1,11,1,1,2,502571,167922,45,2,1,1,514,1,3,3,70,0,4,6,0,0,0,7,9,1,0,0,2,2,1,1,2,34,6,3,0,0,0,0,0,9,1,6
2,1,9,0,18,0,1,0,0,0,0,1,1,6,1,32,6,1598,1,8,1,1,1,424134,562204,10,1,1,6,146,3,184,3,40,5,4,3,184,0,0,4,1,1,0,0,1,1,1,3,1,46,8,2,8,4,0,0,0,0,1,1
3,1,9,0,18,0,1,0,0,0,0,1,1,2,2,32,6,1598,2,2,1,1,2,448544,191138,43,2,1,5,483,3,34,3,70,5,4,3,34,0,0,1,1,1,4,0,2,2,1,1,2,32,6,3,0,0,0,0,0,9,1,9
3,2,9,0,17,0,1,0,0,0,0,1,1,6,1,56,9,1968,2,2,1,2,2,449857,245750,21,2,2,7,257,6,0,6,30,6,3,6,0,0,0,4,3,3,0,0,2,2,1,2,2,57,9,3,0,0,0,0,0,9,1,7
3,2,9,0,9,0,1,0,0,0,0,3,1,2,1,27,6,1061,1,9,1,1,2,413892,104888,55,2,1,3,647,4,3081,6,40,3,4,3,31,0,0,1,1,1,0,0,2,1,1,1,1,27,6,3,0,0,0,0,0,9,1,9
3,1,9,0,5,0,0,0,0,0,0,3,1,1,1,38,7,1598,1,8,1,1,2,484891,186561,43,2,1,2,480,5,80,6,30,0,4,6,0,0,0,1,1,1,0,0,1,3,1,1,1,33,6,3,0,0,0,0,0,9,1,5
3,2,5,0,4,0,1,0,0,0,0,2,1,2,1,48,8,998,1,4,1,1,2,546990,183610,1,2,1,3,16,3,13,3,40,6,2,5,0,0,5,1,2,2,0,0,1,1,1,1,1,48,8,3,0,0,0,0,0,5,1,2
3,2,9,0,7,0,8,0,0,0,0,1,1,6,1,59,9,1998,1,9,2,1,2,357438,180821,52,2,1,6,612,6,0,1,40,1,4,3,4018,0,0,4,1,1,0,0,1,2,1,1,1,33,6,3,0,0,0,0,0,9,1,5
3,2,9,0,18,0,8,0,0,0,0,1,1,6,1,24,5,1229,1,10,1,1,2,555780,175130,46,2,1,3,532,3,282,1,70,1,2,6,0,0,0,1,1,1,0,0,1,1,1,1,1,24,5,3,0,0,0,0,0,9,1,3
3,1,9,0,18,0,1,0,0,0,0,1,1,6,1,35,6,1598,1,8,3,1,2,212320,206420,63,2,1,5,752,3,478,6,30,8,4,6,0,0,8,1,1,1,0,0,2,1,1,1,1,33,6,3,0,0,0,0,0,9,1,5
3,3,9,0,3,0,0,0,0,0,0,2,1,6,2,34,6,1598,1,8,2,4,3,399720,384560,30,3,4,7,325,3,6,6,30,0,4,6,0,0,0,4,1,1,4,0,1,1,3,1,2,34,6,3,0,0,0,0,0,9,2,7
3,1,9,0,11,0,0,0,0,0,0,0,1,6,2,34,6,1598,2,4,3,1,2,503479,105756,47,2,1,7,558,3,27,3,50,0,4,6,0,0,0,1,1,1,0,0,2,1,1,1,1,33,6,3,0,0,0,0,0,9,1,5
3,2,9,0,18,0,0,0,0,4,6,4,1,6,2,40,7,1870,2,17,1,3,2,534270,199980,1,2,3,3,32,1,25,3,70,0,4,6,0,0,0,1,1,1,0,0,2,1,3,2,1,14,3,3,0,0,2,0,0,9,1,4
3,4,9,0,4,0,2,0,0,0,0,2,1,6,1,45,7,1992,2,8,1,3,4,518752,200843,41,4,3,4,33,4,5378,6,30,3,4,5,84,0,0,1,1,1,0,0,2,1,3,1,1,45,7,3,0,0,0,0,0,9,1,9
3,2,9,0,16,0,0,1,0,0,0,4,1,3,1,27,6,2497,2,6,1,5,3,504200,136417,45,3,5,4,517,3,281,6,50,0,4,6,0,0,0,1,4,2,0,0,2,1,4,2,1,18,4,3,0,0,2,0,0,9,3,6
3,1,9,0,18,0,0,0,0,0,0,1,1,6,1,63,9,1598,1,8,3,2,2,599296,261616,37,2,2,6,413,3,14,3,70,0,4,6,0,0,0,6,1,1,0,0,2,1,1,1,1,63,9,3,0,0,0,0,0,9,3,8
3,2,9,0,9,0,1,0,0,0,0,3,1,6,2,62,9,1598,1,8,3,2,2,314610,222290,63,2,2,3,753,3,40,6,30,7,4,4,4560,0,0,1,1,1,0,0,2,1,2,1,2,62,9,3,0,0,0,0,0,9,3,5
3,2,9,0,3,0,2,0,0,0,0,2,1,2,2,43,7,1200,1,13,3,1,3,389710,299410,20,3,1,6,309,3,41,6,30,6,4,6,0,0,4,1,1,1,0,0,1,1,1,1,1,33,6,3,0,0,0,0,0,9,1,5
3,2,2,0,18,0,1,0,0,0,0,1,1,6,1,16,4,49,1,2,3,1,2,565780,141900,46,2,1,2,543,6,411,6,30,3,4,6,0,0,0,1,1,1,0,0,2,1,1,1,1,16,4,3,0,0,0,0,0,2,3,7
3,2,9,0,3,0,0,0,0,0,0,2,1,6,2,37,7,999,1,5,1,1,2,457490,343175,31,2,1,4,346,3,60,6,30,0,4,6,0,0,4,4,1,2,0,0,1,2,1,1,2,37,7,3,0,0,0,0,0,9,1,1
3,2,9,0,3,0,0,0,0,0,0,2,1,6,2,40,7,2616,1,9,3,2,2,352840,434170,4,2,2,3,79,3,6,6,30,0,4,6,0,0,0,4,1,1,4,0,2,1,1,1,2,40,7,3,0,0,0,0,0,9,3,8
2,1,19,0,18,0,0,0,0,0,0,0,1,1,2,30,6,1598,1,8,2,3,1,598460,146270,46,1,3,5,530,1,20,3,70,0,4,6,0,0,0,1,1,1,0,0,2,1,1,1,2,30,6,3,0,0,0,0,0,19,2,9
3,1,9,0,18,0,8,0,0,0,0,1,1,1,1,55,8,1596,1,5,3,1,2,414911,324790,21,2,1,5,251,3,515,6,60,6,3,4,5234,0,0,1,1,1,0,0,2,2,1,1,1,55,8,3,0,0,0,0,0,9,3,9
3,1,8,0,18,0,8,0,0,0,0,1,1,1,1,52,8,1791,8,4,1,2,2,549080,184250,1,2,2,7,16,3,1240,6,30,6,4,6,0,0,1,4,1,1,0,0,1,1,1,1,1,52,8,3,0,0,0,0,0,8,1,2
3,1,9,0,13,0,0,1,0,0,0,1,1,6,1,24,5,1360,1,11,2,1,3,310840,540320,3,3,1,7,60,3,596,6,60,0,4,6,0,0,0,6,1,1,0,0,2,1,1,1,1,33,6,3,0,0,0,0,0,9,1,5
3,1,9,0,6,0,8,0,0,0,0,3,1,6,1,37,7,1598,1,8,1,2,2,394090,296910,20,2,2,1,309,3,41,6,30,3,4,4,4162,0,0,1,1,1,0,0,1,1,1,1,1,33,6,3,0,0,0,0,0,9,1,5
3,1,9,0,18,0,0,2,0,1,7,1,1,6,2,54,8,1248,1,4,1,1,1,458363,216506,43,1,1,1,481,1,40,3,70,0,4,6,0,0,0,6,1,2,0,0,2,1,1,1,2,54,8,3,0,0,0,0,0,9,1,8
3,2,9,0,18,0,0,0,0,0,0,1,1,6,1,81,11,1992,2,9,1,4,2,321500,126595,52,2,4,5,608,6,0,6,30,0,4,6,0,0,0,1,1,1,0,0,1,1,2,1,1,81,11,3,0,0,0,0,0,9,1,6
3,1,1,0,18,0,1,0,8,0,0,1,1,1,1,35,6,1598,1,8,1,1,2,545340,187160,1,2,1,4,14,5,0,6,30,3,4,6,0,0,1,1,1,1,0,0,1,1,1,1,1,35,6,3,0,0,0,0,0,1,1,5
3,2,1,0,18,0,1,0,0,0,0,1,1,6,1,11,3,1598,1,8,1,1,2,338690,554580,3,2,1,2,62,6,0,6,30,3,4,6,0,0,0,1,1,1,0,0,1,1,1,1,1,11,3,3,0,0,0,0,0,1,1,4
3,1,9,0,4,0,0,0,0,0,0,1,1,6,1,25,5,1360,1,13,1,1,2,530630,180800,1,2,1,3,1,3,301,3,30,0,4,6,0,0,5,1,1,1,0,0,1,1,1,1,1,33,6,3,0,0,0,0,0,9,1,5
3,2,9,0,3,0,8,0,0,0,0,2,1,6,2,76,11,1390,1,6,3,1,2,414505,129189,54,2,1,6,635,3,338,1,30,1,4,6,0,0,0,1,1,1,0,0,2,2,1,1,2,76,11,3,0,0,0,0,0,9,3,7
1,3,19,0,17,0,0,0,0,1,0,3,1,1,1,37,7,1248,2,9,1,1,3,592656,299176,36,3,1,4,400,3,1075,6,60,0,4,6,0,0,0,1,1,1,0,0,2,1,1,1,1,33,6,3,0,0,0,0,0,9,1,5
3,1,9,0,18,0,1,0,0,0,0,1,1,2,2,28,6,1598,1,11,1,2,3,455381,203663,43,3,2,4,482,4,480,6,30,3,4,6,0,0,0,1,1,1,0,0,1,1,1,1,1,33,6,3,0,0,0,0,0,9,1,5
3,2,9,0,17,0,0,0,0,0,0,1,1,6,1,45,7,1598,1,8,1,1,2,523548,324263,32,2,1,5,354,6,0,6,60,0,4,6,0,0,0,1,1,1,0,0,2,1,1,1,1,33,6,3,0,0,0,0,0,9,1,5
3,1,9,0,18,0,2,0,0,0,0,1,1,2,2,28,6,998,1,1,1,1,1,334366,390416,5,1,1,5,91,6,0,2,30,6,2,6,0,0,0,1,2,2,0,0,1,1,1,3,1,57,9,3,5,1,0,0,0,0,1,1
2,1,19,0,9,0,5,0,0,0,0,4,1,6,3,38,7,1598,1,8,1,1,2,611991,302710,36,2,1,5,406,6,0,6,30,3,4,6,0,0,0,4,1,1,0,0,1,2,1,1,1,33,6,3,0,0,0,0,0,9,1,5
3,1,9,0,16,0,8,0,0,0,0,1,1,6,1,45,7,1598,1,8,1,1,2,531800,167220,1,2,1,6,20,5,0,6,30,6,4,6,0,0,0,1,1,1,0,0,1,1,1,1,1,33,6,3,0,0,0,0,0,9,1,5
2,1,1,0,16,0,0,1,0,0,0,0,1,6,1,21,5,1598,1,8,1,1,1,497273,146102,45,1,1,3,517,6,5406,6,30,0,4,6,0,0,0,4,2,2,0,0,1,2,1,1,1,21,5,2,0,0,0,0,0,1,1,10
3,2,19,0,2,0,0,0,0,0,0,3,1,6,3,38,7,1598,1,8,1,1,2,253110,200330,63,2,1,3,751,4,4297,6,30,0,4,6,0,0,0,1,1,2,0,0,1,1,1,1,1,33,6,3,0,0,0,0,0,9,1,5
3,2,9,0,4,0,0,0,0,0,0,2,1,1,1,29,6,1149,1,12,1,1,2,413320,285280,20,2,1,5,300,6,0,6,30,0,4,6,0,0,0,4,1,1,0,0,1,2,1,1,1,29,6,3,0,0,0,0,0,9,1,6
3,1,9,0,18,0,8,0,0,1,0,1,1,6,1,44,7,1896,2,13,1,1,2,479618,262473,34,2,1,5,384,3,4500,6,30,6,2,6,8476,0,4,4,1,2,0,0,1,1,1,1,1,44,7,3,0,0,0,0,0,9,1,2
2,1,9,0,16,0,0,0,0,0,0,1,1,6,1,36,7,1998,2,10,3,2,2,500273,243720,40,2,2,2,420,5,70,6,60,0,4,6,0,0,0,6,1,1,0,0,2,1,1,2,1,43,7,2,0,0,1,0,0,9,1,5
3,1,1,0,18,0,8,0,0,0,0,1,1,6,1,27,6,1598,1,8,1,1,2,533230,182380,1,2,1,1,4,3,1202,6,30,3,4,6,0,0,0,1,1,1,0,0,1,2,1,1,1,27,6,3,0,0,0,0,0,1,1,3
2,1,9,0,10,0,1,0,0,0,0,1,1,6,1,38,7,1797,8,6,1,1,2,572407,208289,42,2,1,4,454,6,0,6,30,3,4,6,0,0,0,1,1,1,0,0,1,2,1,1,1,33,6,3,0,0,0,0,0,9,1,5
3,1,9,0,18,0,4,0,0,1,4,1,1,6,2,29,6,1587,1,10,1,5,1,434960,380090,30,1,5,1,327,3,61,1,40,1,4,3,61,0,0,1,1,1,0,0,2,1,1,1,2,29,6,3,0,0,0,0,0,9,1,5
3,2,9,0,3,0,0,0,0,0,0,2,1,6,2,40,7,1999,1,11,1,1,2,577912,168200,46,2,1,2,544,6,0,6,30,0,4,6,0,0,0,1,1,1,0,0,1,1,1,1,2,40,7,3,0,0,0,0,0,9,1,7
3,1,9,0,9,0,8,0,0,0,0,4,1,6,1,41,7,2792,1,13,1,1,2,530790,169180,1,2,1,1,20,3,23,6,30,3,4,6,0,0,0,4,1,1,0,0,1,1,1,1,1,33,6,3,0,0,0,0,0,9,1,5
3,2,9,0,5,0,4,0,0,0,0,4,1,1,1,49,8,1997,2,8,1,1,2,332860,442480,4,2,1,4,85,4,5412,1,30,1,4,3,585,0,0,1,1,1,0,0,2,1,1,1,1,33,6,3,0,0,0,0,0,9,1,5
3,1,9,0,4,0,0,0,0,0,0,2,1,6,2,35,6,2143,2,4,1,1,3,511300,183460,1,3,1,3,27,4,455,6,30,0,4,6,0,0,0,1,1,1,0,0,1,1,1,2,1,2,1,3,0,0,2,0,0,9,1,5
3,3,20,0,18,0,7,0,0,0,0,3,1,1,1,50,8,4250,2,13,1,1,3,543680,253660,35,3,1,3,395,1,11,3,70,5,4,1,11,0,0,1,1,1,0,0,2,1,1,1,1,33,6,3,0,0,0,0,0,9,1,5
3,2,9,0,4,0,0,0,0,0,0,2,1,2,1,27,6,1997,2,4,1,5,2,489699,235296,43,2,5,5,479,5,9009,6,60,0,4,6,0,0,0,4,1,2,0,0,1,1,5,2,2,32,6,3,0,0,2,0,0,9,1,5
2,2,1,0,3,0,4,0,0,0,0,2,1,1,1,43,7,1598,1,8,3,1,2,388468,335588,21,2,1,4,255,3,51,1,50,1,3,3,34,0,0,4,1,1,0,0,2,1,1,1,1,43,7,2,0,0,0,0,0,1,3,8
3,1,9,0,18,0,8,0,0,0,0,1,1,6,1,33,6,1390,1,8,1,1,2,544180,185980,1,2,1,3,14,6,0,1,30,2,4,6,0,0,0,1,1,1,0,0,1,1,1,1,1,33,6,3,0,0,0,0,0,9,1,5
3,1,9,0,18,0,0,0,0,0,0,1,2,1,1,21,5,1598,1,8,1,1,2,509411,320525,32,2,1,5,355,6,0,6,30,0,4,6,0,0,0,4,1,2,0,0,1,1,1,1,1,33,6,3,0,0,0,0,0,9,1,5
3,1,1,0,18,0,0,0,0,0,0,0,1,6,1,53,8,1598,1,8,1,1,2,507572,155259,45,2,1,2,511,6,247,6,30,0,4,6,0,0,0,1,1,1,0,0,2,2,1,1,1,53,8,3,0,0,0,0,0,1,1,10
3,3,9,0,18,0,1,0,0,0,0,0,1,1,1,40,7,1968,2,5,1,1,3,334348,396261,5,3,1,6,93,3,566,7,30,6,4,6,0,0,0,1,1,1,0,0,1,1,1,1,1,33,6,3,0,0,0,0,0,9,1,5
3,2,9,0,18,0,8,0,0,0,0,1,1,6,2,37,7,1598,1,14,1,3,2,386130,403660,6,2,3,6,102,3,664,6,30,3,4,6,0,0,0,1,2,2,0,0,1,1,3,2,2,7,2,3,0,0,2,0,0,9,1,2
3,2,9,0,9,0,8,0,0,0,0,1,1,6,1,28,6,1998,1,20,1,1,2,513060,184280,1,2,1,3,27,3,312,6,30,6,2,5,0,0,5,1,1,1,0,1,1,1,1,3,2,21,5,3,7,9,0,0,2,0,1,5
3,2,9,0,18,0,8,0,0,7,11,1,1,6,2,38,7,1997,2,14,3,1,2,625233,326646,36,2,1,7,405,5,423,6,60,6,4,5,274,0,0,6,2,2,0,0,2,1,1,1,2,38,7,3,0,0,0,0,0,9,3,5
3,3,9,0,4,0,0,0,0,0,0,2,2,6,2,23,5,1598,1,8,2,4,3,430612,570445,10,3,4,7,148,3,19,3,50,0,4,6,0,0,0,1,1,1,4,0,2,1,3,1,2,23,5,3,0,0,0,0,0,9,2,9
2,1,9,0,17,0,0,1,0,0,0,4,1,2,1,37,7,1299,1,15,1,5,2,495519,168454,43,2,5,2,474,3,329,6,50,0,4,6,0,0,0,4,2,2,0,0,2,1,1,1,1,37,7,3,0,0,0,0,0,9,1,5
3,1,9,0,18,0,0,0,0,4,6,3,1,6,1,31,6,1360,1,11,1,1,1,439695,464735,12,1,1,6,182,2,1,3,70,0,4,6,0,0,0,1,1,1,0,0,2,1,1,1,1,31,6,3,0,0,0,0,0,9,1,3
3,1,9,0,18,0,0,0,0,0,0,3,1,2,1,62,9,1598,1,8,1,2,3,608490,154350,46,3,2,2,530,3,28,6,50,0,4,6,0,0,0,1,1,1,0,0,2,1,1,1,1,33,6,3,0,0,0,0,0,9,1,5
3,2,1,0,9,0,8,0,0,0,0,3,1,1,1,46,8,1598,1,8,1,1,2,487304,167700,43,2,1,4,470,3,322,1,40,1,2,6,7002,0,7,1,1,1,0,0,1,1,1,1,1,46,8,3,0,0,0,0,0,1,1,4
3,2,9,0,1,0,8,0,0,0,0,2,1,6,1,38,7,2967,2,3,1,1,2,527670,181320,1,2,1,7,1,5,0,6,30,3,4,6,0,0,0,4,1,1,0,0,1,2,1,1,1,33,6,3,0,0,0,0,0,9,1,5
3,2,19,0,7,0,6,0,0,0,0,1,1,6,1,43,7,1997,2,9,1,1,2,450197,302249,33,2,1,5,360,4,582,6,40,8,4,6,6,0,0,1,1,1,0,0,2,1,1,1,1,33,6,3,0,0,0,0,0,9,1,5
3,1,9,0,9,0,8,0,0,0,0,2,1,2,2,45,7,1992,2,9,1,1,2,512740,175270,1,2,1,2,25,3,315,3,30,6,2,3,3063,0,5,1,1,1,0,0,1,2,1,1,2,45,7,3,0,0,0,0,0,9,1,7
2,1,9,0,18,0,0,0,0,7,0,1,1,6,1,22,5,1598,1,1,3,3,2,314260,529670,3,2,3,3,60,3,66,6,60,0,4,6,0,0,0,1,1,1,0,0,2,1,1,1,1,22,5,2,0,0,0,0,0,9,3,4
2,1,9,0,18,0,8,0,0,0,0,1,1,6,1,20,4,1850,1,13,1,3,2,501888,221865,40,2,3,5,424,3,5,6,30,6,2,4,489,0,5,4,1,1,0,0,1,1,3,2,2,24,5,3,0,0,2,0,0,9,1,4
3,2,9,0,2,0,0,0,0,0,0,1,1,6,3,38,7,1984,1,15,1,1,2,582318,118791,47,2,1,7,555,3,28,6,30,0,4,6,0,0,0,6,1,1,0,0,2,1,1,1,1,33,6,3,0,0,0,0,0,9,1,5
3,2,9,0,2,0,8,0,0,0,0,2,1,6,1,38,7,1598,1,8,1,1,2,542480,183840,1,2,1,3,17,5,0,6,30,3,4,6,0,0,0,1,1,1,0,0,1,1,1,1,1,33,6,3,0,0,0,0,0,9,1,5
3,1,9,0,18,0,6,0,0,0,0,1,1,6,2,20,4,1124,1,12,1,1,2,435708,388062,14,2,1,3,215,6,0,6,30,6,4,6,0,0,0,4,2,2,0,0,1,1,1,1,1,33,6,3,0,0,0,0,0,9,1,5
3,2,9,0,18,0,4,0,0,0,0,2,1,6,2,55,8,1596,1,3,2,1,2,560792,180205,42,2,1,5,462,3,1012,1,40,1,4,3,13,0,0,4,2,2,0,0,2,1,1,1,2,55,8,3,0,0,0,0,0,9,2,4
3,1,9,0,18,0,4,0,0,0,0,1,1,6,2,51,8,1951,2,14,1,1,2,570225,189900,42,2,1,3,450,6,0,6,40,1,4,6,0,0,0,4,1,1,0,0,1,1,1,1,1,33,6,3,0,0,0,0,0,9,1,5
3,2,8,0,18,0,8,0,0,0,0,1,1,1,1,64,9,2664,2,16,1,2,2,330757,389629,5,2,2,4,95,6,0,6,30,6,4,6,0,0,0,1,1,1,0,0,1,1,2,2,1,22,5,3,0,0,2,0,0,8,1,3
2,1,1,0,7,0,0,2,0,7,0,3,1,6,1,20,4,1598,1,8,1,1,1,352240,459060,4,1,1,7,76,6,0,6,60,0,4,6,0,0,0,1,1,1,0,0,2,1,1,1,1,20,4,2,0,0,0,0,0,1,1,6
3,3,9,0,2,0,1,0,0,0,0,1,1,6,3,38,7,1598,1,4,1,2,3,508078,223787,40,3,2,4,421,6,0,6,30,3,4,6,0,0,0,1,1,1,0,0,1,1,1,1,1,33,6,3,0,0,0,0,0,9,1,5
3,1,3,0,4,0,8,0,0,0,0,4,1,6,1,43,7,124,1,3,1,1,2,508960,173770,1,2,1,6,25,3,315,6,30,3,3,6,0,0,0,1,1,1,0,0,1,1,1,1,1,43,7,3,0,0,0,0,0,3,1,5
2,4,9,0,4,0,0,0,0,0,0,2,1,6,1,26,6,1389,1,18,3,5,7,597390,159370,46,7,5,4,540,1,2,3,70,0,4,6,0,0,0,1,1,1,0,1,2,1,1,1,1,33,6,3,0,0,0,0,0,9,1,5
2,1,9,0,18,0,1,1,10,2,2,1,1,2,1,54,8,1398,1,14,1,1,1,466723,106417,44,1,1,7,498,4,2177,6,30,5,4,3,3,0,0,4,1,1,0,0,1,1,1,1,1,54,8,2,0,0,0,0,0,9,1,5
2,1,9,0,1,0,0,0,0,0,0,2,1,6,1,33,6,2143,2,5,1,1,1,509261,429016,16,1,1,2,228,6,0,2,20,0,4,6,0,0,0,1,1,1,0,0,1,1,1,3,1,79,11,2,5,3,0,0,0,0,1,8
3,2,9,0,16,0,0,0,0,0,0,0,1,6,2,27,6,1490,1,7,2,1,2,417480,170480,54,2,1,1,635,5,18,6,60,0,4,6,0,0,0,1,1,1,0,0,2,1,1,1,1,33,6,3,0,0,0,0,0,9,1,5
3,2,9,0,18,0,0,0,0,0,0,2,1,2,1,44,7,1596,1,13,1,1,2,425898,563720,10,2,1,3,146,6,6032,3,30,0,4,6,0,0,0,1,1,1,0,0,1,1,1,1,1,44,7,3,0,0,0,0,0,9,1,5
3,2,9,0,3,0,1,0,0,0,0,1,1,6,2,51,8,1390,1,8,1,1,3,385609,349272,21,3,1,3,253,3,527,1,30,1,4,3,500,0,0,4,2,1,0,0,2,2,1,1,1,33,6,3,0,0,0,0,0,9,1,5
3,1,9,0,18,0,0,0,0,0,0,4,1,6,1,50,8,1598,1,8,1,1,1,545970,173690,1,1,1,5,18,5,0,6,30,0,4,6,0,0,0,4,1,1,0,0,1,1,1,3,2,63,9,3,5,1,0,0,2,0,1,10
3,1,98,0,18,0,0,0,0,0,0,4,1,6,3,38,7,1598,1,8,1,1,2,325320,372382,60,2,1,5,724,6,0,6,30,0,4,6,0,0,0,1,1,1,0,0,1,2,1,1,1,33,6,3,0,0,0,0,0,9,1,5
3,1,9,0,18,0,0,1,0,1,9,1,1,6,2,65,9,1198,1,4,2,1,1,525010,357438,32,1,1,5,351,5,18,6,60,0,4,6,0,0,0,1,1,1,7,7,2,2,1,1,2,65,9,3,0,0,0,0,0,9,2,6
3,1,9,0,16,0,0,0,0,0,0,3,1,6,1,62,9,1349,1,6,1,1,2,424870,379980,30,2,1,1,329,3,6187,6,60,0,4,6,0,0,0,1,1,1,0,0,2,1,1,1,1,33,6,3,0,0,0,0,0,9,1,5
3,1,9,0,18,0,6,0,0,0,0,1,1,6,2,81,11,1298,1,3,1,1,2,332700,428560,4,2,1,6,74,6,0,6,30,6,4,6,0,0,0,1,1,1,4,0,1,1,1,1,2,81,11,3,0,0,0,0,0,9,1,8
3,1,9,0,3,0,1,0,0,0,0,2,1,6,1,36,7,2495,1,14,1,2,2,522510,168650,1,2,2,1,22,3,298,7,50,5,2,3,3,0,0,1,1,1,0,0,1,2,2,2,2,37,7,3,0,0,1,0,0,9,1,4
3,1,9,0,3,0,0,0,0,0,0,2,1,6,1,52,8,2987,2,2,1,1,2,416284,182833,54,2,1,6,633,4,4006,6,40,0,4,6,0,0,0,1,1,1,0,0,1,2,1,1,1,52,8,3,0,0,0,0,0,9,1,9
3,2,9,0,18,0,8,0,0,0,0,1,1,2,1,35,6,1998,1,10,1,1,2,409097,424849,13,2,1,4,202,6,0,6,20,8,4,6,0,0,0,1,1,1,0,0,1,1,1,1,1,33,6,3,0,0,0,0,0,9,1,5
3,1,4,0,18,0,0,0,0,0,0,1,1,6,1,53,8,399,1,1,1,1,2,522772,200779,41,2,1,2,33,2,1,3,70,0,4,6,0,0,0,4,5,2,0,0,2,1,1,1,1,53,8,3,0,0,0,0,0,4,1,8
3,2,9,0,3,0,0,0,0,0,0,2,1,6,2,81,11,1769,1,13,1,1,2,462658,107765,44,2,1,4,502,6,0,6,60,0,4,6,0,0,0,1,1,1,0,0,2,1,1,1,1,33,6,3,0,0,0,0,0,9,1,5
3,1,9,0,18,0,0,0,10,0,0,1,1,6,2,49,8,1850,1,15,1,3,1,592902,186490,42,1,3,1,460,6,0,6,30,0,4,6,0,0,0,1,1,1,0,0,1,1,1,1,2,49,8,3,0,0,0,0,0,9,1,3
3,2,21,1,18,0,0,0,0,1,4,1,1,1,1,43,7,1598,1,8,1,1,2,337420,562040,3,2,1,3,62,1,6,3,70,0,4,6,0,0,0,6,6,3,0,0,2,1,1,1,1,33,6,3,0,0,0,0,0,9,1,5
3,2,9,0,3,0,6,0,0,0,0,1,1,6,3,29,6,2993,2,9,1,1,2,617534,215269,42,2,1,6,461,3,133,6,30,7,4,6,0,0,0,1,1,1,0,0,1,1,1,2,2,27,6,3,0,0,1,0,0,9,1,2
2,1,9,5,16,0,0,0,0,0,0,0,1,6,3,38,7,1598,1,8,1,1,2,577019,234074,42,2,1,5,451,6,0,6,60,0,4,6,0,0,0,1,1,2,0,0,2,1,1,1,1,33,6,3,0,0,0,0,0,9,1,5
3,2,9,0,3,0,1,0,0,0,0,2,1,6,1,42,7,1461,2,7,1,1,2,384550,397170,6,2,1,3,102,3,34,6,30,3,2,5,0,0,5,1,1,1,0,0,1,1,1,2,2,39,7,3,0,0,1,0,0,9,1,1
3,3,20,0,18,9,0,0,0,0,0,3,1,6,1,41,7,2400,2,28,1,2,3,576187,163555,46,3,2,6,544,6,0,6,30,0,4,6,0,0,0,1,1,1,0,0,1,1,1,1,1,33,6,3,0,0,0,0,0,9,1,5
3,1,9,0,18,0,0,0,0,0,0,1,1,6,2,31,6,1598,2,4,1,2,2,484169,174162,43,2,2,3,474,1,4,3,70,0,4,6,0,0,0,1,1,1,0,0,2,1,1,1,2,31,6,3,0,0,0,0,0,9,1,3
3,1,9,0,9,0,1,0,0,0,0,2,1,6,1,30,6,1339,1,11,1,1,2,340370,555540,3,2,1,1,62,6,0,6,30,3,4,6,0,0,0,1,1,1,0,0,1,1,1,1,1,33,6,3,0,0,0,0,0,9,1,5
3,1,9,0,18,0,0,0,0,0,0,4,1,6,2,66,10,1242,1,4,2,1,1,439629,466825,12,1,1,1,182,4,6265,6,30,0,4,6,0,0,0,1,1,1,0,0,2,1,1,3,2,15,3,3,5,2,0,0,0,0,2,7
3,1,19,0,13,0,0,1,0,7,0,1,1,1,1,40,7,1598,1,8,1,2,2,459962,267027,34,2,2,2,381,3,5,6,60,0,4,6,0,0,0,1,1,1,0,0,2,1,1,1,1,33,6,3,0,0,0,0,0,9,1,5
3,1,9,0,3,0,1,0,0,0,0,2,1,6,2,49,8,1229,1,5,1,1,3,440490,354820,30,3,1,3,320,3,38,7,70,1,4,3,61,0,0,1,1,1,0,0,2,1,1,1,2,49,8,3,0,0,0,0,0,9,1,10
3,1,9,0,4,0,1,0,0,0,0,2,1,6,1,35,6,1596,1,13,1,1,2,544430,184040,1,2,1,5,16,6,0,6,30,3,4,6,0,0,0,1,1,2,0,0,1,1,1,1,1,33,6,3,0,0,0,0,0,9,1,5
3,1,9,0,4,0,1,0,0,0,0,2,1,6,1,29,6,1149,1,5,1,1,2,552030,182540,1,2,1,1,15,4,1335,3,30,1,2,3,1306,0,5,4,1,1,0,0,1,2,1,1,1,29,6,3,0,0,0,0,0,9,1,6