accident_severity,vehicle_reference,vehicle_type,towing_and_articulation,vehicle_manoeuvre,vehicle_location-restricted_lane,junction_location,skidding_and_overturning,hit_object_in_carriageway,vehicle_leaving_carriageway,hit_object_off_carriageway,1st_point_of_impact,was_vehicle_left_hand_drive?,journey_purpose_of_driver,sex_of_driver,age_of_driver,age_band_of_driver,engine_capacity_(cc),propulsion_code,age_of_vehicle,driver_home_area_type,NUmber_of_Casualities_unique_to_accident_index,No_of_Vehicles_involved_unique_to_accident_index,location_easting_osgr,location_northing_osgr,police_force,number_of_vehicles,number_of_casualties,day_of_week,local_authority_(district),1st_road_class,1st_road_number,road_type,speed_limit,junction_detail,junction_control,2nd_road_class,2nd_road_number,pedestrian_crossing-human_control,pedestrian_crossing-physical_facilities,light_conditions,weather_conditions,road_surface_conditions,special_conditions_at_site,carriageway_hazards,urban_or_rural_area,did_police_officer_attend_scene_of_accident,casualty_reference,casualty_class,sex_of_casualty,age_of_casualty,age_band_of_casualty,casualty_severity,pedestrian_location,pedestrian_movement,car_passenger,bus_or_coach_passenger,pedestrian_road_maintenance_worker,casualty_type,casualty_home_area_type,casualty_imd_decile
3,2,9,0,7,0,8,0,0,0,0,3,1,6,2,38,7,1598,1,8,1,1,2,537500,170090,1,2,1,5,19,3,2015,6,30,3,4,6,0,0,0,1,1,1,0,0,1,1,1,1,1,33,6,3,0,0,0,0,0,9,1,5
3,2,9,0,3,0,0,0,0,0,0,2,1,2,2,52,8,2393,1,11,1,8,6,517570,301360,35,6,8,2,394,3,47,3,70,0,4,6,0,0,0,1,1,1,4,0,1,1,3,1,2,52,8,3,0,0,0,0,0,9,1,6
3,3,9,0,4,0,1,0,0,0,0,2,1,6,2,55,8,1490,1,7,1,5,3,414195,434445,13,3,5,7,200,4,6144,3,30,1,4,6,0,2,4,4,1,2,0,0,1,1,3,2,2,55,8,3,0,0,2,0,0,9,1,3
3,2,9,0,11,0,0,0,0,0,0,3,1,6,1,38,7,1461,2,1,1,1,2,509920,172250,1,2,1,6,25,3,244,6,30,0,4,6,0,0,0,4,1,1,0,0,1,2,1,1,1,33,6,3,0,0,0,0,0,9,1,5
2,1,1,0,18,0,0,0,0,0,0,1,1,6,1,58,9,1598,1,8,1,1,2,348690,410360,4,2,1,3,84,6,0,6,60,0,4,6,0,0,0,1,1,1,0,0,2,1,1,1,1,58,9,2,0,0,0,0,0,1,1,5
3,1,9,0,18,0,0,0,0,0,0,4,1,6,1,35,6,1896,2,10,1,1,1,529580,181010,1,1,1,5,1,5,0,6,30,0,4,6,0,0,0,4,1,1,0,0,1,1,1,3,2,24,5,3,5,1,0,0,2,0,1,2
3,2,9,0,18,0,0,0,0,1,0,1,1,6,1,77,11,1397,1,7,1,2,2,334290,526880,3,2,2,1,64,3,66,6,60,0,4,6,0,0,0,1,1,1,0,0,2,1,2,1,1,77,11,3,0,0,0,0,0,9,1,7
3,2,9,0,4,0,0,0,0,0,0,2,1,6,1,32,6,2000,1,16,1,1,2,434179,567695,10,2,1,1,148,6,212,3,30,0,4,6,0,0,0,4,1,1,0,0,1,1,1,1,1,32,6,3,0,0,0,0,0,9,1,7
3,2,9,0,5,0,8,0,0,0,0,1,1,6,1,40,7,1339,8,6,1,1,2,535800,181170,1,2,1,5,5,3,13,6,30,3,4,6,0,0,4,4,1,1,0,0,1,1,1,1,1,33,6,3,0,0,0,0,0,9,1,5
3,3,11,0,2,0,1,0,0,0,0,2,1,1,1,57,9,871,2,16,1,1,3,391530,389330,6,3,1,5,109,3,626,6,30,3,4,6,0,0,0,1,1,1,0,0,1,1,1,1,1,33,6,3,0,0,0,0,0,9,1,5
3,1,9,0,11,0,0,1,0,0,2,3,1,6,1,45,7,1998,1,5,3,1,1,528143,140085,47,1,1,3,560,3,23,3,50,0,4,6,0,0,0,1,2,2,0,0,2,1,1,1,1,45,7,3,0,0,0,0,0,9,3,8
3,1,20,1,18,0,0,1,0,0,0,1,1,1,1,43,7,1598,1,8,1,1,4,531413,153079,45,4,1,6,516,1,25,3,70,0,4,6,0,0,0,1,1,1,0,0,2,1,1,1,1,33,6,3,0,0,0,0,0,9,1,5
3,5,9,0,3,0,1,0,0,0,0,2,2,6,1,63,9,1598,1,8,1,3,7,258728,711834,96,7,3,7,939,3,84,6,60,8,4,6,0,0,0,1,1,1,0,0,2,1,1,1,1,33,6,3,0,0,0,0,0,9,1,5
3,1,3,0,5,0,6,0,0,0,0,1,1,6,1,50,8,99,1,7,1,1,2,506286,205428,41,2,1,2,431,5,76,6,30,8,4,6,0,0,0,1,1,1,0,0,1,1,1,1,1,50,8,3,0,0,0,0,0,3,1,4
2,1,9,0,9,0,5,0,0,0,0,4,1,6,1,30,6,1596,1,13,1,1,2,364521,175493,52,2,1,5,612,6,0,6,30,3,4,6,0,0,0,4,1,2,0,0,1,1,1,1,1,33,6,3,0,0,0,0,0,9,1,5
3,1,9,0,18,0,0,0,7,5,6,1,1,2,2,39,7,2143,2,1,1,1,1,448480,421292,13,1,1,3,206,2,1,3,70,0,4,6,0,0,0,1,1,5,0,0,2,1,1,1,2,39,7,3,0,0,0,0,0,9,1,9
3,1,19,0,3,0,0,0,0,0,0,2,1,6,2,53,8,1998,2,12,1,2,2,533850,186370,1,2,2,4,4,3,10,2,20,0,4,6,0,0,0,1,2,2,0,0,1,1,1,1,2,53,8,3,0,0,0,0,0,19,1,1
3,2,9,0,18,0,8,0,0,0,0,1,1,6,1,18,4,1343,1,11,1,2,2,459182,310127,33,2,2,7,362,3,6,3,40,3,2,6,3300,0,5,1,1,1,0,0,2,1,1,1,1,18,4,3,0,0,0,0,0,9,1,10
3,1,9,0,18,0,6,0,0,0,0,3,1,6,3,38,7,1598,1,8,1,1,2,260790,281460,63,2,1,5,750,6,0,6,60,3,3,6,0,0,0,1,1,1,0,0,2,2,1,1,1,33,6,3,0,0,0,0,0,9,1,5
3,1,9,0,2,0,0,0,0,0,0,2,1,1,1,32,6,1598,1,8,1,2,2,456364,481629,12,2,2,7,185,3,170,6,60,0,4,6,0,0,0,1,1,1,0,0,2,1,2,2,1,31,6,3,0,0,2,0,0,9,1,3
3,1,9,0,18,0,8,0,0,0,0,3,1,6,2,27,6,1598,1,8,1,1,2,545270,259480,35,2,1,4,390,3,1134,1,30,1,4,3,1303,0,4,1,1,1,0,0,1,1,1,1,1,33,6,3,0,0,0,0,0,9,1,5
3,1,3,0,5,0,3,1,10,1,0,0,1,6,1,42,7,125,1,3,1,1,1,364939,391633,7,1,1,1,128,3,574,1,50,1,4,3,574,0,7,1,1,2,0,0,2,1,1,1,1,42,7,3,0,0,0,0,0,3,1,1
2,5,9,0,3,0,1,0,0,0,0,2,1,6,1,27,6,1390,1,11,1,2,5,623009,307911,36,5,2,6,404,3,147,3,30,6,2,5,866,0,5,1,1,1,0,0,1,1,1,1,1,33,6,3,0,0,0,0,0,9,1,5
2,1,21,1,13,0,0,0,0,0,0,1,1,1,1,49,8,12900,2,7,1,1,3,393783,213901,53,3,1,2,621,3,417,6,60,0,4,6,0,0,0,6,2,2,0,0,2,1,1,1,1,33,6,3,0,0,0,0,0,9,1,5
3,1,9,0,18,0,1,0,0,0,0,1,1,6,2,40,7,1598,1,8,1,1,2,525815,135731,47,2,1,4,560,3,23,1,40,1,4,3,2220,0,0,1,1,1,0,0,1,2,1,1,1,33,6,3,0,0,0,0,0,9,1,5
3,1,8,0,5,0,2,0,0,0,0,1,1,1,1,38,7,1797,8,4,1,1,1,532400,186770,1,1,1,1,4,4,105,6,30,3,4,6,0,0,0,4,1,1,0,0,1,2,1,3,2,37,7,3,9,5,0,0,2,0,1,3
3,2,3,0,18,0,1,0,0,1,10,1,1,6,1,17,4,125,1,8,1,1,2,388250,400540,6,2,1,7,102,6,0,6,20,3,4,6,0,0,0,4,4,1,0,0,1,2,1,1,1,17,4,3,0,0,0,0,0,3,1,1
3,1,9,0,3,0,4,0,0,0,0,2,1,6,2,19,4,1328,1,8,1,1,2,445242,390957,14,2,1,1,213,3,631,1,40,1,4,3,631,0,0,4,2,2,0,0,1,1,1,1,2,19,4,3,0,0,0,0,0,9,1,5
3,1,9,0,18,0,8,0,0,0,0,3,1,2,1,39,7,1590,1,15,1,1,2,513670,176460,1,2,1,6,25,3,3005,6,30,3,4,6,0,0,0,1,1,1,0,0,1,1,1,1,1,33,6,3,0,0,0,0,0,9,1,5
3,2,9,0,3,0,0,0,0,0,0,2,1,6,1,22,5,1242,1,14,1,1,2,630240,157490,46,2,1,4,533,5,220,6,30,0,4,6,0,0,0,1,8,2,0,0,2,2,1,2,2,19,4,3,0,0,1,0,0,9,1,5
3,2,9,0,18,0,6,0,0,7,10,1,1,6,1,28,6,1896,2,12,1,1,2,341720,408120,4,2,1,6,84,3,570,6,30,6,4,3,570,0,0,1,1,1,0,0,1,1,1,1,1,28,6,3,0,0,0,0,0,9,1,7
2,3,9,0,9,0,8,0,0,0,0,3,1,6,1,34,6,1796,1,7,1,3,3,518460,169880,1,3,3,2,23,6,0,6,30,3,4,6,0,0,0,4,1,1,0,0,1,1,3,2,2,23,5,3,0,0,1,0,0,9,1,6
3,2,9,0,18,0,8,0,0,0,0,3,1,6,2,55,8,1598,1,8,1,1,2,531790,167060,1,2,1,6,20,5,0,6,30,6,4,5,0,0,0,1,1,1,0,0,1,1,1,1,2,55,8,3,0,0,0,0,0,9,1,5
3,2,9,0,18,0,0,0,0,0,0,3,1,6,2,49,8,999,1,8,1,1,2,462883,301506,33,2,1,4,367,6,3221,6,30,0,4,6,0,0,0,1,1,1,0,0,1,1,1,1,1,33,6,3,0,0,0,0,0,9,1,5
3,1,9,0,9,0,8,0,0,0,0,3,1,6,1,31,6,1968,2,3,1,1,2,459440,304507,33,2,1,2,364,3,594,3,30,6,2,6,312,0,5,1,1,1,0,0,1,1,1,1,1,33,6,3,0,0,0,0,0,9,1,5
3,1,1,0,18,0,8,0,0,0,0,1,1,6,1,55,8,1598,1,8,1,1,2,527140,183700,1,2,1,1,2,4,525,6,30,3,4,5,0,0,1,1,1,1,0,0,1,2,1,1,1,55,8,3,0,0,0,0,0,1,1,9
3,1,11,0,4,2,8,0,0,0,0,1,1,1,1,47,8,6700,2,3,1,13,2,510340,181190,1,2,13,5,26,3,4020,3,30,8,4,6,0,0,4,1,1,1,0,0,1,1,4,1,1,47,8,3,0,0,0,0,0,11,1,5
3,2,9,0,7,4,1,0,0,0,0,4,1,6,2,28,6,1995,2,5,1,1,2,322555,124838,52,2,1,5,608,6,0,6,30,3,4,6,0,0,0,1,1,1,0,0,1,2,1,1,1,33,6,3,0,0,0,0,0,9,1,5
2,3,9,0,17,0,0,0,0,0,0,1,1,1,1,55,8,4196,1,13,3,2,3,185036,689862,97,3,2,3,913,3,816,6,60,0,4,6,0,0,0,1,1,1,0,0,2,1,1,1,1,33,6,3,0,0,0,0,0,9,1,5
3,2,9,0,18,0,4,0,0,0,0,1,1,6,2,40,7,1686,2,7,1,1,2,461682,187989,43,2,1,2,484,3,4074,1,60,1,4,3,4130,0,0,1,1,1,0,0,2,1,1,1,1,33,6,3,0,0,0,0,0,9,1,5
3,2,9,0,18,0,8,0,0,0,0,1,1,6,1,53,8,1598,1,8,1,1,2,341730,462370,4,2,1,2,76,3,589,6,30,7,2,4,5273,0,5,4,1,1,0,0,1,1,1,1,1,33,6,3,0,0,0,0,0,9,1,5
3,1,9,0,7,0,6,0,0,0,0,2,1,6,1,51,8,1598,1,8,1,1,2,406230,290300,20,2,1,6,300,6,0,6,30,6,4,6,0,0,0,1,9,1,0,0,1,2,1,1,1,51,8,3,0,0,0,0,0,9,1,3
3,1,9,0,7,0,8,0,0,0,0,3,1,6,1,76,11,1390,1,13,1,1,2,547070,169160,1,2,1,4,19,3,224,3,30,3,4,6,0,0,0,1,1,1,0,0,1,1,1,1,1,76,11,3,0,0,0,0,0,9,1,3
3,2,9,0,18,0,0,0,0,0,0,3,1,2,2,61,9,1248,2,6,1,2,2,629640,167740,46,2,2,4,541,6,11,6,60,0,4,6,0,0,0,1,1,4,0,0,2,1,2,1,2,61,9,3,0,0,0,0,0,9,1,7
3,2,9,0,10,0,0,0,0,0,0,3,1,6,2,39,7,1998,1,12,1,1,2,567960,189924,42,2,1,3,450,6,0,6,30,0,4,6,0,0,0,4,1,1,0,0,1,1,1,1,2,39,7,3,0,0,0,0,0,9,1,6
3,2,9,0,3,0,0,0,0,0,0,2,1,6,1,48,8,1995,2,10,1,4,2,333551,669628,95,2,4,5,929,3,720,3,70,0,4,6,0,0,0,1,1,1,0,0,2,1,4,2,2,10,2,3,0,0,2,0,0,9,1,5
3,1,9,0,7,0,2,0,0,1,10,1,1,6,1,43,7,1199,1,12,1,1,1,368570,307040,22,1,1,1,284,6,0,6,30,3,4,4,4373,0,1,1,1,2,0,0,1,1,1,1,1,43,7,3,0,0,0,0,0,9,1,5
2,1,5,0,16,0,0,2,0,0,0,4,1,6,1,55,8,750,1,7,1,1,1,285794,76070,50,1,1,5,585,4,3193,6,30,0,4,6,0,0,0,1,1,2,7,0,2,1,1,1,1,55,8,2,0,0,0,0,0,5,1,2
3,3,9,0,18,0,0,0,0,0,0,3,1,6,1,59,9,1797,8,2,1,2,3,358643,151445,52,3,2,1,606,3,39,9,60,0,4,6,0,0,0,1,5,2,0,0,2,2,1,1,1,33,6,3,0,0,0,0,0,9,1,5
3,3,9,0,16,0,1,0,0,0,0,1,1,6,1,29,6,1970,1,13,1,6,3,438062,398961,14,3,6,4,210,6,0,6,60,3,4,6,0,0,0,1,1,1,0,0,2,1,3,1,1,29,6,3,0,0,0,0,0,9,1,1
3,2,3,0,18,0,8,0,0,0,0,1,1,6,1,23,5,124,1,9,1,1,2,533160,176030,1,2,1,4,8,6,0,6,30,3,4,6,0,0,0,4,1,1,0,0,1,1,1,1,1,23,5,3,0,0,0,0,0,3,1,4
2,2,9,0,18,0,0,1,0,0,0,0,1,1,1,59,9,1598,1,8,1,3,3,427843,398730,14,3,3,2,215,3,616,6,60,0,4,6,0,0,0,1,1,1,0,0,2,1,3,2,1,26,6,3,0,0,1,0,0,9,1,2
3,1,9,0,18,0,1,1,0,4,0,1,1,6,1,38,7,1498,1,8,1,1,2,586303,187224,42,2,1,3,460,6,0,3,30,8,4,6,0,0,0,4,1,1,0,0,1,2,1,1,1,33,6,3,0,0,0,0,0,9,1,5
3,2,9,0,18,0,0,0,0,0,0,1,1,6,1,52,8,1198,1,8,1,2,2,337280,235140,22,2,2,4,285,4,4347,6,60,0,4,6,0,0,0,1,1,1,0,0,2,1,2,1,1,52,8,3,0,0,0,0,0,9,1,5
3,1,9,0,1,0,1,0,0,0,0,2,1,6,1,30,6,1968,2,8,1,1,1,335030,390048,5,1,1,7,91,6,0,2,20,3,4,6,0,0,0,4,1,1,0,0,1,1,1,3,1,28,6,3,8,9,0,0,0,0,1,2
2,3,19,0,2,0,0,0,0,0,0,2,1,6,3,38,7,1868,2,10,1,1,3,530380,175430,1,3,1,2,9,6,0,6,30,0,4,6,0,0,0,1,1,1,0,0,1,1,1,1,1,33,6,3,0,0,0,0,0,9,1,5
3,3,9,0,3,0,0,0,0,0,0,2,1,6,2,27,6,1596,1,8,1,1,4,461142,301592,33,4,1,7,364,3,6,6,30,0,4,6,0,0,4,4,1,1,0,0,1,1,1,1,1,33,6,3,0,0,0,0,0,9,1,5
3,2,3,0,18,0,8,0,0,0,0,4,1,6,1,38,7,670,1,2,1,1,2,574071,203441,42,2,1,3,454,3,130,1,70,1,4,3,12,0,0,4,1,2,0,0,2,1,1,1,1,33,6,3,0,0,0,0,0,3,1,4
3,2,9,0,18,0,8,0,0,7,10,1,1,6,1,42,7,1781,1,13,1,3,2,381530,401840,6,2,3,2,107,5,0,6,30,3,4,6,0,0,0,1,1,2,0,0,1,1,3,2,2,18,4,3,0,0,1,0,0,9,1,2
3,2,9,0,3,0,1,0,0,0,0,2,1,6,1,29,6,2231,2,8,1,1,4,510433,431123,16,4,1,6,228,6,0,6,30,3,4,6,0,0,0,1,1,1,0,0,1,1,1,1,1,33,6,3,0,0,0,0,0,9,1,5
3,1,9,0,2,0,0,0,0,0,0,2,1,6,2,46,8,1229,1,5,1,1,2,409322,425195,13,2,1,4,202,6,0,6,30,0,4,6,0,0,0,1,1,1,0,0,1,2,1,1,1,33,6,3,0,0,0,0,0,9,1,5
3,2,9,0,2,0,0,0,0,0,0,3,1,6,1,50,8,1388,1,10,1,1,3,297970,518840,3,3,1,4,63,6,0,6,30,0,4,6,0,0,0,1,1,1,0,0,1,1,1,1,1,33,6,3,0,0,0,0,0,9,1,5
3,1,9,0,9,0,5,0,0,0,0,1,1,6,1,90,11,1086,1,9,1,1,2,364444,189897,52,2,1,6,612,6,0,6,30,3,4,6,0,0,0,1,1,1,0,0,1,2,1,1,1,33,6,3,0,0,0,0,0,9,1,5
2,1,1,0,18,0,0,1,0,0,0,0,1,6,1,89,11,1598,1,8,3,1,2,361483,386437,7,2,1,4,128,4,5156,6,20,0,4,6,0,0,0,1,2,2,0,0,1,1,1,1,1,89,11,2,0,0,0,0,0,1,3,9
3,1,8,0,7,0,2,0,0,0,0,1,1,1,1,66,10,2499,2,7,1,1,1,532800,180970,48,1,1,2,570,5,0,6,20,3,4,5,0,0,0,1,1,1,0,0,1,1,1,3,2,42,7,3,5,9,0,0,2,0,1,7
3,2,9,0,18,0,8,5,0,1,0,1,1,2,1,28,6,996,1,1,1,2,2,513700,172960,1,2,2,7,24,4,358,6,30,6,2,5,0,0,5,1,1,1,0,0,1,1,1,1,1,28,6,3,0,0,0,0,0,9,1,3
3,2,9,0,18,0,0,0,0,0,0,2,1,6,1,74,10,1598,1,14,1,1,2,421090,562949,10,2,1,4,146,5,327,6,30,0,4,6,0,0,0,1,1,1,0,0,2,2,1,1,1,74,10,3,0,0,0,0,0,9,1,3
3,2,4,0,18,0,8,0,0,0,0,1,1,2,1,68,10,279,1,8,2,1,2,414494,91398,55,2,1,2,640,4,3059,6,30,3,4,6,0,0,0,1,1,1,0,0,1,1,1,1,1,68,10,3,0,0,0,0,0,4,2,10
3,2,9,0,2,0,0,0,0,0,0,4,1,6,3,38,7,1493,2,10,1,2,5,412885,415791,13,5,2,7,203,6,0,6,30,0,4,6,0,0,0,4,2,2,0,0,1,1,1,1,1,33,6,3,0,0,0,0,0,9,1,5
2,4,21,1,18,0,1,1,0,0,0,1,1,1,1,22,5,12777,2,7,3,3,4,430540,338110,30,4,3,2,320,3,52,6,50,8,4,6,0,0,0,1,1,2,0,0,2,1,1,1,1,33,6,3,0,0,0,0,0,9,1,5
3,2,9,0,9,0,2,0,0,7,0,4,1,1,1,63,9,1998,2,8,3,1,2,382914,363731,7,2,1,6,129,3,54,6,50,3,4,6,0,0,0,1,1,1,0,0,2,1,1,1,1,63,9,3,0,0,0,0,0,9,3,6
3,2,9,0,18,0,8,1,0,1,4,4,1,6,2,36,7,2926,2,13,1,1,2,555790,153760,46,2,1,6,538,6,2372,6,60,6,4,6,0,0,0,1,1,1,3,0,2,1,1,1,2,36,7,3,0,0,0,0,0,9,1,6
2,2,19,0,18,0,0,1,0,0,0,2,1,6,1,31,6,1686,2,11,1,3,4,406930,292620,20,4,3,6,300,1,6,3,70,0,4,6,0,0,0,1,2,2,0,0,1,1,3,2,1,36,7,3,0,0,0,0,0,19,1,2
3,1,9,0,16,0,0,2,0,1,0,1,1,6,2,20,4,1598,1,8,2,1,1,300408,838311,91,1,1,6,927,3,939,6,60,0,4,6,0,0,0,1,2,2,0,0,2,1,1,1,2,20,4,3,0,0,0,0,0,9,2,5
3,2,1,0,14,0,2,0,0,0,0,2,1,6,1,10,2,1598,1,8,1,1,2,653753,290206,37,2,1,2,416,6,0,6,30,6,4,6,0,0,0,1,1,1,0,0,1,2,1,1,1,10,2,3,0,0,0,0,0,1,1,1
3,2,9,0,3,0,8,0,0,0,0,2,1,6,2,55,8,1360,1,15,3,1,2,591890,171990,46,2,1,4,540,3,250,6,30,7,2,3,249,0,5,1,1,1,0,0,1,2,1,1,2,55,8,3,0,0,0,0,0,9,3,1
3,2,9,0,18,0,8,0,10,0,0,1,1,6,2,72,10,1910,2,7,2,2,2,455341,300137,33,2,2,1,360,3,563,1,50,1,2,4,4114,0,5,4,1,2,0,0,1,1,2,1,2,72,10,3,0,0,0,0,0,9,2,5
3,2,9,0,4,0,2,0,0,0,0,0,1,6,3,38,7,1461,2,1,1,1,2,524210,191160,1,2,1,7,30,4,552,6,30,3,4,6,0,0,1,1,1,1,0,0,1,2,1,1,1,33,6,3,0,0,0,0,0,9,1,5
3,2,8,0,3,0,8,0,0,0,0,0,1,1,1,48,8,2402,2,11,1,1,2,529820,180200,1,2,1,4,1,5,0,6,30,3,4,6,0,0,4,1,1,1,0,0,1,1,1,1,1,33,6,3,0,0,0,0,0,9,1,5
3,1,4,0,14,0,0,0,0,0,0,1,1,6,1,44,7,1598,1,8,1,1,2,453061,399537,14,2,1,3,211,3,630,6,60,0,4,6,0,0,0,1,1,1,0,0,2,1,1,1,1,44,7,3,0,0,0,0,0,4,1,7
2,2,9,0,9,0,8,0,0,0,0,1,1,6,1,36,7,1986,2,8,1,1,2,411566,416021,13,2,1,2,203,6,0,6,30,6,2,6,0,2,5,1,2,2,0,0,1,1,1,1,1,33,6,3,0,0,0,0,0,9,1,5
3,2,9,0,3,0,1,0,0,0,0,2,1,6,2,74,10,1834,1,11,1,1,3,422483,303367,21,3,1,3,258,4,5000,6,30,3,4,6,41,0,0,1,1,1,0,0,1,1,1,2,2,22,5,3,0,0,0,0,0,9,1,7
3,2,9,0,9,0,8,0,0,0,0,3,1,6,2,24,5,1242,1,7,1,1,3,548170,191400,1,3,1,4,14,3,1112,1,30,2,4,4,174,0,0,1,1,1,0,0,2,1,1,1,2,24,5,3,0,0,0,0,0,9,1,5
3,1,9,0,9,0,8,0,0,0,0,3,1,2,2,39,7,1390,1,14,1,2,2,484129,237059,43,2,2,4,479,5,8006,3,70,3,4,6,1085,0,0,1,4,2,0,0,1,1,1,1,2,39,7,3,0,0,0,0,0,9,1,5
3,2,90,0,3,0,1,0,0,0,0,3,1,1,1,31,6,1598,1,8,1,2,2,419848,441185,13,2,2,1,204,6,0,6,30,3,2,3,65,0,0,1,1,1,0,0,1,1,2,2,1,29,6,3,0,0,1,0,0,90,1,5
3,2,9,0,17,0,1,0,0,0,0,1,1,2,1,50,8,1124,1,14,1,1,2,335927,380524,5,2,1,2,95,3,41,3,40,3,2,6,0,0,0,4,1,2,0,0,2,1,1,1,1,50,8,3,0,0,0,0,0,9,1,3
3,4,9,0,18,0,8,0,0,0,0,1,1,6,1,54,8,1598,1,14,2,6,4,353530,318380,22,4,6,4,286,3,53,6,60,6,4,6,0,0,0,1,1,1,0,0,2,1,4,2,2,50,8,3,0,0,1,0,0,9,2,7
3,1,19,0,9,0,5,0,0,0,0,1,1,6,1,61,9,2198,2,1,2,1,2,454141,361414,31,2,1,5,344,4,6033,6,30,3,4,6,0,0,0,1,1,1,0,0,1,1,1,1,1,33,6,3,0,0,0,0,0,9,1,5
3,1,9,0,18,0,0,0,0,0,0,1,1,6,1,22,5,2400,2,5,1,1,2,338754,392620,5,2,1,3,91,6,0,3,30,0,4,6,0,0,0,4,1,1,0,0,1,1,1,1,1,33,6,3,0,0,0,0,0,9,1,5
3,1,9,0,18,0,0,0,0,2,7,4,1,6,2,71,10,1497,8,3,1,2,2,420846,142790,54,2,2,3,635,3,303,3,70,0,4,6,0,0,0,1,1,1,0,0,2,1,2,2,1,77,11,3,0,0,1,0,0,9,1,9
3,2,9,0,4,0,0,0,0,0,0,2,1,6,2,64,9,1598,1,8,1,1,3,326929,184467,61,3,1,6,733,1,4,3,70,0,4,6,0,0,0,1,1,1,0,0,2,1,1,1,1,33,6,3,0,0,0,0,0,9,1,5
3,1,9,0,1,0,6,0,0,0,0,2,1,6,1,38,7,1396,1,11,1,1,2,485914,235043,43,2,1,4,479,6,438,6,30,8,4,6,0,0,0,1,1,1,0,0,1,1,1,1,1,33,6,3,0,0,0,0,0,9,1,5
3,1,9,0,1,0,8,0,0,0,0,2,1,6,1,47,8,1598,2,4,1,1,1,434900,554838,10,1,1,6,150,3,19,3,70,5,4,3,19,0,0,6,1,2,0,3,2,1,1,3,1,44,7,3,5,1,0,0,0,0,1,5
3,1,2,0,18,9,0,0,0,0,11,1,1,6,2,27,6,1598,1,8,2,1,1,431848,533685,11,1,1,5,169,5,24,6,30,0,4,6,0,0,0,1,1,1,0,0,2,1,1,1,2,27,6,3,0,0,0,0,0,2,2,2
3,1,9,0,18,0,8,0,0,0,0,0,1,6,1,21,5,1597,1,30,1,1,2,426714,567364,10,2,1,1,147,6,1575,6,30,6,4,6,1575,0,0,1,2,2,0,0,1,1,1,1,1,33,6,3,0,0,0,0,0,9,1,5
3,1,9,0,9,0,6,0,0,0,0,3,1,6,1,18,4,1598,1,8,2,4,2,437003,254895,23,2,4,2,293,4,4451,6,50,3,4,1,40,0,0,1,1,1,0,0,2,1,1,1,1,18,4,3,0,0,0,0,0,9,2,9
3,2,9,0,5,0,6,0,0,0,0,1,1,6,2,62,9,1197,1,8,1,1,2,398720,277480,22,2,1,2,270,6,0,6,30,3,4,6,0,0,0,4,1,1,0,0,1,1,1,1,1,33,6,3,0,0,0,0,0,9,1,5
3,2,1,0,18,0,6,0,0,0,0,1,1,6,2,42,7,1598,1,8,1,1,2,527662,410017,16,2,1,6,233,6,0,6,30,3,4,4,1213,0,0,1,1,1,0,0,1,2,1,1,2,42,7,3,0,0,0,0,0,1,1,9
3,3,9,0,4,0,0,1,0,0,0,1,1,6,2,42,7,2982,2,12,1,2,3,462536,400676,14,3,2,3,211,1,18,3,70,0,4,6,0,0,0,1,1,1,0,0,1,1,2,1,2,42,7,3,0,0,0,0,0,9,1,5
3,2,9,0,3,0,1,0,0,0,0,2,1,6,1,84,11,1598,1,8,2,1,2,548589,215073,41,2,1,5,33,5,162,6,30,3,4,6,1001,0,0,1,1,1,0,0,1,2,1,1,1,33,6,3,0,0,0,0,0,9,1,5
3,1,19,0,18,0,4,0,0,0,0,1,1,2,1,38,7,1598,1,8,1,1,2,584885,264502,37,2,1,4,414,3,1302,1,30,1,4,3,1302,0,4,1,1,1,0,0,1,2,1,1,1,33,6,3,0,0,0,0,0,9,1,5
3,1,8,0,18,0,0,0,0,0,0,4,1,1,1,53,8,1896,2,5,1,1,1,259335,666175,97,1,1,2,926,3,804,3,30,0,4,6,0,0,0,1,1,1,0,0,1,1,1,3,2,53,8,3,5,1,0,0,0,0,1,5
3,1,90,0,18,0,0,0,0,0,0,3,1,1,1,23,5,2799,2,15,1,1,2,412483,542407,11,2,1,1,169,6,0,6,30,0,4,6,0,0,0,1,1,1,0,0,2,2,1,1,1,33,6,3,0,0,0,0,0,9,1,5
3,2,9,0,18,0,3,0,0,0,0,4,1,6,2,28,6,1598,2,1,1,1,2,385310,397090,6,2,1,5,102,3,6,1,30,1,4,3,6,0,0,5,2,2,0,0,1,2,1,1,2,28,6,3,0,0,0,0,0,9,1,1
3,2,9,0,18,0,5,0,0,0,0,1,1,2,1,32,6,1753,2,8,1,1,3,419680,286220,20,3,1,2,306,1,42,3,70,5,4,1,6,0,0,4,1,1,0,0,2,1,1,2,2,38,7,3,0,0,1,0,0,9,1,1
3,1,9,0,4,0,8,0,0,0,0,2,1,6,1,31,6,1997,1,15,1,1,2,540840,190460,1,2,1,6,14,3,406,3,50,5,4,6,0,0,0,1,1,1,0,0,1,1,1,2,1,37,7,3,0,0,1,0,0,9,1,5
3,1,9,0,18,0,0,0,0,0,0,4,1,6,1,26,6,2521,1,8,1,1,1,435131,558589,10,1,1,6,150,6,5329,6,30,0,4,6,0,0,0,1,4,1,0,0,1,2,1,3,1,6,2,3,5,2,0,0,0,0,1,5