accident_severity,vehicle_reference,vehicle_type,towing_and_articulation,vehicle_manoeuvre,vehicle_location-restricted_lane,junction_location,skidding_and_overturning,hit_object_in_carriageway,vehicle_leaving_carriageway,hit_object_off_carriageway,1st_point_of_impact,was_vehicle_left_hand_drive?,journey_purpose_of_driver,sex_of_driver,age_of_driver,age_band_of_driver,engine_capacity_(cc),propulsion_code,age_of_vehicle,driver_home_area_type,NUmber_of_Casualities_unique_to_accident_index,No_of_Vehicles_involved_unique_to_accident_index,location_easting_osgr,location_northing_osgr,police_force,number_of_vehicles,number_of_casualties,day_of_week,local_authority_(district),1st_road_class,1st_road_number,road_type,speed_limit,junction_detail,junction_control,2nd_road_class,2nd_road_number,pedestrian_crossing-human_control,pedestrian_crossing-physical_facilities,light_conditions,weather_conditions,road_surface_conditions,special_conditions_at_site,carriageway_hazards,urban_or_rural_area,did_police_officer_attend_scene_of_accident,casualty_reference,casualty_class,sex_of_casualty,age_of_casualty,age_band_of_casualty,casualty_severity,pedestrian_location,pedestrian_movement,car_passenger,bus_or_coach_passenger,pedestrian_road_maintenance_worker,casualty_type,casualty_home_area_type,casualty_imd_decile
3,1,9,0,5,0,1,0,0,0,0,1,1,6,2,58,9,1598,1,5,1,1,2,522990,271630,35,2,1,5,393,4,1514,6,30,3,4,6,0,0,8,1,1,1,0,0,2,1,1,1,1,33,6,3,0,0,0,0,0,9,1,5
3,1,9,0,18,0,1,0,0,0,0,2,1,6,1,62,9,1896,2,7,3,1,2,358530,171301,52,2,1,1,601,6,0,6,20,3,4,6,0,0,0,1,1,2,0,0,1,1,1,2,2,59,9,3,0,0,1,0,0,9,3,10
3,2,1,0,18,0,8,0,0,0,0,4,1,4,2,13,3,1598,1,8,2,1,2,443091,482491,12,2,1,5,181,3,61,6,30,8,4,6,0,0,0,1,1,2,0,0,2,2,1,1,2,13,3,3,0,0,0,0,0,1,2,5
3,1,9,0,5,0,4,0,0,0,0,3,1,6,2,46,8,1596,1,7,1,3,2,471604,105929,44,2,3,4,495,3,27,1,40,1,4,4,2149,0,0,1,1,1,0,0,1,1,1,1,2,46,8,3,0,0,0,0,0,9,1,9
3,3,9,0,18,0,1,0,10,1,1,1,1,6,1,38,7,1197,1,8,1,1,3,516930,192410,1,3,1,2,29,3,4140,6,30,3,4,6,0,0,0,1,1,1,0,0,1,1,1,1,1,33,6,3,0,0,0,0,0,9,1,8
3,2,9,0,18,0,0,0,4,0,0,2,1,6,1,46,8,1598,1,8,1,3,5,240700,219480,63,5,3,2,751,3,40,3,70,0,4,6,0,0,0,1,1,1,0,0,2,1,1,1,1,33,6,3,0,0,0,0,0,9,1,5
3,1,9,0,5,0,0,0,0,0,0,1,1,6,2,34,6,1685,2,2,1,1,2,519830,190810,1,2,1,3,30,3,5,6,30,0,4,6,0,0,0,6,1,1,0,0,1,1,1,1,1,33,6,3,0,0,0,0,0,9,1,5
3,1,9,0,18,0,1,0,0,0,0,1,1,6,1,74,10,1598,1,8,1,1,2,585931,187265,42,2,1,1,460,6,0,3,30,9,2,6,0,0,4,1,1,1,0,0,1,1,1,1,1,33,6,3,0,0,0,0,0,9,1,5
3,1,9,0,5,0,1,0,0,1,0,4,1,6,1,36,7,1598,1,8,1,1,1,397200,472484,12,1,1,1,180,6,935,6,60,3,4,6,0,0,0,1,1,1,0,0,2,2,1,3,1,36,7,3,6,9,0,0,0,0,1,10
3,2,11,0,3,0,0,0,0,0,0,2,1,1,1,59,9,5883,2,13,1,1,2,553970,186300,1,2,1,3,15,6,0,6,30,0,4,6,0,0,0,4,1,1,0,0,1,1,1,1,1,33,6,3,0,0,0,0,0,9,1,5
3,2,9,0,18,0,8,0,0,0,0,1,1,6,2,20,4,1598,1,8,1,2,2,241700,207130,63,2,2,1,751,3,484,2,40,3,4,6,0,0,0,1,1,1,0,0,2,1,1,1,2,20,4,3,0,0,0,0,0,9,1,5
3,1,9,0,18,0,8,0,0,0,0,1,1,6,2,31,6,1984,1,15,1,1,2,567333,245545,37,2,1,6,414,3,143,1,30,1,4,3,1307,0,4,1,8,2,0,0,1,1,1,1,1,33,6,3,0,0,0,0,0,9,1,5
3,2,90,0,18,0,8,0,0,0,0,1,1,1,1,42,7,1598,1,8,1,2,2,455287,113449,44,2,2,7,502,3,334,6,40,3,4,6,0,0,0,1,1,1,0,0,2,1,1,1,1,33,6,3,0,0,0,0,0,9,1,5
3,2,9,0,18,0,1,0,0,0,0,2,1,6,1,38,7,1998,1,11,1,1,2,535670,177450,1,2,1,7,7,6,0,6,30,3,4,6,0,0,0,1,1,1,0,0,1,1,1,1,1,33,6,3,0,0,0,0,0,9,1,5
3,1,3,0,18,0,0,1,10,1,10,1,1,6,1,38,7,1598,1,8,1,1,1,470638,108811,44,1,1,7,495,6,0,6,30,0,4,6,0,0,0,4,1,1,0,0,2,1,1,2,2,17,4,3,0,0,0,0,0,3,1,1
3,2,1,0,18,0,1,0,0,0,0,2,1,6,2,45,7,1598,1,8,1,1,2,572575,169988,46,2,1,2,544,3,226,3,40,3,2,4,2108,0,5,1,1,1,0,0,1,2,1,1,2,45,7,3,0,0,0,0,0,1,1,2
3,1,9,0,18,0,8,0,0,0,0,4,1,6,1,40,7,2799,1,17,1,1,2,546210,173790,1,2,1,2,18,5,0,6,30,3,4,5,0,0,0,1,1,1,0,0,1,1,1,1,1,33,6,3,0,0,0,0,0,9,1,5
3,1,9,0,18,0,4,0,0,0,0,1,1,6,3,38,7,2685,2,12,1,1,2,555440,173360,46,2,1,2,532,3,225,1,40,1,4,4,250,0,0,1,1,1,0,0,1,2,1,1,1,33,6,3,0,0,0,0,0,9,1,5
2,1,9,0,18,0,3,0,0,0,0,1,1,1,1,43,7,1968,2,2,2,1,1,459587,206041,43,1,1,4,484,6,251,6,30,2,4,6,0,0,0,1,1,1,0,0,1,1,1,3,1,12,3,2,5,4,0,0,0,0,1,2
3,1,11,0,3,0,4,0,0,0,0,1,1,1,1,50,8,4250,2,1,1,2,2,272811,655533,97,2,2,7,938,3,723,1,30,1,2,3,72,0,5,1,1,1,0,0,1,1,1,2,2,71,10,3,0,0,0,4,0,11,1,5
3,2,1,0,18,0,1,0,0,0,0,0,1,6,2,22,5,1598,1,8,1,1,2,431083,434212,13,2,1,6,204,6,0,6,30,6,4,6,0,0,0,1,1,1,0,0,1,1,1,1,2,22,5,3,0,0,0,0,0,1,1,5
2,1,9,0,18,0,0,1,0,7,4,1,1,6,1,18,4,1199,1,12,1,3,1,497478,418995,16,1,3,1,232,6,0,6,60,0,4,6,0,0,0,1,1,1,0,0,2,1,2,2,2,17,4,2,0,0,1,0,0,9,1,8
3,2,9,0,18,0,2,0,0,0,0,3,2,1,2,44,7,1560,2,1,1,2,2,362196,387302,7,2,2,4,128,3,50,6,30,3,4,6,0,0,0,1,9,1,0,0,1,2,1,1,2,44,7,3,0,0,0,0,0,9,1,7
3,1,10,0,9,0,8,0,0,0,0,1,1,1,1,57,9,1598,1,8,1,1,2,514730,295100,35,2,1,2,394,6,0,6,30,6,4,6,0,2,4,1,1,1,0,0,1,1,1,1,1,33,6,3,0,0,0,0,0,9,1,5
3,1,1,0,18,4,8,0,0,0,0,1,1,1,1,30,6,1598,1,8,2,1,2,392660,397830,6,2,1,5,110,3,6017,6,20,8,4,6,0,0,0,1,1,1,0,0,1,2,1,1,1,30,6,3,0,0,0,0,0,1,2,8
3,2,19,0,9,0,5,0,0,7,11,3,1,1,1,19,4,2198,2,6,1,2,2,458745,333129,31,2,2,2,347,6,0,6,60,8,4,6,0,0,0,1,1,2,0,0,2,1,2,2,2,66,10,3,0,0,1,0,0,19,1,10
3,2,9,0,14,0,2,0,0,0,0,1,1,6,1,49,8,998,1,6,1,4,2,620480,136030,46,2,4,2,539,6,3905,6,30,3,4,6,0,0,0,1,2,2,0,0,1,1,3,2,2,20,4,3,0,0,2,0,0,9,1,7
3,2,9,0,9,0,2,0,0,0,0,1,1,2,2,40,7,1600,2,3,1,1,2,396293,817089,92,2,1,2,911,3,90,3,70,3,4,6,0,0,0,1,1,2,0,0,2,1,1,1,1,33,6,3,0,0,0,0,0,9,1,5
3,2,9,0,3,0,0,0,0,0,0,2,1,2,1,37,7,1124,1,14,1,1,2,435150,277060,20,2,1,6,302,3,4082,3,40,0,4,6,0,0,0,1,1,1,0,0,1,1,1,1,1,37,7,3,0,0,0,0,0,9,1,2
3,1,9,0,9,0,6,0,0,0,0,1,1,6,1,38,7,1598,1,8,1,1,2,403955,317048,21,2,1,7,250,3,460,6,30,3,4,6,129,0,0,1,1,1,0,0,1,2,1,1,1,33,6,3,0,0,0,0,0,9,1,5
3,1,9,0,2,0,0,0,0,0,0,4,1,6,2,29,6,1995,2,1,1,1,2,526000,187040,1,2,1,3,30,6,0,6,30,0,4,6,0,0,0,1,1,1,0,0,1,1,1,3,2,29,6,3,9,9,0,0,2,0,1,9
3,1,9,0,13,0,0,0,0,8,6,1,1,6,1,19,4,1598,1,8,1,4,1,528630,212080,41,1,4,2,432,3,414,3,70,0,4,6,0,0,0,1,1,1,0,0,2,1,3,2,1,18,4,3,0,0,2,0,0,9,1,8
2,1,9,0,9,0,1,0,0,0,0,1,1,6,1,27,6,1598,1,8,1,3,2,416166,432953,13,2,3,2,200,3,6181,3,30,6,2,4,6145,2,4,1,1,1,0,0,1,1,1,2,2,23,5,2,0,0,1,0,0,9,1,4
3,2,9,0,18,0,0,0,0,0,0,2,1,6,1,51,8,1956,2,6,2,1,2,254793,91808,50,2,1,6,589,3,30,3,70,0,4,6,0,0,0,1,1,1,0,0,2,1,1,1,1,33,6,3,0,0,0,0,0,9,1,5
3,1,9,0,5,9,1,0,0,0,0,1,1,6,1,46,8,2435,1,14,1,1,1,360776,370697,7,1,1,7,130,3,556,3,40,8,4,6,0,0,0,1,1,1,0,0,2,2,1,3,2,26,6,3,10,1,0,0,0,0,2,10
3,1,19,0,16,0,8,0,0,0,0,1,1,1,1,35,6,2298,2,3,1,2,2,413301,104419,55,2,2,2,647,3,31,7,70,1,4,3,338,0,0,1,1,1,0,0,2,1,2,1,1,35,6,3,0,0,0,0,0,19,1,7
3,2,9,0,18,0,0,0,0,0,0,2,1,6,1,54,8,1796,1,13,1,2,3,545450,176430,1,3,2,3,18,5,0,6,30,0,4,6,0,0,0,1,1,1,0,0,1,1,1,1,1,54,8,3,0,0,0,0,0,9,1,5
2,1,9,0,18,0,1,0,0,1,2,4,1,6,1,21,5,1598,1,8,3,1,1,576915,223396,42,1,1,7,451,4,1256,6,30,3,4,6,0,0,0,5,1,2,0,0,1,1,1,1,1,21,5,2,0,0,0,0,0,9,3,10
3,1,9,0,18,0,0,0,4,0,0,4,1,6,2,26,6,1328,1,8,1,1,2,436171,386977,14,2,1,5,215,4,6071,6,30,0,4,6,0,0,0,1,1,1,0,0,1,1,1,1,2,26,6,3,0,0,0,0,0,9,1,1
2,2,3,0,17,0,8,0,0,0,0,1,1,1,1,40,7,108,1,1,1,1,2,525880,185440,1,2,1,3,2,6,0,6,30,3,4,6,0,0,0,1,1,2,0,0,1,1,1,1,1,40,7,2,0,0,0,0,0,3,1,6
3,1,9,0,4,0,4,0,0,0,0,1,1,1,1,38,7,1798,1,8,1,1,1,428695,514700,11,1,1,6,161,3,68,1,30,1,4,4,6279,0,5,1,1,2,0,0,1,1,1,3,2,18,4,3,10,3,0,0,0,0,1,1
3,1,9,0,18,0,8,0,0,0,0,1,1,2,1,45,7,1595,1,6,1,7,5,517180,177930,1,5,7,6,25,3,4,3,40,6,2,3,3002,0,0,1,1,1,0,0,1,1,1,1,1,33,6,3,0,0,0,0,0,9,1,5
3,2,8,0,5,0,8,0,0,0,0,4,1,1,1,59,9,1995,2,9,1,2,2,422833,427249,13,2,2,4,203,6,0,6,30,3,4,6,0,0,0,4,1,1,0,0,1,1,1,1,1,33,6,3,0,0,0,0,0,9,1,5
3,1,1,0,18,0,8,0,0,0,0,3,1,6,1,47,8,1598,1,8,1,1,2,517070,180540,1,2,1,6,27,3,4020,6,30,3,4,6,0,0,0,1,1,1,0,0,1,1,1,1,1,47,8,3,0,0,0,0,0,1,1,3
3,1,2,0,9,0,8,0,0,0,0,2,1,6,1,35,6,49,1,1,1,1,2,510980,259272,40,2,1,2,420,5,5,6,60,8,4,6,0,0,0,1,1,1,0,0,2,2,1,1,1,35,6,3,0,0,0,0,0,2,1,5
3,1,9,0,18,0,0,1,0,0,0,1,1,6,1,45,7,2969,2,7,1,2,2,334290,526880,3,2,2,1,64,3,66,6,60,0,4,6,0,0,0,1,1,1,0,0,2,1,1,1,1,45,7,3,0,0,0,0,0,9,1,1
3,2,9,0,18,0,8,0,0,0,0,1,1,6,1,61,9,1998,2,7,1,1,2,368360,312690,22,2,1,7,284,3,442,3,40,1,2,3,518,0,5,1,1,2,0,0,2,1,1,1,1,33,6,3,0,0,0,0,0,9,1,5
3,2,9,0,18,0,3,0,0,0,0,2,1,6,2,40,7,1598,1,8,1,1,2,270143,197604,62,2,1,6,745,3,4230,6,30,1,4,3,48,0,0,1,1,1,0,0,2,1,3,2,2,29,6,3,0,0,1,0,0,9,1,5
2,1,9,0,18,0,1,0,0,0,0,1,1,6,1,25,5,1598,1,8,1,4,1,383630,397490,6,1,4,1,102,3,5103,6,30,3,4,6,0,0,5,5,1,2,0,0,1,1,2,3,2,20,4,3,4,3,0,0,0,0,1,2
3,2,5,0,18,0,0,0,0,0,0,1,1,2,1,26,6,636,1,12,1,1,2,360580,390126,7,2,1,3,128,3,49,3,40,0,4,6,0,0,4,1,1,1,0,0,1,1,1,1,1,26,6,3,0,0,0,0,0,5,1,3
2,2,9,0,18,0,8,0,0,1,0,1,1,6,1,20,4,1598,1,8,1,3,2,485674,193820,43,2,3,2,480,6,5809,6,30,3,4,6,3150,0,0,4,1,1,0,0,1,1,1,1,1,20,4,2,0,0,0,0,0,9,1,8
2,2,9,0,18,0,1,0,0,0,0,4,1,6,1,46,8,1299,1,15,3,4,2,618070,155140,46,2,4,6,531,3,2,7,40,3,4,6,0,0,0,1,1,1,0,0,2,1,4,2,1,11,3,3,0,0,2,0,0,9,3,6
2,1,9,0,18,0,1,0,0,0,0,1,1,1,1,55,8,1598,1,8,3,1,1,519707,325708,32,1,1,5,354,5,706,6,40,3,4,6,702,0,0,6,1,2,0,0,2,1,1,3,1,12,3,2,8,3,0,0,0,0,3,4
3,2,9,0,18,0,2,0,0,0,0,2,1,6,1,35,6,1910,2,7,1,1,2,455186,338686,31,2,1,2,346,3,6005,6,20,3,4,6,0,0,4,4,1,1,0,0,1,2,1,1,1,35,6,3,0,0,0,0,0,9,1,2
3,1,9,0,4,0,3,0,0,0,0,2,1,6,2,18,4,1043,1,21,1,1,3,434852,408945,14,3,1,6,210,3,633,1,30,1,4,3,61,0,0,1,9,1,0,0,1,2,1,1,2,18,4,3,0,0,0,0,0,9,1,7
3,1,9,0,18,0,1,0,0,0,0,1,1,6,2,34,6,1753,2,11,1,1,3,544562,101496,47,3,1,1,554,3,259,2,30,3,4,6,0,0,4,1,1,1,0,0,1,1,1,1,1,33,6,3,0,0,0,0,0,9,1,5
3,1,4,0,18,0,8,0,0,0,0,1,1,6,1,45,7,1598,1,8,1,1,2,528100,181530,1,2,1,3,1,6,0,6,30,3,4,6,0,0,0,1,1,1,0,0,1,1,1,1,1,45,7,3,0,0,0,0,0,4,1,6
3,2,1,0,18,0,8,0,0,0,0,4,1,2,2,36,7,1598,1,8,1,1,2,489204,410920,16,2,1,3,232,6,0,6,30,3,4,6,0,0,0,1,4,1,0,0,1,1,1,1,2,36,7,3,0,0,0,0,0,1,1,1
3,1,9,0,9,0,1,0,0,0,0,1,1,6,2,38,7,998,1,13,1,1,2,540400,168670,1,2,1,7,19,5,0,6,30,8,4,6,0,0,0,1,1,1,0,0,1,2,1,1,2,33,6,3,0,0,0,0,0,9,1,5
3,1,11,0,7,0,6,0,0,0,0,4,1,1,1,63,9,4461,2,2,1,1,1,424239,563815,10,1,1,3,147,3,186,6,30,6,2,3,189,0,5,1,1,1,0,0,1,1,1,3,1,17,4,3,1,1,0,0,0,0,1,5
3,1,9,0,18,0,0,0,0,0,0,3,1,6,1,31,6,1598,1,8,1,2,2,511050,173450,1,2,2,1,25,3,312,6,30,0,4,6,0,0,0,4,1,1,0,0,1,1,1,1,1,31,6,3,0,0,0,0,0,9,1,5
3,1,98,0,4,0,0,0,0,0,0,1,1,1,1,33,6,1686,2,12,1,1,2,389030,343694,21,2,1,3,257,3,50,3,50,0,4,6,0,0,0,1,4,1,0,0,2,1,1,1,1,33,6,3,0,0,0,0,0,9,1,5
3,2,1,0,9,0,3,0,0,0,0,4,1,6,1,34,6,1598,1,8,1,1,2,300510,528410,3,2,1,7,60,3,596,1,30,1,4,6,0,0,0,1,1,1,0,0,1,1,1,1,1,34,6,3,0,0,0,0,0,1,1,8
3,2,9,0,3,0,1,0,0,0,0,2,1,1,1,41,7,1598,1,8,1,2,2,638560,266937,37,2,2,6,415,3,12,6,60,9,4,6,0,0,0,1,1,2,0,0,2,1,2,1,1,41,7,3,0,0,0,0,0,9,1,4
3,1,11,0,18,0,0,0,0,0,0,0,1,1,1,26,6,7300,2,10,1,2,1,327090,675830,95,1,2,4,923,6,0,6,30,0,4,6,0,0,0,1,1,1,0,6,1,1,1,2,1,4,1,3,0,0,0,4,0,11,1,5
3,2,9,0,9,0,8,0,0,0,0,1,1,6,2,41,7,1596,1,12,2,1,2,465333,297600,33,2,1,2,363,5,3408,6,30,8,4,6,6,0,0,6,5,2,0,0,2,1,1,1,1,33,6,3,0,0,0,0,0,9,1,5
3,1,10,0,1,0,1,0,0,0,0,2,1,6,1,49,8,2402,2,14,1,1,2,351000,395913,5,2,1,6,92,6,0,6,30,6,4,6,0,0,0,1,1,1,0,0,1,1,1,1,1,33,6,3,0,0,0,0,0,9,1,5
3,2,9,0,18,0,8,0,0,0,0,1,1,6,1,75,10,1299,1,18,1,1,2,335175,389161,5,2,1,4,91,3,5038,6,30,3,2,3,561,0,0,1,1,1,0,0,1,1,1,1,1,75,10,3,0,0,0,0,0,9,1,1
3,2,9,0,18,0,0,1,0,5,6,1,1,6,2,33,6,1242,1,1,1,1,3,430994,416563,13,3,1,4,206,1,1,3,70,0,4,6,0,0,0,1,1,1,4,0,1,1,1,1,2,33,6,3,0,0,0,0,0,9,1,5
2,2,21,0,18,0,8,1,0,7,3,1,1,1,1,54,8,11705,2,12,3,1,2,574309,267881,37,2,1,3,411,5,624,6,60,6,4,5,626,0,0,1,1,1,0,0,2,1,1,1,1,33,6,3,0,0,0,0,0,9,1,5
3,1,9,0,2,0,1,0,0,0,0,3,1,6,1,44,7,1398,2,10,1,1,2,528980,184950,1,2,1,3,2,3,400,6,30,3,4,6,0,0,0,4,1,1,0,0,1,1,1,1,1,33,6,3,0,0,0,0,0,9,1,5
3,2,9,0,2,6,0,0,0,0,0,2,1,6,3,38,7,1598,1,7,1,1,2,504651,248243,40,2,1,2,420,3,5141,6,30,0,4,6,0,0,5,4,1,2,0,0,1,1,1,1,1,33,6,3,0,0,0,0,0,9,1,5
3,1,9,0,18,0,0,1,0,7,0,4,1,6,1,39,7,1686,2,10,3,1,1,536918,325051,32,1,1,1,354,5,746,6,30,0,4,6,0,0,0,1,8,4,0,0,2,1,1,1,1,39,7,3,0,0,0,0,0,9,2,4
3,2,22,0,18,0,1,0,0,0,0,1,1,5,1,80,11,1598,1,8,1,2,2,574572,193281,42,2,2,2,450,6,0,6,30,6,2,6,0,0,4,1,1,2,0,0,1,2,2,1,1,80,11,3,0,0,0,0,0,22,1,5
3,1,9,0,18,0,0,0,0,0,0,1,1,1,2,38,7,2000,2,10,1,1,2,458250,337932,31,2,1,2,347,3,60,3,30,0,4,6,0,0,5,1,1,1,0,0,1,1,1,1,1,33,6,3,0,0,0,0,0,9,1,5
3,1,9,0,9,0,5,0,0,0,0,3,1,6,2,23,5,1753,2,10,1,3,2,555920,173370,46,2,3,6,532,3,296,3,40,3,4,6,0,0,4,1,1,1,0,0,1,1,1,1,1,33,6,3,0,0,0,0,0,9,1,5
3,1,8,0,6,0,0,0,0,0,0,4,1,1,1,37,7,1598,1,8,1,1,2,460079,525435,17,2,1,1,241,5,102,6,30,0,4,6,0,0,0,1,1,1,0,0,1,1,1,1,1,33,6,3,0,0,0,0,0,9,1,5
3,1,8,0,4,0,8,0,0,0,0,0,1,6,1,40,7,1896,2,7,1,1,2,518620,181600,1,2,1,2,27,3,406,6,30,3,4,6,0,0,0,1,2,2,0,0,1,1,1,1,1,33,6,3,0,0,0,0,0,9,1,5
3,1,20,0,18,0,0,0,0,0,0,1,1,1,1,64,9,5880,2,9,1,1,4,507880,178520,1,4,1,6,26,1,4,3,70,0,4,6,0,0,0,1,1,1,0,0,1,1,1,1,1,33,6,3,0,0,0,0,0,9,1,5
3,2,9,0,18,0,1,0,0,0,0,1,1,1,2,35,6,1596,1,10,1,1,2,479030,211626,43,2,1,2,476,5,70,6,40,6,4,5,77,0,0,1,1,1,0,0,2,1,1,1,2,35,6,3,0,0,0,0,0,9,1,9
3,1,9,0,18,0,0,0,0,5,4,1,1,2,1,25,5,1598,1,8,1,1,1,452200,319769,33,1,1,2,362,3,6004,3,40,0,4,6,0,0,0,4,1,1,0,0,1,1,1,1,1,25,5,3,0,0,0,0,0,9,1,5
3,2,9,0,10,0,8,0,0,0,0,2,1,3,2,46,8,1149,1,13,1,1,2,402385,300353,20,2,1,5,307,3,461,6,30,8,4,6,0,0,0,1,1,1,0,0,1,2,1,2,1,9,2,3,0,0,1,0,0,9,1,5
3,3,9,0,4,0,8,0,0,0,0,2,1,6,2,38,7,1389,1,10,1,1,3,537150,177580,1,3,1,4,7,3,2209,6,30,3,4,6,0,0,0,1,1,1,0,0,1,2,1,1,1,33,6,3,0,0,0,0,0,9,1,5
2,1,9,0,18,0,0,0,0,7,11,1,1,6,1,58,9,1991,1,11,2,1,1,616806,237708,37,1,1,5,410,4,1080,6,60,0,4,6,0,0,0,1,1,1,0,0,2,1,1,1,1,58,9,2,0,0,0,0,0,9,2,8
3,2,9,0,18,0,8,0,0,1,0,1,1,6,1,32,6,2179,2,7,1,5,2,355720,430010,4,2,5,5,79,6,0,6,30,6,2,3,59,0,5,1,1,1,0,0,1,1,2,1,1,32,6,3,0,0,0,0,0,9,1,2
2,1,9,0,9,0,1,0,0,0,0,4,1,2,2,58,9,1596,1,16,3,1,2,505004,164592,45,2,1,5,514,4,3121,6,30,6,2,3,318,0,5,1,1,1,0,0,1,1,1,1,1,33,6,3,0,0,0,0,0,9,1,5
3,1,9,0,17,0,0,1,0,7,4,1,1,6,1,47,8,1598,1,8,1,1,1,483092,157340,44,1,1,1,494,3,327,6,60,0,4,6,0,0,0,6,1,2,0,0,2,1,1,1,1,47,8,3,0,0,0,0,0,9,1,1
3,1,19,0,18,0,0,1,0,0,0,1,1,2,1,26,6,2300,2,9,1,2,3,420693,417198,13,3,2,6,203,4,6118,6,40,0,4,6,0,0,0,1,2,2,0,0,2,1,2,2,1,46,8,3,0,0,1,0,0,19,1,2
3,1,10,0,18,0,8,0,0,0,0,1,1,1,1,34,6,2499,2,14,1,2,3,394385,305451,21,3,2,7,254,3,460,6,30,6,2,5,234,0,0,1,1,2,0,0,2,1,2,2,2,51,8,3,0,0,0,0,0,10,1,5
3,2,9,0,17,0,4,0,0,0,0,1,1,6,2,23,5,1997,1,10,3,2,3,345820,410700,4,3,2,6,84,4,5240,1,40,2,4,3,5209,0,0,1,1,1,0,0,2,1,2,2,2,67,10,3,0,0,1,0,0,9,3,7
3,1,9,0,3,0,0,0,0,0,0,2,1,6,1,19,4,1229,1,10,3,2,2,445230,381130,30,2,2,3,327,4,6058,6,30,0,4,6,0,0,1,4,1,2,0,0,1,2,2,2,2,17,4,3,0,0,1,0,0,9,3,5
3,1,19,0,9,0,8,0,0,0,0,4,1,1,1,18,4,1598,1,8,3,1,2,454943,229117,43,2,1,3,481,3,43,1,60,1,4,4,4100,0,0,1,1,1,0,0,2,1,1,1,1,18,4,3,0,0,0,0,0,19,3,7
3,2,8,0,9,0,8,0,0,0,0,1,1,1,1,41,7,2499,2,7,1,1,2,528100,179150,1,2,1,2,1,6,0,6,30,3,4,6,0,0,0,1,1,1,0,0,1,1,1,1,1,33,6,3,0,0,0,0,0,9,1,5
3,2,9,0,18,0,8,0,0,0,0,1,1,6,1,60,9,1796,1,14,2,2,2,539250,325219,32,2,2,5,354,3,17,6,60,3,4,4,1515,0,0,1,1,1,0,0,2,1,2,1,1,60,9,3,0,0,0,0,0,9,2,4
3,1,11,0,4,0,0,0,0,0,0,0,1,1,1,62,9,1598,1,8,1,1,1,530600,184670,1,1,1,2,3,3,5203,6,30,0,4,6,0,0,1,1,1,1,0,0,1,1,1,2,2,66,10,3,0,0,0,3,0,11,1,1
3,2,9,0,9,0,8,0,0,0,0,1,1,6,1,19,4,1600,1,11,1,1,2,549510,191000,1,2,1,5,15,4,174,6,30,3,4,6,0,0,0,1,1,1,0,0,1,1,1,1,1,33,6,3,0,0,0,0,0,9,1,5
3,1,1,0,18,0,0,0,0,0,0,1,1,6,2,10,2,1598,1,8,1,1,2,326605,692965,94,2,1,2,925,6,0,6,20,0,4,6,0,0,0,1,1,2,0,0,1,1,1,1,2,10,2,3,0,0,0,0,0,1,1,5
3,1,9,0,3,0,0,0,0,0,0,2,1,1,1,30,6,1248,2,3,1,3,2,535220,181260,1,2,3,3,5,3,13,6,30,0,4,6,0,0,5,1,1,1,0,0,1,1,3,2,1,30,6,3,0,0,2,0,0,9,1,5
3,1,9,0,1,0,1,0,0,0,0,2,1,6,1,21,5,1995,2,7,1,1,1,432420,280080,20,1,1,4,302,6,0,6,30,3,4,6,0,0,0,1,1,1,0,0,1,1,1,3,2,54,8,3,5,1,0,0,0,0,1,2
3,2,8,0,9,0,6,0,0,0,0,1,1,1,1,47,8,1997,2,8,1,1,2,624076,309330,36,2,1,2,404,6,0,6,30,3,4,6,0,0,0,1,1,1,0,0,1,1,1,1,1,47,8,3,0,0,0,0,0,8,1,4
3,1,9,0,18,0,0,0,0,0,0,2,1,6,1,66,10,1796,1,21,1,3,4,492941,163056,45,4,3,3,515,1,3,3,50,0,4,6,0,0,0,7,1,1,0,0,2,1,1,1,1,66,10,3,0,0,0,0,0,9,1,8
3,2,9,0,18,0,8,0,0,0,0,1,1,6,1,62,9,1598,1,2,1,2,2,388900,413250,6,2,2,1,106,5,0,6,30,6,2,3,6060,0,0,1,1,1,1,0,1,1,1,1,1,62,9,3,0,0,0,0,0,9,1,1
3,2,9,0,3,0,2,0,0,0,0,2,1,2,2,32,6,1560,2,1,2,1,2,418748,565958,10,2,1,4,147,3,69,3,50,5,4,3,69,0,0,1,1,1,0,0,1,1,1,1,2,32,6,3,0,0,0,0,0,9,2,6
3,2,9,0,18,0,1,0,0,0,0,1,1,2,2,24,5,1389,1,11,1,3,2,486950,237791,43,2,3,3,479,4,4034,3,70,3,4,6,1069,0,0,1,1,1,0,0,2,1,1,1,2,24,5,3,0,0,0,0,0,9,1,4
3,2,9,0,18,0,0,0,0,0,0,2,1,6,2,47,8,1198,1,9,1,2,3,249176,54440,50,3,2,5,583,3,374,3,30,0,4,6,0,0,0,4,2,2,0,0,1,1,1,1,2,47,8,3,0,0,0,0,0,9,1,9
3,3,9,0,18,0,1,0,0,0,0,0,1,6,2,39,7,1296,1,7,1,4,3,496694,148751,45,3,4,1,511,3,3,3,50,5,4,3,31,0,0,4,1,1,0,0,2,1,1,1,1,33,6,3,0,0,0,0,0,9,1,5