accident_severity,vehicle_reference,vehicle_type,towing_and_articulation,vehicle_manoeuvre,vehicle_location-restricted_lane,junction_location,skidding_and_overturning,hit_object_in_carriageway,vehicle_leaving_carriageway,hit_object_off_carriageway,1st_point_of_impact,was_vehicle_left_hand_drive?,journey_purpose_of_driver,sex_of_driver,age_of_driver,age_band_of_driver,engine_capacity_(cc),propulsion_code,age_of_vehicle,driver_home_area_type,NUmber_of_Casualities_unique_to_accident_index,No_of_Vehicles_involved_unique_to_accident_index,location_easting_osgr,location_northing_osgr,police_force,number_of_vehicles,number_of_casualties,day_of_week,local_authority_(district),1st_road_class,1st_road_number,road_type,speed_limit,junction_detail,junction_control,2nd_road_class,2nd_road_number,pedestrian_crossing-human_control,pedestrian_crossing-physical_facilities,light_conditions,weather_conditions,road_surface_conditions,special_conditions_at_site,carriageway_hazards,urban_or_rural_area,did_police_officer_attend_scene_of_accident,casualty_reference,casualty_class,sex_of_casualty,age_of_casualty,age_band_of_casualty,casualty_severity,pedestrian_location,pedestrian_movement,car_passenger,bus_or_coach_passenger,pedestrian_road_maintenance_worker,casualty_type,casualty_home_area_type,casualty_imd_decile
3,2,9,0,18,0,0,0,0,0,0,2,1,6,1,39,7,1956,2,8,1,2,2,431147,418025,13,2,2,7,206,1,1,3,70,0,4,6,0,0,0,1,1,1,4,0,2,1,2,2,2,35,6,3,0,0,2,0,0,9,1,5
2,1,9,0,18,0,8,0,0,0,0,1,1,6,3,38,7,1598,1,8,1,2,1,434989,564276,10,1,2,6,149,5,406,6,30,3,4,6,3092,0,1,1,1,1,0,0,1,1,1,3,1,70,10,2,1,1,0,0,0,0,1,3
3,5,9,0,3,0,0,0,0,0,0,2,1,6,1,17,4,1248,2,8,3,5,5,242029,59918,50,5,5,4,596,3,38,3,70,0,4,6,0,0,0,1,1,1,0,0,2,1,1,1,1,33,6,3,0,0,0,0,0,9,1,5
3,1,9,0,18,0,6,0,0,0,0,3,1,1,2,38,7,1560,2,9,1,1,1,625000,138820,46,1,1,2,533,6,531,6,30,8,4,6,0,0,0,1,1,2,0,0,2,1,1,3,1,12,3,3,8,3,0,0,0,0,1,2
3,1,9,0,4,0,1,0,0,0,0,2,1,6,2,27,6,1598,1,8,1,1,2,529590,161920,1,2,1,5,20,3,2022,6,30,3,4,6,0,0,0,1,1,2,0,0,1,1,1,1,2,27,6,3,0,0,0,0,0,9,1,5
2,1,9,0,1,0,2,0,0,0,0,2,1,6,1,64,9,1499,1,8,1,1,2,398270,400670,6,2,1,6,110,6,0,6,20,8,4,6,0,0,0,4,1,2,0,0,1,1,1,1,1,64,9,2,0,0,0,0,0,9,1,3
2,2,9,0,18,0,0,0,0,0,0,1,1,6,2,48,8,2204,2,9,3,1,2,330659,405218,5,2,1,4,93,3,565,6,50,0,4,6,0,0,0,1,1,1,0,0,2,1,1,1,1,33,6,3,0,0,0,0,0,9,1,5
3,1,9,0,18,0,0,0,0,0,6,1,1,6,1,24,5,1229,1,9,1,1,1,477052,253495,34,1,1,4,385,1,1,3,70,0,4,6,0,0,0,4,1,1,0,0,2,1,1,1,1,24,5,3,0,0,0,0,0,9,1,2
3,1,9,0,18,0,1,0,0,0,0,1,1,6,2,78,11,1588,1,12,1,1,1,639190,165640,46,1,1,5,541,6,4107,6,30,3,4,6,0,0,0,1,1,1,0,0,1,1,1,1,2,78,11,3,0,0,0,0,0,9,1,2
3,1,9,0,18,0,1,0,0,0,0,3,1,6,1,18,4,1598,1,8,1,2,4,422285,563699,10,4,2,3,147,6,1031,6,30,3,4,6,1031,0,1,1,4,2,0,0,1,1,1,1,1,33,6,3,0,0,0,0,0,9,1,5
3,1,9,0,1,0,0,0,0,0,0,2,1,6,2,38,7,1598,1,8,1,1,1,628296,330226,36,1,1,6,405,5,557,2,30,0,4,6,0,0,0,1,1,1,0,0,1,2,1,3,2,52,8,3,9,5,0,0,0,0,2,4
3,1,5,0,18,0,8,0,0,0,0,4,1,2,1,34,6,124,1,1,1,1,2,522540,178590,1,2,1,3,11,3,315,3,30,3,4,6,0,0,0,1,1,1,0,0,1,1,1,1,1,34,6,3,0,0,0,0,0,5,1,5
3,3,19,0,18,0,0,0,0,0,0,1,1,6,2,35,6,1686,2,7,1,1,4,298909,677708,95,4,1,2,940,1,9,3,70,0,4,6,0,0,0,1,1,2,0,0,2,1,1,1,1,33,6,3,0,0,0,0,0,9,1,5
3,2,9,0,18,0,2,0,0,0,0,3,1,6,1,34,6,1598,1,8,1,2,2,316764,176128,62,2,2,2,741,6,0,6,30,3,4,6,0,0,0,1,1,1,0,0,1,1,2,1,1,34,6,3,0,0,0,0,0,9,1,5
3,1,9,0,18,0,0,0,4,0,0,1,1,6,2,27,6,1995,2,11,1,2,2,577157,167088,46,2,2,3,544,3,2,6,30,0,4,6,0,0,0,4,2,2,0,0,1,1,1,1,1,33,6,3,0,0,0,0,0,9,1,5
3,2,9,0,9,0,8,0,0,0,0,1,1,6,1,22,5,1242,1,2,1,1,2,346212,384636,5,2,1,6,90,3,562,3,60,6,4,3,561,0,0,1,9,1,0,0,2,2,1,1,1,33,6,3,0,0,0,0,0,9,1,5
2,1,4,0,18,0,0,0,0,0,0,1,1,6,1,31,6,125,1,2,1,1,2,524750,184490,1,2,1,1,28,3,5,6,30,0,4,6,0,0,5,4,1,1,0,0,1,1,1,1,1,31,6,2,0,0,0,0,0,4,1,4
3,1,9,0,1,0,0,0,0,0,0,2,1,6,3,38,7,1598,1,8,1,1,1,471245,455582,16,1,1,2,231,6,0,6,30,0,4,6,0,0,0,1,1,1,0,0,2,2,1,3,1,74,10,3,5,1,0,0,0,0,2,9
3,1,9,0,16,0,1,2,0,7,10,4,1,6,1,24,5,1896,2,12,1,1,1,346890,451230,4,1,1,3,76,4,5242,6,60,9,4,6,0,0,0,6,1,1,0,0,2,1,1,1,1,24,5,3,0,0,0,0,0,9,1,5
3,2,1,0,18,2,1,0,0,0,0,1,1,2,2,35,6,1598,1,8,1,1,2,432823,385229,14,2,1,4,215,3,625,6,30,8,4,6,0,0,0,1,1,1,0,0,1,1,1,1,2,35,6,3,0,0,0,0,0,1,1,5
3,1,9,0,18,0,1,1,0,0,0,1,1,6,2,70,10,1242,1,16,2,2,2,445835,206651,43,2,2,6,483,4,4044,6,50,8,4,6,0,0,0,1,1,1,0,0,2,1,1,1,2,70,10,3,0,0,0,0,0,9,2,8
2,1,9,0,18,0,1,0,0,3,11,1,1,6,1,49,8,1796,1,4,1,2,2,257375,660893,97,2,2,6,926,6,0,6,30,3,4,6,0,0,0,1,1,1,0,0,1,1,1,1,1,33,6,3,0,0,0,0,0,9,1,5
3,1,5,0,18,0,0,0,0,0,0,1,1,2,1,27,6,1598,1,8,1,1,2,529180,182300,1,2,1,4,2,3,501,3,30,0,4,6,0,0,0,1,1,1,0,0,1,1,1,1,1,27,6,3,0,0,0,0,0,5,1,4
3,2,20,0,9,0,8,0,0,0,0,1,1,1,1,38,7,1598,1,8,1,2,2,516250,177370,1,2,2,2,25,3,4,3,40,6,2,4,454,0,5,1,1,1,0,0,1,1,1,1,1,33,6,3,0,0,0,0,0,9,1,5
3,1,5,0,18,0,0,0,0,0,0,1,1,6,1,35,6,1402,1,9,1,1,3,389711,164581,54,3,1,5,635,3,365,6,30,0,4,6,0,0,0,1,1,1,7,0,1,2,1,1,1,35,6,3,0,0,0,0,0,5,1,6
3,1,9,0,7,0,1,1,0,1,0,1,1,6,1,23,5,1398,2,12,2,5,2,210365,54582,50,2,5,5,596,6,0,6,60,3,4,4,3269,0,0,1,7,2,0,0,2,1,1,1,1,23,5,3,0,0,0,0,0,9,2,4
3,2,19,0,18,0,2,0,0,0,0,1,1,6,1,38,7,1598,2,12,1,1,2,533290,192320,1,2,1,4,32,3,406,3,50,3,4,5,0,0,0,1,1,1,0,0,1,1,1,1,1,33,6,3,0,0,0,0,0,9,1,5
3,1,9,0,18,0,0,1,0,0,0,1,1,6,1,82,11,1590,1,14,1,1,3,492574,230988,43,3,1,3,479,3,5,6,60,0,4,6,0,0,0,1,1,1,0,0,2,1,1,2,2,82,11,3,0,0,1,0,0,9,1,3
2,2,9,0,4,0,0,0,0,0,0,2,1,6,1,56,9,2902,2,12,1,2,3,358979,187245,52,3,2,5,612,1,48,3,70,0,4,6,0,0,0,6,1,4,0,0,2,1,1,2,2,57,9,3,0,0,1,0,0,9,1,8
3,2,11,0,18,2,1,0,0,0,0,0,1,1,1,26,6,1598,1,8,1,1,2,415725,434257,13,2,1,3,200,6,0,6,30,3,4,6,0,0,0,4,1,1,0,0,1,2,1,2,1,63,9,3,0,0,0,3,0,11,1,1
2,3,19,0,10,0,8,0,0,0,0,0,1,2,1,20,4,2143,2,2,1,4,3,377141,365449,7,3,4,3,129,3,50,6,60,3,4,5,312,0,0,1,1,1,0,0,2,1,1,1,1,33,6,3,0,0,0,0,0,9,1,5
3,2,9,0,18,0,8,0,0,0,0,1,1,6,2,32,6,1896,2,11,1,1,2,417406,432950,13,2,1,1,200,3,647,6,30,3,4,6,0,0,0,1,1,1,0,0,1,1,1,2,2,10,2,3,0,0,1,0,0,9,1,1
2,1,98,0,18,0,6,0,0,1,9,3,1,1,1,40,7,1248,2,3,1,2,2,432244,247320,23,2,2,4,293,3,422,6,60,6,4,6,0,0,0,6,1,2,0,0,2,1,1,1,1,40,7,2,0,0,0,0,0,98,1,5
3,2,9,0,4,0,6,0,0,0,0,2,1,2,2,44,7,1242,1,2,1,1,2,511720,181920,1,2,1,4,26,3,312,1,30,1,4,5,0,0,0,1,9,2,0,0,1,1,1,1,2,44,7,3,0,0,0,0,0,9,1,3
3,1,9,0,9,0,7,0,0,0,0,0,1,2,2,28,6,1360,1,12,3,2,2,524991,353797,32,2,2,6,351,4,1192,6,60,8,4,6,0,0,0,1,1,1,0,0,2,1,1,1,1,33,6,3,0,0,0,0,0,9,1,5
3,2,1,0,18,0,0,0,0,0,0,3,1,2,1,43,7,1598,1,8,1,1,2,505965,102525,47,2,1,6,558,4,2140,6,30,0,4,6,0,0,0,1,1,1,0,0,1,1,1,1,1,43,7,3,0,0,0,0,0,1,1,1
3,1,9,0,5,0,0,0,0,0,0,0,1,6,1,25,5,1596,1,13,1,1,1,350710,429990,4,1,1,1,79,6,0,6,20,0,4,6,0,0,0,1,1,1,0,0,1,1,1,3,2,9,2,3,9,9,0,0,0,0,1,3
2,1,9,0,18,0,0,0,0,0,0,1,1,6,2,23,5,998,1,7,1,6,5,507040,220813,40,5,6,7,424,1,1,3,70,0,4,6,0,0,0,1,1,1,0,0,2,1,1,1,2,23,5,2,0,0,0,0,0,9,1,5
3,1,9,0,18,0,1,0,0,0,0,1,1,1,2,54,8,1397,1,14,1,1,1,543330,177250,1,1,1,3,6,6,0,6,30,3,4,6,0,0,0,1,1,1,0,0,1,1,1,3,2,3,1,3,5,1,0,0,2,0,1,2
2,1,1,0,18,0,2,0,0,0,0,0,1,6,1,29,6,1598,1,8,1,1,1,526208,129309,47,1,1,1,563,3,23,3,70,5,4,4,2110,0,0,4,1,1,0,0,2,1,1,1,1,29,6,2,0,0,0,0,0,1,1,3
3,1,9,0,9,0,5,0,0,0,0,4,1,2,1,71,10,1896,2,11,1,1,2,365193,177291,52,2,1,4,612,3,432,6,30,3,4,6,0,0,0,4,9,1,0,0,1,1,1,1,1,33,6,3,0,0,0,0,0,9,1,5
2,2,9,0,18,0,8,0,0,0,0,4,1,1,1,40,7,2179,2,4,3,1,2,471685,172830,43,2,1,6,472,3,327,2,30,6,2,3,4,0,5,4,1,1,0,0,1,1,1,1,1,33,6,3,0,0,0,0,0,9,1,5
2,2,3,0,18,0,8,0,0,0,0,1,1,6,1,29,6,125,1,1,2,1,2,432023,119711,44,2,1,7,501,6,0,6,60,3,4,6,0,0,0,1,1,1,0,0,2,1,1,1,1,29,6,2,0,0,0,0,0,3,2,7
3,1,9,0,4,0,0,0,0,0,0,1,1,6,1,35,6,1598,1,8,1,2,3,407516,441648,13,3,2,2,200,3,650,3,70,0,4,6,0,0,0,5,1,1,0,0,1,1,1,1,1,33,6,3,0,0,0,0,0,9,1,5
3,1,9,0,18,0,0,0,0,0,0,1,1,6,1,42,7,1461,2,1,1,1,2,542030,165020,1,2,1,5,19,3,233,6,30,0,4,6,0,0,0,1,1,1,0,0,1,1,1,1,1,42,7,3,0,0,0,0,0,9,1,8
3,1,9,0,18,0,8,0,0,0,0,1,1,6,1,77,11,1339,1,11,1,2,2,338772,361929,7,2,2,6,130,3,483,3,50,1,2,4,5445,0,0,1,1,1,4,0,2,1,1,1,1,33,6,3,0,0,0,0,0,9,1,5
3,2,9,0,18,0,1,0,0,0,0,1,1,1,2,54,8,1796,1,5,1,1,2,460274,305197,33,2,1,5,364,3,47,6,30,3,4,6,1006,0,4,1,1,1,0,0,1,1,1,1,2,54,8,3,0,0,0,0,0,9,1,3
3,1,9,0,3,0,0,0,0,0,0,2,1,6,2,43,7,1598,1,8,1,1,2,499282,150802,45,2,1,5,511,3,25,6,30,0,4,6,0,0,0,4,1,1,0,0,1,2,1,1,2,43,7,3,0,0,0,0,0,9,1,5
3,2,1,0,9,0,4,0,0,0,0,3,1,1,1,49,8,1598,1,8,1,1,2,376670,387290,6,2,1,7,112,3,538,1,30,2,4,4,5161,0,0,1,1,2,0,0,1,1,1,1,1,49,8,3,0,0,0,0,0,1,1,10
2,2,9,0,16,0,8,0,0,0,0,2,1,6,1,36,7,1998,1,16,1,1,2,320344,90899,50,2,1,4,580,3,3052,6,60,3,4,6,0,0,0,1,1,1,0,0,2,1,1,1,1,33,6,3,0,0,0,0,0,9,1,5
2,1,1,0,18,0,0,0,0,0,0,4,1,6,1,43,7,1598,1,8,1,1,2,263057,665432,97,2,1,5,926,3,8,3,30,0,4,6,0,0,0,1,1,1,0,0,1,2,1,2,1,43,7,2,0,0,0,0,0,1,1,5
2,2,19,0,18,0,8,0,0,0,0,1,1,1,1,25,5,1598,1,8,1,2,2,433327,219555,43,2,2,2,485,4,4437,6,60,3,4,6,0,0,0,1,1,1,0,0,2,1,2,1,1,25,5,3,0,0,0,0,0,19,1,9
3,1,9,0,18,0,6,0,0,0,1,4,1,6,1,48,8,1896,2,12,1,5,2,342480,463540,4,2,5,1,76,6,0,6,30,6,4,6,0,0,0,1,1,1,0,0,1,1,4,2,2,3,1,3,0,0,2,0,0,9,1,4
3,1,19,0,18,0,0,0,0,0,0,1,1,1,1,34,6,2198,2,8,1,1,2,522788,223685,41,2,1,3,435,2,1,3,70,0,4,6,0,0,0,1,1,1,0,0,2,1,1,1,1,33,6,3,0,0,0,0,0,9,1,5
3,1,9,0,7,2,5,0,0,0,0,1,1,6,2,33,6,1398,1,2,1,1,2,406675,289616,20,2,1,5,300,6,0,3,40,3,4,6,0,0,0,4,2,2,0,0,1,2,1,1,1,33,6,3,0,0,0,0,0,9,1,5
3,1,9,4,18,0,2,1,0,0,0,1,1,1,1,23,5,2198,2,2,1,1,2,621818,248675,37,2,1,2,415,5,324,6,30,3,4,6,0,0,0,1,8,2,0,0,2,1,1,1,1,33,6,3,0,0,0,0,0,9,1,5
3,1,9,0,18,0,1,0,0,0,0,1,1,6,1,38,7,1598,1,8,1,1,2,510751,481039,12,2,1,2,186,6,370,6,30,8,4,6,0,0,0,1,1,1,0,0,2,2,1,1,1,33,6,3,0,0,0,0,0,9,1,5
3,1,9,0,1,0,8,0,0,0,0,2,1,1,1,40,7,2967,2,2,1,1,1,527877,105513,47,1,1,5,565,6,0,6,20,3,4,6,0,0,0,1,1,1,0,0,1,2,1,3,2,98,11,3,5,1,0,0,0,0,1,6
3,1,9,0,18,0,0,1,0,0,0,1,1,1,2,38,7,1596,1,2,1,2,2,517086,139797,45,2,2,2,512,3,24,6,60,0,4,6,0,0,0,1,1,1,0,0,2,1,1,1,2,33,6,3,0,0,0,0,0,9,1,9
3,1,9,0,12,0,3,0,0,0,0,3,1,6,3,38,7,999,1,14,1,1,2,600610,143080,46,2,1,5,530,3,292,1,30,1,4,6,0,0,0,1,2,2,1,1,1,2,1,1,1,33,6,3,0,0,0,0,0,9,1,5
2,1,3,0,18,0,8,0,0,0,0,1,1,6,1,19,4,1598,1,8,1,1,2,404530,243530,22,2,1,1,277,4,4035,1,30,1,4,4,4035,0,0,4,1,1,0,0,1,2,1,1,1,19,4,2,0,0,0,0,0,3,1,4
3,1,9,0,2,0,0,0,0,0,0,3,1,6,3,38,7,1598,1,8,1,1,2,325051,672843,95,2,1,6,923,6,0,6,30,0,4,6,0,0,0,1,9,1,0,0,1,1,1,1,1,33,6,3,0,0,0,0,0,9,1,5
3,4,9,0,4,0,0,0,0,0,0,2,1,1,2,29,6,1596,1,12,1,1,4,527810,220660,41,4,1,6,432,3,602,6,40,0,4,6,0,0,0,1,1,1,0,0,2,1,1,1,1,33,6,3,0,0,0,0,0,9,1,5
3,1,9,0,9,0,8,0,0,0,0,1,1,6,1,23,5,1796,2,2,1,5,2,548460,189080,1,2,5,7,16,3,12,3,30,6,2,3,1112,0,5,4,2,2,0,0,1,1,4,2,1,25,5,3,0,0,2,0,0,9,1,5
3,3,9,0,12,0,0,0,0,0,0,3,1,6,1,26,6,1598,1,8,1,1,3,431226,420288,13,3,1,1,206,4,6475,6,30,0,4,6,0,0,0,1,1,1,0,0,1,1,1,1,1,33,6,3,0,0,0,0,0,9,1,5
3,1,9,0,18,0,0,0,0,0,0,1,1,6,3,38,7,999,1,7,1,1,1,407817,284164,20,1,1,4,300,6,0,3,30,0,4,6,0,0,4,4,1,1,0,0,1,2,1,3,1,26,6,3,1,1,0,0,0,0,1,5
3,1,9,0,9,0,8,0,0,0,0,4,1,6,2,33,6,1598,1,8,1,3,2,387190,406850,6,2,3,2,106,3,664,6,30,3,4,6,0,0,5,1,1,1,0,0,1,1,1,1,2,33,6,3,0,0,0,0,0,9,1,2
3,3,9,0,18,0,0,0,0,0,0,2,1,2,2,61,9,1998,1,1,1,1,3,322000,674590,95,3,1,2,923,3,90,6,30,0,4,6,0,0,0,1,2,2,0,0,1,1,1,1,1,33,6,3,0,0,0,0,0,9,1,5
3,2,9,0,2,0,0,0,0,0,0,2,1,1,1,28,6,1598,1,8,1,2,2,273901,191258,62,2,2,7,743,6,0,6,30,0,4,6,0,0,0,1,1,1,0,0,1,1,3,2,1,34,6,3,0,0,1,0,0,9,1,5
3,2,9,0,18,0,8,0,0,0,0,4,1,2,1,23,5,1560,2,2,1,1,2,548480,155380,46,2,1,5,538,3,25,6,30,6,2,6,0,0,5,1,2,2,0,0,2,2,1,1,1,23,5,3,0,0,0,0,0,9,1,4
3,2,9,0,4,0,0,0,0,0,0,2,1,2,1,24,5,1600,1,11,1,2,3,442280,315176,33,3,2,2,366,3,511,6,50,0,4,6,0,0,4,4,1,2,0,0,2,1,1,1,1,24,5,3,0,0,0,0,0,9,1,2
3,2,1,0,4,0,1,0,0,0,0,1,1,2,2,23,5,1598,1,8,1,1,2,410825,91597,55,2,1,5,640,3,35,6,30,3,4,6,0,0,1,1,1,1,0,0,1,2,1,1,2,23,5,3,0,0,0,0,0,1,1,5
3,1,9,0,7,0,8,0,0,0,0,3,1,6,1,50,8,1598,1,16,3,3,2,139550,931441,91,2,3,5,941,3,859,6,60,9,4,6,0,0,0,1,1,1,0,0,2,1,2,2,2,53,8,3,0,0,1,0,0,9,3,5
3,1,9,0,18,0,0,0,0,0,0,2,1,6,2,31,6,1968,2,9,1,1,2,345020,465060,4,2,1,5,76,3,5105,6,30,0,4,6,0,0,0,4,5,2,0,0,1,1,1,1,1,33,6,3,0,0,0,0,0,9,1,5
3,1,9,0,18,0,1,0,0,7,2,1,1,6,2,19,4,1598,1,8,1,1,1,354259,734242,93,1,1,3,912,6,0,6,30,0,4,6,0,0,0,4,1,1,0,0,1,1,1,1,2,19,4,3,0,0,0,0,0,9,1,5
3,2,21,0,18,0,0,0,0,0,0,3,1,1,1,24,5,5880,2,1,1,1,2,538780,265190,35,2,1,6,395,4,1050,6,60,0,4,6,0,0,0,6,2,2,0,0,2,1,1,1,1,33,6,3,0,0,0,0,0,9,1,5
2,2,9,0,18,0,0,0,0,7,6,1,1,6,1,39,7,1598,1,6,3,3,2,460353,311380,33,2,3,1,362,3,46,3,70,0,4,6,0,0,0,6,4,2,0,0,2,1,1,1,1,33,6,3,0,0,0,0,0,9,1,5
3,2,9,0,2,0,0,0,0,1,0,2,1,6,1,51,8,1796,1,17,1,1,2,620896,311702,36,2,1,6,401,6,0,6,30,0,4,6,0,0,0,1,1,1,0,0,1,1,1,1,1,51,8,3,0,0,0,0,0,9,1,2
2,1,9,0,18,0,0,0,0,0,0,1,1,6,1,19,4,1598,1,12,3,1,2,448379,277479,23,2,1,7,292,4,4112,6,50,0,4,6,0,0,0,6,1,2,0,0,2,1,1,1,1,33,6,3,0,0,0,0,0,9,1,5
3,2,9,0,5,0,8,0,0,0,0,1,1,6,1,35,6,1598,1,11,1,2,2,516780,185470,1,2,2,7,28,3,404,1,30,1,4,3,404,0,1,1,1,1,0,0,1,2,1,1,1,33,6,3,0,0,0,0,0,9,1,5
2,2,19,0,18,0,0,0,0,0,0,1,1,6,1,48,8,1598,1,8,1,3,3,548580,184490,1,3,3,2,16,5,0,6,30,0,4,6,0,0,0,1,2,2,0,0,1,1,2,1,1,48,8,3,0,0,0,0,0,19,1,3
3,1,11,0,4,0,2,0,0,0,0,0,1,1,1,59,9,1598,1,8,1,6,1,531270,177480,1,1,6,6,9,3,23,3,30,3,4,6,0,0,5,1,1,1,0,0,1,1,3,2,2,40,7,3,0,0,0,4,0,11,1,5
3,2,9,0,3,0,1,0,0,0,0,2,1,6,1,33,6,1398,2,9,1,2,2,510520,174350,1,2,2,5,25,3,315,6,30,6,2,3,312,0,5,1,1,1,0,0,1,1,1,1,1,33,6,3,0,0,0,0,0,9,1,6
3,1,9,0,7,0,6,0,0,0,0,1,1,6,1,25,5,1598,1,8,1,1,2,512100,199220,41,2,1,7,437,6,503,6,30,3,4,6,194,0,0,1,1,1,0,0,1,2,1,1,1,33,6,3,0,0,0,0,0,9,1,5
3,1,9,0,9,0,1,0,0,0,0,1,1,6,2,87,11,1198,1,2,2,1,2,638516,277039,37,2,1,6,416,3,144,6,30,3,4,4,1123,0,0,1,1,1,0,0,2,1,1,1,1,33,6,3,0,0,0,0,0,9,1,5
3,2,1,0,18,2,8,0,0,0,0,4,1,6,1,29,6,1598,1,8,1,1,2,533840,186410,1,2,1,1,4,3,10,2,30,3,4,5,0,0,0,1,1,1,0,0,1,1,1,1,1,29,6,3,0,0,0,0,0,1,1,2
3,2,9,0,18,0,0,2,0,1,10,2,1,6,2,30,6,2400,1,8,1,2,2,558550,260880,35,2,2,2,391,3,14,3,70,0,4,6,0,0,0,1,1,1,0,0,2,1,1,1,2,30,6,3,0,0,0,0,0,9,1,9
3,1,9,0,9,0,8,0,0,0,0,4,1,6,1,35,6,1598,1,8,1,1,2,525660,178220,1,2,1,1,12,3,3218,6,30,3,4,6,0,0,0,1,1,1,0,0,1,1,1,1,1,33,6,3,0,0,0,0,0,9,1,5
3,3,9,0,10,0,1,0,0,0,0,0,1,6,3,38,7,1598,1,8,1,1,3,426185,585399,10,3,1,2,139,3,196,6,30,3,4,6,0,0,0,1,1,1,0,0,2,1,1,1,1,33,6,3,0,0,0,0,0,9,1,5
3,1,9,0,18,0,8,0,0,0,0,1,1,6,3,38,7,1598,1,8,1,1,2,385880,395980,6,2,1,4,102,5,0,6,30,3,4,6,0,0,0,4,1,1,0,0,1,2,1,1,1,33,6,3,0,0,0,0,0,9,1,5
3,2,2,0,18,0,2,0,0,0,0,2,1,6,2,18,4,1598,1,8,3,1,2,211890,199200,63,2,1,3,752,3,4139,6,50,3,3,6,0,0,0,6,1,1,0,0,2,1,1,1,2,18,4,3,0,0,0,0,0,2,3,5
3,2,1,0,18,0,1,0,0,0,0,1,1,2,1,23,5,1598,1,8,1,1,2,457219,402333,14,2,1,6,211,3,630,3,40,7,4,3,18,0,0,1,1,1,0,0,1,1,1,1,1,23,5,3,0,0,0,0,0,1,1,4
3,1,9,0,9,0,8,0,0,0,0,1,1,6,2,49,8,1461,2,11,3,1,2,526853,105478,47,2,1,6,565,6,0,6,30,3,4,6,0,0,0,1,1,1,0,0,1,2,1,1,1,33,6,3,0,0,0,0,0,9,1,5
2,2,1,0,18,0,0,0,0,0,0,1,1,6,2,28,6,1598,1,8,1,4,4,507458,170551,45,4,4,3,40,3,308,3,50,0,4,6,0,0,0,1,1,1,0,0,1,1,2,1,2,28,6,2,0,0,0,0,0,1,1,5
3,1,9,0,9,0,8,0,0,0,0,1,1,6,1,17,4,1124,1,13,3,3,2,606720,125020,46,2,3,5,539,3,259,6,30,7,2,4,2071,0,5,4,1,1,0,0,2,1,1,1,1,17,4,3,0,0,0,0,0,9,3,5
3,1,9,0,7,0,2,0,0,0,0,2,1,6,2,75,10,1242,1,4,1,1,2,324260,676340,95,2,1,2,923,3,903,6,30,9,4,6,0,0,0,1,1,1,0,0,1,1,1,1,1,33,6,3,0,0,0,0,0,9,1,5
2,2,4,0,18,0,8,0,0,0,0,1,1,6,1,22,5,125,1,5,1,1,2,253945,663902,97,2,1,1,926,3,761,6,30,3,2,6,0,0,5,1,1,1,0,0,1,1,1,1,1,22,5,2,0,0,0,0,0,4,1,5
3,1,9,0,18,0,0,0,0,0,0,2,1,6,1,20,4,998,1,8,1,1,2,524789,159214,45,2,1,1,513,4,2219,6,30,0,4,6,0,0,0,4,1,1,0,0,1,2,1,1,1,20,4,3,0,0,0,0,0,9,1,8
3,2,9,0,18,0,8,0,0,0,0,1,1,6,3,36,7,1149,1,3,1,2,2,575674,188346,42,2,2,2,450,4,1464,6,40,3,2,6,0,2,5,4,1,2,0,0,2,1,1,1,1,33,6,3,0,0,0,0,0,9,1,5
3,3,9,0,13,0,0,1,0,0,0,1,1,6,1,25,5,1149,1,7,1,4,3,389724,296826,20,3,4,2,309,6,0,6,30,0,4,6,0,0,0,1,1,1,0,0,1,1,4,2,1,16,4,3,0,0,2,0,0,9,1,3
3,2,9,0,3,0,1,0,0,0,0,1,1,1,1,39,7,2979,1,1,1,1,2,334570,438600,4,2,1,2,85,6,0,6,20,3,4,6,0,0,0,1,1,1,0,0,1,1,1,1,1,39,7,3,0,0,0,0,0,9,1,9
3,1,9,0,4,0,1,2,0,0,0,0,1,1,1,17,4,2494,2,10,3,1,2,249466,135514,50,2,1,5,582,3,361,6,30,9,4,6,0,0,0,1,1,2,0,0,2,1,1,1,1,17,4,3,0,0,0,0,0,9,3,4
3,1,8,0,18,0,8,0,0,0,0,1,1,1,1,50,8,1896,2,8,1,3,2,345110,462770,4,2,3,5,76,6,0,6,30,9,4,6,0,0,0,1,1,1,0,0,1,1,1,1,1,50,8,3,0,0,0,0,0,8,1,1
3,1,9,0,9,0,5,0,0,0,0,1,1,6,2,31,6,1364,1,1,1,1,2,508440,215050,41,2,1,7,431,3,5,6,50,3,4,5,156,0,0,4,1,2,0,0,2,1,1,1,1,33,6,3,0,0,0,0,0,9,1,5
3,2,9,0,3,0,0,0,0,0,0,3,1,6,2,39,7,1598,1,10,1,1,2,533540,188990,1,2,1,5,31,3,504,6,30,0,4,6,0,0,0,4,1,1,0,0,1,1,1,1,1,33,6,3,0,0,0,0,0,9,1,5
3,1,3,0,18,2,1,0,0,0,0,3,1,6,1,54,8,124,1,3,1,1,2,533470,183720,1,2,1,2,4,3,10,6,30,3,4,6,0,0,0,1,1,1,0,0,1,1,1,1,1,54,8,3,0,0,0,0,0,3,1,3
3,1,9,0,5,0,8,0,0,0,0,4,1,6,2,36,7,1598,1,8,1,2,2,424332,560943,10,2,2,5,146,6,4125,6,30,6,4,6,4125,0,0,4,1,1,0,0,1,1,1,1,2,36,7,3,0,0,0,0,0,9,1,4