accident_severity,vehicle_reference,vehicle_type,towing_and_articulation,vehicle_manoeuvre,vehicle_location-restricted_lane,junction_location,skidding_and_overturning,hit_object_in_carriageway,vehicle_leaving_carriageway,hit_object_off_carriageway,1st_point_of_impact,was_vehicle_left_hand_drive?,journey_purpose_of_driver,sex_of_driver,age_of_driver,age_band_of_driver,engine_capacity_(cc),propulsion_code,age_of_vehicle,driver_home_area_type,NUmber_of_Casualities_unique_to_accident_index,No_of_Vehicles_involved_unique_to_accident_index,location_easting_osgr,location_northing_osgr,police_force,number_of_vehicles,number_of_casualties,day_of_week,local_authority_(district),1st_road_class,1st_road_number,road_type,speed_limit,junction_detail,junction_control,2nd_road_class,2nd_road_number,pedestrian_crossing-human_control,pedestrian_crossing-physical_facilities,light_conditions,weather_conditions,road_surface_conditions,special_conditions_at_site,carriageway_hazards,urban_or_rural_area,did_police_officer_attend_scene_of_accident,casualty_reference,casualty_class,sex_of_casualty,age_of_casualty,age_band_of_casualty,casualty_severity,pedestrian_location,pedestrian_movement,car_passenger,bus_or_coach_passenger,pedestrian_road_maintenance_worker,casualty_type,casualty_home_area_type,casualty_imd_decile
3,2,9,0,13,0,0,0,0,0,0,1,1,6,1,69,10,4921,2,11,1,1,2,577363,325589,36,2,1,1,407,3,148,6,60,0,4,6,0,0,0,1,1,1,0,0,2,2,1,1,1,69,10,3,0,0,0,0,0,9,1,1
3,1,9,0,18,0,1,0,0,0,0,1,1,6,1,38,7,1598,1,8,1,1,2,502431,181029,43,2,1,2,477,4,470,6,40,3,4,6,953,0,0,1,2,2,0,0,2,2,1,1,1,33,6,3,0,0,0,0,0,9,1,5
3,1,9,0,18,0,8,0,10,0,0,4,1,2,2,56,9,1896,2,12,1,1,2,527320,193690,1,2,1,1,30,3,109,1,30,2,4,4,1453,0,0,7,2,2,0,0,1,1,1,1,2,56,9,3,0,0,0,0,0,9,1,7
3,2,9,0,3,0,7,0,0,0,0,2,1,6,1,38,7,1598,1,8,1,1,2,458409,236241,34,2,1,3,385,3,422,1,50,1,4,3,43,0,0,1,1,1,0,0,2,1,1,1,1,33,6,3,0,0,0,0,0,9,1,5
3,1,9,0,18,0,1,0,0,0,0,1,1,6,1,85,11,1560,2,1,3,4,2,310780,89982,50,2,4,5,580,3,3052,6,30,3,4,6,0,0,0,1,1,1,0,0,2,1,1,1,1,85,11,3,0,0,0,0,0,9,3,9
2,1,9,0,17,0,0,1,0,7,4,3,1,6,2,22,5,1197,1,4,1,1,1,252599,87995,50,1,1,4,589,3,386,6,60,0,4,6,0,0,0,1,1,1,0,0,2,1,1,1,2,22,5,2,0,0,0,0,0,9,1,8
3,2,9,0,18,0,8,0,0,0,0,1,1,6,1,72,10,1242,1,5,1,1,2,620912,308094,36,2,1,4,404,6,0,6,30,6,4,6,0,0,0,1,1,1,0,0,1,1,1,1,1,72,10,3,0,0,0,0,0,9,1,2
3,1,11,0,3,0,2,0,0,0,0,0,1,1,1,33,6,4500,2,8,1,1,1,528870,181200,1,1,1,3,1,3,40,6,30,6,2,3,40,0,5,1,1,1,0,0,1,1,1,2,2,16,4,3,0,0,0,2,0,11,2,10
3,1,9,0,5,0,4,0,0,0,0,1,1,6,1,26,6,1995,2,9,2,3,2,486537,240141,43,2,3,5,479,3,509,3,70,1,4,5,159,0,0,1,1,1,0,0,2,1,1,1,1,26,6,3,0,0,0,0,0,9,2,10
3,3,9,0,3,0,0,0,0,0,0,2,1,6,1,47,8,1599,1,9,3,1,3,453843,508036,12,3,1,4,181,4,1257,6,60,0,4,6,0,0,0,1,1,1,0,0,2,1,1,1,1,33,6,3,0,0,0,0,0,9,1,5
2,1,9,0,18,0,0,0,0,0,0,1,1,6,1,71,10,1991,1,16,1,1,2,405600,394340,30,2,1,1,325,3,57,6,50,0,4,6,0,0,0,1,1,1,0,0,2,1,1,1,1,33,6,3,0,0,0,0,0,9,1,5
3,1,9,0,9,0,8,0,0,0,0,1,1,6,1,40,7,1798,8,2,1,1,1,530650,184270,1,1,1,3,3,3,5203,6,30,3,4,5,0,0,1,4,1,1,0,0,1,1,1,3,2,53,8,3,4,3,0,0,2,0,1,2
3,2,9,0,4,0,0,0,0,0,0,2,1,1,2,25,5,1598,1,8,3,1,2,586010,187945,42,2,1,3,460,3,1158,2,30,0,4,6,0,0,0,1,1,1,0,0,1,1,1,1,1,33,6,3,0,0,0,0,0,9,1,5
3,2,9,0,9,0,8,0,0,0,0,3,1,6,2,22,5,1896,2,9,1,1,2,339208,393630,5,2,1,5,91,6,0,6,30,3,4,6,0,0,0,1,1,1,0,0,1,1,1,1,2,22,5,3,0,0,0,0,0,9,1,2
3,1,9,0,2,0,2,0,0,0,0,3,1,6,1,30,6,1086,1,7,1,1,2,533410,182680,1,2,1,5,4,3,10,6,30,6,2,3,5201,0,5,4,1,1,0,0,1,1,1,1,1,33,6,3,0,0,0,0,0,9,1,5
3,1,9,0,14,0,0,0,0,0,0,1,1,6,1,22,5,1149,1,7,1,1,1,387844,303184,21,1,1,2,254,5,40,6,30,0,4,6,0,0,1,1,1,1,0,0,1,1,1,3,1,21,5,3,4,4,0,0,0,0,1,2
3,4,19,0,2,0,0,0,0,0,0,2,1,6,3,38,7,1598,2,3,1,2,4,578341,167981,46,4,2,7,544,6,0,6,30,0,4,6,0,0,0,1,1,1,0,0,1,1,1,1,1,33,6,3,0,0,0,0,0,9,1,5
3,2,9,0,18,0,1,1,0,7,10,1,1,6,1,56,9,2179,2,4,3,1,2,261512,130765,50,2,1,6,582,3,361,6,60,9,4,6,0,0,0,1,1,1,0,0,2,1,1,1,1,33,6,3,0,0,0,0,0,9,1,5
3,1,9,0,7,0,6,0,0,0,0,3,1,6,2,46,8,1560,2,3,3,1,2,406295,561152,10,2,1,7,139,3,695,6,30,3,4,6,8123,0,0,1,2,2,0,0,2,1,1,1,2,46,8,3,0,0,0,0,0,9,3,10
3,1,19,0,18,0,0,5,0,1,10,4,1,1,1,40,7,2402,2,3,1,1,1,441189,423668,13,1,1,4,206,1,62,3,70,0,4,6,0,0,0,1,1,1,0,0,1,1,1,1,1,40,7,3,0,0,0,0,0,19,1,4
2,1,1,0,18,0,0,0,0,0,0,1,1,6,1,44,7,1598,1,8,1,1,2,337919,388103,5,2,1,2,91,6,0,6,20,0,4,6,0,0,0,1,1,1,0,0,1,1,1,1,1,44,7,2,0,0,0,0,0,1,1,5
3,1,9,0,16,0,2,2,0,1,10,1,1,2,1,23,5,1598,1,11,1,1,1,448553,173526,43,1,1,5,471,6,7116,6,60,3,4,6,0,0,0,1,1,2,0,0,2,1,1,1,1,23,5,3,0,0,0,0,0,9,1,10
3,1,9,0,9,0,8,0,0,0,0,3,1,6,1,48,8,1796,1,13,1,1,2,497943,372027,32,2,1,5,352,5,976,6,30,3,4,5,975,0,0,4,4,1,0,0,1,1,1,1,1,33,6,3,0,0,0,0,0,9,1,5
3,1,5,0,13,0,8,0,0,0,0,4,1,2,1,64,9,1470,1,12,1,1,2,395090,394380,6,2,1,3,110,3,627,6,30,3,4,6,0,0,0,1,1,1,0,0,1,1,1,1,1,64,9,3,0,0,0,0,0,5,1,8
3,2,1,0,18,0,0,0,0,0,0,2,1,6,1,23,5,1598,1,8,1,1,2,409919,177292,54,2,1,4,635,5,415,6,60,0,4,6,0,0,0,6,1,1,0,0,2,1,1,1,1,23,5,3,0,0,0,0,0,1,1,10
3,1,9,0,18,0,1,0,0,0,0,1,1,6,1,38,7,1598,1,8,1,1,2,532200,109599,47,2,1,2,565,6,0,1,30,2,4,6,0,0,0,1,1,1,0,0,2,2,1,1,1,33,6,3,0,0,0,0,0,9,1,5
3,2,9,0,2,0,0,0,0,0,0,4,1,6,1,31,6,1753,2,14,1,1,2,415505,185041,54,2,1,7,633,6,0,6,30,0,4,6,0,0,0,4,1,2,0,0,1,1,1,1,1,33,6,3,0,0,0,0,0,9,1,5
3,1,9,0,18,0,6,0,0,0,0,4,1,6,2,31,6,1956,2,1,1,3,2,524500,262520,35,2,3,3,393,5,183,6,60,3,4,5,182,0,0,1,1,1,0,0,2,1,1,1,2,31,6,3,0,0,0,0,0,9,1,2
2,1,1,0,14,4,2,0,0,0,0,1,1,6,2,18,4,1598,1,8,1,1,2,429369,434956,13,2,1,4,204,3,660,6,30,3,4,6,0,0,0,1,2,2,0,0,1,2,1,1,2,18,4,2,0,0,0,0,0,1,1,5
2,1,5,0,16,0,4,1,0,0,0,3,1,6,1,58,9,980,1,37,2,1,1,427577,254615,23,1,1,6,293,3,429,1,60,1,4,6,0,0,0,1,1,2,7,0,2,1,1,1,1,58,9,2,0,0,0,0,0,5,2,9
2,2,9,0,7,0,8,0,0,0,0,4,1,6,3,38,7,1598,1,8,1,1,2,535840,189410,1,2,1,6,13,3,503,6,30,6,2,3,1006,0,5,1,1,1,0,0,1,2,1,1,1,33,6,3,0,0,0,0,0,9,1,5
1,2,19,0,17,0,8,0,0,1,0,3,1,6,2,47,8,1968,2,6,2,2,3,354362,348995,7,3,2,6,130,3,49,6,60,3,4,6,0,0,0,1,2,2,0,0,2,1,1,1,2,47,8,1,0,0,0,0,0,19,2,7
2,2,9,0,18,0,1,0,0,0,0,3,1,1,1,38,7,2993,2,9,1,1,2,510700,185030,1,2,1,4,26,6,0,6,30,8,4,6,0,0,0,1,1,1,0,0,1,1,1,1,1,33,6,3,0,0,0,0,0,9,1,5
3,1,9,0,3,0,1,0,0,0,0,1,1,6,1,29,6,1598,1,8,1,1,2,330302,343349,60,2,1,7,725,3,483,6,30,3,4,6,0,0,0,1,1,1,0,0,2,2,1,1,1,33,6,3,0,0,0,0,0,9,1,5
3,3,9,0,2,0,2,0,0,0,0,4,1,6,2,38,7,1968,2,9,1,1,3,429318,517258,11,3,1,1,161,5,182,6,30,3,4,6,0,0,0,1,1,1,0,0,1,2,1,1,1,33,6,3,0,0,0,0,0,9,1,5
3,1,9,0,17,0,0,0,0,0,0,1,1,6,1,35,6,1997,2,10,1,1,2,538346,235997,41,2,1,5,433,6,1703,6,30,0,4,6,0,0,0,4,1,2,0,0,2,1,1,1,1,33,6,3,0,0,0,0,0,9,1,5
2,1,9,0,9,0,6,0,0,0,0,3,1,6,1,46,8,1360,1,12,1,1,2,519498,207650,41,2,1,5,434,3,1057,6,40,3,4,6,0,0,0,1,1,1,0,0,1,1,1,1,1,33,6,3,0,0,0,0,0,9,1,5
3,2,9,0,18,0,0,0,0,1,2,2,1,6,2,47,8,998,1,14,1,4,2,567060,169960,46,2,4,1,535,3,2,3,70,0,4,6,0,0,0,4,7,2,0,0,2,1,1,1,2,47,8,3,0,0,0,0,0,9,1,6
3,2,9,0,18,0,0,0,0,0,7,3,1,6,1,57,9,1591,1,3,1,2,2,438814,423961,13,2,2,3,206,1,62,3,70,0,4,6,0,0,0,1,1,1,0,0,2,1,1,1,1,33,6,3,0,0,0,0,0,9,1,5
2,2,8,0,17,0,0,0,0,0,0,1,1,1,2,41,7,1956,2,4,1,1,2,339402,396953,5,2,1,7,90,6,0,6,30,0,4,6,0,0,0,4,2,2,0,0,1,1,1,1,1,33,6,3,0,0,0,0,0,9,1,5
3,1,9,0,13,0,8,0,0,0,0,1,1,1,1,35,6,1595,1,3,1,2,2,419158,290840,23,2,2,3,290,3,446,3,60,3,2,6,0,0,0,1,1,1,0,0,2,1,1,1,1,35,6,3,0,0,0,0,0,9,1,5
3,1,9,0,18,0,1,1,0,0,0,1,1,6,2,28,6,1686,2,8,1,5,2,388760,415760,6,2,5,6,106,3,671,6,30,3,4,6,0,0,0,4,2,4,0,0,1,1,1,1,2,28,6,3,0,0,0,0,0,9,1,5
3,1,11,0,18,0,0,0,0,0,0,0,1,1,1,29,6,4500,2,7,1,1,1,524030,185900,1,1,1,2,30,3,407,6,30,0,4,6,0,0,5,1,1,1,0,0,1,1,1,2,1,70,10,3,0,0,0,3,0,11,1,2
3,2,9,0,3,0,1,0,0,0,0,2,1,3,2,27,6,2179,2,2,1,1,2,416818,572848,10,2,1,2,139,3,696,6,30,3,4,6,9127,0,0,1,1,1,0,0,1,2,1,1,2,27,6,3,0,0,0,0,0,9,1,6
3,2,9,0,18,0,0,0,0,0,0,1,1,6,2,60,9,1796,1,13,1,1,2,472619,140238,44,2,1,7,497,4,3004,6,30,0,4,6,0,0,0,1,1,1,0,0,1,1,1,1,1,33,6,3,0,0,0,0,0,9,1,5
3,2,9,0,3,0,0,0,0,0,0,2,1,3,2,45,7,1995,2,8,2,2,2,390155,371795,7,2,2,4,129,3,536,6,60,0,4,6,0,0,0,6,7,1,0,0,2,2,2,2,1,12,3,3,0,0,1,0,0,9,2,7
3,2,9,0,17,0,1,0,0,0,0,1,1,6,1,18,4,1598,1,8,1,2,2,495010,215456,43,2,2,1,476,4,488,6,60,3,4,5,82,0,0,5,1,2,0,0,2,1,1,1,1,18,4,3,0,0,0,0,0,9,1,4
3,2,9,0,3,0,0,0,0,0,0,2,1,6,1,25,5,1598,1,8,2,4,3,315107,180393,62,3,4,6,741,3,4054,6,30,0,4,6,0,0,1,1,1,1,0,0,1,1,2,1,1,25,5,3,0,0,0,0,0,9,2,5
3,1,9,0,9,0,8,0,0,0,0,1,1,2,2,30,6,1598,1,6,1,1,2,549080,184250,1,2,1,4,16,3,1240,6,30,6,4,6,0,0,1,1,1,1,0,0,1,1,1,1,1,33,6,3,0,0,0,0,0,9,1,5
3,1,9,0,17,0,0,0,0,1,2,1,1,6,1,34,6,1796,1,10,1,1,1,342630,462270,4,1,1,5,76,6,0,6,30,0,4,6,0,0,0,1,1,1,0,7,1,1,1,1,1,34,6,3,0,0,0,0,0,9,1,2
3,1,9,0,18,0,3,0,0,0,0,0,1,6,2,49,8,998,1,3,1,1,1,545981,209296,42,1,1,4,457,6,0,6,40,1,4,6,0,0,0,1,1,1,0,0,1,1,1,2,1,57,9,3,0,0,1,0,0,9,1,3
3,2,9,0,3,0,8,0,0,0,0,1,1,6,2,62,9,1560,2,4,1,1,3,577979,185327,42,3,1,3,453,4,1014,6,40,9,4,3,130,0,0,1,1,2,0,0,2,1,1,1,2,62,9,3,0,0,0,0,0,9,1,7
3,1,19,0,10,0,0,0,0,0,0,1,1,6,1,41,7,2198,2,2,1,1,3,509339,213495,41,3,1,6,434,1,1,3,70,0,4,6,0,0,0,1,1,1,0,0,2,1,1,1,1,33,6,3,0,0,0,0,0,9,1,5
3,2,9,0,18,0,0,0,0,0,0,1,1,6,2,57,9,2199,2,4,1,5,2,451937,87894,44,2,5,7,505,6,0,6,60,0,4,6,0,0,0,1,1,4,0,0,2,1,5,1,2,57,9,3,0,0,0,0,0,9,1,5
3,1,9,0,9,0,4,0,0,0,0,1,1,2,1,42,7,1990,1,20,3,1,2,570207,270618,37,2,1,1,411,5,611,1,30,1,4,6,0,0,0,1,1,1,0,0,2,1,1,1,1,33,6,3,0,0,0,0,0,9,1,5
3,1,9,0,9,0,8,5,0,0,0,1,1,6,1,18,4,1360,1,10,1,2,1,469839,112563,44,1,2,5,497,3,3,6,30,6,2,2,2149,0,5,1,1,1,0,0,1,1,1,1,1,18,4,3,0,0,0,0,0,9,1,9
3,3,9,0,3,0,0,0,0,0,0,2,1,6,1,38,7,1998,2,8,1,3,3,413470,287590,20,3,3,6,300,6,0,6,30,0,4,6,0,0,0,4,8,2,0,0,1,1,1,1,1,33,6,3,0,0,0,0,0,9,1,5
3,3,9,0,4,0,0,0,0,0,0,2,1,6,1,58,9,2179,2,4,2,3,3,491799,239440,43,3,3,7,479,1,1,3,70,0,4,6,0,0,0,1,1,1,0,0,2,1,2,1,1,58,9,3,0,0,0,0,0,9,2,5
2,1,9,0,9,0,8,0,0,0,0,1,1,2,2,65,9,1242,1,10,1,1,1,471170,138430,44,1,1,2,497,3,339,1,30,2,4,6,0,0,0,4,1,2,0,0,1,1,1,3,1,39,7,2,5,3,0,0,0,0,1,4
3,2,9,0,17,0,1,0,0,0,0,3,1,2,2,26,6,1598,1,8,1,1,2,572440,139230,46,2,1,6,543,4,2079,6,60,3,4,6,0,0,0,6,2,2,0,0,2,1,1,1,2,26,6,3,0,0,0,0,0,9,1,8
3,2,9,0,18,0,1,1,0,1,0,1,1,6,1,30,6,1598,1,8,1,1,2,487563,406860,16,2,1,4,232,6,0,6,50,8,4,6,0,0,0,6,1,1,0,2,1,1,1,1,1,30,6,3,0,0,0,0,0,9,1,8
3,1,9,0,9,0,8,0,0,0,0,1,1,2,1,62,9,1587,1,12,1,1,2,318880,672830,95,2,1,3,923,3,8,6,40,3,4,6,0,0,0,1,1,1,0,0,1,1,1,1,1,33,6,3,0,0,0,0,0,9,1,5
3,2,9,0,4,0,1,0,0,0,0,2,1,6,2,42,7,1461,2,6,2,2,2,386987,340735,21,2,2,7,257,3,34,3,40,1,4,3,5035,0,8,1,1,2,0,0,1,1,2,2,2,11,3,3,0,0,1,0,0,9,1,5
3,1,1,0,18,0,1,0,0,0,0,3,1,6,2,73,10,1598,1,8,1,1,2,461075,432129,12,2,1,2,187,3,19,6,30,3,4,6,1199,0,0,1,1,1,0,0,1,2,1,1,2,73,10,3,0,0,0,0,0,1,1,10
3,1,9,0,5,0,0,0,0,0,0,4,1,1,1,30,6,1598,1,8,1,1,1,258817,665725,97,1,1,1,926,6,0,2,30,0,4,6,0,0,5,4,2,2,0,0,1,1,1,3,1,26,6,3,10,9,0,0,0,0,1,5
3,1,9,0,18,0,8,0,0,0,0,1,1,6,1,67,10,1598,1,8,1,1,2,395350,385270,6,2,1,2,109,3,6,6,30,3,4,6,0,0,0,1,1,1,0,0,1,1,1,3,1,64,9,3,9,5,0,0,2,0,1,9
3,2,21,1,18,0,1,0,0,0,0,3,1,1,1,51,8,1598,1,8,3,1,2,322680,305810,63,2,1,3,753,3,483,6,60,9,4,6,0,0,0,1,1,1,0,0,2,1,1,1,1,33,6,3,0,0,0,0,0,9,1,5
1,1,21,0,18,0,0,0,0,0,0,0,1,1,1,45,7,12777,2,8,1,1,1,481221,261952,34,1,1,3,384,3,45,3,70,0,4,6,0,0,0,5,2,2,0,0,1,1,1,3,1,39,7,1,8,3,0,0,0,0,1,5
3,1,11,0,5,0,1,0,0,0,0,3,1,1,1,26,6,6700,2,7,1,1,2,424330,563652,10,2,1,5,147,3,695,3,30,3,2,3,695,0,5,1,1,1,0,0,1,1,1,1,1,33,6,3,0,0,0,0,0,9,1,5
2,1,9,0,2,9,1,0,0,0,0,4,1,6,2,55,8,1199,1,13,1,1,2,576489,223267,42,2,1,2,451,6,0,6,30,3,4,6,0,0,0,1,1,1,0,0,1,1,1,1,1,33,6,3,0,0,0,0,0,9,1,5
3,1,9,0,4,0,8,0,0,0,0,2,1,1,1,42,7,1582,2,4,1,1,2,522410,188520,1,2,1,5,30,3,504,6,30,3,4,5,0,0,0,1,1,1,0,0,1,1,1,1,1,42,7,3,0,0,0,0,0,9,1,6
2,1,9,0,18,0,0,5,0,8,10,1,1,6,2,65,9,1598,1,8,3,1,1,587968,118871,47,1,1,5,555,4,2089,6,40,0,4,6,0,0,0,1,1,1,0,0,2,1,1,1,2,65,9,2,0,0,0,0,0,9,3,6
3,2,19,0,3,0,2,0,0,0,0,2,1,2,1,43,7,1399,2,5,1,2,3,452782,350529,31,3,2,5,340,4,6011,6,30,3,4,6,0,0,0,1,1,1,0,0,1,2,1,1,1,43,7,3,0,0,0,0,0,19,1,5
3,1,9,0,18,0,0,0,10,1,4,4,1,6,1,24,5,1998,1,6,1,2,1,402890,293840,20,1,2,2,305,3,4041,3,50,0,4,6,0,0,0,4,1,1,0,0,2,1,2,2,1,20,4,3,0,0,2,0,0,9,1,6
3,1,3,0,18,0,1,0,0,0,0,0,1,6,1,18,4,1598,1,8,1,1,2,361409,178848,52,2,1,1,612,3,4174,3,40,3,4,6,0,0,0,1,1,1,0,0,1,2,1,1,1,18,4,3,0,0,0,0,0,3,1,8
3,2,9,0,18,0,0,0,0,1,7,1,1,6,1,51,8,2993,2,11,1,2,2,475146,260320,34,2,2,7,384,3,508,6,30,0,4,6,0,0,0,1,2,2,0,0,1,1,2,2,2,39,7,3,0,0,1,0,0,9,1,7
3,4,9,0,18,0,0,0,0,0,0,3,1,2,1,27,6,1995,1,9,2,1,4,377892,376564,7,4,1,2,129,3,537,6,60,0,4,6,0,0,0,1,1,1,0,0,2,1,1,1,1,27,6,3,0,0,0,0,0,9,2,9
3,1,8,0,4,0,1,0,0,0,0,4,1,1,1,39,7,1910,2,8,1,1,1,341099,367034,7,1,1,7,130,6,0,6,30,2,4,6,0,0,0,1,1,1,0,0,1,1,1,3,1,8,2,3,5,1,0,0,0,0,1,2
3,2,11,0,18,0,8,1,0,0,0,1,1,1,1,46,8,3900,2,12,1,2,2,533428,155719,45,2,2,2,516,4,2030,6,30,3,4,6,0,0,0,1,2,2,0,0,1,1,2,1,1,46,8,3,0,0,0,0,0,11,1,9
3,2,1,0,18,5,0,0,0,0,0,1,1,2,1,21,5,1598,1,8,1,1,2,545369,209800,42,2,1,6,457,6,0,2,30,0,4,6,0,0,0,1,1,1,0,0,1,2,1,1,1,21,5,3,0,0,0,0,0,1,1,2
3,1,1,0,18,0,0,0,0,0,0,1,1,6,1,25,5,1598,1,8,1,1,2,543660,161240,1,2,1,1,19,6,0,6,30,0,4,6,0,0,0,1,1,1,0,0,2,1,1,1,1,25,5,3,0,0,0,0,0,1,1,4
2,1,9,0,18,0,0,0,0,0,0,1,1,6,1,44,7,898,1,1,1,3,2,540162,111393,47,2,3,1,554,3,275,6,60,0,4,6,0,0,0,6,1,1,0,0,2,1,1,1,1,44,7,3,0,0,0,0,0,9,1,7
3,2,9,0,18,0,8,0,0,0,0,1,1,6,2,46,8,1598,1,8,1,1,2,464638,98609,44,2,1,6,498,6,0,6,20,6,4,6,0,0,0,1,1,1,0,0,1,1,1,1,2,46,8,3,0,0,0,0,0,9,1,5
3,2,9,0,18,0,3,0,0,0,0,2,1,6,1,36,7,1598,1,10,1,2,2,455851,306324,33,2,2,7,364,3,50,1,40,1,4,3,563,0,8,4,1,2,4,0,1,1,2,2,2,16,4,3,0,0,2,0,0,9,1,1
2,1,9,0,7,0,6,0,0,1,10,3,1,1,1,61,9,1199,1,13,1,1,2,441171,386319,14,2,1,5,215,4,6200,3,30,3,4,6,0,0,0,1,1,1,0,0,1,1,1,1,1,61,9,2,0,0,0,0,0,9,1,1
3,3,9,0,3,0,1,0,0,0,0,0,1,6,3,38,7,1598,1,8,1,1,3,310640,268600,63,3,1,3,753,3,483,6,60,3,4,6,0,0,0,1,1,2,0,0,2,1,1,1,1,33,6,3,0,0,0,0,0,9,1,5
3,2,5,0,4,0,1,0,0,0,0,2,1,6,1,44,7,656,1,10,2,1,2,540110,173840,1,2,1,4,7,3,205,3,30,6,2,5,0,0,5,1,1,1,0,0,1,1,1,1,1,44,7,3,0,0,0,0,0,5,2,6
3,2,19,0,18,0,8,0,0,0,0,3,1,1,1,46,8,1248,2,4,1,1,2,433214,568802,10,2,1,6,148,5,211,6,30,5,4,3,1058,0,0,1,1,1,0,0,1,1,1,1,1,46,8,3,0,0,0,0,0,19,1,3
2,1,5,0,18,0,1,0,0,1,10,4,1,6,1,24,5,398,1,8,1,3,1,578036,168321,46,1,3,4,544,5,375,6,30,3,4,6,0,0,0,4,1,1,0,0,1,1,2,3,2,14,3,3,6,9,0,0,0,0,1,4
3,2,1,0,18,0,8,5,0,0,0,1,1,6,1,26,6,1598,1,8,1,1,2,407780,298430,20,2,1,6,307,3,452,6,30,6,2,4,4151,0,5,4,1,1,0,0,1,1,1,1,1,26,6,3,0,0,0,0,0,1,1,1
3,2,9,0,18,0,0,0,0,0,0,1,1,6,2,38,7,1598,1,8,1,1,2,464976,99777,44,2,1,5,498,4,2151,6,30,0,4,6,0,0,0,1,1,1,0,0,1,2,1,1,1,33,6,3,0,0,0,0,0,9,1,5
3,1,9,0,15,0,1,0,0,0,0,3,1,6,3,38,7,1598,1,8,1,1,2,565639,245093,37,2,1,4,414,3,1017,1,60,1,4,6,0,0,0,1,1,1,0,0,2,1,1,1,1,33,6,3,0,0,0,0,0,9,1,5
3,1,9,0,1,9,0,0,0,0,0,2,1,6,1,47,8,2688,2,14,1,1,1,488757,181265,43,1,1,3,474,6,7408,6,30,0,4,6,0,0,0,1,1,1,0,0,1,1,1,3,2,76,11,3,10,9,0,0,0,0,1,4
3,1,9,0,18,0,7,2,0,5,6,1,1,6,2,27,6,1596,1,10,1,2,1,371770,428490,4,1,2,6,75,1,65,3,70,5,4,1,65,0,0,1,5,2,0,0,2,1,2,2,1,27,6,3,0,0,1,0,0,9,1,2
2,1,9,0,18,0,0,0,0,0,0,1,1,6,2,20,4,1349,1,8,1,3,2,390754,290749,20,2,3,4,303,6,0,6,30,0,4,6,0,0,0,1,1,2,0,0,1,1,1,1,2,20,4,2,0,0,0,0,0,9,1,3
3,3,9,0,3,0,0,0,0,0,0,0,1,6,1,57,9,1560,2,3,1,3,3,419874,565888,10,3,3,6,147,3,1,3,70,0,4,6,0,0,0,1,1,2,0,0,1,1,2,2,2,59,9,3,0,0,1,0,0,9,1,6
3,3,9,0,18,0,0,0,0,0,0,1,1,6,1,21,5,2204,2,9,1,3,3,530250,175080,1,3,3,1,9,3,2217,6,30,0,4,6,0,0,0,1,1,1,0,0,1,1,3,1,1,21,5,3,0,0,0,0,0,9,1,5
3,2,9,0,18,0,8,0,0,0,0,2,1,6,2,62,9,1388,1,9,1,1,2,621720,137830,46,2,1,4,539,3,259,1,30,1,4,6,0,0,0,1,1,1,0,0,2,1,1,1,2,62,9,3,0,0,0,0,0,9,1,5
3,1,9,0,18,0,0,0,0,0,0,3,1,6,1,24,5,1198,1,11,1,10,6,412672,286682,20,6,10,6,300,6,0,9,30,0,4,6,0,0,0,4,1,1,0,0,1,2,3,2,2,27,6,3,0,0,1,0,0,9,1,1
3,1,9,0,16,0,0,1,10,5,4,1,1,6,2,31,6,1753,2,8,1,2,1,451243,210141,43,1,2,7,482,3,40,3,70,0,4,6,0,0,0,6,1,2,0,0,2,1,1,1,2,31,6,3,0,0,0,0,0,9,1,9
3,1,19,0,18,0,1,0,0,0,0,1,1,6,3,26,6,1560,2,2,1,2,2,546938,100154,47,2,2,4,554,6,0,6,30,3,3,3,259,0,0,1,1,1,0,0,2,2,1,1,1,33,6,3,0,0,0,0,0,9,1,5
3,2,1,0,18,0,0,0,4,0,0,1,1,6,1,45,7,1598,1,8,1,1,3,532890,190380,1,3,1,4,31,6,0,6,30,0,4,6,0,0,0,1,1,1,0,0,1,1,1,1,1,33,6,3,0,0,0,0,0,9,1,5
3,2,5,0,15,0,1,1,0,0,0,1,1,6,1,21,5,49,1,10,1,2,2,435672,395284,14,2,2,6,215,3,6135,6,30,8,4,6,0,0,0,1,1,1,0,0,2,1,2,1,1,21,5,3,0,0,0,0,0,5,1,1
3,1,9,0,18,0,4,0,0,0,0,1,1,6,1,53,8,2179,2,2,3,1,2,450390,210210,43,2,1,4,482,3,40,1,30,1,4,3,4165,0,0,1,1,1,4,0,1,1,1,1,1,33,6,3,0,0,0,0,0,9,1,5
3,2,9,0,9,0,8,0,0,0,0,1,1,6,2,30,6,1596,1,10,1,1,2,403525,92833,55,2,1,1,643,4,3068,6,30,3,2,4,3061,0,5,4,1,1,0,0,1,1,1,1,2,30,6,3,0,0,0,0,0,9,1,6
2,1,9,0,18,0,0,0,0,0,0,1,1,6,2,78,11,1198,1,1,2,1,1,242775,662937,97,1,1,7,935,6,0,6,30,0,4,6,0,0,0,4,1,2,0,0,1,1,1,3,1,49,8,2,9,9,0,0,0,0,1,5