accident_severity,vehicle_reference,vehicle_type,towing_and_articulation,vehicle_manoeuvre,vehicle_location-restricted_lane,junction_location,skidding_and_overturning,hit_object_in_carriageway,vehicle_leaving_carriageway,hit_object_off_carriageway,1st_point_of_impact,was_vehicle_left_hand_drive?,journey_purpose_of_driver,sex_of_driver,age_of_driver,age_band_of_driver,engine_capacity_(cc),propulsion_code,age_of_vehicle,driver_home_area_type,NUmber_of_Casualities_unique_to_accident_index,No_of_Vehicles_involved_unique_to_accident_index,location_easting_osgr,location_northing_osgr,police_force,number_of_vehicles,number_of_casualties,day_of_week,local_authority_(district),1st_road_class,1st_road_number,road_type,speed_limit,junction_detail,junction_control,2nd_road_class,2nd_road_number,pedestrian_crossing-human_control,pedestrian_crossing-physical_facilities,light_conditions,weather_conditions,road_surface_conditions,special_conditions_at_site,carriageway_hazards,urban_or_rural_area,did_police_officer_attend_scene_of_accident,casualty_reference,casualty_class,sex_of_casualty,age_of_casualty,age_band_of_casualty,casualty_severity,pedestrian_location,pedestrian_movement,car_passenger,bus_or_coach_passenger,pedestrian_road_maintenance_worker,casualty_type,casualty_home_area_type,casualty_imd_decile
3,1,9,0,9,0,8,0,0,0,0,3,1,6,1,19,4,998,1,10,1,1,2,413219,93635,55,2,1,6,640,3,3060,6,30,3,4,6,0,0,0,1,1,1,0,0,1,2,1,1,1,33,6,3,0,0,0,0,0,9,1,5
3,2,9,0,9,0,1,0,0,0,0,1,1,6,2,27,6,1598,1,13,1,1,2,385480,434860,4,2,1,3,72,6,0,6,30,3,4,6,0,0,0,4,4,2,0,0,1,1,1,1,1,33,6,3,0,0,0,0,0,9,1,5
3,1,11,0,18,0,1,0,0,0,0,1,1,1,1,53,8,3900,2,9,1,2,1,439737,557023,10,1,2,7,150,5,555,2,30,3,4,6,5255,0,4,1,1,1,0,0,1,1,1,2,2,32,6,3,0,0,0,3,0,11,1,2
3,2,4,0,5,0,1,0,0,0,0,1,1,1,1,38,7,108,1,5,1,1,2,532380,166480,1,2,1,3,20,3,212,6,30,1,4,3,212,0,0,4,1,1,0,0,1,1,1,1,1,33,6,3,0,0,0,0,0,4,1,3
2,1,9,0,16,0,0,1,0,1,4,1,1,6,2,62,9,1390,1,3,1,4,2,515970,162520,45,2,4,5,510,3,3,3,70,0,4,6,0,0,0,1,1,1,0,0,2,1,2,2,1,5,1,2,0,0,2,0,0,9,1,5
3,1,9,0,4,0,1,0,0,0,0,1,1,6,1,28,6,1560,2,4,1,2,3,530740,178080,1,3,2,2,9,3,3204,6,30,3,4,6,0,0,0,1,1,1,0,0,1,1,1,1,1,33,6,3,0,0,0,0,0,9,1,5
3,1,19,0,18,0,8,0,0,0,0,4,1,1,1,30,6,2488,2,11,2,1,2,460848,452502,12,2,1,4,189,3,1036,6,30,1,4,5,90,0,8,1,1,1,0,0,1,1,1,1,1,33,6,3,0,0,0,0,0,9,1,5
3,1,9,0,18,0,8,0,0,0,0,1,1,6,1,59,9,1596,1,10,1,1,2,525150,187430,1,2,1,5,30,3,598,6,30,7,2,3,502,0,5,4,2,2,0,0,1,1,1,1,1,59,9,3,0,0,0,0,0,9,1,2
3,2,9,0,17,0,1,0,0,0,0,1,1,6,1,71,10,1998,2,13,1,1,2,448954,188891,43,2,1,2,483,3,417,6,30,3,4,6,0,0,0,1,1,1,0,0,2,1,1,1,1,33,6,3,0,0,0,0,0,9,1,5
3,2,9,0,3,0,0,0,0,0,0,2,1,2,2,50,8,1229,1,6,1,1,2,434032,389254,14,2,1,5,215,3,61,3,30,0,4,6,0,0,0,1,1,1,0,0,1,1,1,1,2,50,8,3,0,0,0,0,0,9,1,5
3,1,9,0,18,0,0,0,0,0,0,1,1,6,2,46,8,1582,2,3,3,1,2,470042,474207,12,2,1,1,185,5,61,6,60,0,4,6,0,0,0,1,1,1,0,0,2,1,1,1,2,46,8,3,0,0,0,0,0,9,3,7
2,2,5,0,18,0,8,0,0,0,0,1,1,6,1,49,8,1200,1,17,1,2,2,431533,112931,44,2,2,1,496,6,0,6,50,3,4,3,336,0,0,1,1,1,0,0,2,1,2,2,2,47,8,3,0,0,0,0,0,5,1,4
3,2,9,0,18,0,8,0,0,0,0,1,1,6,2,70,10,1368,1,8,1,3,2,445144,393419,14,2,3,3,213,3,6123,6,40,3,4,6,0,0,0,1,1,1,0,0,1,1,2,1,2,70,10,3,0,0,0,0,0,9,1,2
3,1,8,0,18,0,8,0,0,0,0,4,1,1,1,40,7,1998,2,6,1,2,2,415501,430835,13,2,2,3,200,3,6177,6,30,3,4,6,0,0,0,4,1,2,0,0,1,1,1,2,1,20,4,3,0,0,1,0,0,8,1,1
2,2,9,0,18,0,0,0,10,0,0,1,1,6,2,30,6,1796,1,13,1,3,2,525750,181560,1,2,3,2,1,4,411,6,30,0,4,6,0,0,0,4,1,1,0,0,1,1,3,2,2,42,7,3,0,0,1,0,0,9,1,2
2,2,9,0,16,0,0,0,0,0,0,3,1,6,1,39,7,2996,1,9,3,1,2,496452,161835,45,2,1,4,515,3,319,6,40,0,4,6,0,0,0,1,1,1,0,0,1,1,1,1,1,33,6,3,0,0,0,0,0,9,1,5
3,2,9,0,9,0,5,0,0,0,0,4,1,2,1,28,6,1598,1,8,1,2,2,524441,223850,41,2,2,3,435,6,302,6,40,2,4,6,157,0,7,4,2,2,0,0,1,1,2,1,1,28,6,3,0,0,0,0,0,9,1,2
3,2,11,0,18,0,1,0,0,0,0,1,1,3,1,45,7,9600,2,19,1,5,2,601940,144760,46,2,5,2,530,3,2042,6,30,3,4,6,0,0,0,1,1,1,0,0,1,1,4,2,2,16,4,3,0,0,0,4,0,11,1,2
3,2,9,0,18,0,8,0,0,0,0,3,1,6,2,55,8,998,1,17,1,1,2,412700,285530,20,2,1,6,300,6,0,6,30,3,4,6,0,0,0,1,1,1,0,0,1,2,1,1,2,55,8,3,0,0,0,0,0,9,1,5
3,1,9,0,6,0,8,0,0,0,0,1,1,6,3,38,7,1598,1,8,1,1,1,526810,178840,1,1,1,1,12,3,3218,6,30,3,4,3,3218,0,4,4,1,1,0,0,1,1,1,3,1,25,5,3,1,1,0,0,2,0,1,4
3,3,9,0,3,0,8,0,0,0,0,2,1,6,1,41,7,1397,1,15,1,1,4,475308,253120,34,4,1,5,385,3,508,6,50,3,4,6,4123,0,0,1,1,2,0,0,2,1,1,1,1,33,6,3,0,0,0,0,0,9,1,5
3,1,9,0,5,0,1,0,0,0,0,1,1,6,3,38,7,1598,1,8,1,1,2,329664,694354,94,2,1,4,925,4,981,3,40,1,4,3,921,0,0,4,1,1,0,0,1,2,1,1,1,33,6,3,0,0,0,0,0,9,1,5
2,1,11,0,5,0,2,0,0,0,0,1,1,1,2,54,8,1598,1,8,1,3,1,266139,195645,62,1,3,7,745,3,4067,6,20,5,4,6,0,0,4,1,1,1,0,0,1,1,1,3,2,63,9,3,5,1,0,0,0,0,1,5
3,1,9,0,18,0,8,0,0,0,0,1,1,6,1,18,4,1598,1,8,1,1,2,370970,410680,6,2,1,3,100,6,0,6,30,6,4,6,0,0,0,1,8,2,0,0,1,1,1,1,1,33,6,3,0,0,0,0,0,9,1,5
3,1,9,0,9,0,6,0,0,0,0,1,1,6,1,50,8,1686,2,4,1,2,2,445336,399221,14,2,2,5,213,3,6022,6,30,3,4,6,0,0,0,1,1,1,0,0,1,1,1,1,1,50,8,3,0,0,0,0,0,9,1,4
3,2,19,0,18,0,0,0,0,0,0,3,1,1,1,46,8,2402,2,8,3,1,2,496102,135508,45,2,1,2,517,3,283,6,30,0,4,6,0,0,0,1,1,1,0,0,2,2,1,1,1,33,6,3,0,0,0,0,0,9,1,5
2,2,9,0,3,0,1,0,0,0,0,2,1,6,2,84,11,998,1,3,2,1,2,445239,121948,44,2,1,3,491,3,335,6,60,1,4,6,0,0,0,1,1,1,0,0,2,1,1,1,2,84,11,2,0,0,0,0,0,9,2,5
3,3,9,0,18,0,0,0,0,0,0,1,1,6,1,73,10,1242,1,4,3,2,3,451956,407508,14,3,2,6,211,2,1,3,70,0,4,6,0,0,0,6,2,2,0,0,2,1,2,2,2,87,11,3,0,0,1,0,0,9,3,7
3,2,9,0,3,0,1,0,0,0,0,2,1,6,1,52,8,998,1,3,1,1,2,386749,143503,54,2,1,2,635,3,350,6,60,1,4,3,36,0,0,1,1,1,0,0,2,1,1,1,1,52,8,3,0,0,0,0,0,9,1,8
3,1,3,0,14,0,0,0,0,0,0,1,1,2,1,26,6,998,1,6,1,1,2,519230,179460,1,2,1,1,27,3,4000,6,30,0,4,6,0,0,0,4,1,1,0,0,1,2,1,1,1,26,6,3,0,0,0,0,0,3,1,3
3,2,9,0,4,0,0,0,0,0,0,2,1,6,1,31,6,1995,2,8,1,2,2,355208,170398,52,2,2,2,605,3,370,3,60,0,4,6,0,0,0,1,1,1,0,0,2,1,2,1,1,31,6,3,0,0,0,0,0,9,1,10
3,1,9,0,6,0,0,0,0,0,0,4,1,6,2,22,5,1686,2,8,1,1,2,535540,198480,1,2,1,7,32,3,1010,6,30,0,4,6,0,0,0,7,9,1,0,0,1,1,1,1,1,33,6,3,0,0,0,0,0,9,1,5
2,2,4,0,15,0,8,0,0,0,0,1,1,6,1,26,6,125,1,8,1,1,2,510400,178170,1,2,1,2,25,3,312,1,40,1,2,1,4,0,0,4,1,1,0,0,1,1,1,1,1,26,6,2,0,0,0,0,0,4,1,5
3,1,9,0,18,0,0,0,0,0,0,3,1,6,2,45,7,1598,1,8,1,1,2,545200,183310,1,2,1,5,16,3,13,7,30,0,4,6,0,0,0,1,1,1,0,0,1,2,1,1,2,45,7,3,0,0,0,0,0,9,1,8
3,2,9,0,5,0,4,0,0,0,0,2,1,6,2,68,10,1598,1,8,2,1,2,361460,225860,22,2,1,3,285,3,449,3,70,1,4,1,50,0,0,1,1,1,0,0,2,1,1,1,1,33,6,3,0,0,0,0,0,9,1,5
3,1,9,0,18,0,8,0,0,0,0,1,1,1,2,60,9,1781,1,20,1,4,2,458597,301739,33,2,4,4,364,4,5366,6,30,6,2,5,1606,0,5,1,1,1,0,0,1,1,1,1,1,33,6,3,0,0,0,0,0,9,1,5
2,3,9,0,3,0,0,0,0,0,0,2,1,6,2,40,7,1149,1,1,1,1,4,326640,476620,3,4,1,2,65,3,590,6,60,0,4,6,0,0,0,4,7,2,0,0,2,1,1,1,1,33,6,3,0,0,0,0,0,9,1,5
2,2,9,0,4,0,0,0,0,0,0,3,1,6,1,58,9,1997,2,8,3,1,3,505973,221840,40,3,1,7,424,1,1,3,70,0,4,6,0,0,0,1,1,1,0,0,2,1,1,1,1,33,6,3,0,0,0,0,0,9,1,5
3,2,9,0,2,0,8,0,0,0,0,2,1,6,3,38,7,1910,2,7,1,1,2,511117,445253,16,2,1,6,231,6,0,6,30,3,4,6,0,0,0,4,2,2,0,0,2,1,1,1,1,33,6,3,0,0,0,0,0,9,1,5
3,2,9,0,4,0,2,0,0,0,0,1,1,6,1,61,9,1685,2,8,1,5,3,444310,383653,14,3,5,1,215,5,412,6,30,3,4,6,0,0,0,1,1,1,0,0,1,1,5,2,2,6,2,3,0,0,2,0,0,9,1,6
3,1,9,0,16,0,0,1,0,7,10,1,1,2,2,52,8,999,1,6,1,1,1,385721,161096,54,1,1,4,635,4,3106,6,40,0,4,6,0,0,0,6,4,1,0,0,2,1,1,1,2,52,8,3,0,0,0,0,0,9,1,4
2,1,9,0,18,0,6,0,0,0,0,3,1,6,2,50,8,1598,2,4,1,1,1,487324,149655,44,1,1,7,499,6,0,6,30,8,4,6,0,0,0,4,1,1,0,0,1,1,1,3,1,44,7,2,9,6,0,0,0,0,1,7
3,1,9,0,9,0,5,0,0,0,0,1,1,6,2,21,5,1595,1,13,1,1,2,529706,106451,47,2,1,4,565,5,0,6,30,3,4,6,0,0,0,1,1,1,0,0,1,1,1,1,1,33,6,3,0,0,0,0,0,9,1,5
2,1,9,0,18,0,0,1,10,5,0,4,1,6,1,32,6,1598,1,8,1,2,2,253218,669964,97,2,2,3,926,3,82,3,30,0,4,6,0,0,4,4,1,1,0,0,1,1,2,1,1,32,6,2,0,0,0,0,0,9,1,5
3,3,19,0,18,0,0,0,0,0,0,1,1,1,1,38,7,1598,1,8,3,2,4,448525,175731,43,4,2,3,471,3,34,3,70,0,4,6,0,0,0,6,1,2,0,0,2,1,1,1,1,38,7,3,0,0,0,0,0,19,3,5
3,2,21,1,18,0,8,0,0,0,0,1,1,1,1,50,8,12600,2,11,1,1,2,507642,427168,16,2,1,6,228,3,63,3,50,5,4,3,63,0,0,1,1,1,0,0,1,1,1,1,1,33,6,3,0,0,0,0,0,9,1,5
3,1,9,0,18,0,8,0,0,0,0,4,1,6,2,38,7,2143,2,5,1,1,1,531660,180930,48,1,1,6,570,3,3211,6,20,6,2,3,201,0,5,4,1,1,0,0,1,2,1,3,1,33,6,3,5,1,0,0,0,0,1,5
3,2,9,0,18,0,1,0,0,0,0,1,1,6,1,38,7,1910,2,9,1,2,2,398060,294760,20,2,2,6,305,6,0,6,30,1,4,3,41,0,0,1,1,1,0,0,1,2,1,1,1,33,6,3,0,0,0,0,0,9,1,5
3,1,9,0,18,0,4,0,0,0,0,1,1,6,1,80,11,1341,1,13,1,2,2,395870,296500,20,2,2,5,309,6,0,1,30,1,4,6,0,0,0,1,1,1,0,0,1,1,1,1,1,80,11,3,0,0,0,0,0,9,1,5
2,2,9,0,12,0,8,0,0,0,0,1,1,2,2,18,4,1149,1,9,2,4,3,350110,248630,22,3,4,5,285,3,49,3,60,3,4,6,0,0,0,1,2,2,0,0,2,1,4,2,2,18,4,3,0,0,2,0,0,9,1,4
3,1,9,0,14,0,0,0,7,0,0,1,1,6,1,62,9,1598,1,8,1,1,1,466745,100664,44,1,1,5,498,3,2030,6,30,0,4,6,0,0,4,1,1,1,0,0,1,2,1,1,1,62,9,3,0,0,0,0,0,9,1,3
3,2,9,0,7,0,4,0,0,0,0,1,1,6,2,46,8,1600,1,14,1,1,2,263727,653422,97,2,1,2,938,6,0,6,30,2,4,6,0,0,0,1,4,2,0,0,1,1,1,1,2,46,8,3,0,0,0,0,0,9,1,5
3,1,9,0,18,0,8,0,0,0,0,0,1,6,1,30,6,1998,1,20,1,1,1,489288,267895,34,1,1,7,386,3,5193,2,20,3,4,6,9478,0,1,1,1,1,0,0,1,1,1,3,2,81,11,3,5,1,0,0,0,0,1,4
3,3,9,0,18,0,0,0,0,0,0,3,1,6,1,71,10,2440,2,23,3,1,3,546840,221870,41,3,1,4,432,3,120,6,60,0,4,6,0,0,0,1,1,1,0,0,2,1,1,1,1,33,6,3,0,0,0,0,0,9,1,5
3,2,9,0,18,0,0,0,0,1,0,3,1,6,1,54,8,1781,1,15,2,3,3,445190,371120,30,3,3,1,327,3,632,6,50,0,4,6,0,0,0,1,1,2,0,0,2,1,2,1,1,54,8,3,0,0,0,0,0,9,2,2
2,2,9,0,18,0,8,0,0,7,0,1,1,6,1,60,9,2199,2,8,2,5,3,451338,362360,31,3,5,2,344,3,617,6,60,3,4,6,0,0,0,1,2,2,0,0,2,1,2,1,1,60,9,3,0,0,0,0,0,9,2,8
3,1,9,0,18,0,1,0,0,0,0,1,1,6,1,38,7,1910,2,9,1,4,2,418520,565941,10,2,4,7,147,5,110,6,30,1,4,3,69,0,0,1,1,1,0,0,2,2,1,1,1,33,6,3,0,0,0,0,0,9,1,5
3,2,8,0,18,0,8,0,4,0,0,4,1,1,1,47,8,1910,2,9,1,1,3,535560,183900,1,3,1,5,4,3,106,2,30,3,4,6,0,0,0,4,2,2,0,0,1,1,1,2,1,27,6,3,0,0,2,0,0,8,1,3
3,1,9,0,9,0,8,0,0,0,0,3,1,6,1,29,6,1796,1,14,1,1,2,511260,183540,1,2,1,4,27,4,455,6,30,3,4,6,0,0,0,4,1,2,0,0,1,1,1,1,1,33,6,3,0,0,0,0,0,9,1,5
3,2,11,0,4,0,1,1,0,0,0,0,1,1,1,48,8,1598,1,8,1,3,2,317640,175971,62,2,3,4,741,3,4119,6,30,6,2,6,0,0,5,1,1,1,0,0,1,1,4,2,1,65,9,3,0,0,0,4,0,11,1,5
3,2,8,0,4,0,1,0,0,0,0,2,1,1,3,38,7,1997,2,1,1,1,2,507520,178490,1,2,1,2,26,1,4,3,70,5,4,1,4,0,0,1,1,1,0,0,1,1,1,1,1,33,6,3,0,0,0,0,0,9,1,5
3,3,9,0,2,0,0,0,0,0,0,1,1,3,2,35,6,1686,2,8,1,1,3,428874,401121,14,3,1,3,210,3,629,6,30,0,4,6,0,0,0,1,1,2,0,0,2,1,1,1,1,33,6,3,0,0,0,0,0,9,1,5
2,2,9,0,6,0,8,0,0,0,0,3,1,6,1,27,6,1598,1,8,3,1,2,524110,177470,1,2,1,7,11,3,3218,6,30,3,4,3,3219,0,0,1,2,2,0,0,1,1,1,1,1,33,6,3,0,0,0,0,0,9,1,5
3,1,9,0,9,0,8,0,0,0,0,1,1,6,1,45,7,2143,2,2,1,1,2,524910,174570,1,2,1,2,10,3,3,6,30,3,4,6,0,0,0,1,1,1,0,0,1,1,1,1,1,33,6,3,0,0,0,0,0,9,1,5
3,3,9,0,10,0,1,0,0,0,0,1,1,6,3,49,8,1598,1,8,1,2,3,225217,642647,97,3,2,3,931,4,714,6,30,3,4,6,0,0,0,4,1,2,0,0,1,1,1,1,1,33,6,3,0,0,0,0,0,9,1,5
3,1,9,0,6,0,1,0,0,0,0,3,1,1,2,40,7,1598,1,8,1,1,2,381550,390580,6,2,1,4,102,4,5166,6,30,3,4,6,0,0,0,1,1,2,0,0,1,1,1,1,1,33,6,3,0,0,0,0,0,9,1,5
3,2,9,0,18,0,1,0,0,0,0,1,1,6,1,33,6,1753,2,8,1,4,2,342341,391847,5,2,4,7,91,6,0,3,40,3,4,3,57,0,0,1,1,1,0,0,1,1,4,2,2,39,7,3,0,0,1,0,0,9,1,2
2,1,1,0,18,0,1,0,4,0,0,1,1,6,1,27,6,1598,1,8,1,1,2,558699,177726,42,2,1,3,462,3,1090,6,30,3,4,6,0,0,0,4,1,1,0,0,1,1,1,1,1,27,6,2,0,0,0,0,0,1,1,5
3,2,5,0,18,0,0,0,0,0,0,3,1,2,1,40,7,599,1,14,1,1,2,419045,563533,10,2,1,4,146,3,695,3,50,0,4,6,0,0,0,1,2,2,0,0,1,2,1,1,1,40,7,3,0,0,0,0,0,5,1,6
3,2,9,0,3,0,1,0,0,0,0,2,1,6,2,29,6,1398,1,5,1,1,2,504534,246514,40,2,1,3,420,3,6,3,70,1,4,3,421,0,0,1,1,1,0,0,2,2,1,1,2,29,6,3,0,0,0,0,0,9,1,1
3,2,11,0,9,0,8,0,0,0,0,3,1,6,1,38,7,4500,2,7,1,1,2,527480,181260,1,2,1,6,1,3,5,6,30,3,4,5,0,0,0,1,1,1,0,0,1,1,1,1,1,33,6,3,0,0,0,0,0,9,1,5
3,2,9,0,4,0,8,0,0,0,0,2,1,6,1,51,8,1582,2,1,1,3,3,552630,167620,46,3,3,1,538,3,20,1,60,1,2,4,2173,0,5,1,2,2,0,0,2,1,1,1,1,51,8,3,0,0,0,0,0,9,1,2
3,1,5,0,4,0,1,0,0,1,0,0,1,2,1,35,6,988,1,13,1,1,2,530940,190520,1,2,1,4,31,3,105,6,30,9,4,6,0,0,0,4,1,1,0,0,1,1,1,1,1,35,6,3,0,0,0,0,0,5,1,8
3,1,9,0,1,0,2,0,0,0,0,2,1,6,3,38,7,1598,1,8,1,1,2,599610,141350,46,2,1,3,530,6,3014,6,30,3,4,6,0,0,0,4,1,1,0,0,1,2,1,1,1,33,6,3,0,0,0,0,0,9,1,5
3,1,9,0,3,0,1,0,0,0,0,2,1,6,1,42,7,1390,1,5,1,1,2,462139,150443,44,2,1,7,490,3,30,6,40,1,4,6,0,0,0,1,1,1,0,0,1,2,1,1,1,42,7,3,0,0,0,0,0,9,1,5
3,1,11,0,15,0,1,0,0,0,0,4,1,1,3,38,7,1598,1,8,1,1,2,277750,379762,60,2,1,4,721,3,546,6,30,3,4,6,0,0,0,1,1,1,0,0,1,2,1,1,1,33,6,3,0,0,0,0,0,9,1,5
3,2,11,0,9,0,8,0,0,0,0,4,1,6,1,42,7,8300,2,9,1,7,2,534130,176700,1,2,7,6,8,3,202,6,30,3,2,3,2215,0,5,4,1,2,0,0,1,1,6,2,1,22,5,3,0,0,0,4,0,11,1,10
3,2,1,0,18,0,6,0,0,0,0,1,1,6,1,18,4,1598,1,8,1,1,2,408129,306485,21,2,1,4,252,3,5,3,70,1,4,3,5,0,0,1,1,1,0,0,2,1,1,1,1,18,4,3,0,0,0,0,0,1,1,7
3,1,9,0,18,0,8,0,0,0,0,0,1,6,2,53,8,1560,2,1,1,1,2,455265,307815,33,2,1,2,362,3,5630,1,60,1,4,3,46,0,0,1,1,1,0,0,2,1,1,1,2,53,8,3,0,0,0,0,0,9,1,5
3,1,9,0,17,0,0,2,0,8,10,3,1,2,2,25,5,1229,1,2,2,1,1,431496,230176,43,1,1,1,485,3,3400,6,60,0,4,6,0,0,0,6,1,4,0,0,2,1,1,1,2,25,5,3,0,0,0,0,0,9,2,7
3,1,9,0,4,0,1,0,0,0,0,0,1,6,1,44,7,2993,2,3,2,1,1,573691,171891,46,1,1,6,544,6,0,6,60,3,4,6,0,0,0,6,1,1,0,0,2,2,1,1,1,44,7,3,0,0,0,0,0,9,2,8
3,2,5,0,18,0,8,0,0,0,0,1,1,6,1,44,7,234,1,10,2,1,2,489364,412208,16,2,1,2,232,6,0,1,30,1,4,6,0,0,0,1,1,1,0,0,1,1,1,1,1,44,7,3,0,0,0,0,0,5,2,3
3,2,3,0,4,0,0,0,0,0,0,1,1,6,1,40,7,918,1,16,1,3,3,435820,335520,30,3,3,4,323,3,5194,6,30,0,4,6,0,0,0,4,1,1,0,0,1,1,3,1,1,40,7,3,0,0,0,0,0,3,1,5
3,1,9,0,18,0,3,1,4,7,11,1,1,6,1,18,4,1598,1,12,1,2,3,455462,344403,31,3,2,6,346,6,0,1,30,2,4,6,0,0,8,1,1,1,0,0,1,1,1,1,1,18,4,3,0,0,0,0,0,9,1,3
3,1,9,0,7,0,2,0,0,0,0,1,1,6,2,24,5,1598,1,8,1,1,4,241600,220570,63,4,1,3,751,6,0,6,30,3,4,6,0,0,0,1,1,1,0,0,1,2,1,1,1,33,6,3,0,0,0,0,0,9,1,5
3,2,9,0,9,0,8,0,0,0,0,1,1,6,2,30,6,1149,1,12,1,1,2,531190,169570,1,2,1,6,20,6,0,6,30,8,4,6,0,0,0,1,1,1,0,0,1,1,1,1,1,33,6,3,0,0,0,0,0,9,1,5
3,2,11,0,4,0,0,0,0,0,0,2,1,1,1,50,8,4500,2,5,1,7,2,507650,180230,1,2,7,6,26,3,408,6,30,0,4,6,0,0,0,1,1,1,0,0,1,1,4,2,1,30,6,3,0,0,0,4,0,11,1,3
3,1,9,0,18,0,1,1,0,0,0,1,1,2,1,44,7,3947,1,20,2,1,2,391442,167129,54,2,1,4,635,3,350,6,60,8,4,6,0,0,0,1,1,2,0,0,2,1,1,1,1,33,6,3,0,0,0,0,0,9,1,5
3,2,9,0,18,0,8,0,0,0,0,2,1,6,2,21,5,1598,1,8,1,1,2,527389,136875,47,2,1,4,560,3,2004,6,30,3,4,6,0,0,4,1,1,1,0,0,1,2,1,1,2,21,5,3,0,0,0,0,0,9,1,9
3,1,21,5,11,0,1,0,0,0,0,4,1,1,1,50,8,12130,2,19,1,1,2,426796,557420,10,2,1,2,146,3,1,7,50,1,4,3,167,0,0,4,1,1,0,0,2,2,1,1,1,33,6,3,0,0,0,0,0,9,1,5
2,1,2,0,13,0,0,0,0,0,0,4,1,6,1,26,6,49,1,6,3,1,2,446903,311214,33,2,1,7,361,5,6107,6,60,0,4,6,0,0,0,1,1,1,0,0,2,2,1,1,1,26,6,2,0,0,0,0,0,2,3,8
3,2,9,0,18,0,1,0,0,7,0,1,1,1,1,58,9,1598,1,8,1,2,2,225371,65564,50,2,2,3,596,6,0,6,30,3,4,6,0,0,0,1,1,1,0,0,2,1,2,1,1,58,9,3,0,0,0,0,0,9,1,3
2,2,19,0,4,0,0,0,0,0,0,2,1,1,1,26,6,1598,1,8,3,1,2,195420,214720,63,2,1,2,752,3,4076,6,60,0,4,6,0,0,0,4,1,1,4,0,2,1,1,1,1,33,6,3,0,0,0,0,0,9,1,5
3,1,90,0,5,0,0,0,0,0,0,1,1,6,1,11,3,1598,1,8,3,1,2,601000,264068,37,2,1,1,413,6,0,6,30,0,4,6,0,0,0,1,1,1,0,0,2,1,1,1,1,11,3,3,0,0,0,0,0,90,3,6
2,1,2,0,18,0,0,0,10,0,0,4,1,6,1,18,4,124,1,5,1,1,1,532220,183740,1,1,1,3,3,6,0,6,30,0,4,6,0,0,0,1,2,2,0,0,1,1,1,1,1,18,4,2,0,0,0,0,0,2,1,1
3,1,98,1,18,0,3,0,0,0,0,3,2,1,1,54,8,1598,1,8,1,2,2,374403,352368,7,2,2,6,129,3,500,1,70,1,4,3,531,0,0,1,1,1,0,0,2,1,1,1,1,33,6,3,0,0,0,0,0,9,1,5
3,2,9,3,13,0,0,0,0,0,0,4,1,6,1,47,8,2199,2,2,1,1,2,404920,249010,22,2,1,6,277,4,4088,6,50,0,4,6,0,0,0,1,1,1,0,0,2,1,1,1,1,33,6,3,0,0,0,0,0,9,1,5
3,1,9,0,9,0,6,0,0,0,0,1,1,6,1,20,4,1527,2,15,1,3,2,437614,403177,14,2,3,7,210,6,0,6,60,3,4,6,0,0,0,6,1,1,0,0,2,1,3,2,1,32,6,3,0,0,1,0,0,9,1,1
3,1,9,0,15,0,1,0,4,0,0,4,1,2,1,28,6,2231,2,9,1,1,2,487049,149979,44,2,1,6,499,6,0,6,30,3,4,6,0,0,0,1,2,2,0,0,1,1,1,2,1,29,6,3,0,0,1,0,0,9,1,6
3,1,5,0,18,0,0,1,12,0,0,1,1,6,1,42,7,798,1,1,3,2,1,211625,85350,50,1,2,7,596,4,3314,6,60,0,4,6,0,0,0,1,1,1,0,0,2,1,1,1,1,42,7,3,0,0,0,0,0,5,3,5
3,1,9,0,9,0,8,0,0,0,0,1,1,2,1,23,5,1390,1,4,1,4,2,385590,400660,6,2,4,7,102,3,664,3,30,6,2,3,6010,0,5,4,1,1,0,0,1,1,1,1,1,23,5,3,0,0,0,0,0,9,1,6
3,1,9,0,9,0,5,0,0,0,0,1,1,6,2,73,10,1988,1,14,2,1,2,489344,189956,43,2,1,3,480,6,1718,6,30,8,4,6,1718,0,0,1,1,1,0,0,1,1,1,1,1,33,6,3,0,0,0,0,0,9,1,5
2,1,9,0,1,0,8,0,0,0,0,2,1,6,1,87,11,1499,1,8,1,1,1,423878,570245,10,1,1,5,147,6,1330,6,20,3,4,6,1330,0,0,1,1,1,0,0,1,1,1,3,2,79,11,2,8,1,0,0,0,0,1,10
3,2,9,0,4,0,1,0,0,0,0,2,1,6,2,64,9,2435,1,15,1,1,2,616154,215508,42,2,1,3,461,6,0,6,30,3,4,6,0,0,0,1,1,1,0,0,1,1,1,2,2,27,6,3,0,0,1,0,0,9,1,2
3,2,9,0,7,0,2,0,0,0,0,4,1,6,1,31,6,1798,1,6,1,1,2,386956,352145,21,2,1,7,257,6,0,6,30,3,4,6,0,0,0,4,1,1,0,0,1,1,1,2,1,28,6,3,0,0,1,0,0,9,1,2
3,1,9,0,18,0,0,0,0,0,0,1,1,6,1,20,4,1997,2,13,1,1,4,415037,435568,13,4,1,3,200,3,650,6,30,0,4,6,0,0,0,1,1,1,0,0,1,1,1,1,1,33,6,3,0,0,0,0,0,9,1,5