accident_severity,vehicle_reference,vehicle_type,towing_and_articulation,vehicle_manoeuvre,vehicle_location-restricted_lane,junction_location,skidding_and_overturning,hit_object_in_carriageway,vehicle_leaving_carriageway,hit_object_off_carriageway,1st_point_of_impact,was_vehicle_left_hand_drive?,journey_purpose_of_driver,sex_of_driver,age_of_driver,age_band_of_driver,engine_capacity_(cc),propulsion_code,age_of_vehicle,driver_home_area_type,NUmber_of_Casualities_unique_to_accident_index,No_of_Vehicles_involved_unique_to_accident_index,location_easting_osgr,location_northing_osgr,police_force,number_of_vehicles,number_of_casualties,day_of_week,local_authority_(district),1st_road_class,1st_road_number,road_type,speed_limit,junction_detail,junction_control,2nd_road_class,2nd_road_number,pedestrian_crossing-human_control,pedestrian_crossing-physical_facilities,light_conditions,weather_conditions,road_surface_conditions,special_conditions_at_site,carriageway_hazards,urban_or_rural_area,did_police_officer_attend_scene_of_accident,casualty_reference,casualty_class,sex_of_casualty,age_of_casualty,age_band_of_casualty,casualty_severity,pedestrian_location,pedestrian_movement,car_passenger,bus_or_coach_passenger,pedestrian_road_maintenance_worker,casualty_type,casualty_home_area_type,casualty_imd_decile
3,1,9,0,5,0,4,0,0,0,0,1,1,2,2,31,6,1598,2,3,1,1,2,392480,281380,22,2,1,2,270,3,456,1,50,1,4,6,0,0,0,1,1,1,0,0,2,1,1,1,1,33,6,3,0,0,0,0,0,9,1,5
3,1,9,0,14,0,1,0,0,0,0,4,1,6,1,51,8,1242,1,8,1,1,1,419511,586374,10,1,1,2,139,4,6343,6,30,3,4,3,192,0,0,1,1,1,0,0,1,1,1,3,1,10,2,3,5,2,0,0,0,0,1,10
3,1,19,0,18,0,0,0,0,0,0,1,1,6,1,23,5,1896,2,13,1,3,2,491831,417030,16,2,3,4,232,3,1077,6,60,0,4,6,0,0,0,1,1,1,0,0,2,1,1,1,1,23,5,3,0,0,0,0,0,19,1,1
3,2,9,0,18,0,4,0,10,1,0,4,1,6,1,52,8,1299,1,14,1,2,2,402910,281910,20,2,2,2,300,6,0,1,30,1,4,6,0,0,0,1,8,2,0,0,1,1,2,1,1,52,8,3,0,0,0,0,0,9,1,1
3,2,1,0,18,0,8,0,0,0,0,1,1,6,2,24,5,1598,1,8,1,1,2,452284,205961,43,2,1,2,482,3,420,1,20,1,4,4,480,0,8,4,1,1,0,0,1,1,1,1,2,24,5,3,0,0,0,0,0,1,1,5
3,2,9,0,18,0,8,0,0,0,0,3,1,6,2,48,8,2179,2,6,1,1,2,504650,176660,1,2,1,2,26,3,3044,1,50,1,4,4,3378,0,0,1,2,2,0,0,2,1,1,1,2,48,8,3,0,0,0,0,0,9,1,9
2,1,9,0,5,0,4,0,0,0,0,3,1,6,1,48,8,2494,8,8,3,1,2,426867,512819,12,2,1,6,184,3,66,1,60,1,4,2,66,0,0,1,1,1,0,0,2,1,1,1,1,33,6,3,0,0,0,0,0,9,1,5
3,2,9,0,4,0,0,0,0,0,0,2,1,6,2,49,8,3192,1,9,1,3,2,485389,238284,43,2,3,6,479,5,146,3,70,0,4,6,0,0,0,4,1,2,0,0,1,1,2,1,2,49,8,3,0,0,0,0,0,9,1,7
3,2,9,0,18,0,0,0,0,0,0,1,1,6,3,38,7,1598,1,8,1,1,2,453650,404641,14,2,1,2,211,6,0,6,60,0,4,6,0,0,0,1,1,1,0,0,2,2,1,1,1,33,6,3,0,0,0,0,0,9,1,5
3,1,9,0,18,0,1,0,0,0,0,3,1,6,2,32,6,1149,1,3,1,1,2,420596,95283,44,2,1,6,496,3,35,6,40,3,4,6,0,0,0,1,1,1,0,0,2,1,1,1,2,32,6,3,0,0,0,0,0,9,1,3
3,1,9,0,18,0,1,0,0,0,0,1,1,5,1,37,7,1995,2,4,1,2,2,414859,312222,21,2,2,3,252,6,199,6,30,3,4,6,548,0,0,1,1,1,0,0,2,2,2,1,1,37,7,3,0,0,0,0,0,9,1,10
3,3,9,0,3,0,0,0,0,0,0,1,1,6,2,18,4,998,1,10,1,8,5,428502,433279,13,5,8,4,204,3,647,3,40,0,4,6,0,0,0,4,1,1,0,0,1,1,5,1,2,18,4,3,0,0,0,0,0,9,1,2
3,2,9,0,3,0,1,0,0,0,0,2,1,6,2,44,7,1149,1,7,2,2,3,454730,363507,31,3,2,4,344,3,60,6,30,3,4,3,6075,0,8,1,1,1,0,0,1,1,2,1,2,44,7,3,0,0,0,0,0,9,2,5
2,2,9,0,4,0,1,0,0,0,0,2,1,5,2,61,9,1598,1,13,3,1,3,419855,255454,23,3,1,2,293,3,3400,6,30,3,4,6,0,0,0,1,1,1,0,0,1,1,1,1,2,61,9,2,0,0,0,0,0,9,3,9
3,2,5,0,17,0,8,0,0,0,0,1,1,6,1,30,6,1089,1,33,1,1,2,407312,348980,21,2,1,1,256,5,90,6,60,3,4,5,323,0,0,1,1,1,0,0,2,2,1,1,1,30,6,3,0,0,0,0,0,5,1,1
2,1,9,0,16,0,0,0,0,0,0,1,1,6,1,24,5,4395,1,3,1,1,1,409590,285210,20,1,1,5,300,3,45,3,40,0,4,6,0,0,4,4,1,1,0,0,1,1,1,3,1,14,3,2,1,3,0,0,0,0,1,1
3,1,19,0,18,0,1,0,0,0,0,1,1,1,1,35,6,2998,2,8,1,1,2,539290,184510,1,2,1,6,17,3,118,6,30,3,4,6,0,0,4,1,1,1,0,0,1,1,1,1,1,33,6,3,0,0,0,0,0,9,1,5
3,2,1,0,18,0,8,0,0,0,0,1,1,6,1,46,8,1598,1,8,1,1,2,458529,342746,31,2,1,3,346,6,0,6,30,8,4,6,0,0,4,4,2,2,0,0,1,1,1,1,1,46,8,3,0,0,0,0,0,1,1,5
3,3,9,0,18,0,0,0,0,0,0,1,1,6,1,27,6,1995,2,9,1,4,3,330948,391106,5,3,4,6,95,4,5145,6,30,0,4,6,0,0,0,1,1,1,0,0,1,1,3,2,2,22,5,3,0,0,1,0,0,9,1,1
1,1,5,0,16,0,0,0,0,7,0,1,1,6,1,47,8,999,1,3,1,3,2,438897,508129,12,2,3,7,181,4,1264,6,60,0,4,6,0,0,0,1,1,1,0,0,2,1,2,2,2,51,8,1,0,0,0,0,0,5,1,1
3,2,19,0,3,0,1,0,0,0,0,2,1,6,1,69,10,1598,1,8,1,1,2,425796,533407,11,2,1,5,169,3,688,1,60,1,4,3,688,0,0,1,1,1,0,0,2,2,1,1,1,69,10,3,0,0,0,0,0,19,1,5
3,2,9,0,18,0,3,0,0,0,0,4,1,6,1,69,10,1956,2,5,1,4,2,631130,165710,46,2,4,1,541,3,299,1,70,1,4,6,0,0,4,4,7,2,0,0,2,2,1,1,1,69,10,3,0,0,0,0,0,9,1,3
3,2,19,0,3,0,0,0,0,0,0,2,1,2,1,18,4,2198,2,2,3,1,2,440623,547324,11,2,1,5,169,3,19,3,70,0,4,6,0,0,0,1,1,1,0,0,2,2,1,1,1,18,4,3,0,0,0,0,0,19,3,6
3,1,9,0,18,0,8,0,0,0,0,3,1,6,1,23,5,1390,1,7,1,1,2,288073,810436,91,2,1,5,927,3,9,6,60,3,4,4,9152,0,0,1,1,1,0,0,2,1,1,2,1,23,5,3,0,0,1,0,0,9,1,5
2,2,21,0,9,0,6,0,0,0,0,2,1,1,1,50,8,1598,1,8,1,1,2,307162,366206,60,2,1,3,723,6,0,6,60,8,4,6,0,0,0,1,1,1,0,0,2,1,1,1,1,33,6,3,0,0,0,0,0,9,1,5
3,2,9,0,18,0,0,0,0,0,0,4,1,6,1,23,5,1360,1,8,1,2,2,417180,283160,20,2,2,1,306,3,45,3,60,0,4,6,0,0,0,1,2,2,0,0,1,2,1,1,1,33,6,3,0,0,0,0,0,9,1,5
2,2,9,0,18,0,0,0,0,1,0,1,1,6,1,28,6,1598,2,5,1,2,2,515015,135718,47,2,2,3,562,6,0,6,60,0,4,6,0,0,0,1,1,1,0,0,2,1,2,1,1,28,6,3,0,0,0,0,0,9,1,4
3,1,9,0,18,0,8,0,0,0,0,1,1,6,3,38,7,1461,2,1,1,1,2,504508,223164,40,2,1,6,421,6,0,6,30,2,4,6,0,0,8,1,1,1,0,0,1,2,1,1,1,33,6,3,0,0,0,0,0,9,1,5
3,2,9,0,18,0,8,0,0,0,0,1,1,6,1,44,7,1956,2,2,1,1,2,458162,340058,31,2,1,6,346,4,686,6,30,3,4,6,0,0,0,1,1,1,0,0,1,1,1,1,1,44,7,3,0,0,0,0,0,9,1,4
3,2,9,0,18,0,2,0,0,0,0,3,1,6,3,38,7,1598,1,8,1,1,2,468841,146917,44,2,1,2,490,6,0,6,50,3,4,6,0,0,0,1,1,1,0,0,2,2,1,1,1,33,6,3,0,0,0,0,0,9,1,5
3,1,9,0,18,0,1,0,0,0,0,1,1,1,1,39,7,1896,2,12,1,1,2,504429,160032,45,2,1,5,518,6,3744,6,30,3,4,6,0,0,0,1,3,2,0,0,1,1,1,1,1,33,6,3,0,0,0,0,0,9,1,5
3,1,3,0,7,0,8,0,0,0,0,1,1,6,1,35,6,1598,1,8,1,1,2,266744,195193,62,2,1,4,745,3,4217,6,30,1,2,6,0,0,5,1,1,1,0,0,2,1,1,1,1,35,6,3,0,0,0,0,0,3,1,5
3,2,19,0,18,0,0,0,0,0,0,2,1,1,1,31,6,1968,2,1,1,1,2,489475,266264,34,2,1,5,386,3,45,3,50,0,4,6,0,0,0,1,1,1,0,0,1,1,1,1,1,33,6,3,0,0,0,0,0,9,1,5
3,2,9,0,16,0,0,0,0,1,0,3,1,6,1,38,7,1200,1,2,1,1,2,413395,436886,13,2,1,2,200,6,0,6,30,0,4,6,0,0,0,1,1,1,0,0,2,1,1,1,1,33,6,3,0,0,0,0,0,9,1,5
3,2,9,0,9,0,8,0,0,0,0,3,1,6,2,54,8,1598,2,3,1,3,2,352871,392648,5,2,3,3,92,4,5204,6,30,2,4,6,0,0,0,1,1,1,0,0,1,1,1,1,2,54,8,3,0,0,0,0,0,9,1,6
3,1,9,0,9,0,8,0,0,0,0,1,1,6,1,29,6,1590,1,11,3,1,2,375748,166034,52,2,1,4,611,3,4,6,30,3,4,6,0,0,0,1,1,1,0,0,1,1,1,1,1,33,6,3,0,0,0,0,0,9,1,5
2,1,9,0,18,0,2,0,0,0,0,1,1,1,1,41,7,1998,1,13,1,1,1,388850,390030,6,1,1,4,109,3,560,2,30,3,4,6,0,0,4,1,2,2,0,0,1,1,1,3,1,17,4,2,4,9,0,0,0,0,1,4
3,2,4,0,13,0,8,1,0,0,0,1,1,6,1,37,7,738,1,14,1,2,2,533344,212840,41,2,2,4,432,3,119,6,30,3,4,6,582,0,0,1,9,1,0,0,1,1,2,1,1,37,7,3,0,0,0,0,0,4,1,3
3,2,2,0,4,0,8,0,0,0,0,1,1,6,2,20,4,96,1,9,1,1,2,540530,160740,1,2,1,6,19,6,0,6,30,3,4,6,0,0,0,1,1,1,0,0,2,1,1,1,2,20,4,3,0,0,0,0,0,2,1,5
3,2,9,0,18,0,8,0,0,0,0,3,1,6,1,63,9,1910,2,9,1,1,2,544670,185760,1,2,1,4,14,6,0,1,30,2,4,6,0,0,0,4,1,1,0,0,1,2,1,1,1,33,6,3,0,0,0,0,0,9,1,5
3,4,19,0,3,0,2,0,0,0,0,2,1,6,1,42,7,1598,1,8,2,2,4,389813,107971,55,4,2,6,642,3,354,6,40,3,4,6,0,0,0,1,1,1,0,0,2,1,1,1,1,33,6,3,0,0,0,0,0,9,1,5
3,2,9,0,18,0,1,0,0,0,0,1,1,6,2,38,7,1850,1,14,1,1,2,530500,192080,1,2,1,3,32,3,406,6,40,3,4,6,0,0,0,1,1,1,0,0,1,2,1,1,1,33,6,3,0,0,0,0,0,9,1,5
2,2,9,0,17,0,0,0,0,0,0,1,1,1,1,38,7,2993,2,1,1,3,3,239214,55189,50,3,3,2,596,3,374,6,60,0,4,6,0,0,0,1,1,1,0,0,2,1,1,1,1,33,6,3,0,0,0,0,0,9,1,5
3,1,11,0,4,0,1,0,0,0,0,0,1,1,1,47,8,7300,2,12,1,1,1,531740,179330,1,1,1,6,8,3,201,6,30,3,4,5,0,0,4,1,1,1,0,0,1,1,1,2,2,48,8,3,0,0,0,3,0,11,1,6
3,3,9,0,8,0,1,0,0,0,0,3,1,6,2,27,6,1591,1,8,1,1,3,353262,382456,7,3,1,2,124,5,710,3,40,6,2,3,533,0,0,1,1,1,4,0,1,1,1,1,1,33,6,3,0,0,0,0,0,9,1,5
3,2,9,0,12,0,0,0,0,0,0,3,1,6,3,38,7,1598,1,8,1,1,2,359056,178071,52,2,1,3,601,6,0,6,20,0,4,6,0,0,0,7,1,1,0,0,1,2,1,1,1,33,6,3,0,0,0,0,0,9,1,5
3,2,9,0,18,0,5,0,0,0,0,2,1,6,1,42,7,1598,1,8,1,1,2,331840,190002,61,2,1,6,733,1,4,3,70,9,4,6,0,0,0,1,1,1,0,0,2,1,1,1,1,42,7,3,0,0,0,0,0,9,1,10
3,2,9,0,18,0,0,0,10,0,6,2,1,6,1,64,9,1995,2,2,1,2,2,362950,410510,6,2,2,2,100,1,61,3,70,0,4,6,0,0,0,1,6,3,0,0,2,1,2,1,1,64,9,3,0,0,0,0,0,9,1,9
3,1,9,0,18,0,0,0,0,0,0,1,1,6,1,46,8,1968,2,10,1,3,2,423071,564712,10,2,3,1,147,5,116,6,20,0,4,6,0,0,0,1,1,1,0,0,1,1,2,2,1,7,2,3,0,0,2,0,0,9,1,4
3,2,9,0,18,0,8,0,0,0,0,1,1,6,3,38,7,1598,1,8,1,1,2,359186,171925,52,2,1,6,601,6,0,9,30,3,2,6,0,0,5,1,1,1,0,0,1,1,1,1,1,33,6,3,0,0,0,0,0,9,1,5
3,2,9,0,18,0,0,0,0,0,0,4,1,2,2,29,6,1560,2,5,1,1,2,557509,180650,42,2,1,4,462,1,25,3,70,0,4,6,0,0,0,4,8,1,0,0,2,1,1,1,2,29,6,3,0,0,0,0,0,9,1,8
3,1,9,0,18,0,6,0,0,0,0,1,1,6,1,29,6,1242,1,9,1,1,2,520805,164779,45,2,1,5,38,6,2372,6,30,3,4,3,240,0,0,1,1,1,0,0,1,2,1,1,1,33,6,3,0,0,0,0,0,9,1,5
3,1,9,0,2,0,0,0,0,0,0,4,1,6,1,26,6,1995,1,8,3,1,2,533420,193590,1,2,1,7,32,5,0,6,20,0,4,6,0,0,0,4,1,2,0,0,1,2,1,3,1,26,6,3,9,5,0,0,2,0,3,9
3,2,9,0,18,0,0,0,0,0,0,2,1,6,1,67,10,1461,2,5,1,2,3,383870,432890,4,3,2,2,72,3,671,3,30,0,4,6,0,0,0,1,1,1,0,0,1,1,2,2,2,66,10,3,0,0,1,0,0,9,1,3
3,1,9,0,3,0,2,0,0,0,0,0,1,6,2,37,7,1598,1,8,1,1,2,365413,168702,52,2,1,2,611,6,0,9,30,3,4,6,0,0,1,1,1,2,0,0,1,2,1,1,2,37,7,3,0,0,0,0,0,9,1,6
1,1,9,0,17,0,2,0,0,1,10,1,1,6,1,80,11,1242,1,10,3,1,1,177416,52542,50,1,1,6,596,3,3075,6,40,9,4,6,0,0,0,6,1,1,0,0,2,1,1,1,1,80,11,1,0,0,0,0,0,9,3,3
3,2,2,0,18,0,0,0,0,0,0,1,1,6,1,33,6,124,1,13,1,1,2,533830,181450,1,2,1,3,5,3,1202,6,30,0,4,6,0,0,0,1,1,1,0,0,1,1,1,1,1,33,6,3,0,0,0,0,0,2,1,4
3,2,9,0,18,0,0,0,0,0,0,1,1,6,2,46,8,998,1,12,1,2,2,414036,434446,13,2,2,5,200,6,0,6,30,0,4,6,0,0,0,1,1,1,0,0,1,1,1,1,2,46,8,3,0,0,0,0,0,9,1,6
3,1,9,0,18,0,8,0,0,0,0,1,1,6,2,48,8,1796,1,20,1,1,1,512350,179280,1,1,1,4,27,5,0,6,30,6,2,5,0,0,5,1,1,1,0,0,1,2,1,3,1,18,4,3,4,1,0,0,2,0,1,2
3,1,9,0,18,0,0,0,0,0,0,1,1,6,2,66,10,1598,1,8,2,1,2,197380,204970,63,2,1,4,752,3,477,9,40,0,4,6,0,0,0,1,1,1,0,0,2,2,1,1,1,33,6,3,0,0,0,0,0,9,1,5
2,1,4,0,18,0,8,0,0,1,0,3,1,6,1,58,9,398,1,39,1,2,2,476113,344517,31,2,2,6,347,6,0,6,60,6,4,6,0,0,0,1,1,1,0,0,2,1,1,1,1,58,9,2,0,0,0,0,0,4,1,6
3,1,9,0,7,5,8,0,0,0,0,3,1,6,1,50,8,1798,1,12,1,1,2,527975,104486,47,2,1,3,565,3,259,6,30,8,4,6,0,0,0,1,1,1,0,0,1,2,1,1,1,33,6,3,0,0,0,0,0,9,1,5
3,2,1,0,5,0,4,0,0,0,0,3,1,1,1,36,7,1598,1,8,1,1,2,390930,298570,20,2,1,5,309,3,41,1,30,1,2,3,4540,0,0,4,1,1,0,0,1,2,1,1,1,36,7,3,0,0,0,0,0,1,1,6
3,1,11,0,5,0,0,0,0,0,0,0,1,1,1,57,9,6700,2,5,1,1,1,533760,190180,1,1,1,2,31,3,10,6,30,0,4,6,0,0,0,4,2,2,0,0,1,1,1,2,2,49,8,3,0,0,0,3,0,11,1,1
3,2,9,0,18,0,1,0,0,0,0,4,1,6,1,70,10,1799,1,7,1,1,3,571235,166966,46,3,1,2,544,3,228,6,40,3,4,6,0,0,8,1,1,1,0,0,2,1,1,1,1,33,6,3,0,0,0,0,0,9,1,5
3,6,9,0,18,0,0,0,0,0,0,2,1,1,1,66,10,2706,1,8,1,3,7,354510,418950,4,7,3,2,73,1,6,3,70,0,4,6,0,0,0,1,1,1,0,0,2,1,1,1,1,33,6,3,0,0,0,0,0,9,1,5
3,1,9,0,9,0,5,0,0,7,0,3,1,6,1,42,7,2179,2,8,3,1,2,347200,241450,22,2,1,6,285,3,438,6,40,9,4,6,0,0,0,4,1,1,0,0,1,1,1,2,2,51,8,3,0,0,1,0,0,9,3,7
3,2,1,0,18,0,8,0,0,0,0,2,1,6,2,39,7,1598,1,8,2,1,3,460400,189120,43,3,1,5,484,6,390,6,30,2,4,6,0,0,1,1,1,1,0,0,1,2,1,1,2,39,7,3,0,0,0,0,0,1,2,8
3,3,98,0,3,0,0,0,0,0,0,2,1,1,1,66,10,1560,2,5,1,4,4,531340,181400,48,4,4,2,570,3,4,6,20,0,4,6,0,0,0,1,1,1,0,0,1,1,3,1,1,66,10,3,0,0,0,0,0,98,1,7
3,2,9,0,18,0,2,0,0,0,0,1,1,6,3,35,6,998,1,4,1,1,2,362939,175592,52,2,1,5,601,3,432,9,20,9,2,6,0,0,5,1,2,2,0,0,1,2,1,1,1,33,6,3,0,0,0,0,0,9,1,5
3,1,9,0,17,0,0,0,4,0,0,1,1,2,1,45,7,1389,1,13,1,1,2,562500,174080,46,2,1,3,535,6,3502,3,30,0,4,6,0,0,0,4,2,2,0,0,1,1,1,1,1,45,7,3,0,0,0,0,0,9,1,6
3,1,9,0,18,0,1,0,7,0,0,1,1,6,1,37,7,1686,2,10,1,2,1,456480,360512,31,1,2,2,344,3,6117,6,30,3,4,6,0,0,8,1,1,1,0,0,1,1,1,3,2,8,2,3,5,1,0,0,0,0,1,1
3,1,9,0,18,0,1,0,0,0,0,1,1,6,2,31,6,1598,1,8,1,2,2,249475,132232,50,2,2,3,582,4,3233,6,30,8,4,6,0,0,0,1,1,1,0,0,2,1,1,1,2,31,6,3,0,0,0,0,0,9,1,9
3,2,9,0,18,0,8,0,0,0,0,1,1,6,2,26,6,1389,1,11,1,2,3,464593,154110,44,3,2,6,490,6,0,6,30,3,4,6,0,0,8,4,2,2,0,0,1,1,2,1,2,26,6,3,0,0,0,0,0,9,1,5
2,1,5,0,18,0,1,0,0,0,0,1,1,6,1,26,6,645,1,10,1,1,1,532200,179010,1,1,1,5,8,3,201,6,30,3,4,6,0,0,4,1,1,1,0,0,1,1,1,1,1,26,6,2,0,0,0,0,0,5,1,4
3,1,9,0,18,0,6,0,0,0,0,3,1,6,1,40,7,1686,2,4,1,3,2,359708,148756,52,2,3,2,606,4,3139,6,60,6,4,4,3135,0,0,6,1,1,0,0,2,1,1,1,1,40,7,3,0,0,0,0,0,9,1,4
3,1,9,0,2,0,0,0,0,0,0,3,1,6,1,24,5,1896,2,9,1,3,2,416256,433062,13,2,3,7,200,6,0,2,30,0,4,6,0,0,0,1,1,1,0,0,1,1,3,2,1,1,1,3,0,0,2,0,0,9,1,1
3,2,9,0,18,0,8,0,0,0,0,1,1,2,2,47,8,1124,1,10,1,3,3,432279,432587,13,3,3,5,204,3,63,3,40,6,2,6,0,0,4,1,1,1,0,0,1,1,2,1,2,47,8,3,0,0,0,0,0,9,1,7
3,1,9,0,9,0,8,0,0,0,0,4,1,6,2,26,6,973,1,12,1,1,2,543990,186740,1,2,1,5,14,6,0,6,30,3,4,6,0,0,1,1,1,1,0,0,1,1,1,1,1,33,6,3,0,0,0,0,0,9,1,5
3,1,19,0,18,0,0,0,0,0,0,1,1,1,1,39,7,1968,2,3,3,1,2,433181,174736,43,2,1,5,471,1,4,3,70,0,4,6,0,0,0,6,8,2,0,0,2,1,1,1,1,33,6,3,0,0,0,0,0,9,1,5
3,2,9,0,2,0,8,0,0,0,0,1,1,6,2,40,7,1595,1,6,1,1,2,547270,164770,1,2,1,2,19,6,0,6,30,3,4,3,224,0,0,1,1,1,0,0,1,1,1,1,1,33,6,3,0,0,0,0,0,9,1,5
3,1,9,0,18,0,2,0,0,0,0,2,1,6,1,54,8,1997,2,1,1,2,2,325680,673950,95,2,2,3,923,6,0,3,30,3,2,5,0,0,5,1,1,1,0,0,1,1,1,1,1,33,6,3,0,0,0,0,0,9,1,5
3,1,9,0,18,0,2,0,0,0,0,4,1,6,2,61,9,1200,1,1,1,1,2,434240,337340,30,2,1,2,323,5,1,6,30,3,4,6,0,0,0,1,1,1,0,0,1,1,1,1,2,61,9,3,0,0,0,0,0,9,1,5
3,1,9,0,18,0,1,0,0,0,0,1,1,6,2,19,4,1360,1,13,1,2,1,227205,676124,97,1,2,7,928,3,78,6,30,3,4,6,0,0,4,1,1,2,0,0,1,1,1,3,2,7,2,3,4,1,0,0,0,0,1,5
3,2,9,0,4,0,2,0,0,0,0,2,1,2,1,48,8,1598,1,8,2,1,2,298483,98279,50,2,1,4,580,4,3181,6,30,8,4,6,0,0,0,1,1,1,0,0,2,1,1,1,1,33,6,3,0,0,0,0,0,9,1,5
3,1,9,0,1,0,0,0,0,0,0,4,1,6,2,24,5,1598,2,8,1,1,1,290036,694138,96,1,1,1,915,6,0,6,30,0,4,6,0,0,0,1,1,1,0,0,1,1,1,3,2,39,7,3,9,5,0,0,0,0,1,5
3,2,9,0,9,0,5,0,0,0,0,2,1,6,1,29,6,1896,2,14,1,1,2,361288,173798,52,2,1,1,601,4,4465,6,20,3,4,6,0,0,1,1,1,1,0,0,1,1,1,2,1,28,6,3,0,0,1,0,0,9,1,3
3,1,11,0,18,0,1,0,0,0,0,0,1,1,1,49,8,4461,2,2,1,11,1,529910,181040,1,1,11,5,1,3,400,6,30,6,2,3,401,0,5,1,1,2,0,0,1,1,7,2,2,4,1,3,0,0,0,4,0,11,1,4
3,2,1,0,14,0,8,0,0,0,0,1,1,6,1,38,7,1598,1,8,1,2,2,527070,174970,1,2,2,2,10,3,3,6,30,2,4,6,0,0,0,1,1,2,0,0,1,1,2,1,1,33,6,3,0,0,0,0,0,1,1,5
3,1,9,0,18,0,8,0,0,0,0,1,1,6,1,21,5,1598,1,8,1,3,3,539410,170610,1,3,3,6,7,3,21,6,30,6,4,3,21,0,0,1,1,1,0,0,1,1,1,1,1,21,5,3,0,0,0,0,0,9,1,2
3,1,9,0,18,0,0,0,0,0,0,4,1,3,1,29,6,1968,2,8,3,1,1,623283,312185,36,1,1,4,401,5,252,6,20,0,4,6,0,0,0,1,2,2,0,0,1,1,1,3,1,6,2,3,6,8,0,0,0,0,1,2
3,1,1,0,18,0,2,0,0,0,0,3,1,1,1,32,6,1598,1,8,1,1,2,332557,108730,52,2,1,4,610,3,358,6,30,6,2,3,30,0,0,1,1,1,0,0,1,2,1,1,1,32,6,3,0,0,0,0,0,1,1,9
3,2,1,0,18,0,8,0,0,0,0,1,1,6,1,40,7,1598,1,8,1,1,2,525840,177020,1,2,1,4,11,3,308,6,30,8,4,6,0,0,0,1,1,1,0,0,1,1,1,1,1,40,7,3,0,0,0,0,0,1,1,9
3,1,9,0,18,0,1,0,0,0,0,4,1,6,2,47,8,1198,1,10,1,1,2,270505,797105,91,2,1,7,927,3,9,6,60,3,4,6,0,0,0,1,1,1,0,0,2,1,1,1,2,47,8,3,0,0,0,0,0,9,1,5
3,1,9,0,1,0,0,0,0,0,0,3,1,6,2,46,8,1598,1,9,1,1,1,350805,395533,5,1,1,4,92,3,571,6,20,0,4,6,0,0,0,4,1,1,0,0,1,1,1,3,1,71,10,3,5,4,0,0,0,0,1,7
3,1,9,0,12,0,8,0,0,0,0,3,1,6,1,23,5,1229,1,10,1,1,2,527540,181850,1,2,1,4,1,3,501,3,30,3,4,6,0,0,0,4,1,1,0,0,1,1,1,1,1,33,6,3,0,0,0,0,0,9,1,5
3,3,19,0,3,0,0,0,0,0,0,2,1,1,1,31,6,1995,2,4,1,1,3,447948,311536,33,3,1,5,361,1,1,7,70,0,4,6,0,0,0,1,1,1,0,0,2,1,1,1,1,31,6,3,0,0,0,0,0,19,1,5
3,2,9,0,18,0,0,0,0,1,9,3,1,2,1,64,9,999,1,8,1,2,2,342280,403440,4,2,2,5,84,1,58,3,70,0,4,6,0,0,0,6,2,2,0,0,2,1,2,1,1,64,9,3,0,0,0,0,0,9,1,9
3,2,9,0,18,0,0,1,4,0,0,2,1,6,1,48,8,1560,2,8,1,1,2,431770,319580,30,2,1,1,328,3,514,6,30,0,4,6,0,0,0,4,2,2,0,0,1,1,1,1,1,48,8,3,0,0,0,0,0,9,1,7
2,2,5,0,18,0,0,0,0,0,0,1,1,6,1,55,8,903,1,7,1,3,3,382820,437930,4,3,3,1,77,6,0,6,60,0,4,6,0,0,0,1,1,1,0,0,2,1,2,1,1,55,8,2,0,0,0,0,0,5,1,5
2,3,9,0,2,0,2,0,0,0,0,1,1,6,1,38,7,1796,1,15,1,1,4,449926,532647,17,4,1,2,240,6,0,6,30,3,4,6,0,0,0,1,1,1,0,0,1,1,1,1,1,33,6,3,0,0,0,0,0,9,1,5
3,1,11,0,18,0,1,0,0,0,0,1,1,1,1,53,8,4249,2,8,1,1,1,529550,183490,1,1,1,7,2,4,512,3,40,3,2,3,5202,0,5,1,1,1,0,0,1,1,1,3,1,2,1,3,1,3,0,0,2,0,1,2
3,2,9,0,4,0,0,0,0,0,0,2,1,6,2,30,6,1461,2,3,1,3,2,409620,284990,20,2,3,3,300,4,4145,6,30,0,4,6,0,0,1,1,2,2,0,0,1,1,2,1,2,30,6,3,0,0,0,0,0,9,1,2
3,2,9,0,3,0,0,0,0,0,0,2,1,6,1,67,10,1598,1,11,1,2,3,456437,360776,31,3,2,5,344,3,6117,6,30,0,4,6,0,0,0,1,1,1,0,0,1,1,1,2,1,10,2,3,0,0,2,0,0,9,1,2
3,2,11,0,7,0,6,0,0,0,0,3,1,1,1,56,9,6871,2,5,1,2,2,340787,384964,5,2,2,2,91,4,5171,3,30,3,2,6,0,0,5,1,1,2,0,0,1,1,1,1,1,56,9,3,0,0,0,0,0,11,1,2
3,2,9,0,18,0,0,1,0,7,6,1,1,6,2,38,7,1364,1,10,1,1,2,416540,290690,20,2,1,1,306,1,6,3,70,0,4,6,0,0,0,1,1,1,0,0,2,1,1,2,1,5,1,3,0,0,1,0,0,9,1,2
2,1,9,0,18,0,0,0,0,0,0,1,1,1,1,24,5,1248,1,8,1,2,2,414114,412115,13,2,2,1,203,3,616,6,30,0,4,6,0,0,0,1,1,1,0,0,1,1,1,1,1,24,5,3,0,0,0,0,0,9,1,5