accident_severity,vehicle_reference,vehicle_type,towing_and_articulation,vehicle_manoeuvre,vehicle_location-restricted_lane,junction_location,skidding_and_overturning,hit_object_in_carriageway,vehicle_leaving_carriageway,hit_object_off_carriageway,1st_point_of_impact,was_vehicle_left_hand_drive?,journey_purpose_of_driver,sex_of_driver,age_of_driver,age_band_of_driver,engine_capacity_(cc),propulsion_code,age_of_vehicle,driver_home_area_type,NUmber_of_Casualities_unique_to_accident_index,No_of_Vehicles_involved_unique_to_accident_index,location_easting_osgr,location_northing_osgr,police_force,number_of_vehicles,number_of_casualties,day_of_week,local_authority_(district),1st_road_class,1st_road_number,road_type,speed_limit,junction_detail,junction_control,2nd_road_class,2nd_road_number,pedestrian_crossing-human_control,pedestrian_crossing-physical_facilities,light_conditions,weather_conditions,road_surface_conditions,special_conditions_at_site,carriageway_hazards,urban_or_rural_area,did_police_officer_attend_scene_of_accident,casualty_reference,casualty_class,sex_of_casualty,age_of_casualty,age_band_of_casualty,casualty_severity,pedestrian_location,pedestrian_movement,car_passenger,bus_or_coach_passenger,pedestrian_road_maintenance_worker,casualty_type,casualty_home_area_type,casualty_imd_decile
3,3,9,0,3,0,0,0,0,0,0,2,1,6,2,35,6,1398,2,12,1,5,3,500404,439323,16,3,5,3,231,3,1079,6,60,0,4,6,0,0,0,1,1,1,0,0,2,1,3,2,1,34,6,3,0,0,1,0,0,9,1,1
2,3,9,0,18,0,2,0,0,0,0,1,1,6,1,35,6,1910,2,14,1,1,3,401270,280400,20,3,1,5,300,6,0,6,30,3,4,6,0,0,0,4,2,2,0,0,2,1,1,1,1,35,6,2,0,0,0,0,0,9,1,2
3,1,9,0,18,0,8,0,0,0,0,1,1,6,1,24,5,1896,2,13,1,3,3,394830,394550,6,3,3,7,110,6,0,6,20,6,4,6,0,0,0,4,1,1,0,0,1,1,1,1,1,33,6,3,0,0,0,0,0,9,1,5
3,1,9,0,10,0,8,0,0,0,0,2,1,6,1,54,8,1896,2,7,1,2,3,479901,448363,16,3,2,6,231,6,0,6,30,3,4,6,0,0,0,1,1,1,0,0,2,1,1,1,1,33,6,3,0,0,0,0,0,9,1,5
3,1,9,0,18,0,8,0,0,0,0,3,1,6,2,39,7,2496,2,12,1,2,2,359826,176131,52,2,2,2,601,6,0,6,20,6,3,6,0,0,0,4,1,1,0,0,1,1,1,1,2,39,7,3,0,0,0,0,0,9,1,6
3,1,9,0,16,0,1,0,0,1,0,3,1,6,1,44,7,1598,1,8,3,4,1,537256,316005,32,1,4,5,354,5,737,6,60,3,1,5,737,0,0,6,1,2,0,0,2,1,4,2,2,17,4,3,0,0,1,0,0,9,1,5
3,1,9,0,18,0,0,2,0,1,0,1,1,6,1,26,6,1598,1,8,3,1,1,506564,173114,45,1,1,3,40,5,239,6,30,0,4,6,0,0,0,1,1,1,0,0,1,1,1,1,1,26,6,3,0,0,0,0,0,9,3,6
3,2,9,0,17,0,0,0,0,0,0,1,1,6,2,54,8,2720,2,6,3,2,2,443760,354370,30,2,2,5,320,5,127,6,60,0,4,6,0,0,0,1,8,2,0,0,2,1,2,1,2,54,8,3,0,0,0,0,0,9,3,9
2,1,11,0,18,0,0,0,0,0,0,4,1,1,2,54,8,6700,2,7,1,2,1,532100,166090,1,1,2,2,20,3,235,6,30,0,4,6,0,0,0,4,1,2,0,0,1,1,1,3,2,44,7,2,6,9,0,0,2,0,1,4
3,2,9,0,18,0,0,0,0,0,0,4,1,6,1,63,9,2400,2,1,1,2,2,428865,429791,13,2,2,2,204,3,653,3,40,0,4,6,0,0,8,1,1,2,0,0,1,1,2,1,1,63,9,3,0,0,0,0,0,9,1,8
1,2,9,0,18,0,0,0,0,1,0,1,1,6,1,33,6,1598,1,8,1,4,4,321571,177961,62,4,4,5,741,6,0,6,40,0,4,6,0,0,0,4,1,2,0,0,2,1,5,2,2,32,6,3,0,0,1,0,0,9,1,5
3,1,9,0,9,0,8,0,0,0,0,1,1,6,1,33,6,1995,2,11,3,2,2,469858,259351,34,2,2,6,385,5,54,6,30,3,4,5,67,0,0,1,1,1,0,0,2,1,1,1,1,33,6,3,0,0,0,0,0,9,1,5
2,1,9,0,18,0,0,0,0,0,0,2,1,6,1,41,7,1598,1,8,1,1,2,327304,187778,61,2,1,2,733,3,467,3,70,0,4,6,0,0,0,1,3,3,0,0,1,1,1,2,2,30,6,2,0,0,1,0,0,9,1,5
3,1,1,0,9,0,8,0,0,0,0,4,1,6,2,42,7,1598,1,8,1,1,2,537140,174880,1,2,1,6,7,5,0,6,30,3,4,6,0,0,0,1,1,1,0,0,1,1,1,1,2,42,7,3,0,0,0,0,0,1,1,2
3,1,11,0,5,0,0,0,0,0,0,0,1,1,1,28,6,4500,2,6,1,1,1,529210,182930,1,1,1,1,2,3,400,6,30,0,4,6,0,0,0,1,1,1,0,0,1,1,1,2,1,80,11,3,0,0,0,4,0,11,1,2
3,2,9,0,5,0,6,0,0,0,0,3,1,6,1,34,6,1896,2,13,1,2,2,396973,309023,21,2,2,7,250,3,5,6,50,8,4,6,0,0,0,1,1,1,0,0,1,2,2,1,1,34,6,3,0,0,0,0,0,9,1,1
2,1,9,0,18,0,1,0,0,0,0,1,1,6,1,24,5,1995,2,12,1,1,2,366317,179444,52,2,1,6,612,3,432,6,40,3,4,6,0,0,0,4,1,1,0,0,1,1,1,1,1,33,6,3,0,0,0,0,0,9,1,5
3,3,9,0,18,0,0,0,0,0,0,4,1,6,3,38,7,1598,1,8,1,1,3,499064,162119,45,3,1,4,515,3,319,6,60,0,4,6,0,0,0,6,1,1,0,0,2,1,1,1,1,33,6,3,0,0,0,0,0,9,1,5
3,2,19,0,1,0,1,0,0,0,0,2,1,6,1,38,7,2198,2,1,1,1,2,531510,186280,1,2,1,4,3,5,0,6,30,6,4,6,0,0,0,1,1,1,0,0,1,2,1,1,1,33,6,3,0,0,0,0,0,9,1,5
3,2,9,0,1,0,2,0,0,0,0,2,1,6,3,38,7,1598,1,8,1,1,2,543360,178490,1,2,1,6,6,3,205,3,30,3,4,3,205,0,0,4,1,1,0,0,1,2,1,1,1,33,6,3,0,0,0,0,0,9,1,5
3,1,9,0,5,0,4,0,0,0,0,3,1,6,2,52,8,1870,2,7,1,1,2,370604,357213,7,2,1,3,129,6,0,1,30,1,4,6,0,0,8,4,2,2,0,0,1,1,1,1,1,33,6,3,0,0,0,0,0,9,1,5
3,2,19,0,17,0,2,0,0,0,0,1,1,1,1,49,8,1598,1,8,3,3,2,191340,230590,63,2,3,4,752,4,4331,6,60,9,4,6,0,0,0,1,1,1,0,0,2,1,3,1,1,49,8,3,0,0,0,0,0,19,3,5
3,3,9,0,4,0,0,0,0,0,0,1,1,6,2,34,6,1086,1,5,1,2,5,350989,383571,7,5,2,4,124,3,533,6,40,0,4,6,0,0,0,1,2,2,0,0,2,1,1,2,1,11,3,3,0,0,1,0,0,9,1,1
3,1,9,0,18,0,0,0,0,1,0,4,1,6,1,28,6,1248,2,7,1,2,1,315028,106093,50,1,2,2,580,6,0,6,60,0,4,6,0,0,0,1,1,1,0,0,2,1,2,2,1,11,3,3,0,0,2,0,0,9,1,10
3,1,9,0,3,0,0,0,0,0,0,2,1,6,2,29,6,1229,1,2,1,2,2,553910,187820,1,2,2,7,15,5,0,6,30,0,4,6,0,0,0,4,1,1,0,0,1,2,2,2,1,30,6,3,0,0,1,0,0,9,1,9
3,2,9,0,3,0,1,0,0,0,0,2,1,6,1,62,9,1968,2,9,1,1,2,484627,104437,47,2,1,5,559,3,27,1,70,1,4,3,259,0,0,4,1,1,4,0,1,1,1,2,2,66,10,3,0,0,1,0,0,9,1,5
3,2,9,0,4,0,0,0,0,0,0,1,1,6,1,21,5,1242,1,13,2,1,2,436516,428540,13,2,1,2,204,3,642,6,30,0,4,6,0,0,0,1,1,1,0,0,1,2,1,1,1,21,5,3,0,0,0,0,0,9,2,7
3,2,9,0,16,0,8,0,0,0,0,2,1,6,1,28,6,1596,1,8,1,1,2,523620,177890,1,2,1,7,11,3,219,6,30,3,4,6,0,0,0,4,1,1,0,0,1,1,1,3,1,28,6,3,9,9,0,0,2,0,1,4
3,1,9,0,12,0,8,0,0,0,0,3,1,6,2,21,5,1598,1,8,1,1,2,264908,194748,62,2,1,6,745,3,483,1,30,1,4,6,0,0,0,1,1,1,0,0,1,1,3,2,2,18,4,3,0,0,1,0,0,9,1,5
3,2,9,0,18,0,1,0,0,0,0,1,1,6,2,20,4,998,1,1,1,1,3,576730,188469,42,3,1,5,453,3,13,6,30,3,4,6,0,0,0,1,1,1,0,0,1,1,1,1,2,20,4,3,0,0,0,0,0,9,1,7
3,1,4,0,4,0,0,1,0,0,0,4,1,6,1,17,4,125,1,3,1,1,1,438786,432598,13,1,1,5,204,3,63,3,50,0,4,6,0,0,0,1,1,1,0,0,2,1,1,1,1,17,4,3,0,0,0,0,0,4,1,6
3,2,9,0,18,0,0,2,0,0,6,4,1,6,2,32,6,1360,1,8,1,2,2,434144,425871,13,2,2,3,204,1,62,3,70,0,4,6,0,0,0,1,1,1,0,0,1,1,2,2,2,1,1,3,0,0,1,0,0,9,1,1
3,1,2,0,13,0,1,0,0,0,0,4,1,6,1,26,6,49,1,10,1,1,2,638820,167690,46,2,1,4,541,6,4122,6,30,6,4,6,0,0,0,1,1,1,0,0,1,1,1,1,1,26,6,3,0,0,0,0,0,2,1,1
3,1,9,0,18,0,0,0,0,0,0,3,1,6,1,39,7,1598,1,12,1,1,1,381750,274840,22,1,1,2,278,6,0,6,30,0,4,6,0,0,0,1,1,1,0,0,1,2,1,3,1,6,2,3,9,5,0,0,0,0,1,1
3,2,9,0,18,0,8,0,0,0,0,1,1,6,1,38,7,1598,1,8,1,1,2,520950,189480,1,2,1,6,30,3,5150,6,30,5,4,6,0,0,0,4,1,1,0,0,1,1,1,1,1,33,6,3,0,0,0,0,0,9,1,5
3,1,9,0,18,0,2,0,0,0,0,4,1,6,1,62,9,1560,2,1,1,1,2,502960,307619,32,2,1,3,355,6,0,6,30,6,4,6,0,0,0,1,1,1,0,0,1,1,1,1,1,33,6,3,0,0,0,0,0,9,1,5
3,2,9,0,3,0,0,0,0,0,0,3,1,6,2,19,4,1398,1,3,3,1,2,297410,668705,95,2,1,2,940,4,7002,6,30,0,4,6,0,0,0,1,2,2,0,0,1,1,1,1,2,19,4,3,0,0,0,0,0,9,3,5
3,1,9,0,9,0,5,0,0,0,0,4,1,6,2,48,8,1240,1,12,1,1,2,417255,416501,13,2,1,2,203,3,629,6,30,9,4,6,0,0,0,1,1,1,0,0,1,1,1,1,1,33,6,3,0,0,0,0,0,9,1,5
3,1,8,0,18,0,0,0,0,0,0,0,1,1,1,67,10,1598,1,8,3,3,1,434324,568819,10,1,3,1,148,3,1108,6,30,0,4,6,0,0,0,6,1,1,0,7,1,1,3,2,2,37,7,3,0,0,2,0,0,8,1,7
3,2,1,0,18,0,8,0,0,0,0,4,1,6,2,32,6,1598,1,8,1,1,2,443275,517015,17,2,1,7,245,3,66,1,40,1,4,3,1027,0,0,1,1,1,0,0,1,1,1,1,2,32,6,3,0,0,0,0,0,1,1,10
3,1,8,0,5,0,1,0,0,0,0,1,1,6,1,32,6,2204,2,10,1,1,1,461110,305312,33,1,1,6,364,3,47,6,30,3,2,4,6416,0,5,1,1,1,0,0,1,1,1,3,2,22,5,3,1,2,0,0,0,0,1,9
3,1,11,0,16,0,8,0,0,0,0,0,1,1,1,31,6,1598,1,8,1,1,1,527100,178390,1,1,1,6,12,4,304,6,30,6,4,6,0,0,1,1,1,1,0,0,1,1,1,2,2,53,8,3,0,0,0,3,0,11,1,6
2,2,11,0,18,0,2,0,0,0,0,4,1,1,1,38,7,1598,1,8,1,1,3,533910,190680,1,3,1,5,31,3,1010,6,30,3,4,6,0,0,5,1,1,1,4,0,1,2,1,1,1,33,6,3,0,0,0,0,0,9,1,5
3,2,9,0,18,0,8,0,0,0,0,1,1,6,2,38,7,1390,1,4,1,1,2,537520,173600,1,2,1,2,7,3,205,6,30,3,2,5,0,0,5,1,1,1,0,0,1,1,1,1,2,33,6,3,0,0,0,0,0,9,1,5
3,2,21,1,18,0,2,0,0,0,0,1,1,1,1,47,8,12777,2,8,1,1,2,451550,202948,43,2,1,3,483,3,34,3,70,5,4,3,34,0,0,1,1,1,0,0,2,1,1,1,1,33,6,3,0,0,0,0,0,9,1,5
3,2,9,0,2,0,8,0,0,0,0,4,1,6,1,65,9,1560,2,2,1,1,2,522310,358073,32,2,1,5,351,5,613,6,30,2,4,3,153,0,0,1,9,1,0,0,2,2,1,1,1,65,9,3,0,0,0,0,0,9,1,1
3,2,9,0,18,0,8,0,0,0,0,4,1,6,1,79,11,1368,1,2,1,1,3,490260,168888,43,3,1,3,470,3,329,6,40,8,4,6,0,0,0,1,1,1,0,0,1,3,1,1,1,33,6,3,0,0,0,0,0,9,1,5
3,2,9,0,18,0,1,0,0,0,0,1,1,6,1,34,6,1560,2,2,1,2,4,579548,223339,42,4,2,7,451,3,120,6,30,3,4,6,0,0,0,1,1,1,0,0,2,1,1,1,1,33,6,3,0,0,0,0,0,9,1,5
3,1,9,0,6,0,0,0,0,0,0,4,1,6,1,46,8,1596,1,5,2,1,2,325850,672300,95,2,1,6,923,6,0,6,30,0,4,6,0,0,0,1,1,1,0,0,1,1,1,1,1,33,6,3,0,0,0,0,0,9,1,5
3,2,9,0,18,0,8,0,0,0,0,2,1,6,1,48,8,1991,2,6,1,1,3,433370,278430,20,3,1,6,302,3,4053,3,40,5,4,6,0,0,0,1,1,1,0,0,1,1,1,1,1,33,6,3,0,0,0,0,0,9,1,5
3,1,9,0,18,0,0,0,0,0,0,1,1,6,2,82,11,998,1,5,1,1,2,334454,372798,7,2,1,6,130,3,550,6,50,0,4,6,0,0,0,1,1,1,0,0,2,1,1,1,2,82,11,3,0,0,0,0,0,9,1,5
3,2,9,0,18,0,0,0,0,0,0,1,1,6,2,38,7,1781,1,12,1,4,2,524970,189400,1,2,4,2,30,3,406,3,30,0,4,6,0,0,0,1,1,1,0,0,1,2,1,1,1,33,6,3,0,0,0,0,0,9,1,5
3,2,9,0,18,0,3,0,0,7,0,4,1,6,1,47,8,1598,1,8,1,1,2,510593,103005,47,2,1,6,564,3,259,1,40,1,4,3,259,0,4,4,1,2,0,0,1,1,1,1,1,33,6,3,0,0,0,0,0,9,1,5
2,2,1,0,18,0,0,0,0,0,0,1,1,6,2,45,7,1598,1,8,2,1,2,650861,278601,37,2,1,6,416,4,1127,6,30,0,4,6,0,0,0,1,1,1,0,0,2,1,1,1,2,45,7,2,0,0,0,0,0,1,2,7
3,2,9,0,18,0,2,1,0,0,0,2,1,6,1,24,5,1199,1,15,3,1,2,567910,169660,46,2,1,6,535,3,2,3,70,5,4,3,2,0,0,1,1,2,0,0,2,1,1,1,1,24,5,3,0,0,0,0,0,9,3,7
3,1,9,0,16,0,0,1,0,0,0,0,1,6,2,46,8,2295,1,16,2,1,1,522030,272790,35,1,1,2,393,3,14,3,70,0,4,6,0,0,0,1,1,4,0,0,2,1,1,1,2,46,8,3,0,0,0,0,0,9,2,6
3,2,9,0,2,0,0,0,0,0,0,3,1,6,1,53,8,1242,1,9,1,4,2,550680,176280,1,2,4,5,18,6,0,6,30,0,4,6,0,0,0,4,1,1,0,0,1,1,1,1,1,33,6,3,0,0,0,0,0,9,1,5
3,2,1,0,18,0,8,0,0,0,0,1,1,6,2,34,6,1598,1,8,1,1,2,534410,178800,1,2,1,3,8,3,2206,6,30,6,2,5,0,0,5,1,1,1,0,0,1,1,1,1,2,34,6,3,0,0,0,0,0,1,1,3
3,1,3,0,18,0,0,0,0,0,0,1,1,6,1,40,7,125,1,1,1,1,2,543320,179880,1,2,1,2,17,3,117,6,30,0,4,6,0,0,0,1,1,1,0,0,1,1,1,1,1,40,7,3,0,0,0,0,0,3,1,5
3,3,9,0,2,0,8,0,0,0,0,4,1,6,1,38,7,2179,2,5,1,1,3,456184,344138,31,3,1,7,346,6,0,6,30,3,4,6,0,0,0,1,1,1,0,0,1,1,1,1,1,33,6,3,0,0,0,0,0,9,1,5
3,1,9,0,7,0,1,0,0,0,0,0,1,2,1,28,6,1299,1,12,1,1,2,260283,665202,97,2,1,1,926,6,0,6,30,3,2,6,0,0,5,4,2,2,0,0,1,1,1,1,1,33,6,3,0,0,0,0,0,9,1,5
3,2,9,0,12,0,3,0,0,7,0,2,1,6,1,35,6,1956,2,4,1,1,2,527885,141994,47,2,1,5,560,3,23,7,30,5,4,3,23,0,0,1,1,1,0,0,1,1,1,1,1,35,6,3,0,0,0,0,0,9,1,8
3,2,9,0,18,0,8,0,0,0,0,3,1,6,1,70,10,1598,1,8,1,1,2,635690,170940,46,2,1,6,541,5,431,6,30,6,3,6,0,0,0,1,1,1,0,0,1,1,1,2,1,33,6,3,0,0,1,0,0,9,1,5
3,2,3,0,18,0,1,0,4,0,0,1,1,6,1,21,5,124,1,7,1,1,3,437743,536732,11,3,1,5,169,6,0,6,30,3,4,6,0,0,0,1,1,1,0,0,2,1,1,1,1,21,5,3,0,0,0,0,0,3,1,3
2,2,5,0,18,0,1,0,0,0,0,1,1,6,1,72,10,1140,1,2,1,1,2,448226,196842,43,2,1,4,483,6,100,6,30,3,4,6,0,0,0,1,1,1,0,0,1,1,1,1,1,72,10,2,0,0,0,0,0,5,1,5
3,2,9,0,13,0,1,0,0,0,0,1,1,6,3,38,7,1598,1,10,1,1,2,536670,175410,1,2,1,1,7,5,0,6,30,3,4,6,0,0,0,4,1,1,0,0,1,2,1,1,1,33,6,3,0,0,0,0,0,9,1,5
3,1,9,0,7,0,6,0,0,0,0,3,1,6,1,80,11,1246,1,7,1,1,2,388830,411770,6,2,1,7,106,3,664,3,40,3,4,6,0,0,0,1,1,1,0,0,1,1,1,1,1,80,11,3,0,0,0,0,0,9,1,8
3,1,21,0,18,0,1,0,0,0,0,1,1,1,1,35,6,1598,2,12,2,2,2,410875,429268,13,2,2,6,200,3,644,6,50,3,4,6,0,0,0,1,1,1,0,0,2,1,1,1,1,33,6,3,0,0,0,0,0,9,1,5
3,2,3,0,5,0,4,0,0,0,0,3,1,6,1,42,7,124,1,2,1,1,2,621693,307103,36,2,1,4,404,3,11,1,30,1,4,3,140,0,0,1,1,1,0,0,1,1,1,1,1,42,7,3,0,0,0,0,0,3,1,8
3,2,9,0,18,0,1,0,0,0,0,1,1,6,2,35,6,1242,1,13,1,2,2,559794,101430,47,2,2,3,551,3,2021,6,30,6,4,6,0,0,4,1,1,1,0,0,1,1,1,2,2,10,2,3,0,0,1,0,0,9,1,6
3,2,9,0,10,0,1,0,0,0,0,3,1,6,1,42,7,1998,1,11,1,1,2,574960,167833,46,2,1,2,544,3,2,6,30,8,4,6,0,0,0,4,2,2,0,0,1,1,1,1,1,33,6,3,0,0,0,0,0,9,1,5
3,1,9,0,9,0,8,0,0,0,0,1,1,6,1,40,7,1968,2,7,1,3,2,508334,223161,40,2,3,3,421,3,5228,6,30,3,4,6,0,0,4,1,1,1,0,0,1,1,3,2,1,31,6,3,0,0,1,0,0,9,1,4
3,1,9,0,17,0,8,1,0,1,10,3,1,6,2,28,6,1360,1,13,1,1,2,509986,429167,16,2,1,3,228,3,165,3,30,3,2,6,0,0,5,1,1,1,0,0,1,2,1,1,2,28,6,3,0,0,0,0,0,9,1,1
2,1,5,0,18,0,0,1,0,0,0,1,1,2,1,29,6,998,1,13,1,1,3,325804,383153,5,3,1,3,95,3,540,6,60,0,4,6,0,0,0,1,1,1,0,0,2,1,1,1,1,29,6,2,0,0,0,0,0,5,1,9
3,1,9,0,16,0,0,5,0,7,4,1,1,6,1,18,4,1598,1,8,1,1,1,476897,145806,44,1,1,4,497,6,0,6,60,0,4,6,0,0,0,6,2,2,0,0,2,1,1,1,1,18,4,3,0,0,0,0,0,9,1,7
3,1,9,0,16,0,0,1,0,1,10,4,1,6,2,62,9,1360,1,5,3,1,1,515761,467862,16,1,1,6,231,4,1253,6,60,0,4,6,0,0,0,1,1,2,0,0,2,1,1,1,2,62,9,3,0,0,0,0,0,9,3,5
3,2,19,0,18,0,2,0,4,0,0,1,1,6,1,21,5,1998,2,12,1,3,3,456152,387401,14,3,3,5,213,4,6463,6,60,3,4,6,0,0,0,1,1,1,0,0,2,1,1,1,1,21,5,3,0,0,0,0,0,19,1,9
3,1,9,0,18,0,8,0,0,0,0,2,1,6,2,58,9,1798,1,5,1,1,2,511095,429716,16,2,1,2,228,3,1033,6,30,6,2,3,165,0,4,1,1,1,0,0,1,2,1,1,2,58,9,3,0,0,0,0,0,9,1,6
3,2,9,0,3,0,1,0,0,0,0,2,1,6,2,29,6,1398,1,2,1,2,3,405680,287710,20,3,2,6,300,3,4540,3,30,6,2,6,0,0,5,1,1,1,0,0,1,2,2,2,1,33,6,3,0,0,1,0,0,9,1,5
3,1,9,0,1,0,0,0,7,0,0,2,1,1,1,53,8,1686,2,2,1,1,1,226680,98045,50,1,1,4,596,6,0,6,30,0,4,6,0,0,0,1,1,1,0,0,2,1,1,2,1,13,3,3,0,0,1,0,0,9,3,3
3,2,19,0,9,0,1,0,0,0,0,1,2,1,1,33,6,1598,1,8,1,1,2,301991,201163,62,2,1,5,744,3,4059,1,30,1,4,4,4275,0,0,1,1,1,0,0,2,1,1,1,1,33,6,3,0,0,0,0,0,9,1,5
2,1,9,0,18,0,8,0,6,0,0,1,1,6,1,39,7,1598,1,13,1,1,1,634480,170540,46,1,1,4,541,3,28,6,30,9,4,6,0,0,4,1,1,1,0,0,1,1,1,3,2,40,7,2,1,1,0,0,0,0,1,1
3,3,9,0,18,0,8,0,0,0,0,1,1,6,1,80,11,1598,1,3,1,4,3,334418,161250,52,3,4,1,605,3,370,1,30,1,4,3,370,0,0,1,1,1,0,0,1,1,1,1,1,80,11,3,0,0,0,0,0,9,1,7
2,2,3,0,18,0,0,0,0,0,0,1,1,6,1,19,4,124,1,8,1,2,3,347100,397053,5,3,2,3,92,3,580,3,60,0,4,6,0,0,0,1,1,1,0,0,2,1,1,1,1,19,4,2,0,0,0,0,0,3,1,1
3,1,19,0,18,0,0,0,0,0,0,1,1,6,1,59,9,1560,2,2,1,2,3,457706,273040,34,3,2,4,381,1,1,3,60,0,4,6,0,0,0,1,1,1,0,0,2,1,1,1,1,33,6,3,0,0,0,0,0,9,1,5
3,2,9,0,18,0,1,0,0,0,0,4,1,2,2,57,9,2987,2,5,1,1,2,390790,283300,20,2,1,5,303,6,0,6,30,3,4,6,0,0,0,1,1,1,0,0,1,1,1,1,1,33,6,3,0,0,0,0,0,9,1,5
2,2,9,0,17,0,0,0,0,0,0,1,1,3,2,46,8,1600,2,6,3,4,2,478971,118050,47,2,4,6,559,4,2141,6,60,0,4,6,0,0,0,1,1,1,0,0,2,1,3,2,1,11,3,3,0,0,1,0,0,9,3,6
3,2,9,0,18,0,1,0,0,0,0,1,1,6,1,18,4,1229,1,8,1,3,2,257196,665140,97,2,3,4,926,6,0,3,30,3,4,6,0,0,0,4,2,2,0,0,1,2,3,2,1,14,3,3,0,0,2,0,0,9,1,5
2,1,19,0,1,0,0,0,0,1,2,2,1,1,1,48,8,2198,2,4,1,1,1,336701,391207,5,1,1,5,91,6,0,6,30,0,4,6,0,0,0,1,1,1,0,0,1,1,1,3,1,27,6,2,10,9,0,0,0,0,1,1
3,1,19,0,18,0,0,0,0,0,0,1,1,1,1,34,6,2402,2,9,1,1,1,524210,191140,1,1,1,7,30,4,552,6,30,0,4,6,0,0,1,1,1,1,0,0,1,1,1,3,2,46,8,3,1,1,0,0,2,0,1,9
2,1,21,0,13,0,0,0,0,0,0,0,1,6,3,38,7,1598,1,8,1,2,3,451505,520166,17,3,2,3,243,6,0,6,30,0,4,6,0,0,0,4,1,1,0,0,1,2,1,1,1,33,6,3,0,0,0,0,0,9,1,5
3,2,9,0,3,0,0,0,0,0,0,2,1,6,2,55,8,1363,2,10,1,2,2,409343,436114,13,2,2,5,200,5,0,6,30,0,4,6,0,0,0,1,1,1,0,0,2,1,2,1,2,55,8,3,0,0,0,0,0,9,1,6
3,1,9,0,7,0,4,0,0,0,0,1,1,6,1,35,6,1598,1,8,1,1,2,518941,131259,47,2,1,4,562,4,2195,1,30,1,4,6,0,0,8,1,1,2,0,0,1,2,1,1,1,33,6,3,0,0,0,0,0,9,1,5
3,2,1,0,18,0,8,0,0,0,0,3,1,6,1,60,9,1598,1,8,1,1,2,545350,259730,35,2,1,2,390,3,1134,6,30,3,2,5,289,0,5,1,1,1,0,0,1,1,1,1,1,60,9,3,0,0,0,0,0,1,1,5
3,2,9,0,18,0,0,0,0,0,0,2,1,6,1,45,7,1598,1,8,1,1,4,577321,185468,42,4,1,5,453,3,130,6,50,0,4,6,0,0,0,1,1,1,0,0,2,1,1,1,1,33,6,3,0,0,0,0,0,9,1,5
2,2,2,0,18,0,1,0,0,0,0,1,1,6,1,16,4,49,1,12,1,1,2,368425,83077,55,2,1,3,646,3,353,6,40,9,3,6,0,0,0,4,2,2,0,0,2,2,1,1,1,16,4,2,0,0,0,0,0,2,1,8
3,2,3,0,14,0,1,0,0,0,0,1,1,6,1,20,4,125,1,2,1,1,2,289046,61600,50,2,1,4,587,3,3022,6,30,9,4,6,0,0,0,1,1,1,0,0,1,1,1,1,1,20,4,3,0,0,0,0,0,3,1,6
3,2,9,0,3,0,1,0,0,0,0,2,1,6,1,45,7,2401,2,12,1,4,2,346415,374711,7,2,4,3,130,1,56,7,70,1,4,3,5117,0,0,1,2,2,0,0,2,2,4,2,1,2,1,3,0,0,2,0,0,9,1,10
2,1,9,0,5,0,0,0,0,0,0,3,1,6,3,30,6,1598,1,8,1,1,2,507412,102967,47,2,1,5,558,4,2140,6,30,0,4,6,0,0,0,1,1,1,0,0,1,1,1,1,1,33,6,3,0,0,0,0,0,9,1,5
3,2,9,0,4,0,0,0,0,0,0,2,1,6,1,31,6,1362,1,3,1,1,3,532550,267790,35,3,1,6,393,3,14,3,70,0,4,6,0,0,0,1,1,1,0,0,2,1,1,2,2,32,6,3,0,0,1,0,0,9,1,1
3,1,19,0,18,0,0,0,0,0,0,1,1,1,1,40,7,2143,2,2,1,1,3,257575,665354,97,3,1,6,926,3,814,3,50,0,4,6,0,0,0,1,1,1,0,0,1,1,1,1,1,33,6,3,0,0,0,0,0,9,1,5
3,1,9,0,17,0,0,1,0,1,4,1,1,6,2,33,6,1149,1,13,1,1,1,521762,147519,45,1,1,6,512,5,57,6,40,0,4,6,0,0,0,1,2,2,0,0,2,1,1,1,2,33,6,3,0,0,0,0,0,9,1,6
3,1,9,0,18,0,0,0,0,0,0,4,1,6,1,38,7,2497,2,4,1,3,2,383610,402470,6,2,3,1,102,3,576,6,30,0,4,6,0,0,0,1,1,1,0,0,1,2,1,1,1,33,6,3,0,0,0,0,0,9,1,5
3,2,9,0,3,0,1,0,0,0,0,2,1,6,2,42,7,1598,1,13,1,1,2,418574,186496,54,2,1,7,633,3,419,7,40,1,4,3,420,0,0,1,1,1,0,0,2,1,1,2,1,4,1,3,0,0,2,0,0,9,1,9
3,2,9,0,10,0,8,0,0,0,0,2,1,6,2,46,8,1598,1,7,2,1,3,412965,256368,23,3,1,6,293,3,46,6,60,3,4,6,0,0,0,6,1,1,0,0,2,1,1,1,1,33,6,3,0,0,0,0,0,9,1,5
3,2,9,0,4,0,0,0,0,0,0,2,1,2,2,29,6,1595,1,10,1,1,2,339546,392951,5,2,1,5,91,5,0,6,30,0,4,6,0,0,0,1,2,2,0,0,1,2,1,1,2,29,6,3,0,0,0,0,0,9,1,1
2,1,9,0,18,0,2,0,0,0,0,3,1,6,1,42,7,1870,2,13,1,1,1,446348,394976,14,1,1,3,213,3,630,6,30,3,4,6,0,0,1,1,1,1,0,0,1,1,1,3,2,12,3,2,1,1,0,0,0,0,1,3