accident_severity,vehicle_reference,vehicle_type,towing_and_articulation,vehicle_manoeuvre,vehicle_location-restricted_lane,junction_location,skidding_and_overturning,hit_object_in_carriageway,vehicle_leaving_carriageway,hit_object_off_carriageway,1st_point_of_impact,was_vehicle_left_hand_drive?,journey_purpose_of_driver,sex_of_driver,age_of_driver,age_band_of_driver,engine_capacity_(cc),propulsion_code,age_of_vehicle,driver_home_area_type,NUmber_of_Casualities_unique_to_accident_index,No_of_Vehicles_involved_unique_to_accident_index,location_easting_osgr,location_northing_osgr,police_force,number_of_vehicles,number_of_casualties,day_of_week,local_authority_(district),1st_road_class,1st_road_number,road_type,speed_limit,junction_detail,junction_control,2nd_road_class,2nd_road_number,pedestrian_crossing-human_control,pedestrian_crossing-physical_facilities,light_conditions,weather_conditions,road_surface_conditions,special_conditions_at_site,carriageway_hazards,urban_or_rural_area,did_police_officer_attend_scene_of_accident,casualty_reference,casualty_class,sex_of_casualty,age_of_casualty,age_band_of_casualty,casualty_severity,pedestrian_location,pedestrian_movement,car_passenger,bus_or_coach_passenger,pedestrian_road_maintenance_worker,casualty_type,casualty_home_area_type,casualty_imd_decile
2,1,3,0,18,0,8,0,0,0,0,3,1,6,1,20,4,1598,1,8,1,2,2,313973,188264,61,2,2,5,733,6,0,6,30,3,4,6,0,0,0,4,1,1,0,0,1,1,2,2,2,17,4,2,0,0,0,0,0,3,1,5
3,2,3,0,18,0,8,0,0,0,0,4,1,6,1,23,5,108,1,1,1,1,2,531480,187850,1,2,1,7,31,4,150,1,30,2,4,4,138,0,0,1,1,1,0,0,1,1,1,1,1,23,5,3,0,0,0,0,0,3,1,3
3,1,11,0,9,0,8,0,0,1,0,4,1,1,1,50,8,4500,2,4,1,1,1,294926,93580,50,1,1,3,581,6,0,6,30,3,4,6,0,0,8,1,1,1,0,0,1,1,1,3,2,62,9,3,6,5,0,0,0,0,1,3
2,1,1,0,13,0,0,0,0,0,0,4,1,6,1,32,6,1598,1,8,1,1,2,528640,184190,1,2,1,6,2,3,502,6,30,0,4,6,0,0,1,1,1,1,0,0,1,2,1,1,1,32,6,2,0,0,0,0,0,1,1,6
3,1,9,0,18,0,1,0,0,0,0,1,1,6,2,31,6,2204,2,7,1,2,2,332920,437050,4,2,2,3,71,6,0,6,30,1,4,6,0,0,0,4,1,1,0,0,1,1,1,1,2,31,6,3,0,0,0,0,0,9,1,4
3,2,9,0,18,0,1,0,0,0,0,2,1,6,1,59,9,1149,1,10,1,2,5,403500,289430,20,5,2,5,300,6,0,6,30,3,4,6,0,0,0,1,1,1,0,0,1,1,1,1,1,33,6,3,0,0,0,0,0,9,1,5
3,2,21,1,17,0,0,0,0,0,0,1,1,1,1,57,9,1598,1,8,3,1,2,278740,243090,63,2,1,3,751,6,0,6,60,0,4,6,0,0,0,1,1,2,0,0,2,1,1,1,1,33,6,3,0,0,0,0,0,9,1,5
3,1,9,0,3,0,0,0,0,0,0,1,1,6,1,31,6,2200,1,14,1,1,3,431853,434722,13,3,1,5,204,6,0,6,30,0,4,6,0,0,0,1,1,1,0,0,1,1,1,1,1,33,6,3,0,0,0,0,0,9,1,5
3,2,1,0,18,0,8,0,0,0,0,3,1,6,2,20,4,1598,1,8,1,1,2,337979,389297,5,2,1,2,91,6,0,6,30,3,4,6,0,0,0,1,1,1,0,0,1,1,1,1,2,20,4,3,0,0,0,0,0,1,1,6
3,2,19,0,18,2,0,0,0,0,0,4,1,6,1,30,6,2198,2,1,1,1,2,359828,172024,52,2,1,6,601,3,4,6,30,0,4,6,0,0,0,1,1,1,0,0,1,2,1,1,1,33,6,3,0,0,0,0,0,9,1,5
3,1,1,0,18,0,1,0,0,0,0,2,1,6,1,53,8,1598,1,8,1,1,2,513060,184270,1,2,1,3,27,3,312,6,30,6,4,5,0,0,0,1,1,1,0,0,1,2,1,1,1,53,8,3,0,0,0,0,0,1,1,7
3,1,9,0,9,0,8,0,0,0,0,1,1,6,1,34,6,1598,1,8,1,1,2,527560,183450,1,2,1,6,1,3,5205,6,30,3,4,6,0,0,0,1,1,1,0,0,1,1,1,1,1,33,6,3,0,0,0,0,0,9,1,5
3,2,8,0,18,0,1,0,0,0,0,1,1,1,1,49,8,2402,2,10,1,2,2,530350,180660,1,2,2,7,1,3,4,6,30,3,4,6,0,0,0,4,1,1,0,0,1,1,2,2,2,20,4,3,0,0,2,0,0,8,1,5
3,1,9,0,2,0,8,0,0,0,0,3,1,6,2,35,6,1685,2,2,1,1,2,440079,113731,44,2,1,5,500,6,0,6,30,3,4,6,0,0,0,1,1,1,0,0,1,1,1,1,1,33,6,3,0,0,0,0,0,9,1,5
3,3,9,0,3,0,1,0,0,0,0,1,1,6,2,50,8,1242,1,2,1,1,3,513455,102865,47,3,1,2,564,6,0,6,30,6,4,3,259,0,0,1,1,1,0,0,1,1,1,1,1,33,6,3,0,0,0,0,0,9,1,5
3,1,9,0,6,0,0,0,0,0,0,1,1,2,2,52,8,1197,1,4,1,1,2,339055,372915,7,2,1,3,130,3,41,3,50,0,4,6,0,0,0,4,2,2,0,0,2,1,1,1,1,33,6,3,0,0,0,0,0,9,1,5
3,2,9,0,5,0,8,0,0,0,0,1,1,6,1,20,4,2143,2,1,1,1,2,353150,430390,4,2,1,5,79,3,6,6,30,6,2,6,0,0,5,1,1,1,0,0,1,1,1,1,1,33,6,3,0,0,0,0,0,9,1,5
3,2,9,0,18,0,0,0,0,0,0,1,1,6,2,19,4,1349,1,6,1,1,2,267089,665142,97,2,1,1,926,6,0,3,30,0,4,6,0,0,0,1,5,2,0,0,1,2,1,1,2,19,4,3,0,0,0,0,0,9,1,5
3,1,9,0,18,0,0,0,0,0,0,4,1,1,1,30,6,1560,2,8,1,2,2,177550,45086,50,2,2,4,596,6,0,6,40,0,4,6,0,0,0,1,2,2,0,0,1,1,1,1,1,33,6,3,0,0,0,0,0,9,1,5
3,2,1,0,15,0,0,0,10,1,0,3,1,6,1,41,7,1598,1,8,1,1,2,349340,312410,22,2,1,4,286,3,5191,2,30,0,4,6,0,0,0,1,2,2,0,0,1,2,1,1,1,41,7,3,0,0,0,0,0,1,1,9
2,4,9,0,3,0,1,0,0,0,0,2,1,6,1,28,6,1598,1,8,1,6,4,301367,381050,60,4,6,3,723,3,525,6,30,6,2,6,0,0,4,1,1,1,0,0,1,1,1,1,1,33,6,3,0,0,0,0,0,9,1,5
2,1,9,0,18,0,0,0,0,0,0,3,1,2,1,40,7,1910,2,9,1,1,1,321801,864055,92,1,1,5,930,6,0,6,30,0,4,6,0,0,0,1,1,1,0,0,1,2,1,3,1,9,2,2,5,4,0,0,0,0,1,5
3,2,9,0,18,0,4,0,0,0,0,3,1,6,1,65,9,1598,1,8,1,1,2,449623,310197,33,2,1,6,362,3,50,1,40,1,4,5,3206,0,0,1,1,1,0,0,2,1,1,1,1,33,6,3,0,0,0,0,0,9,1,5
3,1,19,0,18,0,0,0,0,0,0,3,1,6,1,21,5,2300,2,9,1,1,2,462273,452105,12,2,1,4,189,5,408,6,30,0,4,6,0,0,0,1,1,1,0,0,1,1,1,1,1,33,6,3,0,0,0,0,0,9,1,5
2,1,9,0,5,0,6,0,0,0,0,1,1,6,2,31,6,1299,1,10,3,2,2,210270,59692,50,2,2,7,596,3,390,6,30,3,4,6,0,0,0,4,2,2,0,0,2,1,1,1,1,33,6,3,0,0,0,0,0,9,1,5
2,2,9,0,18,0,0,0,0,0,0,1,1,6,1,48,8,1242,1,1,2,1,2,445281,261417,23,2,1,5,293,6,0,6,40,0,4,6,0,0,0,1,1,1,0,0,2,1,1,1,1,33,6,3,0,0,0,0,0,9,1,5
3,1,9,0,18,0,6,0,0,0,0,4,1,3,2,33,6,2401,2,11,1,1,2,507600,182530,1,2,1,3,26,3,4020,3,40,8,4,6,0,0,4,1,1,1,0,0,1,1,1,1,1,33,6,3,0,0,0,0,0,9,1,5
3,1,9,0,7,0,8,0,0,0,0,4,1,6,1,25,5,1388,1,10,1,1,2,532790,179230,1,2,1,4,8,3,2,6,30,3,4,6,0,0,4,4,4,1,0,0,1,1,1,1,1,33,6,3,0,0,0,0,0,9,1,5
3,1,9,0,18,0,8,0,0,0,0,1,1,6,1,29,6,1598,1,8,1,1,2,543940,178380,1,2,1,5,6,5,0,6,30,6,4,6,0,0,0,1,1,1,0,0,1,1,1,1,1,33,6,3,0,0,0,0,0,9,1,5
3,1,8,0,18,0,8,0,7,0,0,1,1,1,1,38,7,1560,2,7,1,1,2,459109,302717,33,2,1,7,364,3,5199,6,30,3,2,5,1559,0,5,6,1,1,0,0,1,1,1,1,1,38,7,3,0,0,0,0,0,8,1,5
3,2,9,0,17,0,0,0,0,0,0,1,1,6,2,20,4,1242,1,2,3,3,2,581352,202500,42,2,3,2,458,6,0,6,60,0,4,6,0,0,0,6,2,2,0,0,2,1,2,1,2,20,4,3,0,0,0,0,0,9,3,5
3,1,9,0,18,0,0,0,10,1,2,1,1,6,2,30,6,1984,1,5,1,1,1,545580,191740,1,1,1,7,14,5,0,6,30,0,4,6,0,0,0,4,1,1,0,0,1,1,1,1,2,30,6,3,0,0,0,0,0,9,1,8
3,1,1,0,18,0,0,0,0,0,0,1,1,6,1,48,8,1598,1,8,1,1,2,440144,557876,10,2,1,5,150,3,183,3,30,0,4,6,0,0,0,1,1,1,0,0,1,1,1,1,1,48,8,3,0,0,0,0,0,1,1,2
2,1,9,0,18,9,0,0,0,1,10,1,1,6,3,38,7,1598,1,8,1,1,1,401482,91356,55,1,1,1,643,6,0,6,30,0,4,6,0,0,0,1,1,1,0,0,1,2,1,3,1,53,8,2,6,9,0,0,0,0,1,2
3,1,9,0,18,0,1,0,0,0,0,1,1,6,2,45,7,1242,1,9,1,1,2,485854,235614,43,2,1,2,479,3,421,6,60,1,4,5,129,0,0,1,1,1,0,0,2,3,1,1,1,33,6,3,0,0,0,0,0,9,1,5
2,2,19,0,2,0,0,0,0,0,0,1,1,1,1,37,7,2402,2,5,1,3,2,393380,404480,6,2,3,5,104,6,0,6,20,0,4,6,0,0,0,1,1,1,0,0,1,1,1,1,1,33,6,3,0,0,0,0,0,9,1,5
3,2,9,0,14,0,1,0,0,0,0,4,1,6,3,38,7,1598,1,8,1,1,2,439906,390968,14,2,1,6,215,3,6178,3,30,1,2,3,631,0,0,1,1,1,0,0,1,2,1,1,1,33,6,3,0,0,0,0,0,9,1,5
3,1,9,0,12,0,8,0,0,0,0,1,1,1,2,30,6,1686,2,3,1,1,2,438600,370390,30,2,1,7,322,3,61,3,30,8,2,6,0,0,0,4,1,1,0,0,1,1,1,1,1,33,6,3,0,0,0,0,0,9,1,5
3,1,9,0,10,0,8,0,0,0,0,0,1,1,1,24,5,1598,1,8,1,2,3,488331,272081,34,3,2,5,386,3,509,6,60,7,4,4,574,0,0,1,1,1,0,0,2,1,1,1,1,33,6,3,0,0,0,0,0,9,1,5
3,2,9,0,9,0,8,0,0,0,0,1,1,6,2,38,7,1596,1,6,1,1,2,539420,187180,1,2,1,1,13,6,0,6,30,6,4,6,0,0,0,1,1,1,0,0,1,2,1,1,1,33,6,3,0,0,0,0,0,9,1,5
3,2,9,0,4,0,8,0,0,0,0,1,1,6,1,29,6,1598,1,8,1,1,3,531000,166850,1,3,1,5,20,5,0,6,30,3,4,6,0,0,0,1,1,1,0,0,1,1,1,1,1,29,6,3,0,0,0,0,0,9,1,6
3,1,9,0,18,0,0,0,0,0,0,1,1,6,1,25,5,1390,1,8,1,2,4,372820,407780,6,4,2,5,100,3,666,3,50,0,4,6,0,0,0,4,1,2,0,0,1,1,1,1,1,33,6,3,0,0,0,0,0,9,1,5
3,4,9,0,18,0,0,0,0,0,0,2,1,6,1,67,10,1390,1,4,1,2,4,415930,277430,20,4,2,6,306,1,42,3,40,0,4,6,0,0,0,1,1,1,0,0,2,1,1,1,1,33,6,3,0,0,0,0,0,9,1,5
3,2,9,0,2,0,0,0,0,0,0,1,1,6,3,38,7,1296,1,7,1,1,2,449739,213488,43,2,1,3,481,6,265,6,30,0,4,6,0,0,0,1,1,1,0,2,1,1,1,1,1,33,6,3,0,0,0,0,0,9,1,5
3,2,9,0,9,0,8,0,0,0,0,1,1,6,2,38,7,1598,1,8,1,1,2,527730,175770,1,2,1,4,10,3,3220,6,30,6,4,6,0,0,1,1,1,1,0,0,1,2,1,1,1,33,6,3,0,0,0,0,0,9,1,5
3,1,1,0,9,0,1,0,0,0,0,1,1,6,1,55,8,1598,1,8,2,1,2,361817,344796,7,2,1,3,129,5,531,6,30,3,4,6,0,0,0,7,9,1,0,0,2,2,1,1,1,55,8,3,0,0,0,0,0,1,2,7
3,1,9,0,13,0,2,0,0,0,0,4,1,6,2,22,5,998,1,4,1,1,2,533650,187210,1,2,1,6,4,3,10,6,30,3,4,6,0,0,4,1,1,1,0,0,1,1,1,1,1,33,6,3,0,0,0,0,0,9,1,5
3,1,9,0,18,0,8,0,0,0,0,1,1,6,2,18,4,1242,1,5,1,1,2,379710,394400,6,2,1,2,112,3,56,3,40,6,2,3,5145,0,0,4,1,1,0,0,1,1,1,1,2,18,4,3,0,0,0,0,0,9,1,5
3,1,9,0,18,0,0,0,0,0,0,1,1,6,1,38,7,998,1,16,1,1,2,522170,184600,1,2,1,4,28,5,0,6,30,0,4,6,0,0,0,1,9,1,0,0,1,1,1,1,1,33,6,3,0,0,0,0,0,9,1,5
3,1,9,0,18,0,0,0,0,0,0,4,1,6,2,61,9,1560,2,5,3,2,2,553251,137135,47,2,2,6,556,6,0,6,30,0,4,6,0,0,0,1,1,1,0,0,2,1,1,3,2,31,6,3,9,8,0,0,0,0,3,8
3,5,9,0,3,0,0,0,0,0,0,2,1,1,1,61,9,3436,1,3,3,3,5,507457,200209,41,5,3,2,436,1,25,3,70,0,4,6,0,0,0,4,1,2,0,0,2,1,1,1,1,33,6,3,0,0,0,0,0,9,1,5
1,2,9,0,18,0,8,1,0,0,0,1,1,2,1,56,9,1686,2,2,1,1,2,469842,250313,34,2,1,2,385,3,43,3,70,3,4,5,188,0,0,7,1,1,0,0,2,1,1,1,1,33,6,3,0,0,0,0,0,9,1,5
2,2,9,0,2,0,1,0,0,0,0,3,1,6,3,38,7,1598,1,8,1,1,3,266748,197768,62,3,1,5,745,6,0,6,30,3,4,6,0,0,0,4,1,1,0,0,1,1,1,1,1,33,6,3,0,0,0,0,0,9,1,5
3,1,9,0,9,0,1,0,0,0,0,4,1,1,1,39,7,1389,1,13,1,1,2,367640,426810,4,2,1,2,70,6,0,6,30,3,4,6,0,0,0,4,1,1,0,0,1,1,1,1,1,33,6,3,0,0,0,0,0,9,1,5
3,2,19,0,13,0,8,0,0,0,0,1,1,1,1,47,8,2198,2,4,1,2,2,434090,309697,33,2,2,1,366,4,4116,6,60,8,4,6,6,0,0,1,1,1,0,0,2,1,1,1,1,33,6,3,0,0,0,0,0,9,1,5
2,1,9,0,18,0,0,0,0,0,0,4,1,2,2,55,8,998,1,1,1,1,1,504260,206105,41,1,1,2,431,6,657,6,30,0,4,6,0,0,0,1,1,1,0,0,1,1,1,3,2,16,4,2,5,1,0,0,0,0,1,9
3,2,9,0,18,0,0,0,0,0,0,1,1,2,1,49,8,1598,1,8,1,1,3,451542,342105,31,3,1,2,346,3,6002,6,40,0,4,6,0,0,0,1,1,1,4,0,2,1,1,1,1,33,6,3,0,0,0,0,0,9,1,5
3,1,9,0,16,0,0,1,0,0,4,1,1,2,1,18,4,1390,1,14,1,1,1,362190,467920,4,1,1,3,76,6,0,6,60,0,4,6,0,0,0,1,1,1,0,0,2,1,1,1,1,18,4,3,0,0,0,0,0,9,1,3
3,1,1,0,5,0,1,0,0,0,0,3,1,6,1,56,9,1598,1,8,1,1,2,530440,185980,1,2,1,1,3,3,503,6,30,6,2,3,1,0,5,1,1,1,0,0,1,1,1,1,1,56,9,3,0,0,0,0,0,1,1,2
3,1,8,0,18,0,1,0,0,0,0,1,1,1,1,30,6,1598,1,8,1,1,1,434928,386366,14,1,1,7,215,4,6388,3,30,6,2,3,61,0,5,1,1,1,0,0,1,1,1,3,2,33,6,3,1,1,0,0,0,0,1,1
3,2,9,0,18,0,8,0,0,0,0,1,1,6,1,29,6,1149,1,12,1,1,2,457635,402696,14,2,1,3,211,3,638,1,40,1,4,6,0,0,0,1,1,1,0,0,1,1,1,1,1,29,6,3,0,0,0,0,0,9,1,7
3,1,9,0,18,0,0,0,0,0,0,3,1,1,1,35,6,998,1,13,1,1,1,367440,428130,4,1,1,1,70,6,0,6,30,0,4,6,0,0,0,1,1,1,0,0,1,1,1,3,1,4,1,3,5,4,0,0,0,0,1,1
3,1,9,0,18,0,0,0,0,0,0,1,1,6,2,45,7,1598,1,8,2,2,2,431830,283610,20,2,2,5,302,6,0,6,30,0,4,6,0,0,0,4,1,1,0,0,2,1,1,1,2,45,7,3,0,0,0,0,0,9,2,5
2,2,9,0,9,0,8,0,0,7,0,4,1,6,2,55,8,1998,1,11,1,1,2,324885,389393,5,2,1,6,95,3,553,6,30,3,4,6,0,0,0,4,1,2,0,0,2,1,1,1,2,55,8,2,0,0,0,0,0,9,1,8
3,1,9,0,5,0,8,0,0,0,0,1,1,6,1,28,6,3199,1,15,2,1,2,541688,155980,45,2,1,1,516,6,447,6,60,3,4,4,2024,0,0,1,1,1,0,0,2,1,1,1,1,33,6,3,0,0,0,0,0,9,1,5
3,1,11,0,18,0,0,0,0,0,0,0,1,1,1,54,8,11970,2,12,1,1,1,391772,287325,20,1,1,6,303,6,0,3,30,0,4,6,0,0,0,4,9,1,0,0,1,2,1,2,2,33,6,3,0,0,0,4,0,11,1,1
3,3,9,0,18,0,8,0,0,0,0,4,1,6,1,65,9,1339,1,9,1,1,3,617447,215843,42,3,1,7,461,3,133,6,30,3,4,6,0,0,0,1,1,1,0,0,1,1,1,1,1,33,6,3,0,0,0,0,0,9,1,5
3,2,9,0,3,0,1,0,0,0,0,2,1,6,2,40,7,1896,2,12,1,4,2,440564,519752,17,2,4,3,245,5,138,6,40,3,4,5,141,0,0,4,1,1,0,0,2,1,4,2,2,2,1,3,0,0,2,0,0,9,1,4
3,1,9,0,4,0,1,0,0,0,0,1,1,6,1,41,7,1560,2,9,2,1,2,458701,295951,33,2,1,4,360,6,4601,6,30,3,4,5,4602,0,0,1,1,1,0,0,2,1,1,1,1,33,6,3,0,0,0,0,0,9,1,5
2,2,9,0,18,0,1,0,0,1,0,3,1,2,2,31,6,1198,1,2,1,1,2,494300,141594,45,2,1,3,517,3,286,6,40,6,4,6,0,0,0,1,1,1,0,0,2,1,1,1,2,31,6,2,0,0,0,0,0,9,1,8
3,1,9,0,18,0,8,0,0,0,0,1,1,1,1,53,8,1910,2,7,1,2,2,410999,550819,11,2,2,5,169,4,6308,6,30,3,2,5,100,0,5,4,1,2,0,0,1,1,1,1,1,33,6,3,0,0,0,0,0,9,1,5
3,1,9,0,18,0,0,0,0,0,0,1,1,3,1,39,7,1242,1,3,2,1,1,369475,89520,55,1,1,6,645,6,0,6,30,0,4,6,0,0,0,1,1,1,0,0,1,1,1,3,2,11,3,3,5,4,0,0,0,0,1,10
3,1,9,0,7,0,6,0,0,0,0,1,1,6,2,64,9,1242,1,17,1,1,2,571063,204879,42,2,1,7,454,6,0,6,30,8,4,6,0,0,0,1,1,1,0,0,1,1,1,1,2,64,9,3,0,0,0,0,0,9,1,6
2,2,9,0,16,0,8,0,0,0,0,1,1,6,2,26,6,1598,1,8,1,2,2,402190,262490,22,2,2,2,274,6,0,6,30,3,4,6,0,0,0,6,1,2,0,0,2,1,1,2,1,58,9,2,0,0,1,0,0,9,2,7
3,1,3,0,7,0,6,0,0,0,0,4,1,2,1,22,5,124,1,1,1,1,2,503455,175554,43,2,1,2,473,6,7305,6,40,8,4,6,0,0,0,1,1,1,0,0,1,2,1,1,1,22,5,3,0,0,0,0,0,3,1,3
3,2,9,0,2,6,0,0,0,0,0,2,1,6,2,38,7,1149,1,13,1,1,2,430890,360260,30,2,1,6,329,6,0,6,30,0,4,6,0,0,0,4,1,1,0,0,1,1,1,1,1,33,6,3,0,0,0,0,0,9,1,5
2,1,9,0,13,0,0,1,0,2,10,1,1,6,1,19,4,1598,1,8,1,2,3,432238,290026,23,3,2,7,291,4,4102,6,50,0,4,6,0,0,0,6,1,1,0,0,2,1,1,1,1,19,4,2,0,0,0,0,0,9,1,2
3,1,9,0,9,0,6,0,0,0,0,1,1,6,2,49,8,998,1,9,2,1,2,510126,166512,45,2,1,2,510,3,3050,6,30,9,4,6,0,0,0,1,1,1,0,0,1,1,1,1,1,33,6,3,0,0,0,0,0,9,1,5
3,1,9,0,5,0,1,0,0,0,0,1,1,1,1,31,6,2143,2,8,1,2,1,334414,389712,5,1,2,4,91,3,5040,3,30,3,2,3,5036,0,5,1,1,1,0,0,1,1,1,3,2,72,10,3,1,1,0,0,0,0,1,5
3,1,9,0,15,0,4,0,0,3,2,1,1,6,1,19,4,2521,1,6,1,2,1,437286,567565,10,1,2,7,149,3,183,1,30,1,4,4,1344,0,0,4,1,2,0,0,1,1,1,1,1,19,4,3,0,0,0,0,0,9,1,1
2,3,11,0,9,0,1,0,0,0,0,1,1,1,1,57,9,9360,2,6,1,4,3,419603,445164,13,3,4,6,204,6,0,6,30,3,4,3,659,0,0,1,1,1,0,0,1,1,3,2,2,20,4,3,0,0,0,4,0,11,1,5
3,3,19,0,2,0,1,0,0,0,0,0,1,6,3,38,7,1598,1,8,1,1,3,449857,245750,63,3,1,3,752,4,4320,6,60,8,4,6,0,0,0,1,2,2,0,2,2,1,1,1,1,33,6,3,0,0,0,0,0,9,1,5
3,4,8,0,4,0,0,0,0,0,0,1,1,2,1,22,5,1598,1,8,1,2,4,456061,304255,33,4,2,3,364,3,47,6,30,0,4,6,0,0,0,1,1,1,0,0,1,1,1,1,1,33,6,3,0,0,0,0,0,9,1,5
3,1,8,0,7,0,6,0,0,0,0,3,1,1,1,44,7,2402,2,9,1,5,2,520650,299100,35,2,5,5,394,6,0,6,30,3,4,6,0,0,0,4,1,1,0,0,1,1,5,2,1,48,8,3,0,0,2,0,0,8,1,5
3,2,1,0,15,0,8,0,0,0,0,1,1,6,2,10,2,1598,1,8,1,1,2,514230,175830,1,2,1,6,25,3,315,6,30,3,2,3,314,0,5,4,1,1,0,0,1,1,1,1,2,10,2,3,0,0,0,0,0,1,1,4
3,2,9,0,18,0,8,0,0,0,0,3,1,6,1,25,5,1390,1,12,1,1,2,361399,172207,52,2,1,4,601,6,0,6,30,3,4,6,0,0,0,4,1,1,0,0,1,2,1,1,1,25,5,3,0,0,0,0,0,9,1,5
2,1,9,0,18,0,0,1,0,7,4,1,1,6,1,18,4,1199,1,12,1,3,1,497478,418995,16,1,3,1,232,6,0,6,60,0,4,6,0,0,0,1,1,1,0,0,2,1,1,1,1,18,4,3,0,0,0,0,0,9,1,3
3,2,9,0,2,0,0,0,0,0,0,3,1,6,3,38,7,1598,1,14,1,1,2,383439,379771,7,2,1,5,129,4,5086,6,30,0,4,6,0,0,0,1,1,1,0,0,1,1,1,1,1,33,6,3,0,0,0,0,0,9,1,5
3,2,9,0,17,0,8,0,0,0,0,3,1,2,2,52,8,2179,2,2,3,2,2,474648,271102,34,2,2,4,381,5,31,6,30,3,4,5,31,0,0,1,1,1,0,0,2,1,2,1,2,52,8,3,0,0,0,0,0,9,3,8
3,2,9,0,18,0,8,0,0,0,0,1,1,6,1,78,11,999,1,2,1,2,2,336320,378368,7,2,2,5,130,3,41,3,40,3,2,3,550,0,0,1,1,1,0,0,1,1,1,1,1,78,11,3,0,0,0,0,0,9,1,5
3,1,9,0,13,0,0,5,0,1,4,1,1,6,1,24,5,1596,1,8,1,1,1,419776,167808,54,1,1,2,635,3,346,6,60,0,4,6,0,0,0,1,1,1,0,0,2,1,1,2,1,23,5,3,0,0,1,0,0,9,1,5
1,1,9,0,18,0,0,0,4,0,0,1,1,6,1,16,4,1910,2,9,1,1,2,516626,208597,41,2,1,3,434,6,383,6,30,0,4,6,0,0,0,5,1,1,0,0,1,1,1,1,1,16,4,1,0,0,0,0,0,9,1,10
3,3,8,0,8,0,1,0,0,0,0,3,1,1,1,56,9,2664,2,14,1,2,3,342571,392385,5,3,2,5,90,6,0,3,30,6,4,6,0,0,0,1,1,1,0,0,1,1,2,1,1,56,9,3,0,0,0,0,0,8,1,1
2,2,9,0,17,0,0,0,0,0,0,1,1,6,1,73,10,1995,2,1,1,4,2,437190,351990,30,2,4,1,320,3,610,6,40,0,4,6,0,0,0,1,1,2,0,0,2,1,3,2,2,67,10,3,0,0,1,0,0,9,1,5
3,1,9,0,14,0,1,0,0,0,0,4,1,6,2,79,11,1598,1,4,1,1,1,580613,163217,46,1,1,2,544,6,0,6,30,3,4,6,0,0,8,1,1,1,0,0,1,1,1,3,2,28,6,3,5,2,0,0,0,0,1,9
3,1,3,0,17,0,0,1,0,1,11,1,1,6,1,21,5,124,1,1,1,1,1,437014,438948,13,1,1,1,204,6,0,6,30,0,4,6,0,0,0,1,1,1,0,0,2,1,1,1,1,21,5,3,0,0,0,0,0,3,1,1
2,1,19,0,16,0,0,1,0,0,0,1,1,6,1,23,5,1868,2,12,3,2,3,624716,313312,36,3,2,6,401,4,1150,6,60,0,4,6,0,0,0,1,1,1,0,0,2,1,1,1,1,23,5,3,0,0,0,0,0,19,3,6
3,2,3,0,18,0,1,0,0,0,0,1,1,6,1,16,4,124,1,8,1,1,2,449121,360890,31,2,1,7,340,4,6014,6,30,8,4,6,0,0,0,4,1,1,0,0,1,1,1,1,1,16,4,3,0,0,0,0,0,3,1,5
3,1,9,0,9,0,1,0,0,0,0,1,1,6,2,22,5,998,1,5,1,1,1,352350,397570,5,1,1,4,92,3,571,3,60,3,2,3,580,0,0,1,1,1,0,0,1,1,1,3,1,54,8,3,5,1,0,0,0,0,2,5
3,2,9,0,16,0,0,0,0,0,0,1,1,6,2,46,8,1560,2,5,1,2,2,333350,556760,3,2,2,7,62,4,5307,6,30,0,4,6,0,0,0,1,1,1,0,0,2,1,2,1,2,46,8,3,0,0,0,0,0,9,1,7
2,1,9,0,7,0,5,0,0,0,0,1,1,6,1,25,5,1686,2,11,1,1,1,367527,78621,55,1,1,4,646,3,354,6,30,3,4,6,0,0,5,1,1,1,0,0,1,1,1,3,1,85,11,2,5,1,0,0,0,0,1,5
3,2,9,0,18,0,0,2,0,5,6,3,1,6,1,57,9,2521,1,8,1,2,2,455105,219921,43,2,2,1,481,1,40,3,70,0,4,6,0,0,0,1,1,1,0,0,2,1,2,2,2,62,9,3,0,0,1,0,0,9,1,9
3,1,19,0,5,0,1,0,0,0,0,1,1,1,1,20,4,1461,2,1,1,1,2,369616,81611,55,2,1,4,646,6,0,6,30,2,4,4,3155,0,0,1,1,1,0,0,1,1,1,1,1,33,6,3,0,0,0,0,0,9,1,5
3,1,9,0,18,0,8,0,0,0,0,4,1,6,2,63,9,1598,1,7,1,1,2,403250,281510,20,2,1,3,300,6,0,6,30,6,4,6,0,0,0,1,8,1,0,0,1,1,1,1,1,33,6,3,0,0,0,0,0,9,1,5
2,2,9,0,17,0,0,0,0,0,0,1,1,6,1,65,9,1598,1,8,1,2,2,499258,302051,34,2,2,7,382,3,43,6,60,0,4,6,0,0,0,1,2,2,0,0,2,1,2,2,2,63,9,2,0,0,1,0,0,9,1,5
3,1,11,0,18,0,2,0,10,0,0,4,1,1,1,38,7,6700,2,6,1,5,2,530640,181230,1,2,5,2,2,3,4200,6,30,3,4,3,4200,0,0,1,1,1,0,0,1,1,5,2,1,27,6,3,0,0,0,4,0,11,1,1
3,1,97,0,4,0,0,1,0,0,0,4,1,6,1,30,6,124,1,15,3,1,1,273585,844839,91,1,1,3,927,4,9006,6,60,0,4,6,0,0,0,1,1,2,0,0,2,1,1,1,1,30,6,3,0,0,0,0,0,97,3,5