accident_severity,vehicle_reference,vehicle_type,towing_and_articulation,vehicle_manoeuvre,vehicle_location-restricted_lane,junction_location,skidding_and_overturning,hit_object_in_carriageway,vehicle_leaving_carriageway,hit_object_off_carriageway,1st_point_of_impact,was_vehicle_left_hand_drive?,journey_purpose_of_driver,sex_of_driver,age_of_driver,age_band_of_driver,engine_capacity_(cc),propulsion_code,age_of_vehicle,driver_home_area_type,NUmber_of_Casualities_unique_to_accident_index,No_of_Vehicles_involved_unique_to_accident_index,location_easting_osgr,location_northing_osgr,police_force,number_of_vehicles,number_of_casualties,day_of_week,local_authority_(district),1st_road_class,1st_road_number,road_type,speed_limit,junction_detail,junction_control,2nd_road_class,2nd_road_number,pedestrian_crossing-human_control,pedestrian_crossing-physical_facilities,light_conditions,weather_conditions,road_surface_conditions,special_conditions_at_site,carriageway_hazards,urban_or_rural_area,did_police_officer_attend_scene_of_accident,casualty_reference,casualty_class,sex_of_casualty,age_of_casualty,age_band_of_casualty,casualty_severity,pedestrian_location,pedestrian_movement,car_passenger,bus_or_coach_passenger,pedestrian_road_maintenance_worker,casualty_type,casualty_home_area_type,casualty_imd_decile
2,2,4,0,18,0,1,0,0,0,0,1,1,6,1,27,6,124,1,5,1,1,2,255224,665825,97,2,1,2,926,6,0,3,30,3,4,6,0,0,0,1,1,1,0,0,1,1,1,1,1,27,6,2,0,0,0,0,0,4,1,5
3,1,9,0,18,0,0,0,0,0,0,1,1,6,2,47,8,1997,2,7,1,1,4,571647,112925,47,4,1,4,555,4,2204,6,40,0,4,6,0,0,0,1,1,2,0,0,2,1,1,1,1,33,6,3,0,0,0,0,0,9,1,5
3,2,1,0,18,0,8,0,0,0,0,1,1,6,1,30,6,1598,1,8,1,1,2,531910,182470,1,2,1,4,3,3,1,6,30,3,4,6,0,0,0,1,1,1,0,0,1,1,1,1,1,30,6,3,0,0,0,0,0,1,1,5
3,2,1,0,18,0,8,0,0,0,0,1,1,6,1,18,4,1598,1,8,1,1,2,461066,451421,12,2,1,7,189,6,7210,6,30,3,4,3,1036,0,8,1,1,2,0,0,1,1,1,1,1,18,4,3,0,0,0,0,0,1,1,10
3,1,19,0,18,0,0,0,0,0,0,1,1,2,1,55,8,2198,2,2,1,2,3,494135,148383,45,3,2,2,511,3,31,3,30,0,4,6,0,0,0,1,2,2,0,0,2,1,1,1,1,55,8,3,0,0,0,0,0,19,1,4
2,2,9,0,18,0,1,0,0,0,0,1,1,6,2,44,7,2993,2,1,2,1,2,321700,476760,3,2,1,5,61,3,595,6,60,3,4,6,0,0,0,6,2,2,0,0,2,1,1,1,1,33,6,3,0,0,0,0,0,9,1,5
3,2,9,0,2,0,0,2,0,0,0,2,1,6,3,38,7,1870,2,16,1,4,2,448522,423527,13,2,4,7,206,3,645,6,30,0,4,6,0,0,0,4,1,1,0,0,1,1,1,1,1,33,6,3,0,0,0,0,0,9,1,5
3,1,9,0,11,0,0,0,0,0,0,1,1,6,1,19,4,973,1,13,1,1,3,347410,429730,4,3,1,1,74,3,583,3,50,0,4,6,0,0,0,1,1,1,0,0,2,1,1,1,1,33,6,3,0,0,0,0,0,9,1,5
2,1,9,0,18,0,8,0,0,0,0,3,2,6,2,24,5,1598,1,8,3,1,1,431028,455251,12,1,1,6,182,6,533,6,30,3,4,6,573,0,0,4,2,2,0,0,1,1,1,3,2,18,4,2,5,4,0,0,0,0,1,7
3,2,1,0,18,0,1,0,0,0,0,3,1,2,1,23,5,1598,1,8,1,1,2,336180,390879,5,2,1,7,91,6,0,3,30,3,2,6,0,0,5,1,4,2,0,0,1,1,1,1,1,23,5,3,0,0,0,0,0,1,1,1
3,1,9,0,18,0,2,0,0,0,0,1,1,6,1,23,5,1197,1,8,1,1,2,534720,160070,1,2,1,7,20,4,269,6,30,3,4,6,0,0,0,4,1,1,0,7,1,1,1,1,1,23,5,3,0,0,0,0,0,9,1,7
3,1,3,0,18,0,8,0,0,0,0,3,1,6,1,25,5,1598,1,8,1,1,2,532950,188290,1,2,1,2,31,3,503,6,30,3,4,6,0,0,0,1,1,1,0,0,1,1,1,1,1,25,5,3,0,0,0,0,0,3,1,6
2,1,9,0,18,0,0,0,0,1,4,1,1,6,1,36,7,1396,1,10,1,2,1,496504,335477,32,1,2,7,355,3,52,6,60,0,4,6,0,0,0,6,1,2,0,0,2,1,2,2,1,16,4,2,0,0,1,0,0,9,1,5
3,2,9,0,18,0,1,0,0,0,0,1,1,6,2,37,7,1399,2,3,1,3,2,334221,390271,5,2,3,7,91,6,0,6,30,3,4,6,0,0,0,1,1,1,0,0,1,2,3,2,2,17,4,3,0,0,2,0,0,9,1,7
3,4,9,0,4,0,0,0,0,0,0,1,1,6,2,45,7,1598,1,8,3,1,5,301950,227200,63,5,1,2,753,3,470,6,60,0,4,6,0,0,0,1,1,1,0,0,2,1,1,1,1,33,6,3,0,0,0,0,0,9,1,5
3,1,9,0,18,0,1,0,0,0,0,1,1,6,1,91,11,1796,1,11,2,1,2,372887,801182,92,2,1,5,911,4,9125,6,60,6,4,6,0,0,0,1,1,2,0,0,2,1,1,1,1,91,11,3,0,0,0,0,0,9,3,5
3,1,9,0,9,0,6,0,0,0,0,1,1,2,1,42,7,1798,8,1,1,1,1,255868,668495,97,1,1,3,926,6,0,6,30,9,4,6,0,0,8,4,1,2,0,0,1,2,1,3,2,44,7,3,1,1,0,0,0,0,1,5
3,1,11,0,18,0,2,0,0,0,0,0,1,1,1,51,8,4760,2,3,1,1,1,529192,104679,47,1,1,5,565,4,2066,6,20,3,4,6,0,0,0,1,1,1,0,0,1,2,1,2,1,50,8,3,0,0,0,4,0,11,1,6
3,2,9,0,4,0,1,0,0,0,0,1,1,6,3,38,7,1598,1,8,1,1,2,533580,171430,1,2,1,2,8,3,2199,3,30,3,4,6,0,0,0,1,2,2,0,0,1,1,1,1,1,33,6,3,0,0,0,0,0,9,1,5
3,2,9,0,18,0,8,0,0,0,0,1,1,6,1,87,11,998,1,1,1,2,2,393031,223622,53,2,2,6,620,3,4013,6,30,3,4,6,666,0,0,1,1,1,0,0,1,1,1,1,1,87,11,3,0,0,0,0,0,9,1,10
3,1,9,0,1,0,8,0,0,0,0,2,1,1,2,26,6,1390,1,1,3,1,1,187639,35268,50,1,1,6,596,6,0,6,30,3,4,6,0,0,0,1,1,1,0,0,2,1,1,3,2,73,10,3,5,3,0,0,0,0,3,7
3,2,3,0,3,0,8,0,0,0,0,2,1,2,1,21,5,124,1,8,1,1,2,514240,181140,1,2,1,1,27,3,4127,6,30,3,2,6,0,0,5,1,1,1,0,0,1,1,1,1,1,21,5,3,0,0,0,0,0,3,1,3
3,2,8,0,8,0,1,0,0,0,0,2,1,1,1,52,8,1798,1,9,1,1,2,332440,434690,4,2,1,1,71,3,583,7,30,3,4,3,583,0,0,1,1,1,0,0,1,1,1,1,1,52,8,3,0,0,0,0,0,8,1,1
3,1,9,0,9,0,8,0,0,0,0,0,1,6,3,38,7,1598,1,8,1,1,2,540480,185360,1,2,1,1,17,3,114,6,30,3,2,5,0,0,5,4,1,1,0,0,1,1,1,1,1,33,6,3,0,0,0,0,0,9,1,5
3,3,9,0,17,0,0,0,0,1,0,3,1,2,1,50,8,1598,1,8,1,5,3,504200,136417,45,3,5,4,517,3,281,6,50,0,4,6,0,0,0,1,4,2,0,0,2,1,3,1,1,50,8,3,0,0,0,0,0,9,1,10
3,1,5,0,17,0,0,0,0,1,10,1,1,6,1,29,6,1598,1,8,1,1,1,316200,230940,63,1,1,1,753,3,479,6,60,0,4,6,0,0,0,1,1,1,0,0,2,1,1,1,1,29,6,3,0,0,0,0,0,5,1,5
3,1,9,0,18,0,0,1,0,1,2,1,1,6,1,21,5,1364,2,5,2,1,1,231912,654816,97,1,1,4,931,3,760,6,30,0,4,6,0,0,0,1,1,1,0,0,2,1,1,1,1,21,5,3,0,0,0,0,0,9,2,5
3,1,9,0,18,0,0,1,0,0,0,1,1,1,2,19,4,999,1,15,1,1,2,169968,23506,50,2,1,3,596,6,0,6,60,0,4,6,0,0,0,1,2,2,0,0,2,1,1,1,2,19,4,3,0,0,0,0,0,9,1,8
3,2,9,0,18,0,0,0,0,1,0,1,1,6,1,53,8,1499,2,8,1,2,2,260802,583689,98,2,2,1,917,3,713,6,60,0,4,6,0,0,0,1,8,2,0,0,2,1,2,1,1,53,8,3,0,0,0,0,0,9,1,5
3,1,1,0,18,0,6,0,0,0,0,1,1,6,1,23,5,1598,1,8,1,1,2,426470,604411,10,2,1,3,139,5,99,6,30,3,4,6,3134,0,1,1,9,2,0,0,2,2,1,1,1,23,5,3,0,0,0,0,0,1,1,5
3,2,9,0,3,0,1,0,0,0,0,2,1,6,1,21,5,1598,1,8,1,1,2,337398,367311,60,2,1,7,724,3,548,6,50,3,4,6,0,0,0,1,1,1,0,0,2,1,1,1,1,33,6,3,0,0,0,0,0,9,1,5
3,2,9,0,10,0,1,0,0,0,0,4,1,6,1,38,7,1560,2,11,3,4,5,374031,144640,52,5,4,4,606,3,361,6,60,3,4,6,0,0,0,1,1,1,0,0,2,1,1,1,1,33,6,3,0,0,0,0,0,9,3,7
3,2,9,0,18,0,1,0,0,0,0,1,1,6,3,38,7,1598,1,8,1,1,2,521280,183730,1,2,1,4,28,3,404,6,30,3,4,6,0,0,4,4,1,1,0,0,1,1,1,1,1,33,6,3,0,0,0,0,0,9,1,5
3,2,9,0,18,0,8,0,0,0,0,1,1,6,1,59,9,980,1,24,1,2,2,536200,176570,1,2,2,6,7,6,0,6,30,3,4,6,0,0,0,1,1,2,0,0,1,1,2,2,2,56,9,3,0,0,1,0,0,9,1,4
3,1,9,0,18,0,0,0,0,0,0,1,1,6,2,20,4,1956,2,3,1,2,2,481787,356293,31,2,2,6,345,3,46,3,60,0,4,6,0,0,0,4,1,2,0,0,2,1,1,1,2,20,4,3,0,0,0,0,0,9,1,9
3,2,9,0,7,0,6,0,0,0,0,1,1,6,1,33,6,1560,2,7,1,1,2,357980,334060,22,2,1,2,286,4,5065,6,30,3,4,3,41,0,0,1,1,1,0,0,2,2,1,1,1,33,6,3,0,0,0,0,0,9,1,5
3,2,9,0,8,0,1,0,0,0,0,1,1,6,2,56,9,1398,2,13,3,2,2,276299,125323,50,2,2,2,582,3,361,3,60,3,4,4,3227,0,0,1,1,1,0,0,2,1,2,1,2,56,9,3,0,0,0,0,0,9,3,4
2,2,9,0,18,0,8,0,0,0,0,1,1,6,2,35,6,1798,1,7,3,1,2,551620,250670,35,2,1,7,395,3,1307,6,60,3,4,6,0,0,0,1,1,1,0,0,2,1,1,1,1,33,6,3,0,0,0,0,0,9,1,5
3,1,9,0,7,0,2,0,0,0,0,0,1,1,1,34,6,1598,1,8,1,1,1,461308,401651,14,1,1,1,211,6,0,6,30,3,4,6,0,0,0,4,1,1,0,0,1,2,1,2,2,27,6,3,0,0,2,0,0,9,1,3
3,1,9,0,18,0,0,0,0,0,0,1,1,6,3,38,7,2982,2,2,1,5,3,474305,427372,16,3,5,6,231,3,614,6,60,0,4,6,0,0,0,1,2,2,0,0,2,1,1,1,1,33,6,3,0,0,0,0,0,9,1,5
3,2,9,0,18,0,6,0,0,0,0,2,1,6,1,68,10,1956,2,5,2,4,2,424673,400844,14,2,4,2,210,6,0,6,60,3,4,6,0,0,0,1,1,1,0,0,2,1,2,1,1,68,10,3,0,0,0,0,0,9,2,10
3,1,9,0,14,0,0,0,0,0,0,1,2,6,2,40,7,1896,2,11,1,1,2,338331,375827,7,2,1,3,130,6,0,6,30,0,4,6,0,0,0,1,1,1,0,0,1,2,1,1,1,33,6,3,0,0,0,0,0,9,1,5
2,2,1,0,18,0,0,0,0,0,0,3,1,6,1,56,9,1598,1,8,1,1,2,559570,137520,46,2,1,4,543,6,4312,6,60,0,4,6,0,0,0,1,1,1,0,0,1,2,1,1,1,56,9,2,0,0,0,0,0,1,1,9
3,2,19,0,1,0,0,0,0,0,0,2,1,1,1,38,7,2148,2,8,1,2,2,512530,179920,1,2,2,3,27,6,0,6,30,0,4,6,0,0,0,1,1,1,0,0,1,2,1,1,1,33,6,3,0,0,0,0,0,9,1,5
3,1,9,0,18,0,1,0,0,0,0,1,1,6,1,28,6,1968,2,3,1,4,2,582580,119816,47,2,4,6,555,4,2089,6,30,3,3,3,28,0,0,1,1,1,0,0,2,2,1,1,1,33,6,3,0,0,0,0,0,9,1,5
3,3,9,0,18,0,1,0,0,0,0,0,1,6,3,38,7,1598,1,8,1,1,3,429600,320440,30,3,1,5,328,4,5353,6,30,8,4,6,0,0,0,7,2,2,0,0,1,1,1,1,1,33,6,3,0,0,0,0,0,9,1,5
3,1,9,0,6,0,8,0,0,0,0,1,1,6,2,32,6,1339,1,8,1,2,1,509506,221962,40,1,2,6,421,6,0,6,20,2,4,6,0,0,0,4,1,1,0,0,1,1,1,2,2,22,5,3,0,0,2,0,0,9,1,5
3,2,9,0,9,0,1,0,0,0,0,1,1,6,3,38,7,1598,1,8,1,1,2,402580,277030,20,2,1,4,300,4,4096,6,30,3,4,6,0,0,0,1,1,1,0,0,2,2,1,1,1,33,6,3,0,0,0,0,0,9,1,5
3,1,1,0,16,0,0,0,0,0,0,1,1,6,1,25,5,1598,1,8,1,1,2,528770,173340,1,2,1,7,10,6,0,6,30,0,4,6,0,0,0,1,2,2,0,0,1,1,1,1,1,25,5,3,0,0,0,0,0,1,1,9
3,2,9,0,18,0,3,0,0,0,0,4,1,6,2,30,6,1388,1,6,1,1,2,257505,672922,97,2,1,6,920,3,879,1,30,1,4,3,807,0,0,1,1,2,0,0,2,1,1,2,2,66,10,3,0,0,1,0,0,9,1,5
2,2,1,0,18,0,2,5,0,0,0,1,1,6,1,23,5,1598,1,8,1,3,2,412830,282800,20,2,3,7,300,3,41,2,30,6,4,3,41,0,0,1,1,1,0,0,1,1,2,1,1,23,5,2,0,0,0,0,0,1,1,3
3,2,9,0,18,0,0,0,0,0,0,1,1,1,1,28,6,1968,2,9,1,2,4,495451,406819,16,4,2,6,232,3,18,6,60,0,4,6,0,0,0,1,1,1,0,0,2,1,2,1,1,28,6,3,0,0,0,0,0,9,1,2
3,2,9,0,4,0,0,0,0,0,0,2,1,6,1,68,10,1968,2,2,1,1,2,392976,325483,21,2,1,6,255,3,513,6,50,0,4,6,0,0,0,1,1,2,0,0,1,1,1,2,2,67,10,3,0,0,1,0,0,9,1,7
3,1,9,0,9,0,5,5,10,7,0,1,1,6,2,45,7,3222,2,12,1,1,1,410800,285370,20,1,1,5,300,6,0,6,30,8,4,6,0,0,0,1,1,1,0,0,1,1,1,2,2,26,6,3,0,0,1,0,0,9,1,2
3,2,9,0,18,0,1,0,0,0,0,1,1,6,1,49,8,1598,2,1,1,1,2,351150,492320,3,2,1,2,65,6,0,6,30,3,4,6,0,0,0,1,1,1,0,0,1,1,1,1,1,33,6,3,0,0,0,0,0,9,1,5
3,2,9,0,4,0,1,0,4,0,0,1,1,6,3,38,7,1598,1,8,1,1,2,535520,173000,1,2,1,3,7,3,205,6,30,3,4,3,205,0,0,1,1,1,0,0,1,2,1,1,1,33,6,3,0,0,0,0,0,9,1,5
2,1,9,0,17,0,0,0,0,3,10,1,1,6,2,89,11,1390,1,4,1,7,1,499541,149529,45,1,7,6,511,5,93,2,30,0,4,6,0,0,0,1,1,1,0,0,1,1,7,3,2,1,1,3,6,9,0,0,2,0,1,7
3,2,19,0,18,0,8,1,0,7,0,4,1,6,1,47,8,2198,2,2,1,2,2,276049,651686,97,2,2,7,938,4,7078,6,30,3,4,6,0,0,0,1,2,4,0,0,1,1,1,2,2,47,8,3,0,0,1,0,0,19,1,5
3,1,9,0,18,0,0,0,0,0,0,1,1,6,1,67,10,1248,1,5,1,3,2,616985,244663,37,2,3,6,412,3,1071,6,30,0,4,6,0,0,0,1,1,1,0,0,1,1,3,2,2,15,3,3,0,0,2,0,0,9,1,2
3,1,9,0,18,0,2,1,0,0,0,1,1,2,1,19,4,998,1,13,1,2,3,554690,159060,46,3,2,6,538,6,1482,6,30,3,4,6,0,0,0,1,1,2,0,0,2,1,1,2,1,19,4,3,0,0,1,0,0,9,3,9
3,2,5,0,18,0,1,1,0,0,0,2,1,6,1,20,4,918,1,17,1,1,2,407747,94722,55,2,1,5,640,5,318,6,30,3,4,6,0,0,0,4,1,1,0,0,1,1,1,1,1,20,4,3,0,0,0,0,0,5,1,6
3,1,9,0,5,0,5,0,0,0,0,1,1,6,3,38,7,1248,2,11,1,1,1,570568,206063,42,1,1,4,454,6,0,6,30,6,4,6,0,0,0,7,1,2,0,0,1,2,1,3,2,24,5,3,10,9,0,0,2,0,1,5
3,2,3,0,18,0,8,0,0,0,0,1,1,1,1,31,6,125,1,1,1,1,2,377670,399240,6,2,1,3,107,6,0,6,30,6,4,6,0,0,0,1,2,2,0,0,1,1,1,1,1,31,6,3,0,0,0,0,0,3,1,5
3,5,9,0,2,0,0,0,4,0,0,1,1,6,1,38,7,3226,2,14,1,1,5,288608,59545,50,5,1,7,587,6,0,6,30,0,4,6,0,0,0,4,1,1,0,0,1,1,1,1,1,33,6,3,0,0,0,0,0,9,1,5
3,1,19,0,18,0,1,0,0,0,0,1,1,1,2,56,9,1598,1,8,1,1,2,455178,219130,43,2,1,2,481,3,34,1,60,1,2,3,34,0,0,1,1,1,0,0,2,1,1,1,2,56,9,3,0,0,0,0,0,19,1,5
3,2,9,0,3,0,8,0,0,0,0,2,1,1,1,61,9,2184,2,9,3,2,3,522440,272670,35,3,2,6,393,3,14,3,70,5,4,3,141,0,0,6,1,1,0,0,1,1,2,2,2,66,10,3,0,0,1,0,0,9,3,6
3,1,9,0,18,0,0,0,0,0,0,0,1,6,3,38,7,1598,1,8,1,1,1,416009,433302,13,1,1,3,200,3,6181,6,30,0,4,6,0,0,0,1,1,1,0,0,1,2,1,3,1,79,11,3,5,1,0,0,0,0,1,1
2,2,1,0,18,0,1,0,0,0,0,1,1,6,1,39,7,1598,1,8,2,1,4,206290,238580,63,4,1,2,752,6,0,6,30,8,4,6,0,0,0,1,1,1,0,2,2,2,1,1,1,39,7,2,0,0,0,0,0,1,2,8
3,2,9,0,18,0,2,0,0,0,0,1,1,6,2,43,7,1598,1,13,1,1,2,533890,191690,1,2,1,2,31,3,1010,6,30,3,4,6,0,0,0,4,1,2,0,0,1,1,1,1,1,33,6,3,0,0,0,0,0,9,1,5
3,2,9,0,3,0,1,0,0,0,0,2,1,6,1,22,5,1598,1,8,1,4,4,596740,140370,46,4,4,1,530,3,28,6,60,3,4,6,0,0,0,1,1,1,0,0,2,1,2,1,1,22,5,3,0,0,0,0,0,9,1,10
3,1,9,0,17,0,0,0,0,1,0,1,1,6,1,68,10,1598,1,8,2,1,3,422858,270034,23,3,1,5,294,3,4177,6,50,0,4,6,0,0,0,1,1,1,0,0,2,1,1,1,1,33,6,3,0,0,0,0,0,9,1,5
3,1,8,0,7,0,5,0,0,0,0,4,1,1,1,35,6,1598,1,8,1,1,1,416142,417399,13,1,1,7,203,6,0,6,30,3,4,6,0,0,0,4,5,2,0,0,1,1,1,3,1,55,8,3,5,1,0,0,0,0,1,1
2,1,9,0,6,0,0,0,0,0,0,3,1,6,1,23,5,1490,1,7,1,1,2,339990,557370,3,2,1,5,62,3,7,6,30,0,4,6,0,0,0,1,1,1,0,0,1,1,1,1,1,33,6,3,0,0,0,0,0,9,1,5
2,1,20,0,18,0,8,0,0,0,0,4,1,1,1,36,7,1598,1,8,1,1,1,529190,184180,1,1,1,1,2,3,5202,2,30,6,2,3,503,0,5,4,6,4,0,0,1,1,1,3,1,26,6,2,4,1,0,0,2,0,1,6
3,2,9,0,5,0,4,0,0,0,0,1,1,2,1,37,7,1598,1,8,1,1,2,525470,212940,41,2,1,4,438,4,195,6,40,2,4,6,1212,0,7,1,1,2,0,0,1,1,1,1,1,33,6,3,0,0,0,0,0,9,1,5
3,3,8,0,18,0,0,0,0,0,0,0,1,5,1,60,9,1968,2,8,1,1,3,386876,350225,21,3,1,1,257,6,0,6,30,0,4,6,0,0,0,1,1,1,0,0,1,2,1,1,1,33,6,3,0,0,0,0,0,9,1,5
3,2,9,0,4,0,1,0,0,4,6,2,1,6,1,49,8,1560,2,3,1,2,2,377830,351720,21,2,2,2,253,1,6,3,70,5,4,1,6,0,0,1,1,1,0,0,2,2,1,1,1,33,6,3,0,0,0,0,0,9,1,5
3,1,9,0,18,0,1,0,0,0,0,1,1,2,1,21,5,1560,2,1,1,1,2,511780,181900,1,2,1,3,26,6,0,6,30,3,4,6,0,0,0,4,5,2,0,0,1,1,1,1,1,33,6,3,0,0,0,0,0,9,1,5
3,2,11,0,18,2,1,0,0,0,0,3,1,1,1,56,9,1598,1,8,1,6,2,319703,177316,62,2,6,5,741,3,4161,6,30,3,4,6,0,0,4,1,1,1,0,0,1,1,4,2,2,20,4,3,0,0,0,4,0,11,1,5
3,1,9,0,9,0,8,0,0,0,0,2,1,6,2,35,6,1598,1,8,1,1,2,538310,177530,1,2,1,4,6,3,206,6,30,6,4,6,0,0,0,1,1,1,0,0,1,1,1,1,1,33,6,3,0,0,0,0,0,9,1,5
3,2,1,0,18,0,8,0,0,0,0,3,1,2,1,27,6,1598,1,8,3,1,2,405764,423328,13,2,1,5,202,3,58,6,30,6,2,6,0,0,0,1,1,1,0,0,1,2,1,1,1,27,6,3,0,0,0,0,0,1,3,10
3,2,9,0,4,0,1,0,0,0,0,0,1,6,1,54,8,1598,1,8,1,1,2,365373,174301,52,2,1,4,612,6,0,6,30,3,4,6,0,0,0,1,1,1,0,0,1,1,1,1,1,33,6,3,0,0,0,0,0,9,1,5
3,1,1,0,14,0,0,0,0,0,0,3,1,6,1,15,3,1598,1,8,1,1,2,331370,437610,4,2,1,5,71,6,0,2,30,0,4,6,0,0,0,1,1,1,0,0,1,1,1,1,1,15,3,3,0,0,0,0,0,1,1,2
3,1,1,0,18,0,0,0,0,0,0,3,1,6,2,9,2,1598,1,8,2,1,2,501542,483790,12,2,1,2,186,5,73,6,30,0,4,6,0,0,0,1,1,1,0,0,2,2,1,1,2,9,2,3,0,0,0,0,0,1,2,7
3,1,9,0,17,0,0,1,0,2,0,1,1,6,1,26,6,1389,1,15,1,1,1,522160,150855,45,1,1,2,512,3,25,6,40,0,4,6,0,0,0,6,1,1,0,0,2,1,1,2,2,25,5,3,0,0,1,0,0,9,1,10
3,1,9,0,17,0,8,0,0,0,0,1,1,6,2,31,6,1910,2,9,1,5,3,508030,173410,1,3,5,3,25,3,30,3,30,1,2,3,30,0,0,4,5,2,0,0,2,1,2,2,1,11,3,3,0,0,2,0,0,9,1,2
2,1,9,0,9,0,6,0,0,0,0,1,1,6,1,22,5,1896,2,12,1,1,2,636910,165780,46,2,1,7,541,4,2014,6,30,3,4,6,0,0,0,4,4,2,0,0,1,1,1,1,1,33,6,3,0,0,0,0,0,9,1,5
3,1,9,0,3,0,4,0,0,0,0,1,1,6,1,50,8,1997,2,12,1,3,2,563813,189382,42,2,3,7,452,3,127,3,30,1,4,3,128,0,0,1,1,1,0,0,2,2,3,2,2,31,6,3,0,0,2,0,0,9,1,5
3,1,11,0,5,0,0,0,0,0,0,1,1,1,3,38,7,1598,1,8,1,1,1,638140,164830,46,1,1,4,541,6,4106,6,30,0,4,6,0,0,0,1,1,1,0,0,1,2,1,3,2,32,6,3,6,9,0,0,0,0,1,4
3,1,9,0,14,0,0,0,0,0,0,3,1,1,1,28,6,1597,1,8,1,1,2,526210,177410,1,2,1,6,12,3,3220,6,30,0,4,6,0,0,0,1,1,1,0,0,1,1,1,1,1,33,6,3,0,0,0,0,0,9,1,5
3,1,1,0,1,0,6,0,0,0,0,1,1,6,1,7,2,1598,1,8,1,1,3,301413,381107,60,3,1,2,723,6,0,6,30,6,4,6,0,0,0,1,1,1,0,0,1,1,1,1,1,7,2,3,0,0,0,0,0,1,1,5
3,1,1,0,18,0,1,1,0,0,0,0,1,2,1,38,7,1598,1,8,1,1,2,458954,451257,12,2,1,4,189,3,59,6,30,3,4,6,5710,0,0,1,1,2,0,0,1,1,1,1,1,38,7,3,0,0,0,0,0,1,1,9
3,1,19,0,9,0,6,0,0,0,0,1,1,1,1,26,6,2198,2,6,1,1,2,527080,189790,1,2,1,2,30,3,1000,6,30,3,4,6,0,0,0,1,2,2,0,0,1,1,1,1,1,33,6,3,0,0,0,0,0,9,1,5
3,1,90,0,18,0,8,0,0,0,0,1,1,1,1,27,6,1598,1,8,1,2,2,267854,199517,62,2,2,2,745,3,4067,3,40,1,2,4,4603,0,0,1,1,1,0,0,2,1,3,2,1,37,7,3,0,0,0,0,0,90,1,5
3,2,8,0,18,0,8,0,0,0,0,3,1,6,1,54,8,1798,8,2,1,5,2,529810,184980,1,2,5,2,3,3,503,6,30,6,2,3,5200,0,5,1,1,1,0,0,1,1,4,2,2,6,2,3,0,0,2,0,0,8,1,5
3,1,9,0,1,0,0,0,0,0,0,2,1,1,1,61,9,1598,1,6,2,1,2,340732,672698,95,2,1,7,921,3,199,6,30,0,4,6,0,0,0,1,1,1,0,0,1,2,1,1,1,33,6,3,0,0,0,0,0,9,1,5
3,3,9,0,2,0,0,0,0,0,0,2,1,6,1,62,9,1598,1,8,1,1,4,332560,436530,4,4,1,5,71,4,5266,6,30,0,4,6,0,0,0,1,1,2,0,0,1,1,1,1,1,33,6,3,0,0,0,0,0,9,1,5
3,1,9,0,18,0,1,1,0,1,11,1,1,6,1,19,4,1598,1,8,1,1,2,559114,99162,47,2,1,4,551,3,259,6,30,3,4,6,0,0,0,1,1,1,0,0,1,1,1,1,1,19,4,3,0,0,0,0,0,9,1,5
3,1,9,0,12,0,0,0,0,0,0,0,1,6,3,38,7,1598,1,8,1,1,2,443410,423360,13,2,1,3,206,1,62,3,70,0,4,6,0,0,0,1,1,1,0,0,2,1,1,1,1,33,6,3,0,0,0,0,0,9,1,5
3,2,1,0,18,0,8,0,0,0,0,1,1,2,1,38,7,1598,1,8,1,1,2,537050,182750,1,2,1,5,5,3,11,6,30,3,4,6,0,0,0,1,1,1,0,0,1,1,1,1,1,38,7,3,0,0,0,0,0,1,1,4
3,1,9,0,18,0,8,0,0,0,0,1,1,2,2,33,6,1598,2,5,1,1,2,394771,268469,22,2,1,3,270,3,38,6,30,6,2,4,4091,0,0,1,1,1,0,0,1,1,1,1,2,33,6,3,0,0,0,0,0,9,1,10
2,2,9,0,9,0,1,0,0,0,0,3,1,6,1,26,6,1242,1,5,1,1,3,384984,343946,21,3,1,5,253,3,519,6,40,3,4,6,72,0,0,1,1,1,0,0,1,1,1,1,1,33,6,3,0,0,0,0,0,9,1,5
3,2,9,0,18,0,8,0,10,3,2,1,1,6,1,29,6,1995,2,10,1,1,2,525650,174630,1,2,1,1,10,3,3,2,30,3,2,3,217,0,5,1,1,1,0,0,1,1,1,1,1,29,6,3,0,0,0,0,0,9,1,6
3,2,9,0,18,0,0,0,0,0,0,2,1,6,1,52,8,1986,2,8,2,1,2,505673,314450,32,2,1,4,355,3,6121,6,60,0,4,6,0,0,0,1,1,2,0,0,2,1,1,1,1,33,6,3,0,0,0,0,0,9,1,5
3,1,9,0,9,0,4,0,0,0,0,1,1,6,1,51,8,999,1,1,3,1,2,390508,216835,53,2,1,5,625,3,46,1,40,1,4,3,417,0,0,1,2,2,0,0,2,1,1,1,1,33,6,3,0,0,0,0,0,9,1,5
3,1,9,0,18,0,0,1,0,0,0,1,1,6,2,40,7,1997,2,11,3,2,2,330380,550110,3,2,2,2,60,6,0,6,60,0,4,6,0,0,0,1,2,2,0,0,2,1,1,1,2,40,7,3,0,0,0,0,0,9,3,6
3,1,9,0,18,0,1,0,0,0,0,4,1,6,1,39,7,2720,2,10,1,3,2,387806,350878,21,2,3,4,257,6,0,6,30,6,4,6,0,0,0,1,2,2,0,0,1,2,3,2,2,15,3,3,0,0,0,0,0,9,1,2