accident_severity,vehicle_reference,vehicle_type,towing_and_articulation,vehicle_manoeuvre,vehicle_location-restricted_lane,junction_location,skidding_and_overturning,hit_object_in_carriageway,vehicle_leaving_carriageway,hit_object_off_carriageway,1st_point_of_impact,was_vehicle_left_hand_drive?,journey_purpose_of_driver,sex_of_driver,age_of_driver,age_band_of_driver,engine_capacity_(cc),propulsion_code,age_of_vehicle,driver_home_area_type,NUmber_of_Casualities_unique_to_accident_index,No_of_Vehicles_involved_unique_to_accident_index,location_easting_osgr,location_northing_osgr,police_force,number_of_vehicles,number_of_casualties,day_of_week,local_authority_(district),1st_road_class,1st_road_number,road_type,speed_limit,junction_detail,junction_control,2nd_road_class,2nd_road_number,pedestrian_crossing-human_control,pedestrian_crossing-physical_facilities,light_conditions,weather_conditions,road_surface_conditions,special_conditions_at_site,carriageway_hazards,urban_or_rural_area,did_police_officer_attend_scene_of_accident,casualty_reference,casualty_class,sex_of_casualty,age_of_casualty,age_band_of_casualty,casualty_severity,pedestrian_location,pedestrian_movement,car_passenger,bus_or_coach_passenger,pedestrian_road_maintenance_worker,casualty_type,casualty_home_area_type,casualty_imd_decile
3,2,9,0,18,0,0,0,0,0,0,3,1,2,2,46,8,1198,1,8,2,1,2,338609,674468,95,2,1,2,921,4,1348,6,30,0,4,6,0,2,5,1,2,2,0,0,2,3,1,1,2,46,8,3,0,0,0,0,0,9,2,5
3,3,9,0,3,0,8,0,0,0,0,2,1,6,1,39,7,1997,2,1,1,3,3,459310,403062,14,3,3,7,211,3,18,3,40,3,2,6,0,0,0,1,1,1,0,0,1,1,2,1,1,39,7,3,0,0,0,0,0,9,1,1
3,3,5,0,18,0,0,0,0,0,0,1,1,2,1,42,7,1170,1,4,1,2,3,572108,167401,46,3,2,3,544,1,2,3,70,0,4,6,0,0,0,1,1,1,0,0,2,1,1,1,1,42,7,3,0,0,0,0,0,5,1,6
2,2,9,0,16,0,0,0,0,1,0,1,1,6,1,69,10,1870,2,17,1,2,2,577651,192481,42,2,2,6,459,3,129,6,60,0,4,6,0,0,0,6,1,1,0,0,2,1,1,1,1,69,10,2,0,0,0,0,0,9,1,7
2,1,9,0,9,0,6,0,10,7,10,3,1,6,1,71,10,1390,1,6,1,3,2,346780,420770,4,2,3,3,73,4,5247,6,60,3,4,4,5248,0,0,1,1,1,0,0,2,1,1,1,1,71,10,2,0,0,0,0,0,9,1,7
2,1,9,0,18,0,0,0,0,0,0,4,1,6,3,38,7,1598,1,8,1,1,2,316003,184215,62,2,1,2,741,3,469,6,40,0,4,6,0,0,0,1,1,2,0,0,2,1,1,1,1,33,6,3,0,0,0,0,0,9,1,5
3,1,9,0,7,0,1,0,0,0,0,4,1,6,2,22,5,1598,1,8,1,2,2,312744,175998,62,2,2,3,741,6,0,6,30,8,4,6,0,0,0,1,1,1,0,0,1,1,1,1,2,22,5,3,0,0,0,0,0,9,1,5
3,2,9,0,3,0,0,0,0,0,0,2,1,6,2,51,8,1360,1,9,1,1,3,456544,404010,14,3,1,2,211,6,0,6,30,0,4,6,0,0,0,4,1,1,0,0,1,1,1,1,2,51,8,3,0,0,0,0,0,9,1,6
3,2,9,0,16,0,0,0,0,0,0,3,1,6,1,40,7,1242,1,15,1,1,2,536100,191870,1,2,1,2,32,6,0,6,30,0,4,6,0,0,0,1,2,2,0,0,1,1,1,1,1,33,6,3,0,0,0,0,0,9,1,5
2,2,9,0,18,0,0,0,0,0,0,1,1,6,2,61,9,1598,1,2,1,6,3,387240,438940,4,3,6,7,77,3,682,6,30,0,4,6,0,0,0,1,1,1,0,0,1,1,5,2,1,35,6,3,0,0,2,0,0,9,1,3
2,1,9,0,18,0,0,1,0,0,0,4,1,1,1,46,8,2143,2,5,1,2,1,528900,153657,45,1,2,3,513,1,25,3,70,0,4,6,0,0,0,4,2,2,0,0,1,1,1,1,1,46,8,2,0,0,0,0,0,9,1,5
3,2,9,0,9,0,8,0,0,0,0,1,1,6,1,85,11,1590,1,12,1,1,2,528916,137115,47,2,1,2,560,3,2220,6,30,3,2,6,0,0,5,1,1,1,0,0,1,1,1,2,2,84,11,3,0,0,1,0,0,9,1,9
3,3,9,0,10,0,8,0,0,0,0,2,1,6,1,38,7,1299,1,15,1,1,3,406940,283700,20,3,1,5,300,6,0,6,30,8,4,6,0,0,0,1,9,1,0,0,1,2,1,1,1,33,6,3,0,0,0,0,0,9,1,5
3,2,9,0,18,0,8,0,0,0,0,4,1,6,1,26,6,1598,1,8,1,2,2,388930,401080,6,2,2,6,104,3,62,6,30,3,4,6,0,0,0,1,1,1,0,0,1,1,2,1,1,26,6,3,0,0,0,0,0,9,1,5
3,1,9,0,14,0,0,0,0,0,0,3,1,6,1,27,6,1598,1,6,1,1,3,519500,296990,35,3,1,5,394,3,1129,6,30,0,4,6,0,0,0,1,1,1,0,0,1,1,1,2,1,25,5,3,0,0,1,0,0,9,1,4
2,2,9,0,2,0,0,0,0,0,0,2,1,6,1,60,9,1364,1,1,3,1,2,557830,250810,35,2,1,4,395,5,236,6,30,0,4,6,0,0,0,1,4,1,0,0,2,1,1,1,1,33,6,3,0,0,0,0,0,9,1,5
3,1,9,0,9,0,5,0,0,7,0,4,1,6,1,65,9,1998,2,12,1,2,2,406317,91576,55,2,2,5,643,5,1,6,30,8,4,6,0,0,0,1,1,1,0,0,1,1,1,1,1,65,9,3,0,0,0,0,0,9,1,6
3,1,9,0,16,0,0,5,10,8,3,1,1,6,1,40,7,1796,1,13,3,1,2,253030,686684,96,2,1,7,939,3,875,6,60,0,4,6,0,0,0,6,2,2,0,0,2,1,1,1,1,40,7,3,0,0,0,0,0,9,3,5
3,1,8,0,7,0,8,0,0,0,0,4,1,1,1,60,9,1598,1,8,1,1,1,488125,288566,34,1,1,7,380,5,171,6,20,9,4,6,0,0,1,1,1,1,0,0,1,1,1,3,1,2,1,3,5,1,0,0,0,0,1,5
3,4,19,0,18,0,0,0,0,0,0,3,1,1,1,55,8,1870,2,12,1,4,4,339308,391407,5,4,4,6,91,6,0,6,30,0,4,6,0,0,0,1,1,1,0,0,1,1,1,1,1,33,6,3,0,0,0,0,0,9,1,5
3,4,9,0,2,0,2,0,0,0,0,4,1,6,2,31,6,998,1,5,1,2,6,431654,266399,23,6,2,4,294,6,0,6,30,6,4,6,0,0,0,1,1,1,0,0,1,1,1,1,1,33,6,3,0,0,0,0,0,9,1,5
3,3,9,0,2,0,0,0,0,0,0,0,1,1,1,48,8,1598,1,3,3,1,3,484905,342906,32,3,1,4,355,3,1,3,70,0,4,6,0,0,0,1,1,1,0,0,2,1,1,1,1,33,6,3,0,0,0,0,0,9,1,5
3,2,9,0,18,0,1,0,0,0,0,1,1,6,1,37,7,1762,1,15,1,1,2,529170,191900,1,2,1,7,32,3,406,6,30,6,2,3,109,0,5,4,1,1,0,0,1,1,1,2,2,2,1,3,0,0,1,0,0,9,1,8
3,1,3,0,18,0,8,1,0,0,0,4,1,2,1,22,5,124,1,8,1,1,2,416991,184146,54,2,1,1,633,6,0,6,20,3,4,6,0,0,0,1,1,1,0,0,1,1,1,1,1,22,5,3,0,0,0,0,0,3,1,2
3,2,9,0,4,0,0,0,0,0,0,2,1,6,1,53,8,1388,1,7,1,1,3,557500,188720,1,3,1,7,15,3,127,3,50,0,4,6,0,0,0,1,1,1,0,0,2,1,1,1,1,33,6,3,0,0,0,0,0,9,1,5
3,1,1,0,18,0,8,0,0,0,0,1,1,6,1,27,6,1598,1,8,1,1,2,536870,187510,1,2,1,1,13,3,104,6,30,8,4,6,0,0,0,1,1,1,0,0,1,2,1,1,1,27,6,3,0,0,0,0,0,1,1,5
2,1,8,0,18,0,0,0,0,0,0,3,1,1,1,31,6,1598,2,5,1,1,3,398469,356472,21,3,1,7,256,6,287,2,30,0,4,6,0,0,0,1,1,1,0,0,1,1,1,3,1,69,10,2,6,9,0,0,0,0,2,7
3,1,9,0,18,0,0,0,10,1,4,1,1,6,1,19,4,1598,1,8,3,1,1,480716,397169,16,1,1,1,232,6,0,6,60,0,4,6,0,0,0,6,1,1,0,0,2,2,1,1,1,19,4,3,0,0,0,0,0,9,3,6
3,2,9,0,9,0,8,0,0,0,0,1,1,3,2,32,6,1598,1,7,1,1,2,455300,107006,44,2,1,5,492,6,0,6,30,3,4,6,0,0,0,4,1,1,0,0,1,1,1,1,1,33,6,3,0,0,0,0,0,9,1,5
2,2,4,0,18,0,1,1,0,0,0,0,1,6,1,36,7,1598,1,8,1,1,2,332935,349609,60,2,1,7,725,6,0,6,30,9,4,6,0,0,0,4,1,1,0,0,1,1,1,2,2,33,6,2,0,0,2,0,0,4,1,5
2,2,21,1,17,0,0,0,0,0,0,3,1,1,1,50,8,10837,2,2,1,1,3,517168,392560,32,3,1,4,356,4,1225,6,60,0,4,6,0,0,0,6,1,1,0,0,2,1,1,1,1,33,6,3,0,0,0,0,0,9,1,5
3,3,9,0,18,0,0,1,0,0,0,2,1,6,2,36,7,2290,1,14,3,1,3,597850,124480,46,3,1,2,539,6,0,6,60,0,4,6,0,0,0,1,1,1,0,0,2,1,1,1,2,36,7,3,0,0,0,0,0,9,3,3
3,1,20,0,13,0,0,0,0,0,0,4,1,1,1,49,8,4580,2,8,1,1,3,401110,313871,21,3,1,5,250,3,460,6,60,0,4,6,0,0,0,6,4,1,0,0,2,1,1,1,1,33,6,3,0,0,0,0,0,9,1,5
3,1,9,0,12,0,0,0,0,0,0,0,1,6,3,38,7,2204,2,9,1,1,4,374890,399520,6,4,1,1,107,1,60,3,70,0,4,6,0,0,0,1,1,1,0,0,1,1,1,1,1,33,6,3,0,0,0,0,0,9,1,5
3,1,11,0,4,0,0,0,0,0,0,4,1,1,3,38,7,1598,1,8,1,1,1,333948,390337,5,1,1,5,91,6,0,6,30,0,4,6,0,0,0,1,1,1,0,0,1,2,1,3,1,29,6,3,10,9,0,0,0,0,1,6
3,1,9,0,5,0,2,0,0,0,0,1,1,6,3,38,7,1598,1,8,1,1,2,428050,564453,10,2,1,7,147,4,1313,6,30,3,4,6,1094,0,0,1,1,1,0,0,1,1,1,1,1,33,6,3,0,0,0,0,0,9,1,5
3,1,9,0,9,0,6,0,0,0,0,0,1,6,3,38,7,1598,1,8,1,3,3,348630,559830,3,3,3,5,62,3,689,6,60,3,4,6,0,0,0,1,1,1,0,0,2,1,1,1,1,33,6,3,0,0,0,0,0,9,1,5
3,2,9,0,14,0,1,0,0,0,0,4,1,6,1,33,6,1798,1,11,3,1,2,500159,139419,45,2,1,7,517,4,2130,6,30,3,4,6,0,0,0,1,1,1,0,0,2,2,1,1,1,33,6,3,0,0,0,0,0,9,1,5
3,2,9,0,18,0,1,1,0,0,0,1,1,6,2,46,8,1598,1,8,2,1,4,380120,276440,22,4,1,3,278,4,4190,6,60,9,4,6,0,0,0,1,2,2,0,0,2,1,1,1,1,33,6,3,0,0,0,0,0,9,1,5
2,2,9,0,18,0,8,0,0,1,0,1,1,2,2,35,6,2493,8,1,1,2,2,517490,178140,1,2,2,3,25,3,4,6,30,6,2,4,452,0,5,1,1,1,0,0,1,1,2,2,1,55,8,2,0,0,2,0,0,9,1,6
2,1,9,0,18,0,8,0,0,0,0,3,1,6,3,38,7,1598,1,8,1,1,2,622507,309260,36,2,1,4,404,3,147,1,30,1,4,6,0,0,8,1,1,2,0,0,1,1,1,1,1,33,6,3,0,0,0,0,0,9,1,5
3,1,9,0,18,0,0,0,0,0,0,1,1,6,2,41,7,2179,2,8,2,1,2,363022,372847,7,2,1,5,130,4,5153,6,30,0,4,6,0,0,0,1,1,1,0,0,1,2,1,1,1,33,6,3,0,0,0,0,0,9,1,5
3,2,19,0,4,0,1,0,0,0,0,2,1,1,1,30,6,1598,2,1,1,1,2,578810,166692,46,2,1,2,544,3,2,3,40,1,4,3,289,0,0,1,1,1,0,0,2,1,1,1,1,30,6,3,0,0,0,0,0,19,1,5
3,4,8,0,4,0,1,0,0,0,0,2,1,1,1,40,7,2402,2,9,1,1,4,457793,339509,31,4,1,2,346,3,6008,6,30,1,2,3,60,0,5,1,1,1,0,0,1,1,1,1,1,33,6,3,0,0,0,0,0,9,1,5
1,2,9,0,18,0,8,2,10,1,1,3,1,6,2,44,7,2268,2,4,1,4,2,401300,293470,20,2,4,4,305,6,0,6,30,6,4,6,0,0,0,1,1,1,0,0,1,1,2,1,2,44,7,2,0,0,0,0,0,9,1,5
3,1,4,0,17,0,0,1,0,0,0,0,1,6,2,28,6,124,1,12,1,1,1,450528,189593,43,1,1,2,484,4,4493,6,30,0,4,6,0,0,0,6,8,2,0,0,2,1,1,1,2,28,6,3,0,0,0,0,0,4,1,5
3,2,19,0,3,0,1,0,0,0,0,2,1,1,1,55,8,2402,2,4,1,2,2,362400,333430,22,2,2,6,286,3,41,6,60,3,4,6,0,0,0,1,1,1,0,0,2,1,2,1,1,55,8,3,0,0,0,0,0,19,1,4
3,1,9,0,1,0,0,0,0,0,0,2,1,6,1,36,7,1998,2,16,1,2,4,424202,324780,21,4,2,2,251,6,8,6,30,0,4,6,0,0,0,7,1,1,0,0,1,1,1,1,1,33,6,3,0,0,0,0,0,9,1,5
3,2,9,0,9,0,8,0,0,0,0,1,1,6,2,50,8,1598,1,8,1,1,2,531270,177460,1,2,1,6,9,3,23,6,30,3,4,6,0,0,5,1,1,1,0,0,1,1,1,1,1,33,6,3,0,0,0,0,0,9,1,5
3,1,9,0,17,0,8,0,0,0,0,1,1,6,2,54,8,1598,1,13,1,1,2,539530,190360,1,2,1,5,14,6,0,6,30,9,4,6,0,0,0,1,1,1,0,0,1,1,1,1,1,33,6,3,0,0,0,0,0,9,1,5
3,1,9,0,18,0,0,0,0,0,0,1,1,6,2,23,5,1596,1,9,1,1,1,521640,190560,1,1,1,6,30,6,0,6,30,0,4,6,0,0,0,1,1,1,0,0,1,1,1,3,1,23,5,3,10,9,0,0,2,0,1,2
3,1,9,0,18,0,0,0,0,5,0,2,1,5,1,58,9,1390,1,5,1,1,2,398811,288312,20,2,1,3,305,1,5,3,70,0,4,6,0,0,0,4,9,1,0,0,1,2,1,1,1,58,9,3,0,0,0,0,0,9,1,2
3,2,9,0,18,0,0,0,0,0,0,1,1,1,1,43,7,1390,1,5,1,1,2,374659,352432,7,2,1,6,129,3,500,6,60,0,4,6,0,0,0,1,2,2,0,0,2,1,1,1,1,33,6,3,0,0,0,0,0,9,1,5
3,1,9,0,18,0,0,0,0,0,0,1,1,6,2,72,10,1596,1,6,3,4,3,180766,44761,50,3,4,5,596,3,390,6,30,0,4,6,0,0,0,1,1,1,0,0,1,1,1,1,1,33,6,3,0,0,0,0,0,9,1,5
3,2,9,0,18,0,0,0,0,0,0,2,1,6,1,38,7,1598,1,8,1,1,2,529970,175650,1,2,1,2,9,3,3,6,30,0,4,6,0,0,0,1,1,1,0,0,1,1,1,1,1,33,6,3,0,0,0,0,0,9,1,5
3,2,9,0,4,0,0,0,0,0,0,2,1,6,2,32,6,1685,2,1,2,5,3,533440,267270,35,3,5,2,395,3,14,3,70,0,4,6,0,0,0,1,1,1,0,0,2,1,3,1,2,32,6,3,0,0,0,0,0,9,2,10
3,1,9,0,18,0,0,0,0,0,0,2,1,6,1,36,7,1598,1,8,1,2,2,452176,515036,17,2,2,6,243,3,172,6,30,0,4,6,0,0,0,1,1,1,0,0,1,1,1,1,1,36,7,3,0,0,0,0,0,9,1,8
3,1,9,0,18,0,0,0,0,0,0,1,1,1,1,38,7,1598,1,8,1,1,1,430344,433430,13,1,1,5,204,6,0,6,30,0,4,6,0,0,4,1,1,1,0,0,1,2,1,3,2,28,6,3,5,1,0,0,0,0,1,5
3,1,9,0,18,0,0,0,0,0,0,1,1,2,2,20,4,1198,1,5,1,1,2,522209,162188,45,2,1,2,38,3,24,3,40,0,4,6,0,0,0,1,1,1,0,0,1,1,1,1,1,33,6,3,0,0,0,0,0,9,1,5
3,1,9,0,9,0,8,0,0,0,0,1,1,6,1,36,7,1896,2,14,1,1,2,507017,223171,40,2,1,4,421,6,0,6,30,3,4,6,0,0,0,1,1,1,0,0,1,1,1,1,1,33,6,3,0,0,0,0,0,9,1,5
2,2,9,0,4,0,0,2,0,1,9,1,1,6,2,44,7,1997,1,16,3,2,2,560429,318263,36,2,2,5,407,3,47,6,60,0,4,6,0,0,0,1,1,1,0,0,2,1,2,2,2,73,10,3,0,0,2,0,0,9,1,5
3,1,9,0,4,0,8,0,0,0,0,2,1,6,1,44,7,1956,2,8,1,6,3,531460,161790,1,3,6,6,20,3,235,6,30,3,2,6,0,0,5,1,1,1,0,0,1,1,3,2,2,28,6,3,0,0,1,0,0,9,1,4
3,1,19,0,9,0,6,1,0,0,0,3,1,1,1,20,4,1598,2,8,1,2,2,446370,373910,30,2,2,2,321,4,6419,6,60,3,4,6,0,0,0,1,5,5,0,0,2,1,1,1,1,20,4,3,0,0,0,0,0,19,1,6
3,1,8,0,18,0,0,1,0,0,0,1,1,1,1,38,7,2362,1,9,1,1,1,403900,287560,20,1,1,6,300,6,0,6,30,0,4,6,0,0,0,1,1,1,0,0,1,2,1,3,2,25,5,3,9,5,0,0,0,0,1,2
2,1,9,0,18,0,0,0,0,0,0,1,1,6,1,21,5,1596,1,1,1,1,1,394619,809435,92,1,1,7,910,3,956,3,30,0,4,6,0,0,0,4,1,1,0,0,2,1,1,3,1,34,6,2,5,1,0,0,0,0,1,5
3,2,90,0,3,0,1,0,0,0,0,3,1,1,1,31,6,1598,1,8,1,2,2,419848,441185,13,2,2,1,204,6,0,6,30,3,2,3,65,0,0,1,1,1,0,0,1,1,1,1,1,31,6,3,0,0,0,0,0,90,1,5
3,2,19,0,7,0,1,0,0,0,0,3,1,6,3,38,7,2198,2,1,1,1,2,528950,174530,1,2,1,5,9,3,24,6,30,3,4,6,0,0,0,4,1,1,0,0,1,2,1,1,1,33,6,3,0,0,0,0,0,9,1,5
2,1,21,0,18,0,0,5,0,0,0,1,1,1,1,58,9,11967,2,4,3,1,2,546480,262120,35,2,1,1,395,3,14,3,70,0,4,6,0,0,0,6,7,1,0,0,1,1,1,1,1,58,9,2,0,0,0,0,0,21,3,4
3,2,21,1,18,0,0,0,0,0,0,3,2,1,1,38,7,1598,1,8,1,1,2,358705,381544,7,2,1,6,128,1,56,3,70,0,4,6,0,0,0,1,1,1,0,0,2,1,1,1,1,33,6,3,0,0,0,0,0,9,1,5
3,2,90,0,13,0,1,0,0,0,0,1,1,1,1,40,7,7142,2,7,1,2,2,550297,197377,42,2,2,6,456,3,113,6,60,1,4,4,175,0,0,1,1,1,0,0,2,1,2,2,1,32,6,3,0,0,0,0,0,90,1,5
3,2,9,0,7,0,5,0,0,0,0,2,1,2,1,55,8,1910,2,7,1,2,3,424175,323404,21,3,2,6,251,3,5121,2,30,8,4,6,0,0,5,1,1,1,0,0,1,2,1,1,1,55,8,3,0,0,0,0,0,9,1,2
3,1,9,0,18,0,0,0,0,0,0,1,1,1,1,41,7,1753,2,16,1,2,2,337840,155680,52,2,2,1,605,1,5,3,70,0,4,6,0,0,0,1,1,2,0,0,2,1,1,2,2,74,10,3,0,0,1,0,0,9,1,3
3,1,9,0,16,0,0,0,0,0,0,1,1,1,2,31,6,1686,2,2,1,1,2,263194,51875,50,2,1,2,584,3,379,6,60,0,4,6,0,0,0,1,1,1,0,0,2,1,1,1,1,33,6,3,0,0,0,0,0,9,1,5
3,2,9,0,2,0,0,0,0,0,0,1,1,6,3,38,7,1360,1,8,1,1,4,575137,166978,46,4,1,2,544,6,0,6,30,0,4,6,0,0,0,1,1,1,0,0,1,1,1,1,1,33,6,3,0,0,0,0,0,9,1,5
2,2,9,0,10,0,1,0,0,0,0,0,1,6,2,69,10,2993,2,1,1,2,2,432150,359510,30,2,2,4,329,3,615,6,30,3,4,6,0,0,0,1,1,1,0,0,2,1,2,1,2,69,10,3,0,0,0,0,0,9,1,7
3,1,3,0,17,0,0,1,0,1,0,4,1,6,1,19,4,124,1,3,3,1,1,489470,311255,33,1,1,1,368,5,8323,6,60,0,4,6,0,0,0,6,1,2,7,0,2,1,1,1,1,19,4,3,0,0,0,0,0,3,3,8
3,1,9,0,7,0,6,0,0,0,0,3,1,2,1,22,5,1598,1,10,1,1,2,514994,105114,47,2,1,5,564,3,27,6,40,3,4,6,0,0,0,1,1,1,0,0,1,1,1,1,1,22,5,3,0,0,0,0,0,9,1,10
3,2,9,0,18,0,8,0,0,0,0,4,1,6,1,38,7,1590,1,15,1,1,2,503989,250597,40,2,1,6,420,3,5141,6,30,6,3,6,0,0,0,1,1,1,0,0,1,1,1,1,1,38,7,3,0,0,0,0,0,9,1,4
3,1,9,0,18,0,1,0,0,0,0,1,1,6,1,38,7,1149,1,7,1,1,2,437863,553886,10,2,1,1,150,6,5099,6,30,3,4,6,5099,0,0,1,1,2,0,0,1,2,1,1,1,33,6,3,0,0,0,0,0,9,1,5
3,1,9,0,9,0,6,0,0,0,0,3,1,5,1,29,6,2488,2,10,1,2,2,543759,196816,42,2,2,1,456,3,1168,6,30,3,4,6,0,0,0,1,1,1,0,0,1,2,1,1,1,33,6,3,0,0,0,0,0,9,1,5
3,2,9,0,18,0,1,0,0,0,0,1,1,6,1,89,11,1242,1,13,1,2,2,508272,348550,32,2,2,6,353,3,153,6,60,3,4,5,351,0,0,1,1,1,0,0,2,1,2,2,2,88,11,3,0,0,1,0,0,9,1,5
3,2,9,0,4,0,0,0,0,0,0,2,1,1,2,44,7,1798,1,5,1,1,2,587251,190624,42,2,1,3,459,6,0,6,30,0,4,6,0,0,4,1,1,2,0,0,1,1,1,1,2,44,7,3,0,0,0,0,0,9,1,8
3,1,9,0,9,0,8,0,0,0,0,1,1,2,1,26,6,1598,1,8,1,3,2,575008,169775,46,2,3,4,544,6,0,6,30,3,4,6,0,0,0,1,1,1,0,0,2,1,1,1,1,26,6,3,0,0,0,0,0,9,1,3
2,1,9,0,18,0,8,2,0,7,10,1,1,6,1,53,8,998,1,7,3,1,1,397330,404490,6,1,1,2,104,3,669,6,40,6,4,5,0,0,0,4,1,1,0,0,1,1,1,1,1,53,8,2,0,0,0,0,0,9,3,9
3,2,1,0,18,0,0,1,10,1,10,1,1,6,1,29,6,1598,1,8,1,1,2,473983,172217,43,2,1,4,472,6,7201,6,30,0,4,6,0,0,0,4,1,1,0,0,1,1,1,1,1,29,6,3,0,0,0,0,0,1,1,5
3,1,9,0,16,0,0,0,0,0,0,1,1,6,1,18,4,1596,1,6,1,1,2,451082,532323,17,2,1,5,240,5,157,6,30,0,4,6,0,0,0,5,1,1,0,0,1,1,1,1,1,18,4,3,0,0,0,0,0,9,1,5
3,2,9,0,9,0,5,0,0,0,0,3,1,6,1,71,10,2969,2,11,3,3,2,442878,430634,13,2,3,7,204,3,656,6,50,3,4,6,0,0,0,1,1,2,0,0,2,1,3,2,2,66,10,3,0,0,1,0,0,9,3,6
3,1,9,0,18,0,0,0,0,0,0,1,1,3,2,42,7,1896,2,11,3,3,3,254509,94248,50,3,3,5,589,3,3079,6,60,0,4,6,0,0,0,1,1,2,0,7,2,1,1,1,2,42,7,3,0,0,0,0,0,9,3,4
3,3,9,0,2,0,0,0,0,0,0,1,1,6,2,50,8,1991,2,7,3,1,4,382276,147858,54,4,1,1,635,3,3098,6,30,0,4,6,0,0,0,4,1,1,0,7,2,1,1,1,1,33,6,3,0,0,0,0,0,9,1,5
3,3,9,0,18,0,0,0,0,0,0,0,1,6,3,38,7,1598,1,8,1,2,3,439000,466278,12,3,2,6,182,2,1,3,70,0,4,6,0,0,0,1,1,1,0,0,2,1,1,1,1,33,6,3,0,0,0,0,0,9,1,5
3,1,9,0,9,0,2,0,0,0,0,4,1,6,1,40,7,1149,1,9,1,1,2,523766,155881,45,2,1,2,513,4,2032,6,40,9,4,6,0,0,0,1,1,1,0,0,1,1,1,1,1,33,6,3,0,0,0,0,0,9,1,5
3,1,9,0,18,0,0,0,0,0,0,3,1,1,2,28,6,1598,1,8,1,1,1,400810,300380,20,1,1,6,307,4,4210,6,30,0,4,6,0,0,0,4,4,2,0,0,1,1,1,3,1,19,4,3,8,3,0,0,0,0,1,3
3,1,9,0,16,0,0,1,0,1,4,1,1,1,1,20,4,1800,1,20,1,2,1,503486,160875,45,1,2,4,518,3,245,6,30,0,4,6,0,0,0,4,8,2,0,0,1,1,1,1,1,20,4,3,0,0,0,0,0,9,1,5
3,1,9,0,18,0,1,0,0,0,0,1,1,6,1,33,6,1598,2,1,3,1,3,331986,697138,94,3,1,1,925,3,915,6,60,3,4,6,0,0,0,1,1,2,0,0,2,1,1,1,1,33,6,3,0,0,0,0,0,9,1,5
3,1,9,0,7,0,8,0,0,0,0,4,1,6,1,57,9,1596,1,9,1,1,2,533400,175440,1,2,1,2,8,3,2216,6,30,3,4,6,0,0,0,1,2,2,0,0,1,1,1,1,1,33,6,3,0,0,0,0,0,9,1,5
3,2,9,0,18,0,8,0,0,0,0,1,1,6,1,47,8,1598,1,11,1,1,2,393640,398840,6,2,1,4,110,3,627,6,30,3,4,6,0,0,0,1,1,1,0,0,1,1,1,1,1,47,8,3,0,0,0,0,0,9,1,1
3,2,9,0,13,0,0,0,0,0,0,4,1,6,1,33,6,1796,1,12,1,1,2,529531,409851,16,2,1,6,233,6,0,6,30,0,4,6,0,0,0,1,1,1,0,0,1,2,1,1,1,33,6,3,0,0,0,0,0,9,1,5
3,2,9,0,17,0,8,0,0,0,0,1,1,6,2,36,7,1299,1,14,1,3,2,460077,346250,31,2,3,2,343,6,0,6,30,3,4,6,0,0,0,4,2,2,0,0,1,1,3,2,2,35,6,3,0,0,2,0,0,9,1,4
3,1,9,0,18,0,1,0,0,0,0,1,1,3,2,40,7,1598,1,8,3,1,1,457214,398823,14,1,1,6,211,3,60,6,60,3,4,6,0,0,0,1,1,1,0,0,2,1,1,3,2,14,3,3,5,1,0,0,0,0,3,5
3,2,9,0,9,0,5,0,0,0,0,4,1,3,2,21,5,998,1,11,1,1,2,352240,240960,22,2,1,2,285,3,465,6,30,3,4,6,0,0,0,1,1,1,0,0,1,1,1,1,1,33,6,3,0,0,0,0,0,9,1,5
3,1,9,0,18,0,8,0,0,0,0,1,1,1,1,54,8,998,1,5,1,1,2,258906,668250,97,2,1,6,926,4,808,6,30,7,2,3,879,0,5,1,1,1,0,0,1,1,1,1,1,54,8,3,0,0,0,0,0,9,1,5
3,1,9,0,18,0,0,0,0,1,4,1,1,6,2,20,4,1198,1,3,1,1,1,488788,167423,43,1,1,5,470,4,3430,6,40,0,4,6,0,0,0,1,1,2,0,0,1,1,1,1,2,20,4,3,0,0,0,0,0,9,1,10
3,2,9,0,18,0,8,0,0,0,0,4,1,1,1,34,6,1598,1,8,1,1,2,450778,274895,23,2,1,5,292,3,428,6,30,8,4,6,0,0,0,4,1,2,0,0,1,1,1,1,1,34,6,3,0,0,0,0,0,9,1,3
3,2,9,0,18,0,8,0,0,0,0,1,1,6,2,68,10,1598,1,8,1,1,3,398335,308372,21,3,1,5,250,3,5,6,30,6,2,6,26,0,0,4,2,2,0,0,1,1,1,1,2,68,10,3,0,0,0,0,0,9,1,8
3,1,9,0,1,0,0,0,4,0,0,2,1,6,1,38,7,1390,1,15,1,1,3,411560,283770,20,3,1,5,300,6,0,6,30,0,4,6,0,0,0,1,1,1,0,0,1,1,1,3,1,33,6,3,6,9,0,0,0,0,1,5
3,2,9,0,10,0,5,0,0,0,0,2,1,6,1,57,9,1598,1,8,3,1,2,243730,225640,63,2,1,3,751,3,485,6,30,8,4,6,0,0,0,1,2,2,0,0,2,2,1,1,1,57,9,3,0,0,0,0,0,9,3,5
3,2,9,0,4,0,0,0,0,0,0,0,1,6,1,19,4,1199,1,14,1,3,2,245283,55028,50,2,3,7,583,3,374,6,30,0,4,6,0,0,0,1,1,1,0,0,1,1,2,2,1,19,4,3,0,0,1,0,0,9,1,2